sample_id,subject_id,mean_heldout_q1_mse,mean_heldout_q1_mae,mean_heldout_q1_psnr,mean_heldout_q1_ssim_map_mean,mean_heldout_q1_pixels,mean_heldout_q1_max_absolute_error,single_heldout_q1_mse,single_heldout_q1_mae,single_heldout_q1_psnr,single_heldout_q1_ssim_map_mean,single_heldout_q1_pixels,single_heldout_q1_max_absolute_error,mean_heldout_q1_orientation_error,mean_heldout_q1_ridge_frequency_relative_mae,pairwise_diversity_mae,uncertainty_error_spearman
nist302-registered:00002304/00002304_1C_R_L01_BP_S22_1000PPI_8BPC_1CH_LP03-1_1,00002304,0.06007088984870675,0.23699084963273565,12.213359346662504,0.0185673785824169,436.0,0.37474268674850464,0.03780329108745186,0.1848105002160466,14.224703896098172,0.07292154869525855,436.0,0.3250887989997864,0.09864332507477702,"{'ridge_frequency_mae_cpx': nan, 'ridge_period_mae_pixels': nan, 'ridge_frequency_relative_mae': nan, 'ridge_frequency_windows': 0.0}",0.1621599536325641,-0.4722353453886287
nist302-registered:00002304/00002304_1F_R_L01_BP_S22_1000PPI_8BPC_1CH_LP03-1_1,00002304,0.01701426296422267,0.10509320340851738,17.691868592336974,0.4082863962299208,1461.0,0.35629695653915405,0.01959262768558314,0.11314992566862635,17.079073142441807,0.394173441603327,1461.0,0.37251561880111694,0.0978925213134182,"{'ridge_frequency_mae_cpx': 0.06640625, 'ridge_period_mae_pixels': 7.952684170827354, 'ridge_frequency_relative_mae': 0.6226851183416697, 'ridge_frequency_windows': 5.0}",0.17213229234076738,0.09119298411819002
nist302-registered:00002304/00002304_1F_R_L01_BP_S22_1000PPI_8BPC_1CH_LP06-1_1,00002304,0.06631506030509332,0.24778229261080065,11.783878311027989,0.40641517126438864,2664.0,0.5092249512672424,0.07152395955940898,0.23121142140156156,11.455484510465578,0.38902869236355014,2664.0,0.6548407971858978,0.5282455199552799,"{'ridge_frequency_mae_cpx': 0.0756578947368421, 'ridge_period_mae_pixels': 6.959128795925273, 'ridge_frequency_relative_mae': 0.46287529588422116, 'ridge_frequency_windows': 19.0}",0.22112191285768623,0.07853095049453457
nist302-registered:00002304/00002304_2A_X_L02_BP_S22_1000PPI_8BPC_1CH_LP08-1_1,00002304,0.06614837670091074,0.23185073919243948,11.794808090499828,0.0504469151580187,3190.0,0.4414786100387573,0.12217570854432887,0.3245378125517346,9.130151336503129,-0.0009794423808103094,3190.0,0.6497271060943604,0.41606571100591094,"{'ridge_frequency_mae_cpx': nan, 'ridge_period_mae_pixels': nan, 'ridge_frequency_relative_mae': nan, 'ridge_frequency_windows': 0.0}",0.2105091408170356,-0.5985003180886166
nist302-registered:00002304/00002304_5A_X_647_IN_D800_1000PPI_8BPC_1CH_LP04-1_1,00002304,0.018407594107971187,0.11520537119497862,17.350029705351876,0.5580744594775825,1741.0,0.3690454065799713,0.02522609730094962,0.13990860646788517,15.981499334604244,0.4868183361930417,1741.0,0.6054779589176178,0.3400427278546375,"{'ridge_frequency_mae_cpx': nan, 'ridge_period_mae_pixels': nan, 'ridge_frequency_relative_mae': nan, 'ridge_frequency_windows': 0.0}",0.22449889284993957,-0.2629837184300799
nist302-registered:00002304/00002304_5A_X_648_IN_D800_1000PPI_8BPC_1CH_LP04-1_1,00002304,0.06030014532638009,0.23814170746683325,12.196816411870643,0.20691861283981422,954.0,0.46748805046081543,0.06475656556976501,0.23739837753572804,11.887161925568954,0.2884476748732803,954.0,0.5194722414016724,0.3249570474589671,"{'ridge_frequency_mae_cpx': nan, 'ridge_period_mae_pixels': nan, 'ridge_frequency_relative_mae': nan, 'ridge_frequency_windows': 0.0}",0.20339011484614813,-0.4781385461101969
nist302-registered:00002304/00002304_6C_X_222_BT_D800_1000PPI_8BPC_1CH_LP01-1_1,00002304,0.011600067664900944,0.09723888472171133,19.355394774620997,0.4140786404364131,299.0,0.1845167875289917,0.020716261965148905,0.13303819169168887,16.83688605797642,0.32161983350423934,299.0,0.25128722190856934,0.05440839037721142,"{'ridge_frequency_mae_cpx': nan, 'ridge_period_mae_pixels': nan, 'ridge_frequency_relative_mae': nan, 'ridge_frequency_windows': 0.0}",0.25830426221251546,-0.03231667078180064
nist302-registered:00002304/00002304_7D_X_065_CA_D800_1000PPI_8BPC_1CH_LP03-1_1,00002304,0.091296434035556,0.25956865069893675,10.395461853235911,0.07682475826400692,607.0,0.5329882502555847,0.24640852768817467,0.38957060810908845,6.083442662160894,0.0634796158786908,607.0,0.9015233814716339,0.08756175426753796,"{'ridge_frequency_mae_cpx': nan, 'ridge_period_mae_pixels': nan, 'ridge_frequency_relative_mae': nan, 'ridge_frequency_windows': 0.0}",0.23842773960574948,0.389958796668707
nist302-registered:00002304/00002304_7D_X_066_CA_D800_1000PPI_8BPC_1CH_LP45-1_1,00002304,0.0199374928766508,0.10850924035587758,17.00329454765229,0.4495121859543637,1915.0,0.36728549003601074,0.021962434600699757,0.1307199831419763,16.5831951872818,0.45586502760384323,1915.0,0.3726955056190491,0.2551922800874475,"{'ridge_frequency_mae_cpx': 0.048177083333333336, 'ridge_period_mae_pixels': 8.341671168337836, 'ridge_frequency_relative_mae': 0.45538936372269706, 'ridge_frequency_windows': 6.0}",0.17117668410338646,-0.1724631089399833
nist302-registered:00002325/00002325_1H_R_L01_BP_S21_1000PPI_8BPC_1CH_LP03-1_1,00002325,0.08106666010397828,0.2738221970853114,10.911577192769355,0.33881852055340184,1434.0,0.38026976585388184,0.018276862341731974,0.12619115792557783,17.38098359183827,0.5372120342945353,1434.0,0.21944987773895264,1.0394969398203784,"{'ridge_frequency_mae_cpx': nan, 'ridge_period_mae_pixels': nan, 'ridge_frequency_relative_mae': nan, 'ridge_frequency_windows': 0.0}",0.211123105309626,-0.6743843637478021
nist302-registered:00002325/00002325_4A_X_606_IN_D800_1000PPI_8BPC_1CH_LP01-1_1,00002325,0.021101604935954754,0.12631825065199292,16.75684512080427,0.5111212558142795,2364.0,0.44267934560775757,0.04311326733846783,0.155652432410951,13.653890628965929,0.515994026909411,2364.0,0.3906356990337372,0.42644881387421923,"{'ridge_frequency_mae_cpx': nan, 'ridge_period_mae_pixels': nan, 'ridge_frequency_relative_mae': nan, 'ridge_frequency_windows': 0.0}",0.23280850198216232,-0.16370169455691427
nist302-registered:00002325/00002325_6E_X_074_BT_D800_1000PPI_8BPC_1CH_LP08-1_1,00002325,0.0976913926533362,0.2894480840241822,10.101436992068509,0.5840721860300748,274.0,0.6054602712392807,0.12439258961804188,0.3072984629195102,9.052054908980304,0.5881772682369285,274.0,0.7528921812772751,0.034793290735991016,"{'ridge_frequency_mae_cpx': nan, 'ridge_period_mae_pixels': nan, 'ridge_frequency_relative_mae': nan, 'ridge_frequency_windows': 0.0}",0.20513489169221105,0.24025638594981663
nist302-registered:00002325/00002325_6E_X_074_BT_D800_1000PPI_8BPC_1CH_LP14-1_1,00002325,0.10747808574646521,0.2837327775922868,9.686800772328263,0.1519157552660593,3558.0,0.7282398492097855,0.1378137743223783,0.33939123923244807,8.60707373043499,0.11045317264174367,3558.0,0.6908427029848099,0.3875122229136292,"{'ridge_frequency_mae_cpx': 0.0078125, 'ridge_period_mae_pixels': 0.27705627705627656, 'ridge_frequency_relative_mae': 0.045454545454545456, 'ridge_frequency_windows': 1.0}",0.18265137103660165,0.09254528039699102
nist302-registered:00002325/00002325_6E_X_074_BT_D800_1000PPI_8BPC_1CH_LP18-1_1,00002325,0.04706382852250966,0.18423405111329255,13.273127469736503,0.330321464539451,1571.0,0.47694872319698334,0.05580970112290998,0.200488004826346,12.532903032496632,0.19669066694162743,1571.0,0.5327478051185608,0.32339096965757774,"{'ridge_frequency_mae_cpx': nan, 'ridge_period_mae_pixels': nan, 'ridge_frequency_relative_mae': nan, 'ridge_frequency_windows': 0.0}",0.18618511022589818,-0.10107292750832175
nist302-registered:00002325/00002325_6E_X_074_BT_D800_1000PPI_8BPC_1CH_LP21-1_1,00002325,0.02422842721408795,0.12811978112124367,16.156747771300328,0.275501348143526,3240.0,0.4766675531864166,0.04777388657917864,0.17895341416659916,13.208094258460225,0.23404962842827892,3240.0,0.6299134194850922,0.1670279692985413,"{'ridge_frequency_mae_cpx': 0.10221354166666667, 'ridge_period_mae_pixels': 8.142592662803606, 'ridge_frequency_relative_mae': 0.774196021383058, 'ridge_frequency_windows': 12.0}",0.1568497644628955,0.07386323009388818
nist302-registered:00002325/00002325_6E_X_074_BT_D800_1000PPI_8BPC_1CH_LP23-1_1,00002325,0.03432413934149587,0.14231810432644518,14.644003436447473,0.3430323378677549,1065.0,0.4640089273452759,0.02955555451299089,0.14210465197831812,15.293608881278848,0.41848393326592415,1065.0,0.4540598690509796,0.16211100982212245,"{'ridge_frequency_mae_cpx': nan, 'ridge_period_mae_pixels': nan, 'ridge_frequency_relative_mae': nan, 'ridge_frequency_windows': 0.0}",0.20595011199224245,0.1566921028491478
nist302-registered:00002325/00002325_6E_X_074_BT_D800_1000PPI_8BPC_1CH_LP26-1_1,00002325,0.016215656621534923,0.09852781035944973,17.9006546072301,0.40482592989628646,2817.0,0.4506261646747589,0.022419366999092027,0.12830465486128365,16.49376653680488,0.3338444538622496,2817.0,0.4571145474910736,0.1924012299922183,"{'ridge_frequency_mae_cpx': 0.03125, 'ridge_period_mae_pixels': 1.5927341499069534, 'ridge_frequency_relative_mae': 0.2506843571974648, 'ridge_frequency_windows': 4.0}",0.1675519458350693,-0.2695087423535037
nist302-registered:00002326/00002326_1C_L_L01_BP_S06_1000PPI_8BPC_1CH_LP03-1_1,00002326,0.026412445416509375,0.1439225584246864,15.781913874439661,0.4815305815925313,2746.0,0.41108202934265137,0.03588739072074803,0.1756976781669361,14.450581169461064,0.42671721809544544,2746.0,0.36046302318573,0.27379380243360524,"{'ridge_frequency_mae_cpx': nan, 'ridge_period_mae_pixels': nan, 'ridge_frequency_relative_mae': nan, 'ridge_frequency_windows': 0.0}",0.16477400654910035,-0.2798986465064737
nist302-registered:00002326/00002326_1F_R_L01_BP_S06_1000PPI_8BPC_1CH_LP01-1_1,00002326,0.029816695523914645,0.15256505627399203,15.255404894963993,0.4109342192600398,1740.0,0.3288422226905823,0.08866819038649855,0.2842846821436937,10.522321548845085,0.2134206735775174,1740.0,0.4394438564777374,0.13704972489488623,"{'ridge_frequency_mae_cpx': nan, 'ridge_period_mae_pixels': nan, 'ridge_frequency_relative_mae': nan, 'ridge_frequency_windows': 0.0}",0.20677606714048308,-0.5417141027798164
nist302-registered:00002326/00002326_1F_X_L01_BP_S06_1000PPI_8BPC_1CH_LP03-1_1,00002326,0.03643415219411871,0.17163764232576922,14.384913318534691,0.37827991039082537,1856.0,0.34238892793655396,0.17991464608570956,0.3966590176368582,7.449334811497305,0.1884820879761247,1856.0,0.5906243026256561,0.28748114412732806,"{'ridge_frequency_mae_cpx': nan, 'ridge_period_mae_pixels': nan, 'ridge_frequency_relative_mae': nan, 'ridge_frequency_windows': 0.0}",0.2164999840298227,-0.152162392953204
nist302-registered:00002326/00002326_1F_X_L01_BP_S06_1000PPI_8BPC_1CH_LP06-1_1,00002326,0.08455908747172126,0.2792339829298166,10.72839712409883,0.2553355865747028,1053.0,0.38991081714630127,0.026955748779958082,0.15042176851180206,15.69348599784619,0.5175415403483177,1053.0,0.24027514457702637,0.27523293339561083,"{'ridge_frequency_mae_cpx': nan, 'ridge_period_mae_pixels': nan, 'ridge_frequency_relative_mae': nan, 'ridge_frequency_windows': 0.0}",0.12574167712146206,-0.2641322625846547
nist302-registered:00002326/00002326_1G_L_L01_BP_S06_1000PPI_8BPC_1CH_LP04-1_1,00002326,0.036602724117104676,0.1699265356465266,14.364865915181241,0.5220643873131703,5678.0,0.44887781143188477,0.0141712651620567,0.10092123719368572,18.485913756966067,0.5535551717184278,5678.0,0.38025254011154175,0.456359264024707,"{'ridge_frequency_mae_cpx': 0.0732421875, 'ridge_period_mae_pixels': 8.156885498840994, 'ridge_frequency_relative_mae': 0.5377038667718932, 'ridge_frequency_windows': 64.0}",0.12038866192228401,-0.26530356843307284
nist302-registered:00002326/00002326_1G_R_L01_BP_S06_1000PPI_8BPC_1CH_LP08-1_1,00002326,0.060656749083523066,0.19689969903020846,12.171208695433373,0.2615460720547274,767.0,0.49803024530410767,0.0645404662406093,0.20126339505673077,11.901679015755525,0.3012224665478004,767.0,0.5954513251781464,0.15313192675138487,"{'ridge_frequency_mae_cpx': nan, 'ridge_period_mae_pixels': nan, 'ridge_frequency_relative_mae': nan, 'ridge_frequency_windows': 0.0}",0.21135043990908445,-0.23093159171060829
nist302-registered:00002326/00002326_4D_X_288_IN_D800_1000PPI_8BPC_1CH_LP01-1_1,00002326,0.01555606629469773,0.09228525076192969,18.081002147043122,0.3472233144179469,2125.0,0.39205318689346313,0.02894315849010762,0.14457771807558395,15.38454077226091,0.3352698284193879,2125.0,0.4954339265823364,0.2672688057753972,"{'ridge_frequency_mae_cpx': nan, 'ridge_period_mae_pixels': nan, 'ridge_frequency_relative_mae': nan, 'ridge_frequency_windows': 0.0}",0.19148111853278985,-0.0565949539278058
nist302-registered:00002326/00002326_6A_X_163_BT_D800_1000PPI_8BPC_1CH_LP01-1_1,00002326,0.022249003732320128,0.11641957110589427,16.52689431120931,0.32888972873852,3707.0,0.5728660821914673,0.05377086449934287,0.19309048424569109,12.694529811111998,0.23824499032117052,3707.0,0.7199987769126892,0.4851580023753812,"{'ridge_frequency_mae_cpx': 0.030381944444444444, 'ridge_period_mae_pixels': 2.347546427287402, 'ridge_frequency_relative_mae': 0.1966896655212955, 'ridge_frequency_windows': 9.0}",0.21041636652380252,0.22291157215547858
nist302-registered:00002326/00002326_6C_X_083_BT_D800_1000PPI_8BPC_1CH_LP17-1_1,00002326,0.01105968024947317,0.08629877539568169,19.562574288990213,0.3758571045167627,1075.0,0.3396345376968384,0.04066086137430141,0.17636991348377493,13.908234253501321,0.14772935552488692,1075.0,0.5339516699314117,0.1676379152420797,"{'ridge_frequency_mae_cpx': nan, 'ridge_period_mae_pixels': nan, 'ridge_frequency_relative_mae': nan, 'ridge_frequency_windows': 0.0}",0.24671306054061432,-0.5595940387144511
nist302-registered:00002326/00002326_6C_X_083_BT_D800_1000PPI_8BPC_1CH_LP25-1_1,00002326,0.010645726386625037,0.07979520606486583,19.728247001307597,0.3994923987146583,657.0,0.3170633912086487,0.024616722032888727,0.14009209591866992,16.087697782856,0.24194615023623156,657.0,0.2916705012321472,0.14606311004143574,"{'ridge_frequency_mae_cpx': nan, 'ridge_period_mae_pixels': nan, 'ridge_frequency_relative_mae': nan, 'ridge_frequency_windows': 0.0}",0.21290010790992472,-0.22278185573836418
nist302-registered:00002326/00002326_6C_X_083_BT_D800_1000PPI_8BPC_1CH_LP27-1_1,00002326,0.026348902919099575,0.13435867164955764,15.792374626563737,0.4054875960300021,2745.0,0.4679139256477356,0.036069826658602144,0.1623655544929817,14.428559447732216,0.35713968981066274,2745.0,0.5044149160385132,0.6175305653471153,"{'ridge_frequency_mae_cpx': 0.07861328125, 'ridge_period_mae_pixels': 4.571749887061531, 'ridge_frequency_relative_mae': 0.7225707793616056, 'ridge_frequency_windows': 8.0}",0.19090035053810014,-0.41376871381843483
nist302-registered:00002334/00002334_1C_L_L01_BP_S21_1000PPI_8BPC_1CH_LP06-1_1,00002334,0.03803730184533079,0.15952110495258365,14.197902970775111,0.537309600491852,3843.0,0.38402825593948364,0.04702599095863731,0.18033866635096002,13.27662043978892,0.4691878289184191,3843.0,0.4856083393096924,1.2912710702224577,"{'ridge_frequency_mae_cpx': 0.060221354166666664, 'ridge_period_mae_pixels': 6.928898762250697, 'ridge_frequency_relative_mae': 0.5043730354537627, 'ridge_frequency_windows': 36.0}",0.15304180818702434,-0.4468978642111635
nist302-registered:00002334/00002334_1D_L_L01_BP_S21_1000PPI_8BPC_1CH_LP01-1_1,00002334,0.04083218218433915,0.16277479447335436,13.889974095628613,0.33368995448825867,1591.0,0.4244408905506134,0.04130109219367214,0.1578688297460545,13.840384634183415,0.4502831683859058,1591.0,0.4532776176929474,0.22910718633500815,"{'ridge_frequency_mae_cpx': nan, 'ridge_period_mae_pixels': nan, 'ridge_frequency_relative_mae': nan, 'ridge_frequency_windows': 0.0}",0.19092228005284725,0.580362144796537
nist302-registered:00002334/00002334_1G_R_L01_BP_S21_1000PPI_8BPC_1CH_LP01-1_1,00002334,0.03998542960633238,0.17996319733775126,13.980982335304935,0.11134071150665235,589.0,0.34225839376449585,0.05301788203199943,0.20196226375819468,12.755776255314025,0.14851667638860716,589.0,0.397739440202713,0.08126949201443849,"{'ridge_frequency_mae_cpx': nan, 'ridge_period_mae_pixels': nan, 'ridge_frequency_relative_mae': nan, 'ridge_frequency_windows': 0.0}",0.19293033550017938,-0.4465825385145281
nist302-registered:00002334/00002334_1H_L_L01_BP_S21_1000PPI_8BPC_1CH_LP01-1_1,00002334,0.05929896464784734,0.22630980744068233,12.269528892942887,0.4486084538041847,3199.0,0.3805619478225708,0.10229145199137483,0.3024498414680264,9.901606566894493,0.40297242297580965,3199.0,0.4726696014404297,0.5676046076714798,"{'ridge_frequency_mae_cpx': 0.05946180555555555, 'ridge_period_mae_pixels': 8.634072956801916, 'ridge_frequency_relative_mae': 0.4952373935132555, 'ridge_frequency_windows': 9.0}",0.12734899862530039,-0.1035410393697139
nist302-registered:00002334/00002334_1H_L_L01_BP_S21_1000PPI_8BPC_1CH_LP10-1_1,00002334,0.10175747824698404,0.30088216827935044,9.924336642446969,0.4925673685182515,4105.0,0.4817102253437042,0.13922518672894416,0.3521939434610244,8.562821909616677,0.45719492113065385,4105.0,0.5272795557975769,0.47136515712219546,"{'ridge_frequency_mae_cpx': 0.10239955357142858, 'ridge_period_mae_pixels': 7.153934175339191, 'ridge_frequency_relative_mae': 0.47871790763982397, 'ridge_frequency_windows': 14.0}",0.20395156502832595,-0.5983149028121562
nist302-registered:00002334/00002334_1H_R_L01_BP_S21_1000PPI_8BPC_1CH_LP04-1_1,00002334,0.08035416384902984,0.27537009554920994,10.949916137381788,0.43151605443261587,3337.0,0.3931686282157898,0.23750083446198791,0.4698977776280341,6.2433486013764075,0.2570098845640594,3337.0,0.6370010375976562,0.5384551621752798,"{'ridge_frequency_mae_cpx': 0.06417410714285714, 'ridge_period_mae_pixels': 5.807267487129096, 'ridge_frequency_relative_mae': 0.4312422067941156, 'ridge_frequency_windows': 14.0}",0.18347918397708982,-0.5162421392074323
nist302-registered:00002334/00002334_4G_X_066_IN_D800_1000PPI_8BPC_1CH_LP03-1_1,00002334,0.023586545199784065,0.11986371361948191,16.273356670223677,0.22983399149353112,3013.0,0.567984402179718,0.042004537636243254,0.1664540520833649,13.76703791413185,0.2029911439063429,3013.0,0.6767083406448364,0.37141197615779425,"{'ridge_frequency_mae_cpx': nan, 'ridge_period_mae_pixels': nan, 'ridge_frequency_relative_mae': nan, 'ridge_frequency_windows': 0.0}",0.1933502914256569,-0.14771886746887408
nist302-registered:00002342/00002342_4F_X_452_IN_D800_1000PPI_8BPC_1CH_LP13-1_1,00002342,0.019742720196418463,0.12509460271070788,17.045930094726213,0.3455471338449205,895.0,0.48593203723430634,0.058859344041541,0.21469962718433508,12.301845822079763,0.15126241752361935,895.0,0.5246285647153854,0.06180192381078997,"{'ridge_frequency_mae_cpx': nan, 'ridge_period_mae_pixels': nan, 'ridge_frequency_relative_mae': nan, 'ridge_frequency_windows': 0.0}",0.1610229178799312,0.2082416294852086
nist302-registered:00002342/00002342_4F_X_462_IN_D800_1000PPI_8BPC_1CH_LP43-1_1,00002342,0.023163644996927496,0.12228963739643879,16.351930996295668,0.3019854960936436,1756.0,0.4430679678916931,0.07385705186725053,0.2380458724967168,11.31608031959052,0.12845447873896054,1756.0,0.6564176678657532,0.33064435661296154,"{'ridge_frequency_mae_cpx': nan, 'ridge_period_mae_pixels': nan, 'ridge_frequency_relative_mae': nan, 'ridge_frequency_windows': 0.0}",0.2402130852332487,-0.0156304955041671
nist302-registered:00002342/00002342_6E_X_153_BT_D800_1000PPI_8BPC_1CH_LP17-1_1,00002342,0.055055355627555175,0.1911416917139346,12.592004277120063,0.2637680692869721,3179.0,0.5318058431148529,0.10168825066741714,0.2556864688300081,9.927292237250775,0.21716575827697257,3179.0,0.8028377890586853,0.38805704000957003,"{'ridge_frequency_mae_cpx': nan, 'ridge_period_mae_pixels': nan, 'ridge_frequency_relative_mae': nan, 'ridge_frequency_windows': 0.0}",0.1991910315416922,-0.009323694238960714
nist302-registered:00002360/00002360_1D_L_L01_BP_S06_1000PPI_8BPC_1CH_LP01-1_1,00002360,0.057810229714638534,0.21642542516423866,12.379953049095807,0.301221817564406,2333.0,0.40352076292037964,0.11606858671259923,0.3109905882628752,9.352853036322923,0.21179189477772015,2333.0,0.5617467761039734,0.2588089238693242,"{'ridge_frequency_mae_cpx': 0.0421875, 'ridge_period_mae_pixels': 3.265236462889135, 'ridge_frequency_relative_mae': 0.38969320203471586, 'ridge_frequency_windows': 10.0}",0.15771071605763473,0.5503530581048601
nist302-registered:00002360/00002360_1D_R_L01_BP_S06_1000PPI_8BPC_1CH_LP03-1_1,00002360,0.04872299331661885,0.2087705900535365,13.12266038500039,0.2979281961859196,1658.0,0.3491726517677307,0.2277924767631913,0.4707542980860456,6.424606233393836,0.06418481594976698,1658.0,0.5987564325332642,0.1569916364423383,"{'ridge_frequency_mae_cpx': nan, 'ridge_period_mae_pixels': nan, 'ridge_frequency_relative_mae': nan, 'ridge_frequency_windows': 0.0}",0.17124317670390252,-0.30364204402540335
nist302-registered:00002360/00002360_1E_L_L01_BP_S06_1000PPI_8BPC_1CH_LP02-1_1,00002360,0.029431215354472167,0.1416169692284626,15.311918034511013,0.30311219974833714,2307.0,0.37113767862319946,0.045094513237241736,0.17610567680260916,13.458762966087022,0.25508698126764,2307.0,0.4421204924583435,0.3527170321380262,"{'ridge_frequency_mae_cpx': 0.07542067307692307, 'ridge_period_mae_pixels': 5.102608543486777, 'ridge_frequency_relative_mae': 0.4640931854310821, 'ridge_frequency_windows': 13.0}",0.1659360662230959,-0.09312463953727043
nist302-registered:00002360/00002360_1E_R_L01_BP_S06_1000PPI_8BPC_1CH_LP01-1_1,00002360,0.028819720759468165,0.14459730349782343,15.403102314751738,0.3471678618714105,1855.0,0.3936161994934082,0.037823875159794,0.155409309468822,14.222339785502038,0.39275270829836345,1855.0,0.4275662899017334,0.22419276793210446,"{'ridge_frequency_mae_cpx': nan, 'ridge_period_mae_pixels': nan, 'ridge_frequency_relative_mae': nan, 'ridge_frequency_windows': 0.0}",0.15730712092354243,-0.0009223481447458304
nist302-registered:00002360/00002360_1G_L_L01_BP_S06_1000PPI_8BPC_1CH_LP01-1_1,00002360,0.034281929928865224,0.16725984788857973,14.649347371028705,0.39725822491946955,2080.0,0.3709648847579956,0.032474321322850226,0.15618375961024028,14.884599164311023,0.3512362748509303,2080.0,0.38195735216140747,0.4889197497135198,"{'ridge_frequency_mae_cpx': 0.119140625, 'ridge_period_mae_pixels': 17.10315700559603, 'ridge_frequency_relative_mae': 0.7349012775842044, 'ridge_frequency_windows': 2.0}",0.1602648723481612,-0.7785363083176633
nist302-registered:00002360/00002360_1G_L_L01_BP_S06_1000PPI_8BPC_1CH_LP07-1_1,00002360,0.01750395452315008,0.09992950445557215,17.568638236813655,0.4327369090548519,1328.0,0.3728451728820801,0.18420131602641968,0.3926847493219896,7.347072713108832,0.08137037416563347,1328.0,0.8262098133563995,0.3446325852530252,"{'ridge_frequency_mae_cpx': nan, 'ridge_period_mae_pixels': nan, 'ridge_frequency_relative_mae': nan, 'ridge_frequency_windows': 0.0}",0.2286555374627484,-0.075646606526094
nist302-registered:00002360/00002360_1G_L_L01_BP_S06_1000PPI_8BPC_1CH_LP10-1_1,00002360,0.01924776031001156,0.11643480473945632,17.15619798186249,0.5636670764091923,4482.0,0.3648083806037903,0.05271641129471528,0.19833298324740714,12.780541622977903,0.4928611921279194,4482.0,0.5559787154197693,0.8915556704031796,"{'ridge_frequency_mae_cpx': 0.07526676829268293, 'ridge_period_mae_pixels': 8.243981468014914, 'ridge_frequency_relative_mae': 0.4917135618438366, 'ridge_frequency_windows': 41.0}",0.19869381720224522,-0.6847970052581074
nist302-registered:00002360/00002360_1G_L_L01_BP_S06_1000PPI_8BPC_1CH_LP12-1_1,00002360,0.059955154572174485,0.21425085307823288,12.221734730151972,0.13031184658704992,576.0,0.515752524137497,0.01098340990421733,0.08856446616765526,19.592628080934446,0.37361274090967783,576.0,0.2398737072944641,0.46488545644302415,"{'ridge_frequency_mae_cpx': nan, 'ridge_period_mae_pixels': nan, 'ridge_frequency_relative_mae': nan, 'ridge_frequency_windows': 0.0}",0.24883487198542478,-0.09866902770451863
nist302-registered:00002360/00002360_1G_R_L01_BP_S06_1000PPI_8BPC_1CH_LP01-1_1,00002360,0.009992165664685868,0.07979135444341612,20.003403742073303,0.49221909059609825,1210.0,0.3326617479324341,0.017178605308488946,0.11802432369594731,17.650120984450858,0.4222092449525681,1210.0,0.27466636896133423,0.3529572160433833,"{'ridge_frequency_mae_cpx': nan, 'ridge_period_mae_pixels': nan, 'ridge_frequency_relative_mae': nan, 'ridge_frequency_windows': 0.0}",0.22651419450771917,0.03700270370214263
nist302-registered:00002360/00002360_1G_R_L01_BP_S06_1000PPI_8BPC_1CH_LP02-1_1,00002360,0.04591882085455725,0.20292812025163257,13.380092726774638,0.41777244491416654,2982.0,0.40692460536956787,0.015636458493173196,0.1076043076278538,18.05861603644257,0.5353131812934242,2982.0,0.3975723385810852,0.3837555454244829,"{'ridge_frequency_mae_cpx': 0.055338541666666664, 'ridge_period_mae_pixels': 5.620670341972137, 'ridge_frequency_relative_mae': 0.4011591131188908, 'ridge_frequency_windows': 12.0}",0.14957573724279025,0.0922685349704644
nist302-registered:00002360/00002360_1G_R_L01_BP_S06_1000PPI_8BPC_1CH_LP03-1_1,00002360,0.03960681970731961,0.1823423469471689,14.022300285629532,0.5487452439081737,5209.0,0.46366560459136963,0.027475208556911497,0.14423537752087776,15.61059002279465,0.5427329078277371,5209.0,0.4121951460838318,0.5706270785850635,"{'ridge_frequency_mae_cpx': 0.08841463414634146, 'ridge_period_mae_pixels': 7.493918860314385, 'ridge_frequency_relative_mae': 0.5078615324993393, 'ridge_frequency_windows': 41.0}",0.17003961908076137,-0.3630253720122248
nist302-registered:00002360/00002360_1G_R_L01_BP_S06_1000PPI_8BPC_1CH_LP09-1_1,00002360,0.039979868250798654,0.17879019392732023,13.981586413846207,0.4093197217530259,4817.0,0.4910987615585327,0.10617379907129225,0.3021262553388062,9.739826426015691,0.31729878953090646,4817.0,0.684204488992691,0.6069093465215483,"{'ridge_frequency_mae_cpx': 0.09322916666666667, 'ridge_period_mae_pixels': 6.813257468254234, 'ridge_frequency_relative_mae': 0.5133321001327482, 'ridge_frequency_windows': 30.0}",0.25081172024920606,0.040257331601023676
nist302-registered:00002360/00002360_1H_L_L01_BP_S06_1000PPI_8BPC_1CH_LP06-1_1,00002360,0.07110330861610267,0.2568811380187648,11.481101899835389,0.3246866744105156,1747.0,0.4310508966445923,0.14864541597392406,0.37182765033972487,8.278484793142498,0.24521956886499913,1747.0,0.5201545059680939,0.19804214539894946,"{'ridge_frequency_mae_cpx': nan, 'ridge_period_mae_pixels': nan, 'ridge_frequency_relative_mae': nan, 'ridge_frequency_windows': 0.0}",0.22871755939459834,-0.29073247671820535
nist302-registered:00002360/00002360_4G_X_336_IN_D800_1000PPI_8BPC_1CH_LP02-1_1,00002360,0.030140409336570986,0.14419410371207556,15.20850853832706,0.3791883781331708,2851.0,0.6519730985164642,0.09138712237113965,0.24125261925701844,10.39114997670723,0.2760021369875076,2851.0,0.7375887930393219,0.796275765868014,"{'ridge_frequency_mae_cpx': 0.03828125, 'ridge_period_mae_pixels': 4.049366653626957, 'ridge_frequency_relative_mae': 0.4238137699913196, 'ridge_frequency_windows': 10.0}",0.1984396668743405,-0.11952242628428743
nist302-registered:00002360/00002360_5A_X_793_IN_D800_1000PPI_8BPC_1CH_LP04-1_1,00002360,0.04242283884148472,0.17831344463836366,13.724002728317233,0.2776394954325939,1712.0,0.5232393592596054,0.022976562431732392,0.13238731769966744,16.38714946431168,0.28878467217875786,1712.0,0.47485703229904175,0.34576835905371905,"{'ridge_frequency_mae_cpx': nan, 'ridge_period_mae_pixels': nan, 'ridge_frequency_relative_mae': nan, 'ridge_frequency_windows': 0.0}",0.16187313978792786,0.15312984448840955
nist302-registered:00002360/00002360_5A_X_796_IN_D800_1000PPI_8BPC_1CH_LP01-1_1,00002360,0.014402369378825473,0.09889701265713265,18.415660548837693,0.5800967770558438,1189.0,0.4651055634021759,0.057290734442458524,0.2222242081260561,12.419156102471145,0.26514290554927317,1189.0,0.5550849139690399,0.19034260077049509,"{'ridge_frequency_mae_cpx': nan, 'ridge_period_mae_pixels': nan, 'ridge_frequency_relative_mae': nan, 'ridge_frequency_windows': 0.0}",0.17199164269209827,0.021269247306945818
nist302-registered:00002360/00002360_5A_X_796_IN_D800_1000PPI_8BPC_1CH_LP02-1_1,00002360,0.03300762063071833,0.15168861391722907,14.813857808557891,0.30604512169548836,721.0,0.7190629690885544,0.09490248463746123,0.28630686374626607,10.227224171805751,0.08715667524929069,721.0,0.8193463534116745,0.361104882501893,"{'ridge_frequency_mae_cpx': nan, 'ridge_period_mae_pixels': nan, 'ridge_frequency_relative_mae': nan, 'ridge_frequency_windows': 0.0}",0.19777506292870142,-0.10378994240839706
nist302-registered:00002360/00002360_6D_X_062_WT_D800_1000PPI_8BPC_1CH_LP03-1_1,00002360,0.02883206089010886,0.13502697250137932,15.401243135183744,0.4103315027877228,1011.0,0.47368210554122925,0.027545252168215344,0.12159846465146625,15.599532474415714,0.41480712015024135,1011.0,0.5431467294692993,0.1418094722300534,"{'ridge_frequency_mae_cpx': nan, 'ridge_period_mae_pixels': nan, 'ridge_frequency_relative_mae': nan, 'ridge_frequency_windows': 0.0}",0.22178359730444222,0.10037177630806558
nist302-registered:00002372/00002372_1C_R_L01_BP_S12_1000PPI_8BPC_1CH_LP01-1_1,00002372,0.05869454756352215,0.22880457796753007,12.314022407124867,0.37808083593236497,2148.0,0.35477083921432495,0.10256357160112592,0.3062479450077762,9.890068639986922,0.3086335802533306,2148.0,0.44157466292381287,0.06500915823383507,"{'ridge_frequency_mae_cpx': nan, 'ridge_period_mae_pixels': nan, 'ridge_frequency_relative_mae': nan, 'ridge_frequency_windows': 0.0}",0.19413356380509897,0.007383572346989312
nist302-registered:00002372/00002372_1C_R_L01_BP_S12_1000PPI_8BPC_1CH_LP03-1_1,00002372,0.035445455118112805,0.16252147056037886,14.504394429537594,0.3306325660632267,838.0,0.3338041305541992,0.11701297022229894,0.2737119255102904,9.317659965121742,0.2752477434463829,838.0,0.5818660259246826,0.09953875291716503,"{'ridge_frequency_mae_cpx': nan, 'ridge_period_mae_pixels': nan, 'ridge_frequency_relative_mae': nan, 'ridge_frequency_windows': 0.0}",0.17551000375507678,0.15351001594729785
nist302-registered:00002372/00002372_1D_L_L01_BP_S12_1000PPI_8BPC_1CH_LP03-1_1,00002372,0.07623340056981864,0.26270148381561126,11.178547070728396,0.1969876642324701,2507.0,0.4214596748352051,0.1029472797155378,0.30915898560146243,9.873851247151071,0.14702808034089856,2507.0,0.48481079936027527,0.19311221454637945,"{'ridge_frequency_mae_cpx': nan, 'ridge_period_mae_pixels': nan, 'ridge_frequency_relative_mae': nan, 'ridge_frequency_windows': 0.0}",0.11125826397402835,-0.4022219869466514
nist302-registered:00002372/00002372_1D_R_L01_BP_S12_1000PPI_8BPC_1CH_LP03-1_1,00002372,0.037217944928495894,0.17584316829093416,14.292476110777546,0.37488205321441653,1330.0,0.3136206865310669,0.0537225230450755,0.20056123684223434,12.698435991525589,0.39294865184586314,1330.0,0.4214820861816406,0.09132593548989736,"{'ridge_frequency_mae_cpx': nan, 'ridge_period_mae_pixels': nan, 'ridge_frequency_relative_mae': nan, 'ridge_frequency_windows': 0.0}",0.18542677992124565,-0.46128487799387996
nist302-registered:00002372/00002372_1D_R_L01_BP_S12_1000PPI_8BPC_1CH_LP07-1_1,00002372,0.06065363842779477,0.2274247676197384,12.171431420073183,0.3761429384504768,1413.0,0.4026622772216797,0.0756560034940237,0.25933456817419076,11.211566039147323,0.3539338916841738,1413.0,0.39803868532180786,0.10240688865332702,"{'ridge_frequency_mae_cpx': nan, 'ridge_period_mae_pixels': nan, 'ridge_frequency_relative_mae': nan, 'ridge_frequency_windows': 0.0}",0.16569723915630738,-0.8509406770468229
nist302-registered:00002372/00002372_1E_R_L01_BP_S12_1000PPI_8BPC_1CH_LP04-1_1,00002372,0.02553852329366679,0.12018581820536697,15.92804218425506,0.44314688154789383,4091.0,0.36535054445266724,0.07885702404630981,0.23083939481789778,11.031596166192905,0.2897943123325427,4091.0,0.5937951505184174,0.5420059377911001,"{'ridge_frequency_mae_cpx': 0.05859375, 'ridge_period_mae_pixels': 9.463688722958079, 'ridge_frequency_relative_mae': 0.5604973233942453, 'ridge_frequency_windows': 22.0}",0.1877682268667409,-0.18734123195926772
nist302-registered:00002372/00002372_1G_L_L01_BP_S12_1000PPI_8BPC_1CH_LP02-1_1,00002372,0.02481056481144755,0.130663374842794,16.05363348919935,0.5516476990010952,5128.0,0.4501568078994751,0.03621043022388063,0.1641215329783476,14.411663152065351,0.5146446379254696,5128.0,0.463018000125885,0.5830111468282622,"{'ridge_frequency_mae_cpx': 0.07161458333333333, 'ridge_period_mae_pixels': 7.804844952501168, 'ridge_frequency_relative_mae': 0.6331530286530956, 'ridge_frequency_windows': 54.0}",0.16736535063349267,0.1336792894616645
nist302-registered:00002372/00002372_1H_R_L01_BP_S12_1000PPI_8BPC_1CH_LP10-1_1,00002372,0.05528282073386508,0.2118436566169042,12.57409805758691,0.25383491429195837,1183.0,0.3617590665817261,0.1229872632915798,0.26956096248715383,9.101398622890418,0.3559127702670334,1183.0,0.6502214968204498,0.07993307278365405,"{'ridge_frequency_mae_cpx': nan, 'ridge_period_mae_pixels': nan, 'ridge_frequency_relative_mae': nan, 'ridge_frequency_windows': 0.0}",0.2015547959522887,0.42291793485174983
nist302-registered:00002372/00002372_2B_X_L01_BP_S12_1000PPI_8BPC_1CH_LP14-1_1,00002372,0.059851228582213235,0.2283130043897385,12.229269302868202,0.3397959078498819,1878.0,0.4086393117904663,0.1607851320824411,0.38093396619803355,7.93754113256027,0.2477308669878311,1878.0,0.5403715074062347,0.24845190924269153,"{'ridge_frequency_mae_cpx': nan, 'ridge_period_mae_pixels': nan, 'ridge_frequency_relative_mae': nan, 'ridge_frequency_windows': 0.0}",0.1607503704522664,-0.20787911577696727
nist302-registered:00002402/00002402_1D_L_L01_BP_S10_1000PPI_8BPC_1CH_LP02-1_1,00002402,0.11321381306602561,0.31980152398868417,9.461005822256892,0.02122011904352774,916.0,0.5372016429901123,0.15228237016420487,0.3677377967920366,8.17350372327694,0.01212579538546593,916.0,0.6453259885311127,0.24187517589629903,"{'ridge_frequency_mae_cpx': nan, 'ridge_period_mae_pixels': nan, 'ridge_frequency_relative_mae': nan, 'ridge_frequency_windows': 0.0}",0.16955611197811246,-0.3358445593775842
nist302-registered:00002402/00002402_1D_L_L01_BP_S10_1000PPI_8BPC_1CH_LP05-1_1,00002402,0.07330752249842039,0.2438336327844872,11.348514576654647,0.2404368323494293,2155.0,0.49280810356140137,0.05541792072362206,0.20792981698728769,12.563497729456612,0.3100207623135719,2155.0,0.4175231456756592,0.28968085988945963,"{'ridge_frequency_mae_cpx': nan, 'ridge_period_mae_pixels': nan, 'ridge_frequency_relative_mae': nan, 'ridge_frequency_windows': 0.0}",0.1171205547335411,-0.026257337758921633
nist302-registered:00002402/00002402_1D_L_L01_BP_S10_1000PPI_8BPC_1CH_LP06-1_1,00002402,0.07894042039629572,0.26177642085151925,11.027005651041051,0.1780665286307969,1358.0,0.5152142345905304,0.1776018501303164,0.4053831954592282,7.505525143614603,0.07891371303316404,1358.0,0.6666271686553955,0.23171465162199492,"{'ridge_frequency_mae_cpx': nan, 'ridge_period_mae_pixels': nan, 'ridge_frequency_relative_mae': nan, 'ridge_frequency_windows': 0.0}",0.18270068689114843,0.004544780027235507
nist302-registered:00002402/00002402_1E_L_L01_BP_S10_1000PPI_8BPC_1CH_LP07-1_1,00002402,0.08134004222483691,0.27765025466230836,10.89695606482588,0.017256270752353572,729.0,0.37642455101013184,0.03822779048812651,0.18641908914464,14.176208028584231,0.15508717912256834,729.0,0.2776750326156616,0.11343135963184851,"{'ridge_frequency_mae_cpx': nan, 'ridge_period_mae_pixels': nan, 'ridge_frequency_relative_mae': nan, 'ridge_frequency_windows': 0.0}",0.14551350038973884,-0.21944628740671362
nist302-registered:00002402/00002402_1E_R_L01_BP_S10_1000PPI_8BPC_1CH_LP01-1_1,00002402,0.03255017785390074,0.14641316938344565,14.874466341078737,0.4982238296016523,5136.0,0.38884133100509644,0.15584732965974754,0.3568718438312365,8.07300634670246,0.3240007144103733,5136.0,0.6425284743309021,0.35016352710167703,"{'ridge_frequency_mae_cpx': 0.07265625, 'ridge_period_mae_pixels': 8.197814752855042, 'ridge_frequency_relative_mae': 0.4805081515184316, 'ridge_frequency_windows': 40.0}",0.18872822428198424,0.17996168778045946
nist302-registered:00002402/00002402_1F_L_L01_BP_S10_1000PPI_8BPC_1CH_LP02-1_1,00002402,0.08019608710407089,0.27192500508791323,10.958468211243975,0.33042154651071426,3217.0,0.4376605153083801,0.14697094023334312,0.3767646911409578,8.327685274553163,0.28095798001442474,3217.0,0.5018263459205627,0.18834497235433562,"{'ridge_frequency_mae_cpx': 0.05330882352941176, 'ridge_period_mae_pixels': 3.062006241647334, 'ridge_frequency_relative_mae': 0.4051680744652259, 'ridge_frequency_windows': 17.0}",0.17675163629722665,-0.45295034575770393
nist302-registered:00002402/00002402_1H_R_L01_BP_S10_1000PPI_8BPC_1CH_LP18-1_1,00002402,0.03309872312505609,0.15632101925748548,14.80188760013965,0.3495900521245029,3227.0,0.36403369903564453,0.04613356811556835,0.18198720713240982,13.359829543885983,0.3404604322892891,3227.0,0.43305131793022156,0.3475405155382589,"{'ridge_frequency_mae_cpx': 0.057421875, 'ridge_period_mae_pixels': 3.3811018243101074, 'ridge_frequency_relative_mae': 0.44540092948863563, 'ridge_frequency_windows': 10.0}",0.16416506797300875,0.2416131317943496
nist302-registered:00002402/00002402_5A_X_770_IN_D800_1000PPI_8BPC_1CH_LP02-1_1,00002402,0.01793301695759441,0.1038777895429308,17.463466408441448,0.5398810480630932,1277.0,0.34664785861968994,0.10471092488901469,0.3081416674162507,9.800080043622865,0.14597798296796052,1277.0,0.6330704092979431,0.10744055980258428,"{'ridge_frequency_mae_cpx': nan, 'ridge_period_mae_pixels': nan, 'ridge_frequency_relative_mae': nan, 'ridge_frequency_windows': 0.0}",0.1852859829735111,-0.394794907805002
nist302-registered:00002402/00002402_5A_X_770_IN_D800_1000PPI_8BPC_1CH_LP08-1_1,00002402,0.04923920397128481,0.16024909761237702,13.076889767332663,0.36549628367847636,3702.0,0.7055807709693909,0.11056943466276892,0.28450546671522187,9.563649109325949,0.2173409987237702,3702.0,0.929997406899929,0.4166713440981523,"{'ridge_frequency_mae_cpx': 0.056919642857142856, 'ridge_period_mae_pixels': 8.210954921916192, 'ridge_frequency_relative_mae': 0.5081823898811908, 'ridge_frequency_windows': 14.0}",0.21974416704430225,-0.004686321299963005
nist302-registered:00002402/00002402_6C_X_192_BT_D800_1000PPI_8BPC_1CH_LP03-1_1,00002402,0.040718044741620975,0.1791783603127867,13.902130847555911,0.527218686705219,4122.0,0.5916665196418762,0.01715021113406176,0.11307832992001682,17.657305290443276,0.5251519904991244,4122.0,0.44515055418014526,0.44051927823282216,"{'ridge_frequency_mae_cpx': 0.08046875, 'ridge_period_mae_pixels': 9.420305080030461, 'ridge_frequency_relative_mae': 0.5492823286096387, 'ridge_frequency_windows': 30.0}",0.19430036716658414,-0.5595538966628759
nist302-registered:00002405/00002405_1C_L_L01_BP_S11_1000PPI_8BPC_1CH_LP08-1_1,00002405,0.015677948821498977,0.09725678025637954,18.04710757581138,0.5343556157987756,2239.0,0.41456884145736694,0.018632435535970025,0.10808989390990413,17.297303726561946,0.4924318886048335,2239.0,0.36188995838165283,0.31656119846404224,"{'ridge_frequency_mae_cpx': nan, 'ridge_period_mae_pixels': nan, 'ridge_frequency_relative_mae': nan, 'ridge_frequency_windows': 0.0}",0.1840102920252971,0.02473244231916134
nist302-registered:00002405/00002405_1C_L_L01_BP_S11_1000PPI_8BPC_1CH_LP10-1_1,00002405,0.013669004196612043,0.09660799030482564,18.642631231548638,0.522764578371448,2627.0,0.3324556350708008,0.030685058364610163,0.1550095798082573,15.130730463281012,0.3443843800152444,2627.0,0.32745376229286194,0.4005437701969234,"{'ridge_frequency_mae_cpx': 0.05412946428571429, 'ridge_period_mae_pixels': 6.515830030235017, 'ridge_frequency_relative_mae': 0.6848767368691467, 'ridge_frequency_windows': 7.0}",0.16992911142168196,0.15701066062510663
nist302-registered:00002405/00002405_1C_L_L01_BP_S11_1000PPI_8BPC_1CH_LP11-1_1,00002405,0.04445698093527018,0.1854052097124505,13.520600334875022,0.37876182953674903,2009.0,0.4389454126358032,0.08107731813641782,0.2514635435587853,10.911006252703208,0.3235227308113597,2009.0,0.490517795085907,0.33238098869801025,"{'ridge_frequency_mae_cpx': nan, 'ridge_period_mae_pixels': nan, 'ridge_frequency_relative_mae': nan, 'ridge_frequency_windows': 0.0}",0.16093828227345283,0.09242493781254851
nist302-registered:00002405/00002405_1D_R_L01_BP_S11_1000PPI_8BPC_1CH_LP04-1_1,00002405,0.07142936184448508,0.2516889029458472,11.461232298790522,0.2384773928673698,1117.0,0.36943674087524414,0.105254330543365,0.2771625241052923,9.77760026680926,0.2514768011931574,1117.0,0.5400455892086029,0.1359676152027344,"{'ridge_frequency_mae_cpx': nan, 'ridge_period_mae_pixels': nan, 'ridge_frequency_relative_mae': nan, 'ridge_frequency_windows': 0.0}",0.16520749564110004,-0.5923386276635958
nist302-registered:00002405/00002405_1D_R_L01_BP_S11_1000PPI_8BPC_1CH_LP05-1_1,00002405,0.04609768509388511,0.20851001358404028,13.363208832045917,0.20493041491124603,1026.0,0.27494877576828003,0.02727827105344956,0.14420727528559069,15.641831595192858,0.4260439980856028,1026.0,0.25157612562179565,0.07948321009676756,"{'ridge_frequency_mae_cpx': nan, 'ridge_period_mae_pixels': nan, 'ridge_frequency_relative_mae': nan, 'ridge_frequency_windows': 0.0}",0.1884531612492179,0.4133088010119583
nist302-registered:00002405/00002405_1E_L_L01_BP_S11_1000PPI_8BPC_1CH_LP06-1_1,00002405,0.08294857536543424,0.25851306233562726,10.811910685455128,0.2503821530491798,1461.0,0.49414652585983276,0.1619954496433656,0.3684933885656588,7.904971843618865,0.11028259475915383,1461.0,0.6454034745693207,0.10795025289301137,"{'ridge_frequency_mae_cpx': nan, 'ridge_period_mae_pixels': nan, 'ridge_frequency_relative_mae': nan, 'ridge_frequency_windows': 0.0}",0.1918173122182496,-0.011117405522233698
nist302-registered:00002405/00002405_1E_R_L02_BP_S11_1000PPI_8BPC_1CH_LP01-1_1,00002405,0.124913887469926,0.3474042411890277,9.03389275666875,0.11443830357734508,1119.0,0.44102028012275696,0.3224810295068445,0.5653900608380422,4.914958283863004,0.034807265859518315,1119.0,0.6520245671272278,0.10229337940104105,"{'ridge_frequency_mae_cpx': nan, 'ridge_period_mae_pixels': nan, 'ridge_frequency_relative_mae': nan, 'ridge_frequency_windows': 0.0}",0.21317758221123603,-0.11371551246309648
nist302-registered:00002405/00002405_1E_R_L02_BP_S11_1000PPI_8BPC_1CH_LP03-1_1,00002405,0.06392864473186413,0.2363978907259928,11.943045023815866,0.19043942683382292,1085.0,0.36800986528396606,0.025766234938112934,0.1493223206788164,15.889490376020895,0.3798682853652331,1085.0,0.28102558851242065,0.05724576564770111,"{'ridge_frequency_mae_cpx': nan, 'ridge_period_mae_pixels': nan, 'ridge_frequency_relative_mae': nan, 'ridge_frequency_windows': 0.0}",0.17666837994580684,0.7966422421053907
nist302-registered:00002405/00002405_1F_L_L01_BP_S11_1000PPI_8BPC_1CH_LP01-1_1,00002405,0.1906720059142412,0.42947521755780316,7.197130645282488,0.16305943351291913,954.0,0.5142757594585419,0.012721462232651111,0.10659443701088303,18.954629670623046,0.5616098343256973,954.0,0.1760236620903015,0.12593357601111202,"{'ridge_frequency_mae_cpx': nan, 'ridge_period_mae_pixels': nan, 'ridge_frequency_relative_mae': nan, 'ridge_frequency_windows': 0.0}",0.15390970008562127,-0.3191922770696924
nist302-registered:00002405/00002405_1F_L_L01_BP_S11_1000PPI_8BPC_1CH_LP02-1_1,00002405,0.12080714355492873,0.3455661520169213,9.179073843013164,0.1293404924792638,928.0,0.4320290982723236,0.17269077856914922,0.3427865945188136,7.627308524930941,0.3088491727823434,928.0,0.6389547288417816,0.08716373768078309,"{'ridge_frequency_mae_cpx': nan, 'ridge_period_mae_pixels': nan, 'ridge_frequency_relative_mae': nan, 'ridge_frequency_windows': 0.0}",0.22869426406474938,-0.4066546170830686
nist302-registered:00002405/00002405_6E_X_064_BT_D800_1000PPI_8BPC_1CH_LP10-1_1,00002405,0.13964422721319053,0.3392514592103631,8.54977012997537,0.17720896333889682,3307.0,0.7376899868249893,0.22679820904908718,0.44901165445252134,6.4436037924637,0.15079494587487188,3307.0,0.8485936671495438,0.6042911775337353,"{'ridge_frequency_mae_cpx': 0.05381944444444445, 'ridge_period_mae_pixels': 3.9721925711886823, 'ridge_frequency_relative_mae': 0.3307543761613221, 'ridge_frequency_windows': 9.0}",0.22701122658478096,-0.11953367073914875
nist302-registered:00002406/00002406_1D_L_L01_BP_S21_1000PPI_8BPC_1CH_LP03-1_1,00002406,0.07980836578863226,0.2701677294959009,10.979515820150603,0.37803037709244736,3503.0,0.4431825578212738,0.15379281899664457,0.3659231334950221,8.130639424470731,0.3023402967152167,3503.0,0.5926988124847412,0.37673849865040865,"{'ridge_frequency_mae_cpx': 0.07486979166666667, 'ridge_period_mae_pixels': 5.9280880857991205, 'ridge_frequency_relative_mae': 0.47139444023230576, 'ridge_frequency_windows': 24.0}",0.1456449711415396,-0.011613831136555787
nist302-registered:00002406/00002406_1F_R_L01_BP_S21_1000PPI_8BPC_1CH_LP04-1_1,00002406,0.06815250008914799,0.20798931892084724,11.66518207987696,0.33055940618865043,2720.0,0.5082073211669922,0.058890831810674754,0.192299382213284,12.299523113920863,0.3716765165348104,2720.0,0.47232404351234436,0.3603500044920863,"{'ridge_frequency_mae_cpx': 0.08799342105263158, 'ridge_period_mae_pixels': 5.866872414693543, 'ridge_frequency_relative_mae': 0.5494000048030337, 'ridge_frequency_windows': 19.0}",0.14125457229249241,-0.5278211206871363
nist302-registered:00002406/00002406_1G_L_L01_BP_S21_1000PPI_8BPC_1CH_LP01-1_1,00002406,0.03513688916882527,0.16151446373347778,14.542366912362114,0.38222637034729956,3320.0,0.47159916162490845,0.048538071206361263,0.1950156853410853,13.139174855458489,0.3216047339262626,3320.0,0.5252525210380554,0.724527060869082,"{'ridge_frequency_mae_cpx': 0.08966619318181818, 'ridge_period_mae_pixels': 6.249407573452208, 'ridge_frequency_relative_mae': 0.4524481466605426, 'ridge_frequency_windows': 22.0}",0.15331617830186545,-0.5277211748002943
nist302-registered:00002406/00002406_1H_R_L01_BP_S21_1000PPI_8BPC_1CH_LP01-1_1,00002406,0.07581794412416935,0.2563435079472555,11.20227996058805,0.3747174403122257,2047.0,0.451371431350708,0.13281829569349735,0.3293143352561889,8.767420968697875,0.31633110991654945,2047.0,0.5838678181171417,0.23433848875588348,"{'ridge_frequency_mae_cpx': nan, 'ridge_period_mae_pixels': nan, 'ridge_frequency_relative_mae': nan, 'ridge_frequency_windows': 0.0}",0.2483823039232998,0.2707392194804069
nist302-registered:00002406/00002406_6D_X_184_WT_D800_1000PPI_8BPC_1CH_LP10-1_1,00002406,0.046563677107244024,0.17773761786340864,13.319527310143368,0.4480905393428121,2074.0,0.5030282139778137,0.06772125677666231,0.2485955594504466,11.69274990815542,0.3603057252233498,2074.0,0.4790157079696655,0.38013394056667926,"{'ridge_frequency_mae_cpx': nan, 'ridge_period_mae_pixels': nan, 'ridge_frequency_relative_mae': nan, 'ridge_frequency_windows': 0.0}",0.2028209345548922,-0.5731826326331972
nist302-registered:00002408/00002408_1D_R_L01_BP_S25_1000PPI_8BPC_1CH_LP02-1_1,00002408,0.04317573048786928,0.19461892894139896,13.647603058932896,0.5189085597995714,3818.0,0.360622763633728,0.06082154807653687,0.2313156199664455,12.159425300560558,0.4929263862615845,3818.0,0.4531649947166443,0.512000194859572,"{'ridge_frequency_mae_cpx': 0.060317095588235295, 'ridge_period_mae_pixels': 7.966701183780844, 'ridge_frequency_relative_mae': 0.5578599708878356, 'ridge_frequency_windows': 34.0}",0.20189698073074352,0.020382074847567166
nist302-registered:00002408/00002408_1E_R_L01_BP_S25_1000PPI_8BPC_1CH_LP01-1_1,00002408,0.09244098579178155,0.29389347949337785,10.341354318466685,0.26582188592347233,1801.0,0.4252583086490631,0.023573668052086303,0.1407345100484379,16.27572836192783,0.49943067718884915,1801.0,0.2662281394004822,0.2258835183512119,"{'ridge_frequency_mae_cpx': 0.045572916666666664, 'ridge_period_mae_pixels': 7.315674472031777, 'ridge_frequency_relative_mae': 0.3846293699028622, 'ridge_frequency_windows': 3.0}",0.19403816255592116,0.11205494008651828
nist302-registered:00002408/00002408_1H_R_L01_BP_S25_1000PPI_8BPC_1CH_LP13-1_1,00002408,0.022731588048791378,0.13068500275307512,16.433702230196104,0.4202338300570518,2115.0,0.29259103536605835,0.048162353067237366,0.20882451765362534,13.172923029140138,0.3610902467227489,2115.0,0.3541868329048157,0.12230496539008912,"{'ridge_frequency_mae_cpx': 0.03515625, 'ridge_period_mae_pixels': 6.501942501942503, 'ridge_frequency_relative_mae': 0.34259259259259256, 'ridge_frequency_windows': 4.0}",0.15372310170387343,0.10561799443035505
nist302-registered:00002408/00002408_2B_X_L03_BP_S25_1000PPI_8BPC_1CH_LP04-1_1,00002408,0.11639481820748619,0.3372931491776662,9.340663536550975,0.49796067431156965,3801.0,0.5113702118396759,0.13846465174961195,0.3589159451372151,8.586610822634222,0.4619438830615791,3801.0,0.6148124635219574,0.7305284786688672,"{'ridge_frequency_mae_cpx': 0.02890625, 'ridge_period_mae_pixels': 3.6510115203111697, 'ridge_frequency_relative_mae': 0.2636537419222809, 'ridge_frequency_windows': 25.0}",0.15417609197712492,-0.42405857610770864
nist302-registered:00002408/00002408_2B_X_L03_BP_S25_1000PPI_8BPC_1CH_LP11-1_1,00002408,0.014965331016055307,0.09705902101548539,18.249136726188887,0.45624403220639725,3627.0,0.33817389607429504,0.10692970851748365,0.29732121074038625,9.70901617029641,0.2972172540540073,3627.0,0.5771538615226746,0.214838530600672,"{'ridge_frequency_mae_cpx': 0.06796875, 'ridge_period_mae_pixels': 7.3650163171481156, 'ridge_frequency_relative_mae': 0.43027112533568773, 'ridge_frequency_windows': 5.0}",0.2224715557560501,-0.46605166041043683
nist302-registered:00002408/00002408_6C_X_073_BT_D800_1000PPI_8BPC_1CH_LP04-1_1,00002408,0.01644743950954474,0.09883890526167403,17.839017021777288,0.49753728181802226,3858.0,0.46927958726882935,0.07327667761630857,0.2199243494517572,11.350342299190002,0.38738909933934224,3858.0,0.5271068513393402,0.4655607304794163,"{'ridge_frequency_mae_cpx': 0.10044642857142858, 'ridge_period_mae_pixels': 7.301102338954148, 'ridge_frequency_relative_mae': 0.5076891353526968, 'ridge_frequency_windows': 28.0}",0.23268232223231083,0.6948492939008641
nist302-registered:00002408/00002408_6C_X_073_BT_D800_1000PPI_8BPC_1CH_LP07-1_1,00002408,0.015896048073150253,0.11214683527205814,17.987108324940948,0.41648671886022987,779.0,0.34332555532455444,0.07191862718399697,0.24106483832862471,11.43158611209548,0.17640908276608683,779.0,0.5740142464637756,0.17431592566748458,"{'ridge_frequency_mae_cpx': nan, 'ridge_period_mae_pixels': nan, 'ridge_frequency_relative_mae': nan, 'ridge_frequency_windows': 0.0}",0.16086070446269174,-0.5928877802042594
nist302-registered:00002412/00002412_1D_L_L01_BP_S06_1000PPI_8BPC_1CH_LP04-1_1,00002412,0.0203312643661252,0.11983232485258193,16.918356125003328,0.5173921518967681,1662.0,0.28766942024230957,0.020959611640301523,0.1228495550069568,16.786167686366223,0.5593133664918457,1662.0,0.3258342742919922,0.08625048843541931,"{'ridge_frequency_mae_cpx': nan, 'ridge_period_mae_pixels': nan, 'ridge_frequency_relative_mae': nan, 'ridge_frequency_windows': 0.0}",0.1741237602084081,-0.4850302835105972
nist302-registered:00002412/00002412_1D_R_L01_BP_S06_1000PPI_8BPC_1CH_LP04-1_1,00002412,0.06641072082973788,0.24322178773315,11.777618058524284,0.21288425397274627,2093.0,0.41632017493247986,0.09067450643445125,0.2629661549948871,10.425147997219163,0.28681721452968906,2093.0,0.48397836089134216,0.11539815698116651,"{'ridge_frequency_mae_cpx': nan, 'ridge_period_mae_pixels': nan, 'ridge_frequency_relative_mae': nan, 'ridge_frequency_windows': 0.0}",0.17259465196303975,-0.024853939692030348
nist302-registered:00002412/00002412_1E_R_L02_BP_S06_1000PPI_8BPC_1CH_LP01-1_1,00002412,0.023135338209264018,0.13724424324252388,16.357241472838822,0.58817818853461,1980.0,0.23475885391235352,0.037834664702332356,0.1635904955141472,14.221101104759065,0.5416872379085298,1980.0,0.32399773597717285,0.23107482487467707,"{'ridge_frequency_mae_cpx': nan, 'ridge_period_mae_pixels': nan, 'ridge_frequency_relative_mae': nan, 'ridge_frequency_windows': 0.0}",0.1319208051498662,-0.2014706697255081
nist302-registered:00002412/00002412_4A_X_354_IN_D800_1000PPI_8BPC_1CH_LP24-1_1,00002412,0.04243593276756295,0.1739596956685405,13.722662473260618,0.2615366244831898,1222.0,0.43571436405181885,0.08323044464447159,0.24134889135286577,10.797177852165698,0.2155924571478688,1222.0,0.5696102678775787,0.6971645872046928,"{'ridge_frequency_mae_cpx': nan, 'ridge_period_mae_pixels': nan, 'ridge_frequency_relative_mae': nan, 'ridge_frequency_windows': 0.0}",0.21329615792263493,0.5618772943802084
nist302-registered:00002412/00002412_4A_X_357_IN_D800_1000PPI_8BPC_1CH_LP24-1_1,00002412,0.04254150956157919,0.16693843915316597,13.71187103464035,0.2925832399911139,2631.0,0.5370635986328125,0.06081305861815904,0.21109685637070988,12.160031530158204,0.2841396882731987,2631.0,0.7151351720094681,0.20018568355282115,"{'ridge_frequency_mae_cpx': nan, 'ridge_period_mae_pixels': nan, 'ridge_frequency_relative_mae': nan, 'ridge_frequency_windows': 0.0}",0.15831402429336183,-0.001301565112801708
nist302-registered:00002412/00002412_4A_X_358_IN_D800_1000PPI_8BPC_1CH_LP07-1_1,00002412,0.10431935468625697,0.3001396441098661,9.816351081254268,0.15838500185633644,3682.0,0.6087941229343414,0.3563737124936948,0.5569866893773555,4.480943386979696,0.0933247834541315,3682.0,0.8552618026733398,0.36392377777417195,"{'ridge_frequency_mae_cpx': 0.10526315789473684, 'ridge_period_mae_pixels': 9.39294015235751, 'ridge_frequency_relative_mae': 0.5959067024468129, 'ridge_frequency_windows': 19.0}",0.22334924481344884,0.47244133420562184
nist302-registered:00002412/00002412_7C_X_569_CA_D800_1000PPI_8BPC_1CH_LP03-1_1,00002412,0.0283892614545109,0.14106055275661455,15.468459054805752,0.2099370219810811,3317.0,0.4620818495750427,0.06547625058228258,0.21749655149915256,11.83916197892456,0.19920401983813452,3317.0,0.6627240478992462,0.7597993111039535,"{'ridge_frequency_mae_cpx': 0.035546875, 'ridge_period_mae_pixels': 2.1640626313009435, 'ridge_frequency_relative_mae': 0.23962871675865793, 'ridge_frequency_windows': 10.0}",0.17592744015128664,0.08238730524887004
nist302-registered:00002413/00002413_1D_R_L01_BP_S24_1000PPI_8BPC_1CH_LP01-1_1,00002413,0.034664939350986516,0.1770771687027196,14.601095552965935,0.41974279060852976,1989.0,0.31327366828918457,0.003949863962069326,0.05221863326983214,24.034178617254412,0.670948600122416,1989.0,0.2766883969306946,0.25415265927786734,"{'ridge_frequency_mae_cpx': nan, 'ridge_period_mae_pixels': nan, 'ridge_frequency_relative_mae': nan, 'ridge_frequency_windows': 0.0}",0.24798441583808833,-0.06225851436411278
nist302-registered:00002413/00002413_4G_X_347_IN_D800_1000PPI_8BPC_1CH_LP16-1_1,00002413,0.020499142492469917,0.1133325823237387,16.8826430570413,0.4054250950991098,3115.0,0.40903908014297485,0.03667490302124912,0.14399809652691287,14.356310258798278,0.3596729387229883,3115.0,0.5312888920307159,0.35230083543109275,"{'ridge_frequency_mae_cpx': 0.048177083333333336, 'ridge_period_mae_pixels': 6.230263223366673, 'ridge_frequency_relative_mae': 0.3426065162907268, 'ridge_frequency_windows': 3.0}",0.16426610819648588,0.08649942178904317
nist302-registered:00002426/00002426_1C_L_L01_BP_S04_1000PPI_8BPC_1CH_LP04-1_1,00002426,0.01042145876418486,0.08564159018016544,19.820714855572447,0.40569827615271004,803.0,0.3000945448875427,0.02367310164955185,0.12883518485916062,16.257448370841225,0.36626701203459144,803.0,0.2752529978752136,0.13428585641593693,"{'ridge_frequency_mae_cpx': nan, 'ridge_period_mae_pixels': nan, 'ridge_frequency_relative_mae': nan, 'ridge_frequency_windows': 0.0}",0.1701706708792456,0.09546944519521257
nist302-registered:00002426/00002426_1C_R_L01_BP_S04_1000PPI_8BPC_1CH_LP01-1_1,00002426,0.00949398532724601,0.08506209166255438,20.22551443810098,0.6128980464948562,3156.0,0.31434422731399536,0.07634970665698226,0.24797344883887334,11.171926272061015,0.37855234097234053,3156.0,0.5848748683929443,0.33195067322683364,"{'ridge_frequency_mae_cpx': 0.0703125, 'ridge_period_mae_pixels': 5.0863058266784975, 'ridge_frequency_relative_mae': 0.41258503401360547, 'ridge_frequency_windows': 2.0}",0.22862212106965926,0.7272903325343483
nist302-registered:00002426/00002426_1C_R_L01_BP_S04_1000PPI_8BPC_1CH_LP02-1_1,00002426,0.011050544932497613,0.09036862816226449,19.56616305205891,0.5115590904280626,2106.0,0.3195803165435791,0.07110825432658595,0.2319031129648656,11.480799829493371,0.3213397901784166,2106.0,0.5709068775177002,0.22076562715661194,"{'ridge_frequency_mae_cpx': nan, 'ridge_period_mae_pixels': nan, 'ridge_frequency_relative_mae': nan, 'ridge_frequency_windows': 0.0}",0.19289826720209044,-0.23007205151127624
nist302-registered:00002426/00002426_1C_R_L01_BP_S04_1000PPI_8BPC_1CH_LP03-1_1,00002426,0.006276444078257878,0.05885118789370498,22.022863362906435,0.6085871844879047,2271.0,0.31888288259506226,0.06520397171924755,0.22860127409246722,11.85725949617494,0.36081466933097417,2271.0,0.5239905416965485,0.23753478957514942,"{'ridge_frequency_mae_cpx': nan, 'ridge_period_mae_pixels': nan, 'ridge_frequency_relative_mae': nan, 'ridge_frequency_windows': 0.0}",0.2008812677513813,-0.08758522553333371
nist302-registered:00002426/00002426_1C_R_L01_BP_S04_1000PPI_8BPC_1CH_LP04-1_1,00002426,0.0589114507726327,0.21173458320401362,12.29800282054522,0.2990501964185225,1111.0,0.43385666608810425,0.05870312821568891,0.2153905733387069,12.313387551303565,0.28791710826934325,1111.0,0.3706601858139038,0.1642958209357215,"{'ridge_frequency_mae_cpx': nan, 'ridge_period_mae_pixels': nan, 'ridge_frequency_relative_mae': nan, 'ridge_frequency_windows': 0.0}",0.15886160193095708,-0.7037253540636972
nist302-registered:00002426/00002426_1C_X_L01_BP_S04_1000PPI_8BPC_1CH_LP01-1_1,00002426,0.009235801306611932,0.08696220190852103,20.34525418800577,0.5631017225767089,2413.0,0.2291942834854126,0.009717113217834928,0.08669830502388737,20.124627371081235,0.4907696346102353,2413.0,0.22769588232040405,0.16924125894945877,"{'ridge_frequency_mae_cpx': 0.01171875, 'ridge_period_mae_pixels': 0.7757575757575754, 'ridge_frequency_relative_mae': 0.1, 'ridge_frequency_windows': 1.0}",0.12933553038764317,-0.06365723897918556
nist302-registered:00002426/00002426_1C_X_L01_BP_S04_1000PPI_8BPC_1CH_LP06-1_1,00002426,0.09770486662316862,0.30028579723527576,10.100838037843031,0.2563195450310334,1396.0,0.42371422052383423,0.08324064805012091,0.2505194186566552,10.796645473516175,0.3272367117657067,1396.0,0.4744225740432739,0.5747332656429446,"{'ridge_frequency_mae_cpx': nan, 'ridge_period_mae_pixels': nan, 'ridge_frequency_relative_mae': nan, 'ridge_frequency_windows': 0.0}",0.19741710820214348,-0.5454260026519533
nist302-registered:00002426/00002426_1E_L_L01_BP_S04_1000PPI_8BPC_1CH_LP01-1_1,00002426,0.03648999903631869,0.16835040063052983,14.37826148104836,0.5568729633008502,2310.0,0.35326987504959106,0.08969930414357663,0.26202621809589915,10.472109260504126,0.43813173042585457,2310.0,0.46224409341812134,0.17155009481226252,"{'ridge_frequency_mae_cpx': nan, 'ridge_period_mae_pixels': nan, 'ridge_frequency_relative_mae': nan, 'ridge_frequency_windows': 0.0}",0.19680096520526802,-0.33049275991961274
nist302-registered:00002426/00002426_1E_L_L01_BP_S04_1000PPI_8BPC_1CH_LP02-1_1,00002426,0.03963626771268413,0.18712065747526826,14.019072469238733,0.4242834954032247,2440.0,0.3160773515701294,0.07700633630979542,0.25621437489009297,11.134735383189138,0.37541964713314435,2440.0,0.42835745215415955,0.19827790253031463,"{'ridge_frequency_mae_cpx': 0.06575520833333333, 'ridge_period_mae_pixels': 6.480689207592207, 'ridge_frequency_relative_mae': 0.3855288057190917, 'ridge_frequency_windows': 6.0}",0.22868615314146323,-0.11873866133910531
nist302-registered:00002426/00002426_1E_L_L01_BP_S04_1000PPI_8BPC_1CH_LP03-1_1,00002426,0.04316009114077087,0.19986549915667778,13.649176468924617,0.4254534099848996,1670.0,0.3380146026611328,0.07537832751845006,0.23563274063036113,11.2275350283184,0.34823865360253453,1670.0,0.4898093342781067,0.15582151371381517,"{'ridge_frequency_mae_cpx': nan, 'ridge_period_mae_pixels': nan, 'ridge_frequency_relative_mae': nan, 'ridge_frequency_windows': 0.0}",0.2633416200724292,-0.7768989399209892
nist302-registered:00002426/00002426_1E_R_L01_BP_S04_1000PPI_8BPC_1CH_LP02-1_1,00002426,0.022811526827324655,0.13575332419337177,16.41845645433993,0.5668687359037456,3306.0,0.35974305868148804,0.02703783931866547,0.15124924068947093,15.6802801722278,0.5320802066979019,3306.0,0.3658963441848755,0.2513355168882203,"{'ridge_frequency_mae_cpx': nan, 'ridge_period_mae_pixels': nan, 'ridge_frequency_relative_mae': nan, 'ridge_frequency_windows': 0.0}",0.2020320141805984,0.09110468855917621
nist302-registered:00002426/00002426_1F_R_L01_BP_S04_1000PPI_8BPC_1CH_LP04-1_1,00002426,0.05147881639339369,0.21085096841536197,12.883714469993366,0.561338585953586,4925.0,0.49213653802871704,0.06843048594675587,0.24004247576452148,11.647503759287916,0.5205982470810149,4925.0,0.48072659969329834,0.5144134043000685,"{'ridge_frequency_mae_cpx': 0.06577845982142858, 'ridge_period_mae_pixels': 9.100238152954429, 'ridge_frequency_relative_mae': 0.5303184718147581, 'ridge_frequency_windows': 56.0}",0.14792622384470042,-0.6356513834759089
nist302-registered:00002426/00002426_1G_L_L01_BP_S04_1000PPI_8BPC_1CH_LP03-1_1,00002426,0.010408364705135266,0.07834336204892352,19.8261749866661,0.5523850049925693,2479.0,0.3567432165145874,0.08602787946016979,0.24791391321900103,10.653607820870509,0.3826518918158855,2479.0,0.5118132829666138,0.09112926959185505,"{'ridge_frequency_mae_cpx': 0.0498046875, 'ridge_period_mae_pixels': 4.842591326801853, 'ridge_frequency_relative_mae': 0.3530388471177945, 'ridge_frequency_windows': 4.0}",0.2001123876311261,-0.10764213189117101
nist302-registered:00002426/00002426_1G_L_L01_BP_S04_1000PPI_8BPC_1CH_LP04-1_1,00002426,0.002737907756620396,0.042894587447088614,25.625811878549122,0.8132361936063539,821.0,0.18720602989196777,0.01874732948089973,0.12532871569553333,17.270605878994694,0.6117715041496867,821.0,0.2521604299545288,0.014756965969073239,"{'ridge_frequency_mae_cpx': nan, 'ridge_period_mae_pixels': nan, 'ridge_frequency_relative_mae': nan, 'ridge_frequency_windows': 0.0}",0.16860480543938391,-0.17488446960538492
nist302-registered:00002426/00002426_4A_X_471_IN_D800_1000PPI_8BPC_1CH_LP01-1_1,00002426,0.01686038441451261,0.10188803768415824,17.731325277422158,0.25865568573434183,4438.0,0.5587589144706726,0.016024172851791692,0.10657829382683899,17.952243789806786,0.2731029706126457,4438.0,0.45234018564224243,0.4608883797247844,"{'ridge_frequency_mae_cpx': 0.07840401785714286, 'ridge_period_mae_pixels': 8.717333814341293, 'ridge_frequency_relative_mae': 0.5796283123793435, 'ridge_frequency_windows': 14.0}",0.16368607390830975,0.04016645358044341
nist302-registered:00002426/00002426_4A_X_473_IN_D800_1000PPI_8BPC_1CH_LP01-1_1,00002426,0.05727921536280825,0.19186628999575772,12.420029398261896,0.21298715043602223,3497.0,0.6923932731151581,0.08982717128416044,0.22822162316787709,10.465922763183286,0.2049011211899835,3497.0,0.7208593040704727,0.3980956046138159,"{'ridge_frequency_mae_cpx': 0.03125, 'ridge_period_mae_pixels': 2.666666666666666, 'ridge_frequency_relative_mae': 0.3333333333333333, 'ridge_frequency_windows': 1.0}",0.22072621357678843,0.18408005147073786
nist302-registered:00002426/00002426_4A_X_474_IN_D800_1000PPI_8BPC_1CH_LP02-1_1,00002426,0.0533732727411042,0.18097172358661848,12.726761663209258,0.26813483983386,2103.0,0.66598179936409,0.06823025824280858,0.224558604788168,11.660229849678657,0.2573668830307652,2103.0,0.7617057859897614,0.6542316173676048,"{'ridge_frequency_mae_cpx': nan, 'ridge_period_mae_pixels': nan, 'ridge_frequency_relative_mae': nan, 'ridge_frequency_windows': 0.0}",0.13442909965558217,-0.26125520334467356
nist302-registered:00002426/00002426_4A_X_475_IN_D800_1000PPI_8BPC_1CH_LP02-1_1,00002426,0.02562411727025087,0.11808072638245268,15.913510867659369,0.29058886856068594,2148.0,0.6404506415128708,0.053367588073205796,0.18440838128994297,12.727224245182692,0.24654747398302695,2148.0,0.6357561349868774,0.6633142973912776,"{'ridge_frequency_mae_cpx': nan, 'ridge_period_mae_pixels': nan, 'ridge_frequency_relative_mae': nan, 'ridge_frequency_windows': 0.0}",0.2002031324705321,-0.24767425393213158
nist302-registered:00002426/00002426_6C_X_185_BT_D800_1000PPI_8BPC_1CH_LP27-1_1,00002426,0.01898136385939466,0.10777538643249152,17.216725856216367,0.5412903534903147,5422.0,0.3368128538131714,0.030485664181354927,0.14296710135553298,15.159043387048719,0.4803150459886016,5422.0,0.5428878664970398,0.6247329441307573,"{'ridge_frequency_mae_cpx': 0.09190538194444445, 'ridge_period_mae_pixels': 8.618759157768276, 'ridge_frequency_relative_mae': 0.5185313049152306, 'ridge_frequency_windows': 36.0}",0.18455094042940676,0.4735740010543764
nist302-registered:00002426/00002426_6C_X_185_BT_D800_1000PPI_8BPC_1CH_LP29-1_1,00002426,0.05792677725044036,0.19743173315698198,12.371206327521683,0.3448777412362638,2396.0,0.5623567700386047,0.11289901501867806,0.29965838834717995,9.473098470371129,0.24625574563833272,2396.0,0.7225766181945801,0.3783035872465533,"{'ridge_frequency_mae_cpx': nan, 'ridge_period_mae_pixels': nan, 'ridge_frequency_relative_mae': nan, 'ridge_frequency_windows': 0.0}",0.2319276025210037,-0.36734672736730223
nist302-registered:00002426/00002426_6C_X_185_BT_D800_1000PPI_8BPC_1CH_LP30-1_1,00002426,0.02449858065325469,0.13645515695246377,16.108590761381333,0.48852932923599546,3249.0,0.5051540434360504,0.09825448354694538,0.28424764252802376,10.076476227818464,0.2956017382551611,3249.0,0.7693125605583191,0.24971522936224774,"{'ridge_frequency_mae_cpx': 0.11830357142857142, 'ridge_period_mae_pixels': 12.387321869954308, 'ridge_frequency_relative_mae': 0.6373923453865444, 'ridge_frequency_windows': 14.0}",0.27611598721303043,-0.4519117859565849
nist302-registered:00002426/00002426_6C_X_185_BT_D800_1000PPI_8BPC_1CH_LP37-1_1,00002426,0.04600820464439594,0.1799932428963888,13.371647136651077,0.42695343320109025,5235.0,0.4396396279335022,0.032184320820157146,0.1434626097665475,14.923556512754264,0.4365249890082126,5235.0,0.6189587414264679,0.37635639149886935,"{'ridge_frequency_mae_cpx': 0.09390625, 'ridge_period_mae_pixels': 4.0637509813661294, 'ridge_frequency_relative_mae': 0.547966131924182, 'ridge_frequency_windows': 25.0}",0.22136447225098949,0.33328275963351206
nist302-registered:00002426/00002426_6C_X_185_BT_D800_1000PPI_8BPC_1CH_LP38-1_1,00002426,0.044684213495944695,0.17361552682120546,13.498458818464798,0.2907079572632686,2461.0,0.4635409712791443,0.06816695781974501,0.19025246246177846,11.66426087424146,0.2927051839441427,2461.0,0.6108710765838623,0.17194861435993533,"{'ridge_frequency_mae_cpx': nan, 'ridge_period_mae_pixels': nan, 'ridge_frequency_relative_mae': nan, 'ridge_frequency_windows': 0.0}",0.21526426404676524,0.3722235952202258
nist302-registered:00002426/00002426_6C_X_185_BT_D800_1000PPI_8BPC_1CH_LP54-1_1,00002426,0.12056834491880628,0.33458950549904776,9.187667007501014,0.36291907746976565,3693.0,0.5477188229560852,0.04628716860044477,0.13770279119629994,13.345393843243723,0.500489252414889,3693.0,0.7025495171546936,0.39082091176633793,"{'ridge_frequency_mae_cpx': 0.05703125, 'ridge_period_mae_pixels': 6.552922356505992, 'ridge_frequency_relative_mae': 0.5150393460201035, 'ridge_frequency_windows': 15.0}",0.21051454022806304,0.6975101803469078
nist302-registered:00002462/00002462_1E_L_L01_BP_S21_1000PPI_8BPC_1CH_LP03-1_1,00002462,0.025445375821020667,0.1351102537502986,15.943911303363688,0.47164923434705724,4443.0,0.35827624797821045,0.06666839823988487,0.22722468058482875,11.760799790117671,0.45546547981647156,4443.0,0.47597330808639526,0.5607085698370271,"{'ridge_frequency_mae_cpx': 0.07173295454545454, 'ridge_period_mae_pixels': 8.10274839986197, 'ridge_frequency_relative_mae': 0.5333184807298613, 'ridge_frequency_windows': 33.0}",0.1933772677378345,0.5150279157893557
nist302-registered:00002462/00002462_1E_R_L01_BP_S21_1000PPI_8BPC_1CH_LP01-1_1,00002462,0.0712008144740587,0.24602036377748843,11.47515038391708,0.29200225743379205,1769.0,0.4840843975543976,0.17438039591143792,0.40107281561656616,7.585023406536941,0.2359741738785069,1769.0,0.6817246973514557,0.5240328698532378,"{'ridge_frequency_mae_cpx': 0.06610576923076923, 'ridge_period_mae_pixels': 7.591829716071309, 'ridge_frequency_relative_mae': 0.535328613519747, 'ridge_frequency_windows': 13.0}",0.13256883862157837,0.20859702494464685
nist302-registered:00002462/00002462_1H_L_L01_BP_S21_1000PPI_8BPC_1CH_LP12-1_1,00002462,0.1338885128635007,0.36244410557173223,8.732566822411549,0.24465136477279037,1571.0,0.46011871099472046,0.10497090332382418,0.31154192947112097,9.789310654737747,0.28498102075738635,1571.0,0.4601694941520691,0.0657933196687569,"{'ridge_frequency_mae_cpx': nan, 'ridge_period_mae_pixels': nan, 'ridge_frequency_relative_mae': nan, 'ridge_frequency_windows': 0.0}",0.15599508684596344,-0.5736725914530569
nist302-registered:00002462/00002462_6E_X_093_BT_D800_1000PPI_8BPC_1CH_LP18-1_1,00002462,0.009361463344322767,0.08195382477986934,20.286562588803957,0.5063940517437522,2849.0,0.361205518245697,0.03907305269401796,0.16394957793348922,14.081226569509035,0.440905729112995,2849.0,0.6086260080337524,0.21767356338659336,"{'ridge_frequency_mae_cpx': 0.08984375, 'ridge_period_mae_pixels': 3.6567461687722487, 'ridge_frequency_relative_mae': 0.4958629140212099, 'ridge_frequency_windows': 8.0}",0.22175597817356504,0.14767926030049036
nist302-registered:00002462/00002462_6E_X_093_BT_D800_1000PPI_8BPC_1CH_LP24-1_1,00002462,0.07994241082454603,0.2371169848247659,10.972227588528753,0.28462569884328054,1165.0,0.5540562272071838,0.060029143560468616,0.20777392635529646,12.216378527063592,0.497495442070685,1165.0,0.5134558975696564,0.11391416892621835,"{'ridge_frequency_mae_cpx': nan, 'ridge_period_mae_pixels': nan, 'ridge_frequency_relative_mae': nan, 'ridge_frequency_windows': 0.0}",0.245089357313406,-0.505890956569796
nist302-registered:00002462/00002462_6E_X_094_BT_D800_1000PPI_8BPC_1CH_LP07-1_1,00002462,0.03501922191834637,0.1502682281000911,14.556935076050184,0.2266866684646086,3767.0,0.49002809822559357,0.04572465813184963,0.18055615514588033,13.398495329156521,0.1989731354867984,3767.0,0.556779146194458,0.3528830115891048,"{'ridge_frequency_mae_cpx': 0.07573784722222222, 'ridge_period_mae_pixels': 9.055116573547975, 'ridge_frequency_relative_mae': 0.5559498005451204, 'ridge_frequency_windows': 18.0}",0.23772481061181105,0.15241484831349889
nist302-registered:00002494/00002494_1D_L_L01_BP_S05_1000PPI_8BPC_1CH_LP03-1_1,00002494,0.058082306361090325,0.23770642323707877,12.359561467844136,0.22434361978422687,1382.0,0.3299894332885742,0.1591467702957126,0.3663071517100728,7.982021704704531,0.21455367391817504,1382.0,0.5578915774822235,0.048862855206466105,"{'ridge_frequency_mae_cpx': nan, 'ridge_period_mae_pixels': nan, 'ridge_frequency_relative_mae': nan, 'ridge_frequency_windows': 0.0}",0.18735352661310456,-0.33379930403586106
nist302-registered:00002494/00002494_1F_L_L01_BP_S05_1000PPI_8BPC_1CH_LP03-1_1,00002494,0.05502371440940625,0.2182902034305436,12.594500956428242,0.18978192630318727,1006.0,0.4696941375732422,0.1561265686234612,0.3829316036779411,8.06523185184078,0.002735968276787993,1006.0,0.6235277354717255,0.10026044588654429,"{'ridge_frequency_mae_cpx': nan, 'ridge_period_mae_pixels': nan, 'ridge_frequency_relative_mae': nan, 'ridge_frequency_windows': 0.0}",0.1847909618570059,-0.22092103443604919
nist302-registered:00002494/00002494_1G_L_L01_BP_S05_1000PPI_8BPC_1CH_LP02-1_1,00002494,0.04837057236438332,0.20970114817691435,13.15418773615832,0.3236249349609899,2116.0,0.3879649043083191,0.021107323752245735,0.10850303198980249,16.75566828431466,0.49865892105081827,2116.0,0.3587140440940857,0.2413060948660921,"{'ridge_frequency_mae_cpx': 0.048828125, 'ridge_period_mae_pixels': 3.425900607145279, 'ridge_frequency_relative_mae': 0.32428351124003296, 'ridge_frequency_windows': 6.0}",0.1619102838010304,-0.4746285493979531
nist302-registered:00002494/00002494_1G_L_L01_BP_S05_1000PPI_8BPC_1CH_LP03-1_1,00002494,0.032361406282488674,0.1708554857684954,14.899726141470769,0.5493433045661081,3417.0,0.2868156433105469,0.06538857716118493,0.24448365382119722,11.844981126719352,0.4613271017433606,3417.0,0.41942906379699707,0.48728935048341215,"{'ridge_frequency_mae_cpx': 0.07114955357142858, 'ridge_period_mae_pixels': 6.385857385236663, 'ridge_frequency_relative_mae': 0.5377390370168057, 'ridge_frequency_windows': 28.0}",0.13784020974396702,0.4153664164714647
nist302-registered:00002494/00002494_1G_R_L01_BP_S05_1000PPI_8BPC_1CH_LP02-1_1,00002494,0.025005341678088842,0.14523810156540617,16.019672067873888,0.42770622987199375,1436.0,0.3137553334236145,0.03327893274948189,0.12554974629852433,14.77830609918662,0.5574503159940258,1436.0,0.5102121531963348,0.4187692541102215,"{'ridge_frequency_mae_cpx': nan, 'ridge_period_mae_pixels': nan, 'ridge_frequency_relative_mae': nan, 'ridge_frequency_windows': 0.0}",0.16137168621233008,0.21970347907465523
nist302-registered:00002494/00002494_2B_X_L01_BP_S05_1000PPI_8BPC_1CH_LP05-1_1,00002494,0.02472665878329611,0.1425738766997293,16.06834564189118,0.5658158075711179,6237.0,0.3260822892189026,0.009506614275805349,0.08159650026729365,20.219741269260197,0.6216735706030705,6237.0,0.31118494272232056,0.45447163954617426,"{'ridge_frequency_mae_cpx': 0.06343410326086957, 'ridge_period_mae_pixels': 7.092532487535354, 'ridge_frequency_relative_mae': 0.4460880475143829, 'ridge_frequency_windows': 46.0}",0.16842624990504146,-0.4298980207150264
nist302-registered:00002494/00002494_4A_X_531_IN_D800_1000PPI_8BPC_1CH_LP10-1_1,00002494,0.053877032794108624,0.19589388506966754,12.685963304811557,0.3203734690392665,4663.0,0.5464476943016052,0.02448678356828067,0.13343852492851835,16.110682573532667,0.3156119725622982,4663.0,0.5111899375915527,0.3665667351745681,"{'ridge_frequency_mae_cpx': 0.09051724137931035, 'ridge_period_mae_pixels': 10.509718430731033, 'ridge_frequency_relative_mae': 0.572137352332766, 'ridge_frequency_windows': 29.0}",0.2248286317348816,0.2797196312920257
nist302-registered:00002494/00002494_4A_X_534_IN_D800_1000PPI_8BPC_1CH_LP08-1_1,00002494,0.024015927550439478,0.12895084860384778,16.195006352478657,0.4530264712242459,1512.0,0.42545899748802185,0.059300443528346417,0.21289861712742736,12.269420583862757,0.25831042131673265,1512.0,0.4697064459323883,0.07283421479641525,"{'ridge_frequency_mae_cpx': nan, 'ridge_period_mae_pixels': nan, 'ridge_frequency_relative_mae': nan, 'ridge_frequency_windows': 0.0}",0.22831155868347114,0.48787112214487494
nist302-registered:00002494/00002494_4A_X_536_IN_D800_1000PPI_8BPC_1CH_LP01-1_1,00002494,0.03879456068604758,0.16366349125031157,14.112291617674288,0.27002846645188827,3303.0,0.5040773451328278,0.10376305212367858,0.3053271970873777,9.839572622422413,0.18714233566087352,3303.0,0.6000341475009918,0.5164320797643261,"{'ridge_frequency_mae_cpx': 0.08272879464285714, 'ridge_period_mae_pixels': 5.183814604524379, 'ridge_frequency_relative_mae': 0.5316092835689794, 'ridge_frequency_windows': 28.0}",0.24014452571402753,-0.6067316849880121
nist302-registered:00002494/00002494_4A_X_537_IN_D800_1000PPI_8BPC_1CH_LP01-1_1,00002494,0.052183595539479856,0.21165140233035432,12.824660005681377,0.2078480695944366,1078.0,0.3691754937171936,0.03874334192375212,0.1666926308941089,14.118029206213956,0.3845078725159166,1078.0,0.5293864905834198,0.15577742806305991,"{'ridge_frequency_mae_cpx': nan, 'ridge_period_mae_pixels': nan, 'ridge_frequency_relative_mae': nan, 'ridge_frequency_windows': 0.0}",0.16651152689557888,-0.13184367160079002
nist302-registered:00002494/00002494_6E_X_183_BT_D800_1000PPI_8BPC_1CH_LP10-1_1,00002494,0.04584068988604009,0.1848160220640842,13.387488550143619,0.2273922730044871,1070.0,0.47883933782577515,0.05823556006066757,0.20252907262227246,12.348117434933666,0.10725544533568533,1070.0,0.5313266813755035,0.3276659125280284,"{'ridge_frequency_mae_cpx': nan, 'ridge_period_mae_pixels': nan, 'ridge_frequency_relative_mae': nan, 'ridge_frequency_windows': 0.0}",0.16477774738151332,-0.24271174946640403
nist302-registered:00002494/00002494_6E_X_183_BT_D800_1000PPI_8BPC_1CH_LP14-1_1,00002494,0.03342901732942281,0.15959028942568157,14.7587638962585,0.2927771429909643,1841.0,0.4331653118133545,0.0646702954476531,0.22331027272989543,11.892951549645527,0.20291359002118844,1841.0,0.588566780090332,0.6279938726475074,"{'ridge_frequency_mae_cpx': nan, 'ridge_period_mae_pixels': nan, 'ridge_frequency_relative_mae': nan, 'ridge_frequency_windows': 0.0}",0.2287763161540651,0.0336163440634231
nist302-registered:00002494/00002494_6E_X_183_BT_D800_1000PPI_8BPC_1CH_LP15-1_1,00002494,0.030201191038957933,0.1404305896217432,15.199759295114767,0.33640839122582644,4598.0,0.518883615732193,0.045136324169866786,0.15139748387139174,13.454738120669706,0.31879682927202374,4598.0,0.7342983335256577,0.3089604839481786,"{'ridge_frequency_mae_cpx': 0.061848958333333336, 'ridge_period_mae_pixels': 6.705620805982186, 'ridge_frequency_relative_mae': 0.4195211924584241, 'ridge_frequency_windows': 24.0}",0.21020334269366484,0.21992761499323776
nist302-registered:00002494/00002494_6E_X_183_BT_D800_1000PPI_8BPC_1CH_LP15-2_1,00002494,0.036876131280194145,0.16860079419779492,14.332546475911478,0.377853843493397,3506.0,0.47982631623744965,0.09562679743146554,0.2463500417739204,10.19420388625456,0.31638266793896186,3506.0,0.707189530134201,0.26161513188474866,"{'ridge_frequency_mae_cpx': 0.08795797413793104, 'ridge_period_mae_pixels': 11.288999289127586, 'ridge_frequency_relative_mae': 0.5908395033190978, 'ridge_frequency_windows': 29.0}",0.219071384571707,0.3902009124343865
nist302-registered:00002494/00002494_6E_X_183_BT_D800_1000PPI_8BPC_1CH_LP25-1_1,00002494,0.043980652920382626,0.17892283396147146,13.567383275533441,0.2689148709810286,5718.0,0.5492930710315704,0.056917000449899446,0.17948498003296853,12.447579954883572,0.28242527620206087,5718.0,0.6594838201999664,0.4788357187078657,"{'ridge_frequency_mae_cpx': 0.071875, 'ridge_period_mae_pixels': 6.316657547192108, 'ridge_frequency_relative_mae': 0.4746817231170519, 'ridge_frequency_windows': 30.0}",0.1882771597811723,0.24252510180281725
nist302-registered:00002494/00002494_7D_X_290_CA_D800_1000PPI_8BPC_1CH_LP02-1_1,00002494,0.03844684520465197,0.16300043399211075,14.151392908800416,0.344699153257304,3997.0,0.6894580572843552,0.030811706616680843,0.14630485923477551,15.112842460621394,0.34202950806110577,3997.0,0.7676068991422653,0.4973727895835801,"{'ridge_frequency_mae_cpx': 0.13002232142857142, 'ridge_period_mae_pixels': 11.64214453168418, 'ridge_frequency_relative_mae': 0.6562419897345747, 'ridge_frequency_windows': 14.0}",0.262349491553824,-0.6548116160309422
nist302-registered:00002494/00002494_7D_X_290_CA_D800_1000PPI_8BPC_1CH_LP24-1_1,00002494,0.04308418776261642,0.18353031909425538,13.656820901047084,0.35666599920279984,5331.0,0.7074387818574905,0.07522405663833015,0.23062706839756544,11.236432499067464,0.3246293384745981,5331.0,0.6596916615962982,0.3219840540854109,"{'ridge_frequency_mae_cpx': 0.06670673076923077, 'ridge_period_mae_pixels': 5.702599721579213, 'ridge_frequency_relative_mae': 0.44440988494635536, 'ridge_frequency_windows': 26.0}",0.18951347015705647,-0.20540733819243992
nist302-registered:00002495/00002495_1C_R_L01_BP_S24_1000PPI_8BPC_1CH_LP10-1_1,00002495,0.03118717534084992,0.164348244009277,15.060239580236779,0.2995820925545598,1178.0,0.2817726731300354,0.019218117893152913,0.12255638574703845,17.162891467737065,0.4335004920046738,1178.0,0.26100659370422363,0.5613004281399127,"{'ridge_frequency_mae_cpx': nan, 'ridge_period_mae_pixels': nan, 'ridge_frequency_relative_mae': nan, 'ridge_frequency_windows': 0.0}",0.20028520076057446,-0.3094379456110535
nist302-registered:00002495/00002495_1C_R_L01_BP_S24_1000PPI_8BPC_1CH_LP13-1_1,00002495,0.10986582148456209,0.31727125025276626,9.59137392647279,0.4611924426184268,2577.0,0.49335962533950806,0.07176690080908778,0.25149647468830383,11.440758079905237,0.4944177276629464,2577.0,0.4230199456214905,0.13249641390429243,"{'ridge_frequency_mae_cpx': nan, 'ridge_period_mae_pixels': nan, 'ridge_frequency_relative_mae': nan, 'ridge_frequency_windows': 0.0}",0.21371236047055692,-0.5408154676684007
nist302-registered:00002495/00002495_1E_L_L01_BP_S24_1000PPI_8BPC_1CH_LP04-1_1,00002495,0.0606068411389888,0.23169843365836415,12.174783510610524,0.07258493927129138,793.0,0.3553774356842041,0.010485995366085884,0.08209334548755372,19.793903385433115,0.5433395379051364,793.0,0.19618886709213257,0.05599714388818218,"{'ridge_frequency_mae_cpx': nan, 'ridge_period_mae_pixels': nan, 'ridge_frequency_relative_mae': nan, 'ridge_frequency_windows': 0.0}",0.22483777691774748,0.49353788631981627
nist302-registered:00002495/00002495_1E_R_L01_BP_S24_1000PPI_8BPC_1CH_LP04-1_1,00002495,0.05139988371466406,0.21986235749153865,12.890378635365696,0.10980703586550562,882.0,0.32422733306884766,0.015128262157887996,0.09579535014505018,18.2021095820204,0.4487048074375758,882.0,0.2634371519088745,0.09597138683388474,"{'ridge_frequency_mae_cpx': nan, 'ridge_period_mae_pixels': nan, 'ridge_frequency_relative_mae': nan, 'ridge_frequency_windows': 0.0}",0.20264357655448823,-0.03227875735143715
nist302-registered:00002495/00002495_6E_X_121_BT_D800_1000PPI_8BPC_1CH_LP06-1_1,00002495,0.05570373352020502,0.18983253968819494,12.541156954387759,0.33160144142960446,496.0,0.44643765687942505,0.08341403070421635,0.22458847894543602,10.787608924688211,0.3007464438392103,496.0,0.5746937394142151,0.264108726450776,"{'ridge_frequency_mae_cpx': nan, 'ridge_period_mae_pixels': nan, 'ridge_frequency_relative_mae': nan, 'ridge_frequency_windows': 0.0}",0.25116982767444257,0.09453436159478867
nist302-registered:00002495/00002495_6E_X_121_BT_D800_1000PPI_8BPC_1CH_LP08-1_1,00002495,0.07981613475422836,0.24484510391228004,10.979093075662172,0.19921868056092187,4413.0,0.6094338148832321,0.07071672116704514,0.21332883043351855,11.50477883912274,0.19342543874626106,4413.0,0.6538871824741364,0.4977407307057484,"{'ridge_frequency_mae_cpx': 0.07765625, 'ridge_period_mae_pixels': 7.4211138392256, 'ridge_frequency_relative_mae': 0.4660547279318136, 'ridge_frequency_windows': 25.0}",0.2309825045834266,0.24792056997825987
nist302-registered:00002495/00002495_6E_X_121_BT_D800_1000PPI_8BPC_1CH_LP34-1_1,00002495,0.017401500707148663,0.10986717714689165,17.59413296503069,0.39375976399773815,955.0,0.31003183126449585,0.023152369722644856,0.11776782333538795,16.354045508750715,0.42664626261231986,955.0,0.48545366525650024,0.10690590383371855,"{'ridge_frequency_mae_cpx': nan, 'ridge_period_mae_pixels': nan, 'ridge_frequency_relative_mae': nan, 'ridge_frequency_windows': 0.0}",0.19193446377407902,0.27259956372049177
nist302-registered:00002495/00002495_6E_X_121_BT_D800_1000PPI_8BPC_1CH_LP35-1_1,00002495,0.06595632731972255,0.21440397750686954,11.80743535398437,0.2799682614982056,370.0,0.3990490436553955,0.0407378674448477,0.16807724197168608,13.900017092871535,0.36551767901773385,370.0,0.36387649178504944,0.042029946258286266,"{'ridge_frequency_mae_cpx': nan, 'ridge_period_mae_pixels': nan, 'ridge_frequency_relative_mae': nan, 'ridge_frequency_windows': 0.0}",0.14587259179836995,-0.6350199387475043
nist302-registered:00002508/00002508_1C_L_L01_BP_S22_1000PPI_8BPC_1CH_LP03-1_1,00002508,0.04050249356412908,0.1902993086578396,13.925182383210146,0.37221944111443944,3698.0,0.3518192172050476,0.01119964458871897,0.0857250820371897,19.50795759080467,0.5481518615149432,3698.0,0.2540968060493469,0.3612729665863712,"{'ridge_frequency_mae_cpx': 0.028645833333333332, 'ridge_period_mae_pixels': 1.7772240382649749, 'ridge_frequency_relative_mae': 0.18503529925098552, 'ridge_frequency_windows': 6.0}",0.17100017037256182,-0.4442472109788918
nist302-registered:00002508/00002508_1C_R_L01_BP_S22_1000PPI_8BPC_1CH_LP02-1_1,00002508,0.055722279847079705,0.2252710539170391,12.539711229596533,0.45340295323771107,3251.0,0.3669626712799072,0.16507499830149297,0.39461461146843685,7.823186985235404,0.3114137733768022,3251.0,0.524483859539032,0.19069016051124035,"{'ridge_frequency_mae_cpx': 0.05078125, 'ridge_period_mae_pixels': 3.8096468793467038, 'ridge_frequency_relative_mae': 0.6016511867905058, 'ridge_frequency_windows': 2.0}",0.22803843062317486,-0.2834335579008726
nist302-registered:00002508/00002508_1C_R_L01_BP_S22_1000PPI_8BPC_1CH_LP10-1_1,00002508,0.0935328245081281,0.2986691973474385,10.290359506137072,0.4919517365201579,2807.0,0.47757017612457275,0.09387159048036336,0.24732733607334645,10.274658237556025,0.4765103266100075,2807.0,0.6057477295398712,0.4033817722514539,"{'ridge_frequency_mae_cpx': 0.036057692307692304, 'ridge_period_mae_pixels': 1.7575364414952048, 'ridge_frequency_relative_mae': 0.1996126394486169, 'ridge_frequency_windows': 13.0}",0.13122326571393286,-0.3030121775644818
nist302-registered:00002508/00002508_1D_L_L01_BP_S22_1000PPI_8BPC_1CH_LP02-1_1,00002508,0.10949365292660396,0.3123611055994146,9.606110550598837,0.495973224377376,2971.0,0.45944297313690186,0.04841637013752217,0.20512040401299528,13.15007773513381,0.5643943423504223,2971.0,0.3485757112503052,0.6734533770980075,"{'ridge_frequency_mae_cpx': 0.05674342105263158, 'ridge_period_mae_pixels': 6.341256883125828, 'ridge_frequency_relative_mae': 0.699637759336681, 'ridge_frequency_windows': 19.0}",0.24777211851348172,0.6691127372550714
nist302-registered:00002508/00002508_1D_L_L01_BP_S22_1000PPI_8BPC_1CH_LP04-1_1,00002508,0.13049375059297508,0.3449644698746664,8.844102863944697,0.595180302505125,5497.0,0.5000446736812592,0.1499268739093316,0.3755873158799099,8.241205142867724,0.5722151741350402,5497.0,0.4927457869052887,0.6565416026322204,"{'ridge_frequency_mae_cpx': 0.055741567460317464, 'ridge_period_mae_pixels': 6.68310148138844, 'ridge_frequency_relative_mae': 0.48318570112679265, 'ridge_frequency_windows': 63.0}",0.16451369648589553,-0.23820050350186744
nist302-registered:00002508/00002508_1D_R_L01_BP_S22_1000PPI_8BPC_1CH_LP04-1_1,00002508,0.10340491863684691,0.31579408063118225,9.85458802769777,0.5252388313524641,4624.0,0.4098614454269409,0.17719979415564863,0.4114162823423795,7.515367869473758,0.43818474658425816,4624.0,0.574498176574707,0.6313978312754884,"{'ridge_frequency_mae_cpx': 0.06267755681818182, 'ridge_period_mae_pixels': 5.645900214510962, 'ridge_frequency_relative_mae': 0.4192935184098451, 'ridge_frequency_windows': 44.0}",0.1981757925733559,-0.44798290839379956
nist302-registered:00002508/00002508_1E_R_L01_BP_S22_1000PPI_8BPC_1CH_LP01-1_1,00002508,0.10519266603442501,0.3099287451456045,9.780145378610698,0.20849630280156045,1826.0,0.4721842408180237,0.06627375862862243,0.23227477928894896,11.78658398272928,0.3133510960858516,1826.0,0.39525914192199707,0.2146175203350457,"{'ridge_frequency_mae_cpx': nan, 'ridge_period_mae_pixels': nan, 'ridge_frequency_relative_mae': nan, 'ridge_frequency_windows': 0.0}",0.16716741333391963,-0.6267471549911464
nist302-registered:00002508/00002508_1F_L_L01_BP_S22_1000PPI_8BPC_1CH_LP05-1_1,00002508,0.05757771155280496,0.19951898166089224,12.39745600307873,0.5365107707117711,6106.0,0.4482979476451874,0.08911538263514326,0.2588273507237552,10.500473238313411,0.41682404642785226,6106.0,0.5008598864078522,0.35770725143621657,"{'ridge_frequency_mae_cpx': 0.056322674418604654, 'ridge_period_mae_pixels': 6.233692993090093, 'ridge_frequency_relative_mae': 0.5276402101752967, 'ridge_frequency_windows': 43.0}",0.17259817498351152,-0.7768559887603124
nist302-registered:00002508/00002508_1F_R_L01_BP_S22_1000PPI_8BPC_1CH_LP07-1_1,00002508,0.08107537968274466,0.26266933567461304,10.91111008813056,0.6171315634455083,6507.0,0.4704052805900574,0.0741211660589952,0.23073739168811397,11.30057757067606,0.5369930646489387,6507.0,0.5078853666782379,0.7203902627274318,"{'ridge_frequency_mae_cpx': 0.05535888671875, 'ridge_period_mae_pixels': 6.098893288867831, 'ridge_frequency_relative_mae': 0.4272643352752502, 'ridge_frequency_windows': 64.0}",0.20711990204508687,-0.7557485851633136
nist302-registered:00002508/00002508_6E_X_109_BT_D800_1000PPI_8BPC_1CH_LP10-1_1,00002508,0.01682153911927249,0.10746250543229471,17.741342701060965,0.31646935864158704,1921.0,0.3368034362792969,0.028298141791559636,0.1305082855995343,15.48242081654777,0.3649312169066991,1921.0,0.47733861207962036,0.5983204912722075,"{'ridge_frequency_mae_cpx': 0.1796875, 'ridge_period_mae_pixels': 14.019047619047619, 'ridge_frequency_relative_mae': 0.7666666666666667, 'ridge_frequency_windows': 1.0}",0.2536116163523022,0.04668985441321372
nist302-registered:00002508/00002508_6E_X_109_BT_D800_1000PPI_8BPC_1CH_LP23-1_1,00002508,0.012464653059170853,0.08686193398163296,19.043198051332972,0.4027842063253071,6627.0,0.5913813412189484,0.0342445887262116,0.15271795998741028,14.654080452522852,0.3422438767234405,6627.0,0.6181268990039825,0.3403891606885986,"{'ridge_frequency_mae_cpx': 0.07725694444444445, 'ridge_period_mae_pixels': 5.816790794732747, 'ridge_frequency_relative_mae': 0.6879745160922295, 'ridge_frequency_windows': 27.0}",0.17693144252644283,0.23424096607169748
nist302-registered:00002508/00002508_6E_X_109_BT_D800_1000PPI_8BPC_1CH_LP24-1_1,00002508,0.04088085453771711,0.15633024448403107,13.884800346655087,0.29472816279173325,6353.0,0.5994638949632645,0.04422792668373499,0.1599597334228462,13.54303419005209,0.27439890916833815,6353.0,0.5958336293697357,0.62621161346372,"{'ridge_frequency_mae_cpx': 0.11114386792452831, 'ridge_period_mae_pixels': 8.838503784337444, 'ridge_frequency_relative_mae': 0.5281500033025379, 'ridge_frequency_windows': 53.0}",0.24141494858410953,-0.2456100736556684
nist302-registered:00002508/00002508_6E_X_109_BT_D800_1000PPI_8BPC_1CH_LP27-1_1,00002508,0.03944406890612466,0.15363177382550475,14.040182911869568,0.2727031890930435,4792.0,0.5921988487243652,0.1601700824140387,0.3492988957020645,7.954186009601509,0.17068845021421164,4792.0,0.794814258813858,0.41354829110078356,"{'ridge_frequency_mae_cpx': 0.12425595238095238, 'ridge_period_mae_pixels': 7.614355452265114, 'ridge_frequency_relative_mae': 0.571668354578635, 'ridge_frequency_windows': 21.0}",0.2093883598333941,0.16850680073083624
nist302-registered:00002508/00002508_6E_X_109_BT_D800_1000PPI_8BPC_1CH_LP30-1_1,00002508,0.09086673407075509,0.27470058023757965,10.415950810653277,0.19323705784282202,7293.0,0.6751514822244644,0.12942280262937558,0.3215331867956321,8.87989199836839,0.16262988195884837,7293.0,0.6877839863300323,0.46800004130086587,"{'ridge_frequency_mae_cpx': 0.1019665948275862, 'ridge_period_mae_pixels': 8.061241447325797, 'ridge_frequency_relative_mae': 0.49909029564250906, 'ridge_frequency_windows': 58.0}",0.19030424543039598,0.08498058460858013
nist302-registered:00002534/00002534_1C_R_L01_BP_S03_1000PPI_8BPC_1CH_LP07-1_1,00002534,0.08151260565876639,0.27269072283016155,10.887752238402795,0.5047041838676806,2242.0,0.38430798053741455,0.09639950456347599,0.28798652827792887,10.159251981085948,0.48109089313153347,2242.0,0.44839906692504883,0.27681020316128513,"{'ridge_frequency_mae_cpx': nan, 'ridge_period_mae_pixels': nan, 'ridge_frequency_relative_mae': nan, 'ridge_frequency_windows': 0.0}",0.11296276809944154,-0.32015605189358964
nist302-registered:00002534/00002534_1E_R_L01_BP_S03_1000PPI_8BPC_1CH_LP04-1_1,00002534,0.01643507506259786,0.10239573603584654,17.842283080595333,0.3781390323085047,4200.0,0.3143782615661621,0.011256710540186956,0.08804094736065184,19.485885013992675,0.4455392490787706,4200.0,0.3015228807926178,0.6120436330397514,"{'ridge_frequency_mae_cpx': 0.07242838541666667, 'ridge_period_mae_pixels': 7.05413319477717, 'ridge_frequency_relative_mae': 0.46084054065566127, 'ridge_frequency_windows': 24.0}",0.17679592495695465,-0.14393937761237158
nist302-registered:00002534/00002534_1G_L_L01_BP_S03_1000PPI_8BPC_1CH_LP02-1_1,00002534,0.07381035126954627,0.24674598979561224,11.318827278246243,0.2856912256213445,2760.0,0.40734297037124634,0.016216869097877562,0.10713707009951273,17.900329888896508,0.41270795703617413,2760.0,0.2535216808319092,0.2455146826580188,"{'ridge_frequency_mae_cpx': 0.12239583333333333, 'ridge_period_mae_pixels': 5.695130852543538, 'ridge_frequency_relative_mae': 0.513826071840937, 'ridge_frequency_windows': 6.0}",0.2125572486981117,0.5587945253342036
nist302-registered:00002534/00002534_1G_R_L01_BP_S03_1000PPI_8BPC_1CH_LP01-1_1,00002534,0.04525801580910862,0.18114795757053423,13.443044901966818,0.3929659516970482,3977.0,0.4018669128417969,0.020289835032865088,0.12117039039262671,16.927214839970944,0.440040383168648,3977.0,0.27610284090042114,0.34657732182250245,"{'ridge_frequency_mae_cpx': 0.03459821428571429, 'ridge_period_mae_pixels': 4.404087235985395, 'ridge_frequency_relative_mae': 0.2904303445253006, 'ridge_frequency_windows': 7.0}",0.17168338653960058,-0.5727622238583467
nist302-registered:00002534/00002534_1G_R_L01_BP_S03_1000PPI_8BPC_1CH_LP03-1_1,00002534,0.048426812557095175,0.199578358929996,13.149141151868026,0.5127768885709238,4622.0,0.4601415991783142,0.005918101063881141,0.05751241437288034,22.278176226307544,0.67647838105243,4622.0,0.2887507677078247,0.6653096843234122,"{'ridge_frequency_mae_cpx': 0.049072265625, 'ridge_period_mae_pixels': 6.344551264214463, 'ridge_frequency_relative_mae': 0.3957248346051063, 'ridge_frequency_windows': 32.0}",0.24993424442402548,-0.18827454853893155
nist302-registered:00002534/00002534_1G_R_L01_BP_S03_1000PPI_8BPC_1CH_LP06-1_1,00002534,0.03205758310226271,0.15721152430599175,14.940692232456689,0.4537990157292204,5150.0,0.3467068076133728,0.05014311880097425,0.21654648745522917,12.99788657295842,0.40017261513622526,5150.0,0.4110482931137085,0.47981056738337524,"{'ridge_frequency_mae_cpx': 0.040943287037037035, 'ridge_period_mae_pixels': 2.651504651931578, 'ridge_frequency_relative_mae': 0.301232255977875, 'ridge_frequency_windows': 27.0}",0.15465007282700519,-0.6916793302345312
nist302-registered:00002534/00002534_1H_L_L01_BP_S03_1000PPI_8BPC_1CH_LP09-1_1,00002534,0.02476041459867103,0.13577063234335546,16.062420875837635,0.3734575608850966,3469.0,0.38195231556892395,0.1339512018867253,0.3417703887937941,8.730533853000356,0.17156693787808594,3469.0,0.5889863073825836,0.2874402148242072,"{'ridge_frequency_mae_cpx': 0.15234375, 'ridge_period_mae_pixels': 4.970486312367149, 'ridge_frequency_relative_mae': 0.5773023936055811, 'ridge_frequency_windows': 3.0}",0.16913436683746946,-0.09023230012883084
nist302-registered:00002534/00002534_1H_L_L01_BP_S03_1000PPI_8BPC_1CH_LP10-1_1,00002534,0.05758762192439677,0.2038426876006156,12.39670855250891,0.30137041391578273,1924.0,0.38663870096206665,0.013007558767503551,0.09941910634789299,18.858042033066248,0.4946145846938451,1924.0,0.29006290435791016,0.09514738255871699,"{'ridge_frequency_mae_cpx': nan, 'ridge_period_mae_pixels': nan, 'ridge_frequency_relative_mae': nan, 'ridge_frequency_windows': 0.0}",0.19162881961808756,-0.6072290655753995
nist302-registered:00002534/00002534_1H_R_L01_BP_S03_1000PPI_8BPC_1CH_LP06-1_1,00002534,0.02844200022097255,0.1420383535742508,15.46039864539158,0.38076559920592773,3788.0,0.39679813385009766,0.02683089495811817,0.11760017597593501,15.71364840973609,0.4110690988510478,3788.0,0.5327232778072357,0.6048076509993671,"{'ridge_frequency_mae_cpx': 0.114453125, 'ridge_period_mae_pixels': 5.280386598589064, 'ridge_frequency_relative_mae': 0.44389993620273016, 'ridge_frequency_windows': 10.0}",0.1768739148263528,-0.48817920512843194
nist302-registered:00002534/00002534_1H_R_L01_BP_S03_1000PPI_8BPC_1CH_LP07-1_1,00002534,0.038348547097626244,0.17914809555762765,14.162510854160837,0.42754156148889627,2768.0,0.38681286573410034,0.010287978866988874,0.0839156837046491,19.8766993652323,0.5483312528314022,2768.0,0.37439286708831787,0.22269286598189572,"{'ridge_frequency_mae_cpx': 0.090625, 'ridge_period_mae_pixels': 8.047655282825563, 'ridge_frequency_relative_mae': 0.5285562138193718, 'ridge_frequency_windows': 5.0}",0.1649415393976739,-0.021238260574879
nist302-registered:00002534/00002534_1H_R_L01_BP_S03_1000PPI_8BPC_1CH_LP11-1_1,00002534,0.019581572778404964,0.11513096911969263,17.08152428899031,0.34221854850783145,4187.0,0.47584548592567444,0.02204817801666834,0.117891423174667,16.56627293270988,0.3220133993645741,4187.0,0.3993822932243347,0.35004239650055896,"{'ridge_frequency_mae_cpx': 0.07982336956521739, 'ridge_period_mae_pixels': 3.851507300112099, 'ridge_frequency_relative_mae': 0.37340504872583397, 'ridge_frequency_windows': 23.0}",0.16275829180407544,0.07584481060573764
nist302-registered:00002534/00002534_2B_X_L01_BP_S03_1000PPI_8BPC_1CH_LP05-1_1,00002534,0.07410544695908432,0.24542091425674434,11.301498689797436,0.43248134491989165,4237.0,0.5903204679489136,0.09608877971473712,0.2772128618787644,10.173273219305043,0.3372494420647882,4237.0,0.6690647900104523,0.6179311078936875,"{'ridge_frequency_mae_cpx': 0.07486979166666667, 'ridge_period_mae_pixels': 7.220719668959305, 'ridge_frequency_relative_mae': 0.6409633476991945, 'ridge_frequency_windows': 36.0}",0.15056919192958035,-0.5805951057756826
nist302-registered:00002534/00002534_2B_X_L02_BP_S03_1000PPI_8BPC_1CH_LP10-1_1,00002534,0.09737810604110801,0.29892021135788105,10.115386765337542,0.2622218162509576,1914.0,0.5275321304798126,0.12143091480663709,0.34309553131538995,9.156707331889049,0.22741844291769392,1914.0,0.5363475680351257,0.23093389527860553,"{'ridge_frequency_mae_cpx': nan, 'ridge_period_mae_pixels': nan, 'ridge_frequency_relative_mae': nan, 'ridge_frequency_windows': 0.0}",0.16350104366844137,-0.6480577070275969
nist302-registered:00002534/00002534_4A_X_427_IN_D800_1000PPI_8BPC_1CH_LP03-1_1,00002534,0.025874183010839838,0.13951881683707626,15.871333543653902,0.40819696822395807,1842.0,0.3761698305606842,0.055832678651220574,0.2053017971327328,12.531115357616509,0.28975020908158494,1842.0,0.46241769194602966,0.1611538679149433,"{'ridge_frequency_mae_cpx': nan, 'ridge_period_mae_pixels': nan, 'ridge_frequency_relative_mae': nan, 'ridge_frequency_windows': 0.0}",0.22451377813219656,-0.14473292400360946
nist302-registered:00002534/00002534_4A_X_428_IN_D800_1000PPI_8BPC_1CH_LP01-1_1,00002534,0.04338780109205404,0.1718527999831836,13.626323594994103,0.4017162312666514,5338.0,0.521095335483551,0.07764887761456828,0.2407201421689612,11.098648174540637,0.37836595741381396,5338.0,0.6113751828670502,0.50558864638921,"{'ridge_frequency_mae_cpx': 0.06698069852941177, 'ridge_period_mae_pixels': 6.139485528658771, 'ridge_frequency_relative_mae': 0.6511731306503332, 'ridge_frequency_windows': 34.0}",0.22010008025465194,-0.1141670514507684
nist302-registered:00002534/00002534_4A_X_430_IN_D800_1000PPI_8BPC_1CH_LP01-1_1,00002534,0.05072249619620108,0.19978959027010101,12.947993817517176,0.3522944014468176,1579.0,0.3852274417877197,0.1126755761072647,0.30849050648836035,9.481702127150154,0.15849968943047854,1579.0,0.5763307213783264,0.13892139202717918,"{'ridge_frequency_mae_cpx': nan, 'ridge_period_mae_pixels': nan, 'ridge_frequency_relative_mae': nan, 'ridge_frequency_windows': 0.0}",0.1795517148888673,-0.4130027165336006
nist302-registered:00002534/00002534_4A_X_431_IN_D800_1000PPI_8BPC_1CH_LP02-1_1,00002534,0.02880235302963672,0.1433162256197458,15.405720307809396,0.27194978249885265,4006.0,0.4808918237686157,0.04885710665949959,0.1840941460316799,13.110722557215658,0.256339332411713,4006.0,0.6143186390399933,0.525661269949575,"{'ridge_frequency_mae_cpx': 0.08728448275862069, 'ridge_period_mae_pixels': 4.9942860057229135, 'ridge_frequency_relative_mae': 0.7349286448051101, 'ridge_frequency_windows': 29.0}",0.15008122244369293,0.05749597675534771
nist302-registered:00002534/00002534_6D_X_123_WT_D800_1000PPI_8BPC_1CH_LP01-1_1,00002534,0.021282407986382496,0.11474501421672965,16.719792355859013,0.40961235566998966,6149.0,0.4701196551322937,0.054810124086003734,0.19219022405731095,12.611392147166029,0.3742179103223557,6149.0,0.5485309660434723,0.5205563588665073,"{'ridge_frequency_mae_cpx': 0.07608309659090909, 'ridge_period_mae_pixels': 5.865056797005093, 'ridge_frequency_relative_mae': 0.5329959580259825, 'ridge_frequency_windows': 44.0}",0.2126759175648519,0.4666266045611893
nist302-registered:00002534/00002534_6D_X_123_WT_D800_1000PPI_8BPC_1CH_LP13-1_1,00002534,0.01046913147120431,0.07300676135301205,19.80089346297206,0.5112367756110426,3718.0,0.40331828594207764,0.016586887778062078,0.10914936186390067,17.802350936386567,0.4295850903314779,3718.0,0.5040274560451508,0.24304912956100355,"{'ridge_frequency_mae_cpx': nan, 'ridge_period_mae_pixels': nan, 'ridge_frequency_relative_mae': nan, 'ridge_frequency_windows': 0.0}",0.1941832563001999,0.455986590196099
nist302-registered:00002544/00002544_1C_L_L01_BP_S21_1000PPI_8BPC_1CH_LP01-1_1,00002544,0.022247984786210078,0.12340458883132145,16.527093211264244,0.3919448381636775,3911.0,0.42114925384521484,0.06983913385296173,0.22984820159308839,11.559011554023124,0.25246668009175166,3911.0,0.5928198099136353,0.5603039654049403,"{'ridge_frequency_mae_cpx': 0.07699092741935484, 'ridge_period_mae_pixels': 9.00309246538136, 'ridge_frequency_relative_mae': 0.5326610575894792, 'ridge_frequency_windows': 31.0}",0.12551637292702933,0.17877814980510914
nist302-registered:00002544/00002544_1F_R_L01_BP_S21_1000PPI_8BPC_1CH_LP01-1_1,00002544,0.11517113270889026,0.3221770869504013,9.38656361852682,0.36654787376862563,4076.0,0.48992377519607544,0.1197306651648996,0.3278694056391248,9.217946047623043,0.35367617220248865,4076.0,0.49354293942451477,0.4542940152333435,"{'ridge_frequency_mae_cpx': 0.07632211538461539, 'ridge_period_mae_pixels': 5.229233941359057, 'ridge_frequency_relative_mae': 0.41940454358275253, 'ridge_frequency_windows': 26.0}",0.18080309477812165,-0.675145985401945
nist302-registered:00002544/00002544_1F_R_L01_BP_S21_1000PPI_8BPC_1CH_LP03-1_1,00002544,0.04867777896048762,0.21295843215944785,13.126692457092226,0.5910646512761772,6354.0,0.33723050355911255,0.09946942156753193,0.29665455302803406,10.023104075509792,0.5268307598075573,6354.0,0.595025897026062,0.6600322518828936,"{'ridge_frequency_mae_cpx': 0.07535511363636363, 'ridge_period_mae_pixels': 5.602503277830903, 'ridge_frequency_relative_mae': 0.4903056841662456, 'ridge_frequency_windows': 55.0}",0.20131228489888311,-0.5568026941493256
nist302-registered:00002544/00002544_1H_R_L01_BP_S21_1000PPI_8BPC_1CH_LP19-2_1,00002544,0.05896342312174533,0.22576162919545462,12.294173114493693,0.2045062295221275,4782.0,0.4754665493965149,0.0401517932321271,0.1749103006484966,13.962950537868844,0.25682038519227685,4782.0,0.39926156401634216,0.6559994881768053,"{'ridge_frequency_mae_cpx': 0.0890625, 'ridge_period_mae_pixels': 5.509073047433429, 'ridge_frequency_relative_mae': 0.4730881314338369, 'ridge_frequency_windows': 25.0}",0.22612741502618314,-0.4172921245541044
nist302-registered:00002544/00002544_4E_X_176_IN_D800_1000PPI_8BPC_1CH_LP01-1_1,00002544,0.11108577023532365,0.2758850171815071,9.543415693586372,0.22304775157290804,3347.0,0.9096302478574216,0.10411257785159841,0.27577279486702067,9.824968001573986,0.241242738311622,3347.0,0.895158716943115,0.289655667799471,"{'ridge_frequency_mae_cpx': nan, 'ridge_period_mae_pixels': nan, 'ridge_frequency_relative_mae': nan, 'ridge_frequency_windows': 0.0}",0.1784092538671557,-0.4252530992660599
nist302-registered:00002544/00002544_5A_X_506_IN_D800_1000PPI_8BPC_1CH_LP03-1_1,00002544,0.019293463104449887,0.1157313602512891,17.14589811124237,0.5021867941189306,1816.0,0.40322601795196533,0.08688286118076863,0.27906977450926396,10.610658855618686,0.24929828478230331,1816.0,0.6518747210502625,0.14501256865599407,"{'ridge_frequency_mae_cpx': nan, 'ridge_period_mae_pixels': nan, 'ridge_frequency_relative_mae': nan, 'ridge_frequency_windows': 0.0}",0.22554093047969462,-0.39047036360578713
nist302-registered:00002544/00002544_6A_X_062_BT_D800_1000PPI_8BPC_1CH_LP04-1_1,00002544,0.03060256480686009,0.13107138063036292,15.14242173688751,0.4029568789759179,2687.0,0.6369693577289581,0.02331619570847756,0.11700131015725238,16.32342308012262,0.3131023729583337,2687.0,0.6115801930427551,0.47153971988056076,"{'ridge_frequency_mae_cpx': nan, 'ridge_period_mae_pixels': nan, 'ridge_frequency_relative_mae': nan, 'ridge_frequency_windows': 0.0}",0.21600589913330084,0.6975572957085111
nist302-registered:00002544/00002544_6D_X_055_WT_D800_1000PPI_8BPC_1CH_LP07-1_1,00002544,0.08336386629930569,0.259467130311106,10.790221516079407,0.2523413953168451,2624.0,0.6796410977840424,0.14502933194071557,0.3280168650558264,8.385441535462734,0.21706273100519216,2624.0,0.7363275587558746,0.2443957087931876,"{'ridge_frequency_mae_cpx': nan, 'ridge_period_mae_pixels': nan, 'ridge_frequency_relative_mae': nan, 'ridge_frequency_windows': 0.0}",0.17779228233696584,-0.0503438790596718
nist302-registered:00002546/00002546_1C_R_L01_BP_S21_1000PPI_8BPC_1CH_LP07-1_1,00002546,0.020405686698993366,0.11166113042742673,16.902487856216375,0.4187250143079676,4567.0,0.3809095025062561,0.14771275085078342,0.37035806282281303,8.30582013928953,0.31085969752862486,4567.0,0.7057774364948273,0.8835976208517393,"{'ridge_frequency_mae_cpx': 0.06547619047619048, 'ridge_period_mae_pixels': 7.524986700392335, 'ridge_frequency_relative_mae': 0.45952800475950706, 'ridge_frequency_windows': 42.0}",0.22585988196073953,-0.31739556519216217
nist302-registered:00002546/00002546_1F_L_L01_BP_S21_1000PPI_8BPC_1CH_LP03-1_1,00002546,0.05239456997393525,0.20507503498729113,12.80713719744374,0.470847723092385,4109.0,0.39612287282943726,0.1584842589295177,0.3907191124847841,8.000138665663311,0.34172880625038426,4109.0,0.5506708920001984,0.32881408790433037,"{'ridge_frequency_mae_cpx': 0.05859375, 'ridge_period_mae_pixels': 5.64182920546892, 'ridge_frequency_relative_mae': 0.5143289821468816, 'ridge_frequency_windows': 25.0}",0.2041097049857592,-0.5414553459798609
nist302-registered:00002546/00002546_1F_L_L01_BP_S21_1000PPI_8BPC_1CH_LP10-1_1,00002546,0.08321096187097174,0.27820857077807953,10.798194577659546,0.281174242511626,3079.0,0.54368656873703,0.16615148815928338,0.39586669616050324,7.794957645479508,0.1877821823461765,3079.0,0.6118839383125305,0.3194878763417852,"{'ridge_frequency_mae_cpx': 0.10791015625, 'ridge_period_mae_pixels': 10.937015519784257, 'ridge_frequency_relative_mae': 0.8494140527694398, 'ridge_frequency_windows': 8.0}",0.1448366232978597,0.1687994665080527
nist302-registered:00002546/00002546_1F_R_L01_BP_S21_1000PPI_8BPC_1CH_LP08-1_1,00002546,0.09181052547604421,0.29401830437179916,10.37107526923716,0.29013953968645323,2754.0,0.5037655234336853,0.09450967156085631,0.29430889636386365,10.245237460877028,0.2896037034454438,2754.0,0.5497315526008606,0.27803574053600366,"{'ridge_frequency_mae_cpx': nan, 'ridge_period_mae_pixels': nan, 'ridge_frequency_relative_mae': nan, 'ridge_frequency_windows': 0.0}",0.21291186737263984,-0.4832451522118401
nist302-registered:00002546/00002546_1H_L_L01_BP_S21_1000PPI_8BPC_1CH_LP09-1_1,00002546,0.05045696930242677,0.20441213915170717,12.970788389306282,0.41033971331887564,2904.0,0.47910475730895996,0.05912923239642671,0.21794499030988407,12.281977588862318,0.39496734365564656,2904.0,0.3945033848285675,0.48914374144287226,"{'ridge_frequency_mae_cpx': 0.0673828125, 'ridge_period_mae_pixels': 5.36002436901188, 'ridge_frequency_relative_mae': 0.7946655294202702, 'ridge_frequency_windows': 8.0}",0.17761240071525067,0.10496406468866126
nist302-registered:00002546/00002546_1H_R_L01_BP_S21_1000PPI_8BPC_1CH_LP18-1_1,00002546,0.06705226457039787,0.23579875886792967,11.735865500447511,0.3877174200780053,2028.0,0.4173870384693146,0.08522960381600943,0.2507958239205255,10.694095303409384,0.39786101264825907,2028.0,0.46520286798477173,0.23228884900360977,"{'ridge_frequency_mae_cpx': nan, 'ridge_period_mae_pixels': nan, 'ridge_frequency_relative_mae': nan, 'ridge_frequency_windows': 0.0}",0.18381291636123845,0.13041317922897358
nist302-registered:00002546/00002546_1H_R_L01_BP_S21_1000PPI_8BPC_1CH_LP23-1_1,00002546,0.039192835135399985,0.1804869705090661,14.067933193459794,0.3818142673999929,2107.0,0.36517012119293213,0.06070654740619042,0.20866982871511847,12.167644662718082,0.40349205726777093,2107.0,0.5100204646587372,0.19698531060214092,"{'ridge_frequency_mae_cpx': nan, 'ridge_period_mae_pixels': nan, 'ridge_frequency_relative_mae': nan, 'ridge_frequency_windows': 0.0}",0.16209399640303526,-0.08068700258554445
nist302-registered:00002546/00002546_4A_X_725_IN_D800_1000PPI_8BPC_1CH_LP06-1_1,00002546,0.04243204499878243,0.1861082729848716,13.723060370459045,0.4163967236805936,4151.0,0.3724915385246277,0.054958621423196824,0.22069343777341574,12.59964169613124,0.4124737052072523,4151.0,0.453846275806427,0.3436896632737679,"{'ridge_frequency_mae_cpx': 0.0646875, 'ridge_period_mae_pixels': 6.56822893042063, 'ridge_frequency_relative_mae': 0.41330770291830965, 'ridge_frequency_windows': 25.0}",0.17072082324556143,-0.41960395699572156
nist302-registered:00002546/00002546_4A_X_727_IN_D800_1000PPI_8BPC_1CH_LP03-1_1,00002546,0.04047015758461282,0.17108919115256,13.92865104528756,0.2476483975403988,3020.0,0.49470049142837524,0.1520506330448326,0.3668660170491168,8.180117673823595,0.1357027983404676,3020.0,0.6550984978675842,0.6351198728640417,"{'ridge_frequency_mae_cpx': 0.025390625, 'ridge_period_mae_pixels': 1.7374033374033373, 'ridge_frequency_relative_mae': 0.22063492063492063, 'ridge_frequency_windows': 2.0}",0.22099329502292706,-0.3586864441010437
nist302-registered:00002546/00002546_4A_X_729_IN_D800_1000PPI_8BPC_1CH_LP05-1_1,00002546,0.03255359433905436,0.1553364029265495,14.874010527044895,0.30655778178436033,2510.0,0.5630438029766083,0.07558910743258974,0.24165221211088606,11.215407828420162,0.22806702267536533,2510.0,0.643680065870285,0.2696178316077473,"{'ridge_frequency_mae_cpx': nan, 'ridge_period_mae_pixels': nan, 'ridge_frequency_relative_mae': nan, 'ridge_frequency_windows': 0.0}",0.1599349119460372,-0.1920472886972258
nist302-registered:00002546/00002546_4A_X_732_IN_D800_1000PPI_8BPC_1CH_LP03-1_1,00002546,0.03264956911817477,0.14817357026637282,14.86122545808014,0.30962228396462066,5244.0,0.5897448360919952,0.025654092123127567,0.12954069818082337,15.908433500552768,0.3257256334991562,5244.0,0.46079081296920776,0.24825390773156444,"{'ridge_frequency_mae_cpx': 0.07552083333333333, 'ridge_period_mae_pixels': 6.324086925315518, 'ridge_frequency_relative_mae': 0.5036926506074468, 'ridge_frequency_windows': 33.0}",0.22405372387348513,-0.11958513195729058
nist302-registered:00002546/00002546_4A_X_732_IN_D800_1000PPI_8BPC_1CH_LP05-1_1,00002546,0.01788036749543374,0.10852952855926754,17.476235593880403,0.23096702470213787,4647.0,0.5721287429332733,0.024193408457408735,0.12283015752674971,16.163029423050798,0.23322030874162897,4647.0,0.5622189342975616,0.600704599070803,"{'ridge_frequency_mae_cpx': 0.0784912109375, 'ridge_period_mae_pixels': 6.068827659993547, 'ridge_frequency_relative_mae': 0.44064728067462156, 'ridge_frequency_windows': 32.0}",0.16057605770243027,0.12317732093371168
nist302-registered:00002546/00002546_4A_X_736_IN_D800_1000PPI_8BPC_1CH_LP02-1_1,00002546,0.05884375626027254,0.22696444979540734,12.302996120994953,0.25223057957456646,2532.0,0.3953145146369934,0.1777130040734658,0.4031136854423731,7.502807917179784,0.14359086599866805,2532.0,0.6262213587760925,0.641171050526754,"{'ridge_frequency_mae_cpx': 0.05524553571428571, 'ridge_period_mae_pixels': 3.0650033844980045, 'ridge_frequency_relative_mae': 0.3187390243614977, 'ridge_frequency_windows': 7.0}",0.215588752399349,0.04651002630020704
nist302-registered:00002546/00002546_5A_X_571_IN_D800_1000PPI_8BPC_1CH_LP07-1_1,00002546,0.024479305018155994,0.13937418224065767,16.112009162268176,0.6454908340464184,7567.0,0.339550256729126,0.0802430598110273,0.26533628774710116,10.95592519248498,0.4977447116252436,7567.0,0.5486267805099487,0.7445428419981659,"{'ridge_frequency_mae_cpx': 0.071435546875, 'ridge_period_mae_pixels': 7.467063722348632, 'ridge_frequency_relative_mae': 0.5244377808928069, 'ridge_frequency_windows': 80.0}",0.19926630859377786,-0.27026774374188944
nist302-registered:00002546/00002546_6D_X_124_WT_D800_1000PPI_8BPC_1CH_LP11-1_1,00002546,0.050571584735755404,0.19404329416537397,12.960934368912799,0.31349022831399287,5803.0,0.5488227009773254,0.1831532209930916,0.36203812040143357,7.3718543928594755,0.2532337595802191,5803.0,0.812840923666954,0.39553965318863094,"{'ridge_frequency_mae_cpx': 0.09135584677419355, 'ridge_period_mae_pixels': 5.380953724976982, 'ridge_frequency_relative_mae': 0.4147508261052852, 'ridge_frequency_windows': 31.0}",0.2387494755856252,0.6186204339999274
nist302-registered:00002546/00002546_7C_X_212_CA_D800_1000PPI_8BPC_1CH_LP06-1_1,00002546,0.021097125705673656,0.13024832583311077,16.75776709403521,0.6245144249240161,5467.0,0.3117833733558655,0.012308620063878879,0.0857660235097427,19.09790633684087,0.695839084717601,5467.0,0.2701520323753357,0.6756235635626865,"{'ridge_frequency_mae_cpx': 0.06651785714285714, 'ridge_period_mae_pixels': 5.023770693167807, 'ridge_frequency_relative_mae': 0.4645328666535514, 'ridge_frequency_windows': 35.0}",0.16521939662241317,0.6742547759348275
nist302-registered:00002547/00002547_1C_L_L01_BP_S21_1000PPI_8BPC_1CH_LP01-1_1,00002547,0.11261413538790413,0.3296233395673,9.484070931820984,0.4813360120899407,2228.0,0.44850337505340576,0.1266411486804497,0.3493867026411224,8.974251589217719,0.4783607184424249,2228.0,0.4775221347808838,0.19899843499982225,"{'ridge_frequency_mae_cpx': nan, 'ridge_period_mae_pixels': nan, 'ridge_frequency_relative_mae': nan, 'ridge_frequency_windows': 0.0}",0.1429048071568342,-0.27208288631571026
nist302-registered:00002547/00002547_1C_R_L01_BP_S21_1000PPI_8BPC_1CH_LP08-1_1,00002547,0.1471031639560085,0.3688513564916456,8.323779861857389,0.5455293587626822,5838.0,0.5685324668884277,0.2865414627118009,0.528122812943452,5.4281252649218095,0.4451742665912458,5838.0,0.7006204426288605,0.4563286733060813,"{'ridge_frequency_mae_cpx': 0.044477982954545456, 'ridge_period_mae_pixels': 5.0121167696659805, 'ridge_frequency_relative_mae': 0.41125042579830046, 'ridge_frequency_windows': 44.0}",0.1984492650638701,-0.48043177180482094
nist302-registered:00002547/00002547_1C_X_L01_BP_S21_1000PPI_8BPC_1CH_LP01-1_1,00002547,0.11944468676308481,0.32968761098017696,9.228331641292126,0.4714168320456455,3539.0,0.49527087807655334,0.10503277207212947,0.307272957590011,9.786751722688777,0.4885708150250089,3539.0,0.43627315759658813,0.38428235798832705,"{'ridge_frequency_mae_cpx': 0.03618421052631579, 'ridge_period_mae_pixels': 2.9530017813384974, 'ridge_frequency_relative_mae': 0.26578436534352656, 'ridge_frequency_windows': 19.0}",0.1478547011383853,-0.2744180386198062
nist302-registered:00002547/00002547_1E_R_L01_BP_S21_1000PPI_8BPC_1CH_LP05-1_1,00002547,0.07784849100160028,0.26210777167266097,11.087498012850677,0.5884691398979093,4755.0,0.416328489780426,0.09595142482681936,0.28926070259823283,10.179485718422052,0.5774486347684202,4755.0,0.4790976643562317,0.9028089669315928,"{'ridge_frequency_mae_cpx': 0.04518821022727273, 'ridge_period_mae_pixels': 4.558040651447963, 'ridge_frequency_relative_mae': 0.3638297615640582, 'ridge_frequency_windows': 44.0}",0.21023499673822538,0.23977978764252106
nist302-registered:00002547/00002547_1G_R_L01_BP_S21_1000PPI_8BPC_1CH_LP02-1_1,00002547,0.06153822383282547,0.22398671523587937,12.108550428746316,0.41909517008941294,3973.0,0.42473304271698,0.04085870848026743,0.18656058724629257,13.887153652796332,0.4518368528785686,3973.0,0.364126980304718,0.5074843196064407,"{'ridge_frequency_mae_cpx': 0.05329241071428571, 'ridge_period_mae_pixels': 3.1003383435818535, 'ridge_frequency_relative_mae': 0.40918600119353765, 'ridge_frequency_windows': 14.0}",0.12912365165928377,-0.28751832889755674
nist302-registered:00002547/00002547_6C_X_155_BT_D800_1000PPI_8BPC_1CH_LP06-3_1,00002547,0.034129731449936376,0.15949783529087957,14.668671289575052,0.6077166828259415,3489.0,0.37193864583969116,0.027356881251189936,0.11196797249497571,15.629334147224355,0.5887669833688723,3489.0,0.5472491383552551,0.49885908674773943,"{'ridge_frequency_mae_cpx': 0.028053977272727272, 'ridge_period_mae_pixels': 2.505858177748436, 'ridge_frequency_relative_mae': 0.27471912251970904, 'ridge_frequency_windows': 11.0}",0.23904386565411984,0.6796662007636555
nist302-registered:00002547/00002547_6C_X_155_BT_D800_1000PPI_8BPC_1CH_LP07-1_1,00002547,0.05545357884313985,0.20062994874986131,12.560704202691648,0.47805076926973344,5380.0,0.4928317368030548,0.03821993348740982,0.17788611271013557,14.17710073065308,0.49416139421114735,5380.0,0.412745863199234,0.4497268918647098,"{'ridge_frequency_mae_cpx': 0.1103515625, 'ridge_period_mae_pixels': 5.646980524823363, 'ridge_frequency_relative_mae': 0.5153684158882053, 'ridge_frequency_windows': 32.0}",0.22017867591309218,0.40658480283507686
nist302-registered:00002547/00002547_7D_X_177_CA_D800_1000PPI_8BPC_1CH_LP01-1_1,00002547,0.10162962426402686,0.29426579195600516,9.929796800531351,0.46986742847326884,6522.0,0.9003172032535076,0.2448260168485673,0.4713094833751638,6.111424330403825,0.3041476706373266,6522.0,0.8898884765803814,0.7451939902422112,"{'ridge_frequency_mae_cpx': 0.07159213362068965, 'ridge_period_mae_pixels': 7.550544601996929, 'ridge_frequency_relative_mae': 0.48017249761170033, 'ridge_frequency_windows': 58.0}",0.16189145080103207,-0.17554202416280953
nist302-registered:00002561/00002561_1C_R_L03_BP_S11_1000PPI_8BPC_1CH_LP03-1_1,00002561,0.13568194999684466,0.36331511369908837,8.674779234394856,0.2652475049308426,2262.0,0.4792288839817047,0.26927232464039486,0.49915043310740687,5.698082803560335,0.17432888277960049,2262.0,0.6866257935762405,0.3853173322618461,"{'ridge_frequency_mae_cpx': 0.0146484375, 'ridge_period_mae_pixels': 0.781092781092781, 'ridge_frequency_relative_mae': 0.09882024882024883, 'ridge_frequency_windows': 4.0}",0.19020319899650698,-0.034557225134698805
nist302-registered:00002561/00002561_1E_L_L01_BP_S11_1000PPI_8BPC_1CH_LP04-1_1,00002561,0.030718301154215144,0.1622432925290989,15.126028062105526,0.38901028929784254,5127.0,0.3360235095024109,0.1135459493767526,0.32654585728688107,9.448283541320691,0.2862429625757975,5127.0,0.5571651458740234,0.41765135435310397,"{'ridge_frequency_mae_cpx': 0.05180027173913043, 'ridge_period_mae_pixels': 4.689453316117491, 'ridge_frequency_relative_mae': 0.3330570122557546, 'ridge_frequency_windows': 46.0}",0.18430737142860779,-0.1485862651415366
nist302-registered:00002561/00002561_1F_L_L01_BP_S11_1000PPI_8BPC_1CH_LP04-1_1,00002561,0.08523001209533963,0.2883031617040219,10.69407449924891,-0.018199418241718675,920.0,0.3644924759864807,0.010341699929265969,0.07765293348094691,19.85408067700537,0.5719738924045368,920.0,0.22718322277069092,0.04693043407360939,"{'ridge_frequency_mae_cpx': nan, 'ridge_period_mae_pixels': nan, 'ridge_frequency_relative_mae': nan, 'ridge_frequency_windows': 0.0}",0.24353390493262445,0.3334421061667031
nist302-registered:00002561/00002561_1G_L_L01_BP_S11_1000PPI_8BPC_1CH_LP01-1_1,00002561,0.08291519481837518,0.2813864286849694,10.813658745030803,0.5582531683983568,4226.0,0.4139920175075531,0.06792955798331811,0.2448284047802534,11.679412113481868,0.5733663987308791,4226.0,0.40235409140586853,0.5730717098944341,"{'ridge_frequency_mae_cpx': 0.0625, 'ridge_period_mae_pixels': 6.5815090118857, 'ridge_frequency_relative_mae': 0.402685257780213, 'ridge_frequency_windows': 40.0}",0.13001282569508338,-0.14795106560667481
nist302-registered:00002561/00002561_1G_R_L01_BP_S11_1000PPI_8BPC_1CH_LP01-1_1,00002561,0.038221180174558333,0.17478034742384052,14.176959071453371,0.31998234252912633,2226.0,0.4429199695587158,0.11540466717100116,0.3217762055516457,9.3777662718007,0.20625346241832493,2226.0,0.5594930052757263,0.7039303016287488,"{'ridge_frequency_mae_cpx': 0.138671875, 'ridge_period_mae_pixels': 13.59688361710509, 'ridge_frequency_relative_mae': 0.6598459316321618, 'ridge_frequency_windows': 2.0}",0.2153851024480399,-0.4190813559563132
nist302-registered:00002561/00002561_6E_X_092_BT_D800_1000PPI_8BPC_1CH_LP11-1_1,00002561,0.0061058054999452455,0.06186788038948412,22.14257034240746,0.7844949859725543,497.0,0.4029948115348816,0.06735050910130548,0.25092362056315787,11.716591171042909,-0.10983460226112947,497.0,0.6722707748413086,0.04449026756333522,"{'ridge_frequency_mae_cpx': nan, 'ridge_period_mae_pixels': nan, 'ridge_frequency_relative_mae': nan, 'ridge_frequency_windows': 0.0}",0.1973244991002497,0.46175224686635163
nist302-registered:00002575/00002575_1C_L_L01_BP_S22_1000PPI_8BPC_1CH_LP01-1_1,00002575,0.048792871623157576,0.18326369649293003,13.116436214574849,0.4835574097628876,5214.0,0.4090186357498169,0.06337149166260443,0.2365667107041695,11.98106070163484,0.47812431174141357,5214.0,0.4579283595085144,1.1079899985706911,"{'ridge_frequency_mae_cpx': 0.07307942708333333, 'ridge_period_mae_pixels': 8.121602342291057, 'ridge_frequency_relative_mae': 0.5074423479608458, 'ridge_frequency_windows': 48.0}",0.1420034826987067,-0.5376050497396737
nist302-registered:00002575/00002575_1D_X_L01_BP_S22_1000PPI_8BPC_1CH_LP04-1_1,00002575,0.04829575691318801,0.2085875798508806,13.160910230815082,0.39560490322491004,2544.0,0.4173567295074463,0.08122149078241019,0.2553028648238887,10.903290435010826,0.3519731436984885,2544.0,0.540451169013977,0.15517626214441502,"{'ridge_frequency_mae_cpx': nan, 'ridge_period_mae_pixels': nan, 'ridge_frequency_relative_mae': nan, 'ridge_frequency_windows': 0.0}",0.1712765774533976,-0.282855430029376
nist302-registered:00002575/00002575_1H_L_L01_BP_S22_1000PPI_8BPC_1CH_LP09-1_1,00002575,0.1002160325711634,0.2928091281742237,9.990627944348612,0.0375645568200975,863.0,0.4552652835845947,0.1287100969154885,0.3086294346723192,8.903873826785187,0.14670630013635647,863.0,0.5526686906814575,0.055462175199043305,"{'ridge_frequency_mae_cpx': nan, 'ridge_period_mae_pixels': nan, 'ridge_frequency_relative_mae': nan, 'ridge_frequency_windows': 0.0}",0.1434369806734917,-0.7335019104863009
nist302-registered:00002575/00002575_2A_X_L02_BP_S22_1000PPI_8BPC_1CH_LP08-1_1,00002575,0.11239193848036802,0.32561456983844705,9.492648382246927,0.183724382457527,1651.0,0.5096149444580078,0.24981380262694197,0.4733477622577452,6.023835698085078,0.0627911778705928,1651.0,0.6659213304519653,0.12844095291593466,"{'ridge_frequency_mae_cpx': nan, 'ridge_period_mae_pixels': nan, 'ridge_frequency_relative_mae': nan, 'ridge_frequency_windows': 0.0}",0.18892603693260007,-0.7957649503839281
nist302-registered:00002575/00002575_4A_X_627_IN_D800_1000PPI_8BPC_1CH_LP15-1_1,00002575,0.04012192087311585,0.16111027312047033,13.966182829142141,0.27351690888921026,2881.0,0.7141475826501846,0.09180643123383296,0.24464044205557345,10.371268944901114,0.21610609365098712,2881.0,0.8044173717498779,0.5397041726791437,"{'ridge_frequency_mae_cpx': nan, 'ridge_period_mae_pixels': nan, 'ridge_frequency_relative_mae': nan, 'ridge_frequency_windows': 0.0}",0.19265392832759118,0.01839678959430371
nist302-registered:00002575/00002575_5A_X_597_IN_D800_1000PPI_8BPC_1CH_LP07-1_1,00002575,0.01680554166303608,0.10403660407194118,17.74547485129849,0.36313857316067916,6167.0,0.49840398877859116,0.018497933374392348,0.1069013971140092,17.32876789123055,0.3497340042750914,6167.0,0.483660489320755,0.4470249400230342,"{'ridge_frequency_mae_cpx': 0.05719866071428571, 'ridge_period_mae_pixels': 6.64636397748957, 'ridge_frequency_relative_mae': 0.5361761262315169, 'ridge_frequency_windows': 56.0}",0.1535515060385164,0.19787869764322957
nist302-registered:00002575/00002575_5A_X_598_IN_D800_1000PPI_8BPC_1CH_LP03-1_1,00002575,0.07096347202124008,0.20133694259113377,11.489651439827409,0.5326913649987427,1694.0,0.8470243141055107,0.0986700621300051,0.23751452525169398,10.058145983335105,0.4260856608568884,1694.0,0.879401758313179,0.05031192874267928,"{'ridge_frequency_mae_cpx': nan, 'ridge_period_mae_pixels': nan, 'ridge_frequency_relative_mae': nan, 'ridge_frequency_windows': 0.0}",0.18636290705421152,0.09045322456657473
nist302-registered:00002575/00002575_5A_X_599_IN_D800_1000PPI_8BPC_1CH_LP01-1_1,00002575,0.025514066232442116,0.13297783720114348,15.932203214143875,0.495091780813757,1793.0,0.3146876394748688,0.024385045542100733,0.1383381498903784,16.128764289727812,0.6277686173032854,1793.0,0.3203412890434265,0.19079595942918706,"{'ridge_frequency_mae_cpx': nan, 'ridge_period_mae_pixels': nan, 'ridge_frequency_relative_mae': nan, 'ridge_frequency_windows': 0.0}",0.2506859193694548,-0.5857058614731494
nist302-registered:00002575/00002575_5A_X_599_IN_D800_1000PPI_8BPC_1CH_LP08-1_1,00002575,0.01151517598533241,0.08934039053005668,19.387294203680327,0.5278257803631221,2912.0,0.4547063112258911,0.03158808361348241,0.14090933107801681,15.004767210823644,0.5190571323864395,2912.0,0.6203944385051727,0.15818311060986498,"{'ridge_frequency_mae_cpx': nan, 'ridge_period_mae_pixels': nan, 'ridge_frequency_relative_mae': nan, 'ridge_frequency_windows': 0.0}",0.2812450559655558,-0.47715382778038873
nist302-registered:00002575/00002575_6E_X_078_BT_D800_1000PPI_8BPC_1CH_LP06-1_1,00002575,0.09218751540750883,0.2512826009147565,10.353278897571139,0.24239210731553526,4624.0,0.6943339258432388,0.08878982122864151,0.21921847302105704,10.51636818428712,0.26528673065670416,4624.0,0.8098482638597488,0.4587641901568742,"{'ridge_frequency_mae_cpx': 0.05362215909090909, 'ridge_period_mae_pixels': 2.669822473897927, 'ridge_frequency_relative_mae': 0.31856098498279733, 'ridge_frequency_windows': 11.0}",0.16981635716314705,0.2487102989316669
nist302-registered:00002575/00002575_6E_X_078_BT_D800_1000PPI_8BPC_1CH_LP13-1_1,00002575,0.011627546906111653,0.08430509500718912,19.345118998470312,0.45861296943771057,4107.0,0.42894846200942993,0.07913055982015504,0.2440877608067803,11.016557617848859,0.3592566094118742,4107.0,0.6293851733207703,0.4329802541377316,"{'ridge_frequency_mae_cpx': 0.10855263157894737, 'ridge_period_mae_pixels': 11.688506820170634, 'ridge_frequency_relative_mae': 0.7097456575767964, 'ridge_frequency_windows': 19.0}",0.21248602158739496,-0.1753051340242069
nist302-registered:00002583/00002583_1C_L_L01_BP_S21_1000PPI_8BPC_1CH_LP03-1_1,00002583,0.04764099736744221,0.21062707358428298,13.220191551102818,0.5704585259420383,3043.0,0.33812350034713745,0.17823014477570637,0.4193195286664452,7.490188401276598,0.4181822093798433,3043.0,0.5392438769340515,0.23806862072114765,"{'ridge_frequency_mae_cpx': 0.059416118421052634, 'ridge_period_mae_pixels': 8.240676713395823, 'ridge_frequency_relative_mae': 0.7074073916906372, 'ridge_frequency_windows': 19.0}",0.17650641420151578,-0.3548851878714401
nist302-registered:00002583/00002583_1C_R_L01_BP_S21_1000PPI_8BPC_1CH_LP05-1_1,00002583,0.06331972883228988,0.22415105955251402,11.984609536784806,0.3892109450409461,2962.0,0.4713820219039917,0.06163105511910188,0.1974706154751826,12.102003971162949,0.4319041084393554,2962.0,0.5401428639888763,0.44189038622796306,"{'ridge_frequency_mae_cpx': 0.06640625, 'ridge_period_mae_pixels': 8.497715399126784, 'ridge_frequency_relative_mae': 0.48272239777131726, 'ridge_frequency_windows': 20.0}",0.19061126838354395,-0.22892657949921566
nist302-registered:00002583/00002583_1D_L_L01_BP_S21_1000PPI_8BPC_1CH_LP03-1_1,00002583,0.05115859643661812,0.21480234859065137,12.910813791307072,0.38789757138650566,1549.0,0.31700599193573,0.08974245839499635,0.28734180862246367,10.470020376249042,0.3070188335931049,1549.0,0.4324364960193634,0.2610640487744619,"{'ridge_frequency_mae_cpx': nan, 'ridge_period_mae_pixels': nan, 'ridge_frequency_relative_mae': nan, 'ridge_frequency_windows': 0.0}",0.17809453456948016,0.5184150944127252
nist302-registered:00002583/00002583_1D_L_L01_BP_S21_1000PPI_8BPC_1CH_LP04-1_1,00002583,0.11265955587741394,0.32788860757202354,9.482319651579074,0.2205394781827118,1685.0,0.46273624897003174,0.08485349305629611,0.2693301623759001,10.713302749273375,0.2882977233037505,1685.0,0.4380345642566681,0.22540854244075695,"{'ridge_frequency_mae_cpx': nan, 'ridge_period_mae_pixels': nan, 'ridge_frequency_relative_mae': nan, 'ridge_frequency_windows': 0.0}",0.14282661056672682,-0.32491598343781164
nist302-registered:00002583/00002583_1D_R_L01_BP_S21_1000PPI_8BPC_1CH_LP01-1_1,00002583,0.13124537880554446,0.35662573781553714,8.819159793093142,0.3740312144444475,2189.0,0.47810912132263184,0.14411218808598564,0.36538337799390735,8.412992877866426,0.32262625663006594,2189.0,0.5581832230091095,0.3968926489717722,"{'ridge_frequency_mae_cpx': nan, 'ridge_period_mae_pixels': nan, 'ridge_frequency_relative_mae': nan, 'ridge_frequency_windows': 0.0}",0.1953324985875245,-0.30469898285826746
nist302-registered:00002583/00002583_1D_R_L01_BP_S21_1000PPI_8BPC_1CH_LP03-1_1,00002583,0.07245290349417123,0.25686559550747756,11.39944205828,0.49519597804346316,2811.0,0.4052584767341614,0.10896535051824832,0.30006534953169955,9.627115797750918,0.3633382850828214,2811.0,0.4872560203075409,0.39504412505494924,"{'ridge_frequency_mae_cpx': 0.05555555555555555, 'ridge_period_mae_pixels': 5.3705012190275925, 'ridge_frequency_relative_mae': 0.3535159362890455, 'ridge_frequency_windows': 9.0}",0.23056143601702112,-0.5932941630837724
nist302-registered:00002583/00002583_1G_L_L01_BP_S21_1000PPI_8BPC_1CH_LP03-1_1,00002583,0.020070584857045812,0.12896235237920398,16.974399719825254,0.3694186214047017,1361.0,0.24157851934432983,0.007824403247245914,0.07006997798489438,21.065487753548023,0.6135949444190764,1361.0,0.30990564823150635,0.1745122786249428,"{'ridge_frequency_mae_cpx': nan, 'ridge_period_mae_pixels': nan, 'ridge_frequency_relative_mae': nan, 'ridge_frequency_windows': 0.0}",0.1450256863688139,0.4409178930176297
nist302-registered:00002583/00002583_1G_R_L01_BP_S21_1000PPI_8BPC_1CH_LP01-1_1,00002583,0.056214072882917215,0.20258919538505243,12.50154947592737,0.2093725324806433,912.0,0.3956206440925598,0.08640814857303608,0.2605252922104116,10.634453001896754,0.1727769008193153,912.0,0.4778965711593628,0.11127803044293175,"{'ridge_frequency_mae_cpx': nan, 'ridge_period_mae_pixels': nan, 'ridge_frequency_relative_mae': nan, 'ridge_frequency_windows': 0.0}",0.189968452700192,-0.3091945721847152
nist302-registered:00002583/00002583_1G_R_L01_BP_S21_1000PPI_8BPC_1CH_LP03-1_1,00002583,0.04955022178816717,0.21585290280847882,13.049543972602077,0.28049206764798024,2323.0,0.35675638914108276,0.01643401318632135,0.0969499978483416,17.842563688931055,0.4855811108150654,2323.0,0.2971898913383484,0.5343085839184484,"{'ridge_frequency_mae_cpx': nan, 'ridge_period_mae_pixels': nan, 'ridge_frequency_relative_mae': nan, 'ridge_frequency_windows': 0.0}",0.18647680689059723,-0.584296904810084
nist302-registered:00002583/00002583_6E_X_004_BT_D800_1000PPI_8BPC_1CH_LP21-1_1,00002583,0.09428449799027774,0.2911283316615848,10.255597069521233,0.31405781744934264,1323.0,0.48957890272140503,0.13524363024497663,0.34390792978233403,8.688831803034779,0.3096929659130545,1323.0,0.6386069655418396,0.20025580849664754,"{'ridge_frequency_mae_cpx': nan, 'ridge_period_mae_pixels': nan, 'ridge_frequency_relative_mae': nan, 'ridge_frequency_windows': 0.0}",0.16836664942090682,0.49702149508879606
nist302-registered:00002583/00002583_6E_X_004_BT_D800_1000PPI_8BPC_1CH_LP25-1_1,00002583,0.08974308006793501,0.26041320789379796,10.46999029147128,0.3937905244977016,1767.0,0.5734977126121521,0.1841383806570248,0.3642755037961063,7.348556804243012,0.33308780978779434,1767.0,0.682953417301178,0.16695284623376921,"{'ridge_frequency_mae_cpx': nan, 'ridge_period_mae_pixels': nan, 'ridge_frequency_relative_mae': nan, 'ridge_frequency_windows': 0.0}",0.1840824121891686,0.5817335060031331
nist302-registered:00002611/00002611_1A_X_L01_BP_S22_1000PPI_8BPC_1CH_LP08-1_1,00002611,0.022592526166962883,0.11003166367190545,16.460352060413758,0.40248680228122324,1917.0,0.37366414070129395,0.03275781253416962,0.16218325959000665,14.846851067912883,0.31238269990355755,1917.0,0.3847465515136719,0.3749516745972318,"{'ridge_frequency_mae_cpx': 0.07958984375, 'ridge_period_mae_pixels': 7.91225142221213, 'ridge_frequency_relative_mae': 0.6625408296059305, 'ridge_frequency_windows': 8.0}",0.14033038932026404,-0.31282473432790875
nist302-registered:00002611/00002611_1D_L_L01_BP_S22_1000PPI_8BPC_1CH_LP02-1_1,00002611,0.11213597132828619,0.33207780055254527,9.502550507105358,0.2045108474831849,883.0,0.4259287118911743,0.029072607678081043,0.1445226856968276,15.365160122815277,0.4036408169727585,883.0,0.3292476534843445,0.0572159289598956,"{'ridge_frequency_mae_cpx': nan, 'ridge_period_mae_pixels': nan, 'ridge_frequency_relative_mae': nan, 'ridge_frequency_windows': 0.0}",0.14676306843564763,-0.5805270797229076
nist302-registered:00002611/00002611_1D_R_L01_BP_S22_1000PPI_8BPC_1CH_LP03-1_1,00002611,0.040403341844123995,0.18723577737313327,13.935827120072435,0.25483830654736805,1927.0,0.3148763179779053,0.15839699784392114,0.39281763587210794,8.002530540102542,0.10422869806138237,1927.0,0.5313431322574615,0.1289735660288299,"{'ridge_frequency_mae_cpx': nan, 'ridge_period_mae_pixels': nan, 'ridge_frequency_relative_mae': nan, 'ridge_frequency_windows': 0.0}",0.21261010513419937,-0.050243737957668955
nist302-registered:00002611/00002611_1F_L_L01_BP_S22_1000PPI_8BPC_1CH_LP04-1_1,00002611,0.04813463291480497,0.21136350037787166,13.175423358605002,0.5329086839688412,4499.0,0.39717936515808105,0.11470567093069728,0.3169866389342217,9.40415110494307,0.46956852570029134,4499.0,0.5413757860660553,0.40072018727453007,"{'ridge_frequency_mae_cpx': 0.06383928571428571, 'ridge_period_mae_pixels': 7.909595194965436, 'ridge_frequency_relative_mae': 0.43776774609053265, 'ridge_frequency_windows': 35.0}",0.17931975799858774,-0.7263767115722002
nist302-registered:00002611/00002611_1F_R_L01_BP_S22_1000PPI_8BPC_1CH_LP02-1_1,00002611,0.0522117971033703,0.22267493535075666,12.822313583379293,0.4229143936351221,4563.0,0.3631414771080017,0.04054545576014273,0.18113920957979968,13.920578134351953,0.4212696605700903,4563.0,0.43035489320755005,0.3499735828672764,"{'ridge_frequency_mae_cpx': 0.04457720588235294, 'ridge_period_mae_pixels': 4.895931729874875, 'ridge_frequency_relative_mae': 0.4163427811872335, 'ridge_frequency_windows': 34.0}",0.15289109806273854,-0.24147000087019196
nist302-registered:00002611/00002611_4D_X_108_IN_D800_1000PPI_8BPC_1CH_LP01-1_1,00002611,0.031535092614981296,0.1446291643400323,15.012058891952769,0.25084322452417146,5897.0,0.6485444605350494,0.031822987605117176,0.1350144622678451,14.972590503491283,0.24567541585538694,5897.0,0.5790460407733917,0.45715503548094955,"{'ridge_frequency_mae_cpx': 0.085390625, 'ridge_period_mae_pixels': 6.9506080108371044, 'ridge_frequency_relative_mae': 0.4739242265925581, 'ridge_frequency_windows': 50.0}",0.17543119012911673,0.15897445946049832
nist302-registered:00002611/00002611_4D_X_109_IN_D800_1000PPI_8BPC_1CH_LP08-1_1,00002611,0.019637566732311037,0.1040709515158541,17.069123261314633,0.3097653531812821,6646.0,0.5554825961589813,0.018910325870821944,0.1107129603534659,17.233009871422485,0.2823702185136622,6646.0,0.5509484112262726,0.8278966298406149,"{'ridge_frequency_mae_cpx': 0.07751116071428571, 'ridge_period_mae_pixels': 7.497691704348389, 'ridge_frequency_relative_mae': 0.4903272473508892, 'ridge_frequency_windows': 70.0}",0.17523738596585012,-0.04263846970909708
nist302-registered:00002614/00002614_1C_L_L01_BP_S05_1000PPI_8BPC_1CH_LP05-1_1,00002614,0.14445078027738467,0.3772173210596427,8.402801078921465,0.056293165720758626,780.0,0.44942837953567505,0.18537644798625608,0.42250027297398984,7.3194544365076375,0.02120677685495011,780.0,0.5497809052467346,0.07471385083860066,"{'ridge_frequency_mae_cpx': nan, 'ridge_period_mae_pixels': nan, 'ridge_frequency_relative_mae': nan, 'ridge_frequency_windows': 0.0}",0.13763759387281788,-0.5118517238244589
nist302-registered:00002614/00002614_1C_R_L01_BP_S05_1000PPI_8BPC_1CH_LP06-1_1,00002614,0.07794399675232773,0.2731651506808974,11.082173285538746,-0.06580009853758216,805.0,0.3957265615463257,0.11704646194142526,0.3370604905282489,9.316417095413751,-0.09740005748954852,805.0,0.45375537872314453,0.2262955552378887,"{'ridge_frequency_mae_cpx': nan, 'ridge_period_mae_pixels': nan, 'ridge_frequency_relative_mae': nan, 'ridge_frequency_windows': 0.0}",0.2132177418116034,0.024929488463850315
nist302-registered:00002614/00002614_1F_L_L01_BP_S05_1000PPI_8BPC_1CH_LP03-1_1,00002614,0.04829608587676871,0.19445032010169042,13.160880649214043,0.2505571264345397,2105.0,0.43609294295310974,0.02265572395237569,0.1271585145642242,16.448220555991856,0.37025235623155023,2105.0,0.3654407858848572,0.34098504404092667,"{'ridge_frequency_mae_cpx': 0.03962053571428571, 'ridge_period_mae_pixels': 6.660941779309126, 'ridge_frequency_relative_mae': 0.5579563293849008, 'ridge_frequency_windows': 7.0}",0.18636581281236078,-0.19859103489514512
nist302-registered:00002614/00002614_3_X_0262_IN_D800_1000PPI_8BPC_1CH_LP03-1_1,00002614,0.044776656238427096,0.16567096320605304,13.489483411147438,0.26911821775998707,3544.0,0.6201363950967789,0.06769507333187935,0.22201822772538016,11.694429369667787,0.24521854774721175,3544.0,0.6417300254106522,0.8036694275963814,"{'ridge_frequency_mae_cpx': 0.0654296875, 'ridge_period_mae_pixels': 7.700577276822773, 'ridge_frequency_relative_mae': 0.4439111073625509, 'ridge_frequency_windows': 20.0}",0.15078979800192485,-0.4032281495691231
nist302-registered:00002614/00002614_3_X_0262_IN_D800_1000PPI_8BPC_1CH_LP14-1_1,00002614,0.12209242418663012,0.32569534480386064,9.133112831150395,0.1622908752465697,8025.0,0.6513187438249588,0.06972458345496471,0.21988507288638676,11.566140715940122,0.22721927898030383,8025.0,0.7609354108572006,0.6039066857406562,"{'ridge_frequency_mae_cpx': 0.06595552884615384, 'ridge_period_mae_pixels': 4.860182455815384, 'ridge_frequency_relative_mae': 0.4560241873311963, 'ridge_frequency_windows': 78.0}",0.19955468347146083,-0.07184501408430075
nist302-registered:00002614/00002614_5B_X_0203_IN_D800_1000PPI_8BPC_1CH_LP37-1_1,00002614,0.06738750034079365,0.2148472057635307,11.71420652966983,0.3688703504675426,2034.0,0.776231199502945,0.050307626916796536,0.17920718049573747,12.98366168487168,0.3922145132168861,2034.0,0.7345925383269787,0.14329714878718416,"{'ridge_frequency_mae_cpx': nan, 'ridge_period_mae_pixels': nan, 'ridge_frequency_relative_mae': nan, 'ridge_frequency_windows': 0.0}",0.16487961779787458,0.3349566682580799
nist302-registered:00002614/00002614_5B_X_0203_IN_D800_1000PPI_8BPC_1CH_LP39-1_1,00002614,0.05459214415373373,0.18847988217588382,12.628698480672217,0.21581683838001608,4414.0,0.6568997167050838,0.15372249395777962,0.3358860649776019,8.132625782584586,0.15307980638661756,4414.0,0.9315160773694515,0.6708666801183159,"{'ridge_frequency_mae_cpx': 0.07991536458333333, 'ridge_period_mae_pixels': 7.010517086720784, 'ridge_frequency_relative_mae': 0.5307673838856201, 'ridge_frequency_windows': 24.0}",0.21531025241078758,0.18044773040050197
nist302-registered:00002614/00002614_5B_X_0205_IN_D800_1000PPI_8BPC_1CH_LP18-1_1,00002614,0.08932010974605896,0.26474730521893164,10.490507519902263,0.264792275947461,4835.0,0.7848964231088758,0.05142758482857371,0.1749536511846534,12.888038707839522,0.3005634555119296,4835.0,0.9115575104951859,0.37931948308667424,"{'ridge_frequency_mae_cpx': 0.07779017857142857, 'ridge_period_mae_pixels': 6.591896394831982, 'ridge_frequency_relative_mae': 0.4442434503150331, 'ridge_frequency_windows': 35.0}",0.22036487754516346,0.07899790187106064
nist302-registered:00002614/00002614_5B_X_0207_IN_D800_1000PPI_8BPC_1CH_LP14-1_1,00002614,0.14522716941010808,0.2995482759886475,8.379521272924164,0.3085704753564808,5218.0,0.8341014236211777,0.10447739316494373,0.22677647861291184,9.809776720969886,0.3508656197566671,5218.0,0.8727817758917809,0.5585372610337075,"{'ridge_frequency_mae_cpx': 0.06174879807692308, 'ridge_period_mae_pixels': 4.363380989815708, 'ridge_frequency_relative_mae': 0.561512255896829, 'ridge_frequency_windows': 26.0}",0.2053956425103321,-0.07121049400482037
nist302-registered:00002614/00002614_5B_X_0209_IN_D800_1000PPI_8BPC_1CH_LP41-1_1,00002614,0.11290094271892694,0.2618526036200271,9.473024317161425,0.2669574771156946,4967.0,0.8787104882067069,0.08700982970711359,0.2237423694031965,10.604316813306891,0.29409470253870273,4967.0,0.8283958233660087,0.5688773033503598,"{'ridge_frequency_mae_cpx': 0.07358530405405406, 'ridge_period_mae_pixels': 7.140594609735198, 'ridge_frequency_relative_mae': 0.4490184799511482, 'ridge_frequency_windows': 37.0}",0.22197563931236222,0.15315054702537698
nist302-registered:00002625/00002625_1D_L_L01_BP_S23_1000PPI_8BPC_1CH_LP03-1_1,00002625,0.02585413472459439,0.15115977416833243,15.874699924354122,0.5720390916699069,7500.0,0.28969693183898926,0.12574402631021733,0.341753265273571,9.005126377005247,0.4465587515351872,7500.0,0.5159239768981934,0.5102945612961832,"{'ridge_frequency_mae_cpx': 0.09026041666666666, 'ridge_period_mae_pixels': 5.396036259886534, 'ridge_frequency_relative_mae': 0.4297819814180517, 'ridge_frequency_windows': 75.0}",0.16595288454067142,-0.31748334613125945
nist302-registered:00002625/00002625_1F_L_L01_BP_S23_1000PPI_8BPC_1CH_LP02-1_1,00002625,0.056401012511973436,0.20574719797682975,12.487130994844609,0.43813400555210535,4028.0,0.48084062337875366,0.18534498188308138,0.41751228765674236,7.3201916776762115,0.34146151060319035,4028.0,0.5719404518604279,0.34687174314345004,"{'ridge_frequency_mae_cpx': 0.059765625, 'ridge_period_mae_pixels': 7.894185481245008, 'ridge_frequency_relative_mae': 0.4291939958967569, 'ridge_frequency_windows': 30.0}",0.18938745409916152,-0.3781132708289327
nist302-registered:00002625/00002625_1F_R_L01_BP_S23_1000PPI_8BPC_1CH_LP02-1_1,00002625,0.02688869372017487,0.14627702825993422,15.70430295727606,0.413329482523231,4402.0,0.36694061756134033,0.05552869629478707,0.21615888369944572,12.554825227929925,0.31751184150016826,4402.0,0.5372699797153473,0.41622133364460995,"{'ridge_frequency_mae_cpx': 0.05003004807692308, 'ridge_period_mae_pixels': 4.383288975481129, 'ridge_frequency_relative_mae': 0.38508657032720706, 'ridge_frequency_windows': 26.0}",0.1412312462681701,0.10972115267823512
nist302-registered:00002625/00002625_1H_L_L01_BP_S23_1000PPI_8BPC_1CH_LP05-1_1,00002625,0.06037195858567763,0.2318314101371989,12.19164734546488,0.08123013058635585,1192.0,0.40737807750701904,0.027000938560321618,0.13627197268425217,15.686211393786355,0.4070335534182048,1192.0,0.32611823081970215,0.05766071671489349,"{'ridge_frequency_mae_cpx': nan, 'ridge_period_mae_pixels': nan, 'ridge_frequency_relative_mae': nan, 'ridge_frequency_windows': 0.0}",0.1815259679026852,-0.17314096711627477
nist302-registered:00002625/00002625_1H_L_L01_BP_S23_1000PPI_8BPC_1CH_LP06-1_1,00002625,0.07267557990997991,0.2676783534837687,11.386114941196334,-0.11462733143718513,701.0,0.3301582932472229,0.018208389032694984,0.12274531478038359,17.39728476234727,0.2972737571562966,701.0,0.22180473804473877,0.017861157303998395,"{'ridge_frequency_mae_cpx': nan, 'ridge_period_mae_pixels': nan, 'ridge_frequency_relative_mae': nan, 'ridge_frequency_windows': 0.0}",0.21629746920414553,-0.2710311276930393
nist302-registered:00002625/00002625_4E_X_439_IN_D800_1000PPI_8BPC_1CH_LP16-1_1,00002625,0.011991139128110936,0.08624626073606954,19.211395580559824,0.45860349024448344,1915.0,0.45867501199245453,0.02231962180226463,0.12358859533896334,16.513131686314615,0.41212726927487453,1915.0,0.6224717348814011,0.13917070215043148,"{'ridge_frequency_mae_cpx': nan, 'ridge_period_mae_pixels': nan, 'ridge_frequency_relative_mae': nan, 'ridge_frequency_windows': 0.0}",0.1858806182247896,-0.26203429355025726
nist302-registered:00002625/00002625_6A_X_099_BT_D800_1000PPI_8BPC_1CH_LP02-1_1,00002625,0.07016589064277952,0.23228165089010688,11.538739577511448,0.3602650931856943,944.0,0.6439539939165115,0.11347853600386215,0.2566778485237037,9.450862757096845,0.24825818982283462,944.0,0.8249381333589554,0.2446902097572083,"{'ridge_frequency_mae_cpx': nan, 'ridge_period_mae_pixels': nan, 'ridge_frequency_relative_mae': nan, 'ridge_frequency_windows': 0.0}",0.2594415385582761,0.33318614910541156
nist302-registered:00002626/00002626_1A_X_L01_BP_S21_1000PPI_8BPC_1CH_LP04-1_1,00002626,0.08584898408316816,0.28704375619594713,10.662648398121469,0.1391974935471202,2355.0,0.42121896147727966,0.023726991267294637,0.1391151505923828,16.247573295810326,0.28536250968972127,2355.0,0.29351484775543213,0.3999480946249433,"{'ridge_frequency_mae_cpx': 0.057992788461538464, 'ridge_period_mae_pixels': 6.638355632022429, 'ridge_frequency_relative_mae': 0.6658613146170353, 'ridge_frequency_windows': 13.0}",0.1418759988005645,-0.37204988195548605
nist302-registered:00002626/00002626_1D_L_L01_BP_S21_1000PPI_8BPC_1CH_LP03-1_1,00002626,0.12195222275365614,0.3426899074909367,9.13810279640122,0.3934720963793039,3086.0,0.5479086637496948,0.16772334655017612,0.39586107449259605,7.754064807916317,0.3580592985169235,3086.0,0.5859528481960297,0.44800701378232205,"{'ridge_frequency_mae_cpx': 0.06640625, 'ridge_period_mae_pixels': 4.227891940363452, 'ridge_frequency_relative_mae': 0.4325516741942995, 'ridge_frequency_windows': 8.0}",0.16246309789802485,-0.4922791457271996
nist302-registered:00002626/00002626_1F_R_L01_BP_S21_1000PPI_8BPC_1CH_LP03-1_1,00002626,0.04358973649963045,0.19242788123062843,13.60615756288633,0.2497934599735559,2077.0,0.33470290899276733,0.16976386166305232,0.38688637434604023,7.701547543199744,0.16644351551412434,2077.0,0.5914866626262665,0.1735321855164159,"{'ridge_frequency_mae_cpx': nan, 'ridge_period_mae_pixels': nan, 'ridge_frequency_relative_mae': nan, 'ridge_frequency_windows': 0.0}",0.187498062596917,-0.28163784929836605
nist302-registered:00002626/00002626_1H_L_L01_BP_S21_1000PPI_8BPC_1CH_LP03-1_1,00002626,0.030340215974275477,0.15090108932542406,15.179813320495443,0.43001463274458895,3025.0,0.3360595107078552,0.12321696574852546,0.3155110624013853,9.093294900313047,0.2897653386254419,3025.0,0.5961292386054993,0.4098337873592133,"{'ridge_frequency_mae_cpx': 0.10112847222222222, 'ridge_period_mae_pixels': 6.70376471405806, 'ridge_frequency_relative_mae': 0.48016108483541436, 'ridge_frequency_windows': 9.0}",0.19970510569098707,0.09162086159008355
nist302-registered:00002626/00002626_1H_L_L01_BP_S21_1000PPI_8BPC_1CH_LP04-1_1,00002626,0.03229783470345024,0.14607053762810007,14.90826592463469,0.35073621749111195,3207.0,0.40619808435440063,0.044051071038028,0.17388272391400458,13.560435278818822,0.3379595058031127,3207.0,0.5035600662231445,0.1995423664440206,"{'ridge_frequency_mae_cpx': 0.07666015625, 'ridge_period_mae_pixels': 5.842348013625786, 'ridge_frequency_relative_mae': 0.483632250707987, 'ridge_frequency_windows': 8.0}",0.22216199053044608,0.6471958028327021
nist302-registered:00002626/00002626_1H_L_L01_BP_S21_1000PPI_8BPC_1CH_LP05-1_1,00002626,0.08266325373422859,0.26030132523334093,10.826875043167064,0.22408093558078904,2076.0,0.43873658776283264,0.2068941802756228,0.4411921429022544,6.842517254276947,0.12902862273604596,2076.0,0.6114777326583862,0.34231232546410956,"{'ridge_frequency_mae_cpx': nan, 'ridge_period_mae_pixels': nan, 'ridge_frequency_relative_mae': nan, 'ridge_frequency_windows': 0.0}",0.168910127123646,-0.3713219850438795
nist302-registered:00002626/00002626_1H_R_L01_BP_S21_1000PPI_8BPC_1CH_LP04-2_1,00002626,0.04256217481726519,0.20034837142572415,13.70976188819071,0.5002343949015213,1618.0,0.3337302803993225,0.17902200342912292,0.4111183856341099,7.470935870057528,0.3467333523914436,1618.0,0.5878065824508667,0.6127538066378402,"{'ridge_frequency_mae_cpx': nan, 'ridge_period_mae_pixels': nan, 'ridge_frequency_relative_mae': nan, 'ridge_frequency_windows': 0.0}",0.1617950163781643,-0.09607181979746125
nist302-registered:00002626/00002626_1H_R_L01_BP_S21_1000PPI_8BPC_1CH_LP04-3_1,00002626,0.0782475893938509,0.2739806697471504,11.065290330668144,0.4022949071332568,2665.0,0.3836509585380554,0.025000814371631836,0.13016974952833738,16.0204584447414,0.5424766413809841,2665.0,0.35945242643356323,0.32150193560519685,"{'ridge_frequency_mae_cpx': 0.11067708333333333, 'ridge_period_mae_pixels': 10.712250712250713, 'ridge_frequency_relative_mae': 2.15018315018315, 'ridge_frequency_windows': 3.0}",0.17980955391643,0.21710798243650975
