sample_id,mask_family,observed_fraction,missing_roi_orientation_valid_pixels,missing_roi_orientation_error,missing_mse,missing_mae,missing_psnr,missing_ssim_map_mean,missing_pixels,missing_max_absolute_error,observed_mse,observed_mae,observed_psnr,observed_ssim_map_mean,observed_pixels,observed_max_absolute_error,missing_roi_mse,missing_roi_mae,missing_roi_psnr,missing_roi_ssim_map_mean,missing_roi_pixels,missing_roi_max_absolute_error,observed_roi_mse,observed_roi_mae,observed_roi_psnr,observed_roi_ssim_map_mean,observed_roi_pixels,observed_roi_max_absolute_error
socofing:000023:left_thumb,random_rectangles,0.10000000149011612,10581.0,0.5282818506879386,0.0319648587277412,0.12253071055489254,14.953272106387832,0.29701728763695473,14746.0,0.7412782460451126,0.0,0.0,inf,0.9523701423928741,1638.0,0.0,0.03927491076194405,0.1521386868453691,14.058847930642921,0.11213970370590101,11110.0,0.7412782460451126,0.0,0.0,inf,0.9255016797520689,94.0,0.0
socofing:000023:left_index,random_rectangles,0.20000000298023224,9565.0,0.1918336133009009,0.020956962287014998,0.09120038164644681,16.786716681384984,0.3488880971875093,13107.0,0.7450883686542511,0.0,0.0,inf,0.9858845236000437,3277.0,0.0,0.027541108557602563,0.1179949330372604,15.600185829331148,0.15868244255618996,9772.0,0.7450883686542511,0.0,0.0,inf,0.9370792223759538,299.0,0.0
socofing:000023:left_middle,random_rectangles,0.30000001192092896,8997.0,0.19529052376853748,0.020325127092558418,0.09060387960979835,16.91966730091865,0.2740925730377458,11469.0,0.743661031126976,0.0,0.0,inf,0.9884432384159938,4915.0,0.0,0.023279754960840525,0.10366881492575737,16.33021595315744,0.15745150361612337,9663.0,0.743661031126976,0.0,0.0,inf,0.9245808500932302,528.0,0.0
socofing:000023:left_ring,random_rectangles,0.4000000059604645,5827.0,0.08046265411031889,0.017864840464892326,0.07714175120344725,17.48000857744569,0.4955235308132011,9830.0,0.7896897494792938,0.0,0.0,inf,0.9942443108968282,6554.0,0.0,0.02830121068497632,0.12079754216558714,15.481949855867336,0.22362758381020814,5967.0,0.7896897494792938,0.0,0.0,inf,0.9832173189003829,1950.0,0.0
socofing:000023:left_little,random_rectangles,0.5,5332.0,0.035931397314001606,0.013414117188053996,0.06517689218890155,18.724379039068864,0.56190247783014,8192.0,0.6825994551181793,0.0,0.0,inf,0.9889578141459379,8192.0,0.0,0.01994991897150964,0.09679146905300053,17.0005886390193,0.34606962024259486,5418.0,0.6825994551181793,0.0,0.0,inf,0.9705366898559064,3011.0,0.0
socofing:000023:right_thumb,random_rectangles,0.6000000238418579,6294.0,0.07879272658582916,0.024823758699288316,0.10874021389164597,16.051324589867694,0.20913996744586366,6554.0,0.8740477189421654,0.0,0.0,inf,0.991385304311256,9830.0,0.0,0.0247597099496215,0.10852340089217082,16.06254447213175,0.20231353651439202,6492.0,0.8740477189421654,0.0,0.0,inf,0.9870486809785187,5741.0,0.0
socofing:000023:right_index,random_rectangles,0.699999988079071,4572.0,0.2297889210788991,0.022452704347005744,0.11119442550903176,16.487313423110905,0.18898660201554693,4915.0,0.6627625524997711,0.0,0.0,inf,0.9936807280679423,11469.0,0.0,0.022452704347005744,0.11119442550903176,16.487313423110905,0.18898660201554693,4915.0,0.6627625524997711,0.0,0.0,inf,0.9890503505380313,6619.0,0.0
socofing:000023:right_middle,random_rectangles,0.800000011920929,2841.0,0.04022336918296629,0.012146186732956544,0.07589683013516008,19.155600464088096,0.3929609685639995,3277.0,0.5950194597244263,0.0,0.0,inf,0.9917783584071448,13107.0,0.0,0.013221161269198894,0.08239909400853432,18.787303972970037,0.3402049255504224,3004.0,0.5950194597244263,0.0,0.0,inf,0.9861171792118951,7570.0,0.0
socofing:000023:right_ring,irregular,0.10000000149011612,8669.0,0.4558671112640706,0.014895083466189714,0.07482827226124188,18.269570588266447,0.4206633255823125,14746.0,0.7345371693372726,0.0,0.0,inf,0.9384558982885638,1638.0,0.0,0.018713468146268987,0.0947971250699428,17.27845717726738,0.22591382452581898,10663.0,0.7345371693372726,0.0,0.0,inf,0.834658094087262,580.0,0.0
socofing:000023:right_little,irregular,0.20000000298023224,7664.0,0.1238736386782075,0.015086441442078793,0.06963361914769785,18.21413188609072,0.5340245461517532,13107.0,0.6947088688611984,0.0,0.0,inf,0.9501208044967767,3277.0,0.0,0.0225025531172603,0.10446901923678668,16.477682044738163,0.27192191460808507,8096.0,0.6947088688611984,0.0,0.0,inf,0.9234889471792049,2100.0,0.0
socofing:000030:left_thumb,irregular,0.30000001192092896,7798.0,0.1863461189665043,0.033497545123962545,0.11938613230112916,14.749870191775429,0.496971356427993,11469.0,0.7933976575732231,0.0,0.0,inf,0.9798319799611958,4915.0,0.0,0.04723927694458394,0.16753417866647358,13.25696758420515,0.30333110526147816,7905.0,0.7933976575732231,0.0,0.0,inf,0.972383529961148,3012.0,0.0
socofing:000030:left_index,irregular,0.4000000059604645,6165.0,0.05090687434727571,0.027225864941565293,0.10059218049610255,15.650183142027824,0.5711714713414462,9830.0,0.7620835155248642,0.0,0.0,inf,0.9843657617918268,6554.0,0.0,0.04212824369060703,0.15497227920587087,13.75426646056564,0.34875012429657404,6280.0,0.7620835155248642,0.0,0.0,inf,0.975073070365871,3528.0,0.0
socofing:000030:left_middle,irregular,0.5,6091.0,0.0763729230508846,0.0286169648446548,0.11063866713561765,15.433764300143329,0.5243337328038186,8192.0,0.7993429452180862,0.0,0.0,inf,0.9863185461980455,8192.0,0.0,0.03680743133756942,0.14194916072985259,14.340644893950598,0.3958749657911226,6198.0,0.7993429452180862,0.0,0.0,inf,0.9775877234294229,4123.0,0.0
socofing:000030:left_ring,irregular,0.6000000238418579,3885.0,0.03631583359942578,0.018141685876839026,0.08083252101195343,17.41322357133268,0.6606763385431672,6554.0,0.6435101926326752,0.0,0.0,inf,0.9901659861589348,9830.0,0.0,0.027850522725740123,0.12384400676470367,15.55166649151867,0.4889255665049657,3993.0,0.6435101926326752,0.0,0.0,inf,0.9834735132611274,5078.0,0.0
socofing:000030:left_little,irregular,0.699999988079071,2461.0,0.12925789116166522,0.020159295350031827,0.07823265126374827,16.955246523327233,0.6812311691900145,4915.0,0.7107347697019577,0.0,0.0,inf,0.9933394696773006,11469.0,0.0,0.03843692500651919,0.14849485176348548,14.152513636184239,0.4010893833461188,2565.0,0.7107347697019577,0.0,0.0,inf,0.9883560931306317,5534.0,0.0
socofing:000030:right_thumb,irregular,0.800000011920929,1931.0,0.021171693192352473,0.014661042071961715,0.06618600487733557,18.338351599801108,0.7337134505326167,3277.0,0.7111144587397575,0.0,0.0,inf,0.9932815488246265,13107.0,0.0,0.023053166994243958,0.10085191617702724,16.372694037387692,0.5854742444660189,2001.0,0.7111144587397575,0.0,0.0,inf,0.9917357833779413,10324.0,0.0
socofing:000030:right_index,central_missing,0.10000000149011612,8384.0,0.28295439575980647,0.05055109247792541,0.14565144593202844,12.962694542765858,0.29469455911681186,14746.0,0.9767943099141121,0.0,0.0,inf,0.9917014329785292,1638.0,0.0,0.06535689716765511,0.18162323399847488,11.847085742074736,0.09789441204732531,9506.0,0.9767943099141121,0.0,0.0,inf,0.9648123888392608,128.0,0.0
socofing:000030:right_middle,central_missing,0.20000000298023224,10395.0,0.37432867297863104,0.04275950738344638,0.14752849667014953,13.689673067813908,0.267193720587908,13107.0,0.8233689218759537,0.0,0.0,inf,0.9849832724099253,3277.0,0.0,0.050837519978256016,0.1748925448021074,12.938156439171886,0.1325836277496834,10900.0,0.8233689218759537,0.0,0.0,inf,0.9782571098345503,745.0,0.0
socofing:000030:right_ring,central_missing,0.30000001192092896,8303.0,0.25251419393155444,0.028082272887020025,0.11473398655198261,15.515677447493799,0.3517864075493295,11469.0,0.6931329667568207,0.0,0.0,inf,0.9920910025730871,4915.0,0.0,0.03630622327447282,0.14803159362904247,14.400189258699216,0.17126745060193538,8870.0,0.6931329667568207,0.0,0.0,inf,0.9725451214687111,1200.0,0.0
socofing:000030:right_little,central_missing,0.4000000059604645,5395.0,0.3007069276685625,0.025886191972254228,0.10824025078228507,15.869318324184977,0.3709980584176781,9830.0,0.7436226308345795,0.0,0.0,inf,0.9937777688967038,6554.0,0.0,0.03623462572154327,0.14741123554395028,14.40876220282172,0.18113353496443535,6788.0,0.7436226308345795,0.0,0.0,inf,0.9680960070349826,1163.0,0.0
socofing:000032:left_thumb,central_missing,0.5,8192.0,0.22866210028223508,0.06672890517504533,0.20601251728669467,11.7568600058512,0.2009096124220035,8192.0,0.8000593855977058,0.0,0.0,inf,0.9945619333493256,8192.0,0.0,0.06672890517504533,0.20601251728669467,11.7568600058512,0.2009096124220035,8192.0,0.8000593855977058,0.0,0.0,inf,0.9864412537577198,2999.0,0.0
socofing:000032:left_index,central_missing,0.6000000238418579,6161.0,0.10892539613876348,0.058551788914601645,0.18001509827787188,12.324598315246405,0.2364836980983176,6554.0,0.8321411460638046,0.0,0.0,inf,0.9940762100981855,9830.0,0.0,0.061273291401900534,0.18787300332483897,12.1272879015458,0.21056729250582196,6259.0,0.8321411460638046,0.0,0.0,inf,0.9913563625774741,3680.0,0.0
socofing:000032:left_middle,central_missing,0.699999988079071,4224.0,0.026600294537453568,0.05738048371531804,0.17300047327803178,12.412357949884525,0.3479858891642587,4915.0,0.7436722069978714,0.0,0.0,inf,0.9986671509114948,11469.0,0.0,0.06673534176379138,0.20068546991674477,11.756441110897537,0.25878210438290977,4224.0,0.7436722069978714,0.0,0.0,inf,0.9970166577620657,4209.0,0.0
socofing:000032:left_ring,central_missing,0.800000011920929,3111.0,0.04848887687838055,0.030980624082136064,0.1314322764021542,15.089098379422737,0.3374120073141185,3277.0,0.6782131195068359,0.0,0.0,inf,0.9984482944356075,13107.0,0.0,0.032633718823092954,0.13843947913400692,14.863334327300093,0.30546856440552644,3111.0,0.6782131195068359,0.0,0.0,inf,0.9962139286960596,4863.0,0.0
socofing:000032:left_little,peripheral_only,0.10000000149011612,6268.0,0.10944974627957303,0.031336689234034695,0.09310594158721806,15.03946889275924,0.6123318299621785,14746.0,0.9443233907222748,0.0,0.0,inf,0.9757033962021383,1638.0,0.0,0.06715885563309497,0.1976439547547956,11.728967127196112,0.1879713526321273,6338.0,0.9443233907222748,0.0,0.0,inf,0.9413165040996156,631.0,0.0
socofing:000032:right_thumb,peripheral_only,0.20000000298023224,9409.0,0.039489202892679744,0.049691447499961704,0.1488831940842577,13.037183521759857,0.45559396485671927,13107.0,0.8700359016656876,0.0,0.0,inf,0.9789433101556747,3277.0,0.0,0.06570720272606051,0.19363122497944787,11.82387021114079,0.28034008948972705,9434.0,0.8700359016656876,0.0,0.0,inf,0.9780868410171958,3025.0,0.0
socofing:000032:right_index,peripheral_only,0.30000001192092896,6792.0,0.04885914239360803,0.04309253981887181,0.12241599829739992,13.655979083991037,0.5599647297402226,11469.0,0.9086518874391913,0.0,0.0,inf,0.9878030723485757,4915.0,0.0,0.06949491312076422,0.19453138417960292,11.58046983675134,0.3133355165320329,6948.0,0.9086518874391913,0.0,0.0,inf,0.982666603330847,3380.0,0.0
socofing:000032:right_middle,peripheral_only,0.4000000059604645,5917.0,0.09885679290543606,0.04095858122313943,0.11749781303154873,13.876550954314755,0.5463586653264816,9830.0,0.9173459857702255,0.0,0.0,inf,0.9913997746318308,6554.0,0.0,0.06558253503361502,0.1851846768662271,11.832118000815356,0.2943591229654607,6001.0,0.9173459857702255,0.0,0.0,inf,0.9868961075691235,4197.0,0.0
socofing:000032:right_ring,peripheral_only,0.5,4705.0,0.030168045153457772,0.018116408690505507,0.07232951733309534,17.419278905708147,0.5875832336100981,8192.0,0.8297607889398932,0.0,0.0,inf,0.9894482029479136,8192.0,0.0,0.030481246178728327,0.12033824882255661,15.159672815095437,0.31102749513534084,4803.0,0.8297607889398932,0.0,0.0,inf,0.981713444370839,4664.0,0.0
socofing:000032:right_little,peripheral_only,0.6000000238418579,3129.0,0.03185864818666019,0.016018519461113077,0.06074876300225107,17.953776268025074,0.646837872330005,6554.0,0.8956967480480671,0.0,0.0,inf,0.9921868070598103,9830.0,0.0,0.03218330643746735,0.12088115452451234,14.923693395477308,0.293870151306125,3261.0,0.8956967480480671,0.0,0.0,inf,0.9842424107571831,4436.0,0.0
socofing:000039:left_thumb,peripheral_only,0.699999988079071,2799.0,0.02232124746243707,0.04120953610061313,0.11596669125962114,13.850022743392277,0.6444969669824235,4915.0,0.8709071725606918,0.0,0.0,inf,0.9978987187702646,11469.0,0.0,0.06992525760826268,0.1946526612526489,11.55365924990173,0.4114106633970525,2823.0,0.8709071725606918,0.0,0.0,inf,0.9974176071914118,8856.0,0.0
socofing:000039:left_index,peripheral_only,0.800000011920929,2098.0,0.036256923786422125,0.03738630957040825,0.1209919009557199,14.272874022517293,0.6389824904728013,3277.0,0.8319482356309891,0.0,0.0,inf,0.9983032863660838,13107.0,0.0,0.057518044407531034,0.18345333778790354,12.401958882276764,0.448778193454665,2098.0,0.8319482356309891,0.0,0.0,inf,0.997330714612979,8254.0,0.0
socofing:000039:left_middle,central_only,0.10000000149011612,9722.0,0.22256297219615365,0.058302119211495716,0.16079277080866092,12.343156588750965,0.33965163258544456,14746.0,0.921299509704113,0.0,0.0,inf,0.991506140207259,1638.0,0.0,0.0796596563068573,0.2178459139062005,10.987615716946715,0.1326805658450229,10076.0,0.921299509704113,0.0,0.0,inf,0.991506140207259,1638.0,0.0
socofing:000039:left_ring,central_only,0.20000000298023224,7633.0,0.19097603071959696,0.04323059398292594,0.12954752407622716,13.642087972737764,0.47067489948997215,13107.0,0.9019270464777946,0.0,0.0,inf,0.9945272670129096,3277.0,0.0,0.0660560505221631,0.1975211354786205,11.800873962471897,0.2281331300259264,7875.0,0.9019270464777946,0.0,0.0,inf,0.9945272670129096,3277.0,0.0
socofing:000039:left_little,central_only,0.30000001192092896,3452.0,0.2502922292045964,0.020580973080203367,0.06281001371139791,16.865340953961248,0.7732767457890067,11469.0,0.8853357955813408,0.0,0.0,inf,0.9974543726276985,4915.0,0.0,0.05979256746992614,0.1800316063794882,12.233527977408906,0.3979103557795578,3477.0,0.8853357955813408,0.0,0.0,inf,0.9973368382595313,4688.0,0.0
socofing:000039:right_thumb,central_only,0.4000000059604645,5834.0,0.07854810095247336,0.05626528071456649,0.14429150813437774,12.497595100383645,0.5427527620527544,9830.0,0.9945313930511475,0.0,0.0,inf,0.9955550258717913,6554.0,0.0,0.08527617585462625,0.2112468007631905,10.691722834872031,0.35802418008431885,6045.0,0.9945313930511475,0.0,0.0,inf,0.9955550258717913,6554.0,0.0
socofing:000039:right_index,central_only,0.5,3867.0,0.07760917490850694,0.03239958967242149,0.09403965451578244,14.894604899209048,0.6986135543095331,8192.0,0.980672899633646,0.0,0.0,inf,0.9954667688820225,8192.0,0.0,0.058866805786681645,0.16628867421628937,12.301295291080656,0.4948745887085497,3905.0,0.980672899633646,0.0,0.0,inf,0.9954667688820225,8192.0,0.0
socofing:000039:right_middle,central_only,0.6000000238418579,2533.0,0.11866652767099863,0.016966206212703606,0.060523893658899416,17.704152587480635,0.7669321546173642,6554.0,0.8801854243502021,0.0,0.0,inf,0.9941336385918678,9830.0,0.0,0.028783414665706088,0.11088017508202784,15.40857685642446,0.523952755142487,2544.0,0.7892564535140991,0.0,0.0,inf,0.9941530576705356,9813.0,0.0
socofing:000039:right_ring,central_only,0.699999988079071,784.0,0.19327478066714632,0.007871754046887235,0.028733488921519456,21.039284839045095,0.8982999419766868,4915.0,0.8486182019114494,0.0,0.0,inf,0.9990720400450471,11469.0,0.0,0.03697733385261974,0.1321353113446361,14.320644056386495,0.5285121387141192,789.0,0.8486182019114494,0.0,0.0,inf,0.9989103804831261,9632.0,0.0
socofing:000039:right_little,central_only,0.800000011920929,398.0,0.1015503467073937,0.00986168391069923,0.0317883332693926,20.060489217033894,0.9036728496104868,3277.0,0.780267708003521,0.0,0.0,inf,0.999691817151927,13107.0,0.0,0.046249006792600175,0.14286013545379753,13.348975893925097,0.6212696557957805,420.0,0.780267708003521,0.0,0.0,inf,0.999629066715425,9758.0,0.0
socofing:000052:left_thumb,disconnected_fragments,0.10000000149011612,10398.0,0.35534587921452776,0.040797306006516876,0.13715778474433118,13.893685139966978,0.3089888276155698,14746.0,0.7635899186134338,0.0,0.0,inf,0.9742803319600731,1638.0,0.0,0.05081475199802486,0.1733081854612704,12.940101896592873,0.14917476224420934,10542.0,0.7635899186134338,0.0,0.0,inf,0.9724828204398589,1494.0,0.0
socofing:000052:left_index,disconnected_fragments,0.20000000298023224,9024.0,0.3218323970269705,0.044670768037541046,0.13909330416507432,13.499765805123005,0.3440936183726493,13107.0,0.7481994479894638,0.0,0.0,inf,0.9845077744495673,3277.0,0.0,0.06073879958424974,0.18731334258998977,12.165337955439966,0.15272038302382326,9174.0,0.7481994479894638,0.0,0.0,inf,0.9830104818254886,2876.0,0.0
socofing:000052:left_middle,disconnected_fragments,0.30000001192092896,7453.0,0.25130070715012276,0.02101899507726932,0.09403068815568381,16.773880515251633,0.45250237066389687,11469.0,0.7154056131839752,0.0,0.0,inf,0.9848689141143885,4915.0,0.0,0.028283750564186232,0.12627346518937016,15.484630014759649,0.2698197579720758,7538.0,0.7154056131839752,0.0,0.0,inf,0.9847141502833975,4841.0,0.0
socofing:000052:left_ring,disconnected_fragments,0.4000000059604645,6896.0,0.12054361432456337,0.037459801355706555,0.1260160642171076,14.264345299599604,0.4188113023614359,9830.0,0.725149005651474,0.0,0.0,inf,0.9906804885237122,6554.0,0.0,0.046980359551045556,0.16002157056419888,13.28083663794311,0.2492786746885402,7024.0,0.725149005651474,0.0,0.0,inf,0.9888577385134744,5322.0,0.0
socofing:000052:left_little,disconnected_fragments,0.5,5876.0,0.10129254439846544,0.026143039803296294,0.10887482087127864,15.826439158739609,0.4142026949184936,8192.0,0.6375778615474701,0.0,0.0,inf,0.993652827259743,8192.0,0.0,0.03388819964241835,0.14079389596520916,14.69951503046132,0.23836474402436628,5966.0,0.6375778615474701,0.0,0.0,inf,0.9914928015797596,5955.0,0.0
socofing:000052:right_thumb,disconnected_fragments,0.6000000238418579,4311.0,0.15157980328521695,0.04607921302775469,0.13777582290063287,13.36494946699039,0.424650562233075,6554.0,0.963173626922071,0.0,0.0,inf,0.993634387197237,9830.0,0.0,0.057364990631866855,0.17272970958769712,12.41353073002765,0.24404076459241786,4347.0,0.9479491710662842,0.0,0.0,inf,0.9932645872889275,8587.0,0.0
socofing:000052:right_index,disconnected_fragments,0.699999988079071,1951.0,0.12690579016889075,0.01817634678291651,0.06681265494591862,17.404934000717184,0.72622179875157,4915.0,0.7911031693220139,0.0,0.0,inf,0.9964813593466806,11469.0,0.0,0.03288150197854334,0.12007840324915987,14.830483527471026,0.47141649146484266,1963.0,0.7911031693220139,0.0,0.0,inf,0.9961508056311558,10063.0,0.0
socofing:000052:right_middle,disconnected_fragments,0.800000011920929,1155.0,0.14487420688132008,0.01547177605369869,0.06678460235316687,18.1045982941327,0.7196034751561204,3277.0,0.7216552942991257,0.0,0.0,inf,0.9961328137803772,13107.0,0.0,0.02690774970111634,0.11396610310097059,15.701226208260714,0.5005822264114516,1168.0,0.7216552942991257,0.0,0.0,inf,0.9962466641034979,11344.0,0.0
socofing:000052:right_ring,stripes,0.10000000149011612,10319.0,0.6694450323667142,0.03465560066366665,0.12641426534871306,14.602265693993374,0.3223459816146778,14746.0,0.7629222422838211,0.0,0.0,inf,0.9852439119267692,1638.0,0.0,0.04344775722335232,0.15867260355661836,13.620326369520566,0.13830385858238875,10886.0,0.7629222422838211,0.0,0.0,inf,0.9814311446997778,1262.0,0.0
socofing:000052:right_little,stripes,0.20000000298023224,8830.0,0.32075132760975905,0.017109278286219328,0.08066982006141266,17.667683097413747,0.4049630469487587,13107.0,0.7567615881562233,0.0,0.0,inf,0.9758756262806013,3277.0,0.0,0.022377833688488922,0.10428066514746215,16.50181958141552,0.21778092171396446,9379.0,0.7567615881562233,0.0,0.0,inf,0.9605682750934692,1694.0,0.0
socofing:000054:left_thumb,stripes,0.30000001192092896,8308.0,0.4388591960159173,0.09022472124419824,0.19946418939200872,10.446744510505946,0.2710118714230319,11469.0,0.999672532081604,0.0,0.0,inf,0.9915662990165475,4915.0,0.0,0.10394092074860013,0.234181048871129,9.832134403487844,0.13390259563532278,8917.0,0.999672532081604,0.0,0.0,inf,0.9881509370342734,3391.0,0.0
socofing:000054:left_index,stripes,0.4000000059604645,6695.0,0.17958143270406993,0.028366174236516214,0.10633378235484915,15.471992338202686,0.4010443296576289,9830.0,0.7943539172410965,0.0,0.0,inf,0.9914226148547496,6554.0,0.0,0.04028617256095288,0.1493928297604323,13.948439913511825,0.18096772755164137,6876.0,0.7943539172410965,0.0,0.0,inf,0.9875916177139945,4255.0,0.0
socofing:000054:left_middle,stripes,0.5,5788.0,0.3096103005964851,0.03599127320160515,0.1300957877338078,14.438027897835692,0.39442317337781485,8192.0,0.7709602564573288,0.0,0.0,inf,0.9934661311383308,8192.0,0.0,0.04603915329921449,0.1647449201920748,13.368726720287851,0.23600415903236374,6092.0,0.7709602564573288,0.0,0.0,inf,0.990584776720826,5239.0,0.0
socofing:000054:left_ring,stripes,0.6000000238418579,5222.0,0.10041465160341614,0.036354767606984,0.1346978440995592,14.394386271809482,0.3781209020252039,6554.0,0.7073786407709122,0.0,0.0,inf,0.9945179374634542,9830.0,0.0,0.04334350489082963,0.1601591558726707,13.63075973191507,0.27261806522361437,5426.0,0.7073786407709122,0.0,0.0,inf,0.9924203750557916,6382.0,0.0
socofing:000054:left_little,stripes,0.699999988079071,3069.0,0.06247820642401136,0.01707050440992402,0.07194106253820906,17.677536458911195,0.5067236426144914,4915.0,0.8026372157037258,0.0,0.0,inf,0.9938921493490509,11469.0,0.0,0.027198799998446797,0.11325736299762881,15.654502564639348,0.24728570343674056,3075.0,0.8026372157037258,0.0,0.0,inf,0.9930291615895607,8366.0,0.0
socofing:000054:right_thumb,stripes,0.800000011920929,2337.0,0.09317920083908211,0.017767705868346768,0.08420635280321555,17.503686438343724,0.5106322200205913,3277.0,0.6838388890028,0.0,0.0,inf,0.9983378605122011,13107.0,0.0,0.021462128052619264,0.10131060295269277,16.683272182652605,0.3737104099300481,2508.0,0.6838388890028,0.0,0.0,inf,0.9980387956351799,10397.0,0.0
socofing:000054:right_index,severe_partial,0.10000000149011612,9827.0,0.1968653310975,0.05562424907799117,0.15129415397676915,12.547358389051436,0.4018933996867486,14746.0,0.9837121311575174,0.0,0.0,inf,0.9777338812081596,1638.0,0.0,0.07778201753452364,0.20898790761505337,11.091207961750989,0.1829603796738346,10066.0,0.9837121311575174,0.0,0.0,inf,0.9777338812081596,1638.0,0.0
socofing:000054:right_middle,severe_partial,0.20000000298023224,9146.0,0.31412337084936004,0.049895061708863,0.14608929389849332,13.019424359140901,0.37810337025408447,13107.0,0.9158301278948784,0.0,0.0,inf,0.982673675311525,3277.0,0.0,0.06644677428378544,0.19162331991043782,11.775260974113294,0.17108112275317883,9388.0,0.9158301278948784,0.0,0.0,inf,0.982159910651595,3176.0,0.0
socofing:000054:right_ring,severe_partial,0.30000001192092896,6762.0,0.14113946115660692,0.03081390100248188,0.10956782553548298,15.112533170479916,0.5108997910657875,11469.0,0.8071192465722561,0.0,0.0,inf,0.9913991481598586,4915.0,0.0,0.04808746821738315,0.16973943743170009,13.179680877247888,0.23937642033896975,6931.0,0.8071192465722561,0.0,0.0,inf,0.9903313568775942,4268.0,0.0
socofing:000054:right_little,random_rectangles,0.10000000149011612,10106.0,0.27539430004623555,0.05401763474859479,0.15324762776723777,12.674644360338407,0.33174324747628403,14746.0,0.8677678853273392,0.0,0.0,inf,0.9758544656202347,1638.0,0.0,0.0742707496869209,0.20782512645191686,11.291821923056267,0.10586464587915419,10576.0,0.8677678853273392,0.0,0.0,inf,0.9282072690152875,332.0,0.0
socofing:000057:left_thumb,random_rectangles,0.20000000298023224,11767.0,0.1574707010381457,0.06673192391128123,0.20411561847419774,11.75666354064133,0.18634812389608307,13107.0,0.7793026557192206,0.0,0.0,inf,0.9833752747816935,3277.0,0.0,0.07233367788832935,0.22005697691876405,11.40659452143339,0.11707859960584101,11889.0,0.7793026557192206,0.0,0.0,inf,0.9684627092836202,718.0,0.0
socofing:000057:left_index,random_rectangles,0.30000001192092896,9344.0,0.2122495065632323,0.06419875627027974,0.17882963181096126,11.924733854854551,0.2592390468318123,11469.0,0.9329897160641849,0.0,0.0,inf,0.986854677593686,4915.0,0.0,0.07755464515085765,0.21578711385151517,11.103921849171886,0.11242680374403628,9460.0,0.9329897160641849,0.0,0.0,inf,0.9680052666353874,1876.0,0.0
socofing:000057:left_middle,random_rectangles,0.4000000059604645,8901.0,0.14187885807583744,0.041964284705129806,0.14575587452478359,13.771201751783654,0.27151141695551906,9830.0,0.779457226395607,0.0,0.0,inf,0.9896867104509139,6554.0,0.0,0.04376256367044506,0.15186339401306376,13.5889724436852,0.23321327603752606,9240.0,0.779457226395607,0.0,0.0,inf,0.9807939588181556,3294.0,0.0
socofing:000057:left_ring,random_rectangles,0.5,7753.0,0.16163181717527925,0.046769330470911405,0.16780623817498963,13.300388472150777,0.21802736109012907,8192.0,0.8363955616950989,0.0,0.0,inf,0.9902753965013114,8192.0,0.0,0.04747239142161325,0.17010881578652517,13.23558890147011,0.20821591560033656,8065.0,0.8363955616950989,0.0,0.0,inf,0.9835031417244853,4384.0,0.0
socofing:000057:left_little,random_rectangles,0.6000000238418579,6082.0,0.095975529032365,0.0467571058612879,0.1643898265304423,13.301523783350767,0.25692353896941716,6554.0,0.8050520420074463,0.0,0.0,inf,0.9881252291306459,9830.0,0.0,0.04919350898382599,0.1724222065039526,13.080921980147648,0.22474356011620827,6212.0,0.8050520420074463,0.0,0.0,inf,0.9810320378769858,5065.0,0.0
socofing:000057:right_thumb,random_rectangles,0.699999988079071,3963.0,0.15911201592514426,0.054072805226487136,0.1695490596942899,12.670210992096251,0.353446980810661,4915.0,0.8101029386743903,0.0,0.0,inf,0.9958998406469015,11469.0,0.0,0.05996346774493664,0.18791508167185267,12.221132594304557,0.2879982252881471,4432.0,0.8101029386743903,0.0,0.0,inf,0.9940056936450142,7587.0,0.0
socofing:000057:right_index,random_rectangles,0.800000011920929,3088.0,0.07639645781602636,0.06596329788129947,0.19227257920321114,11.806976396277838,0.27338623642847737,3277.0,0.834537036716938,0.0,0.0,inf,0.9970798007446607,13107.0,0.0,0.06991000187423795,0.20377368613054078,11.554606862278625,0.23222416716862485,3092.0,0.834537036716938,0.0,0.0,inf,0.9957155552455055,8512.0,0.0
socofing:000057:right_middle,irregular,0.10000000149011612,10307.0,0.1375433390574839,0.056853571905125286,0.156576168093928,12.452422449612108,0.3401163757970233,14746.0,0.9880757918581367,0.0,0.0,inf,0.9523415665776922,1638.0,0.0,0.0743283792443966,0.20600228466455947,11.28845337032773,0.13133989535484475,10544.0,0.9868646850809455,0.0,0.0,inf,0.9186131453222298,735.0,0.0
socofing:000057:right_ring,irregular,0.20000000298023224,9276.0,0.10451072154906225,0.04018380934614374,0.13610034626192008,13.959488953729483,0.3901763202966927,13107.0,0.8293760269880295,0.0,0.0,inf,0.9636093638319914,3277.0,0.0,0.05284372928789848,0.17745765158611285,12.77006540943868,0.20415095072355394,9777.0,0.8293760269880295,0.0,0.0,inf,0.9437882070279403,2034.0,0.0
socofing:000057:right_little,irregular,0.30000001192092896,7486.0,0.05227265153197052,0.034455034553421665,0.11616553059773098,14.627473102144549,0.5312501501476995,11469.0,0.8553778510540724,0.0,0.0,inf,0.9785475514529438,4915.0,0.0,0.049328983998026495,0.16432679533748182,13.068978293705102,0.3361742628942545,7827.0,0.8553778510540724,0.0,0.0,inf,0.9692576567451642,3150.0,0.0
socofing:000061:left_thumb,irregular,0.4000000059604645,5387.0,0.02289582172442699,0.03212984218463431,0.10318170053626687,14.930914076109719,0.7034785624312004,9830.0,0.9129854738712311,0.0,0.0,inf,0.982603996341633,6554.0,0.0,0.05343074410475978,0.17015879122661384,12.722087775606674,0.52640329858363,5602.0,0.9129854738712311,0.0,0.0,inf,0.9744066946322415,3798.0,0.0
socofing:000061:left_index,irregular,0.5,4694.0,0.06012315081148337,0.032310530160194674,0.09980085251379478,14.906559158988495,0.6640815642308955,8192.0,0.8856348982080817,0.0,0.0,inf,0.9922630933318302,8192.0,0.0,0.055540381049429356,0.17057826450426103,12.553911449837301,0.4280737050894892,4742.0,0.8856348982080817,0.0,0.0,inf,0.9897564155204963,5483.0,0.0
socofing:000061:left_middle,irregular,0.6000000238418579,3705.0,0.02030217697045859,0.024155546864319706,0.08561503677302104,16.169831259494355,0.7248898501152199,6554.0,0.8328252285718918,0.0,0.0,inf,0.9945662044281292,9830.0,0.0,0.0411067432881365,0.14405398068819894,13.86086929155367,0.5411097621926482,3763.0,0.8328252285718918,0.0,0.0,inf,0.9906702675147563,5475.0,0.0
socofing:000061:left_ring,irregular,0.699999988079071,2139.0,0.011711850629123333,0.014318906259861769,0.05613414372760653,18.440901540566333,0.7870379461967214,4915.0,0.8369832336902618,0.0,0.0,inf,0.9919922549355882,11469.0,0.0,0.030573503565951805,0.11904863245068392,15.146547905125782,0.5336861242793646,2144.0,0.8369832336902618,0.0,0.0,inf,0.9839891058514101,5472.0,0.0
socofing:000061:left_little,irregular,0.800000011920929,1147.0,0.02245598228956614,0.016497590888763316,0.05457795514701134,17.825794703378875,0.8432203598346191,3277.0,0.8116161152720451,0.0,0.0,inf,0.9973030504626729,13107.0,0.0,0.043175076685761454,0.1413535267979085,13.647668823841638,0.6160321710749129,1222.0,0.8116161152720451,0.0,0.0,inf,0.9955837069932969,7326.0,0.0
socofing:000061:right_thumb,central_missing,0.10000000149011612,10956.0,0.45910554827268496,0.07497452372796251,0.1872363487411016,11.25086284394374,0.28839597380479876,14746.0,0.9437795262783766,0.0,0.0,inf,0.9903190997219209,1638.0,0.0,0.09660226455962884,0.23919781370105667,10.150126926919274,0.08561098649787985,11148.0,0.9437795262783766,0.0,0.0,inf,0.9537720793560558,94.0,0.0
socofing:000061:right_index,central_missing,0.20000000298023224,10083.0,0.1513022219305847,0.04027228301456814,0.11610839224185976,13.949937497686625,0.30060424956883075,13107.0,0.9527024626731873,0.0,0.0,inf,0.9945644142839026,3277.0,0.0,0.05008394577442321,0.14286497759955488,13.003014633328805,0.14829670871095724,10509.0,0.9527024626731873,0.0,0.0,inf,0.9787118825075315,650.0,0.0
socofing:000061:right_middle,central_missing,0.30000001192092896,8785.0,0.22113709183904584,0.08296297237371147,0.20550968760128538,10.811156965614451,0.32675989815591877,11469.0,0.9722224469296634,0.0,0.0,inf,0.9917075056390094,4915.0,0.0,0.10652179691768192,0.26229349427679055,9.725615160516146,0.15459017423701552,8917.0,0.9722224469296634,0.0,0.0,inf,0.9719933733129449,1092.0,0.0
socofing:000061:right_ring,central_missing,0.4000000059604645,8123.0,0.05429937896311964,0.057916830800067994,0.17207322432609826,12.371952106869298,0.28925377077788034,9830.0,0.8746704831719398,0.0,0.0,inf,0.9972734455767924,6554.0,0.0,0.07001772630024869,0.20702673515880365,11.547919962743316,0.16133068477093973,8123.0,0.8746704831719398,0.0,0.0,inf,0.9903219271706057,1385.0,0.0
socofing:000061:right_little,central_missing,0.5,4670.0,0.19047712863599583,0.040190886296887454,0.1178171376697037,13.958724165598081,0.48039105547615046,8192.0,0.9478474846109748,0.0,0.0,inf,0.996604905501904,8192.0,0.0,0.06994832271331049,0.20268828702698935,11.5522269496897,0.1443905627365695,4685.0,0.9478474846109748,0.0,0.0,inf,0.9884365218300791,2257.0,0.0
socofing:000064:left_thumb,central_missing,0.6000000238418579,6552.0,0.1932913964723992,0.0731274885605798,0.2127496804698857,11.35919341426167,0.19704269025674997,6554.0,0.8812018483877182,0.0,0.0,inf,0.9960106581432355,9830.0,0.0,0.0731274885605798,0.2127496804698857,11.35919341426167,0.19704269025674997,6554.0,0.8812018483877182,0.0,0.0,inf,0.9931044082201521,5687.0,0.0
socofing:000064:left_index,central_missing,0.699999988079071,4915.0,0.4299870517874077,0.07623421831214265,0.21674034423948033,11.178500484970508,0.18188221113244363,4915.0,0.85638627409935,0.0,0.0,inf,0.9941319631120757,11469.0,0.0,0.07623421831214265,0.21674034423948033,11.178500484970508,0.18188221113244363,4915.0,0.85638627409935,0.0,0.0,inf,0.9866818197987577,4914.0,0.0
socofing:000064:left_middle,central_missing,0.800000011920929,3277.0,0.10608484587397549,0.06906942394574103,0.19229664606994845,11.607141660906999,0.29221810016418714,3277.0,0.8681340739130974,0.0,0.0,inf,0.9982647142417242,13107.0,0.0,0.06906942394574103,0.19229664606994845,11.607141660906999,0.29221810016418714,3277.0,0.8681340739130974,0.0,0.0,inf,0.9972744888635446,8345.0,0.0
socofing:000064:left_ring,peripheral_only,0.10000000149011612,8482.0,0.11831300300447904,0.04569552499582995,0.13095344332983813,13.40126328699894,0.47014489569432766,14746.0,0.9328832849860191,0.0,0.0,inf,0.9741209476985442,1638.0,0.0,0.0703518178912637,0.2020049038847272,11.527246759130437,0.1781890311686246,8568.0,0.9328832849860191,0.0,0.0,inf,0.9584215963082935,1010.0,0.0
socofing:000064:left_little,peripheral_only,0.20000000298023224,5639.0,0.12924967090791373,0.0383243411176877,0.1051000402576666,14.16525302916176,0.592915395833082,13107.0,0.9249199591577053,0.0,0.0,inf,0.9890796289383561,3277.0,0.0,0.08282037817898728,0.2237704776472993,10.818627907296518,0.17134360550912378,5762.0,0.9249199591577053,0.0,0.0,inf,0.9743744013262806,986.0,0.0
socofing:000064:right_thumb,peripheral_only,0.30000001192092896,8411.0,0.06944183416309826,0.04253045489542212,0.1391001715305046,13.712999721527732,0.4403713266882891,11469.0,0.9577741008251905,0.0,0.0,inf,0.990917437156354,4915.0,0.0,0.05318572840370696,0.17281120619968807,12.742048885136768,0.2877673539816791,8423.0,0.9577741008251905,0.0,0.0,inf,0.9897408822388971,4258.0,0.0
socofing:000064:right_index,peripheral_only,0.4000000059604645,6412.0,0.07685032593652164,0.041246630740497184,0.13156134282582935,13.846115213097379,0.5481188861732489,9830.0,0.921098648570478,0.0,0.0,inf,0.9912611054089104,6554.0,0.0,0.05796021136446673,0.18539573966919565,12.368700394490652,0.3769817104283107,6472.0,0.921098648570478,0.0,0.0,inf,0.9897759766869054,5475.0,0.0
socofing:000064:right_middle,peripheral_only,0.5,5235.0,0.03778406680389729,0.037913501756116935,0.1192265260115164,14.212061015370354,0.6197750750492425,8192.0,0.8759248778223991,0.0,0.0,inf,0.9943003978217825,8192.0,0.0,0.05681358697257176,0.17717318251565203,12.45547790317583,0.4269692097298395,5242.0,0.8759248778223991,0.0,0.0,inf,0.9915017713363796,5329.0,0.0
socofing:000064:right_ring,peripheral_only,0.6000000238418579,4057.0,0.12195827884310734,0.03545649171870605,0.11466870652875491,14.503042383510888,0.5930693798466772,6554.0,0.7435537427663803,0.0,0.0,inf,0.9949129618089986,9830.0,0.0,0.055540557271198915,0.1780421362441477,12.55389767030982,0.3602775223512438,4087.0,0.7435537427663803,0.0,0.0,inf,0.9927932572908383,6822.0,0.0
socofing:000064:right_little,peripheral_only,0.699999988079071,3008.0,0.036502146640205166,0.03496776694603086,0.10594540159253542,14.563321010045074,0.6109851669167062,4915.0,0.8551637977361679,0.0,0.0,inf,0.9967712406019997,11469.0,0.0,0.05679747304672036,0.1701693879375816,12.456709858783814,0.38010086540502125,3009.0,0.8551637977361679,0.0,0.0,inf,0.9955613639038208,8052.0,0.0
socofing:000066:left_thumb,peripheral_only,0.800000011920929,1653.0,0.006680099631254132,0.025225399520679086,0.08424884716826407,15.981619466667782,0.8035315997720708,3277.0,0.783466026186943,0.0,0.0,inf,0.9986571948166517,13107.0,0.0,0.049504421091016285,0.16270603726072044,13.053560137999137,0.6199252793911231,1653.0,0.783466026186943,0.0,0.0,inf,0.9983016560088478,9893.0,0.0
socofing:000066:left_index,central_only,0.10000000149011612,9741.0,0.21485160533369824,0.0536963077417195,0.15072710015637658,12.70055576172446,0.39511562851664195,14746.0,0.9204429909586906,0.0,0.0,inf,0.9927739445917534,1638.0,0.0,0.07607996836591657,0.21286673687175214,11.187296766504364,0.16410486769238147,9859.0,0.9204429909586906,0.0,0.0,inf,0.9927739445917534,1638.0,0.0
socofing:000066:left_middle,central_only,0.20000000298023224,8378.0,0.2779301104960913,0.048383501061695054,0.14111789283042095,13.153027090051076,0.42303113142062987,13107.0,0.9192128106951714,0.0,0.0,inf,0.9948713648030822,3277.0,0.0,0.06567342229228172,0.19460080113170325,11.826103517049889,0.2086263675191981,8529.0,0.9192128106951714,0.0,0.0,inf,0.9948713648030822,3277.0,0.0
socofing:000066:left_ring,central_only,0.30000001192092896,6485.0,0.05181288733404531,0.031626554761501474,0.10825254128034646,14.999481153736443,0.5348426670723975,11469.0,0.7747064083814621,0.0,0.0,inf,0.993963136812473,4915.0,0.0,0.04962831558192343,0.16710159212742576,13.042704647964323,0.33938991191881346,6519.0,0.7747064083814621,0.0,0.0,inf,0.993963136812473,4915.0,0.0
socofing:000066:left_little,central_only,0.4000000059604645,2884.0,0.44347908916908085,0.019895290687508237,0.06407620593619326,17.012497110509674,0.7139021024334818,9830.0,0.8463720008730888,0.0,0.0,inf,0.997673480000587,6554.0,0.0,0.05745523371576435,0.17878117315037098,12.406704043934816,0.22934360877894927,2978.0,0.8463720008730888,0.0,0.0,inf,0.9972291246057552,5176.0,0.0
socofing:000066:right_thumb,central_only,0.5,3779.0,0.12965316945961258,0.03238678066805322,0.10204290744331956,14.896322198683942,0.6408532036907442,8192.0,0.9719018330797553,0.0,0.0,inf,0.9959940382407504,8192.0,0.0,0.05837328220820306,0.17789521425212898,12.337858865281921,0.4052654457967008,3981.0,0.9719018330797553,0.0,0.0,inf,0.9959940382407504,8192.0,0.0
socofing:000066:right_index,central_only,0.6000000238418579,1486.0,0.2028035083491536,0.015351398819807268,0.05331179760811057,18.138520454607402,0.8093900900512004,6554.0,0.8124762177467346,0.0,0.0,inf,0.997495559106469,9830.0,0.0,0.04320435303326605,0.15669225777919535,13.64472493854401,0.4588936232913887,1535.0,0.8124762177467346,0.0,0.0,inf,0.9973688358767526,9100.0,0.0
socofing:000066:right_middle,central_only,0.699999988079071,1149.0,0.20060407572136912,0.01991483257304516,0.06453059236239547,17.008233404175083,0.8052613914152057,4915.0,0.7953161299228668,0.0,0.0,inf,0.9984141559267541,11469.0,0.0,0.06113945752695498,0.19677589565942114,12.136784189644477,0.4423083516236157,1192.0,0.7953161299228668,0.0,0.0,inf,0.998276577062382,10467.0,0.0
socofing:000066:right_ring,central_only,0.800000011920929,269.0,0.008582432366743394,0.0008384221224454491,0.005172727691497896,30.76537270998194,0.9581944780049333,3277.0,0.6296758353710175,0.0,0.0,inf,0.9988849474624971,13107.0,0.0,0.006153788569524932,0.02971153058546925,22.108574292237616,0.8831761343288848,291.0,0.6296758353710175,0.0,0.0,inf,0.9994553597287763,11572.0,0.0
socofing:000066:right_little,disconnected_fragments,0.10000000149011612,8819.0,0.46020831567341447,0.04278176712304274,0.1279084283337045,13.6874128063555,0.4594374408447143,14746.0,0.8534693382680416,0.0,0.0,inf,0.9752790966499413,1638.0,0.0,0.06747345734778858,0.20008134023556687,11.70867035974878,0.17416700293069287,8983.0,0.8534693382680416,0.0,0.0,inf,0.9604125445697449,981.0,0.0
socofing:000068:left_thumb,disconnected_fragments,0.20000000298023224,9488.0,0.143134770367126,0.05252615733288291,0.15185903101324813,12.796243698073509,0.3769491704710696,13107.0,0.9489335399121046,0.0,0.0,inf,0.9808315373510705,3277.0,0.0,0.06378093110270075,0.18843260201633025,11.953091450207268,0.2323183365304663,9562.0,0.9489335399121046,0.0,0.0,inf,0.9794888827999002,3056.0,0.0
socofing:000068:left_index,disconnected_fragments,0.30000001192092896,7429.0,0.1330354343480207,0.03364811638182967,0.1140733927859975,14.730392425209553,0.4823427601675135,11469.0,0.9006878659129143,0.0,0.0,inf,0.9855033642388498,4915.0,0.0,0.04694232179171798,0.1568889032496184,13.284354337746166,0.28319369436270597,7730.0,0.9006878659129143,0.0,0.0,inf,0.9844040726667229,4552.0,0.0
socofing:000068:left_middle,disconnected_fragments,0.4000000059604645,6995.0,0.3820222076249327,0.05433300129973952,0.16114502112634124,12.649363043181257,0.34031503518383094,9830.0,0.9833860388025641,0.0,0.0,inf,0.9925214220454731,6554.0,0.0,0.061491558862876515,0.1918415915478684,12.111844970844148,0.2023815990165746,7141.0,0.8808258697390556,0.0,0.0,inf,0.9911335106906292,5521.0,0.0
socofing:000068:left_ring,disconnected_fragments,0.5,3031.0,0.0636746964442715,0.023189727378183967,0.07531045504754275,16.347043569612495,0.6528322558754776,8192.0,0.8785369955003262,0.0,0.0,inf,0.9925844461997901,8192.0,0.0,0.036831493455268864,0.13375938221194153,14.337806708754089,0.3906849200602576,3342.0,0.8785369955003262,0.0,0.0,inf,0.9920301222468542,7549.0,0.0
socofing:000068:left_little,disconnected_fragments,0.6000000238418579,2704.0,0.19393354991321513,0.043086589714282766,0.10176892299693534,13.656578787795862,0.5626682834692791,6554.0,0.9074027091264725,0.0,0.0,inf,0.9944684048691425,9830.0,0.0,0.07645577708639946,0.1740107095639852,11.165896932215427,0.26590043155330895,3315.0,0.9074027091264725,0.0,0.0,inf,0.9923731937843641,6939.0,0.0
socofing:000068:right_thumb,disconnected_fragments,0.699999988079071,3029.0,0.19918909060047318,0.05276210452292878,0.15718975685658132,12.776778900690624,0.3959648044599518,4915.0,0.9239438734948635,0.0,0.0,inf,0.9975606238327909,11469.0,0.0,0.06649890846520863,0.20263331544542543,11.771854832897866,0.2339082358152626,3250.0,0.7653658352792263,0.0,0.0,inf,0.9970902525186822,9499.0,0.0
socofing:000068:right_index,disconnected_fragments,0.800000011920929,1114.0,0.12084293714393307,0.01613421039580263,0.06776782586092915,17.92252284002679,0.7723275236239224,3277.0,0.6948317214846611,0.0,0.0,inf,0.9982277399116362,13107.0,0.0,0.03496530429475905,0.14362922184412796,14.563626878453157,0.4815782436353172,1178.0,0.6948317214846611,0.0,0.0,inf,0.9979624512354225,11043.0,0.0
socofing:000068:right_middle,stripes,0.10000000149011612,10814.0,0.2531907775780521,0.047523956191625055,0.15481941777558536,13.23087413130498,0.2996803824962991,14746.0,0.9043725710362196,0.0,0.0,inf,0.975585131005243,1638.0,0.0,0.06047439924066973,0.1949786767046005,12.184284372737803,0.11598831156595858,11255.0,0.9043725710362196,0.0,0.0,inf,0.9697432183994643,1181.0,0.0
socofing:000068:right_ring,stripes,0.20000000298023224,9289.0,0.2566843117829513,0.048461005117903744,0.14618025316382932,13.14607582509029,0.3190236145395303,13107.0,0.9361219368875027,0.0,0.0,inf,0.9844367377734086,3277.0,0.0,0.06455434282259141,0.1920598110163484,11.90074535729947,0.10471086611273445,9725.0,0.9361219368875027,0.0,0.0,inf,0.9807117718370577,2593.0,0.0
socofing:000068:right_little,stripes,0.30000001192092896,6880.0,0.15638659446426084,0.03473098179052889,0.11477569517041984,14.592829396900326,0.45960856284467266,11469.0,0.9549611192196608,0.0,0.0,inf,0.9892235820726462,4915.0,0.0,0.054437477408245075,0.17778974650030074,12.641020078820443,0.17296102838153543,7214.0,0.9549611192196608,0.0,0.0,inf,0.9867253006892341,3458.0,0.0
socofing:000077:left_thumb,stripes,0.4000000059604645,7901.0,0.10493980703353588,0.06455724931652139,0.18743622121898532,11.900549825007634,0.2686290803268863,9830.0,0.8929714523255825,0.0,0.0,inf,0.9895520621701256,6554.0,0.0,0.07468223326897333,0.21634905667869309,11.267827035525004,0.1576830371817655,8258.0,0.8929714523255825,0.0,0.0,inf,0.9857504419162778,4375.0,0.0
socofing:000077:left_index,stripes,0.5,5747.0,0.15329324845338654,0.05265601364885018,0.1509658019021458,12.785520224771638,0.41792348042898053,8192.0,0.8849916607141495,0.0,0.0,inf,0.9934898018915256,8192.0,0.0,0.07080097365036142,0.2029396427556805,11.49960769879839,0.21928271203756625,5846.0,0.8849916607141495,0.0,0.0,inf,0.9932328381605493,5913.0,0.0
socofing:000077:left_middle,stripes,0.6000000238418579,5236.0,0.19412683483426257,0.048910040244867156,0.15837419667753835,13.106019798260997,0.33368271500249785,6554.0,0.8171907663345337,0.0,0.0,inf,0.9974681269994988,9830.0,0.0,0.05897608849163866,0.1901624235530142,12.293240348162573,0.19968719319915013,5323.0,0.8171907663345337,0.0,0.0,inf,0.9965578074067591,6442.0,0.0
socofing:000077:left_ring,stripes,0.699999988079071,3626.0,0.14536662681263687,0.04210536539623836,0.13969994727098162,13.756625594253894,0.42913214681044803,4915.0,0.8770215474069118,0.0,0.0,inf,0.9962596543329827,11469.0,0.0,0.05175248665181685,0.17389393726594163,12.860687779827915,0.29210316754280935,3713.0,0.8770215474069118,0.0,0.0,inf,0.9942407939401364,6708.0,0.0
socofing:000077:left_little,stripes,0.800000011920929,2840.0,0.024471992667329495,0.05641708749848248,0.17372673365088828,12.48589337818839,0.43440442956927067,3277.0,0.8051477521657944,0.0,0.0,inf,0.9965528424449724,13107.0,0.0,0.061581236964203034,0.1901832886389741,12.105515917996232,0.3807103714479517,2867.0,0.8051477521657944,0.0,0.0,inf,0.9955812009296114,8845.0,0.0
socofing:000077:right_thumb,severe_partial,0.10000000149011612,10269.0,0.2292491222224896,0.0673572926368041,0.1743790302279097,11.7161537721693,0.3233860219482616,14746.0,0.9941745991818607,0.0,0.0,inf,0.9817568817983454,1638.0,0.0,0.08526275026711709,0.22094825690308578,10.692406626979345,0.165141132679525,10920.0,0.9941745991818607,0.0,0.0,inf,0.9817568817983454,1638.0,0.0
socofing:000077:right_index,severe_partial,0.20000000298023224,8942.0,0.2981995505042733,0.05268677961969419,0.15255637400566666,12.782983460493178,0.4119038029868814,13107.0,0.978393791243434,0.0,0.0,inf,0.9886024368772505,3277.0,0.0,0.07266742143000504,0.20889201041278854,11.386602502730756,0.21107237637368212,9206.0,0.978393791243434,0.0,0.0,inf,0.9879739860791372,3091.0,0.0
socofing:000077:right_middle,severe_partial,0.30000001192092896,7798.0,0.12855592045689973,0.06433201903179253,0.16034935435220884,11.91572818246666,0.35498879894439056,11469.0,0.9956527943722904,0.0,0.0,inf,0.9840660384572268,4915.0,0.0,0.08540597524983431,0.21121003078543105,10.6851174374599,0.16063377085846295,8006.0,0.9956527943722904,0.0,0.0,inf,0.9844574019969118,4582.0,0.0
socofing:000077:right_ring,random_rectangles,0.10000000149011612,10518.0,0.3505611227513407,0.07430194087940854,0.1947354595284875,11.289998416605824,0.22327908137724892,14746.0,0.9713146081194282,0.0,0.0,inf,0.9717427713245075,1638.0,0.0,0.0894602535215561,0.23421767438879657,10.483698754137883,0.07398698559646726,11878.0,0.9713146081194282,0.0,0.0,inf,0.8261930891898631,80.0,0.0
socofing:000077:right_little,random_rectangles,0.20000000298023224,8053.0,0.2785015694607959,0.08694510524580167,0.2056409693013985,10.607548624775383,0.2593565035698679,13107.0,0.8949553966522217,0.0,0.0,inf,0.9714566549621111,3277.0,0.0,0.12670465147988771,0.2850183698296229,8.972074413520195,0.05876859655179927,8413.0,0.8949553966522217,0.0,0.0,inf,0.9552384559876624,364.0,0.0
socofing:000081:left_thumb,random_rectangles,0.30000001192092896,7934.0,0.3315804813485723,0.058687788637148484,0.18075910845912888,12.314522544458292,0.20464881098861143,11469.0,0.8540031891316175,0.0,0.0,inf,0.9821801079973853,4915.0,0.0,0.067135453784832,0.2056000095146774,11.730480712353051,0.10609262099171798,9900.0,0.8540031891316175,0.0,0.0,inf,0.956715712480302,1191.0,0.0
socofing:000081:left_index,random_rectangles,0.4000000059604645,8170.0,0.6026669329594503,0.08929750424659624,0.22859746598068242,10.491606789286765,0.1526102079141364,9830.0,0.9025427084416151,0.0,0.0,inf,0.9811416687845862,6554.0,0.0,0.09755044379957813,0.2485626313274366,10.10770750469674,0.08198021397859614,8883.0,0.9025427084416151,0.0,0.0,inf,0.9682287590745492,2545.0,0.0
socofing:000081:left_middle,random_rectangles,0.5,6711.0,0.3249874614769457,0.07276117297824759,0.21080465140198612,11.38100308318365,0.16641401796428756,8192.0,0.9498424492776394,0.0,0.0,inf,0.9858247824905462,8192.0,0.0,0.07769100369647015,0.2248002253946359,11.096292678294821,0.11200108349761867,7670.0,0.9498424492776394,0.0,0.0,inf,0.9723896545671301,4163.0,0.0
socofing:000081:left_ring,random_rectangles,0.6000000238418579,4905.0,0.18990161982305018,0.05602864221222514,0.17339843733459717,12.5158990201723,0.2632849227731846,6554.0,0.9214009344577789,0.0,0.0,inf,0.990593815419565,9830.0,0.0,0.06428225058554034,0.19886773246564968,11.919089265606711,0.15881689422695058,5712.0,0.9214009344577789,0.0,0.0,inf,0.9884442811941659,6451.0,0.0
socofing:000081:left_little,random_rectangles,0.699999988079071,3649.0,0.13845603372208495,0.05149264990299758,0.1608650796268882,12.88254758034159,0.380595170964283,4915.0,0.8668506126850843,0.0,0.0,inf,0.984306362480993,11469.0,0.0,0.06393385458274352,0.19939421096716892,11.942691110901315,0.24239363777576364,3958.0,0.8668506126850843,0.0,0.0,inf,0.9711435095186008,6162.0,0.0
socofing:000081:right_thumb,random_rectangles,0.800000011920929,3074.0,0.07293951942138269,0.05621918655447211,0.18209408077678216,12.50115442568135,0.269794333338395,3277.0,0.8398462459445,0.0,0.0,inf,0.9952573059532068,13107.0,0.0,0.05621918655447211,0.18209408077678216,12.50115442568135,0.269794333338395,3277.0,0.8398462459445,0.0,0.0,inf,0.9931809465915621,9116.0,0.0
socofing:000081:right_index,irregular,0.10000000149011612,9066.0,0.26170251744696627,0.04799519151198116,0.1403975958309424,13.18802271049819,0.4023921848702396,14746.0,0.9750393619760871,0.0,0.0,inf,0.959957645930053,1638.0,0.0,0.06694308360344524,0.19387426800446567,11.742942865836117,0.16782617270390549,10146.0,0.9750393619760871,0.0,0.0,inf,0.9464895830284425,1120.0,0.0
socofing:000081:right_middle,irregular,0.20000000298023224,9233.0,0.17205998642531617,0.04555229939990265,0.15189950974163444,13.414896957165642,0.3891973978286337,13107.0,0.9021514356136322,0.0,0.0,inf,0.9650871394604866,3277.0,0.0,0.05674378658189485,0.18809103682024214,12.460816865741544,0.2401269273442011,10240.0,0.9021514356136322,0.0,0.0,inf,0.9513357119748531,2053.0,0.0
socofing:000081:right_ring,irregular,0.30000001192092896,6491.0,0.22103898115224246,0.03723629981288292,0.11789242095836998,14.290334815759529,0.43405382888582383,11469.0,0.8643548469990492,0.0,0.0,inf,0.9626206712127341,4915.0,0.0,0.05434472405528167,0.16818702201433164,12.648426121093907,0.23415817548006948,7758.0,0.8643548469990492,0.0,0.0,inf,0.9379707364994999,2679.0,0.0
socofing:000081:right_little,irregular,0.4000000059604645,6254.0,0.2677321587295539,0.050415518623336014,0.15408809906101975,12.974357608740377,0.38462403338369,9830.0,0.8796619549393654,0.0,0.0,inf,0.9688973629529348,6554.0,0.0,0.06546756706314041,0.19794609052524642,11.839737982361802,0.21989736017026226,7492.0,0.8796619549393654,0.0,0.0,inf,0.954279634436928,3611.0,0.0
socofing:000089:left_thumb,irregular,0.5,6291.0,0.03371117629931027,0.04976485524746614,0.1555876211564282,13.030772548381858,0.5112935860563561,8192.0,0.8617892935872078,0.0,0.0,inf,0.9828365606926425,8192.0,0.0,0.06060550230117484,0.1877477524424047,12.17487944966397,0.41342081685474935,6521.0,0.8617892935872078,0.0,0.0,inf,0.9769345540651037,5708.0,0.0
socofing:000089:left_index,irregular,0.6000000238418579,4084.0,0.03737183310880596,0.03283267978009013,0.11012658690633,14.83693669015718,0.6150526150061203,6554.0,0.8227109238505363,0.0,0.0,inf,0.9889486195256932,9830.0,0.0,0.04937286984321516,0.16427484800945574,13.065116282828235,0.4338951913604942,4262.0,0.8227109238505363,0.0,0.0,inf,0.9863403716975349,7603.0,0.0
socofing:000089:left_middle,irregular,0.699999988079071,3509.0,0.04005136689817983,0.034919486840684154,0.12934496571458612,14.56932147094095,0.5698747404158883,4915.0,0.7297451198101044,0.0,0.0,inf,0.9923610965932465,11469.0,0.0,0.04599972863511969,0.1683936712426095,13.372447303318546,0.44199927974358544,3546.0,0.7297451198101044,0.0,0.0,inf,0.9906029494724506,8761.0,0.0
socofing:000089:left_ring,irregular,0.800000011920929,1826.0,0.028749096087222058,0.02888412205141628,0.09911106496129661,15.393408285387007,0.6670932451618576,3277.0,0.8339518271386623,0.0,0.0,inf,0.9926717479732803,13107.0,0.0,0.04784726529608685,0.16137389054756518,13.201428792196129,0.4841431881333527,1842.0,0.8339518271386623,0.0,0.0,inf,0.9936936113250096,10333.0,0.0
socofing:000089:left_little,central_missing,0.10000000149011612,9166.0,0.21920099182730823,0.056482868635855055,0.15609448333349796,12.48083254571596,0.3296486449457906,14746.0,0.9468253813683987,0.0,0.0,inf,0.975794962716199,1638.0,0.0,0.08070947690642344,0.22242557241857971,10.930754674276319,0.05523088491402987,10088.0,0.9468253813683987,0.0,0.0,inf,0.861306109770392,120.0,0.0
socofing:000089:right_thumb,central_missing,0.20000000298023224,10142.0,0.30667391910321823,0.08064741028508814,0.20520562917470733,10.934095739285057,0.18015327830304492,13107.0,0.9756909590214491,0.0,0.0,inf,0.9912885727790748,3277.0,0.0,0.09305490810642976,0.23574572603794555,10.312607154152749,0.06545059561728585,11259.0,0.9756909590214491,0.0,0.0,inf,0.9743829706435452,606.0,0.0
socofing:000089:right_index,central_missing,0.30000001192092896,8363.0,0.34831629345679316,0.05028838758675109,0.16581501833976292,12.985322890838413,0.2219695353617963,11469.0,0.9059788510203362,0.0,0.0,inf,0.9834905352686462,4915.0,0.0,0.05741565605199748,0.18866423000209426,12.409696684053728,0.11779971978578292,9973.0,0.9059788510203362,0.0,0.0,inf,0.9374108408553677,820.0,0.0
socofing:000089:right_middle,central_missing,0.4000000059604645,7642.0,0.3441231176747683,0.06909962268538457,0.1915747478018332,11.605243240599956,0.19031251744802277,9830.0,0.9798394422978163,0.0,0.0,inf,0.9931385797097415,6554.0,0.0,0.07565788478560721,0.2094142543124888,11.211458047136421,0.12239848130416651,8974.0,0.9798394422978163,0.0,0.0,inf,0.9854826930992204,2803.0,0.0
socofing:000089:right_ring,central_missing,0.5,6946.0,0.21390908486332752,0.05496429614335881,0.18791690528951221,12.599193291065319,0.11587180140655932,8192.0,0.8262962065637112,0.0,0.0,inf,0.9926146776959703,8192.0,0.0,0.05496429614335881,0.18791690528951221,12.599193291065319,0.11587180140655932,8192.0,0.8262962065637112,0.0,0.0,inf,0.9828971912431851,3535.0,0.0
socofing:000089:right_little,central_missing,0.6000000238418579,6206.0,0.10027191893435361,0.07168759820818091,0.20867005450505255,11.445559697940038,0.12891921908954587,6554.0,0.9687041025608778,0.0,0.0,inf,0.9909645235085589,9830.0,0.0,0.07230540444083866,0.21046786669077894,11.40829240311077,0.12209472111058838,6498.0,0.9687041025608778,0.0,0.0,inf,0.9747706381631025,3174.0,0.0
socofing:000093:left_thumb,central_missing,0.699999988079071,4636.0,0.06620367337438327,0.0684277243764187,0.21227157441444414,11.647679026048479,0.1974258797503171,4915.0,0.8381105028092861,0.0,0.0,inf,0.996849065832142,11469.0,0.0,0.0684277243764187,0.21227157441444414,11.647679026048479,0.1974258797503171,4915.0,0.8381105028092861,0.0,0.0,inf,0.99521032949355,7545.0,0.0
socofing:000093:left_index,central_missing,0.800000011920929,3238.0,0.08456696030221354,0.06843097594902894,0.20984674333832046,11.647472661376149,0.27203926171512044,3277.0,0.8841825127601624,0.0,0.0,inf,0.9981696659345207,13107.0,0.0,0.06843097594902894,0.20984674333832046,11.647472661376149,0.27203926171512044,3277.0,0.8841825127601624,0.0,0.0,inf,0.9970864478265438,8234.0,0.0
socofing:000093:left_middle,peripheral_only,0.10000000149011612,9947.0,0.11256319340041063,0.04037247330422769,0.13363369680530202,13.939146439640886,0.4230719825826173,14746.0,0.8240582272410393,0.0,0.0,inf,0.9681497823190102,1638.0,0.0,0.05575628452735179,0.18295075655898888,12.537061743474794,0.2160657669327752,10506.0,0.8240582272410393,0.0,0.0,inf,0.9674191816868988,1596.0,0.0
socofing:000093:left_ring,peripheral_only,0.20000000298023224,7846.0,0.1579815452723664,0.03477742035531708,0.1207149061644732,14.587026353005456,0.42457163755165805,13107.0,0.7887779995799065,0.0,0.0,inf,0.9732846132212004,3277.0,0.0,0.05071320673203595,0.17334081714357746,12.948789269793162,0.18444464799053356,8818.0,0.7887779995799065,0.0,0.0,inf,0.9681693260599592,2648.0,0.0
socofing:000093:left_little,peripheral_only,0.30000001192092896,5719.0,0.16453456888743972,0.03221445589833562,0.10229863613157424,14.919491994828057,0.5450361432034349,11469.0,0.8102941438555717,0.0,0.0,inf,0.9880691557161524,4915.0,0.0,0.05482913770852452,0.17158019890699874,12.609885841616467,0.27133904178692064,6477.0,0.8102941438555717,0.0,0.0,inf,0.983362105994282,3223.0,0.0
socofing:000093:right_thumb,peripheral_only,0.4000000059604645,6276.0,0.06960163471991046,0.03929618618472451,0.1301360214574382,14.056495971895087,0.5044052636207768,9830.0,0.833951823413372,0.0,0.0,inf,0.988579265543545,6554.0,0.0,0.054065167454911765,0.1771369071419894,12.670824475403268,0.32812814515988864,6776.0,0.833951823413372,0.0,0.0,inf,0.9865585889586023,5393.0,0.0
socofing:000093:right_index,peripheral_only,0.5,5178.0,0.06830956173059459,0.035833970945845395,0.1167761872810047,14.457050627713329,0.5598988569392489,8192.0,0.849273081868887,0.0,0.0,inf,0.9925603385057151,8192.0,0.0,0.05609497088229228,0.18030930463943698,12.510760730749158,0.3235542534944334,5199.0,0.849273081868887,0.0,0.0,inf,0.9912005106749958,6613.0,0.0
socofing:000093:right_middle,peripheral_only,0.6000000238418579,4376.0,0.08943167748994964,0.03281204775510841,0.11849212590859379,14.839666650424071,0.5436950757620208,6554.0,0.8201766014099121,0.0,0.0,inf,0.9934480129255078,9830.0,0.0,0.045878567260610105,0.16291971432877492,13.38390153118781,0.3760043578967637,4641.0,0.8201766014099121,0.0,0.0,inf,0.9919468327498455,7839.0,0.0
socofing:000093:right_ring,peripheral_only,0.699999988079071,3032.0,0.05134423700406213,0.030289862298246407,0.10350430239004292,15.187027010232905,0.5544235149891625,4915.0,0.8040213733911514,0.0,0.0,inf,0.9946241292042881,11469.0,0.0,0.04796278842104289,0.16071179580399877,13.190955761847501,0.3125206905802235,3087.0,0.8040213733911514,0.0,0.0,inf,0.9931643114497829,8921.0,0.0
socofing:000093:right_little,peripheral_only,0.800000011920929,1743.0,0.07145726328734561,0.027072636082081714,0.0923845664644088,15.674694546039534,0.7103928971979248,3277.0,0.7729829400777817,0.0,0.0,inf,0.9973416675407198,13107.0,0.0,0.04968045077265297,0.16853389866724275,13.038144722681182,0.46921555532423914,1783.0,0.7729829400777817,0.0,0.0,inf,0.9960985695831315,8866.0,0.0
socofing:000096:left_thumb,central_only,0.10000000149011612,9641.0,0.28452320813852006,0.06455615091808052,0.17111001653974378,11.900623717939109,0.36062215673216413,14746.0,0.9849050636403263,0.0,0.0,inf,0.9895877432272143,1638.0,0.0,0.0894015811012294,0.23673229649340052,10.48654800471786,0.1385397444782675,9976.0,0.9849050636403263,0.0,0.0,inf,0.9895877432272143,1638.0,0.0
socofing:000096:left_index,central_only,0.20000000298023224,6808.0,0.2152428681575991,0.04815162966996384,0.12678850993117688,13.17389009791874,0.5041937458746355,13107.0,0.9202755074948072,0.0,0.0,inf,0.9907337326238235,3277.0,0.0,0.07028128784143804,0.18812977649473173,11.531602890477483,0.2764350434708316,6971.0,0.9202755074948072,0.0,0.0,inf,0.9907337326238235,3277.0,0.0
socofing:000096:left_middle,central_only,0.30000001192092896,5550.0,0.22761814602770558,0.02103103908136027,0.08196815485208615,16.771392695793498,0.5799630509378186,11469.0,0.8135646432638168,0.0,0.0,inf,0.9919102420292442,4915.0,0.0,0.034904718569045645,0.13766277957630207,14.57115859287821,0.28728833649715757,5821.0,0.8135646432638168,0.0,0.0,inf,0.9919102420292442,4915.0,0.0
socofing:000096:left_ring,central_only,0.4000000059604645,3941.0,0.21924951167399068,0.01756157648455728,0.06889489254234918,17.55436500513483,0.6492016395671139,9830.0,0.7140359133481979,0.0,0.0,inf,0.9957104938434088,6554.0,0.0,0.03694390089739979,0.14474080618547122,14.324572494271735,0.2627482523999659,4057.0,0.7140359133481979,0.0,0.0,inf,0.9950271395809219,5650.0,0.0
socofing:000096:left_little,central_only,0.5,1653.0,0.2807352254972179,0.010384788491225984,0.040719694252402405,19.83602344389244,0.8296315211862828,8192.0,0.7575294822454453,0.0,0.0,inf,0.9974376601804023,8192.0,0.0,0.039655099940864934,0.1497422926419274,14.01700951253192,0.3538744890803113,1790.0,0.7575294822454453,0.0,0.0,inf,0.9966374948462878,6223.0,0.0
socofing:000096:right_thumb,central_only,0.6000000238418579,1929.0,0.11835161624239854,0.018664284544703577,0.06399793364782583,17.2898865316562,0.7263289252015263,6554.0,0.9392772875726223,0.0,0.0,inf,0.9959550200267375,9830.0,0.0,0.033538829502717214,0.12448313574995895,14.744520982410057,0.3985586958758901,2262.0,0.9138422980904579,0.0,0.0,inf,0.9959114920579627,9703.0,0.0
socofing:000096:right_index,central_only,0.699999988079071,767.0,0.10699201826771262,0.008708729213000895,0.03628884099067652,20.60045213080286,0.8391829418276886,4915.0,0.6709679961204529,0.0,0.0,inf,0.9978646696197985,11469.0,0.0,0.034582943304812354,0.12843337434658286,14.611380473072801,0.4866588069894616,806.0,0.6709679961204529,0.0,0.0,inf,0.9976681242686058,9476.0,0.0
socofing:000096:right_middle,central_only,0.800000011920929,757.0,0.20099081293124432,0.02484283124786331,0.07654042784900478,16.047989106993622,0.7514379241187049,3277.0,0.8310592025518417,0.0,0.0,inf,0.9988253155343132,13107.0,0.0,0.0650875632318398,0.1973403855972223,11.865019874038138,0.4110956571889854,806.0,0.760272204875946,0.0,0.0,inf,0.9988271623761107,11723.0,0.0
socofing:000096:right_ring,disconnected_fragments,0.10000000149011612,9829.0,0.17714546546697493,0.03993711895435019,0.13421141577107695,13.986232681422827,0.3910459707481396,14746.0,0.8418137803673744,0.0,0.0,inf,0.9681044446066873,1638.0,0.0,0.05407620548160223,0.18076324059120816,12.669937903692691,0.1856238531754438,10270.0,0.8418137803673744,0.0,0.0,inf,0.9684203156922364,1595.0,0.0
socofing:000096:right_little,disconnected_fragments,0.20000000298023224,7922.0,0.2013426757720267,0.042368517873110315,0.1320326752153351,13.729567281346743,0.44745499631816577,13107.0,0.9487683172337711,0.0,0.0,inf,0.986940911916299,3277.0,0.0,0.06271279110499015,0.1938227546984345,12.026438700184485,0.2130268903045026,8364.0,0.9487683172337711,0.0,0.0,inf,0.9801677441747434,1930.0,0.0
socofing:000097:left_thumb,disconnected_fragments,0.30000001192092896,6795.0,0.14315976280496598,0.029304860106459853,0.10094621716059399,15.330603474827566,0.5313241319908494,11469.0,0.8908660374581814,0.0,0.0,inf,0.9914620681861378,4915.0,0.0,0.04556536151359308,0.15703130079346841,13.413651797033184,0.3002331361486566,7000.0,0.8908660374581814,0.0,0.0,inf,0.9898385421604358,3939.0,0.0
socofing:000097:left_index,disconnected_fragments,0.4000000059604645,5166.0,0.14380972323351857,0.04944614433158693,0.14088783573637795,13.058675677836941,0.47707284459281163,9830.0,0.8958917558193207,0.0,0.0,inf,0.9963041974460127,6554.0,0.0,0.07938404889522373,0.21958861811590824,11.002667541563717,0.2425352639544128,5256.0,0.8958917558193207,0.0,0.0,inf,0.99552321677421,4951.0,0.0
socofing:000097:left_middle,disconnected_fragments,0.5,4780.0,0.23019841645978464,0.040797452104743635,0.12877074714907621,13.8936695875822,0.5063054978828061,8192.0,0.8592958375811577,0.0,0.0,inf,0.9971197786305117,8192.0,0.0,0.05961580610732732,0.19449450707398966,12.246385792679959,0.2557043320873106,4880.0,0.8410335704684258,0.0,0.0,inf,0.9956402369960622,4210.0,0.0
socofing:000097:left_ring,disconnected_fragments,0.6000000238418579,1920.0,0.1805922148283578,0.030376841273807725,0.0823670657254843,15.174573880991925,0.710794111462162,6554.0,0.8559504151344299,0.0,0.0,inf,0.9952012711724302,9830.0,0.0,0.07714894615851303,0.20631177824223645,11.126700019490958,0.3520894928597475,2006.0,0.8559504151344299,0.0,0.0,inf,0.9937205457019225,7481.0,0.0
socofing:000097:left_little,disconnected_fragments,0.699999988079071,581.0,0.04058538826662557,0.003235787859607326,0.013819996165234827,24.9001995876,0.9562626831261437,4915.0,0.6773155778646469,0.0,0.0,inf,0.9986058311369616,11469.0,0.0,0.021712239116355864,0.08858766565466986,16.632953867835436,0.7204715865721936,608.0,0.6773155778646469,0.0,0.0,inf,0.9977891079478901,6613.0,0.0
socofing:000097:right_thumb,disconnected_fragments,0.800000011920929,1792.0,0.17347790990715822,0.036417248155006354,0.11508517183942069,14.386928744732387,0.5721955463085393,3277.0,0.7754684835672379,0.0,0.0,inf,0.9992289414260418,13107.0,0.0,0.058848780380338146,0.18349069971041204,12.302625333231425,0.34971639823742967,1998.0,0.7754684835672379,0.0,0.0,inf,0.9989616076952179,9634.0,0.0
socofing:000097:right_index,stripes,0.10000000149011612,9032.0,0.3318828721040026,0.0695184000139481,0.17018078118825433,11.579002318572849,0.33747580372318847,14746.0,0.9846109738573432,0.0,0.0,inf,0.9915779739179036,1638.0,0.0,0.09992800843194025,0.24176110206325097,10.003127680043278,0.09281426664626613,9968.0,0.9846109738573432,0.0,0.0,inf,0.9849467446234578,703.0,0.0
socofing:000097:right_middle,stripes,0.20000000298023224,9478.0,0.14300989558877225,0.05206948016455333,0.15823141865016163,12.834167580798852,0.31409365866742217,13107.0,0.9476656904444098,0.0,0.0,inf,0.9889727568412429,3277.0,0.0,0.06756430122368874,0.20436968036641004,11.702827105182475,0.12665642241401556,9893.0,0.9476656904444098,0.0,0.0,inf,0.9725083247673532,1133.0,0.0
socofing:000097:right_ring,stripes,0.30000001192092896,8393.0,0.1407044384255588,0.04399024359265441,0.14187021137409517,13.566436331435568,0.36806344653664064,11469.0,0.8500357121229172,0.0,0.0,inf,0.9885669080931134,4915.0,0.0,0.057295095984618495,0.1840880248566211,12.41882548677695,0.1793127701148351,8687.0,0.8500357121229172,0.0,0.0,inf,0.9824708246146021,2634.0,0.0
socofing:000097:right_little,stripes,0.4000000059604645,5801.0,0.16185002886360095,0.03571518608402491,0.11126239960752655,14.471470827631641,0.5350377147365384,9830.0,0.8544378578662872,0.0,0.0,inf,0.989645849440699,6554.0,0.0,0.05848625186613366,0.18124181531130404,12.32946209821729,0.25002367699339334,5955.0,0.8544378578662872,0.0,0.0,inf,0.9743456731433577,2437.0,0.0
socofing:000103:left_thumb,stripes,0.5,5115.0,0.12821612652102807,0.028004367688303323,0.10178253777246482,15.527742288363722,0.49566181904424733,8192.0,0.834880642592907,0.0,0.0,inf,0.9916198193157726,8192.0,0.0,0.03988103197351036,0.14460132121434882,13.992336122810853,0.2828215401984134,5404.0,0.834880642592907,0.0,0.0,inf,0.9894361461999456,5867.0,0.0
socofing:000103:left_index,stripes,0.6000000238418579,5029.0,0.14608365392143371,0.06354796989131378,0.18294207936324472,11.96898318895698,0.31805041834563647,6554.0,0.9540260415524244,0.0,0.0,inf,0.9918153195519234,9830.0,0.0,0.07500970907399804,0.215432201778151,11.248825189502076,0.2059383610516817,5371.0,0.9540260415524244,0.0,0.0,inf,0.9880491468875777,6574.0,0.0
socofing:000103:left_middle,stripes,0.699999988079071,2178.0,0.05899947869611681,0.028421375728707274,0.09397346092840905,15.4635490399737,0.6566493610845092,4915.0,0.7315236404538155,0.0,0.0,inf,0.9958858745174924,11469.0,0.0,0.05513374167929331,0.18168990761712597,12.58582532905667,0.40614847816986455,2207.0,0.7315236404538155,0.0,0.0,inf,0.9964153024858615,9404.0,0.0
socofing:000103:left_ring,stripes,0.800000011920929,1833.0,0.06950949388359974,0.03431312384167465,0.11365593059643816,14.645397422922741,0.5677748037822403,3277.0,0.8563309162855148,0.0,0.0,inf,0.9917968272700851,13107.0,0.0,0.05303968267347025,0.17110261169095825,12.75399082898402,0.3912694552462819,2026.0,0.8563309162855148,0.0,0.0,inf,0.9894502260977849,10010.0,0.0
socofing:000103:left_little,severe_partial,0.10000000149011612,6668.0,0.8587182732469104,0.04686080923977102,0.1390431709750205,13.291902158386614,0.4096090255346617,14746.0,0.8360951393842697,0.0,0.0,inf,0.9729315853157847,1638.0,0.0,0.0757262306459313,0.221022587465725,11.207536601094114,0.09082587260034354,8932.0,0.8360951393842697,0.0,0.0,inf,0.7818741854027599,152.0,0.0
socofing:000103:right_thumb,severe_partial,0.20000000298023224,8650.0,0.16439103964606935,0.029813681476694543,0.10579322161218738,15.255843927598985,0.4107249127876799,13107.0,0.861388023942709,0.0,0.0,inf,0.9878366779210134,3277.0,0.0,0.039075318158806084,0.1372600021629769,14.080974771846213,0.21875903361543467,9218.0,0.861388023942709,0.0,0.0,inf,0.9880067375136378,3112.0,0.0
socofing:000103:right_index,severe_partial,0.30000001192092896,6516.0,0.2242904852580094,0.0664480657763069,0.1737460250038014,11.775176563300164,0.3622445269336478,11469.0,0.8854645416140556,0.0,0.0,inf,0.9920185140884424,4915.0,0.0,0.08474366874564976,0.22444898409045508,10.718927383347747,0.16537289973095526,6666.0,0.8302956148982048,0.0,0.0,inf,0.9910364449647415,4306.0,0.0
socofing:000103:right_middle,random_rectangles,0.10000000149011612,9838.0,0.9927108872807638,0.06266743091520653,0.18226655214782675,12.029581090692838,0.23368205872408399,14746.0,0.9564380636438727,0.0,0.0,inf,0.9773736395335564,1638.0,0.0,0.07809195937214294,0.2243905072991238,11.073936803362416,0.07198740167202565,11485.0,0.9564380636438727,0.0,0.0,inf,0.8782625005092993,230.0,0.0
socofing:000103:right_ring,random_rectangles,0.20000000298023224,9684.0,0.5845979997310511,0.05363678825437796,0.17651695946447207,12.705372353909343,0.19004997327536804,13107.0,0.8808199688792229,0.0,0.0,inf,0.964707008975795,3277.0,0.0,0.05971290747380314,0.19898785666945648,12.239317821244084,0.08329086242071182,11102.0,0.8261871859431267,0.0,0.0,inf,0.8828631638392941,433.0,0.0
socofing:000103:right_little,random_rectangles,0.30000001192092896,3560.0,0.9693075940696959,0.011598226904090719,0.06898288343812108,19.356083991030147,0.44780340187071566,11469.0,0.652830570936203,0.0,0.0,inf,0.9763430754414717,4915.0,0.0,0.01579106668074976,0.09417973619996543,18.01588532568215,0.23460790747232974,6220.0,0.652830570936203,0.0,0.0,inf,0.9588006019961985,1431.0,0.0
socofing:000107:left_thumb,random_rectangles,0.4000000059604645,8957.0,0.07075813695847498,0.057789182045008776,0.1755313268882324,12.3815345254613,0.2270615765610659,9830.0,0.8513578157871962,0.0,0.0,inf,0.984795587696753,6554.0,0.0,0.06266907662450705,0.19027537141595524,12.029467042123574,0.16512763156901455,8957.0,0.8513578157871962,0.0,0.0,inf,0.9781140512704191,2450.0,0.0
socofing:000107:left_index,random_rectangles,0.5,7159.0,0.2329353176524256,0.05201709835191125,0.16713196949325493,12.838538775323121,0.3004444198257552,8192.0,0.868527464568615,0.0,0.0,inf,0.991117322789171,8192.0,0.0,0.05771674278342737,0.18541204149370727,12.38698186086842,0.22585155386499164,7383.0,0.868527464568615,0.0,0.0,inf,0.9796500764500677,3502.0,0.0
socofing:000107:left_middle,random_rectangles,0.6000000238418579,5130.0,0.18285348924160347,0.04446766984944149,0.1395112389904243,13.519556274218381,0.4063578198750373,6554.0,0.8857920169830322,0.0,0.0,inf,0.9922268730584516,9830.0,0.0,0.0558583874156584,0.17442501902362292,12.529116061679556,0.2660353304649297,5170.0,0.8857920169830322,0.0,0.0,inf,0.9879119207632484,5768.0,0.0
socofing:000107:left_ring,random_rectangles,0.699999988079071,3763.0,0.06769300405053782,0.042544006613279624,0.13916456520866266,13.711616125033267,0.46468687580634427,4915.0,0.7982823252677917,0.0,0.0,inf,0.9958373443362508,11469.0,0.0,0.05556821595654559,0.18170142705670336,12.551735462174147,0.30497631811201026,3763.0,0.7982823252677917,0.0,0.0,inf,0.9925614882268173,6336.0,0.0
socofing:000107:left_little,random_rectangles,0.800000011920929,3149.0,0.07487559431703575,0.04747590842155168,0.167672566607848,13.235267165605576,0.2385418175276105,3277.0,0.8380765318870544,0.0,0.0,inf,0.9975013666120844,13107.0,0.0,0.04747590842155168,0.167672566607848,13.235267165605576,0.2385418175276105,3277.0,0.8380765318870544,0.0,0.0,inf,0.9941570762149133,5605.0,0.0
socofing:000107:right_thumb,irregular,0.10000000149011612,10675.0,0.22344921952420763,0.0584479138097375,0.1743523069689138,12.332309855643889,0.3202540718626939,14746.0,0.9031484108418226,0.0,0.0,inf,0.9780014332440777,1638.0,0.0,0.0755485225978044,0.2230048092684613,11.217740241627425,0.1252458615879307,11023.0,0.9031484108418226,0.0,0.0,inf,0.9576906504858922,742.0,0.0
socofing:000107:right_index,irregular,0.20000000298023224,7705.0,0.2931211264471689,0.044517033100912436,0.13033868515006697,13.51473787527768,0.44221120776793227,13107.0,0.9374606572091579,0.0,0.0,inf,0.9807357823501904,3277.0,0.0,0.06685032659914499,0.1926813444895,11.748964666389456,0.18340795981434582,8287.0,0.9374606572091579,0.0,0.0,inf,0.9333650009813617,865.0,0.0
socofing:000107:right_middle,irregular,0.30000001192092896,8440.0,0.08525258975406777,0.03246288351532799,0.1193389016203704,14.88612906593082,0.5033695217389553,11469.0,0.7487411461770535,0.0,0.0,inf,0.9738735547108667,4915.0,0.0,0.04108670259865398,0.14949789064335303,13.862987115167066,0.3619039405476022,8682.0,0.7487411461770535,0.0,0.0,inf,0.9692096577947794,3820.0,0.0
socofing:000107:right_ring,irregular,0.4000000059604645,4326.0,0.038276236910978576,0.017763414671028793,0.06680838538603553,17.504735458637327,0.7098578500148895,9830.0,0.863170800730586,0.0,0.0,inf,0.9871221420254385,6554.0,0.0,0.037150450265216156,0.13862898947537902,14.300359182018248,0.38576028995270945,4382.0,0.863170800730586,0.0,0.0,inf,0.9813400065053781,4326.0,0.0
socofing:000107:right_little,irregular,0.5,3267.0,0.044010603491503916,0.013663115944609894,0.05433900785004653,18.64450246245128,0.7647199067924875,8192.0,0.869939535856247,0.0,0.0,inf,0.9882531832712271,8192.0,0.0,0.030889289846254837,0.12165339779856432,15.101920761400542,0.4686233634074457,3423.0,0.869939535856247,0.0,0.0,inf,0.975146985891631,3656.0,0.0
socofing:000112:left_thumb,irregular,0.6000000238418579,4386.0,0.053200860006522036,0.035440510807631866,0.12366626300881135,14.505000272100117,0.5487806269346873,6554.0,0.753968171775341,0.0,0.0,inf,0.9890128278289807,9830.0,0.0,0.04682454365015981,0.16453376009271145,13.295264465460658,0.40459143638599926,4527.0,0.753968171775341,0.0,0.0,inf,0.9852824976341263,6131.0,0.0
socofing:000112:left_index,irregular,0.699999988079071,3455.0,0.22382757441026796,0.03404427612543831,0.11615292857034418,14.679558956777353,0.4789047235822473,4915.0,0.876119039952755,0.0,0.0,inf,0.9869877712540254,11469.0,0.0,0.043875120715007876,0.14930009185682144,13.577816756363262,0.3320776710586151,3813.0,0.876119039952755,0.0,0.0,inf,0.9780994983734931,6631.0,0.0
socofing:000112:left_middle,irregular,0.800000011920929,1436.0,0.10401341324851565,0.013412015921767507,0.06039257775020192,18.725059396801647,0.6978503277246719,3277.0,0.6004906594753265,0.0,0.0,inf,0.9946473588896207,13107.0,0.0,0.02564438928859106,0.11495381836061673,15.910076390335199,0.42267936905210074,1657.0,0.6004906594753265,0.0,0.0,inf,0.9924159704111637,8540.0,0.0
socofing:000112:left_ring,central_missing,0.10000000149011612,7682.0,0.30983441316536464,0.03187512753553051,0.11655578465856158,14.965480688994365,0.3905360306369532,14746.0,0.8075315654277802,0.0,0.0,inf,0.9902488722856531,1638.0,0.0,0.05038768699506403,0.17563430079101625,12.97675577114283,0.10463452245529598,8298.0,0.8075315654277802,0.0,0.0,inf,0.9624008825460239,228.0,0.0
socofing:000112:left_little,central_missing,0.20000000298023224,7064.0,0.2701201265589005,0.0328024753448137,0.11509253657820515,14.840933822630038,0.4213170060771787,13107.0,0.8107609152793884,0.0,0.0,inf,0.9898555179693835,3277.0,0.0,0.05322404100629147,0.18039848054021732,12.738921549610893,0.12581326773521093,7735.0,0.8107609152793884,0.0,0.0,inf,0.9331952903506696,324.0,0.0
socofing:000112:right_thumb,central_missing,0.30000001192092896,9752.0,0.119807138418627,0.03106531740039549,0.10927748590160843,15.077242047569303,0.2706189459513632,11469.0,0.858144074678421,0.0,0.0,inf,0.9896371598690832,4915.0,0.0,0.031870377440117184,0.11158828185654837,14.966127931566568,0.24519253171860386,11036.0,0.858144074678421,0.0,0.0,inf,0.984448039295402,1711.0,0.0
socofing:000112:right_index,central_missing,0.4000000059604645,8184.0,0.21874112675134968,0.03117997688008821,0.12724051627261557,15.061242111758443,0.18521756206268192,9830.0,0.8409646078944206,0.0,0.0,inf,0.9822312296919857,6554.0,0.0,0.0314124615088167,0.12812828428461023,15.028980305607284,0.17221170738863018,9644.0,0.8409646078944206,0.0,0.0,inf,0.958482515113564,2082.0,0.0
socofing:000112:right_middle,central_missing,0.5,6670.0,0.16663804778198693,0.03302130192922591,0.1261175936522818,14.812058078287647,0.2404560185251277,8192.0,0.852605789899826,0.0,0.0,inf,0.9912188990665287,8192.0,0.0,0.036855441557321664,0.1405438701261107,14.33498381241894,0.15877573332798306,7338.0,0.852605789899826,0.0,0.0,inf,0.973971313415198,2596.0,0.0
socofing:000112:right_ring,central_missing,0.6000000238418579,4475.0,0.295736286516625,0.041132273864696874,0.1504438579966208,13.85817281261702,0.15098829063807276,6554.0,0.8429761901497841,0.0,0.0,inf,0.9904879426043423,9830.0,0.0,0.04414162442555519,0.15873210879506103,13.551516887078074,0.13384372813101714,6066.0,0.8429761901497841,0.0,0.0,inf,0.9870221765116205,4560.0,0.0
socofing:000112:right_little,central_missing,0.699999988079071,4353.0,0.2817154159704904,0.05450804379983415,0.18499841041605264,12.635394037764144,0.08984620479904096,4915.0,0.756563950330019,0.0,0.0,inf,0.9924412026685877,11469.0,0.0,0.05450804379983415,0.18499841041605264,12.635394037764144,0.08984620479904096,4915.0,0.756563950330019,0.0,0.0,inf,0.9853955784039813,5936.0,0.0
socofing:000115:left_thumb,central_missing,0.800000011920929,2785.0,0.2162859611257025,0.06478078229320197,0.20473143066256003,11.885538117508272,0.16919516723026498,3277.0,0.7651168629527092,0.0,0.0,inf,0.9970366261348055,13107.0,0.0,0.06478078229320197,0.20473143066256003,11.885538117508272,0.16919516723026498,3277.0,0.7651168629527092,0.0,0.0,inf,0.9954730837702676,8580.0,0.0
socofing:000115:left_index,peripheral_only,0.10000000149011612,7934.0,0.20715714996887766,0.02569178755765247,0.10221172654185286,15.902056777727083,0.45430317921078034,14746.0,0.845826081931591,0.0,0.0,inf,0.9416941351585176,1638.0,0.0,0.038241422680138144,0.15039733556506646,14.174659592139205,0.1790938190263835,9489.0,0.845826081931591,0.0,0.0,inf,0.9291853236572666,1311.0,0.0
socofing:000115:left_middle,peripheral_only,0.20000000298023224,6425.0,0.4690996094684832,0.035915275272864686,0.1159457781500182,14.447208005649992,0.4647795447439846,13107.0,0.7946867328137159,0.0,0.0,inf,0.9608872016051402,3277.0,0.0,0.05697730999535811,0.18166944553672884,12.4429805846175,0.16483625758777126,8108.0,0.7946867328137159,0.0,0.0,inf,0.9483729707942865,2435.0,0.0
socofing:000115:left_ring,peripheral_only,0.30000001192092896,6265.0,0.2528743749004356,0.03933797649744783,0.1251457669419866,14.051879834760184,0.454356834162439,11469.0,0.837953731417656,0.0,0.0,inf,0.969794593108874,4915.0,0.0,0.06195162935541389,0.19322901585060206,12.07947266999623,0.16705461211262115,7156.0,0.837953731417656,0.0,0.0,inf,0.961225889513147,3495.0,0.0
socofing:000115:left_little,peripheral_only,0.4000000059604645,4340.0,0.20538170258213703,0.029175057800087213,0.10230467644546631,15.349882748803964,0.5298334411211356,9830.0,0.7762364447116852,0.0,0.0,inf,0.9791420558174091,6554.0,0.0,0.050740780959491645,0.17438226453978456,12.946428527668754,0.18881267573859412,5533.0,0.7762364447116852,0.0,0.0,inf,0.9608095177115995,3232.0,0.0
socofing:000115:right_thumb,peripheral_only,0.5,4581.0,0.12323328863646034,0.035194220023372955,0.12380802706996974,14.535286552170534,0.4817715844754682,8192.0,0.7896327897906303,0.0,0.0,inf,0.990104384830048,8192.0,0.0,0.050059170609838693,0.17404097243308692,13.00516350144382,0.2643948144354048,5567.0,0.7896327897906303,0.0,0.0,inf,0.9874680836758724,6352.0,0.0
socofing:000115:right_index,peripheral_only,0.6000000238418579,3096.0,0.29373007838888937,0.0357370184094016,0.12115893272502842,14.468816841291957,0.5066085968058548,6554.0,0.7470585033297539,0.0,0.0,inf,0.9889786366669403,9830.0,0.0,0.056954189194570265,0.1903654536047873,12.444743264194017,0.2217711182742569,4069.0,0.7470585033297539,0.0,0.0,inf,0.9854047775768846,7341.0,0.0
socofing:000115:right_middle,peripheral_only,0.699999988079071,2827.0,0.28417185937807604,0.038878215852584365,0.12748567481484502,14.102936733536932,0.4658493609259329,4915.0,0.7986435741186142,0.0,0.0,inf,0.9912866056653271,11469.0,0.0,0.059798524835455835,0.1935351522088867,12.233095294517815,0.19405146231309087,3177.0,0.7986435741186142,0.0,0.0,inf,0.988499459604516,8616.0,0.0
socofing:000115:right_ring,peripheral_only,0.800000011920929,2068.0,0.1357422253660057,0.03462501297807252,0.12996765329801785,14.606100551461456,0.504764947777901,3277.0,0.6767211519181728,0.0,0.0,inf,0.995155656223723,13107.0,0.0,0.04773380004422123,0.1768279755895886,13.211739904704716,0.3264335716721539,2215.0,0.6767211519181728,0.0,0.0,inf,0.9916201106181434,6989.0,0.0
socofing:000115:right_little,central_only,0.10000000149011612,8155.0,0.47115202371743625,0.04342770422822628,0.13868882923095707,13.622331286706162,0.40376576977875817,14746.0,0.8998786136507988,0.0,0.0,inf,0.9800510016373034,1638.0,0.0,0.06657811325639447,0.20791586328714826,11.766685163879272,0.13134918110136462,9296.0,0.8998786136507988,0.0,0.0,inf,0.9800510016373034,1638.0,0.0
socofing:000118:left_thumb,central_only,0.20000000298023224,5789.0,0.20194604514607958,0.03896164465893328,0.11479082403054652,14.093627188564682,0.48153171792654914,13107.0,0.8177881240844727,0.0,0.0,inf,0.9867855540158748,3277.0,0.0,0.06462922911557058,0.18993719460757294,11.895710242235523,0.17264918513306743,6666.0,0.8177881240844727,0.0,0.0,inf,0.9867855540158748,3277.0,0.0
socofing:000118:left_index,central_only,0.30000001192092896,3651.0,0.2167951739013447,0.017700859884981365,0.06295767288477369,17.52005635659005,0.6847557814700546,11469.0,0.79239222407341,0.0,0.0,inf,0.9905751480131355,4915.0,0.0,0.04478585381717176,0.15303366810921826,13.488591417899986,0.2388784637881167,4141.0,0.79239222407341,0.0,0.0,inf,0.9903010355957252,4775.0,0.0
socofing:000118:left_middle,central_only,0.4000000059604645,3404.0,0.12769032269568173,0.028283790940527923,0.09252759852690105,15.484623815012611,0.6181150770434664,9830.0,0.6737211644649506,0.0,0.0,inf,0.9916361986689576,6554.0,0.0,0.052210518733139095,0.1700126125873562,12.822419918722044,0.38630212015960264,3760.0,0.6737211644649506,0.0,0.0,inf,0.9916361986689576,6554.0,0.0
socofing:000118:left_ring,central_only,0.5,1461.0,0.0983803875363314,0.007963117448099395,0.0335566985031619,20.98916878812823,0.8566923373981168,8192.0,0.6447987258434296,0.0,0.0,inf,0.9950432194586478,8192.0,0.0,0.03247647650784273,0.13729588112982377,14.884310950776676,0.4230062194173032,1655.0,0.6447987258434296,0.0,0.0,inf,0.9938630920537764,6613.0,0.0
socofing:000118:left_little,central_only,0.6000000238418579,957.0,0.04107481366031016,0.005386914002444235,0.02334108822977612,22.686599575451982,0.9020051491626533,6554.0,0.5636551082134247,0.0,0.0,inf,0.9979143702470356,9830.0,0.0,0.03088636422928203,0.1294248314645337,15.102332114166423,0.5601236607554874,971.0,0.5636551082134247,0.0,0.0,inf,0.9971251814115397,7051.0,0.0
socofing:000118:right_thumb,central_only,0.699999988079071,1254.0,0.1455446045885203,0.01882903519841157,0.06529408223014647,17.251719327045677,0.761020625335448,4915.0,0.9184434339404106,0.0,0.0,inf,0.9965377732607852,11469.0,0.0,0.036047451851641786,0.12755937039874468,14.431254295821068,0.4921113363450023,1460.0,0.9184434339404106,0.0,0.0,inf,0.9965347389284464,9897.0,0.0
socofing:000118:right_index,central_only,0.800000011920929,638.0,0.051200364562394046,0.00931462350215268,0.03214756895577422,20.308346946316203,0.8917555002957718,3277.0,0.6850661635398865,0.0,0.0,inf,0.9982032206290493,13107.0,0.0,0.03736910433119041,0.11741566516208193,14.274873112668516,0.6652092091790582,661.0,0.6850661635398865,0.0,0.0,inf,0.9977897616618697,10432.0,0.0
socofing:000118:right_middle,disconnected_fragments,0.10000000149011612,7689.0,0.21559770433491582,0.026414765474728114,0.1049004216259958,15.781532408726921,0.48450339696624783,14746.0,0.735819399356842,0.0,0.0,inf,0.950556203011435,1638.0,0.0,0.0395411598821219,0.15606297191916416,14.029505954417438,0.2378115127053062,9172.0,0.735819399356842,0.0,0.0,inf,0.9481312694178762,1555.0,0.0
socofing:000118:right_ring,disconnected_fragments,0.20000000298023224,5257.0,0.18527858765828153,0.01447278279013774,0.06044770980386974,18.39447955805278,0.6635346944732449,13107.0,0.6947957575321198,0.0,0.0,inf,0.9858998165211658,3277.0,0.0,0.030124267896708253,0.12602680706735273,15.210834988497147,0.28275080531436775,5799.0,0.6947957575321198,0.0,0.0,inf,0.9851388898634652,2773.0,0.0
socofing:000118:right_little,disconnected_fragments,0.30000001192092896,4270.0,0.44351007466387343,0.03904323710611462,0.09685029227041993,14.084541818086008,0.5843672497344182,11469.0,0.8261003345251083,0.0,0.0,inf,0.9877170993596502,4915.0,0.0,0.08137549344414552,0.20208502557392596,10.895063649439384,0.13812348666523194,5166.0,0.8261003345251083,0.0,0.0,inf,0.974979502644945,2389.0,0.0
socofing:000132:left_thumb,disconnected_fragments,0.4000000059604645,6491.0,0.12002574771257078,0.05647836555717398,0.15491178650522675,12.481178799408703,0.4000940758973297,9830.0,0.9431256642565131,0.0,0.0,inf,0.9916227296041966,6554.0,0.0,0.07545675855453278,0.20599208664905028,11.223018550072206,0.20030333576033466,6719.0,0.9431256642565131,0.0,0.0,inf,0.9904410463020075,5647.0,0.0
socofing:000132:left_index,disconnected_fragments,0.5,3721.0,0.10257401101614783,0.03707308813021533,0.09801993872554249,14.309412364130534,0.6271369328668301,8192.0,0.9854923477396369,0.0,0.0,inf,0.9949026137186081,8192.0,0.0,0.076180155607004,0.19615978792469785,11.18158144576173,0.25382247525430646,3911.0,0.9854923477396369,0.0,0.0,inf,0.9937323964747556,6463.0,0.0
socofing:000132:left_middle,disconnected_fragments,0.6000000238418579,3775.0,0.2270146090755369,0.04366194142726115,0.13140689122991062,13.598969573029926,0.5363303063076427,6554.0,0.8476455770432949,0.0,0.0,inf,0.9950046565474698,9830.0,0.0,0.0656347843016123,0.19305032289615737,11.82865937658969,0.33772627417841133,4078.0,0.8476455770432949,0.0,0.0,inf,0.9939103304303721,7902.0,0.0
socofing:000132:left_ring,disconnected_fragments,0.699999988079071,2586.0,0.3142603007520197,0.028553878187864264,0.11074583352100964,15.443348975335482,0.5225767834580043,4915.0,0.7742238938808441,0.0,0.0,inf,0.998227600204004,11469.0,0.0,0.045300947998653425,0.16915385820575415,13.438927095484011,0.3064334804142959,2844.0,0.7742238938808441,0.0,0.0,inf,0.9990074175241519,8688.0,0.0
socofing:000132:left_little,disconnected_fragments,0.800000011920929,566.0,0.014726542785039477,0.001570035729287236,0.015661661290052937,28.04090464243169,0.864942719754439,3277.0,0.41119813919067383,0.0,0.0,inf,0.9985935030447615,13107.0,0.0,0.004301783929490148,0.044153042175571464,23.663514071951276,0.6762446678841094,589.0,0.3199360966682434,0.0,0.0,inf,0.9990443070550856,10627.0,0.0
socofing:000132:right_thumb,stripes,0.10000000149011612,9827.0,0.29585804865845416,0.06614136327862906,0.1731144718507629,11.79526857830478,0.24520060451065276,14746.0,0.9841452818363905,0.0,0.0,inf,0.9778597999789824,1638.0,0.0,0.08368288085732023,0.21674193123852836,10.773633772471012,0.06491780266394966,11337.0,0.9841452818363905,0.0,0.0,inf,0.9678987476849843,612.0,0.0
socofing:000132:right_index,stripes,0.20000000298023224,8743.0,0.35088662853963504,0.0510905564520371,0.15086318742254487,12.916593671800754,0.3683287559752585,13107.0,0.9831864219158888,0.0,0.0,inf,0.987684514575621,3277.0,0.0,0.07064241058263808,0.2054440869668651,11.50934489429418,0.14486324549059867,9313.0,0.9831864219158888,0.0,0.0,inf,0.983098722131974,2325.0,0.0
socofing:000132:right_middle,stripes,0.30000001192092896,7283.0,0.10369765191909161,0.040186697829259606,0.12738724940078286,13.959176786412662,0.46966460170258617,11469.0,0.9684489332139492,0.0,0.0,inf,0.9827381790531284,4915.0,0.0,0.05743895633445808,0.18034516689514668,12.407934598225744,0.2444336112103214,7662.0,0.9684489332139492,0.0,0.0,inf,0.9782022675712816,3718.0,0.0
socofing:000132:right_ring,stripes,0.4000000059604645,7418.0,0.22329655202869275,0.062399112726971614,0.18836956453809964,12.048215856464186,0.23772842744455544,9830.0,0.9011982064694166,0.0,0.0,inf,0.9939873226135768,6554.0,0.0,0.07402163196042097,0.2215587025858606,11.306413442126376,0.12302507956642945,8119.0,0.9011982064694166,0.0,0.0,inf,0.993368884102389,3675.0,0.0
socofing:000132:right_little,stripes,0.5,5648.0,0.12245259060619508,0.04005340311935848,0.12978534725812096,13.973605783769985,0.3886978435369569,8192.0,0.8253553435206413,0.0,0.0,inf,0.9903699074725847,8192.0,0.0,0.05473609557891807,0.1763198255574698,12.617261848032602,0.17783977297696932,5905.0,0.8253553435206413,0.0,0.0,inf,0.9855290575581652,4805.0,0.0
socofing:000138:left_thumb,stripes,0.6000000238418579,3219.0,0.07739388796962093,0.038196455963003674,0.1140602525815437,14.179769309917942,0.5660789549065781,6554.0,0.9688102002255619,0.0,0.0,inf,0.9959296563005685,9830.0,0.0,0.06355064500577522,0.18385049121117336,11.968800372259853,0.2875973776765512,3819.0,0.9688102002255619,0.0,0.0,inf,0.9933395402882634,5584.0,0.0
socofing:000138:left_index,stripes,0.699999988079071,3661.0,0.06380236309610787,0.05139704621764777,0.1412557086502775,12.890618391416332,0.4909375483946696,4915.0,0.910101693123579,0.0,0.0,inf,0.9960579371810208,11469.0,0.0,0.06479717005077582,0.17720740567965174,11.884439610764757,0.3645627225827263,3860.0,0.910101693123579,0.0,0.0,inf,0.9938281435191838,6974.0,0.0
socofing:000138:left_middle,stripes,0.800000011920929,1942.0,0.05515973870353083,0.0363192952115294,0.10801958279127297,14.398625877036375,0.599327530612957,3277.0,0.8330889269709587,0.0,0.0,inf,0.997885478649139,13107.0,0.0,0.05848833523612641,0.17397319851780693,12.329307398617296,0.3516837496989404,1966.0,0.8330889269709587,0.0,0.0,inf,0.9962978176659495,7099.0,0.0
socofing:000138:left_ring,severe_partial,0.10000000149011612,8020.0,0.10249071530623724,0.059201807416866245,0.14652783535694366,12.276650341691546,0.4678732331287521,14746.0,0.9477965217083693,0.0,0.0,inf,0.9746998819472704,1638.0,0.0,0.10184018258200055,0.24721070176047044,9.920808307380986,0.14242741565167136,8526.0,0.9477965217083693,0.0,0.0,inf,0.9646342925219916,1149.0,0.0
socofing:000138:left_little,severe_partial,0.20000000298023224,6701.0,0.26463489206523294,0.05503101619976574,0.13394556483739145,12.593924674564075,0.5411802252253545,13107.0,0.9815412759780884,0.0,0.0,inf,0.9904196711117548,3277.0,0.0,0.09792275345546832,0.23483100275845106,10.091163832530114,0.22611275643811343,7153.0,0.9815412759780884,0.0,0.0,inf,0.9861437086740824,1784.0,0.0
socofing:000138:right_thumb,severe_partial,0.30000001192092896,4926.0,0.10071332500224418,0.027156099404101408,0.08606664854169967,15.661326102725875,0.6578435310318933,11469.0,0.9054229222238064,0.0,0.0,inf,0.9919583119437169,4915.0,0.0,0.05866476731926108,0.1811799016338938,12.316226475211467,0.2937768637067596,5084.0,0.9054229222238064,0.0,0.0,inf,0.990502006647928,4075.0,0.0
socofing:000138:right_index,random_rectangles,0.10000000149011612,6717.0,0.3767332388252274,0.05296976066404427,0.15058805476077694,12.759719893547501,0.4079634925023721,14746.0,0.9801223268732429,0.0,0.0,inf,0.9431752460551595,1638.0,0.0,0.08940677574125677,0.24235897804512913,10.486295667126955,0.09917419067799739,8261.0,0.9801223268732429,0.0,0.0,inf,0.715335144283914,15.0,0.0
socofing:000138:right_middle,random_rectangles,0.20000000298023224,6142.0,0.22007961353546146,0.05005018477025391,0.1527724393076488,13.005943148968788,0.3968764800016787,13107.0,0.8739612097851932,0.0,0.0,inf,0.9904648110292403,3277.0,0.0,0.08156818506715369,0.2371994903328901,10.884792008544066,0.11056507660879443,6657.0,0.8739612097851932,0.0,0.0,inf,0.9559598097230864,645.0,0.0
socofing:000138:right_ring,random_rectangles,0.30000001192092896,7269.0,0.3679797428849265,0.0755625919721032,0.1821785044998232,11.216931531870127,0.31492735755622137,11469.0,0.9236032944172621,0.0,0.0,inf,0.9823152329372411,4915.0,0.0,0.10317317143303416,0.2470290959297475,9.864332195048751,0.08195236216638913,8371.0,0.9236032944172621,0.0,0.0,inf,0.9305825776749258,881.0,0.0
socofing:000138:right_little,random_rectangles,0.4000000059604645,5445.0,0.37408697502705135,0.07648636852327523,0.1835964232070669,11.164159583448303,0.35595249294597,9830.0,0.9908260102383792,0.0,0.0,inf,0.991960993657992,6554.0,0.0,0.1122747047076077,0.26336120072337904,9.497180784966007,0.11710718090389922,6568.0,0.9908260102383792,0.0,0.0,inf,0.9680772196159347,1404.0,0.0
socofing:000153:left_thumb,random_rectangles,0.5,7594.0,0.23944413083609195,0.06581046364807175,0.20086067855203282,11.817050494964667,0.22998707244423183,8192.0,0.9321901788935065,0.0,0.0,inf,0.9867284548196895,8192.0,0.0,0.06755963655712298,0.20672697780997734,11.703126954192724,0.20815867099049057,7859.0,0.9321901788935065,0.0,0.0,inf,0.9790620890819431,4694.0,0.0
socofing:000153:left_index,random_rectangles,0.6000000238418579,5434.0,0.1383305535021797,0.04790394643609813,0.1602491470938932,13.196287069440896,0.359752340071891,6554.0,0.8145011067390442,0.0,0.0,inf,0.9933431035100595,9830.0,0.0,0.053172183493710605,0.17781817789676496,12.743155051964635,0.2984133536796685,5898.0,0.8145011067390442,0.0,0.0,inf,0.9895953238182127,5942.0,0.0
socofing:000153:left_middle,random_rectangles,0.699999988079071,3946.0,0.08648096347681744,0.03796394590443813,0.13500414435085695,14.206286541092902,0.4091417771151962,4915.0,0.72714464366436,0.0,0.0,inf,0.9936014226318445,11469.0,0.0,0.0449936204092953,0.16010881149479106,13.468490599458134,0.294694477383919,4022.0,0.72714464366436,0.0,0.0,inf,0.9909073536296796,7515.0,0.0
socofing:000153:left_ring,random_rectangles,0.800000011920929,3146.0,0.012044958010783955,0.059338709598516094,0.19302018017979578,12.266619022446125,0.30084725006759677,3277.0,0.7340024076402187,0.0,0.0,inf,0.9933302553942376,13107.0,0.0,0.05965601555832254,0.19376298829216887,12.24345756653144,0.2932691708729209,3221.0,0.7340024076402187,0.0,0.0,inf,0.9901041246520252,8139.0,0.0
socofing:000153:left_little,irregular,0.10000000149011612,8363.0,0.15882722466430363,0.045918959754392794,0.13796771202416666,13.380079589821259,0.4355310485255033,14746.0,0.9569633584469557,0.0,0.0,inf,0.947829456557458,1638.0,0.0,0.0725006646383614,0.21386660121921142,11.396580120848721,0.17249351648261638,9188.0,0.9569633584469557,0.0,0.0,inf,0.8956468320518859,694.0,0.0
socofing:000153:right_thumb,irregular,0.20000000298023224,9232.0,0.07700747472148965,0.044045281330244296,0.1474255249693653,13.561006117015484,0.4216108293734981,13107.0,0.9197178445756435,0.0,0.0,inf,0.9533983789723856,3277.0,0.0,0.053373470156536006,0.1777669350225622,12.726745599687256,0.29686619518180385,10118.0,0.9197178445756435,0.0,0.0,inf,0.9399979628347781,2300.0,0.0
socofing:000153:right_index,irregular,0.30000001192092896,7575.0,0.10558344465059738,0.03486351917097473,0.11682958404808805,14.576287767384922,0.45233540371670655,11469.0,0.934744231402874,0.0,0.0,inf,0.9713266828004375,4915.0,0.0,0.04513305927457829,0.1498105201154669,13.45505227502732,0.29782305433179945,8607.0,0.934744231402874,0.0,0.0,inf,0.9579364937453457,2970.0,0.0
socofing:000153:right_middle,irregular,0.4000000059604645,6421.0,0.13393199166425268,0.030834113531831613,0.11769405012881139,15.109685328471459,0.47833175598435906,9830.0,0.7520452700555325,0.0,0.0,inf,0.9775053636909609,6554.0,0.0,0.04033093445609985,0.15231967417676237,13.94361715398128,0.3224915727392109,7245.0,0.7520452700555325,0.0,0.0,inf,0.9716790521878571,4809.0,0.0
socofing:000153:right_ring,irregular,0.5,4229.0,0.04721346208533047,0.024109148104564146,0.09057017313901383,16.178181351233082,0.5586412582343008,8192.0,0.8165885135531425,0.0,0.0,inf,0.978709675732512,8192.0,0.0,0.03713424885247623,0.13648359310696448,14.30225356520809,0.33018940116989925,5151.0,0.8165885135531425,0.0,0.0,inf,0.9735264191758815,6311.0,0.0
socofing:000153:right_little,irregular,0.6000000238418579,3989.0,0.02336580078335211,0.027867108078771685,0.0999984503103415,15.549080980465611,0.6460215158152212,6554.0,0.7590882033109665,0.0,0.0,inf,0.9896819503397115,9830.0,0.0,0.04427761042031148,0.15706978394241713,13.538158252205019,0.4495005748111797,4077.0,0.7590882033109665,0.0,0.0,inf,0.9835911702095204,5708.0,0.0
socofing:000161:left_thumb,irregular,0.699999988079071,3604.0,0.025715750442622986,0.022621526766057817,0.09949667906182101,16.454780871339135,0.6164476312495426,4915.0,0.6809886693954468,0.0,0.0,inf,0.9933475923601184,11469.0,0.0,0.029293466282987533,0.12868910731405103,15.332292354025679,0.4991383586208938,3615.0,0.6809886693954468,0.0,0.0,inf,0.991732012615704,8795.0,0.0
socofing:000161:left_index,irregular,0.800000011920929,2686.0,0.028587232996017006,0.03096577455667898,0.12006264551891413,15.091180523737863,0.5366173879975341,3277.0,0.6943659633398056,0.0,0.0,inf,0.9929373731638198,13107.0,0.0,0.03637701553986831,0.1406716235372279,14.391729344021185,0.4457998203725548,2699.0,0.6943659633398056,0.0,0.0,inf,0.9891726256499793,7934.0,0.0
socofing:000161:left_middle,central_missing,0.10000000149011612,10614.0,0.4869885866281609,0.062358910726858285,0.17197676903038822,12.051014795872115,0.24017943966810687,14746.0,0.9717966895550489,0.0,0.0,inf,0.9771827614642318,1638.0,0.0,0.07776255351480883,0.21387754467955344,11.092294867754187,0.06238868095792811,11618.0,0.9717966895550489,0.0,0.0,inf,0.9642734043862482,153.0,0.0
socofing:000161:left_ring,central_missing,0.20000000298023224,8152.0,0.44420929554024663,0.04533283379164574,0.14361070453592126,13.435871319978359,0.344339775340912,13107.0,0.7954819779843092,0.0,0.0,inf,0.9925632606644949,3277.0,0.0,0.06648440907879159,0.20692937107665846,11.772801869511653,0.09364877665046785,8669.0,0.7954819779843092,0.0,0.0,inf,0.9835831002392967,522.0,0.0
socofing:000161:left_little,central_missing,0.30000001192092896,6581.0,0.34608210629412395,0.04968381962488864,0.15011688890220637,13.037850235753233,0.334037311505981,11469.0,0.8529130890965462,0.0,0.0,inf,0.992493644782995,4915.0,0.0,0.07507324342920593,0.21727882234052517,11.245148206731399,0.09756729667708235,6975.0,0.8529130890965462,0.0,0.0,inf,0.9688968115748007,416.0,0.0
socofing:000161:right_thumb,central_missing,0.4000000059604645,9638.0,0.27847993772151974,0.06726471227817256,0.21185438311748805,11.72212711140908,0.12640382012577453,9830.0,0.8079356513917446,0.0,0.0,inf,0.9908998668461431,6554.0,0.0,0.06767346091298827,0.21293984557849668,11.695816125370964,0.12253808795775607,9766.0,0.8079356513917446,0.0,0.0,inf,0.9822324237557363,2727.0,0.0
socofing:000161:right_index,central_missing,0.5,7854.0,0.2781427225697217,0.06200141085182757,0.1947820290511686,12.075984279502602,0.14708582696139733,8192.0,0.9143459163606167,0.0,0.0,inf,0.9913986485304214,8192.0,0.0,0.06275193080811972,0.19712815741701858,12.023729068762245,0.1369352855432197,8094.0,0.9143459163606167,0.0,0.0,inf,0.9803008606783761,3450.0,0.0
socofing:000161:right_middle,central_missing,0.6000000238418579,6321.0,0.1939585502743168,0.07209266036280469,0.2159876169598905,11.421089478490584,0.17044577524434848,6554.0,0.7743818741291761,0.0,0.0,inf,0.9956481294331834,9830.0,0.0,0.07209266036280469,0.2159876169598905,11.421089478490584,0.17044577524434848,6554.0,0.7743818741291761,0.0,0.0,inf,0.9928439465252916,5978.0,0.0
socofing:000161:right_ring,central_missing,0.699999988079071,4661.0,0.1961363705208449,0.04413022085750144,0.16706007378894006,13.552638990437627,0.14763602611312632,4915.0,0.7395258843898773,0.0,0.0,inf,0.9962689388350259,11469.0,0.0,0.04413022085750144,0.16706007378894006,13.552638990437627,0.14763602611312632,4915.0,0.7395258843898773,0.0,0.0,inf,0.9937182119053012,6812.0,0.0
socofing:000161:right_little,central_missing,0.800000011920929,3206.0,0.17992948506373757,0.06211713535954786,0.1961951453118225,12.067885807320726,0.1920091929917072,3277.0,0.7890919968485832,0.0,0.0,inf,0.996365002035315,13107.0,0.0,0.06211713535954786,0.1961951453118225,12.067885807320726,0.1920091929917072,3277.0,0.7890919968485832,0.0,0.0,inf,0.9924733146408963,6330.0,0.0
socofing:000163:left_thumb,peripheral_only,0.10000000149011612,9040.0,0.4566385514564238,0.027359571564585752,0.1086231393343709,15.628907077045932,0.4271492969394029,14746.0,0.7228802740573883,0.0,0.0,inf,0.9671813739605616,1638.0,0.0,0.04179345077048807,0.16333610950972172,13.788917688728887,0.16012219614150935,9278.0,0.7228802740573883,0.0,0.0,inf,0.9579930271112825,1106.0,0.0
socofing:000163:left_index,peripheral_only,0.20000000298023224,7225.0,0.10874201407949341,0.025468256119645944,0.09575230689871236,15.940007913356952,0.48963343866375464,13107.0,0.8109669983386993,0.0,0.0,inf,0.9793255869149894,3277.0,0.0,0.041482194825805445,0.15398640375096356,13.821382731239167,0.17997470029617113,7710.0,0.8109669983386993,0.0,0.0,inf,0.9724446491479818,2138.0,0.0
socofing:000163:left_middle,peripheral_only,0.30000001192092896,6226.0,0.10248662666019344,0.021695349449269645,0.08985940763451226,16.636333502516504,0.4888781417691771,11469.0,0.7480742931365967,0.0,0.0,inf,0.985069740553628,4915.0,0.0,0.03434128835796956,0.14089820969568143,14.641834157487459,0.19363948960373553,7049.0,0.7480742931365967,0.0,0.0,inf,0.9777623544141848,3145.0,0.0
socofing:000163:left_ring,peripheral_only,0.4000000059604645,3950.0,0.23638041186476225,0.017894364467480748,0.06628289380596832,17.472837213123928,0.6543143984263081,9830.0,0.7900209873914719,0.0,0.0,inf,0.9884919505601129,6554.0,0.0,0.039587940408534444,0.14363764876913881,14.024370921471581,0.2558434165239624,4372.0,0.7900209873914719,0.0,0.0,inf,0.9752574891098523,2978.0,0.0
socofing:000163:left_little,peripheral_only,0.5,2737.0,0.1943662977657308,0.008606554086824005,0.04772151677025249,20.651706976325084,0.662962712256586,8192.0,0.5830945372581482,0.0,0.0,inf,0.9927215600343162,8192.0,0.0,0.019409047912170588,0.1055936501761772,17.11995767889946,0.25741590631882416,3536.0,0.5830945372581482,0.0,0.0,inf,0.981340561366156,3034.0,0.0
socofing:000163:right_thumb,peripheral_only,0.6000000238418579,3663.0,0.14951354769011485,0.029867935382295353,0.10495889787090776,15.24794796915997,0.4664556483362748,6554.0,0.8754875436425209,0.0,0.0,inf,0.9914439876469322,9830.0,0.0,0.04263455625174508,0.14717411477942915,13.702382528735127,0.22764276451880014,4455.0,0.8754875436425209,0.0,0.0,inf,0.9896545537123295,7943.0,0.0
socofing:000163:right_index,peripheral_only,0.699999988079071,2705.0,0.12905742966796213,0.016239825670998975,0.07429045731498313,17.894186370732633,0.5921806664635948,4915.0,0.876953300088644,0.0,0.0,inf,0.9926508237761646,11469.0,0.0,0.02011642454636097,0.1040132401851346,16.964492074020615,0.39016566318670304,2971.0,0.7298584450036287,0.0,0.0,inf,0.9904925547779744,7931.0,0.0
socofing:000163:right_middle,peripheral_only,0.800000011920929,1915.0,0.1801996781237416,0.021389976320737986,0.09428185437540793,16.697896962035315,0.49969654413879416,3277.0,0.7397840283811092,0.0,0.0,inf,0.9963020183960128,13107.0,0.0,0.02933423072539673,0.1340865460616085,15.326252964401812,0.2660487797365478,2057.0,0.7397840283811092,0.0,0.0,inf,0.9946923028033277,8942.0,0.0
socofing:000163:right_ring,central_only,0.10000000149011612,6422.0,0.3224583972695639,0.02310567268272369,0.08911970411156372,16.362813832092314,0.4942753089230835,14746.0,0.7341886907815933,0.0,0.0,inf,0.9734687759355255,1638.0,0.0,0.03853830972555634,0.14746303291066543,14.141073372405478,0.17614154950385408,8008.0,0.7341886907815933,0.0,0.0,inf,0.9734687759355255,1638.0,0.0
socofing:000163:right_little,central_only,0.20000000298023224,3682.0,0.3602889679733783,0.025091372607255705,0.08888482570334413,16.004755802377368,0.5694471420115474,13107.0,0.6306366324424744,0.0,0.0,inf,0.9806560975282047,3277.0,0.0,0.04913755465658507,0.17238452778134394,13.08586460098029,0.18959499246487638,5271.0,0.6306366324424744,0.0,0.0,inf,0.9806560975282047,3277.0,0.0
socofing:000185:left_thumb,central_only,0.30000001192092896,6175.0,0.20190050112800123,0.04250320851675601,0.1247470332760689,13.71578284337305,0.44148018361060887,11469.0,0.9480328522622585,0.0,0.0,inf,0.9899176046883407,4915.0,0.0,0.06291625140109447,0.18645684540998242,12.01237160878967,0.18950307332782163,6779.0,0.9480328522622585,0.0,0.0,inf,0.9899176046883407,4915.0,0.0
socofing:000185:left_index,central_only,0.4000000059604645,2747.0,0.07795323663080853,0.01261038907774511,0.050220556817768804,18.992715136084442,0.7857393123511401,9830.0,0.8021912425756454,0.0,0.0,inf,0.9968158528241438,6554.0,0.0,0.036812401895731206,0.1453877464793138,14.340058452528465,0.3487541426579902,2844.0,0.8021912425756454,0.0,0.0,inf,0.9960117758803072,5211.0,0.0
socofing:000185:left_middle,central_only,0.5,3159.0,0.14508001472659213,0.020287945013514254,0.07717746655384872,16.92761940866564,0.6633268998906756,8192.0,0.8361754342913628,0.0,0.0,inf,0.9936327464020185,8192.0,0.0,0.03310730039836869,0.1384082077773106,14.800762306007174,0.41048006082752864,3351.0,0.6997462436556816,0.0,0.0,inf,0.9936327464020185,8192.0,0.0
socofing:000185:left_ring,central_only,0.6000000238418579,1908.0,0.21236287652824462,0.01312178738195807,0.05695984545115496,18.820070035845465,0.7064566267086803,6554.0,0.6951491683721542,0.0,0.0,inf,0.9963044886855934,9830.0,0.0,0.024838490211449706,0.1184317451218764,16.048748059497136,0.3729231798212535,2175.0,0.6951491683721542,0.0,0.0,inf,0.9953454499513842,7671.0,0.0
socofing:000185:left_little,central_only,0.699999988079071,1211.0,0.1653626697810796,0.008261407678694724,0.04279082917664219,20.829459460207687,0.8088581469164127,4915.0,0.5555935651063919,0.0,0.0,inf,0.9972542183926008,11469.0,0.0,0.02294155675813292,0.11533966221065185,16.39377115269655,0.40199552240272035,1305.0,0.5555935651063919,0.0,0.0,inf,0.9951654992611274,6301.0,0.0
socofing:000185:right_thumb,central_only,0.800000011920929,921.0,0.08806391649046734,0.011707541707937358,0.05615083248700366,19.31534286375711,0.8014678613067638,3277.0,0.5646261498332024,0.0,0.0,inf,0.9981336347451462,13107.0,0.0,0.021409270544465838,0.1087699358840884,16.693981297121095,0.549087762711887,963.0,0.5396657511591911,0.0,0.0,inf,0.9981258637223458,11524.0,0.0
socofing:000185:right_index,disconnected_fragments,0.10000000149011612,10171.0,0.14514930737137238,0.047980158221040195,0.14594610109788375,13.189383242212232,0.35271655254264694,14746.0,0.9483677740208805,0.0,0.0,inf,0.9741630861912748,1638.0,0.0,0.060889437566148404,0.1836597654366432,12.154580374916474,0.16897329119293109,10837.0,0.9483677740208805,0.0,0.0,inf,0.9719746944308529,1510.0,0.0
socofing:000185:right_middle,disconnected_fragments,0.20000000298023224,7804.0,0.3987682567696266,0.06023483888898153,0.16011616774912357,12.201522469345136,0.37211921411535687,13107.0,0.9791524987667799,0.0,0.0,inf,0.9926283261872982,3277.0,0.0,0.08329040381943938,0.2280960460352574,10.794050323067264,0.10179899225316147,8282.0,0.9791524987667799,0.0,0.0,inf,0.9739904287816733,886.0,0.0
socofing:000185:right_ring,disconnected_fragments,0.30000001192092896,4907.0,0.09750174918874005,0.027748082860709334,0.08427272173945127,15.56767017290024,0.6466529229918039,11469.0,0.9729440193623304,0.0,0.0,inf,0.9900176766880089,4915.0,0.0,0.06017695703157541,0.1815106208781471,12.205697770114934,0.2447762138720936,4990.0,0.9729440193623304,0.0,0.0,inf,0.9859734970521944,3475.0,0.0
socofing:000185:right_little,disconnected_fragments,0.4000000059604645,5269.0,0.20255064268093143,0.03395814179546384,0.10409411450517331,14.690560825640041,0.5363537625592104,9830.0,0.9489651881158352,0.0,0.0,inf,0.9913283007964979,6554.0,0.0,0.05778683141342237,0.17499009803136564,12.38171118258877,0.2209692821818076,5577.0,0.9489651881158352,0.0,0.0,inf,0.9867581856203884,4233.0,0.0
socofing:000200:left_thumb,disconnected_fragments,0.5,4421.0,0.16427603134562185,0.06307087993137389,0.16918607365721527,12.001711099187723,0.4399218269436901,8192.0,0.9649853855371475,0.0,0.0,inf,0.9974683958021785,8192.0,0.0,0.09859725450433306,0.25476908813313326,10.061351780630378,0.22087014814133635,4587.0,0.9649853855371475,0.0,0.0,inf,0.9969349493513124,6556.0,0.0
socofing:000200:left_index,disconnected_fragments,0.6000000238418579,3535.0,0.0894044027489558,0.03320600817109,0.10564705759020017,14.787833295647417,0.6309722570382427,6554.0,0.875478558242321,0.0,0.0,inf,0.9954413340263585,9830.0,0.0,0.05955640473019952,0.18719489309060555,12.25071527390033,0.36714039602654325,3633.0,0.875478558242321,0.0,0.0,inf,0.9934662268023317,6734.0,0.0
socofing:000200:left_middle,disconnected_fragments,0.699999988079071,1493.0,0.07052211526599848,0.014001727564454362,0.05106737337682476,18.538183767915722,0.7921131341160054,4915.0,0.8461897224187851,0.0,0.0,inf,0.9989912163159137,11469.0,0.0,0.045290259512137394,0.1579678017352857,13.439951908125966,0.4563466414758285,1496.0,0.8461897224187851,0.0,0.0,inf,0.9986787172578274,8708.0,0.0
socofing:000200:left_ring,disconnected_fragments,0.800000011920929,917.0,0.162410925782536,0.021673109857559082,0.07346770405353849,16.64078767633807,0.6805839032370857,3277.0,0.8075086325407028,0.0,0.0,inf,0.9978534110669004,13107.0,0.0,0.04531924133623727,0.150880195175587,13.437173690258426,0.3390277487846347,1480.0,0.8075086325407028,0.0,0.0,inf,0.9964901217828839,7921.0,0.0
socofing:000200:left_little,stripes,0.10000000149011612,6312.0,0.14071931508828867,0.03569433334210186,0.10032627800375069,14.474007248848288,0.5642570678346198,14746.0,0.981836854480207,0.0,0.0,inf,0.973672994724471,1638.0,0.0,0.0702011848418893,0.19537147759618814,11.536555578708782,0.15643723056614164,7338.0,0.981836854480207,0.0,0.0,inf,0.9614347066528574,1067.0,0.0
socofing:000200:right_thumb,stripes,0.20000000298023224,9264.0,0.1298529367478274,0.05864835917659226,0.16545080768746387,12.317441337704466,0.3508450360704032,13107.0,0.9491324983537197,0.0,0.0,inf,0.9870464988674407,3277.0,0.0,0.07886799678905843,0.21956754691297742,11.030991899145164,0.1421280075866718,9501.0,0.9491324983537197,0.0,0.0,inf,0.9828580238224899,2086.0,0.0
socofing:000200:right_index,stripes,0.30000001192092896,6309.0,0.48531262679455683,0.10987768835643903,0.20019235662961365,9.590904859879439,0.3199033820292645,11469.0,0.9534641914069653,0.0,0.0,inf,0.9898844142938316,4915.0,0.0,0.12975686176954349,0.23346620924239023,8.868696666212935,0.18036392288160147,7786.0,0.9534641914069653,0.0,0.0,inf,0.9881426299419013,3871.0,0.0
socofing:000200:right_middle,stripes,0.4000000059604645,6176.0,0.11314153863641133,0.03686717028238789,0.11371842887527797,14.333601951279762,0.4554082499678418,9830.0,0.9468108974397182,0.0,0.0,inf,0.9812910405125925,6554.0,0.0,0.05179395579947385,0.1586132780796425,12.857209181716154,0.24469355964844733,6670.0,0.9468108974397182,0.0,0.0,inf,0.9784937970035021,3893.0,0.0
socofing:000200:right_ring,stripes,0.5,4278.0,0.2700469017301266,0.08025984391312078,0.17260979923172215,10.955016892039275,0.3890001259311206,8192.0,0.9178854674100876,0.0,0.0,inf,0.9907413668743521,8192.0,0.0,0.09385953841705746,0.21220804682533304,10.275215858940099,0.2221356770407535,5116.0,0.9178854674100876,0.0,0.0,inf,0.9866145114092668,5412.0,0.0
socofing:000200:right_little,stripes,0.6000000238418579,3605.0,0.11870459842425467,0.045337432872904856,0.13121687117574676,13.435430744321565,0.4595999550174483,6554.0,0.9232740364968777,0.0,0.0,inf,0.9957049271876577,9830.0,0.0,0.06673935808134146,0.1923659638144431,11.756179748324387,0.20685069148631174,4322.0,0.9232740364968777,0.0,0.0,inf,0.9907131978063013,4530.0,0.0
socofing:000203:left_thumb,stripes,0.699999988079071,2109.0,0.07551673636598502,0.050455964506432326,0.1249634211180904,12.970874875218321,0.5843406749635314,4915.0,0.9111947398632765,0.0,0.0,inf,0.998680406975796,11469.0,0.0,0.10701243053932605,0.2544406906933622,9.705657718374153,0.2170417043022468,2236.0,0.9111947398632765,0.0,0.0,inf,0.9982480732096608,7479.0,0.0
socofing:000203:left_index,stripes,0.800000011920929,2526.0,0.04905916162267557,0.051244035168087766,0.1424657956823942,12.903566794301886,0.43387472525635296,3277.0,0.9758434891700745,0.0,0.0,inf,0.9968873362215608,13107.0,0.0,0.06550208751273831,0.17976370482240425,11.837448590797182,0.31572314753230746,2527.0,0.9758434891700745,0.0,0.0,inf,0.9953699101928243,6520.0,0.0
socofing:000203:left_middle,severe_partial,0.10000000149011612,8198.0,0.15163068945177274,0.06376532891393981,0.15209357307374816,11.954153957962085,0.4517255851797529,14746.0,0.9987056255340576,0.0,0.0,inf,0.9820376119419139,1638.0,0.0,0.10257398448872045,0.24473438819311605,9.889627739772152,0.13179240946806683,8379.0,0.9987056255340576,0.0,0.0,inf,0.9694818404923838,957.0,0.0
socofing:000203:left_ring,severe_partial,0.20000000298023224,6524.0,0.09342304448747756,0.04966805101519928,0.12721630596260036,13.0392288147752,0.5267958493868087,13107.0,0.9296709857881069,0.0,0.0,inf,0.9898517099619762,3277.0,0.0,0.09354028240967462,0.23703468234613234,10.290013232368135,0.12360836483606506,6770.0,0.9296709857881069,0.0,0.0,inf,0.9844949258630789,2059.0,0.0
socofing:000203:left_little,severe_partial,0.30000001192092896,3808.0,0.12508217231414442,0.02811251764081658,0.07856288119347951,15.511002590331671,0.6911739731610298,11469.0,0.9237295379862189,0.0,0.0,inf,0.9929935091254336,4915.0,0.0,0.07484976973978656,0.20460703467129018,11.258095313382157,0.2645773229968522,3899.0,0.9237295379862189,0.0,0.0,inf,0.9908781911378151,2849.0,0.0
socofing:000203:right_thumb,random_rectangles,0.10000000149011612,9945.0,0.43824782956175606,0.08131959256970608,0.19653884160620255,10.898048059460955,0.2293360556069262,14746.0,0.9998087286949158,0.0,0.0,inf,0.966922116651693,1638.0,0.0,0.1080978805373534,0.25956646991923776,9.661828211249112,-0.002566251022772598,10757.0,0.9998087286949158,0.0,0.0,inf,0.8024139724784776,9.0,0.0
socofing:000203:right_index,random_rectangles,0.20000000298023224,7307.0,0.21936580984422022,0.060583939792101714,0.1568050740874762,12.176424877820669,0.3809692949720165,13107.0,0.9791695475578308,0.0,0.0,inf,0.9868256252843706,3277.0,0.0,0.09934412931246524,0.24879083041267047,10.02857792193156,0.06091039041474066,7660.0,0.9791695475578308,0.0,0.0,inf,0.9729420092535503,670.0,0.0
socofing:000203:right_middle,random_rectangles,0.30000001192092896,8313.0,0.08089604052031811,0.06046245163350672,0.16495667412652687,12.185142470140244,0.2909791816435859,11469.0,0.9335209615528584,0.0,0.0,inf,0.9868947528747698,4915.0,0.0,0.07995601828963604,0.21317440261649845,10.971488413410114,0.10970832204749482,8402.0,0.9335209615528584,0.0,0.0,inf,0.9665492315864184,1450.0,0.0
socofing:000203:right_ring,random_rectangles,0.4000000059604645,6317.0,0.05390293833255917,0.03539648228193678,0.10737817608794584,14.510398962073833,0.4911910522166101,9830.0,0.9379013143479824,0.0,0.0,inf,0.9945262931337203,6554.0,0.0,0.05449623096700752,0.16383360507788028,12.63633533078101,0.214204665740574,6339.0,0.9379013143479824,0.0,0.0,inf,0.9856869245144596,2273.0,0.0
socofing:000203:right_little,random_rectangles,0.5,5172.0,0.09539910262970631,0.045361510326256696,0.12342570364378957,13.433124938982319,0.5291552938149718,8192.0,0.9662203183397651,0.0,0.0,inf,0.9913523074050666,8192.0,0.0,0.07127516770098884,0.19343551005311482,11.470617521801527,0.2663205000539277,5213.0,0.9662203183397651,0.0,0.0,inf,0.9801394096386359,3372.0,0.0
socofing:000206:left_thumb,random_rectangles,0.6000000238418579,5899.0,0.06146392755176231,0.08107679910005584,0.21080909964846214,10.911034055219943,0.28309702946522763,6554.0,0.9157916903495789,0.0,0.0,inf,0.9919163344167885,9830.0,0.0,0.08811242052118659,0.22866089328636222,10.549628681644649,0.2252254153443019,5925.0,0.9157916903495789,0.0,0.0,inf,0.9912820768195618,5370.0,0.0
socofing:000206:left_index,random_rectangles,0.699999988079071,4581.0,0.1388086237100569,0.05182840534770699,0.16312316001190624,12.854321532933156,0.26348724769688747,4915.0,0.8286557048559189,0.0,0.0,inf,0.993773592714092,11469.0,0.0,0.053844136953998874,0.1694665335740981,12.688615797782944,0.23546307384734017,4731.0,0.8286557048559189,0.0,0.0,inf,0.9901939385584342,7248.0,0.0
socofing:000206:left_middle,random_rectangles,0.800000011920929,2899.0,0.4004864886615806,0.04617751946252024,0.15689979767465784,13.355693999739216,0.2598024433637757,3277.0,0.8866296634078026,0.0,0.0,inf,0.9969699746982332,13107.0,0.0,0.04744979650695948,0.16527551233907783,13.23765645746575,0.2021413058164536,2948.0,0.8010387420654297,0.0,0.0,inf,0.9958245628470708,9323.0,0.0
socofing:000206:left_ring,irregular,0.10000000149011612,10592.0,0.12771674718609927,0.04435070059302994,0.14516758162306562,13.530995153748979,0.4032985923781799,14746.0,0.8565762974321842,0.0,0.0,inf,0.9727561956191484,1638.0,0.0,0.05793417494440691,0.18735880092500531,12.370651735553988,0.2248367924778116,10753.0,0.8565762974321842,0.0,0.0,inf,0.961942196545647,1131.0,0.0
socofing:000206:left_little,irregular,0.20000000298023224,8541.0,0.13941852573798225,0.04027844214972111,0.11539476448498032,13.949273350117505,0.49767455337125993,13107.0,0.9509421065449715,0.0,0.0,inf,0.9580594500817075,3277.0,0.0,0.05643282746668839,0.16215142350399395,12.48468189630405,0.3042288048918825,8745.0,0.9509421065449715,0.0,0.0,inf,0.9452003238542227,2379.0,0.0
socofing:000206:right_thumb,irregular,0.30000001192092896,8615.0,0.04246480810647041,0.054733732986044684,0.16791376234681435,12.617449308095619,0.4992971675464553,11469.0,0.9132601018063724,0.0,0.0,inf,0.97946080619042,4915.0,0.0,0.06743506268901289,0.2047217665739755,11.711142344303422,0.3962111165120803,8771.0,0.9132601018063724,0.0,0.0,inf,0.9776506057276385,4030.0,0.0
socofing:000206:right_index,irregular,0.4000000059604645,7386.0,0.054907360143575494,0.047467249309230616,0.14694746887860374,13.236059345853109,0.48665961307855937,9830.0,0.9021311365067959,0.0,0.0,inf,0.9844636303114762,6554.0,0.0,0.05702620936242561,0.17868754162123834,12.439254958126671,0.3843391960661126,7498.0,0.9021311365067959,0.0,0.0,inf,0.9826518891612744,4609.0,0.0
socofing:000206:right_middle,irregular,0.5,6574.0,0.013283754317628115,0.033217027070778976,0.12242015492684999,14.786392395707196,0.5754208050729108,8192.0,0.8912791311740875,0.0,0.0,inf,0.9849567711516648,8192.0,0.0,0.03992316166711755,0.14647833864123855,13.98775072589801,0.48507581821986945,6590.0,0.8912791311740875,0.0,0.0,inf,0.9816642817420349,5682.0,0.0
socofing:000206:right_ring,irregular,0.6000000238418579,4661.0,0.016038756100090167,0.025595680945421268,0.10250244715129818,15.918333120248473,0.6339409720572279,6554.0,0.8411533832550049,0.0,0.0,inf,0.9863581833991117,9830.0,0.0,0.03309822866254301,0.13116254127720586,14.80195247996724,0.525800794634044,4698.0,0.8411533832550049,0.0,0.0,inf,0.9830220414018678,7400.0,0.0
socofing:000206:right_little,irregular,0.699999988079071,3268.0,0.014071513299497655,0.01721284183730831,0.07744212690053938,17.641474218064765,0.7251213451227833,4915.0,0.6886071935296059,0.0,0.0,inf,0.9898854006470001,11469.0,0.0,0.024854172018325692,0.10995459725649694,16.046007001919214,0.6010343997450128,3281.0,0.6886071935296059,0.0,0.0,inf,0.9827338721283402,6428.0,0.0
socofing:000214:left_thumb,irregular,0.800000011920929,2095.0,0.008345181521535983,0.03104869273949822,0.10918437494695422,15.079566804463067,0.7364879747317552,3277.0,0.8585870852693915,0.0,0.0,inf,0.9951815869672241,13107.0,0.0,0.045463244213403656,0.1582295932692954,13.42339576668512,0.662787794038093,2188.0,0.8585870852693915,0.0,0.0,inf,0.9920105907624241,7505.0,0.0
socofing:000214:left_index,central_missing,0.10000000149011612,8788.0,0.8848448631461433,0.09949224387848439,0.21642357251007135,10.022107742499394,0.2848160317855741,14746.0,0.9998500347137451,0.0,0.0,inf,0.9661242466999006,1638.0,0.0,0.14352658436029553,0.30534449829349114,8.430676503468723,0.05326800880625166,9518.0,0.9998500347137451,0.0,0.0,inf,0.6002033409420864,43.0,0.0
socofing:000214:left_middle,central_missing,0.20000000298023224,8263.0,0.6033609350518205,0.05119868552864762,0.15807198907901746,12.90741188926183,0.3058575773848103,13107.0,0.8828253736719489,0.0,0.0,inf,0.9783004899681665,3277.0,0.0,0.07105602282974105,0.21527340705037648,11.483991046349768,0.07859609491117879,9038.0,0.8828253736719489,0.0,0.0,inf,0.9740030271993255,228.0,0.0
socofing:000214:left_ring,central_missing,0.30000001192092896,6472.0,0.11723023607889271,0.06454719761463122,0.16679254437461644,11.901226083459953,0.31463686439846433,11469.0,0.899789109826088,0.0,0.0,inf,0.9918944457965531,4915.0,0.0,0.0915805864454679,0.2308112505787275,10.381965797511564,0.07245244328048103,6682.0,0.899789109826088,0.0,0.0,inf,0.9692780444841983,513.0,0.0
socofing:000214:left_little,central_missing,0.4000000059604645,6344.0,0.08858791796831963,0.05006673412831186,0.1461509364127965,13.004507368677476,0.3543074619995309,9830.0,0.8910616021603346,0.0,0.0,inf,0.9936330915321205,6554.0,0.0,0.07310298293956216,0.20966067732513533,11.360649014585462,0.10807832877788084,6689.0,0.8910616021603346,0.0,0.0,inf,0.9138313565856295,369.0,0.0
socofing:000214:right_thumb,central_missing,0.5,7548.0,0.08514907249776665,0.05676008951351533,0.17493842486382505,12.459569283097874,0.21788446686202328,8192.0,0.8248462667688727,0.0,0.0,inf,0.991934049823235,8192.0,0.0,0.05994296841660516,0.18472059483750833,12.222617542994351,0.17807071121916326,7757.0,0.8248462667688727,0.0,0.0,inf,0.9777603236732876,2668.0,0.0
socofing:000214:right_index,central_missing,0.6000000238418579,5463.0,0.3224928659857703,0.05109015500941313,0.1659704939172929,12.916627796502745,0.28311754976741754,6554.0,0.8709357231855392,0.0,0.0,inf,0.9942505732850335,9830.0,0.0,0.054913776217958114,0.17826908318579748,12.603186904331778,0.2340153709622032,6097.0,0.8709357231855392,0.0,0.0,inf,0.9894100082141163,5030.0,0.0
socofing:000214:right_middle,central_missing,0.699999988079071,3945.0,0.19568295859253865,0.03893849138300363,0.12721084382061468,14.096208786179583,0.35867928773576047,4915.0,0.8214441165328026,0.0,0.0,inf,0.9962468378991801,11469.0,0.0,0.0469716501543511,0.1533561924806038,13.281641824111624,0.23950118615294969,4074.0,0.8214441165328026,0.0,0.0,inf,0.9915232210580557,4436.0,0.0
socofing:000214:right_ring,central_missing,0.800000011920929,3253.0,0.09213289555412142,0.0525055629468694,0.17535390677832172,12.797946808009183,0.34081199112264093,3277.0,0.8154783174395561,0.0,0.0,inf,0.9977650491759601,13107.0,0.0,0.0525055629468694,0.17535390677832172,12.797946808009183,0.34081199112264093,3277.0,0.8154783174395561,0.0,0.0,inf,0.9957600954623405,6909.0,0.0
socofing:000214:right_little,peripheral_only,0.10000000149011612,7236.0,0.19007838189398518,0.0376244838692306,0.11022092749342063,14.245294489870052,0.4975473925980614,14746.0,0.9537155623547733,0.0,0.0,inf,0.9465706393452967,1638.0,0.0,0.05942799593910635,0.17223006153131978,12.260089149927174,0.2483578271907311,9280.0,0.9537155623547733,0.0,0.0,inf,0.9294454607269788,1163.0,0.0
socofing:000217:left_thumb,peripheral_only,0.20000000298023224,8360.0,0.08488727619207455,0.05751294663345512,0.15167504102152238,12.402343810743881,0.4642920357554894,13107.0,0.9295045714825392,0.0,0.0,inf,0.9770646155697704,3277.0,0.0,0.08133339697107354,0.21666213815975252,10.897310885754994,0.23719101852070346,8529.0,0.8619901463389397,0.0,0.0,inf,0.9704295655019056,2471.0,0.0
socofing:000217:left_index,peripheral_only,0.30000001192092896,6298.0,0.07525773678899615,0.047009243224588285,0.12690503334312947,13.278167402184868,0.565188204834471,11469.0,0.9442331716418266,0.0,0.0,inf,0.9899179412558301,4915.0,0.0,0.07971774863399586,0.21460731241308897,10.984449750197056,0.27564903165782273,6310.0,0.9442331716418266,0.0,0.0,inf,0.9819377466438736,2401.0,0.0
socofing:000217:left_middle,peripheral_only,0.4000000059604645,5800.0,0.06905755158491665,0.04348426174120611,0.12543509831777105,13.616678988086402,0.589222601781448,9830.0,0.8638066947460175,0.0,0.0,inf,0.9921837293436276,6554.0,0.0,0.07017998114321893,0.20063352604443974,11.537867528119358,0.33931135857165984,5824.0,0.8638066947460175,0.0,0.0,inf,0.9883158889894597,4175.0,0.0
socofing:000217:left_ring,peripheral_only,0.5,4243.0,0.04201805262071239,0.04146118350453724,0.10954387695855416,13.823583051810417,0.6198123949477776,8192.0,0.9130122046917677,0.0,0.0,inf,0.9923052647703487,8192.0,0.0,0.07686471994189267,0.19932600445279675,11.142729508399059,0.30820195295426767,4263.0,0.9130122046917677,0.0,0.0,inf,0.9854359307440202,4065.0,0.0
socofing:000217:left_little,peripheral_only,0.6000000238418579,3983.0,0.03957270790043666,0.04065414266125568,0.12030796234556757,13.908951931632807,0.5811970282355812,6554.0,0.8516335338354111,0.0,0.0,inf,0.992627899064552,9830.0,0.0,0.06585108047181512,0.19326422978615473,11.814370948237233,0.33192918218104617,4008.0,0.8516335338354111,0.0,0.0,inf,0.9871968234717795,5507.0,0.0
socofing:000217:right_thumb,peripheral_only,0.699999988079071,3197.0,0.013756292618504579,0.04799637159989261,0.13869742020260684,13.187915929099594,0.5246593930507014,4915.0,0.9245013557374477,0.0,0.0,inf,0.9927964921363093,11469.0,0.0,0.06532392116749484,0.1874319770356286,11.84927753967614,0.3573215325834468,3346.0,0.9123576954007149,0.0,0.0,inf,0.9913183837789359,8966.0,0.0
socofing:000217:right_index,peripheral_only,0.800000011920929,1930.0,0.02642683955619547,0.03171444515412637,0.10667441989497535,14.987428822046878,0.7121929030327132,3277.0,0.8080572485923767,0.0,0.0,inf,0.996989786436831,13107.0,0.0,0.04702262668458624,0.15457475594608724,13.276931148376292,0.5851819500015362,2076.0,0.8080572485923767,0.0,0.0,inf,0.9958866361581633,9464.0,0.0
socofing:000217:right_middle,central_only,0.10000000149011612,8348.0,0.2502563903607793,0.0733162882130524,0.17425713646938998,11.347995301991045,0.3908870028354296,14746.0,0.9997000694274902,0.0,0.0,inf,0.9809229671114643,1638.0,0.0,0.11237575802551499,0.2628206476201576,9.493273657353512,0.14053797279256564,8785.0,0.9997000694274902,0.0,0.0,inf,0.9809229671114643,1638.0,0.0
socofing:000217:right_ring,central_only,0.20000000298023224,6236.0,0.16662664457970391,0.03046559238920381,0.09401164822310748,15.161903728042068,0.5822468460658321,13107.0,0.8841735646128654,0.0,0.0,inf,0.9891429127404202,3277.0,0.0,0.05445079854130735,0.16688816686082755,12.639957467706424,0.24562818293256697,6546.0,0.8841735646128654,0.0,0.0,inf,0.9891429127404202,3277.0,0.0
socofing:000217:right_little,central_only,0.30000001192092896,4777.0,0.20243094047561067,0.04022038080320995,0.11501634386728234,13.955538218558889,0.6040576068447093,11469.0,0.8888153955340385,0.0,0.0,inf,0.9927295392072163,4915.0,0.0,0.08184560971082015,0.22144512988725776,10.87004611664404,0.3185674302241711,4863.0,0.8888153955340385,0.0,0.0,inf,0.9927295392072163,4915.0,0.0
socofing:000241:left_thumb,central_only,0.4000000059604645,3983.0,0.205921046820753,0.03536083872842294,0.10236852585308685,14.514774424483889,0.6137877950815043,9830.0,0.8881962224841118,0.0,0.0,inf,0.9944285916982276,6554.0,0.0,0.07198902353625235,0.20313053307937884,11.427337171943062,0.33982601753397956,4142.0,0.8626479469239712,0.0,0.0,inf,0.9944285916982276,6554.0,0.0
socofing:000241:left_index,central_only,0.5,2289.0,0.07442770701450765,0.012349207001449428,0.04090059421116621,19.083609295259357,0.8458688644011093,8192.0,0.8356018657796085,0.0,0.0,inf,0.996586621564888,8192.0,0.0,0.03774138354306058,0.1236317596875627,14.231821832886514,0.5770830614467508,2314.0,0.8356018657796085,0.0,0.0,inf,0.9965157237890985,8023.0,0.0
socofing:000241:left_middle,central_only,0.6000000238418579,1406.0,0.09333936002964519,0.013170433855370903,0.05208542000026029,18.803999184406422,0.7928535481148824,6554.0,0.715227410197258,0.0,0.0,inf,0.9973249203003376,9830.0,0.0,0.04417697400317608,0.16273604589340562,13.548040353801664,0.5182967244791168,1473.0,0.715227410197258,0.0,0.0,inf,0.9972463722333188,9128.0,0.0
socofing:000241:left_ring,central_only,0.699999988079071,334.0,0.016055055202082003,0.0019160941240331812,0.009646113203234007,27.175831609442188,0.9634917377639644,4915.0,0.6175198554992676,0.0,0.0,inf,0.9991076123742395,11469.0,0.0,0.016563307152144126,0.07738342445174401,17.80852944451589,0.7471139026029043,352.0,0.5086579620838165,0.0,0.0,inf,0.9991487406300533,9723.0,0.0
socofing:000241:left_little,central_only,0.800000011920929,191.0,0.05012080625361921,0.0008012667914381355,0.0054852439611831885,30.96222856253139,0.979349587401572,3277.0,0.3961186110973358,0.0,0.0,inf,0.9997271197323316,13107.0,0.0,0.009132092309046352,0.054101030367451744,20.394297072226646,0.829018370793784,222.0,0.3961186110973358,0.0,0.0,inf,0.9995984135578367,8001.0,0.0
socofing:000241:right_thumb,disconnected_fragments,0.10000000149011612,9735.0,0.18551719830672744,0.03011210232048461,0.10653523014718534,15.21258922524013,0.4249987929645982,14746.0,0.9345838390290737,0.0,0.0,inf,0.9824802965748721,1638.0,0.0,0.040610546328660374,0.14419414381053372,13.913611679606763,0.1953333495937258,9926.0,0.9345838390290737,0.0,0.0,inf,0.978897562075875,1350.0,0.0
socofing:000241:right_index,disconnected_fragments,0.20000000298023224,7838.0,0.18001514652319833,0.04302017064495722,0.13004562330658617,13.663278712610548,0.4821038661518929,13107.0,0.8752265498042107,0.0,0.0,inf,0.9921470346877475,3277.0,0.0,0.0686156454085272,0.2043006856681181,11.635768472687209,0.19954622956146376,8009.0,0.8752265498042107,0.0,0.0,inf,0.9868790385615847,1719.0,0.0
socofing:000241:right_middle,disconnected_fragments,0.30000001192092896,6890.0,0.16148458565518184,0.037379280226090814,0.11721379249741186,14.27369065633661,0.5030141948313699,11469.0,0.8381063565611839,0.0,0.0,inf,0.9948805698500821,4915.0,0.0,0.0580941612549555,0.1815166849630952,12.358675141187332,0.2301742162315476,7039.0,0.8381063565611839,0.0,0.0,inf,0.9932361657612411,3671.0,0.0
socofing:000241:right_ring,disconnected_fragments,0.4000000059604645,3868.0,0.14897077897164462,0.02195303775187235,0.07626264057518196,16.585053757592753,0.6960536536589113,9830.0,0.7718317061662674,0.0,0.0,inf,0.9944052639162466,6554.0,0.0,0.05051723694700853,0.1723957415878072,12.965604113131315,0.3195545529435802,4009.0,0.7718317061662674,0.0,0.0,inf,0.9923596927987249,4715.0,0.0
socofing:000241:right_little,disconnected_fragments,0.5,3414.0,0.13920080126225012,0.028042697076146254,0.09826415785181553,15.521802193445293,0.5611875854452115,8192.0,0.7515176460146904,0.0,0.0,inf,0.9966529708051788,8192.0,0.0,0.05805938124511494,0.19533418099024222,12.36127596876101,0.19872188806616614,3638.0,0.7515176460146904,0.0,0.0,inf,0.9952802758578013,5618.0,0.0
socofing:000249:left_thumb,disconnected_fragments,0.6000000238418579,3380.0,0.053034300060030404,0.019913567754542106,0.08607311859308564,17.008509239354076,0.5427550653248056,6554.0,0.67697474360466,0.0,0.0,inf,0.9976570295488196,9830.0,0.0,0.03428070034096975,0.14688407749224736,14.649503141959887,0.1839180724134677,3529.0,0.67697474360466,0.0,0.0,inf,0.9968805226171361,7283.0,0.0
socofing:000249:left_index,disconnected_fragments,0.699999988079071,2341.0,0.07389624551373002,0.010751706842447549,0.055195622378818136,19.685225856633025,0.6762102797863301,4915.0,0.654248058795929,0.0,0.0,inf,0.9945900299855381,11469.0,0.0,0.02147874766040014,0.10984178669531923,16.679910442030796,0.343712109736942,2384.0,0.654248058795929,0.0,0.0,inf,0.9924723397257866,8170.0,0.0
socofing:000249:left_middle,disconnected_fragments,0.800000011920929,2081.0,0.23131737136336808,0.05394966875638429,0.14703626198387743,12.680112174818323,0.3610061817371308,3277.0,0.8224028795957565,0.0,0.0,inf,0.9981942763894914,13107.0,0.0,0.045550733492834804,0.15535293796719735,13.415046252919517,0.24691868316890092,2142.0,0.8224028795957565,0.0,0.0,inf,0.996931057146363,7660.0,0.0
socofing:000249:left_ring,stripes,0.10000000149011612,7908.0,0.23360742373194437,0.022944078391490024,0.08129055310678857,16.39329382185002,0.5018722713135351,14746.0,0.7984616905450821,0.0,0.0,inf,0.9767728535118155,1638.0,0.0,0.03830133254467775,0.13460513072984023,14.167861161950006,0.1681383419289473,8514.0,0.7984616905450821,0.0,0.0,inf,0.9448170995927501,653.0,0.0
socofing:000249:left_little,stripes,0.20000000298023224,5833.0,0.2958386024840069,0.04283760575116631,0.12141816182834543,13.681748104385566,0.5321570643016335,13107.0,0.9358681421726942,0.0,0.0,inf,0.9973242025585812,3277.0,0.0,0.08485448884408929,0.23670429609987556,10.71325178347449,0.12979378987124104,6021.0,0.9358681421726942,0.0,0.0,inf,0.9890071985997323,727.0,0.0
socofing:000249:right_thumb,stripes,0.30000001192092896,7903.0,0.14049299112149782,0.030810879114235308,0.08609503570581335,15.112959099591219,0.42138994418562153,11469.0,0.8925585225224495,0.0,0.0,inf,0.9885317147508866,4915.0,0.0,0.031307947556594155,0.08901997765914817,15.043454023307811,0.3016820553434625,8416.0,0.8925585225224495,0.0,0.0,inf,0.9848963420593742,3613.0,0.0
socofing:000249:right_index,stripes,0.4000000059604645,7673.0,0.11733647637695377,0.03123496924822324,0.09392744604540072,15.053589172938688,0.32246214200483614,9830.0,0.9311134181916714,0.0,0.0,inf,0.9897200839774869,6554.0,0.0,0.03665003966924368,0.1098617094559136,14.359255509512487,0.1851287252890456,7934.0,0.9311134181916714,0.0,0.0,inf,0.9800692061767542,3247.0,0.0
socofing:000249:right_middle,stripes,0.5,5885.0,0.27936078956782656,0.02905226588367094,0.11921385118603212,15.368199898692158,0.29318555748359554,8192.0,0.8280457258224487,0.0,0.0,inf,0.9948754953726322,8192.0,0.0,0.033800963704612066,0.1390574289686758,14.710709173072939,0.14948888818503062,6331.0,0.8280457258224487,0.0,0.0,inf,0.9882349930898817,3535.0,0.0
socofing:000249:right_ring,stripes,0.6000000238418579,3448.0,0.08860814399263742,0.021298174629265983,0.08555004802789126,16.716576163926092,0.6129380151764425,6554.0,0.7452439069747925,0.0,0.0,inf,0.9956449819689244,9830.0,0.0,0.03626672000076988,0.14330308000728037,14.404917206803958,0.3913182520552577,3591.0,0.7452439069747925,0.0,0.0,inf,0.9936478562128473,6679.0,0.0
socofing:000249:right_little,stripes,0.699999988079071,1969.0,0.12790085002078422,0.03463522954420087,0.0815101308776549,14.60481929740743,0.6278247790446412,4915.0,0.8305936455726624,0.0,0.0,inf,0.9970475237973632,11469.0,0.0,0.0712401861769842,0.1602593122402362,11.472749542350261,0.32602095135045706,2052.0,0.8305936455726624,0.0,0.0,inf,0.9939297656975067,5293.0,0.0
socofing:000256:left_thumb,stripes,0.800000011920929,1989.0,0.14782059525970706,0.03757062610120408,0.13331866881426174,14.251515675122775,0.43085102914190415,3277.0,0.8690857850015163,0.0,0.0,inf,0.9986330372208472,13107.0,0.0,0.05276720332489975,0.1805916096347202,12.776359229301281,0.21507692052153166,2111.0,0.8690857850015163,0.0,0.0,inf,0.9981027032955948,9023.0,0.0
socofing:000256:left_index,severe_partial,0.10000000149011612,9092.0,0.37668835757817004,0.07747131652723674,0.1783353305038971,11.108590636840315,0.3471862828253784,14746.0,0.9967635869979858,0.0,0.0,inf,0.9778102629943177,1638.0,0.0,0.10638006057518568,0.24932685416284084,9.731397667183773,0.08608648871246337,9690.0,0.98360407166183,0.0,0.0,inf,0.97137035440105,1180.0,0.0
socofing:000256:left_middle,severe_partial,0.20000000298023224,8696.0,0.09347901331060424,0.04743759919540536,0.14369891343546357,13.238772986187392,0.46556275727479063,13107.0,0.9671930056065321,0.0,0.0,inf,0.9908910954416704,3277.0,0.0,0.06655864236858229,0.1996333212047435,11.767955451585351,0.2667669349888299,8915.0,0.9671930056065321,0.0,0.0,inf,0.9907524317993199,3201.0,0.0
socofing:000256:left_ring,severe_partial,0.30000001192092896,6974.0,0.10588647976697008,0.0368308471365302,0.12056047408113561,14.33788291938207,0.4933814177204803,11469.0,0.9104431234300137,0.0,0.0,inf,0.992577275721186,4915.0,0.0,0.05627286836326338,0.18099365934145747,12.497009472489163,0.23744525338028122,7239.0,0.9104431234300137,0.0,0.0,inf,0.9920005793419617,4534.0,0.0
socofing:000256:left_little,random_rectangles,0.10000000149011612,8328.0,0.5298026290704918,0.07627109600773066,0.1950035891233225,11.176400127998324,0.26361965131953563,14746.0,0.9711953988298774,0.0,0.0,inf,0.9671698574003946,1638.0,0.0,0.10722949843596298,0.2648068918140991,9.696857254112377,0.044924282486125275,9591.0,0.9711953988298774,0.0,0.0,inf,0.8082380963024243,44.0,0.0
socofing:000256:right_thumb,random_rectangles,0.20000000298023224,10307.0,0.18369836923921185,0.06046573489272795,0.17735863422172446,12.184906644001817,0.23893721178247268,13107.0,0.8583896681666374,0.0,0.0,inf,0.9843075866729617,3277.0,0.0,0.07140400234569551,0.20981649901210217,11.46277444415219,0.10737910161181191,10904.0,0.8583896681666374,0.0,0.0,inf,0.9482054851459287,753.0,0.0
socofing:000256:right_index,random_rectangles,0.30000001192092896,6899.0,0.2704435474156756,0.04727499379720267,0.15245565146091525,13.253685194652775,0.33768174959829383,11469.0,0.8581285402178764,0.0,0.0,inf,0.9835961653025281,4915.0,0.0,0.06747816781339878,0.2104752304634791,11.708367180113843,0.12237952157267674,7386.0,0.8581285402178764,0.0,0.0,inf,0.957273400205799,1078.0,0.0
socofing:000256:right_middle,random_rectangles,0.4000000059604645,8838.0,0.16356408141344192,0.0599182901137265,0.18942290395796715,12.224405885790983,0.3077851295622964,9830.0,0.8779993019998074,0.0,0.0,inf,0.99004305709084,6554.0,0.0,0.0637821024643106,0.20068604613638066,11.953011691068705,0.26533147173279115,9170.0,0.8779993019998074,0.0,0.0,inf,0.9833449473693484,3421.0,0.0
socofing:000256:right_ring,random_rectangles,0.5,6811.0,0.11435402427534379,0.04166844152923822,0.1471247068563457,13.801927425931009,0.3690894201413853,8192.0,0.8317603915929794,0.0,0.0,inf,0.9925892638332685,8192.0,0.0,0.047826642416456844,0.16860391138092742,13.203301069220686,0.2680906616493736,6999.0,0.8317603915929794,0.0,0.0,inf,0.9862416610404443,3011.0,0.0
socofing:000256:right_little,random_rectangles,0.6000000238418579,5508.0,0.0745370202514207,0.04733252114190734,0.15954269117946848,13.24840362448173,0.38900611685506975,6554.0,0.8494968265295029,0.0,0.0,inf,0.9915804143970393,9830.0,0.0,0.05394739383648448,0.1816171468537018,12.680295309583194,0.29829374987951507,5638.0,0.8494968265295029,0.0,0.0,inf,0.9778349304394236,3166.0,0.0
socofing:000263:left_thumb,random_rectangles,0.699999988079071,3395.0,0.2400118293660193,0.036273373540932824,0.1457223084123307,14.404120517512586,0.231725614454455,4915.0,0.7045091986656189,0.0,0.0,inf,0.9938995328465331,11469.0,0.0,0.038782571631872716,0.15579821878940042,14.113633966883976,0.17930063305119445,4597.0,0.7045091986656189,0.0,0.0,inf,0.9865471836435131,5186.0,0.0
socofing:000263:left_index,random_rectangles,0.800000011920929,2202.0,0.6111841618852407,0.04528381612131197,0.16674803651677178,13.440569817624988,0.20032207581238853,3277.0,0.7452286332845688,0.0,0.0,inf,0.9939944917912803,13107.0,0.0,0.046228890960511755,0.1702159578093789,13.350865252404244,0.18639314296134682,3210.0,0.7452286332845688,0.0,0.0,inf,0.9855397244647286,5174.0,0.0
socofing:000263:left_middle,irregular,0.10000000149011612,6037.0,0.5841400839514923,0.030209495827112333,0.10735859607375282,15.198565227018987,0.416940408708728,14746.0,0.8716053292155266,0.0,0.0,inf,0.9382019587533316,1638.0,0.0,0.04793224303682555,0.1684498808854926,13.19372247291901,0.1181487997564933,9056.0,0.8716053292155266,0.0,0.0,inf,0.8772571784645543,588.0,0.0
socofing:000263:left_ring,irregular,0.20000000298023224,5135.0,0.2604256317219545,0.02991610273222909,0.09424988999152065,15.240949840739662,0.534736270660569,13107.0,0.9329552575945854,0.0,0.0,inf,0.9586376235993803,3277.0,0.0,0.05325097780181972,0.16525004756174547,12.736724132406632,0.1940403290503475,7217.0,0.9329552575945854,0.0,0.0,inf,0.9283148664586278,1792.0,0.0
socofing:000263:left_little,irregular,0.30000001192092896,4598.0,0.48355857438577937,0.01817129436030104,0.07883559730547393,17.40614136340002,0.5367905768681778,11469.0,0.6966541111469269,0.0,0.0,inf,0.9691810587828905,4915.0,0.0,0.03266860162826599,0.13982162365070794,14.858694549988607,0.1891408967293679,6201.0,0.6966541111469269,0.0,0.0,inf,0.9119686013978529,1575.0,0.0
socofing:000263:right_thumb,irregular,0.4000000059604645,6129.0,0.10408758354404157,0.01830325766733992,0.08036061666496354,17.37471606387703,0.5014978346100729,9830.0,0.7526259869337082,0.0,0.0,inf,0.965048524138104,6554.0,0.0,0.023416007828166798,0.10295067794384265,16.30487145385971,0.33969670303078553,7233.0,0.7397104948759079,0.0,0.0,inf,0.9442461092185179,3881.0,0.0
socofing:000263:right_index,irregular,0.5,5208.0,0.08875021199503785,0.026408734911831842,0.09994763643504712,15.782524028055755,0.5469762969450722,8192.0,0.7843780480325222,0.0,0.0,inf,0.9744686819646811,8192.0,0.0,0.03719909891771606,0.14051538004082986,14.294675800052882,0.367101408947834,5701.0,0.7843780480325222,0.0,0.0,inf,0.959985450858992,5093.0,0.0
socofing:000263:right_middle,irregular,0.6000000238418579,3022.0,0.1723301275878603,0.02759164154642607,0.10873209801857775,15.592224606898244,0.4657518558511237,6554.0,0.6908482015132904,0.0,0.0,inf,0.9769128772030614,9830.0,0.0,0.036573457208371,0.14352688396681226,14.368339848205046,0.2915366339710894,4824.0,0.6908482015132904,0.0,0.0,inf,0.9624441432595607,5741.0,0.0
socofing:000263:right_ring,irregular,0.699999988079071,2655.0,0.08479809368820729,0.020071738259550026,0.08551450306014372,16.97415014964384,0.5599535678833736,4915.0,0.8955485783517361,0.0,0.0,inf,0.9844081829879878,11469.0,0.0,0.027373812200561086,0.11620569125424701,15.626647165694948,0.38091425375306265,3430.0,0.8955485783517361,0.0,0.0,inf,0.9737281686065999,6636.0,0.0
socofing:000263:right_little,irregular,0.800000011920929,1529.0,0.19971248293204047,0.015971239492267954,0.07410346918765241,17.966613779276734,0.5781651610967488,3277.0,0.6705385148525238,0.0,0.0,inf,0.9923047831573573,13107.0,0.0,0.02470486516708624,0.11567826273243119,16.07217512037678,0.33254636312733216,2045.0,0.6705385148525238,0.0,0.0,inf,0.9872180372783227,6885.0,0.0
socofing:000274:left_thumb,central_missing,0.10000000149011612,11543.0,0.32181381737084946,0.12018381514285127,0.24974395774822,9.201540137593815,0.18876882283273436,14746.0,0.999931812286377,0.0,0.0,inf,0.980050227770541,1638.0,0.0,0.14174580277685916,0.2928537349471656,8.48489792102336,0.07381294956062574,12216.0,0.999931812286377,0.0,0.0,inf,0.9236945604264181,270.0,0.0
socofing:000274:left_index,central_missing,0.20000000298023224,10129.0,0.21852116982075534,0.07255702413404877,0.16505541223071263,11.393205378093798,0.21268671205384881,13107.0,0.9995296001434326,0.0,0.0,inf,0.9883054215749406,3277.0,0.0,0.08374673843161876,0.1881611201923043,10.770320978282255,0.09838389335876083,11087.0,0.9995296001434326,0.0,0.0,inf,0.9660407882306783,670.0,0.0
socofing:000274:left_middle,central_missing,0.30000001192092896,10372.0,0.15242133235659702,0.07687563200432919,0.22452838038686235,11.14211300811786,0.09784347460577977,11469.0,0.8733035922050476,0.0,0.0,inf,0.9783634741897652,4915.0,0.0,0.07875488224242141,0.2288850458139637,11.037225135355829,0.07738031151549228,11042.0,0.8733035922050476,0.0,0.0,inf,0.9655759878484373,1683.0,0.0
socofing:000274:left_ring,central_missing,0.4000000059604645,9248.0,0.23912763466289463,0.0774296447295787,0.2211363545830228,11.110927334051697,0.1413289423370247,9830.0,0.8359309732913971,0.0,0.0,inf,0.9822840912605768,6554.0,0.0,0.07777797143180751,0.2218152881089145,11.091433881037162,0.13526956955280064,9745.0,0.8359309732913971,0.0,0.0,inf,0.9710143594618488,2656.0,0.0
socofing:000274:left_little,central_missing,0.5,7783.0,0.10544057281223826,0.0691515942780728,0.20270779012815865,11.601978028549143,0.20133750506331702,8192.0,0.9608091106638312,0.0,0.0,inf,0.9884308743382872,8192.0,0.0,0.0699456550241619,0.20503503080382243,11.552392584078763,0.1934813893734713,8099.0,0.9608091106638312,0.0,0.0,inf,0.9685732047090041,2868.0,0.0
socofing:000274:right_thumb,central_missing,0.6000000238418579,6537.0,0.04957065318443339,0.08677603092537066,0.24168263667582532,10.616002180767158,0.283040164120731,6554.0,0.866935133934021,0.0,0.0,inf,0.9957005000941387,9830.0,0.0,0.08677603092537066,0.24168263667582532,10.616002180767158,0.283040164120731,6554.0,0.866935133934021,0.0,0.0,inf,0.9932582414939197,6269.0,0.0
socofing:000274:right_index,central_missing,0.699999988079071,4915.0,0.07685983791729173,0.08519705453643696,0.23203422197084855,10.695754195605803,0.2361287938668175,4915.0,0.885477252304554,0.0,0.0,inf,0.9973536790846215,11469.0,0.0,0.08519705453643696,0.23203422197084855,10.695754195605803,0.2361287938668175,4915.0,0.885477252304554,0.0,0.0,inf,0.9955353553135514,6798.0,0.0
socofing:000274:right_middle,central_missing,0.800000011920929,3269.0,0.05970657093324567,0.08325286936358303,0.2330521765803912,10.796007893255972,0.2303385287610134,3277.0,0.8971317410469055,0.0,0.0,inf,0.9977580697754744,13107.0,0.0,0.08325286936358303,0.2330521765803912,10.796007893255972,0.2303385287610134,3277.0,0.8971317410469055,0.0,0.0,inf,0.996831124829844,9273.0,0.0
socofing:000274:right_ring,peripheral_only,0.10000000149011612,10228.0,0.053151555510182455,0.05504915569453,0.1627596704960746,12.592493375463361,0.38888095889016666,14746.0,0.9718231549486518,0.0,0.0,inf,0.9613904090587173,1638.0,0.0,0.07406977100213893,0.21638385972986487,11.303589980331788,0.1862196424658872,10490.0,0.9718231549486518,0.0,0.0,inf,0.9610762292224665,1565.0,0.0
socofing:000274:right_little,peripheral_only,0.20000000298023224,8041.0,0.1254593837321252,0.04584807124732089,0.13697237625580697,13.38678929661669,0.4573923449285813,13107.0,0.9642685046419501,0.0,0.0,inf,0.9751262698003671,3277.0,0.0,0.06991262383130649,0.20594926097378372,11.554443984277867,0.1971098348761169,8413.0,0.9642685046419501,0.0,0.0,inf,0.9701923542311996,2541.0,0.0
socofing:000284:left_thumb,peripheral_only,0.30000001192092896,7567.0,0.10597301280131682,0.02831435560556621,0.1105774471763486,15.479933178492589,0.43173095526355854,11469.0,0.7434975355863571,0.0,0.0,inf,0.9852404688156775,4915.0,0.0,0.03803652816221092,0.14839596872006233,14.197991307673538,0.2572390095907331,7610.0,0.7434975355863571,0.0,0.0,inf,0.9835387235431706,4223.0,0.0
socofing:000284:left_index,peripheral_only,0.4000000059604645,5101.0,0.13828875948514588,0.03627607680650874,0.10824952909527753,14.40379687251799,0.6102407169928065,9830.0,0.8983237817883492,0.0,0.0,inf,0.9922974755373877,6554.0,0.0,0.06822084208326928,0.200447378389253,11.660829241860231,0.28581191119810456,5136.0,0.8983237817883492,0.0,0.0,inf,0.9840979369357604,2664.0,0.0
socofing:000284:left_middle,peripheral_only,0.5,4274.0,0.12024498453808792,0.01253849780394966,0.06535676011480973,19.01754491777592,0.6088698162633543,8192.0,0.6538353860378265,0.0,0.0,inf,0.9888209865232052,8192.0,0.0,0.021125460333683434,0.10813050571370486,16.751938187948213,0.3433542688585416,4744.0,0.6538353860378265,0.0,0.0,inf,0.986313510568309,6353.0,0.0
socofing:000284:left_ring,peripheral_only,0.6000000238418579,3547.0,0.06387665624960169,0.017132146743140272,0.07402580805966358,17.661882143675097,0.5819446833797504,6554.0,0.7851587533950806,0.0,0.0,inf,0.9941898848809939,9830.0,0.0,0.029895075421060718,0.12859016019558303,15.244003465786975,0.272989781072329,3755.0,0.7851587533950806,0.0,0.0,inf,0.9902920845957308,5776.0,0.0
socofing:000284:left_little,peripheral_only,0.699999988079071,1967.0,0.09730986791087645,0.010680407354390993,0.05698327621481062,19.714121828514315,0.6442351721068745,4915.0,0.6799281537532806,0.0,0.0,inf,0.9936881616170177,11469.0,0.0,0.020288273759612802,0.10677016132782362,16.927549036107102,0.3210926497395955,2466.0,0.6799281537532806,0.0,0.0,inf,0.9901695983438863,6522.0,0.0
socofing:000284:right_thumb,peripheral_only,0.800000011920929,1838.0,0.10553663362077569,0.011227253459598567,0.053515231655228535,19.49726472877271,0.5701716142509641,3277.0,0.8268535565584898,0.0,0.0,inf,0.9953742745395742,13107.0,0.0,0.016951653598687166,0.07927020835255613,17.707879308675647,0.33002916895034806,2053.0,0.8268535565584898,0.0,0.0,inf,0.9938557952714916,9696.0,0.0
socofing:000284:right_index,central_only,0.10000000149011612,8425.0,0.2585822537068277,0.018805317590188147,0.086397938609677,17.257193276762255,0.46637612364661707,14746.0,0.6992977559566498,0.0,0.0,inf,0.9604553351550157,1638.0,0.0,0.026698373197152823,0.12150024747313597,15.735152005464379,0.23559685188463772,9750.0,0.6992977559566498,0.0,0.0,inf,0.9604553351550157,1638.0,0.0
socofing:000284:right_middle,central_only,0.20000000298023224,6899.0,0.17668979525637987,0.018026388230739033,0.07863997402849282,17.440912798549157,0.5120500604778927,13107.0,0.7029784023761749,0.0,0.0,inf,0.9886331207504185,3277.0,0.0,0.026585338634303384,0.11593063678957063,15.75357803430574,0.26348058094887916,7254.0,0.7029784023761749,0.0,0.0,inf,0.9886331207504185,3277.0,0.0
socofing:000284:right_ring,central_only,0.30000001192092896,4570.0,0.10737984458212395,0.01348254898861374,0.06159611120891505,18.70227993035278,0.6330352287007386,11469.0,0.6256330609321594,0.0,0.0,inf,0.9889868282168054,4915.0,0.0,0.023548453976842555,0.1088854442229863,16.28037600270385,0.33488613001469764,5131.0,0.6256330609321594,0.0,0.0,inf,0.9889868282168054,4915.0,0.0
socofing:000284:right_little,central_only,0.4000000059604645,3022.0,0.22728767305371897,0.014656057923225845,0.060141629899263624,18.33982827267406,0.6992094236359115,9830.0,0.6624268591403961,0.0,0.0,inf,0.9930999356023186,6554.0,0.0,0.033206106335808463,0.13375330297636462,14.787820456906815,0.368196763605783,3233.0,0.6624268591403961,0.0,0.0,inf,0.9930999356023186,6554.0,0.0
socofing:000289:left_thumb,central_only,0.5,2144.0,0.20890953166324813,0.0126794609008514,0.048587478481465496,18.968992111832,0.7976850137092367,8192.0,0.8165602535009384,0.0,0.0,inf,0.9962064758478485,8192.0,0.0,0.03978390722484754,0.1490205897355075,14.002925665393482,0.3710226804535092,2182.0,0.8165602535009384,0.0,0.0,inf,0.9953808719379612,6707.0,0.0
socofing:000289:left_index,central_only,0.6000000238418579,1426.0,0.12388561227898098,0.02222478834915659,0.06715752433733671,16.531623662061655,0.7162999605392131,6554.0,0.8580652792006731,0.0,0.0,inf,0.9953728742822617,9830.0,0.0,0.06550152903558706,0.19162788345826914,11.83748561932379,0.31612814236476644,1732.0,0.8580652792006731,0.0,0.0,inf,0.994174548698711,6907.0,0.0
socofing:000289:left_middle,central_only,0.699999988079071,977.0,0.03484303986114957,0.0038118592381571094,0.026245718941069755,24.188631450799704,0.8157830823817298,4915.0,0.6544181630015373,0.0,0.0,inf,0.9970715268340261,11469.0,0.0,0.012361399698743617,0.07314601219932214,19.079323506854113,0.4961171219009514,1197.0,0.6544181630015373,0.0,0.0,inf,0.9968881694123468,10419.0,0.0
socofing:000289:left_ring,central_only,0.800000011920929,376.0,0.37110805749117004,0.017091896794489865,0.051929815949290664,17.672097382348362,0.7790810245625754,3277.0,0.9441809635609388,0.0,0.0,inf,0.9974465459576403,13107.0,0.0,0.060881698117581574,0.18354671575749915,12.155132426893523,0.3193871928422557,450.0,0.757427632343024,0.0,0.0,inf,0.9970438750274456,8931.0,0.0
socofing:000289:left_little,disconnected_fragments,0.10000000149011612,6578.0,0.29847304000621466,0.053974067923169576,0.1517817254954307,12.678148487495324,0.41055546192601955,14746.0,0.9874725341796875,0.0,0.0,inf,0.961770158289611,1638.0,0.0,0.08917157437466593,0.24005788434371725,10.497735655753184,0.12430590124487893,8209.0,0.9874725341796875,0.0,0.0,inf,0.9598178263105074,1551.0,0.0
socofing:000289:right_thumb,disconnected_fragments,0.20000000298023224,3693.0,0.1961043780997711,0.026101057214437354,0.07239371326047778,15.833419013553014,0.6734595438845598,13107.0,0.960818528663367,0.0,0.0,inf,0.9694288129969583,3277.0,0.0,0.0709161967007202,0.1887693232011854,11.492545640494322,0.16951741282758023,4652.0,0.960818528663367,0.0,0.0,inf,0.9602130056488806,2495.0,0.0
socofing:000289:right_index,disconnected_fragments,0.30000001192092896,6524.0,0.20246486137462064,0.04911950013106262,0.14189532059564347,13.087460614806062,0.4278729546898414,11469.0,0.9661326389759779,0.0,0.0,inf,0.9883948695230976,4915.0,0.0,0.0678041483478903,0.19717130161727356,11.687437346066185,0.21078477859757874,7708.0,0.8865479212254286,0.0,0.0,inf,0.9868468563822611,4332.0,0.0
socofing:000289:right_middle,disconnected_fragments,0.4000000059604645,5441.0,0.23341204969810214,0.04993702054502486,0.1490003933245174,13.015773730670823,0.4328963308205935,9830.0,0.9565082187764347,0.0,0.0,inf,0.9933416223052934,6554.0,0.0,0.07747069605820467,0.2258333348951862,11.10862541969518,0.14870196995340715,6110.0,0.9565082187764347,0.0,0.0,inf,0.992938240513079,6014.0,0.0
socofing:000289:right_ring,disconnected_fragments,0.5,3913.0,0.12553842320854938,0.03644556819343141,0.10336389657635436,14.383552746479502,0.47951093717116233,8192.0,0.9380083661526442,0.0,0.0,inf,0.9902742621050729,8192.0,0.0,0.06001710027170426,0.16913373607782353,12.217249913573474,0.19678284511814184,4706.0,0.9380083661526442,0.0,0.0,inf,0.9892655214392821,7343.0,0.0
socofing:000289:right_little,disconnected_fragments,0.6000000238418579,2010.0,0.2716822272840113,0.006627029835514091,0.04018795551666248,21.786810741697344,0.7206248329777623,6554.0,0.6530233584344387,0.0,0.0,inf,0.9983100288610379,9830.0,0.0,0.014726854091321805,0.08522366096675978,18.318900160016614,0.41041023444625974,2821.0,0.6530233584344387,0.0,0.0,inf,0.997975239457593,7958.0,0.0
socofing:000291:left_thumb,disconnected_fragments,0.699999988079071,3373.0,0.1342203109186892,0.06629863038404771,0.17256399943357825,11.784954432814157,0.47982387426455503,4915.0,0.9684130530804396,0.0,0.0,inf,0.9959534989114175,11469.0,0.0,0.08165227840687811,0.2158488865206067,10.880316923023383,0.36228791077205785,3442.0,0.92630660161376,0.0,0.0,inf,0.9945751176527622,8437.0,0.0
socofing:000291:left_index,disconnected_fragments,0.800000011920929,889.0,0.01694198614925276,0.013006276961284678,0.05207189169778015,18.858470021751945,0.8335151348246258,3277.0,0.7768966108560562,0.0,0.0,inf,0.9991973614315932,13107.0,0.0,0.04307276397765211,0.16454855616008537,13.657972586825494,0.607345152671796,889.0,0.5974553227424622,0.0,0.0,inf,0.99908057438063,9127.0,0.0
socofing:000291:left_middle,stripes,0.10000000149011612,8586.0,0.18036383147907875,0.05071350655659017,0.14047542672630722,12.948763593687683,0.43056289822837673,14746.0,0.9957793350331485,0.0,0.0,inf,0.9802149070379502,1638.0,0.0,0.07756558080984427,0.21723329255622562,11.103309511698509,0.12810367482120827,9019.0,0.945830162614584,0.0,0.0,inf,0.9748818587100461,1014.0,0.0
socofing:000291:left_ring,stripes,0.20000000298023224,8190.0,0.14981242671793232,0.03892952631640227,0.1300967985585726,14.097208806235852,0.40962075744518806,13107.0,0.8317558094859123,0.0,0.0,inf,0.993451528124031,3277.0,0.0,0.05783658754738961,0.1909454135817387,12.377973390374894,0.16233775470893644,8568.0,0.8317558094859123,0.0,0.0,inf,0.9861119209902759,1344.0,0.0
socofing:000291:left_little,stripes,0.30000001192092896,5440.0,0.1906371846824552,0.03126868228229417,0.09809475602708449,15.048904203108426,0.574153415390836,11469.0,0.8499876782298088,0.0,0.0,inf,0.9933358810304949,4915.0,0.0,0.06258379020165972,0.19399084381799553,12.035381386359646,0.18620027828433808,5673.0,0.8499876782298088,0.0,0.0,inf,0.9856675938166367,2137.0,0.0
socofing:000291:right_thumb,stripes,0.4000000059604645,7275.0,0.4246671238568608,0.05405237096213273,0.16194495541121268,12.671852513279262,0.31372981907752406,9830.0,0.9278534641489387,0.0,0.0,inf,0.9916261918521444,6554.0,0.0,0.06644074069534063,0.19629568390746308,11.775655345874984,0.1685372525270361,7805.0,0.9278534641489387,0.0,0.0,inf,0.9864937778060312,3828.0,0.0
socofing:000291:right_index,stripes,0.5,6163.0,0.18740025805308028,0.04646431541769485,0.1447010792408605,13.328804571475573,0.39688895434285754,8192.0,0.8964828774333,0.0,0.0,inf,0.9934053562173919,8192.0,0.0,0.0552874037501761,0.1704423614859112,12.573738036848095,0.30012244019069,6846.0,0.8964828774333,0.0,0.0,inf,0.9883002853331571,4186.0,0.0
socofing:000291:right_middle,stripes,0.6000000238418579,3195.0,0.1441513101795655,0.034823983067564776,0.1086005491637538,14.581215570172377,0.6009351381236068,6554.0,0.8345390185713768,0.0,0.0,inf,0.9981002511120499,9830.0,0.0,0.06638092509017249,0.20333704485038803,11.77956699520701,0.3079836232915104,3394.0,0.8345390185713768,0.0,0.0,inf,0.9975717460722,7611.0,0.0
socofing:000291:right_ring,stripes,0.699999988079071,2920.0,0.1163621815251374,0.03817887833223616,0.1205260470012129,14.181768350119203,0.5559922268619314,4915.0,0.7803264185786247,0.0,0.0,inf,0.9984509294711329,11469.0,0.0,0.06162132893714162,0.19289496551144975,12.102689398417999,0.27917254458037766,2995.0,0.7803264185786247,0.0,0.0,inf,0.9965600494069347,4987.0,0.0
socofing:000291:right_little,stripes,0.800000011920929,1849.0,0.012340250703589142,0.023479356504053712,0.09336260335987703,16.293138099188106,0.6903706071574103,3277.0,0.849948339164257,0.0,0.0,inf,0.9971315320578896,13107.0,0.0,0.03730614552827782,0.14667625495605813,14.282196199560676,0.5055698709785393,2029.0,0.849948339164257,0.0,0.0,inf,0.9939341244453115,6068.0,0.0
socofing:000293:left_thumb,severe_partial,0.10000000149011612,7990.0,0.29615186387100745,0.043112338878988646,0.12761791108018092,13.653984156827587,0.4189768187202812,14746.0,0.8888362608850002,0.0,0.0,inf,0.9738784817248627,1638.0,0.0,0.06554126593632682,0.19272926090347275,11.834851744298174,0.13099171416223773,9359.0,0.8878312036395073,0.0,0.0,inf,0.9712730324990033,1476.0,0.0
socofing:000293:left_index,severe_partial,0.20000000298023224,7696.0,0.3433167229223757,0.04220284595856204,0.13090314702333716,13.74658261303164,0.42319538788507255,13107.0,0.870925597846508,0.0,0.0,inf,0.9806452977758121,3277.0,0.0,0.06594578282228417,0.2035932174294488,11.808129719989092,0.10747944170286193,8177.0,0.870925597846508,0.0,0.0,inf,0.9482459217447435,983.0,0.0
socofing:000293:left_middle,severe_partial,0.30000001192092896,6059.0,0.34589679156790726,0.04645269725955674,0.13109499720385728,13.329890637815884,0.49815896409308136,11469.0,0.836966022849083,0.0,0.0,inf,0.9912936965264686,4915.0,0.0,0.07188834165898003,0.20380638018027966,11.433415347034046,0.22170872743049883,6446.0,0.836966022849083,0.0,0.0,inf,0.9870776056208654,3303.0,0.0
socofing:000293:left_ring,random_rectangles,0.10000000149011612,8967.0,0.7973740474639385,0.060813165942796725,0.16953507229269196,12.160023865610846,0.2819873247182121,14746.0,0.9122741781175137,0.0,0.0,inf,0.9359009263429396,1638.0,0.0,0.08077416923150059,0.22511624867779007,10.927275000392623,0.07700585325662371,10284.0,0.9122741781175137,0.0,0.0,inf,0.7030730511045793,93.0,0.0
socofing:000293:left_little,random_rectangles,0.20000000298023224,6257.0,0.2644040270657897,0.04414198566673485,0.12798675686442015,13.551481345928183,0.4143547776262786,13107.0,0.9750984888523817,0.0,0.0,inf,0.9861983919331385,3277.0,0.0,0.07008908591344029,0.1967915519583356,11.543496039533586,0.13549793783160385,7786.0,0.9750984888523817,0.0,0.0,inf,0.9030722952478321,357.0,0.0
socofing:000293:right_thumb,random_rectangles,0.30000001192092896,9388.0,0.06550527318496882,0.06829403075635074,0.18765520650737702,11.656172541935707,0.24294914495359327,11469.0,0.9649493093602359,0.0,0.0,inf,0.9947105889971198,4915.0,0.0,0.07801141588522421,0.21367958936234066,11.078418397045889,0.13708049488149146,9958.0,0.9649493093602359,0.0,0.0,inf,0.9832444713326454,1327.0,0.0
socofing:000293:right_index,random_rectangles,0.4000000059604645,7744.0,0.26581721308896367,0.052165964588862454,0.16905617161226646,12.826127577682119,0.27467564479258816,9830.0,0.893262080848217,0.0,0.0,inf,0.9891333748743245,6554.0,0.0,0.06176423082210965,0.199313022971174,12.092629626761514,0.1466551119517121,8263.0,0.893262080848217,0.0,0.0,inf,0.9726491777984339,1954.0,0.0
socofing:000293:right_middle,random_rectangles,0.5,6866.0,0.10159284112794482,0.04196753105917593,0.14398809988028916,13.770865794879493,0.3898452796334918,8192.0,0.986359297297895,0.0,0.0,inf,0.9904472669513346,8192.0,0.0,0.04799996738857534,0.16390703058627798,13.187590576862167,0.3028199737804057,7079.0,0.986359297297895,0.0,0.0,inf,0.978051002737623,2733.0,0.0
socofing:000293:right_ring,random_rectangles,0.6000000238418579,5343.0,0.13075338784547658,0.02355203251324366,0.10065207153359063,16.279716078048672,0.40949569582515394,6554.0,0.7905021756887436,0.0,0.0,inf,0.9861148995788473,9830.0,0.0,0.026854739379491913,0.11445079121608172,15.709790580193605,0.3247328103034914,5703.0,0.7905021756887436,0.0,0.0,inf,0.969688413066341,3988.0,0.0
socofing:000293:right_little,random_rectangles,0.699999988079071,2671.0,0.09049765205558526,0.024770175740374722,0.08443189631609412,16.060709121544036,0.6752337887403881,4915.0,0.8593943044543266,0.0,0.0,inf,0.9934618980575659,11469.0,0.0,0.03907919045563014,0.1323879481428786,14.08054441480753,0.5007682002350811,3113.0,0.8593943044543266,0.0,0.0,inf,0.9881673663321112,5738.0,0.0
socofing:000302:left_thumb,random_rectangles,0.800000011920929,3251.0,0.021725366353535877,0.05631997394106671,0.18008224990827493,12.493375548114972,0.3196795226619497,3277.0,0.8905940037220716,0.0,0.0,inf,0.9959790794850206,13107.0,0.0,0.05631997394106671,0.18008224990827493,12.493375548114972,0.3196795226619497,3277.0,0.8905940037220716,0.0,0.0,inf,0.9938549061332956,8337.0,0.0
socofing:000302:left_index,irregular,0.10000000149011612,8525.0,0.26376485513490694,0.07866202648698267,0.17231933278248468,11.042348695105883,0.29702001864218086,14746.0,0.962895417585969,0.0,0.0,inf,0.9492568623217272,1638.0,0.0,0.09685198264292208,0.21247132915723307,10.138914844743763,0.12362449947404522,10237.0,0.962895417585969,0.0,0.0,inf,0.9085295349600054,859.0,0.0
socofing:000302:left_middle,irregular,0.20000000298023224,6721.0,0.2565405124367154,0.03295577044759783,0.10852733834841263,14.820685308686238,0.4540136348267218,13107.0,0.8884406015276909,0.0,0.0,inf,0.9509474082378191,3277.0,0.0,0.04669571171111574,0.15397731520910743,13.30723000926655,0.20709894156442094,8698.0,0.8884406015276909,0.0,0.0,inf,0.9263394820914742,2052.0,0.0
socofing:000302:left_ring,irregular,0.30000001192092896,6939.0,0.10331712421251531,0.030482420946641366,0.09360284816717496,15.159505438280272,0.4567696568063696,11469.0,0.9811142897233367,0.0,0.0,inf,0.9425826776791864,4915.0,0.0,0.0406256514943668,0.12338053267127158,13.91199661381936,0.27957466113532187,8446.0,0.9811142897233367,0.0,0.0,inf,0.9189486817749057,3347.0,0.0
socofing:000302:left_little,irregular,0.4000000059604645,4481.0,0.13511052906810264,0.014180399043896622,0.06925207523748446,18.483115477055684,0.5725593890872233,9830.0,0.6496092975139618,0.0,0.0,inf,0.9698834467883817,6554.0,0.0,0.022139419024383652,0.10760159195168584,16.54833779925898,0.33492404732113246,6181.0,0.6496092975139618,0.0,0.0,inf,0.9501811094725047,3515.0,0.0
socofing:000302:right_thumb,irregular,0.5,6061.0,0.021908114980950855,0.03858468619081358,0.13467091811713772,14.135850275159385,0.5604600406618262,8192.0,0.8703640475869179,0.0,0.0,inf,0.9790421941376857,8192.0,0.0,0.04763238814105579,0.16535717611505493,13.220976437564719,0.46320234299519575,6254.0,0.8703640475869179,0.0,0.0,inf,0.9775334640096804,5482.0,0.0
socofing:000302:right_index,irregular,0.6000000238418579,4699.0,0.1645746164934248,0.05125732398388598,0.15633041419908472,12.902440709837784,0.3630565939589949,6554.0,0.9177867760881782,0.0,0.0,inf,0.9777673019365462,9830.0,0.0,0.05799054334859374,0.17571400100536472,12.36642822064157,0.2821910503491712,5734.0,0.9177867760881782,0.0,0.0,inf,0.956568161649812,4771.0,0.0
socofing:000302:right_middle,irregular,0.699999988079071,3706.0,0.057071385274350746,0.03889972875488792,0.14094210323713727,14.100534269690513,0.48872944931484025,4915.0,0.8102971240878105,0.0,0.0,inf,0.9841714863700086,11469.0,0.0,0.04548752223092022,0.16196372754058797,13.421077191547903,0.4079040182941352,4071.0,0.8102971240878105,0.0,0.0,inf,0.9760696047182268,7354.0,0.0
socofing:000302:right_ring,irregular,0.800000011920929,1970.0,0.05341228829205512,0.02639900418017226,0.10042115961004539,15.78412455221571,0.5902715901054286,3277.0,0.7578708492219448,0.0,0.0,inf,0.9931314254737286,13107.0,0.0,0.03928499482265174,0.14800568373778222,14.05773299754518,0.4017617567263581,2182.0,0.7578708492219448,0.0,0.0,inf,0.99118744158933,9214.0,0.0
socofing:000302:right_little,central_missing,0.10000000149011612,9046.0,0.5070970025428809,0.047504075470169146,0.1528210307949684,13.232691297797759,0.27543611160434756,14746.0,0.9478195868432522,0.0,0.0,inf,0.9906740242138306,1638.0,0.0,0.0625821853654972,0.1989998122126629,12.035492753923652,0.06816389325928017,10973.0,0.9478195868432522,0.0,0.0,inf,0.8391276854149716,53.0,0.0
socofing:000303:left_thumb,central_missing,0.20000000298023224,6681.0,0.5483746331113999,0.04986203584200771,0.13826858622257948,13.022299934435587,0.37992808043758164,13107.0,0.9166918322443962,0.0,0.0,inf,0.9824097203818283,3277.0,0.0,0.07660799813101545,0.2093614243548321,11.157258862050668,0.08279830322037292,8349.0,0.9166918322443962,0.0,0.0,inf,0.840149694094612,124.0,0.0
socofing:000303:left_index,central_missing,0.30000001192092896,5092.0,0.3838189287277574,0.048224856491316644,0.14228536923530374,13.167290560660794,0.3515904918667531,11469.0,0.8571698646992445,0.0,0.0,inf,0.9986398527043239,4915.0,0.0,0.07691782425036332,0.21945547679373237,11.139730090074702,0.08575522484464156,6976.0,0.8571698646992445,nan,nan,nan,nan,0.0,nan
socofing:000303:left_middle,central_missing,0.4000000059604645,6655.0,0.2405726881452308,0.05010752506949974,0.1481218260558017,13.000970475709057,0.2921739643951731,9830.0,0.9760183673352003,0.0,0.0,inf,0.9834332101844782,6554.0,0.0,0.06547344596963134,0.1923071080758643,11.839348008801768,0.09755979348346555,7512.0,0.9760183673352003,0.0,0.0,inf,0.8338594979425227,567.0,0.0
socofing:000303:left_ring,central_missing,0.5,5345.0,0.20799321033193513,0.06030142636924228,0.1657975636798028,12.196724149416958,0.29780841926907675,8192.0,0.9529593549668789,0.0,0.0,inf,0.9955904901456473,8192.0,0.0,0.0807165249227077,0.21900127505968806,10.930375439884353,0.0978561397818707,5988.0,0.9529593549668789,0.0,0.0,inf,0.9811842816128346,1564.0,0.0
socofing:000303:left_little,central_missing,0.6000000238418579,5765.0,0.09913823176486929,0.040706857721022234,0.14477524998704944,13.9033242076211,0.21656207482647435,6554.0,0.7294743955135345,0.0,0.0,inf,0.9934154981798761,9830.0,0.0,0.04363013482713357,0.15496707322075354,13.602134449414486,0.16819636451286976,6114.0,0.7294743955135345,0.0,0.0,inf,0.9857092433946694,4115.0,0.0
socofing:000303:right_thumb,central_missing,0.699999988079071,4849.0,0.10630283723839604,0.04773538607790911,0.17053585470969565,13.211595605647231,0.17603940670132162,4915.0,0.8156853877007961,0.0,0.0,inf,0.9967397264878075,11469.0,0.0,0.04773538607790911,0.17053585470969565,13.211595605647231,0.17603940670132162,4915.0,0.8156853877007961,0.0,0.0,inf,0.9941272063905554,6367.0,0.0
socofing:000303:right_index,central_missing,0.800000011920929,3097.0,0.3173696474550779,0.04757604062995502,0.16915986085336726,13.22611703620984,0.1825101280344503,3277.0,0.768189862370491,0.0,0.0,inf,0.9970976118661941,13107.0,0.0,0.04757604062995502,0.16915986085336726,13.22611703620984,0.1825101280344503,3277.0,0.768189862370491,0.0,0.0,inf,0.9942974664563341,6671.0,0.0
socofing:000303:right_middle,peripheral_only,0.10000000149011612,8694.0,0.24323030765322087,0.03044893086048073,0.10988545594712303,15.164279519488485,0.46155007135969933,14746.0,0.8060664460062981,0.0,0.0,inf,0.9431123189287473,1638.0,0.0,0.046721600569364155,0.16735084936887468,13.304822877591826,0.1845805238174494,9437.0,0.8060664460062981,0.0,0.0,inf,0.9382262970106232,1495.0,0.0
socofing:000303:right_ring,peripheral_only,0.20000000298023224,6114.0,0.27016843325851503,0.03276823703524324,0.10889580594218697,14.845469234776044,0.5121360547464556,13107.0,0.8537028394639492,0.0,0.0,inf,0.970378929027958,3277.0,0.0,0.057798924461742486,0.18962552316062997,12.38080242975254,0.1633743166458268,7159.0,0.8537028394639492,0.0,0.0,inf,0.9469411559702274,1684.0,0.0
socofing:000303:right_little,peripheral_only,0.30000001192092896,4824.0,0.326485739618232,0.027410560470114993,0.08322149162948175,15.620820842492765,0.6239299118314937,11469.0,0.9639911046251655,0.0,0.0,inf,0.9899592086846418,4915.0,0.0,0.06002197894915789,0.17955388828996646,12.216896898086848,0.21875287490862838,5197.0,0.9639911046251655,0.0,0.0,inf,0.9754844700466974,1914.0,0.0
socofing:000308:left_thumb,peripheral_only,0.4000000059604645,6030.0,0.13091903388444256,0.017630484744924797,0.08754459753678022,17.537357467391452,0.4107358025462882,9830.0,0.7350199073553085,0.0,0.0,inf,0.9849760773129235,6554.0,0.0,0.022332084585233128,0.11044213522697838,16.51070735880249,0.22395987175575416,7100.0,0.7350199073553085,0.0,0.0,inf,0.9831595202918635,5679.0,0.0
socofing:000308:left_index,peripheral_only,0.5,4148.0,0.17127996943396442,0.01390120313097531,0.06535334101135959,18.569476104990333,0.4975717571019064,8192.0,0.6826813220977783,0.0,0.0,inf,0.9836153599661025,8192.0,0.0,0.019375507658639306,0.09192614083215868,17.127469097012703,0.2802627365248498,5460.0,0.6826813220977783,0.0,0.0,inf,0.9779502578508774,6054.0,0.0
socofing:000308:left_middle,peripheral_only,0.6000000238418579,3665.0,0.17391776999686215,0.007493180625286376,0.05147337683197708,21.25333798481614,0.5366970710246665,6554.0,0.6280757784843445,0.0,0.0,inf,0.9889271984762996,9830.0,0.0,0.008939011111829442,0.06452418201138249,20.48710522862924,0.3845643023549649,4583.0,0.6280757784843445,0.0,0.0,inf,0.9858470662972423,7634.0,0.0
socofing:000308:left_ring,peripheral_only,0.699999988079071,2866.0,0.07045150922275738,0.01267174289277313,0.06864393645118722,18.971636474167234,0.46315309802691557,4915.0,0.635551780462265,0.0,0.0,inf,0.9900403460779035,11469.0,0.0,0.017086894926942372,0.09249321986135767,17.673368511830233,0.24471889557978327,3318.0,0.635551780462265,0.0,0.0,inf,0.9826694951143353,6483.0,0.0
socofing:000308:left_little,peripheral_only,0.800000011920929,839.0,0.4623130357053407,0.0141882669157051,0.06054728413395741,18.480706499909406,0.7068617582712359,3277.0,0.6230970323085785,0.0,0.0,inf,0.9961561153181052,13107.0,0.0,0.03518894854995649,0.148837239174378,14.53593709742644,0.27922156624888117,1313.0,0.6230970323085785,0.0,0.0,inf,0.9933024595294564,7464.0,0.0
socofing:000308:right_thumb,central_only,0.10000000149011612,9106.0,0.24249673074153996,0.062486447755456205,0.13190457890294863,12.042141635075536,0.4014154468868505,14746.0,0.9996517896652222,0.0,0.0,inf,0.9758371801697777,1638.0,0.0,0.0707069494136035,0.15397993442256683,11.505378995883985,0.2634102809901617,10901.0,0.9996517896652222,0.0,0.0,inf,0.9758371801697777,1638.0,0.0
socofing:000308:right_index,central_only,0.20000000298023224,6580.0,0.4372870189645515,0.05176436228898788,0.1178001862841562,12.859691319103337,0.44574127103469163,13107.0,0.9623018708080053,0.0,0.0,inf,0.9724135352312594,3277.0,0.0,0.07529634063335086,0.17079124060144465,11.232261297934638,0.17227476226514393,7421.0,0.9623018708080053,0.0,0.0,inf,0.9724135352312594,3277.0,0.0
socofing:000308:right_middle,central_only,0.30000001192092896,5971.0,0.31076473105142494,0.024809372537886145,0.09550146769729963,16.053842194754576,0.4921013149110809,11469.0,0.6943779289722443,0.0,0.0,inf,0.9837500589246021,4915.0,0.0,0.034742217565420175,0.1370915910078712,14.59142464366513,0.2570185762063095,6503.0,0.6927913129329681,0.0,0.0,inf,0.9837500589246021,4915.0,0.0
socofing:000308:right_ring,central_only,0.4000000059604645,4472.0,0.20754303901315924,0.02122369652919439,0.09033132698974314,16.73178972818346,0.5252880988916646,9830.0,0.654213547706604,0.0,0.0,inf,0.9888557843180593,6554.0,0.0,0.029644542522924467,0.13112650877264564,15.280552473363059,0.30347046521308707,5032.0,0.654213547706604,0.0,0.0,inf,0.9888557843180593,6554.0,0.0
socofing:000308:right_little,central_only,0.5,1986.0,0.21595543171801657,0.009474175934504624,0.04624589910599752,20.23458554727854,0.7642955512873205,8192.0,0.580405980348587,0.0,0.0,inf,0.9953957660445758,8192.0,0.0,0.02701903608976814,0.12929476643991547,15.68330148591629,0.3422930076897347,2474.0,0.580405980348587,0.0,0.0,inf,0.9947668548218056,7206.0,0.0
socofing:000309:left_thumb,central_only,0.6000000238418579,2088.0,0.13095088840788352,0.03179496701028376,0.09197253669061614,14.976416212939597,0.7049951439129969,6554.0,0.8864954635500908,0.0,0.0,inf,0.9964556518685339,9830.0,0.0,0.06323539264400789,0.1925871692596185,11.990397804567285,0.436745626167523,2216.0,0.821853406727314,0.0,0.0,inf,0.9962350461698988,9251.0,0.0
socofing:000309:left_index,central_only,0.699999988079071,774.0,0.22089611515059498,0.01716522533789036,0.044965170944319885,17.653504909647097,0.8136673528199346,4915.0,0.9444836936891079,0.0,0.0,inf,0.9977861347286912,11469.0,0.0,0.05301942874368537,0.1526661821681676,12.755649558711585,0.44476961723066527,779.0,0.8370467945933342,0.0,0.0,inf,0.9979435168130985,10474.0,0.0
socofing:000309:left_middle,central_only,0.800000011920929,481.0,0.1585405978325573,0.022176618709053044,0.04890457698481364,16.541046704476464,0.8433266746452344,3277.0,0.9460073108784854,0.0,0.0,inf,0.9991469673062346,13107.0,0.0,0.08293090754740848,0.18956276462348048,10.812835819265548,0.5354817031820535,499.0,0.9126371731981635,0.0,0.0,inf,0.9991547914899752,10961.0,0.0
socofing:000309:left_ring,disconnected_fragments,0.10000000149011612,6436.0,0.28264970173081544,0.0518088836678044,0.1414156486713208,12.85595765407063,0.4562275154960471,14746.0,0.9945054650306702,0.0,0.0,inf,0.9718445201705185,1638.0,0.0,0.09550325579109467,0.24598455533396751,10.199818226779858,0.13693891239927186,7305.0,0.9945054650306702,0.0,0.0,inf,0.9649074113365353,1306.0,0.0
socofing:000309:left_little,disconnected_fragments,0.20000000298023224,6025.0,0.2673468630430232,0.042129500506842325,0.1141997350147225,13.754136898977922,0.579175235770353,13107.0,0.8795643076300621,0.0,0.0,inf,0.9928767829628845,3277.0,0.0,0.08277577703327352,0.21938510604814515,10.820967337449785,0.22111834749579615,6438.0,0.8795643076300621,0.0,0.0,inf,0.9848027380420417,1483.0,0.0
socofing:000309:right_thumb,disconnected_fragments,0.30000001192092896,7348.0,0.14428506631417218,0.0507897672249551,0.15469408922442449,12.942237775858379,0.48086202066699607,11469.0,0.9019940122961998,0.0,0.0,inf,0.9905265496909046,4915.0,0.0,0.06787116481470923,0.20592841832555517,11.68314697320104,0.3133809559039127,7599.0,0.9019940122961998,0.0,0.0,inf,0.9905265496909046,4915.0,0.0
socofing:000309:right_index,disconnected_fragments,0.4000000059604645,4764.0,0.09665345966142462,0.03404462494364336,0.09536588849444871,14.679514459122295,0.6089512948409348,9830.0,0.9647439699620008,0.0,0.0,inf,0.9930716499927249,6554.0,0.0,0.06710386503437961,0.1846264623121567,11.732524647078822,0.25043149152980754,4935.0,0.9647439699620008,0.0,0.0,inf,0.9915837719503915,5345.0,0.0
socofing:000309:right_middle,disconnected_fragments,0.5,3382.0,0.2529625640561005,0.025644197144629503,0.07883204657434817,15.910108930542696,0.5982209314893235,8192.0,0.8793688379228115,0.0,0.0,inf,0.9873399092647066,8192.0,0.0,0.0506697803489191,0.15101826975293847,12.952509783511118,0.28093074227134285,4056.0,0.8793688379228115,0.0,0.0,inf,0.9859227876393066,7165.0,0.0
socofing:000309:right_ring,disconnected_fragments,0.6000000238418579,868.0,0.08906831913601339,0.005835663045410991,0.021157723803756384,22.339097924714206,0.9095801339030646,6554.0,0.8850643001496792,0.0,0.0,inf,0.9968540572052913,9830.0,0.0,0.036752776134549435,0.12495453752696031,14.347098507463247,0.5224454425323924,957.0,0.8850643001496792,0.0,0.0,inf,0.996423822311704,8206.0,0.0
socofing:000309:right_little,disconnected_fragments,0.699999988079071,303.0,0.021193997900447608,0.0011059316093463042,0.004803343633964795,29.562717289100448,0.9802950549448087,4915.0,0.6219116747379303,0.0,0.0,inf,0.9991394829582206,11469.0,0.0,0.017722337492518534,0.06521236394584277,17.514789972823802,0.7877361475532314,303.0,0.6219116747379303,0.0,0.0,inf,0.9994580719725349,7939.0,0.0
socofing:000317:left_thumb,disconnected_fragments,0.800000011920929,1661.0,0.10111841203176276,0.04812368906449519,0.129421406296509,13.17641087921061,0.5658142670675013,3277.0,0.8834760747849941,0.0,0.0,inf,0.998842886326884,13107.0,0.0,0.07343695901053311,0.20659058320612012,11.340853153619486,0.35170993062236133,1711.0,0.8834760747849941,0.0,0.0,inf,0.9986039124927164,10767.0,0.0
socofing:000317:left_index,stripes,0.10000000149011612,10062.0,0.23916288433757182,0.05092961015861239,0.14922978756153205,12.93029648124066,0.36862601090474684,14746.0,0.8775576874613762,0.0,0.0,inf,0.9926252183013767,1638.0,0.0,0.07059952167677104,0.20551059525531734,11.511982413538991,0.1260348958276398,10322.0,0.8775576874613762,0.0,0.0,inf,0.9879484999662657,753.0,0.0
socofing:000317:left_middle,stripes,0.20000000298023224,8803.0,0.2042323717170538,0.07358541665462164,0.18776261505245295,11.332082467219484,0.29886611389949275,13107.0,0.9849199643358588,0.0,0.0,inf,0.9955899173344823,3277.0,0.0,0.08672154151973177,0.2325425398343647,10.618730109306524,0.13170964083034362,9382.0,0.9497256269678473,0.0,0.0,inf,0.994758131401509,2641.0,0.0
socofing:000317:left_ring,stripes,0.30000001192092896,8703.0,0.12550959576498275,0.05226334004814888,0.15346696730556136,12.818028388083107,0.33978572528559065,11469.0,0.8854302167892456,0.0,0.0,inf,0.9944184765119376,4915.0,0.0,0.06545550489245995,0.19028879305058619,11.840538228506789,0.17512664097109693,8966.0,0.8854302167892456,0.0,0.0,inf,0.9907529608051748,2703.0,0.0
socofing:000317:left_little,stripes,0.4000000059604645,5812.0,0.12971378366568287,0.0430667783722266,0.1325514361982841,13.658576145966956,0.5013501156841161,9830.0,0.8523875996470451,0.0,0.0,inf,0.9942079398888188,6554.0,0.0,0.06911522452438615,0.21075355516381214,11.604262768132418,0.22442418276522627,5979.0,0.8523875996470451,0.0,0.0,inf,0.9888642805238124,2875.0,0.0
socofing:000317:right_thumb,stripes,0.5,6400.0,0.15443509707584374,0.053636032416281204,0.16670738737042257,12.705433554185905,0.2608283039535789,8192.0,0.9182329755276442,0.0,0.0,inf,0.991972066417605,8192.0,0.0,0.06275371318577247,0.19430481667003632,12.023605715460405,0.13828749829342732,6782.0,0.9182329755276442,0.0,0.0,inf,0.989562739650187,5368.0,0.0
socofing:000317:right_index,stripes,0.6000000238418579,5450.0,0.13929337793057384,0.06869196446955225,0.19378809972898112,11.630940633864594,0.31603277385563816,6554.0,0.8753936877474189,0.0,0.0,inf,0.9968654798602522,9830.0,0.0,0.0773954304489887,0.2178719547656425,11.112846800066782,0.24473416986667937,5631.0,0.8753936877474189,0.0,0.0,inf,0.9955973186209013,6658.0,0.0
socofing:000317:right_middle,stripes,0.699999988079071,4011.0,0.07603216492346003,0.04500060574277952,0.15228460807976665,13.467816402474114,0.4806518196205328,4915.0,0.7173503339290619,0.0,0.0,inf,0.9974109601488667,11469.0,0.0,0.054062100093384635,0.18219936108871823,12.671070877299071,0.3822851322307674,4037.0,0.7173503339290619,0.0,0.0,inf,0.9967494621419088,8773.0,0.0
socofing:000317:right_ring,stripes,0.800000011920929,2549.0,0.051477672326718835,0.04261625873478425,0.14989301153431087,13.70424679496458,0.42186845100809345,3277.0,0.8495586216449738,0.0,0.0,inf,0.9982369488691045,13107.0,0.0,0.047814740694418364,0.1685421129539428,13.204381951170529,0.3412105013490254,2678.0,0.8495586216449738,0.0,0.0,inf,0.9978153818828733,9388.0,0.0
socofing:000317:right_little,severe_partial,0.10000000149011612,8064.0,0.21738969780798678,0.04090716398289722,0.12864441114040004,13.882006282814332,0.47545656654125545,14746.0,0.956477640196681,0.0,0.0,inf,0.9805028823481309,1638.0,0.0,0.06847781524696658,0.20973743231962771,11.644501040745146,0.1766142410116429,8192.0,0.956477640196681,0.0,0.0,inf,0.9736328974590861,1159.0,0.0
socofing:000318:left_thumb,severe_partial,0.20000000298023224,7961.0,0.17204287848646285,0.06412381386411099,0.17039709160356073,11.929806552062201,0.3024227793621956,13107.0,0.9957648515701294,0.0,0.0,inf,0.9761600564542404,3277.0,0.0,0.08310395529487505,0.21962600588133857,10.803783056760597,0.10905581926411505,9430.0,0.9957648515701294,0.0,0.0,inf,0.9755656483786734,3123.0,0.0
socofing:000318:left_index,severe_partial,0.30000001192092896,7431.0,0.18342312880378955,0.06214899941240109,0.16573830025306474,12.065658590283048,0.3527663649073523,11469.0,0.958014128729701,0.0,0.0,inf,0.9935388232808595,4915.0,0.0,0.08417979477684417,0.22361875504509238,10.747921373595904,0.1615337888479851,7907.0,0.958014128729701,0.0,0.0,inf,0.9877126250918331,2559.0,0.0
socofing:000318:left_middle,random_rectangles,0.10000000149011612,10069.0,0.5199599621240014,0.09036359809653895,0.21222696268113644,10.440064846755197,0.21309842143469726,14746.0,0.9944334025494754,0.0,0.0,inf,0.963930175799151,1638.0,0.0,0.11152996156310456,0.2623277920468272,9.526084474717027,0.04087219029672817,11505.0,0.9944334025494754,0.0,0.0,inf,0.7101606251897198,113.0,0.0
socofing:000318:left_ring,random_rectangles,0.20000000298023224,7464.0,0.6426242450309415,0.0443598672264601,0.14053895686421053,13.530097624079545,0.31159651811531053,13107.0,0.8791599832475185,0.0,0.0,inf,0.9801845625419222,3277.0,0.0,0.06365144977334179,0.1946919615631956,11.961917000795818,0.09060176447487331,8747.0,0.8791599832475185,0.0,0.0,inf,0.8766875065430967,273.0,0.0
socofing:000318:left_little,random_rectangles,0.30000001192092896,6648.0,0.5483452695035617,0.05784165570073476,0.1705399867971341,12.377592839811394,0.27998069540772824,11469.0,0.8751040659844875,0.0,0.0,inf,0.9823128479884279,4915.0,0.0,0.0731870477010051,0.21354558222079165,11.355657715332065,0.13618621940927553,8963.0,0.8751040659844875,0.0,0.0,inf,0.9235643525513018,475.0,0.0
socofing:000318:right_thumb,random_rectangles,0.4000000059604645,8823.0,0.046905118832285986,0.06889232434479785,0.20668106959987761,11.618291624231937,0.2576492113415296,9830.0,0.9238084545359015,0.0,0.0,inf,0.9803464675854704,6554.0,0.0,0.0718657264241244,0.21455564676663633,11.43478180182962,0.22370299374688118,9302.0,0.9238084545359015,0.0,0.0,inf,0.9785122242220752,3152.0,0.0
socofing:000318:right_index,random_rectangles,0.5,7639.0,0.21207259853962307,0.05880737591691696,0.19149195804538977,12.305681991089063,0.23617605285929277,8192.0,0.8724884381517768,0.0,0.0,inf,0.9911745913404977,8192.0,0.0,0.060640555020335635,0.19727534583068315,12.172368324227374,0.21310305521347228,7940.0,0.8724884381517768,0.0,0.0,inf,0.9840406661314136,4119.0,0.0
socofing:000318:right_middle,random_rectangles,0.6000000238418579,5281.0,0.17241879582130762,0.06510134400430277,0.18044350744179044,11.864100454160296,0.3226509501254469,6554.0,0.9801231026649475,0.0,0.0,inf,0.9906925052540346,9830.0,0.0,0.07309819418787489,0.2026019382682409,11.360933516868494,0.23986352784084047,5837.0,0.9801231026649475,0.0,0.0,inf,0.9748689895983808,3509.0,0.0
socofing:000318:right_ring,random_rectangles,0.699999988079071,4590.0,0.09442910297835246,0.05958077934953286,0.1936361574133932,12.248938202718998,0.25492772072070946,4915.0,0.8863995634019375,0.0,0.0,inf,0.9955412240983028,11469.0,0.0,0.06025151658230438,0.19560306668298888,12.200320170512388,0.24624056313547954,4836.0,0.8863995634019375,0.0,0.0,inf,0.98969217873982,4613.0,0.0
socofing:000318:right_little,random_rectangles,0.800000011920929,2927.0,0.15259250055547713,0.060589778852617106,0.19083619827696208,12.176006326373761,0.3421973046412483,3277.0,0.8214674219489098,0.0,0.0,inf,0.9961165292854797,13107.0,0.0,0.06198960504797809,0.19524425560945213,12.076811306435895,0.32702906947594124,3203.0,0.8214674219489098,0.0,0.0,inf,0.9935779737692292,7914.0,0.0
socofing:000319:left_thumb,irregular,0.10000000149011612,8655.0,0.13124992457537824,0.04479552528607181,0.1316425325614551,13.487653663729745,0.4125618718779371,14746.0,0.9347633700817823,0.0,0.0,inf,0.9315464119207575,1638.0,0.0,0.06452213401672567,0.187018085822858,11.90291277111321,0.1864245143116568,9781.0,0.9347633700817823,0.0,0.0,inf,0.8934156318634922,978.0,0.0
socofing:000319:left_index,irregular,0.20000000298023224,5886.0,0.11921121692256285,0.038496219056335476,0.10754253054774535,14.145819230526598,0.6154262338468284,13107.0,0.9232824435457587,0.0,0.0,inf,0.9728442657746592,3277.0,0.0,0.07823839670235463,0.21573504868688995,11.065800578939553,0.2387907758337096,6353.0,0.9232824435457587,0.0,0.0,inf,0.9394077792689943,1163.0,0.0
socofing:000319:left_middle,irregular,0.30000001192092896,6466.0,0.20940897644726364,0.03970097279123544,0.12591728973595026,14.011988516074245,0.4318510350479089,11469.0,0.8872542306780815,0.0,0.0,inf,0.9527074364160111,4915.0,0.0,0.053861554155555845,0.16932618778483188,12.687211193343868,0.24789095253905905,8303.0,0.8872542306780815,0.0,0.0,inf,0.9342886195279017,3226.0,0.0
socofing:000319:left_ring,irregular,0.4000000059604645,5375.0,0.07738716252147095,0.02544039349948522,0.09755166064225902,15.944761755183801,0.5014611336030521,9830.0,0.8475520005449653,0.0,0.0,inf,0.9738000191692738,6554.0,0.0,0.03673341745921465,0.1399579118448808,14.349386655932555,0.2944124395204335,6540.0,0.8475520005449653,0.0,0.0,inf,0.9622388635922526,3792.0,0.0
socofing:000319:left_little,irregular,0.5,5488.0,0.03263768570412406,0.0425605606952109,0.13211884446116073,13.709926592554865,0.5732083745396094,8192.0,0.8808169886469841,0.0,0.0,inf,0.9862505584871356,8192.0,0.0,0.06191323245159303,0.1901876976915774,12.082165211487403,0.3862118858735414,5563.0,0.8808169886469841,0.0,0.0,inf,0.9664558064923132,3129.0,0.0
socofing:000319:right_thumb,irregular,0.6000000238418579,5058.0,0.07202280086356187,0.05512706899100094,0.16003470622252605,12.586350975782963,0.5177183140860901,6554.0,0.9479526057839394,0.0,0.0,inf,0.9820072454171926,9830.0,0.0,0.06650832189489472,0.19157296209935706,11.7712400993132,0.4335513281688551,5279.0,0.9479526057839394,0.0,0.0,inf,0.9674934771513226,4646.0,0.0
socofing:000319:right_index,irregular,0.699999988079071,2782.0,0.1353599505675105,0.03254807256116301,0.11452567417038148,14.874747244793745,0.6055759788664664,4915.0,0.7375474497675896,0.0,0.0,inf,0.988793383235045,11469.0,0.0,0.049857182190744566,0.1731050161312625,13.022722704289563,0.4035289106722527,3140.0,0.7375474497675896,0.0,0.0,inf,0.9854318728089337,8188.0,0.0
socofing:000319:right_middle,irregular,0.800000011920929,2232.0,0.019495398265387216,0.03049501088794919,0.10721450160775614,15.157712072456011,0.6847541604114392,3277.0,0.8328784853219986,0.0,0.0,inf,0.9957595230285212,13107.0,0.0,0.04230759377622514,0.14789362644255827,13.735816742533022,0.5693532696476525,2353.0,0.8328784853219986,0.0,0.0,inf,0.9936298018915016,8156.0,0.0
socofing:000319:right_ring,central_missing,0.10000000149011612,9214.0,0.18177848775711522,0.05348763052145229,0.15981979638088425,12.717466407337207,0.307690882199333,14746.0,0.8582967966794968,0.0,0.0,inf,0.989119954836781,1638.0,0.0,0.07459378816141088,0.2145863404532235,11.272973371325275,0.10068083427433704,9667.0,0.8582967966794968,0.0,0.0,inf,0.9804177692685246,244.0,0.0
socofing:000319:right_little,central_missing,0.20000000298023224,9455.0,0.2502907563465912,0.09969509655954298,0.2248378739586185,10.013262016632885,0.23514290587825257,13107.0,0.9949313993565738,0.0,0.0,inf,0.9756258148917673,3277.0,0.0,0.12618078111078196,0.28301681036627097,8.990067884607663,0.04969355144995301,10281.0,0.9949313993565738,0.0,0.0,inf,0.8749044734463514,528.0,0.0
socofing:000321:left_thumb,central_missing,0.30000001192092896,10373.0,0.12306108300738995,0.06729177871010911,0.1918724365198246,11.720379919265904,0.1483532811750593,11469.0,0.8937789127230644,0.0,0.0,inf,0.9886298981982102,4915.0,0.0,0.0715705430673772,0.20422343943285046,11.452656874071224,0.09735642641489284,10528.0,0.8937789127230644,0.0,0.0,inf,0.9703110010734197,1573.0,0.0
socofing:000321:left_index,central_missing,0.4000000059604645,8387.0,0.39609041379501375,0.07316611576182716,0.20551479456848312,11.356900001529016,0.10079586091639729,9830.0,0.8892181739211082,0.0,0.0,inf,0.9791386499825179,6554.0,0.0,0.07336353974552093,0.20582163089952363,11.34519722391746,0.09658140331658595,9732.0,0.8892181739211082,0.0,0.0,inf,0.9651436088932936,2713.0,0.0
socofing:000321:left_middle,central_missing,0.5,7403.0,0.142937593958287,0.08764242908277764,0.239710482365183,10.572855941119366,0.10958733876869814,8192.0,0.8695801943540573,0.0,0.0,inf,0.9919108580377025,8192.0,0.0,0.08764242908277764,0.239710482365183,10.572855941119366,0.10958733876869814,8192.0,0.8695801943540573,0.0,0.0,inf,0.9830635012411753,3912.0,0.0
socofing:000321:left_ring,central_missing,0.6000000238418579,4956.0,0.11139110836262904,0.07329068917398408,0.20801740187255233,11.349511944884927,0.18430105843949943,6554.0,0.8836836777627468,0.0,0.0,inf,0.9929639758958753,9830.0,0.0,0.07900419056967459,0.2241955971935041,11.023498720890794,0.12439941978852244,6080.0,0.8836836777627468,0.0,0.0,inf,0.9823430616455898,3659.0,0.0
socofing:000321:left_little,central_missing,0.699999988079071,4744.0,0.14772628677427288,0.06634503986307672,0.20360200310965368,11.78191540631026,0.17419730003017897,4915.0,0.9153233543038368,0.0,0.0,inf,0.9952690952780043,11469.0,0.0,0.06634503986307672,0.20360200310965368,11.78191540631026,0.17419730003017897,4915.0,0.9153233543038368,0.0,0.0,inf,0.9900431385186705,5448.0,0.0
socofing:000321:right_thumb,central_missing,0.800000011920929,2733.0,0.16214398310931463,0.0782386702950729,0.2234474645579688,11.06578539207414,0.1598713797198692,3277.0,0.8876143395900726,0.0,0.0,inf,0.9970253379050785,13107.0,0.0,0.0782386702950729,0.2234474645579688,11.06578539207414,0.1598713797198692,3277.0,0.8876143395900726,0.0,0.0,inf,0.9958022291044213,9288.0,0.0
socofing:000321:right_index,peripheral_only,0.10000000149011612,10107.0,0.16207556775099047,0.053437987510315255,0.16404428478593994,12.721499058772443,0.35950186336899687,14746.0,0.9785020942799747,0.0,0.0,inf,0.9586241379261403,1638.0,0.0,0.06729645594028988,0.20810115053106992,11.720078065948014,0.1846163127919997,10857.0,0.9080047598108649,0.0,0.0,inf,0.9582502325140845,1614.0,0.0
socofing:000321:right_middle,peripheral_only,0.20000000298023224,8911.0,0.07593047236367882,0.036241891633496774,0.121587781478172,14.40789142547393,0.4339327730034432,13107.0,0.9335010033100843,0.0,0.0,inf,0.9733154363139445,3277.0,0.0,0.04670501739069232,0.15699871684277916,13.306364618740652,0.2551306544025094,9349.0,0.9335010033100843,0.0,0.0,inf,0.9706062242747415,2909.0,0.0
socofing:000321:right_ring,peripheral_only,0.30000001192092896,6918.0,0.08573525421933319,0.04147744173481779,0.12772405566363437,13.82188038076507,0.4829322100895053,11469.0,0.9174082800745964,0.0,0.0,inf,0.9804409292823155,4915.0,0.0,0.06101994261612179,0.1850852486772539,12.145282051091046,0.23811049156980424,7445.0,0.9174082800745964,0.0,0.0,inf,0.9744842243259969,3627.0,0.0
socofing:000321:right_little,peripheral_only,0.4000000059604645,5342.0,0.1833325074078778,0.04218206722015833,0.12509348619220512,13.74872140568357,0.5474520972506177,9830.0,0.9028475135564804,0.0,0.0,inf,0.9869354272907516,6554.0,0.0,0.06733826207551002,0.19714584680384695,11.71738096453362,0.27748414238470687,6031.0,0.9028475135564804,0.0,0.0,inf,0.9783572764439024,3895.0,0.0
socofing:000339:left_thumb,peripheral_only,0.5,5267.0,0.07350929396957277,0.042988740379773946,0.1334559669174098,13.666452800313518,0.47136221301359427,8192.0,0.926649808883667,0.0,0.0,inf,0.9850469099847259,8192.0,0.0,0.06036481542557286,0.1837756392505792,12.19216122949829,0.2649836973142923,5594.0,0.926649808883667,0.0,0.0,inf,0.9821419516355463,6739.0,0.0
socofing:000339:left_index,peripheral_only,0.6000000238418579,3861.0,0.08422265591953622,0.03110666154299861,0.11604815080236425,15.071465961318397,0.5339138465251231,6554.0,0.9495524801313877,0.0,0.0,inf,0.9936269845724084,9830.0,0.0,0.04390791930825352,0.16499809480535035,13.574571425893998,0.33594582345183227,4327.0,0.9495524801313877,0.0,0.0,inf,0.9928330596911155,8162.0,0.0
socofing:000339:left_middle,peripheral_only,0.699999988079071,2624.0,0.06911369381864502,0.03594651138895682,0.11853498424121983,14.443432515409791,0.5344099589649349,4915.0,0.8233008086681366,0.0,0.0,inf,0.9931378128081553,11469.0,0.0,0.05322965070779237,0.17455777682231965,12.738463836520816,0.3202478407672927,3245.0,0.8233008086681366,0.0,0.0,inf,0.9917974056119687,9430.0,0.0
socofing:000339:left_ring,peripheral_only,0.800000011920929,1472.0,0.17190603920563613,0.030978715590454217,0.10392683119162677,15.089365925013386,0.5853763101564506,3277.0,0.7492212355136871,0.0,0.0,inf,0.9945174833232812,13107.0,0.0,0.05470637361433412,0.18137816471588744,12.619620728570045,0.29078234966846805,1847.0,0.7492212355136871,0.0,0.0,inf,0.9923325256897502,9181.0,0.0
socofing:000339:left_little,central_only,0.10000000149011612,7521.0,0.40398706056039085,0.053331279617321085,0.14799932878707364,12.730179958394483,0.36737960438167244,14746.0,0.9922455544583499,0.0,0.0,inf,0.9832640901933453,1638.0,0.0,0.07812370806185583,0.2149068008869482,11.072171515518207,0.10059724961924169,8548.0,0.9768623113632202,0.0,0.0,inf,0.9832640901933453,1638.0,0.0
socofing:000339:right_thumb,central_only,0.20000000298023224,8517.0,0.12727736459423697,0.04661155746914595,0.13856498823384142,13.315063853970617,0.3485872637339442,13107.0,0.9916208977811038,0.0,0.0,inf,0.991987668424458,3277.0,0.0,0.06106610867615362,0.18148171081728612,12.141997537280261,0.14537572157543377,9236.0,0.9899419546127319,0.0,0.0,inf,0.991987668424458,3277.0,0.0
socofing:000339:right_index,central_only,0.30000001192092896,6480.0,0.16403068785194475,0.040674731733081164,0.11983537516208398,13.906753027359526,0.41478336079971856,11469.0,0.9685651026666164,0.0,0.0,inf,0.9881730523123468,4915.0,0.0,0.057596213007172097,0.17054297706798624,12.396060708156094,0.18945353415978938,7254.0,0.9685651026666164,0.0,0.0,inf,0.9881730523123468,4915.0,0.0
socofing:000339:right_middle,central_only,0.4000000059604645,5652.0,0.1806017782534735,0.05328002709260644,0.14331120860635937,12.734355630012972,0.4286436077917261,9830.0,0.9960059518925846,0.0,0.0,inf,0.992037882767168,6554.0,0.0,0.07439084505267812,0.20101051898781022,11.284805078377866,0.22467409220403312,6045.0,0.9960059518925846,0.0,0.0,inf,0.992037882767168,6554.0,0.0
socofing:000339:right_ring,central_only,0.5,3696.0,0.09868201475330055,0.03328425539453078,0.10324718108165598,14.77761154249748,0.5697975930770538,8192.0,0.9447048269212246,0.0,0.0,inf,0.9917564761132255,8192.0,0.0,0.050479516386502596,0.16182002125551873,12.968848144548765,0.33073000890666737,4039.0,0.9442718587815762,0.0,0.0,inf,0.9917564761132255,8192.0,0.0
socofing:000339:right_little,central_only,0.6000000238418579,1736.0,0.4241489327635912,0.011118023137317499,0.04701789412106085,19.539724265019146,0.6908776453369398,6554.0,0.940850492566824,0.0,0.0,inf,0.9940914924202563,9830.0,0.0,0.021374805668525104,0.0951898510569513,16.70097825019479,0.3647503791519207,2232.0,0.940850492566824,0.0,0.0,inf,0.9939217426196246,9107.0,0.0
socofing:000345:left_thumb,central_only,0.699999988079071,1319.0,0.15640637303211427,0.018741701231803992,0.07103322492353428,17.271909896461644,0.7165967849074387,4915.0,0.6068795025348663,0.0,0.0,inf,0.9963957908058247,11469.0,0.0,0.04537339396101158,0.16744636752953132,13.431987339936164,0.3128112958597593,1500.0,0.6068795025348663,0.0,0.0,inf,0.9960042417366487,9895.0,0.0
socofing:000345:left_index,central_only,0.800000011920929,97.0,0.24990261518381046,0.0029683460014373947,0.010443424533735443,25.27485477464156,0.9726774793587584,3277.0,0.612670511007309,0.0,0.0,inf,0.999477256384001,13107.0,0.0,0.058500806786309534,0.18348490833663023,12.328381445088244,0.5343275207564986,104.0,0.612670511007309,0.0,0.0,inf,0.9992837776179182,9038.0,0.0
socofing:000345:left_middle,disconnected_fragments,0.10000000149011612,9144.0,0.3537190255413349,0.047692935078555924,0.1399772423819727,13.21545949757429,0.38875348955945616,14746.0,0.8772521317005157,0.0,0.0,inf,0.981275899110348,1638.0,0.0,0.06665740328698687,0.1974862699176859,11.761516087687763,0.14051721848287835,9582.0,0.8772521317005157,0.0,0.0,inf,0.974588707977522,1118.0,0.0
socofing:000345:left_ring,disconnected_fragments,0.20000000298023224,6673.0,0.28858661365782223,0.01684160122949288,0.06818860415956189,17.736166199578744,0.5814979054868915,13107.0,0.7403801530599594,0.0,0.0,inf,0.9780847346281181,3277.0,0.0,0.03116189578415585,0.12486838071767212,15.063761291909687,0.22233299122414144,6821.0,0.7403801530599594,0.0,0.0,inf,0.9711569368571735,2415.0,0.0
socofing:000345:left_little,disconnected_fragments,0.30000001192092896,4976.0,0.09790380460770669,0.015987378363691806,0.06775433451459571,17.9622274673086,0.6533589453095696,11469.0,0.7396478056907654,0.0,0.0,inf,0.9899840938796152,4915.0,0.0,0.03133614254467018,0.1349264106776175,15.03954465897806,0.32037228270373674,5105.0,0.7396478056907654,0.0,0.0,inf,0.9872627093743409,3845.0,0.0
socofing:000345:right_thumb,disconnected_fragments,0.4000000059604645,6591.0,0.17923332728609562,0.07649798709335409,0.18809063639093876,11.16349992372529,0.3265402020015509,9830.0,0.9959701299667358,0.0,0.0,inf,0.9939287553808034,6554.0,0.0,0.08921195455741264,0.22702775669348416,10.49576945506754,0.17852980052100692,7349.0,0.9954551453702152,0.0,0.0,inf,0.9920708478685248,4966.0,0.0
socofing:000345:right_index,disconnected_fragments,0.5,3088.0,0.10027767793238627,0.014602238971721516,0.04862832619019031,18.355805484270252,0.7569268840306566,8192.0,0.9017686247825623,0.0,0.0,inf,0.9909691950030572,8192.0,0.0,0.03692643893666511,0.11918696504000553,14.326625722495285,0.39548778939985346,3165.0,0.9017686247825623,0.0,0.0,inf,0.9895121464542521,6987.0,0.0
socofing:000345:right_middle,disconnected_fragments,0.6000000238418579,2923.0,0.06967161356259013,0.026001747886733383,0.084638620686621,15.849974569503845,0.6610682797536744,6554.0,0.7796250563114882,0.0,0.0,inf,0.9964893152441923,9830.0,0.0,0.05161290354584647,0.16829097786951344,12.872417084853854,0.32360737222313,2986.0,0.7796250563114882,0.0,0.0,inf,0.9960253402183695,8587.0,0.0
socofing:000345:right_ring,disconnected_fragments,0.699999988079071,2223.0,0.19523056679677775,0.03879447299708903,0.10273625015632637,14.112301434224133,0.610276884038171,4915.0,0.9955981373786926,0.0,0.0,inf,0.9931858035074894,11469.0,0.0,0.07383884612819176,0.18833695594135985,11.31715098602873,0.25141704802198195,2291.0,0.9955981373786926,0.0,0.0,inf,0.9895976226027251,7436.0,0.0
socofing:000345:right_little,disconnected_fragments,0.800000011920929,1144.0,0.016144979144428303,0.012712204127749887,0.049055365992776497,18.957791420087,0.7919005442511655,3277.0,0.5691204965114594,0.0,0.0,inf,0.9991190550725922,13107.0,0.0,0.0359989308615963,0.13739175636360382,14.43710397227269,0.4242324835577653,1144.0,0.5691204965114594,0.0,0.0,inf,0.9987479431095291,8941.0,0.0
socofing:000356:left_thumb,stripes,0.10000000149011612,11209.0,0.22038796403210686,0.06307273492279679,0.18465774466544335,12.00158336976758,0.2759975591499778,14746.0,0.9165420513600111,0.0,0.0,inf,0.975713838982427,1638.0,0.0,0.07719255199694558,0.22493497714664062,11.124246009941972,0.11103545083713069,11461.0,0.9165420513600111,0.0,0.0,inf,0.9799888669840449,1089.0,0.0
socofing:000356:left_index,stripes,0.20000000298023224,10127.0,0.353521875576021,0.07467966828538548,0.19316606464483976,11.267976197822335,0.25575115362204104,13107.0,0.9847206464037299,0.0,0.0,inf,0.9710414202650715,3277.0,0.0,0.08837667303756075,0.22914806071681112,10.536623515927454,0.12842607517488067,10416.0,0.9847206464037299,0.0,0.0,inf,0.9446012000195269,1655.0,0.0
socofing:000356:left_middle,stripes,0.30000001192092896,8946.0,0.24995934774760525,0.0463888880859655,0.15481434560374624,13.335860371367023,0.3391304614092645,11469.0,0.8530005179345608,0.0,0.0,inf,0.9932464071470268,4915.0,0.0,0.05672492362379832,0.18891090033171193,12.462260801902325,0.19784600447391248,9067.0,0.8530005179345608,0.0,0.0,inf,0.9919974090324281,3601.0,0.0
socofing:000356:left_ring,stripes,0.4000000059604645,7607.0,0.45959031728009303,0.05091947093128392,0.15469158628471347,12.931161174460655,0.3408753881103284,9830.0,0.9412717814557254,0.0,0.0,inf,0.9926732089693986,6554.0,0.0,0.06222779054353095,0.1881672025917836,12.060156187774973,0.2069927818386985,7884.0,0.9412717814557254,0.0,0.0,inf,0.9884311521812866,3672.0,0.0
socofing:000356:left_little,stripes,0.5,5756.0,0.11253849471024195,0.04189970237187182,0.13314973962152976,13.777890619671847,0.4725625004621346,8192.0,0.9087831322103739,0.0,0.0,inf,0.9960781431159259,8192.0,0.0,0.0581765565101326,0.18399690748885653,12.352519883640758,0.27394936535475145,5810.0,0.9087831322103739,0.0,0.0,inf,0.9945753962419713,5020.0,0.0
socofing:000356:right_thumb,stripes,0.6000000238418579,4920.0,0.06314060450795904,0.0628418227276012,0.185237282189675,12.017512267342457,0.36769926775427164,6554.0,0.8404135699383914,0.0,0.0,inf,0.996218667449817,9830.0,0.0,0.0742066279531037,0.21782159719755428,11.295573028758799,0.25784532787029457,5123.0,0.8404135699383914,0.0,0.0,inf,0.9952561258905515,7642.0,0.0
socofing:000356:right_index,stripes,0.699999988079071,3137.0,0.10861998026516428,0.03233931253861286,0.11373074503316111,14.902692164599301,0.5190146183139027,4915.0,0.7965097576379776,0.0,0.0,inf,0.996034753975255,11469.0,0.0,0.044161097166662965,0.15252053358616044,13.549601452537612,0.3527630657819051,3305.0,0.7965097576379776,0.0,0.0,inf,0.9950839538009306,8459.0,0.0
socofing:000356:right_middle,stripes,0.800000011920929,2711.0,0.06382448437658285,0.03430853758137786,0.12932183694878527,14.645977935694109,0.5441039316153572,3277.0,0.7228704243898392,0.0,0.0,inf,0.9982126006248845,13107.0,0.0,0.039407658004527994,0.14837129578001385,14.044193744704312,0.47237278600302746,2779.0,0.7228704243898392,0.0,0.0,inf,0.9976346962415328,9416.0,0.0
socofing:000356:right_ring,severe_partial,0.10000000149011612,9968.0,0.3253161706124007,0.044621204554097744,0.14215463851138957,13.504587100688383,0.38697054832178823,14746.0,0.919357530772686,0.0,0.0,inf,0.9804970838598327,1638.0,0.0,0.06051845810056654,0.19193627623722861,12.18112145535601,0.1770087290420772,10470.0,0.919357530772686,0.0,0.0,inf,0.9802193247769504,1612.0,0.0
socofing:000356:right_little,severe_partial,0.20000000298023224,7238.0,0.1576296510199859,0.04149215730468374,0.1266586485347901,13.820339842801326,0.5088857244640717,13107.0,0.8821769319474697,0.0,0.0,inf,0.9875377033334921,3277.0,0.0,0.06784552134196,0.20160248982837678,11.684788159581247,0.26799089072797094,7563.0,0.8821769319474697,0.0,0.0,inf,0.9875377033334921,3277.0,0.0
socofing:000358:left_thumb,severe_partial,0.30000001192092896,6992.0,0.295645610925829,0.07452960524087783,0.17390603724090314,11.276711790805297,0.36403692204991456,11469.0,0.9999678134918213,0.0,0.0,inf,0.9927432078922106,4915.0,0.0,0.09592046621695004,0.22971493949484678,10.180887190360144,0.17397461135284825,7670.0,0.9999600648880005,0.0,0.0,inf,0.9923820252238743,4550.0,0.0
socofing:000358:left_index,random_rectangles,0.10000000149011612,9890.0,0.2547860780020669,0.05600347994127613,0.16150835591922144,12.517849859877735,0.2859330556146285,14746.0,0.9945067763328552,0.0,0.0,inf,0.9375537848053104,1638.0,0.0,0.07416686890917025,0.21236832037823994,11.2979005514181,0.07688602277886955,10758.0,0.9945067763328552,0.0,0.0,inf,0.42792892496753054,43.0,0.0
socofing:000358:left_middle,random_rectangles,0.20000000298023224,10390.0,0.3371279922264844,0.04165682867710427,0.15759402970603145,13.803137958491202,0.16173097484995258,13107.0,0.8688240572810173,0.0,0.0,inf,0.970144326614816,3277.0,0.0,0.04433644680898449,0.1672641185743061,13.532391148544578,0.11196409594323085,12001.0,0.8688240572810173,0.0,0.0,inf,0.9327068396537492,570.0,0.0
socofing:000358:left_ring,random_rectangles,0.30000001192092896,7596.0,0.22442600395123113,0.04648966395203859,0.1458192815702811,13.326435930791794,0.3637075139206101,11469.0,0.8193971365690231,0.0,0.0,inf,0.9810756711567098,4915.0,0.0,0.067224775846144,0.20841689367423985,11.724706372109466,0.11693504410438015,7871.0,0.8193971365690231,0.0,0.0,inf,0.9071869697423728,592.0,0.0
socofing:000358:left_little,random_rectangles,0.4000000059604645,7768.0,0.26986986626010817,0.04719528788114611,0.16005133763168838,13.261013604628323,0.21807652119352233,9830.0,0.728205606341362,0.0,0.0,inf,0.9880986949117917,6554.0,0.0,0.05206633891290203,0.17621288332669702,12.834429590215194,0.14594406529642442,8898.0,0.728205606341362,0.0,0.0,inf,0.9466182992564066,987.0,0.0
socofing:000358:right_thumb,random_rectangles,0.5,7583.0,0.059400939376192854,0.05596729214822506,0.17373512875934694,12.52065704948414,0.34213165270905793,8192.0,0.9182103271596134,0.0,0.0,inf,0.9917405515324087,8192.0,0.0,0.059474133339941955,0.18451592081823492,12.256718778055887,0.3017263859985491,7618.0,0.9182103271596134,0.0,0.0,inf,0.9880998979429456,4732.0,0.0
socofing:000358:right_index,random_rectangles,0.6000000238418579,5855.0,0.0764069677194637,0.04932801280295579,0.16576788784779192,13.069063798975636,0.37999158215804035,6554.0,0.816286250948906,0.0,0.0,inf,0.9874373574744301,9830.0,0.0,0.05260052444693841,0.17659873596407794,12.790099257459577,0.33506210373581946,5996.0,0.816286250948906,0.0,0.0,inf,0.9905760093106256,6322.0,0.0
socofing:000358:right_middle,random_rectangles,0.699999988079071,4445.0,0.1397274403946363,0.06376203333459467,0.19115387943676565,11.954378419897054,0.24192693442326138,4915.0,0.8891439959406853,0.0,0.0,inf,0.9901693013754808,11469.0,0.0,0.06413995291302887,0.1921532070138366,11.928713632354428,0.23825623302423046,4884.0,0.8891439959406853,0.0,0.0,inf,0.9854396257621264,7602.0,0.0
socofing:000358:right_ring,random_rectangles,0.800000011920929,3203.0,0.0367735371723726,0.045877721955883875,0.16729435310331006,13.383981549937756,0.43275600155601357,3277.0,0.8293895646929741,0.0,0.0,inf,0.9963991851631858,13107.0,0.0,0.045877721955883875,0.16729435310331006,13.383981549937756,0.43275600155601357,3277.0,0.8293895646929741,0.0,0.0,inf,0.99490791794718,8712.0,0.0
socofing:000358:right_little,irregular,0.10000000149011612,9973.0,0.12201460420644915,0.0358492087041969,0.12360517560932838,14.455204260266845,0.40526522290880046,14746.0,0.8702648859471083,0.0,0.0,inf,0.9580489654929302,1638.0,0.0,0.04986680742670453,0.1701228385862636,13.021884352977418,0.20579679028884887,10362.0,0.8702648859471083,0.0,0.0,inf,0.9571737950849953,1604.0,0.0
socofing:000377:left_thumb,irregular,0.20000000298023224,10422.0,0.04779876906339272,0.05293287405281964,0.16432892165836077,12.762745248374907,0.4616692895931585,13107.0,0.899472214281559,0.0,0.0,inf,0.9648671705874947,3277.0,0.0,0.06224719428078249,0.19156083467575036,12.058802191050763,0.3723977976597094,10425.0,0.899472214281559,0.0,0.0,inf,0.9637330918542777,2451.0,0.0
socofing:000377:left_index,irregular,0.30000001192092896,8037.0,0.26427916193026435,0.04090708097201141,0.13347311733765166,13.882015095746521,0.47063120643625816,11469.0,0.8555859737098217,0.0,0.0,inf,0.9805218535173399,4915.0,0.0,0.05404909137294683,0.1755678200298712,12.672116026363362,0.31308103524886255,8423.0,0.8555859737098217,0.0,0.0,inf,0.9745306067882857,3071.0,0.0
socofing:000377:left_middle,irregular,0.4000000059604645,7203.0,0.03693271618734873,0.037570785882256395,0.12895411284856445,14.251497205406142,0.5704471340319571,9830.0,0.8686901922337711,0.0,0.0,inf,0.9860088508719126,6554.0,0.0,0.048157254926135484,0.16370332438177304,13.17338276825177,0.45271937091594233,7203.0,0.8686901922337711,0.0,0.0,inf,0.9790992750579327,3647.0,0.0
socofing:000377:left_ring,irregular,0.5,5600.0,0.04927968478975996,0.03703965979864738,0.12703717074134602,14.313330108737073,0.5333948326026936,8192.0,0.9380197520367801,0.0,0.0,inf,0.9835144916709802,8192.0,0.0,0.05172105232725709,0.1762656886114261,12.863326474561532,0.34697355072820724,5710.0,0.9380197520367801,0.0,0.0,inf,0.9709476738085882,4343.0,0.0
socofing:000377:left_little,irregular,0.6000000238418579,4330.0,0.024710065116011082,0.028094436278461584,0.10160828379965037,15.513796777036122,0.6449813910940406,6554.0,0.8075011223554611,0.0,0.0,inf,0.9905476638181993,9830.0,0.0,0.04064165431869018,0.14629412417957388,13.910286224058359,0.48971175121254856,4385.0,0.8075011223554611,0.0,0.0,inf,0.9857383480072753,5723.0,0.0
socofing:000377:right_thumb,irregular,0.699999988079071,3957.0,0.014920001991230789,0.03823183078532484,0.13773770915341516,14.175749046771116,0.6276502133136054,4915.0,0.8155442476272583,0.0,0.0,inf,0.9912479057960107,11469.0,0.0,0.04454791747244949,0.1597554324341504,13.511725935656795,0.5743916573558827,4015.0,0.8155442476272583,0.0,0.0,inf,0.9888581856384905,8317.0,0.0
socofing:000377:right_index,irregular,0.800000011920929,2267.0,0.023915138867128788,0.021886828948951893,0.08943725836822501,16.598171561905033,0.7536046660409115,3277.0,0.741936169564724,0.0,0.0,inf,0.9943058513691586,13107.0,0.0,0.030286225400393885,0.12268929596712394,15.187548498077533,0.6567113415596088,2322.0,0.741936169564724,0.0,0.0,inf,0.9918156792103053,8968.0,0.0
socofing:000377:right_middle,central_missing,0.10000000149011612,9201.0,0.21871386660581102,0.05053329815119804,0.1608169224524003,12.964223557866728,0.326180923065863,14746.0,0.7979648858308792,0.0,0.0,inf,0.9932953871230294,1638.0,0.0,0.07353281772816807,0.2255975390329265,11.33518791836658,0.09701674579009589,9594.0,0.7979648858308792,0.0,0.0,inf,0.9867505700687971,180.0,0.0
socofing:000377:right_ring,central_missing,0.20000000298023224,10416.0,0.2348221632775249,0.0530622676986853,0.166773564662414,12.752141937057285,0.23758431839355118,13107.0,0.8976761680096388,0.0,0.0,inf,0.9945086412957655,3277.0,0.0,0.06231211230226982,0.19498073095327262,12.05427526458751,0.10856927279372038,11016.0,0.8976761680096388,0.0,0.0,inf,0.9902386113563544,683.0,0.0
socofing:000377:right_little,central_missing,0.30000001192092896,10131.0,0.45794854047142974,0.0691757803045104,0.20649658567073584,11.600459333068983,0.15248266627760151,11469.0,0.8572607021778822,0.0,0.0,inf,0.9843868539566689,4915.0,0.0,0.07400473239764448,0.22031876695566407,11.307405074518906,0.0956695839977361,10600.0,0.8572607021778822,0.0,0.0,inf,0.9494553493032718,974.0,0.0
socofing:000380:left_thumb,central_missing,0.4000000059604645,9451.0,0.11718054340847286,0.07549452939649128,0.22443347350895093,11.220845177614851,0.13046693149787209,9830.0,0.8831115886569023,0.0,0.0,inf,0.9843381767203845,6554.0,0.0,0.07690136359932953,0.22795881468496992,11.140659593089214,0.11418077679737827,9621.0,0.8831115886569023,0.0,0.0,inf,0.9662139262239564,2597.0,0.0
socofing:000380:left_index,central_missing,0.5,7604.0,0.1145589740765181,0.09241724582030247,0.23230996398058323,10.342469782850463,0.1708345733797807,8192.0,0.9908627266995609,0.0,0.0,inf,0.9915937023293371,8192.0,0.0,0.09813118092438988,0.2466672531491458,10.081929747632222,0.12227469124875062,7715.0,0.9908627266995609,0.0,0.0,inf,0.9786213084753956,2719.0,0.0
socofing:000380:left_middle,central_missing,0.6000000238418579,6403.0,0.15445117431627103,0.07365525084733884,0.22295846721675527,11.327962870733824,0.2073263777029046,6554.0,0.8491969667375088,0.0,0.0,inf,0.9954502695546994,9830.0,0.0,0.07365525084733884,0.22295846721675527,11.327962870733824,0.2073263777029046,6554.0,0.8491969667375088,0.0,0.0,inf,0.9915343838203095,5283.0,0.0
socofing:000380:left_ring,central_missing,0.699999988079071,4689.0,0.24552437154229279,0.07294789538563008,0.22013531743614184,11.369872333879725,0.14141461925926146,4915.0,0.9075145684182644,0.0,0.0,inf,0.9949068654178423,11469.0,0.0,0.07294789538563008,0.22013531743614184,11.369872333879725,0.14141461925926146,4915.0,0.9075145684182644,0.0,0.0,inf,0.9893639547482217,5492.0,0.0
socofing:000380:left_little,central_missing,0.800000011920929,3241.0,0.03208747143626229,0.06653910575027412,0.20726145434312393,11.769230401117877,0.19928439314342827,3277.0,0.7702691406011581,0.0,0.0,inf,0.9954412856466263,13107.0,0.0,0.06653910575027412,0.20726145434312393,11.769230401117877,0.19928439314342827,3277.0,0.7702691406011581,0.0,0.0,inf,0.9877916758127804,4405.0,0.0
socofing:000380:right_thumb,peripheral_only,0.10000000149011612,10128.0,0.09898125023676231,0.06037149909842477,0.1686277887747313,12.191680399475796,0.36830888819422786,14746.0,0.917736105620861,0.0,0.0,inf,0.9739786906716159,1638.0,0.0,0.08312017270648242,0.22946277501276777,10.802935630760668,0.144299753703245,10351.0,0.917736105620861,0.0,0.0,inf,0.9707064534541525,1413.0,0.0
socofing:000380:right_index,peripheral_only,0.20000000298023224,8334.0,0.06654130814507307,0.036764418704879086,0.11839590764694678,14.345722964203564,0.5081559136294497,13107.0,0.8573220893740654,0.0,0.0,inf,0.9793250634911121,3277.0,0.0,0.05594184220142287,0.17831785915631163,12.52263236127896,0.2573891982024874,8464.0,0.8573220893740654,0.0,0.0,inf,0.9719310802093183,2355.0,0.0
socofing:000380:right_middle,peripheral_only,0.30000001192092896,7591.0,0.07968521793844102,0.039600553885061236,0.1268134891726752,14.022987396415727,0.507007720463906,11469.0,0.8617241969332099,0.0,0.0,inf,0.9895794060222719,4915.0,0.0,0.05758001183073309,0.18157066742955996,12.397282502251898,0.2964948273182929,7811.0,0.8617241969332099,0.0,0.0,inf,0.9874178394340738,4008.0,0.0
socofing:000380:right_ring,peripheral_only,0.4000000059604645,5460.0,0.0574669086473635,0.033162709390440456,0.1098086503968647,14.7934999485128,0.5211158868413928,9830.0,0.8594124466180801,0.0,0.0,inf,0.982941636533387,6554.0,0.0,0.05480969719971995,0.17884379542159184,12.61142597213587,0.22738789519702363,5805.0,0.8594124466180801,0.0,0.0,inf,0.9720545926778772,3833.0,0.0
socofing:000380:right_little,peripheral_only,0.5,4300.0,0.09453501598417542,0.02878728003667266,0.10007256946158805,15.407993674549552,0.5544054682258732,8192.0,0.8086344450712204,0.0,0.0,inf,0.9919442342228314,8192.0,0.0,0.04929931870135207,0.16835657970820841,13.0715908247303,0.26688548036890725,4722.0,0.8086344450712204,0.0,0.0,inf,0.9831817135083347,3783.0,0.0
socofing:000396:left_thumb,peripheral_only,0.6000000238418579,4141.0,0.06011564495866957,0.039229622266534064,0.1295997216018797,14.063858735770578,0.5119370247111548,6554.0,0.7675107568502426,0.0,0.0,inf,0.9909724042427787,9830.0,0.0,0.0573214413067307,0.18754906628497567,12.416828981126162,0.32028536729398177,4255.0,0.7675107568502426,0.0,0.0,inf,0.9882597535791916,7324.0,0.0
socofing:000396:left_index,peripheral_only,0.699999988079071,2495.0,0.31455425686413935,0.02929626979917012,0.108800800805883,15.331876734604815,0.5278156763422746,4915.0,0.6168057024478912,0.0,0.0,inf,0.9920073328441676,11469.0,0.0,0.04853256208934482,0.17784020140536244,13.139667811781475,0.24958882267625226,2945.0,0.6168057024478912,0.0,0.0,inf,0.9886739354821013,7598.0,0.0
socofing:000396:left_middle,peripheral_only,0.800000011920929,1776.0,0.11752285871904115,0.028206582881791956,0.1011821919052356,15.4964952375143,0.5774150384007324,3277.0,0.7338826954364777,0.0,0.0,inf,0.9956565979607679,13107.0,0.0,0.04887015584372642,0.1738133002667984,13.109562760329595,0.2905818629366821,1877.0,0.7338826954364777,0.0,0.0,inf,0.9944751256676705,9737.0,0.0
socofing:000396:left_ring,central_only,0.10000000149011612,8599.0,0.33748705799992396,0.04616830955726027,0.1347176229838478,13.356560267569385,0.4084972348982702,14746.0,0.8322692066431046,0.0,0.0,inf,0.9859629821574872,1638.0,0.0,0.06870860802813912,0.19735891889325632,11.629888497682412,0.14838572600751068,9417.0,0.8322692066431046,0.0,0.0,inf,0.9859629821574872,1638.0,0.0
socofing:000396:left_little,central_only,0.20000000298023224,5244.0,0.35740574425317245,0.02296426081636721,0.08721168068446292,16.38947529281085,0.5508374281900299,13107.0,0.9135742112994194,0.0,0.0,inf,0.9872657846541856,3277.0,0.0,0.04468852270533206,0.16255665000704572,13.498040018293898,0.21127011908449236,6164.0,0.9135742112994194,0.0,0.0,inf,0.9872657846541856,3277.0,0.0
socofing:000396:right_thumb,central_only,0.30000001192092896,6677.0,0.28960238226678714,0.0493845477808524,0.1401257762726101,13.064089187543342,0.340103884908996,11469.0,0.9341145716607571,0.0,0.0,inf,0.9899128690302506,4915.0,0.0,0.06143491919842337,0.17820001316401746,12.115847085906344,0.1664678790466901,7840.0,0.9341145716607571,0.0,0.0,inf,0.9899128690302506,4915.0,0.0
socofing:000396:right_index,central_only,0.4000000059604645,4179.0,0.17924201555314942,0.025487827773385315,0.08632188117746709,15.936671761522149,0.5847090718725544,9830.0,0.9258746467530727,0.0,0.0,inf,0.9890149999748116,6554.0,0.0,0.04567239745607353,0.15395339210839065,13.403461906129415,0.2651312104261182,4876.0,0.9258746467530727,0.0,0.0,inf,0.9890149999748116,6554.0,0.0
socofing:000396:right_middle,central_only,0.5,2756.0,0.11138281541009161,0.027044970621987904,0.08251890947275342,15.679134859806698,0.689154548403057,8192.0,0.7468407675623894,0.0,0.0,inf,0.9940266030850754,8192.0,0.0,0.057979641866334135,0.18150542269112788,12.367244715604492,0.30115375200462857,3069.0,0.7468407675623894,0.0,0.0,inf,0.9936254582000111,7676.0,0.0
socofing:000396:right_ring,central_only,0.6000000238418579,2341.0,0.18810741429243896,0.020261393683216892,0.06972386377887672,16.933306849326296,0.7096610667713321,6554.0,0.9173377603292465,0.0,0.0,inf,0.992522636697358,9830.0,0.0,0.04236981571346071,0.14505512103246557,13.729434249487662,0.4077750114053272,2498.0,0.9173377603292465,0.0,0.0,inf,0.9924650355162814,9692.0,0.0
socofing:000396:right_little,central_only,0.699999988079071,542.0,0.26004570449256537,0.005893984367159618,0.02063291755411111,22.295910203804468,0.9058647843838348,4915.0,0.6818954050540924,0.0,0.0,inf,0.9983777379047327,11469.0,0.0,0.04184854123851756,0.1371789188732348,13.783196760961447,0.5667646355310368,559.0,0.6818954050540924,0.0,0.0,inf,0.9982038816172117,10101.0,0.0
socofing:000406:left_thumb,central_only,0.800000011920929,132.0,0.03654980345725282,0.0021952088978831517,0.014001029068680846,26.585241456354588,0.9380114065151667,3277.0,0.4657496511936188,0.0,0.0,inf,0.9993519243227321,13107.0,0.0,0.026307687990716727,0.13882016638914743,15.799173175165052,0.5492484773261685,207.0,0.4657496511936188,0.0,0.0,inf,0.9994718548731606,9487.0,0.0
socofing:000406:left_index,disconnected_fragments,0.10000000149011612,6376.0,0.5530479472157316,0.06056980061311674,0.1537926848909594,12.177438559679628,0.37615211112040925,14746.0,0.9391513466835022,0.0,0.0,inf,0.955966198911486,1638.0,0.0,0.08955567293355689,0.22748637801329838,10.479068984167855,0.0949478233900919,9770.0,0.9391513466835022,0.0,0.0,inf,0.9402399410565092,1153.0,0.0
socofing:000406:left_middle,disconnected_fragments,0.20000000298023224,6044.0,0.5589841330976231,0.06899572143488454,0.17867094290134314,11.61177839912498,0.34460088775976994,13107.0,0.9344980083405972,0.0,0.0,inf,0.9760885123171887,3277.0,0.0,0.09750855984600451,0.2548822036683331,10.109572578326453,0.08165958139313785,8646.0,0.9157471060752869,0.0,0.0,inf,0.9594381382329213,1858.0,0.0
socofing:000406:left_ring,disconnected_fragments,0.30000001192092896,4859.0,0.4150882435309412,0.0330897550322328,0.10500086607892715,14.803064479668723,0.4967282435501405,11469.0,0.8524411916732788,0.0,0.0,inf,0.9791812022923269,4915.0,0.0,0.05453548065858468,0.17242378958531687,12.633208547765218,0.19477169101034966,6660.0,0.8524411916732788,0.0,0.0,inf,0.973153342124787,3808.0,0.0
socofing:000406:left_little,disconnected_fragments,0.4000000059604645,2750.0,0.31902167247181396,0.044526826595009096,0.11383070000077836,13.513782557195915,0.5436923567226057,9830.0,0.9944877028465271,0.0,0.0,inf,0.9871243403177515,6554.0,0.0,0.09227743980922605,0.22920091885549035,10.349044632639679,0.13417965191788875,4565.0,0.9944877028465271,0.0,0.0,inf,0.9741910876024008,3022.0,0.0
socofing:000406:right_thumb,disconnected_fragments,0.5,3445.0,0.6030146510580635,0.059338611788762846,0.16358334582656653,12.266626181056653,0.4053791428959676,8192.0,0.9203473329544067,0.0,0.0,inf,0.9880565835931593,8192.0,0.0,0.084441500484202,0.23498891892663973,10.734440580950857,0.15392416250979954,5214.0,0.9203473329544067,0.0,0.0,inf,0.9858313367869093,6692.0,0.0
socofing:000406:right_index,disconnected_fragments,0.6000000238418579,1762.0,0.23650635579023924,0.04635335531653895,0.09708806678927301,13.339188237046702,0.6345673032639004,6554.0,0.9987154006958008,0.0,0.0,inf,0.9915217609087725,9830.0,0.0,0.08425340234026316,0.19257490873898103,10.744125523228945,0.21329988682648335,2293.0,0.9960441589355469,0.0,0.0,inf,0.9894288350330513,7869.0,0.0
socofing:000406:right_middle,disconnected_fragments,0.699999988079071,2360.0,0.1535444153230718,0.0507169383349749,0.11519808078075533,12.948469716949242,0.565848015733127,4915.0,0.9695312269032001,0.0,0.0,inf,0.9907902840180847,11469.0,0.0,0.08596007040602961,0.19105261064097168,10.657032374693607,0.27499528871268697,2623.0,0.9695312269032001,0.0,0.0,inf,0.9877887978314154,8603.0,0.0
socofing:000406:right_ring,disconnected_fragments,0.800000011920929,757.0,0.02194157704254324,0.00168810026662388,0.015078854402209086,27.72601761532499,0.8333475652768569,3277.0,0.5233247405849397,0.0,0.0,inf,0.9987428003954437,13107.0,0.0,0.0046982578146704005,0.03897907685982396,23.280631552006923,0.3861522698197403,875.0,0.5233247405849397,0.0,0.0,inf,0.9979450168047139,7957.0,0.0
socofing:000406:right_little,stripes,0.10000000149011612,5633.0,0.3167327644245395,0.08927350282660712,0.16312801202378827,10.492774244686467,0.3945897860451409,14746.0,0.9925139872357249,0.0,0.0,inf,0.9833259714386908,1638.0,0.0,0.10163142699332342,0.2111166700625559,9.929719765075612,0.13160696215372097,8033.0,0.9925139872357249,0.0,0.0,inf,0.9521316658776042,567.0,0.0
socofing:000407:left_thumb,stripes,0.20000000298023224,8518.0,0.31169982020678044,0.07915524508083951,0.20893693626560927,11.015203021005103,0.2165770014486557,13107.0,0.9686242928728461,0.0,0.0,inf,0.9944871869875666,3277.0,0.0,0.09553323949569208,0.25255468646444723,10.198454952444129,0.0740002927846959,10089.0,0.9686242928728461,0.0,0.0,inf,0.991641055198665,2149.0,0.0
socofing:000407:left_index,stripes,0.30000001192092896,8239.0,0.3419791390325525,0.07104100248710786,0.18961695499967646,11.484909186885314,0.3011707266237092,11469.0,0.9414536338299513,0.0,0.0,inf,0.99356845656527,4915.0,0.0,0.08988316212377123,0.2380436054766195,10.463216573393776,0.134453251251831,8794.0,0.9414536338299513,0.0,0.0,inf,0.9893354295169248,2932.0,0.0
socofing:000407:left_middle,stripes,0.4000000059604645,7344.0,0.10808871414191028,0.03291730929746515,0.12694933557802848,14.8257567178971,0.41155105970971556,9830.0,0.8538213185966015,0.0,0.0,inf,0.9872554050374334,6554.0,0.0,0.03941193373808865,0.15263704822064977,14.043722560458809,0.27106439544662786,7660.0,0.8538213185966015,0.0,0.0,inf,0.9820342734514605,3954.0,0.0
socofing:000407:left_ring,stripes,0.5,5538.0,0.09122554004427023,0.04560653976524301,0.14148186531485862,13.409728770655283,0.4025767839181809,8192.0,0.8231616914272308,0.0,0.0,inf,0.9951297643000193,8192.0,0.0,0.06328766178864911,0.19576302831678835,11.986809493727861,0.17904060232867086,5671.0,0.8231616914272308,0.0,0.0,inf,0.9918202176981681,4435.0,0.0
socofing:000407:left_little,stripes,0.6000000238418579,5007.0,0.14729136638017012,0.059166114878864376,0.17865922629121586,12.279269475738761,0.3249043112957151,6554.0,0.78866171464324,0.0,0.0,inf,0.9966898106855635,9830.0,0.0,0.07249601426769879,0.2187196334156707,11.396858696928325,0.1737464627327002,5181.0,0.78866171464324,0.0,0.0,inf,0.9940813563851214,5067.0,0.0
socofing:000407:right_thumb,stripes,0.699999988079071,4171.0,0.037297037342126006,0.0514534671793325,0.16349687344197558,12.885853550877965,0.46819952668435116,4915.0,0.9111528098583221,0.0,0.0,inf,0.996957461392575,11469.0,0.0,0.058767758051187974,0.18449053273756383,12.30860876999909,0.3940686131594568,4176.0,0.9111528098583221,0.0,0.0,inf,0.9964534338387326,8449.0,0.0
socofing:000407:right_index,stripes,0.800000011920929,2720.0,0.034653518076375976,0.055239033747781274,0.1705536211040502,12.577539267928433,0.47016395460950866,3277.0,0.8102177958935499,0.0,0.0,inf,0.9983741560645708,13107.0,0.0,0.06103414213575818,0.18834345617848586,12.144271552660925,0.43807996839178664,2720.0,0.8102177958935499,0.0,0.0,inf,0.9979693074149495,9256.0,0.0
socofing:000407:right_middle,severe_partial,0.10000000149011612,10217.0,0.3095004784463233,0.03060853068232838,0.10841715167661294,15.141575175726302,0.3693725072089731,14746.0,0.9610879998654127,0.0,0.0,inf,0.9636078485937591,1638.0,0.0,0.037202897566203916,0.13204251013916277,14.294232335587854,0.21299523461559564,11005.0,0.9389461274258792,0.0,0.0,inf,0.9615556534771188,1547.0,0.0
socofing:000407:right_ring,severe_partial,0.20000000298023224,9085.0,0.24481209857743233,0.04356558868941818,0.14586170832805936,13.608564130923533,0.36355981333788734,13107.0,0.906494315713644,0.0,0.0,inf,0.9933409710243029,3277.0,0.0,0.056341870983516416,0.18885881484123027,12.491687351932491,0.15956526517776953,9379.0,0.906494315713644,0.0,0.0,inf,0.9839072817010398,1248.0,0.0
socofing:000407:right_little,severe_partial,0.30000001192092896,5943.0,0.07610570955310354,0.03658766346267672,0.11284409841834071,14.36665324256685,0.5905340240067354,11469.0,0.8953290563076735,0.0,0.0,inf,0.9914616435473995,4915.0,0.0,0.06537125039248358,0.19782356016324684,11.846132079610776,0.31144959282647,6073.0,0.8953290563076735,0.0,0.0,inf,0.9909353942765987,4586.0,0.0
socofing:000422:left_thumb,random_rectangles,0.10000000149011612,11644.0,0.18346939215407482,0.06067399984768205,0.1805472396803363,12.169973738623273,0.22183187229626974,14746.0,0.9164209924638271,0.0,0.0,inf,0.9881423796298333,1638.0,0.0,0.0710788466313883,0.2103863898204152,11.482596279360608,0.10110124525847912,12052.0,0.9164209924638271,0.0,0.0,inf,0.9631628316702162,357.0,0.0
socofing:000422:left_index,random_rectangles,0.20000000298023224,10392.0,0.4984974411291017,0.06191704278802131,0.18457283497152563,12.081897941131698,0.25834588601573655,13107.0,0.8353281542658806,0.0,0.0,inf,0.9659036893552058,3277.0,0.0,0.07238391733188591,0.2151804032623665,11.403579170887548,0.1411749196248971,10865.0,0.8353281542658806,0.0,0.0,inf,0.9598193981602998,1275.0,0.0
socofing:000422:left_middle,random_rectangles,0.30000001192092896,9918.0,0.292775593989305,0.04227985950772569,0.1499095517998742,13.738664644847828,0.1967553965677089,11469.0,0.8773578107357025,0.0,0.0,inf,0.9854243292783058,4915.0,0.0,0.046147732334547,0.16318361885753327,13.358496350235441,0.1316522865175924,10490.0,0.8773578107357025,0.0,0.0,inf,0.9656833041380739,1842.0,0.0
socofing:000422:left_ring,random_rectangles,0.4000000059604645,8880.0,0.30801493502128946,0.03636192744941716,0.1484952676325036,14.393531040402817,0.2145301572671679,9830.0,0.7006185352802277,0.0,0.0,inf,0.9859822971059551,6554.0,0.0,0.038276626498674256,0.1557813374014519,14.170663456488873,0.17016541260863108,9220.0,0.7006185352802277,0.0,0.0,inf,0.9772862225270426,2962.0,0.0
socofing:000422:left_little,random_rectangles,0.5,7337.0,0.21408669292762594,0.03324166831560808,0.13870707556361594,14.783171881947577,0.3147709790129043,8192.0,0.6530231833457947,0.0,0.0,inf,0.9929648243053414,8192.0,0.0,0.03597744686979367,0.150004605146909,14.439696594924818,0.2616832541187944,7443.0,0.6530231833457947,0.0,0.0,inf,0.98660739065716,4119.0,0.0
socofing:000422:right_thumb,random_rectangles,0.6000000238418579,5948.0,0.020238618443914308,0.04683791393040171,0.15429277000366887,13.294024558005741,0.39739158421834864,6554.0,0.8405799828469753,0.0,0.0,inf,0.9910888340227677,9830.0,0.0,0.04933813311891235,0.16134067456054924,13.068172875883546,0.3636044952186506,6080.0,0.8405799828469753,0.0,0.0,inf,0.9908083220434467,6692.0,0.0
socofing:000422:right_index,random_rectangles,0.699999988079071,4257.0,0.03465554432929685,0.04993521560196569,0.14998155029079405,13.015930706591474,0.4277194080752965,4915.0,0.9537013154476881,0.0,0.0,inf,0.9958458969872881,11469.0,0.0,0.057071325726652425,0.17168436163593115,12.435820389792982,0.3547768711187531,4265.0,0.9537013154476881,0.0,0.0,inf,0.9937907739764444,7447.0,0.0
socofing:000422:right_middle,random_rectangles,0.800000011920929,3260.0,0.034598310641070405,0.03880679287836454,0.15039951913939778,14.11092247308471,0.5305253863271692,3277.0,0.7666878551244736,0.0,0.0,inf,0.9972268622864876,13107.0,0.0,0.03880679287836454,0.15039951913939778,14.11092247308471,0.5305253863271692,3277.0,0.7666878551244736,0.0,0.0,inf,0.995345371278169,7621.0,0.0
socofing:000422:right_ring,irregular,0.10000000149011612,10455.0,0.14766196546249782,0.04260712434541716,0.14246409291615736,13.705177763618838,0.42361257434494765,14746.0,0.8579946141690016,0.0,0.0,inf,0.9476929615361369,1638.0,0.0,0.05602479927670657,0.18674320558201682,12.516196907621094,0.25289290904648093,10566.0,0.8579946141690016,0.0,0.0,inf,0.9410891449719039,1335.0,0.0
socofing:000422:right_little,irregular,0.20000000298023224,9618.0,0.2595223344261403,0.04809143352761662,0.14993285444620044,13.179322771192783,0.4011331740489785,13107.0,0.8688028380274773,0.0,0.0,inf,0.9765572103013768,3277.0,0.0,0.06191752230586254,0.1919202965901381,12.081864307234369,0.24419682012977326,9916.0,0.8688028380274773,0.0,0.0,inf,0.9686854469772812,2236.0,0.0
socofing:000424:left_thumb,irregular,0.30000001192092896,8261.0,0.05877797334069065,0.042563067418842596,0.13824180945862377,13.709670810167452,0.45016013686734824,11469.0,0.8854585811495781,0.0,0.0,inf,0.9631844531939027,4915.0,0.0,0.053669919005873805,0.17337158855380003,12.702690601131623,0.308000594412188,8804.0,0.8854585811495781,0.0,0.0,inf,0.9406212671855542,2786.0,0.0
socofing:000424:left_index,irregular,0.4000000059604645,6639.0,0.05422111700144306,0.0314342435291802,0.10999643343016657,15.025969865641773,0.5768268943443156,9830.0,0.9842343311756849,0.0,0.0,inf,0.9766512277288854,6554.0,0.0,0.04165345835396147,0.1471381162260821,13.803489346728144,0.4492750442220082,7035.0,0.9842343311756849,0.0,0.0,inf,0.9689652658808047,4741.0,0.0
socofing:000424:left_middle,irregular,0.5,5406.0,0.04806704483128332,0.03519541689124518,0.11727614217130622,14.535138861932225,0.5518396031121042,8192.0,0.8397078961133957,0.0,0.0,inf,0.9789508337961347,8192.0,0.0,0.04730393331476941,0.15732658836751762,13.25102746241491,0.40303148341050354,5662.0,0.8397078961133957,0.0,0.0,inf,0.9783142613987333,5622.0,0.0
socofing:000424:left_ring,irregular,0.6000000238418579,4482.0,0.04331892153029983,0.04284649489010357,0.1335951287176052,13.680847002786953,0.550525175377492,6554.0,0.9471122734248638,0.0,0.0,inf,0.9855173086058591,9830.0,0.0,0.06037596183670703,0.18772052474678563,12.19135937531578,0.38576338028288015,4529.0,0.9471122734248638,0.0,0.0,inf,0.9812265850973385,5293.0,0.0
socofing:000424:left_little,irregular,0.699999988079071,3067.0,0.037514865657638015,0.03438422958365821,0.11622170903743648,14.636407020567088,0.5807456928595595,4915.0,0.7629330717027187,0.0,0.0,inf,0.9897707942327486,11469.0,0.0,0.0442235476273104,0.1506000807137509,13.54346421115858,0.48752190269289447,3228.0,0.7629330717027187,0.0,0.0,inf,0.9848126800853869,6945.0,0.0
socofing:000424:right_thumb,irregular,0.800000011920929,2350.0,0.03814881385426672,0.03221494387280902,0.1220330171408413,14.919426209760413,0.5694788399917696,3277.0,0.7753226011991501,0.0,0.0,inf,0.9908285483273207,13107.0,0.0,0.03876876291387053,0.14584901937070524,14.115180568274916,0.4815763570204693,2531.0,0.7753226011991501,0.0,0.0,inf,0.9863773273687372,8200.0,0.0
socofing:000424:right_index,central_missing,0.10000000149011612,11678.0,0.7633009054667304,0.08924812048788408,0.21167169268312866,10.494009211018817,0.20564958300671773,14746.0,0.9803116898983717,0.0,0.0,inf,0.9865762635648138,1638.0,0.0,0.103523992757678,0.24440674064684645,9.849589862968273,0.08570112527546124,12549.0,0.9803116898983717,0.0,0.0,inf,0.9607621699120322,292.0,0.0
socofing:000424:right_middle,central_missing,0.20000000298023224,10763.0,0.6096458885139464,0.1398512952582814,0.28414701090475736,8.54333506976263,0.11788666441585316,13107.0,0.9999920129776001,0.0,0.0,inf,0.9636965426866925,3277.0,0.0,0.15314272586763275,0.3096903867402366,8.149036269382053,0.045301757737003755,11768.0,0.9999920129776001,0.0,0.0,inf,0.9076112969338973,719.0,0.0
socofing:000424:right_ring,central_missing,0.30000001192092896,9091.0,0.16384970313757904,0.05891593177287837,0.18384852404024477,12.297672494327491,0.1840579409990449,11469.0,0.8706249743700027,0.0,0.0,inf,0.993708057862587,4915.0,0.0,0.06865991684211065,0.20911072170558254,11.632967269084384,0.1027692566767386,9504.0,0.8706249743700027,0.0,0.0,inf,0.9872180202944791,1244.0,0.0
socofing:000424:right_little,central_missing,0.4000000059604645,8739.0,0.20901448201915618,0.0597275436353623,0.17961278760058205,12.238253457508987,0.20442772422217995,9830.0,0.9034615717828274,0.0,0.0,inf,0.9908325140684854,6554.0,0.0,0.06552683129951897,0.19700255847404022,11.83580832843596,0.13283353111050478,8960.0,0.9034615717828274,0.0,0.0,inf,0.9678389682015603,1717.0,0.0
socofing:000425:left_thumb,central_missing,0.5,7775.0,0.5091163523316963,0.03739857770395033,0.14944293939788622,14.271449140313798,0.16685884287148617,8192.0,0.7712251245975494,0.0,0.0,inf,0.9902075289778075,8192.0,0.0,0.039045117137302056,0.15542018012497522,14.084332699279862,0.14379501147079737,7838.0,0.7712251245975494,0.0,0.0,inf,0.9813764787312595,3297.0,0.0
socofing:000425:left_index,central_missing,0.6000000238418579,6059.0,0.33132142204720594,0.02430947076903558,0.11539605247504216,16.142244958909046,0.17924513412758952,6554.0,0.6419558525085449,0.0,0.0,inf,0.9931596064073627,9830.0,0.0,0.02430947076903558,0.11539605247504216,16.142244958909046,0.17924513412758952,6554.0,0.6419558525085449,0.0,0.0,inf,0.9853505296262255,4590.0,0.0
socofing:000425:left_middle,central_missing,0.699999988079071,4500.0,0.22855917031433345,0.020026036814291135,0.1037495253924072,16.98404989797089,0.21712532492290923,4915.0,0.6448308229446411,0.0,0.0,inf,0.9942777979842323,11469.0,0.0,0.020026036814291135,0.1037495253924072,16.98404989797089,0.21712532492290923,4915.0,0.6448308229446411,0.0,0.0,inf,0.9905936742269115,6977.0,0.0
socofing:000425:left_ring,central_missing,0.800000011920929,2541.0,0.09535933736189209,0.01176283956928721,0.07864112977414806,19.294878261841117,0.28265471840029116,3277.0,0.5560099184513092,0.0,0.0,inf,0.9960482168369967,13107.0,0.0,0.01176283956928721,0.07864112977414806,19.294878261841117,0.28265471840029116,3277.0,0.5560099184513092,0.0,0.0,inf,0.9939199410825822,8519.0,0.0
socofing:000425:left_little,peripheral_only,0.10000000149011612,8412.0,0.20445518969136092,0.01809864862774126,0.0753034349325294,17.423538513974023,0.4808775538008426,14746.0,0.7695522904396057,0.0,0.0,inf,0.9341556049701981,1638.0,0.0,0.026515837563203037,0.10818459024944921,15.764946501470652,0.23706418404890817,9706.0,0.7695522904396057,0.0,0.0,inf,0.9226919896758031,1384.0,0.0
socofing:000425:right_thumb,peripheral_only,0.20000000298023224,9534.0,0.10501698307642683,0.029759518180192464,0.10178632304181441,15.26374104489654,0.46620209821930664,13107.0,0.9453308545053005,0.0,0.0,inf,0.9739211136616385,3277.0,0.0,0.03689265743023989,0.1219735961770779,14.330600608013278,0.3310055637199723,9880.0,0.9453308545053005,0.0,0.0,inf,0.9727434435394346,3057.0,0.0
socofing:000425:right_index,peripheral_only,0.30000001192092896,7602.0,0.2032215570413841,0.04170967811240552,0.13374443786383888,13.797631617376137,0.42563790181163125,11469.0,0.8612076039426029,0.0,0.0,inf,0.9759332756667388,4915.0,0.0,0.05483806777384037,0.17635807595694014,12.609178560331927,0.24374171204221026,8047.0,0.8612076039426029,0.0,0.0,inf,0.973438608720409,4338.0,0.0
socofing:000425:right_middle,peripheral_only,0.4000000059604645,6134.0,0.0747253823821815,0.032653050018663005,0.10465587556542401,14.860762464131197,0.5307804544770978,9830.0,0.8962428122758865,0.0,0.0,inf,0.9861445276718277,6554.0,0.0,0.04391747612290344,0.14221818708760967,13.573626261488407,0.3517967535598878,6476.0,0.8962428122758865,0.0,0.0,inf,0.9833857320723496,5356.0,0.0
socofing:000425:right_ring,peripheral_only,0.5,4623.0,0.15266871500664406,0.01689812568368399,0.07847916792752585,17.721614640476208,0.5173391498681713,8192.0,0.7881753891706467,0.0,0.0,inf,0.9884814902361283,8192.0,0.0,0.02371871715768253,0.1102743543562928,16.24908803773448,0.28812485570362595,5210.0,0.7881753891706467,0.0,0.0,inf,0.9820398252516658,5148.0,0.0
socofing:000425:right_little,peripheral_only,0.6000000238418579,4071.0,0.12732292422150013,0.022682560090979766,0.09401041924780668,16.443079299096777,0.5082307374140714,6554.0,0.7329666912555695,0.0,0.0,inf,0.9892221098515166,9830.0,0.0,0.03377225814490298,0.1389329216368154,14.714398997707697,0.27557305094939555,4243.0,0.7329666912555695,0.0,0.0,inf,0.9851188820968291,6945.0,0.0
socofing:000429:left_thumb,peripheral_only,0.699999988079071,3274.0,0.03789016466038886,0.050825699121578916,0.14787076973116606,12.939166388078643,0.5679693859678538,4915.0,0.9110619276762009,0.0,0.0,inf,0.9956142478464209,11469.0,0.0,0.07362814456454671,0.21105436996668173,11.329561436429776,0.39020988345719265,3312.0,0.9110619276762009,0.0,0.0,inf,0.9944471383319627,8950.0,0.0
socofing:000429:left_index,peripheral_only,0.800000011920929,2158.0,0.3236027610052362,0.05540987606007802,0.16631059554343838,12.564128212619405,0.4636988018105744,3277.0,0.751027449965477,0.0,0.0,inf,0.9967609064203814,13107.0,0.0,0.07935724636817908,0.23240836995914613,11.004134102572664,0.25866676559718155,2239.0,0.7442524880170822,0.0,0.0,inf,0.9958149636580904,9920.0,0.0
socofing:000429:left_middle,central_only,0.10000000149011612,9759.0,0.500022098039818,0.056529348094602694,0.1568216508448366,12.477260228637668,0.31681783165019145,14746.0,0.9580468526110053,0.0,0.0,inf,0.9861424685115119,1638.0,0.0,0.07074561293883273,0.19861980552691616,11.503004863412027,0.1291374837805545,10660.0,0.9580468526110053,0.0,0.0,inf,0.9861424685115119,1638.0,0.0
socofing:000429:left_ring,central_only,0.20000000298023224,7652.0,0.2692412147918221,0.055253870488605854,0.14567397179907984,12.576372946026986,0.3592192280423953,13107.0,0.9780614357441664,0.0,0.0,inf,0.9898980641883383,3277.0,0.0,0.07711332662224864,0.2050377002772791,11.128705612698376,0.11748057422981316,8408.0,0.9780614357441664,0.0,0.0,inf,0.9898980641883383,3277.0,0.0
socofing:000429:left_little,central_only,0.30000001192092896,7171.0,0.17285992089653773,0.03771265486160483,0.11804723480524058,14.235128934453318,0.45156315192081453,11469.0,0.9382171016186476,0.0,0.0,inf,0.9935096317791129,4915.0,0.0,0.05351695944094783,0.16843979986671462,12.715085689235202,0.2176588409284414,7335.0,0.9297718992456794,0.0,0.0,inf,0.9935096317791129,4915.0,0.0
socofing:000429:right_thumb,central_only,0.4000000059604645,5737.0,0.1286550043305768,0.0350167767791534,0.10976994378385177,14.557238323088612,0.470986333711553,9830.0,0.9180812817066908,0.0,0.0,inf,0.9943535167815017,6554.0,0.0,0.05023461611569931,0.15821589099437394,12.989969121955438,0.2429906341654301,5911.0,0.9180812817066908,0.0,0.0,inf,0.9943535167815017,6554.0,0.0
socofing:000429:right_index,central_only,0.5,3980.0,0.12689159718527832,0.035002495950915924,0.10532458864400951,14.559009859622691,0.5699086210169771,8192.0,0.8923788657411933,0.0,0.0,inf,0.9934369689308316,8192.0,0.0,0.059785627237636314,0.1774207043703668,12.234032100187704,0.3106184274901311,4115.0,0.8923788657411933,0.0,0.0,inf,0.9934369689308316,8192.0,0.0
socofing:000429:right_middle,central_only,0.6000000238418579,2376.0,0.11864663796549457,0.01756094989979346,0.06470549989308108,17.554519961132257,0.6412309333151539,6554.0,0.8684207051992416,0.0,0.0,inf,0.9937162783019178,9830.0,0.0,0.033634043514238626,0.1186618472946846,14.73220918282789,0.3085923221844789,2732.0,0.8684207051992416,0.0,0.0,inf,0.993646940121686,9643.0,0.0
socofing:000429:right_ring,central_only,0.699999988079071,836.0,0.08739943044722905,0.014910954144674545,0.05259314635133756,18.264945653659975,0.8010278235849511,4915.0,0.8115438148379326,0.0,0.0,inf,0.9978671751932293,11469.0,0.0,0.045455452810507016,0.1655606313176255,13.424140115956138,0.3665655584267951,978.0,0.6640601083636284,0.0,0.0,inf,0.998235005257524,10687.0,0.0
socofing:000429:right_little,central_only,0.800000011920929,408.0,0.06835434528297155,0.010857318015285899,0.04162571576546433,19.642774413228132,0.8775409447058045,3277.0,0.682916447520256,0.0,0.0,inf,0.999066263937576,13107.0,0.0,0.048480519095889706,0.17051987539298818,13.144327386917382,0.464493242860507,489.0,0.6406345292925835,0.0,0.0,inf,0.9985983267420633,8380.0,0.0
socofing:000444:left_thumb,disconnected_fragments,0.10000000149011612,10240.0,0.08167934660652129,0.06237984118564626,0.16998803131387802,12.04955735258344,0.36410202035208067,14746.0,0.9455567598342896,0.0,0.0,inf,0.9821055860071256,1638.0,0.0,0.08564256787640911,0.23163842214600672,10.673103194505158,0.15812969614275021,10268.0,0.9455567598342896,0.0,0.0,inf,0.9802207581623462,1384.0,0.0
socofing:000444:left_index,disconnected_fragments,0.20000000298023224,7867.0,0.30574031738920615,0.04994748276258688,0.14259721770136669,13.014863943221957,0.4537839385193801,13107.0,0.9891687626950443,0.0,0.0,inf,0.9815652539650609,3277.0,0.0,0.07543028200880555,0.21292824007611236,11.224542685980005,0.1909130015350161,8142.0,0.9891687626950443,0.0,0.0,inf,0.9799637578759008,2980.0,0.0
socofing:000444:left_middle,disconnected_fragments,0.30000001192092896,7635.0,0.13246367929050898,0.03569661603908218,0.12107183158175827,14.47372952100986,0.43408172628755454,11469.0,0.844534620642662,0.0,0.0,inf,0.9833517568829688,4915.0,0.0,0.04779483804700492,0.16025017810267292,13.206190056631417,0.24709798428164126,7851.0,0.844534620642662,0.0,0.0,inf,0.9816293918060717,4434.0,0.0
socofing:000444:left_ring,disconnected_fragments,0.4000000059604645,4558.0,0.02301606185354009,0.023112521966863895,0.08127286937992569,16.36152663065513,0.6894322012011528,9830.0,0.8080295920372009,0.0,0.0,inf,0.9936509160949429,6554.0,0.0,0.04734079666643555,0.1650603193325994,13.24764437895621,0.3965465528736721,4573.0,0.8080295920372009,0.0,0.0,inf,0.9922484893124905,5273.0,0.0
socofing:000444:left_little,disconnected_fragments,0.5,3965.0,0.02718625454909442,0.02144497440173091,0.07945201010420533,16.686744678298343,0.7027625505195505,8192.0,0.7169175669550896,0.0,0.0,inf,0.9960175326968563,8192.0,0.0,0.042161560855348654,0.15357655100946688,13.750833195621809,0.4318707656939842,3970.0,0.7169175669550896,0.0,0.0,inf,0.9944914078529489,5811.0,0.0
socofing:000444:right_thumb,disconnected_fragments,0.6000000238418579,5028.0,0.15633657821450642,0.04213261693065279,0.1357032353596341,13.753815652442483,0.3279285661573371,6554.0,0.9656066289171576,0.0,0.0,inf,0.9925623282385532,9830.0,0.0,0.04824572479521336,0.15409917492320843,13.165411648095011,0.20505840812117365,5226.0,0.9645506646484137,0.0,0.0,inf,0.9898703280871164,6669.0,0.0
socofing:000444:right_index,disconnected_fragments,0.699999988079071,1793.0,0.09573785692732618,0.022239575502950873,0.07555070462911878,16.528735065902257,0.7170193696450408,4915.0,0.8548532053828239,0.0,0.0,inf,0.9980903124969135,11469.0,0.0,0.04595649700465182,0.15637478083269116,13.376530824539328,0.4546464044514851,1831.0,0.8548532053828239,0.0,0.0,inf,0.9978880703399121,9807.0,0.0
socofing:000444:right_middle,disconnected_fragments,0.800000011920929,1352.0,0.009780209170448357,0.016437015641417328,0.06215233444658255,17.841770315720375,0.6347202838241542,3277.0,0.6648617908358574,0.0,0.0,inf,0.9981087743584727,13107.0,0.0,0.03558729930993892,0.13516812444218165,14.487049689867337,0.220058100666691,1352.0,0.6273342669010162,0.0,0.0,inf,0.997865531260019,10888.0,0.0
socofing:000444:right_ring,stripes,0.10000000149011612,9786.0,0.5175955941464272,0.05605889803817236,0.16391927697413478,12.513554435119566,0.2993504000528554,14746.0,0.9015210904181004,0.0,0.0,inf,0.97930725024079,1638.0,0.0,0.07562899534083638,0.21722307855784606,11.213116687540833,0.0810189234476368,10345.0,0.9015210904181004,0.0,0.0,inf,0.9762311387708021,1271.0,0.0
socofing:000444:right_little,stripes,0.20000000298023224,8485.0,0.15970999789253448,0.04779544847510136,0.14227218164150657,13.20613458958272,0.44518358891940657,13107.0,0.8620068281888962,0.0,0.0,inf,0.9855694127933838,3277.0,0.0,0.06975073505828669,0.20615994086720138,11.564512112790862,0.19370458374724797,8658.0,0.8620068281888962,0.0,0.0,inf,0.9802176287033612,1669.0,0.0
socofing:000448:left_thumb,stripes,0.30000001192092896,7180.0,0.12443106121057025,0.053818540017741584,0.1542908054947545,12.690680878959135,0.41295794267886626,11469.0,0.9754393696784973,0.0,0.0,inf,0.9967348097060307,4915.0,0.0,0.06800529942208736,0.20865019029695414,11.674572428806304,0.17268769554261737,7400.0,0.9754393696784973,0.0,0.0,inf,0.9964081752662797,4416.0,0.0
socofing:000448:left_index,stripes,0.4000000059604645,7538.0,0.2240791795576358,0.05940495881876974,0.1621079516614738,12.261773008480862,0.2818440767780107,9830.0,0.9370587430894375,0.0,0.0,inf,0.9896034557302315,6554.0,0.0,0.07324957390145916,0.19906189669960014,11.351948972917132,0.11674912972942127,7689.0,0.9270256720483303,0.0,0.0,inf,0.9849503846936183,4106.0,0.0
socofing:000448:left_middle,stripes,0.5,6062.0,0.2677384904231111,0.07522558633783138,0.18566919084554456,11.236344185125438,0.3512441812350892,8192.0,0.9868965744972229,0.0,0.0,inf,0.9980157189156029,8192.0,0.0,0.09618730117296043,0.2384509430532837,10.168822605458276,0.19655158520395596,6199.0,0.9868965744972229,0.0,0.0,inf,0.9973990292563226,6176.0,0.0
socofing:000448:left_ring,stripes,0.6000000238418579,4576.0,0.0838782989442352,0.04373012638532894,0.13354711761696136,13.592192674900016,0.5023116257285745,6554.0,0.8740376383066177,0.0,0.0,inf,0.9981446982260064,9830.0,0.0,0.061442222952725646,0.1870868999539694,12.11533080108089,0.2981455421259087,4577.0,0.8740376383066177,0.0,0.0,inf,0.9968263057805762,5341.0,0.0
socofing:000448:left_little,stripes,0.699999988079071,3145.0,0.27280818092280446,0.0388663511111119,0.13158900266326584,14.10426230315342,0.4798393396960542,4915.0,0.773238867521286,0.0,0.0,inf,0.9979877871147559,11469.0,0.0,0.04978145713806298,0.16946087527859005,13.029323954381853,0.34609751479693995,3358.0,0.773238867521286,0.0,0.0,inf,0.998341724634817,8601.0,0.0
socofing:000448:right_thumb,stripes,0.800000011920929,2691.0,0.012872127007351455,0.03659760910268356,0.13224418167588134,14.365472858467932,0.5682137268146307,3277.0,0.7689336463809013,0.0,0.0,inf,0.9951077024711685,13107.0,0.0,0.041185753909347964,0.1478516514061305,13.852529798035714,0.5133969061142144,2878.0,0.7689336463809013,0.0,0.0,inf,0.9936333595755338,9786.0,0.0
socofing:000448:right_index,severe_partial,0.10000000149011612,10348.0,0.11185430903579092,0.07357602255773932,0.1863560345779615,11.332636933724544,0.33167076370081183,14746.0,0.9724888200871646,0.0,0.0,inf,0.9858778719313861,1638.0,0.0,0.09568567627258075,0.24143849375301604,10.191530693429288,0.1439009406096703,10531.0,0.9724888200871646,0.0,0.0,inf,0.9858778719313861,1638.0,0.0
socofing:000448:right_middle,severe_partial,0.20000000298023224,8648.0,0.37983115045068655,0.06286524384982672,0.17109503872282453,12.015893955096828,0.3721490568307908,13107.0,0.9989896416664124,0.0,0.0,inf,0.9910032204942542,3277.0,0.0,0.08258261463513619,0.22559127342105106,10.831113711145514,0.16218412093531692,9238.0,0.9989896416664124,0.0,0.0,inf,0.9894398391956718,2785.0,0.0
socofing:000448:right_ring,severe_partial,0.30000001192092896,8455.0,0.10565884715606975,0.047459082693670135,0.1523211404228608,13.23680660238513,0.40241820215840524,11469.0,0.8932424765080214,0.0,0.0,inf,0.9945690189988723,4915.0,0.0,0.06154713384169167,0.1943407083901067,12.107921667086252,0.2236773853414874,8536.0,0.8932424765080214,0.0,0.0,inf,0.9933901100000265,4009.0,0.0
socofing:000448:right_little,random_rectangles,0.10000000149011612,11438.0,0.15009840294029209,0.0842376735097829,0.20791987457192518,10.744936360748945,0.22730842542112478,14746.0,0.9800941338762641,0.0,0.0,inf,0.9608009040328593,1638.0,0.0,0.1019679005684654,0.24959132162993702,9.915365223557739,0.06739017620397007,11846.0,0.9800941338762641,0.0,0.0,inf,0.9506410032852722,51.0,0.0
socofing:000449:left_thumb,random_rectangles,0.20000000298023224,9923.0,0.17467071765191874,0.02635716307904371,0.11729400527711918,15.791013363170308,0.2607701196325343,13107.0,0.6952521502971649,0.0,0.0,inf,0.9828806180279882,3277.0,0.0,0.030432277688196785,0.1345098860377234,15.166655418778888,0.1419625886774271,11058.0,0.6952521502971649,0.0,0.0,inf,0.9567825677552286,623.0,0.0
socofing:000449:left_index,random_rectangles,0.30000001192092896,7506.0,0.23000974542032301,0.026108390927623334,0.10764861560312725,15.832198931248824,0.2814490825824273,11469.0,0.7526444047689438,0.0,0.0,inf,0.9823376031593897,4915.0,0.0,0.03010814056128702,0.12414236786826617,15.213160651085754,0.16514474360075077,9762.0,0.7526444047689438,0.0,0.0,inf,0.9377296859614933,897.0,0.0
socofing:000449:left_middle,random_rectangles,0.4000000059604645,7401.0,0.2523969571546159,0.029581064521207547,0.1162269182109093,15.289862012868063,0.28364409523638356,9830.0,0.7501293122768402,0.0,0.0,inf,0.9880160630961333,6554.0,0.0,0.03432051194592364,0.13402092990594558,14.644462425706683,0.1677820232352924,8354.0,0.7501293122768402,0.0,0.0,inf,0.9738871626718135,2587.0,0.0
socofing:000449:left_ring,random_rectangles,0.5,3601.0,0.12962763919724504,0.013069500149457802,0.06462175449360075,18.837410219438183,0.5234138897677756,8192.0,0.6782998144626617,0.0,0.0,inf,0.9828428904467749,8192.0,0.0,0.01983258246845858,0.09737746520490037,17.026207311412666,0.2835447948135527,5369.0,0.6782998144626617,0.0,0.0,inf,0.9590426948765608,3266.0,0.0
socofing:000449:left_little,random_rectangles,0.6000000238418579,4072.0,0.24644406341387998,0.012852520566601884,0.06966480076185698,18.910116925023942,0.38191279898304475,6554.0,0.6457184255123138,0.0,0.0,inf,0.9912812007698087,9830.0,0.0,0.014573567758265385,0.07897486931106211,18.364341154880467,0.29988071855266246,5780.0,0.6457184255123138,0.0,0.0,inf,0.9760333345851041,3124.0,0.0
socofing:000449:right_thumb,random_rectangles,0.699999988079071,4192.0,0.06194854861056604,0.02942483400515164,0.10365526604039857,15.31285978470934,0.3921717615023044,4915.0,0.8476350158452988,0.0,0.0,inf,0.9889495389381501,11469.0,0.0,0.029595865365366427,0.10410204276639383,15.287689569960982,0.3796079476626263,4794.0,0.8476350158452988,0.0,0.0,inf,0.9834720055130721,7188.0,0.0
socofing:000449:right_index,random_rectangles,0.800000011920929,2092.0,0.1121312085041276,0.017449836220187847,0.07197430318351898,17.58208644865401,0.49208417141780786,3277.0,0.8503925409168005,0.0,0.0,inf,0.9940928494187116,13107.0,0.0,0.02140414754267847,0.088116354155342,16.69502064016683,0.37808961504288807,2671.0,0.8503925409168005,0.0,0.0,inf,0.9899889743996815,7554.0,0.0
socofing:000449:right_middle,irregular,0.10000000149011612,8419.0,0.0930432016425948,0.030199369784292197,0.10163087897434948,15.20002120024973,0.37757268650018777,14746.0,0.9134677946567535,0.0,0.0,inf,0.9509358867041282,1638.0,0.0,0.03982621788021115,0.1327490505042187,13.998309346588307,0.16826162712681395,10720.0,0.9134677946567535,0.0,0.0,inf,0.9461486450038454,1374.0,0.0
socofing:000449:right_ring,irregular,0.20000000298023224,6465.0,0.14615846342747751,0.021492707389665033,0.08475414605458377,16.677088739300544,0.5203346912667184,13107.0,0.762488529086113,0.0,0.0,inf,0.9681923430648532,3277.0,0.0,0.03255868190272727,0.12852836067978465,14.873331852926432,0.2523014619833774,8027.0,0.762488529086113,0.0,0.0,inf,0.8967637951092351,970.0,0.0
socofing:000449:right_little,irregular,0.30000001192092896,5386.0,0.2321890991657397,0.016253557144937963,0.0732498843869561,17.890515774938482,0.5415239682327392,11469.0,0.6898917853832245,0.0,0.0,inf,0.9683044093686404,4915.0,0.0,0.026735482209190402,0.120927160567728,15.729119784272307,0.24341758196904498,6460.0,0.6898917853832245,0.0,0.0,inf,0.9042024864824555,1608.0,0.0
socofing:000472:left_thumb,irregular,0.4000000059604645,7058.0,0.10612180912018755,0.017903144457300894,0.08819965574272652,17.470706840748278,0.49000476275627963,9830.0,0.7472504675388336,0.0,0.0,inf,0.9832194807877753,6554.0,0.0,0.022479019979626935,0.10926664722314511,16.48222626675836,0.35237602774858345,7401.0,0.7472504675388336,0.0,0.0,inf,0.9769616047260423,4515.0,0.0
socofing:000472:left_index,irregular,0.5,5546.0,0.06004523061824837,0.01259884049626741,0.067442050975842,18.996694222827816,0.5483993973118887,8192.0,0.7222959399223328,0.0,0.0,inf,0.9717733386239825,8192.0,0.0,0.016898384201626947,0.08823906085079111,17.721548199937533,0.40488519767933384,5864.0,0.7222959399223328,0.0,0.0,inf,0.9621849115298601,5836.0,0.0
socofing:000472:left_middle,irregular,0.6000000238418579,4000.0,0.01785448432499704,0.011356930465319198,0.06242795031362003,19.44739033247305,0.6392874823667536,6554.0,0.6391684114933014,0.0,0.0,inf,0.986226845902593,9830.0,0.0,0.016831196992003833,0.09143397979501594,17.7388499700477,0.45283114424379955,4238.0,0.6391684114933014,0.0,0.0,inf,0.9760197097632877,5471.0,0.0
socofing:000472:left_ring,irregular,0.699999988079071,2656.0,0.05080059712283552,0.009947560397499127,0.05428886203320805,20.022834153159334,0.6605090217793335,4915.0,0.6583494544029236,0.0,0.0,inf,0.9884104732158737,11469.0,0.0,0.017071482887332855,0.0921071840764981,17.6772875294416,0.4255284327838444,2840.0,0.6583494544029236,0.0,0.0,inf,0.9813141389638521,6945.0,0.0
socofing:000472:left_little,irregular,0.800000011920929,1331.0,0.017987094709020598,0.004858844945677676,0.02757306848497772,23.134669598196908,0.8803110146505476,3277.0,0.5949718058109283,0.0,0.0,inf,0.9967864631726242,13107.0,0.0,0.011954395669998254,0.0669430981982838,19.224723738617897,0.720093540009252,1331.0,0.5949718058109283,0.0,0.0,inf,0.9955220951649826,8057.0,0.0
socofing:000472:right_thumb,central_missing,0.10000000149011612,11337.0,0.23514334342620194,0.08440151783895526,0.1909214862313227,10.736497431473854,0.2111335567324313,14746.0,0.9995071887969971,0.0,0.0,inf,0.9922349203399797,1638.0,0.0,0.09852679818739413,0.22287810438551972,10.064456301925164,0.07566450088643475,12014.0,0.9995071887969971,0.0,0.0,inf,0.981305436355125,216.0,0.0
socofing:000472:right_index,central_missing,0.20000000298023224,10334.0,0.3451002043016505,0.04427071378484379,0.14093311780292056,13.538834757550603,0.22337821357873144,13107.0,0.9962303042411804,0.0,0.0,inf,0.9884384489762431,3277.0,0.0,0.04978868110658083,0.15764344526729113,13.028693779567282,0.12248818146504024,11206.0,0.9962303042411804,0.0,0.0,inf,0.9270509858403904,288.0,0.0
socofing:000472:right_middle,central_missing,0.30000001192092896,8680.0,0.20535496340590545,0.04046385976200947,0.14344458146924077,13.929326931571186,0.2832193011017182,11469.0,0.8593900874257088,0.0,0.0,inf,0.9960642890208582,4915.0,0.0,0.05110133751025925,0.17541127650554483,12.915677326299992,0.1522626213524901,8769.0,0.8593900874257088,0.0,0.0,inf,0.9925529315154276,1511.0,0.0
socofing:000472:right_ring,central_missing,0.4000000059604645,7898.0,0.13758774434485987,0.021769505793207786,0.10357030376276553,16.621514301099857,0.31441861417929245,9830.0,0.7992996573448181,0.0,0.0,inf,0.9940156501469826,6554.0,0.0,0.025667800921772257,0.12065515146072968,15.906113377348701,0.21452831969747846,8288.0,0.7992996573448181,0.0,0.0,inf,0.9810248288697321,1814.0,0.0
socofing:000472:right_little,central_missing,0.5,7419.0,0.25659208711693904,0.030843822228473053,0.1298022533233052,15.108318086406465,0.19701483918926516,8192.0,0.7809848785400391,0.0,0.0,inf,0.9917730757909682,8192.0,0.0,0.032986079152292236,0.13793533132320185,14.816693032397596,0.15903651673029948,7646.0,0.7809848785400391,0.0,0.0,inf,0.978821106656648,2412.0,0.0
socofing:000484:left_thumb,central_missing,0.6000000238418579,6550.0,0.05184006339480904,0.09148086969250595,0.25104779527132703,10.38669715284562,0.2250332966595584,6554.0,0.8134008646011353,0.0,0.0,inf,0.9963286847086126,9830.0,0.0,0.09148086969250595,0.25104779527132703,10.38669715284562,0.2250332966595584,6554.0,0.8134008646011353,0.0,0.0,inf,0.9920736372519365,4553.0,0.0
socofing:000484:left_index,central_missing,0.699999988079071,4750.0,0.11495285719338695,0.07178001209310328,0.2073964546246043,11.439964728352173,0.20354123140506347,4915.0,0.9708565976470709,0.0,0.0,inf,0.9953131501750254,11469.0,0.0,0.07178001209310328,0.2073964546246043,11.439964728352173,0.20354123140506347,4915.0,0.9708565976470709,0.0,0.0,inf,0.9917437091406852,5727.0,0.0
socofing:000484:left_middle,central_missing,0.800000011920929,3274.0,0.036922251475496395,0.06899838407491544,0.20210448768221353,11.611610802129647,0.2987375948764722,3277.0,0.8812327161431313,0.0,0.0,inf,0.9980032409018648,13107.0,0.0,0.06899838407491544,0.20210448768221353,11.611610802129647,0.2987375948764722,3277.0,0.8812327161431313,0.0,0.0,inf,0.9956883819605833,6070.0,0.0
socofing:000484:left_ring,peripheral_only,0.10000000149011612,7872.0,0.16568011018827578,0.03884090899294657,0.11130630544500299,14.107106148608056,0.49513040062122465,14746.0,0.9667800050228834,0.0,0.0,inf,0.969743231579814,1638.0,0.0,0.06481955883500375,0.18281256431800125,11.882939291226222,0.17234782783403654,8373.0,0.9667800050228834,0.0,0.0,inf,0.9492265466645168,932.0,0.0
socofing:000484:left_little,peripheral_only,0.20000000298023224,5469.0,0.31974675841502626,0.033542509682317694,0.10638919112919804,14.744044461901098,0.540172500516324,13107.0,0.9459272008389235,0.0,0.0,inf,0.9794013444151021,3277.0,0.0,0.06291907418707782,0.20266257441573246,12.012176763602813,0.17137282676021134,6082.0,0.8035870939493179,0.0,0.0,inf,0.966805411024113,1567.0,0.0
socofing:000484:right_thumb,peripheral_only,0.30000001192092896,8032.0,0.05255649780698167,0.055328025917118454,0.15980618401885774,12.570548249710411,0.4327874846643183,11469.0,0.9284043610095978,0.0,0.0,inf,0.9884019196807814,4915.0,0.0,0.07153262967899311,0.20605398654791,11.454958091498442,0.2754614356902773,8333.0,0.9284043610095978,0.0,0.0,inf,0.9864739202818221,4130.0,0.0
socofing:000484:right_index,peripheral_only,0.4000000059604645,6056.0,0.1179004828892528,0.03591221123334321,0.12076643855466829,14.447578531063602,0.4868720185854333,9830.0,0.8244961462914944,0.0,0.0,inf,0.9854374527080214,6554.0,0.0,0.05296032965913992,0.175788791051897,12.760493202318802,0.25867252870728824,6510.0,0.8244961462914944,0.0,0.0,inf,0.982241211348207,4743.0,0.0
socofing:000484:right_middle,peripheral_only,0.5,5282.0,0.03329599059707225,0.03768473316775606,0.12416437559778615,14.238345554666614,0.5053920749643055,8192.0,0.7991565465927124,0.0,0.0,inf,0.9921738173007395,8192.0,0.0,0.055592833879654295,0.18008704588711494,12.549811869629352,0.2964888400003519,5459.0,0.7991565465927124,0.0,0.0,inf,0.9902258523516309,6381.0,0.0
socofing:000484:right_ring,peripheral_only,0.6000000238418579,3561.0,0.0374025437816112,0.03308281650016643,0.10210178073422871,14.80397523955917,0.5627410400679657,6554.0,0.8190994933247566,0.0,0.0,inf,0.9883450819477247,9830.0,0.0,0.05492851446642624,0.16613135588128186,12.602021462500375,0.27798591085512425,3706.0,0.8190994933247566,0.0,0.0,inf,0.981918257603097,6154.0,0.0
socofing:000484:right_little,peripheral_only,0.699999988079071,2715.0,0.08156180283131413,0.033523501160516375,0.10581192614170529,14.74650630397125,0.492767402688008,4915.0,0.8416388481855392,0.0,0.0,inf,0.9927325651893166,11469.0,0.0,0.05446323971858807,0.16972041631599052,12.6389652843752,0.19952199880677526,3011.0,0.8416388481855392,0.0,0.0,inf,0.9885736393020261,6905.0,0.0
socofing:000493:left_thumb,peripheral_only,0.800000011920929,2020.0,0.06066718984738361,0.05774808225766883,0.16071444531112028,12.384624335785228,0.4737378070243993,3277.0,0.9547189958393574,0.0,0.0,inf,0.9961020730805857,13107.0,0.0,0.08326911637981511,0.22684073810056832,10.795160438850733,0.27870601470648027,2203.0,0.9547189958393574,0.0,0.0,inf,0.994962128529695,9599.0,0.0
socofing:000493:left_index,central_only,0.10000000149011612,8981.0,0.22226531312346406,0.061188501117177885,0.15892447882300834,12.133301852166795,0.36602041863584556,14746.0,0.9637793889269233,0.0,0.0,inf,0.9816922116295741,1638.0,0.0,0.0769620742850718,0.2092589892634205,11.137232356893108,0.1384050311490748,9850.0,0.9637793889269233,0.0,0.0,inf,0.9816922116295741,1638.0,0.0
socofing:000493:left_middle,central_only,0.20000000298023224,7345.0,0.20115962835168708,0.06914598096696843,0.15822387030811286,11.602330577035238,0.3450547426931196,13107.0,0.9988740086555481,0.0,0.0,inf,0.9775328135226347,3277.0,0.0,0.08678098327878536,0.20444554241838458,10.615754333709992,0.15229550251473506,8704.0,0.9988740086555481,0.0,0.0,inf,0.9775328135226347,3277.0,0.0
socofing:000493:left_ring,central_only,0.30000001192092896,5152.0,0.14961995638748943,0.034265796921204114,0.10740447136554736,14.651391633225295,0.5780626901328119,11469.0,0.717792198061943,0.0,0.0,inf,0.9896075294852039,4915.0,0.0,0.060786609002861605,0.19114062983862065,12.161920831729173,0.267745655536073,5762.0,0.717792198061943,0.0,0.0,inf,0.9896075294852039,4915.0,0.0
socofing:000493:left_little,central_only,0.4000000059604645,1986.0,0.11177713934712534,0.015038908818701777,0.05007683335370474,18.227836737981246,0.808946348202049,9830.0,0.7083912342786789,0.0,0.0,inf,0.9953092421712003,6554.0,0.0,0.053531883549318544,0.17651127118689378,12.71387475453032,0.31191435314302457,2429.0,0.7083912342786789,0.0,0.0,inf,0.9949110556984344,6040.0,0.0
socofing:000493:right_thumb,central_only,0.5,3305.0,0.16794794492197043,0.01850320450658002,0.06887401213236899,17.327530511101685,0.7135780905032376,8192.0,0.8149491474032402,0.0,0.0,inf,0.9963971008483895,8192.0,0.0,0.03697050174155804,0.13494553804459353,14.321446554017008,0.42190910458355635,3498.0,0.7783779352903366,0.0,0.0,inf,0.9963803808880128,8154.0,0.0
socofing:000493:right_index,central_only,0.6000000238418579,2264.0,0.15153609645868882,0.03498270204139466,0.09922977517569835,14.561466489354748,0.6754810733235055,6554.0,0.9184963330626488,0.0,0.0,inf,0.9964655243929635,9830.0,0.0,0.08082384983320035,0.22114913611249212,10.924604669162022,0.39361460190826275,2447.0,0.9184963330626488,0.0,0.0,inf,0.9962093988290298,9136.0,0.0
socofing:000493:right_middle,central_only,0.699999988079071,1018.0,0.21387902331783878,0.012460395666045343,0.0494959908200282,19.044681669182683,0.785731116080871,4915.0,0.6483894139528275,0.0,0.0,inf,0.996885594662396,11469.0,0.0,0.03429096446347322,0.13552852402120397,14.648202997997847,0.3913927207163457,1138.0,0.6040174700319767,0.0,0.0,inf,0.9967088813877079,10789.0,0.0
socofing:000493:right_ring,central_only,0.800000011920929,310.0,0.07172063336180759,0.004560467615985136,0.016915822962653104,23.40990623864098,0.9329162366571658,3277.0,0.8127752393484116,0.0,0.0,inf,0.9993814949939448,13107.0,0.0,0.03393466664070288,0.11812103105468984,14.6935641277027,0.6283496453201336,326.0,0.8127752393484116,0.0,0.0,inf,0.9993143701569545,10965.0,0.0
socofing:000493:right_little,disconnected_fragments,0.10000000149011612,6336.0,0.31367340330789084,0.041701539307363165,0.1175705877274629,13.7984791384266,0.49608370884381414,14746.0,0.9343717657029629,0.0,0.0,inf,0.9597124172753183,1638.0,0.0,0.07752496639912221,0.21431652574688453,11.105584133225479,0.11341914188497541,7818.0,0.9343717657029629,0.0,0.0,inf,0.9442085810305282,1127.0,0.0
socofing:000496:left_thumb,disconnected_fragments,0.20000000298023224,7658.0,0.14548796853390336,0.04621571120281664,0.13705986417926483,13.352103593193139,0.4134768430735971,13107.0,0.9040102921426296,0.0,0.0,inf,0.9852736884086427,3277.0,0.0,0.06370705573279223,0.18844758768426287,11.95812465684693,0.20218301798016428,8842.0,0.9040102921426296,0.0,0.0,inf,0.9849604269118188,3196.0,0.0
socofing:000496:left_index,disconnected_fragments,0.30000001192092896,7104.0,0.19396100741412964,0.037483034088181176,0.11672465163391457,14.26165262116631,0.4798749631009659,11469.0,0.9315706454217434,0.0,0.0,inf,0.9902238088266656,4915.0,0.0,0.056747220110849726,0.1752884125277548,12.46055408497636,0.2250152856598652,7503.0,0.9315706454217434,0.0,0.0,inf,0.9884939842693804,4002.0,0.0
socofing:000496:left_middle,disconnected_fragments,0.4000000059604645,6596.0,0.22041791843533215,0.053335485639668674,0.15757315045957845,12.72983746140531,0.3580179520183628,9830.0,0.8858174607157707,0.0,0.0,inf,0.9891226043416524,6554.0,0.0,0.07120890760111591,0.207644454327541,11.47465676587263,0.16171511689121237,7188.0,0.8858174607157707,0.0,0.0,inf,0.98701932057668,5441.0,0.0
socofing:000496:left_ring,disconnected_fragments,0.5,4212.0,0.0764434393118881,0.03471514604958964,0.11889003498691864,14.594810032895412,0.5080812920519155,8192.0,0.7650700733065605,0.0,0.0,inf,0.9944637569463974,8192.0,0.0,0.05716492854068496,0.19254685469552524,12.42870335063879,0.2341763239682678,4724.0,0.7650700733065605,0.0,0.0,inf,0.9929088042998743,6173.0,0.0
socofing:000496:left_little,disconnected_fragments,0.6000000238418579,3796.0,0.11122612378285003,0.036732054112101245,0.11886175220399109,14.349547845703931,0.4760069443689309,6554.0,0.9576286040246487,0.0,0.0,inf,0.9948134737830053,9830.0,0.0,0.0564402753814039,0.17944526637543257,12.484108759181794,0.21890609815849846,4119.0,0.9576286040246487,0.0,0.0,inf,0.9937421723334222,7268.0,0.0
socofing:000496:right_thumb,disconnected_fragments,0.699999988079071,3252.0,0.30040508827637963,0.04369999414941604,0.14713916842695912,13.59518621173205,0.4164411778984891,4915.0,0.8965414129197598,0.0,0.0,inf,0.9985148698923123,11469.0,0.0,0.05898018904225739,0.19691045345901007,12.29293839789008,0.21135612606876908,3359.0,0.8965414129197598,0.0,0.0,inf,0.9980798145939671,8829.0,0.0
socofing:000496:right_index,disconnected_fragments,0.800000011920929,1433.0,0.12299022993746438,0.01936464143502295,0.07923619910124843,17.12990540208115,0.7077202082054627,3277.0,0.7076224610209465,0.0,0.0,inf,0.9969800231354493,13107.0,0.0,0.035878993501238056,0.14156688829786818,14.45159748542924,0.50316595758636,1496.0,0.7076224610209465,0.0,0.0,inf,0.9959247401242105,9633.0,0.0
socofing:000496:right_middle,stripes,0.10000000149011612,11021.0,0.30105137964059364,0.06228907952316464,0.16356695530625134,12.055880868648865,0.24593502123777322,14746.0,0.9680945258587599,0.0,0.0,inf,0.975442745793827,1638.0,0.0,0.07502627935061368,0.197256625199338,11.247865902360024,0.0936419561135823,11722.0,0.9680945258587599,0.0,0.0,inf,0.9567054415975581,837.0,0.0
socofing:000496:right_ring,stripes,0.20000000298023224,9166.0,0.2201982080584874,0.046568113608169495,0.14456267275588072,13.31911354211474,0.33773197909403163,13107.0,0.9546954613178968,0.0,0.0,inf,0.9820054351924565,3277.0,0.0,0.06076437257060274,0.1873162365241063,12.163509820943405,0.13914189969217372,9936.0,0.9546954613178968,0.0,0.0,inf,0.9690517761949381,1447.0,0.0
socofing:000496:right_little,stripes,0.30000001192092896,6388.0,0.08944033182420752,0.028116647452533585,0.09749634438755857,15.510364645791594,0.5736690862546341,11469.0,0.841450423002243,0.0,0.0,inf,0.991984816533769,4915.0,0.0,0.04873775314626493,0.16601389508471617,13.121344960513966,0.2962066619283706,6588.0,0.841450423002243,0.0,0.0,inf,0.9879061770985945,3226.0,0.0
socofing:000503:left_thumb,stripes,0.4000000059604645,4699.0,0.16921121950519513,0.03644670625718978,0.11251139998111953,14.3834171340805,0.5340856032906653,9830.0,0.9104282837361097,0.0,0.0,inf,0.9921689946515103,6554.0,0.0,0.06607021716164865,0.20206315100593863,11.799942657366994,0.1695097273112868,5316.0,0.9104282837361097,0.0,0.0,inf,0.9856818875351954,3130.0,0.0
socofing:000503:left_index,stripes,0.5,5463.0,0.21023704877423827,0.04562097553862848,0.13749050059794854,13.408354322002424,0.388323279063704,8192.0,0.9093340002000332,0.0,0.0,inf,0.9945606218229778,8192.0,0.0,0.05799929307324275,0.17363434090296598,12.365772998208698,0.24130727687376496,6419.0,0.9093340002000332,0.0,0.0,inf,0.9892499714431346,3793.0,0.0
socofing:000503:left_middle,stripes,0.6000000238418579,3626.0,0.2557097857253678,0.02257549857134563,0.07903164644465009,16.463626496792067,0.5368913428034411,6554.0,0.8501924835145473,0.0,0.0,inf,0.9936404416962331,9830.0,0.0,0.033422530424123575,0.11507301745759277,14.75960672706185,0.3399465889643874,4241.0,0.8501924835145473,0.0,0.0,inf,0.9931968118446243,6205.0,0.0
socofing:000503:left_ring,stripes,0.699999988079071,3309.0,0.025687146551507077,0.04143713123398711,0.13207882637677226,13.826103191985338,0.5355203353473101,4915.0,0.83082115650177,0.0,0.0,inf,0.9975049636448708,11469.0,0.0,0.06091177472956592,0.19264298909743877,12.152987466809977,0.326080455447578,3331.0,0.83082115650177,0.0,0.0,inf,0.9959485204510069,6160.0,0.0
socofing:000503:left_little,stripes,0.800000011920929,863.0,0.05369898324855987,0.012034087568394487,0.03996005350553911,19.19586832604032,0.8131140700086339,3277.0,0.8196546994149685,0.0,0.0,inf,0.9991004593009969,13107.0,0.0,0.04292722688323797,0.13626702487827635,13.672671662190778,0.5418995844273339,903.0,0.8196546994149685,0.0,0.0,inf,0.9988421057426775,7183.0,0.0
socofing:000503:right_thumb,severe_partial,0.10000000149011612,7839.0,0.28972380606019343,0.04047135059349509,0.11899733683170172,13.928523022673174,0.39761646636227954,14746.0,0.8891190961003304,0.0,0.0,inf,0.9614582094306979,1638.0,0.0,0.054107222394060156,0.15723099160537798,12.667447600961532,0.19535648442650175,9989.0,0.8891190961003304,0.0,0.0,inf,0.9607572211091231,1608.0,0.0
socofing:000503:right_index,severe_partial,0.20000000298023224,7140.0,0.1590349091410723,0.041498085863692497,0.12077120975524805,13.81971935047133,0.4904729875176792,13107.0,0.9189141653478146,0.0,0.0,inf,0.9812985838150657,3277.0,0.0,0.06971733914545637,0.19851372066898834,11.566591966695825,0.1888268227410857,7669.0,0.9189141653478146,0.0,0.0,inf,0.9779081413401194,2665.0,0.0
socofing:000503:right_middle,severe_partial,0.30000001192092896,5273.0,0.19012478377253933,0.058109214780241475,0.15097325574291995,12.357549930677187,0.5150106987573863,11469.0,0.8220405727624893,0.0,0.0,inf,0.9912349231538296,4915.0,0.0,0.10130269183896863,0.26008425803783186,9.943790143112105,0.19072504912461422,6129.0,0.8220405727624893,0.0,0.0,inf,0.9862711937944605,3092.0,0.0
socofing:000503:right_ring,random_rectangles,0.10000000149011612,9327.0,0.5345732228293848,0.09941579590924128,0.22086907834890102,10.025446062344603,0.24559639820063567,14746.0,0.8739076778292656,0.0,0.0,inf,0.9634073057699862,1638.0,0.0,0.12890006238038335,0.28196940928939,8.897468724724332,0.07032318701173428,10850.0,0.8739076778292656,0.0,0.0,inf,0.9315803457313515,203.0,0.0
socofing:000503:right_little,random_rectangles,0.20000000298023224,6024.0,0.20791475871862555,0.057041022049086225,0.14809131417280666,12.438127014889087,0.4521041981688426,13107.0,0.8863093331456184,0.0,0.0,inf,0.9808305562687311,3277.0,0.0,0.10459073631643118,0.25878486857999355,9.805067795683458,0.11378705274192392,6505.0,0.8863093331456184,0.0,0.0,inf,0.925020366949717,328.0,0.0
socofing:000504:left_thumb,random_rectangles,0.30000001192092896,10447.0,0.17416546083015383,0.07431841000409589,0.2044557251887342,11.28903590373861,0.17868065889798965,11469.0,0.9173532128334045,0.0,0.0,inf,0.9792008582763017,4915.0,0.0,0.08031697929486642,0.22049414982314372,10.951926336183828,0.12219686915722996,10602.0,0.9173532128334045,0.0,0.0,inf,0.9221532313927249,621.0,0.0
socofing:000504:left_index,random_rectangles,0.4000000059604645,8265.0,0.14381485301060062,0.054311089998383216,0.17326657434113965,12.6511148103111,0.2229005228698004,9830.0,0.8839210253208876,0.0,0.0,inf,0.98460740260442,6554.0,0.0,0.06018915822096707,0.19138213216613073,12.204817304839057,0.14322809303854875,8706.0,0.8839210253208876,0.0,0.0,inf,0.9746745025187321,2871.0,0.0
socofing:000504:left_middle,random_rectangles,0.5,6599.0,0.16819787580641699,0.04914658254081912,0.15439526921669255,13.085066759043853,0.34049905440902983,8192.0,0.873260147869587,0.0,0.0,inf,0.9871229692250181,8192.0,0.0,0.059042878533630376,0.18450417670244443,12.28832477391025,0.22346611658784213,6764.0,0.873260147869587,0.0,0.0,inf,0.9799398604488145,4946.0,0.0
socofing:000504:left_ring,random_rectangles,0.6000000238418579,6249.0,0.0859639945420811,0.06284490424172538,0.19430205589393368,12.017299311748406,0.26351641847327617,6554.0,0.7408584915101528,0.0,0.0,inf,0.9928496054520554,9830.0,0.0,0.06496547596301026,0.20083067315272188,11.873173753880817,0.24164258541964576,6340.0,0.7408584915101528,0.0,0.0,inf,0.9862637683241713,4600.0,0.0
socofing:000504:left_little,random_rectangles,0.699999988079071,4000.0,0.035704323598754514,0.03747982459253445,0.137757994409931,14.262024502995377,0.49213242283855785,4915.0,0.7426385134458542,0.0,0.0,inf,0.9937954050713177,11469.0,0.0,0.04530901364270537,0.1656394460161919,13.438153921177225,0.4102623874634144,4061.0,0.7426385134458542,0.0,0.0,inf,0.9892429627472735,6026.0,0.0
socofing:000504:right_thumb,random_rectangles,0.800000011920929,3100.0,0.015510515053475294,0.06056586830947159,0.1899447753045823,12.177720520854242,0.3474068551591732,3277.0,0.8723310828208923,0.0,0.0,inf,0.9941869261862089,13107.0,0.0,0.06145373361773054,0.19177758467211042,12.114517264419671,0.3332807303007389,3199.0,0.8723310828208923,0.0,0.0,inf,0.9918499361151457,8905.0,0.0
socofing:000504:right_index,irregular,0.10000000149011612,10752.0,0.20665435396648232,0.03601774906165986,0.123166345328715,14.434834320119418,0.3916059597931301,14746.0,0.8718089312314987,0.0,0.0,inf,0.9485949363137338,1638.0,0.0,0.04484770793613967,0.15191110312567746,13.482597478511792,0.2450090138582541,11227.0,0.8718089312314987,0.0,0.0,inf,0.9191531240835769,897.0,0.0
socofing:000504:right_middle,irregular,0.20000000298023224,9003.0,0.06966737148443555,0.04587732717370656,0.1472297764060914,13.38401892155333,0.39736049256971356,13107.0,0.8324788175523281,0.0,0.0,inf,0.9567054998977637,3277.0,0.0,0.05927832849197616,0.1909695211170471,12.27104050928624,0.21389597389099466,9384.0,0.8172978088259697,0.0,0.0,inf,0.9470400141373969,2592.0,0.0
socofing:000504:right_ring,irregular,0.30000001192092896,8121.0,0.1055549031300626,0.038014345438598045,0.13148207074078008,14.20052483142566,0.4576814044420785,11469.0,0.8817908018827438,0.0,0.0,inf,0.9706333130901582,4915.0,0.0,0.04974124725245298,0.17076799124874298,13.032833290768062,0.30404086287304044,8370.0,0.8817908018827438,0.0,0.0,inf,0.9583905175735096,3146.0,0.0
socofing:000504:right_little,irregular,0.4000000059604645,5270.0,0.04947272498724138,0.023224478786749245,0.08532231124885388,16.340540238393245,0.6829512163540911,9830.0,0.8461989164352417,0.0,0.0,inf,0.9850274147016179,6554.0,0.0,0.04153383235841377,0.15072817873317543,13.815979943579048,0.45216239507540923,5355.0,0.8461989164352417,0.0,0.0,inf,0.9807635641653716,4684.0,0.0
socofing:000509:left_thumb,irregular,0.5,6089.0,0.049720804782311064,0.025901387123745324,0.10977392732866065,15.866769770748483,0.436108617062053,8192.0,0.7684440016746521,0.0,0.0,inf,0.983656589259386,8192.0,0.0,0.03259762142949848,0.13753347291391255,14.868140882060022,0.2887767813313395,6239.0,0.7684440016746521,0.0,0.0,inf,0.9735871777169827,4322.0,0.0
socofing:000509:left_index,irregular,0.6000000238418579,4821.0,0.08126966815679311,0.018657719892682268,0.08701917589896466,17.291414312503374,0.5432409818587434,6554.0,0.7375521808862686,0.0,0.0,inf,0.9848496645073874,9830.0,0.0,0.022742710627432116,0.10588396264734866,16.431577744600876,0.43735462045924545,5256.0,0.7375521808862686,0.0,0.0,inf,0.9747279494503555,5554.0,0.0
socofing:000509:left_middle,irregular,0.699999988079071,3465.0,0.10937312341480551,0.013760290020258569,0.0746471953204059,18.613724125488663,0.5284254644171305,4915.0,0.6349765360355377,0.0,0.0,inf,0.9905964646378371,11469.0,0.0,0.017808137182202886,0.0960379158648775,17.49381507476783,0.38515346761662245,3732.0,0.6349765360355377,0.0,0.0,inf,0.9809033419832817,5477.0,0.0
socofing:000509:left_ring,irregular,0.800000011920929,2816.0,0.06318333777180689,0.012344834263791746,0.0813696625431318,19.085147363358455,0.44128168795665196,3277.0,0.6029661297798157,0.0,0.0,inf,0.9902793881179284,13107.0,0.0,0.012821169261159442,0.08396518904621862,18.92072366352811,0.4054491423887692,2975.0,0.6029661297798157,0.0,0.0,inf,0.982554380702015,7029.0,0.0
socofing:000509:left_little,central_missing,0.10000000149011612,8636.0,0.23469377144393955,0.03245047070960108,0.10552237064927658,14.887789991687068,0.41695613426870654,14746.0,0.7487823814153671,0.0,0.0,inf,0.9841850755417627,1638.0,0.0,0.04751738652976926,0.1529950037628562,13.231474536942105,0.16476515187739668,9950.0,0.7487823814153671,0.0,0.0,inf,0.9123433232279115,37.0,0.0
socofing:000509:right_thumb,central_missing,0.20000000298023224,10096.0,0.2396451595193888,0.03380222839593239,0.12203201938554335,14.710546681200965,0.23233598252060328,13107.0,0.9976297616958618,0.0,0.0,inf,0.9551103425232378,3277.0,0.0,0.035052183542927,0.12744607022666812,14.552849228868565,0.17670852354949027,11870.0,0.9947802419774234,0.0,0.0,inf,0.8297393076759796,633.0,0.0
socofing:000509:right_index,central_missing,0.30000001192092896,8215.0,0.30801869575879415,0.04183224108026623,0.14282618464228014,13.784888683210756,0.228975502021269,11469.0,0.8424257561564445,0.0,0.0,inf,0.9908161985054439,4915.0,0.0,0.047253773721124326,0.16099668996487995,13.2556350269299,0.1235853827867148,8907.0,0.8424257561564445,0.0,0.0,inf,0.9732896694379337,1057.0,0.0
socofing:000509:right_middle,central_missing,0.4000000059604645,8574.0,0.4410416639247343,0.02628489658788708,0.11506271984727555,15.802937272777928,0.24434956575427288,9830.0,0.7446351796388626,0.0,0.0,inf,0.9913486441784782,6554.0,0.0,0.028786516102125147,0.1257058833571551,15.408108925785633,0.18664684667226353,8969.0,0.7446351796388626,0.0,0.0,inf,0.9722668413603001,1955.0,0.0
socofing:000509:right_ring,central_missing,0.5,6805.0,0.21860965702227153,0.031558277377969846,0.13109078014713305,15.00886710965155,0.24286929171227822,8192.0,0.7321493476629257,0.0,0.0,inf,0.9952419309901518,8192.0,0.0,0.03603038662468317,0.14939171483972327,14.43331077648023,0.14508370927985795,7174.0,0.7321493476629257,0.0,0.0,inf,0.9810309525987057,1896.0,0.0
socofing:000509:right_little,central_missing,0.6000000238418579,5075.0,0.19396599771679726,0.03292871315445581,0.1368949782816073,14.82425241071846,0.297895873790673,6554.0,0.7191692590713501,0.0,0.0,inf,0.996455161092693,9830.0,0.0,0.03997999101929999,0.1644152167577408,13.98157307773402,0.1942783428793823,5185.0,0.7191692590713501,0.0,0.0,inf,0.9876423718949522,2200.0,0.0
socofing:000511:left_thumb,central_missing,0.699999988079071,4915.0,0.3214133207229951,0.02943564234384229,0.12577437585331538,15.311264825852122,0.21756676423129395,4915.0,0.717302531003952,0.0,0.0,inf,0.9964367009196544,11469.0,0.0,0.02943564234384229,0.12577437585331538,15.311264825852122,0.21756676423129395,4915.0,0.717302531003952,0.0,0.0,inf,0.9933617767214097,5855.0,0.0
socofing:000511:left_index,central_missing,0.800000011920929,3080.0,0.29539599557479496,0.023174834503898994,0.11190370810643034,16.349833585556368,0.28027038226203055,3277.0,0.7122783958911896,0.0,0.0,inf,0.9971979747292565,13107.0,0.0,0.023174834503898994,0.11190370810643034,16.349833585556368,0.28027038226203055,3277.0,0.7122783958911896,0.0,0.0,inf,0.994887786021209,7184.0,0.0
socofing:000511:left_middle,peripheral_only,0.10000000149011612,7489.0,0.20806108934507472,0.028910796707243044,0.09840766862732057,15.389399401248527,0.49946519111444887,14746.0,0.841211914550513,0.0,0.0,inf,0.9687720440946221,1638.0,0.0,0.05012916390365734,0.16865396094825774,12.999095388550508,0.15799799708052722,8321.0,0.841211914550513,0.0,0.0,inf,0.9486424742520518,951.0,0.0
socofing:000511:left_ring,peripheral_only,0.20000000298023224,8974.0,0.2681291305575824,0.03925500521068593,0.12502503257630193,14.06104960656444,0.3988752385006357,13107.0,0.9057961851358414,0.0,0.0,inf,0.9705228709357865,3277.0,0.0,0.05213547869437425,0.16424117240542446,12.828666345260471,0.19315806127032953,9330.0,0.9057961851358414,0.0,0.0,inf,0.967283583331593,2846.0,0.0
socofing:000511:left_little,peripheral_only,0.30000001192092896,7241.0,0.1074575347755574,0.03492897223113384,0.11064364597006987,14.568141930887794,0.4819121526269541,11469.0,0.9123389199376106,0.0,0.0,inf,0.9749103677729475,4915.0,0.0,0.0517145145924196,0.16174287514825603,12.86387547376024,0.22805537235157797,7514.0,0.9123389199376106,0.0,0.0,inf,0.9665985083580102,3654.0,0.0
socofing:000511:right_thumb,peripheral_only,0.4000000059604645,6073.0,0.11550367695587371,0.03618342348940285,0.11400214982219514,14.41490344822322,0.5279575416583597,9830.0,0.8474425338208675,0.0,0.0,inf,0.990302751855712,6554.0,0.0,0.0547815400176182,0.17073470719066883,12.613657630321743,0.27953309603822357,6140.0,0.8474425338208675,0.0,0.0,inf,0.9821368030738794,3303.0,0.0
socofing:000511:right_index,peripheral_only,0.5,4046.0,0.11190935609752901,0.008694782138689721,0.05042531680427942,20.607412954496805,0.5822198766302595,8192.0,0.7440200969576836,0.0,0.0,inf,0.9869341103943201,8192.0,0.0,0.01097035191551691,0.06428592126095094,19.597794405642418,0.4165670947351462,5413.0,0.7440200969576836,0.0,0.0,inf,0.9846786271494452,6752.0,0.0
socofing:000511:right_middle,peripheral_only,0.6000000238418579,3086.0,0.15394451552977756,0.011771506527749994,0.04867528992831374,19.291679522101408,0.5952412232920546,6554.0,0.7838003560900688,0.0,0.0,inf,0.9896061554247161,9830.0,0.0,0.015753208759192013,0.0710226812218867,18.0263097174892,0.34733893268856453,3845.0,0.7265884876251221,0.0,0.0,inf,0.9857277796358593,6992.0,0.0
socofing:000511:right_ring,peripheral_only,0.699999988079071,2254.0,0.29770889799707445,0.013089065438616617,0.06740493201409085,18.83091361038337,0.5310856517889546,4915.0,0.701031893491745,0.0,0.0,inf,0.9927663497598797,11469.0,0.0,0.018599095278877556,0.0966064587994976,17.305081807792522,0.328196889277908,3296.0,0.701031893491745,0.0,0.0,inf,0.986198435136843,5960.0,0.0
socofing:000511:right_little,peripheral_only,0.800000011920929,2066.0,0.054655003923414616,0.014128771891213896,0.07354384637984845,18.498955864917704,0.5554309569109365,3277.0,0.6871154755353928,0.0,0.0,inf,0.9956102968521674,13107.0,0.0,0.020940666655714705,0.10875572257224815,16.79009496473337,0.33054052810981005,2138.0,0.6871154755353928,0.0,0.0,inf,0.989109120465253,5217.0,0.0
socofing:000522:left_thumb,central_only,0.10000000149011612,8385.0,0.2611671534847217,0.04630397807798961,0.1347580537512036,13.343816961720274,0.35374269101596956,14746.0,0.9545685015618801,0.0,0.0,inf,0.987886423019762,1638.0,0.0,0.0685254447401815,0.19587574539787242,11.641481371444666,0.11700663274850966,9459.0,0.9545685015618801,0.0,0.0,inf,0.987886423019762,1638.0,0.0
socofing:000522:left_index,central_only,0.20000000298023224,8130.0,0.24795037937824888,0.0439579177819292,0.1168909203569162,13.56962887614231,0.40929501514211436,13107.0,0.9835239052772522,0.0,0.0,inf,0.9888854483081123,3277.0,0.0,0.06526675518976045,0.1704710581171407,11.853079782066025,0.18952957632072506,8540.0,0.9835239052772522,0.0,0.0,inf,0.9888854483081123,3277.0,0.0
socofing:000522:left_middle,central_only,0.30000001192092896,7090.0,0.2938614414369802,0.05422518804747202,0.1546399285063087,12.657989332217852,0.37826441315613757,11469.0,0.9848723998293281,0.0,0.0,inf,0.9883703699441716,4915.0,0.0,0.07153032949572512,0.2097786059193079,11.455097744264819,0.18081777779694957,7314.0,0.9237045040354133,0.0,0.0,inf,0.9883703699441716,4915.0,0.0
socofing:000522:left_ring,central_only,0.4000000059604645,5077.0,0.10533611597872053,0.03438708315297675,0.10993706295067787,14.63604661173958,0.5678908519014724,9830.0,0.9339864104986191,0.0,0.0,inf,0.9944561898662684,6554.0,0.0,0.06052834530757916,0.1892430203393061,12.18041198441821,0.30206489636039013,5136.0,0.9339864104986191,0.0,0.0,inf,0.9944561898662684,6554.0,0.0
socofing:000522:left_little,central_only,0.5,2886.0,0.07625205658335707,0.021452204286694275,0.06523843307309107,16.68528075956517,0.7480852427898305,8192.0,0.978621480986476,0.0,0.0,inf,0.9946522917733058,8192.0,0.0,0.05163235343741734,0.1559691633954669,12.870780790668615,0.4493971493415765,3001.0,0.978621480986476,0.0,0.0,inf,0.9944792924086711,7917.0,0.0
socofing:000522:right_thumb,central_only,0.6000000238418579,2738.0,0.08684478169374524,0.02132778160981018,0.07833264220698072,16.710543149547817,0.6722684524343959,6554.0,0.95084541849792,0.0,0.0,inf,0.9947097091580441,9830.0,0.0,0.03933691774032138,0.13815183284988417,14.051996723986964,0.4221165284118499,2785.0,0.95084541849792,0.0,0.0,inf,0.9950365179442359,9710.0,0.0
socofing:000522:right_index,central_only,0.699999988079071,1384.0,0.09732039961250655,0.018496263897811685,0.05914911045432318,17.329159868632743,0.7918200521334109,4915.0,0.9224545918405056,0.0,0.0,inf,0.9983572996908514,11469.0,0.0,0.05293797292690299,0.16019931089783493,12.76232692492833,0.4884135444191623,1406.0,0.9224545918405056,0.0,0.0,inf,0.9984305103492277,10887.0,0.0
socofing:000522:right_middle,central_only,0.800000011920929,578.0,0.06129432522688662,0.014197516645770113,0.037423741616658825,18.47787613458952,0.8565478174324596,3277.0,0.8660449907183647,0.0,0.0,inf,0.9990907342259123,13107.0,0.0,0.06004482257754014,0.14993309388503015,12.215244341052497,0.48071550634971294,609.0,0.8660449907183647,0.0,0.0,inf,0.999015087740436,11639.0,0.0
socofing:000522:right_ring,disconnected_fragments,0.10000000149011612,9987.0,0.24108872965327086,0.051191280008866205,0.1520327174490138,12.908040110272632,0.35567062136361,14746.0,0.9234843775629997,0.0,0.0,inf,0.9660574393173263,1638.0,0.0,0.06969505292244761,0.2058595951736228,11.567980477948527,0.151963408191757,10304.0,0.9234843775629997,0.0,0.0,inf,0.9622017992720377,1401.0,0.0
socofing:000522:right_little,disconnected_fragments,0.20000000298023224,6965.0,0.2308760653652132,0.022773234004649978,0.08838560545614225,16.42575291271434,0.5238003788230381,13107.0,0.7560973614454269,0.0,0.0,inf,0.972471858522961,3277.0,0.0,0.03963570757468464,0.14942260956826206,14.019133843978395,0.22643219469387177,7236.0,0.7560973614454269,0.0,0.0,inf,0.9716091349174417,3171.0,0.0
socofing:000524:left_thumb,disconnected_fragments,0.30000001192092896,7061.0,0.19776910926872462,0.06051313174516749,0.15841619439854437,12.181503703786012,0.4525001932460005,11469.0,0.9220745544880629,0.0,0.0,inf,0.9936714249894437,4915.0,0.0,0.08858342637692931,0.23151448310226205,10.526475253629084,0.22315634561390485,7331.0,0.9220745544880629,0.0,0.0,inf,0.9931987325581725,4550.0,0.0
socofing:000524:left_index,disconnected_fragments,0.4000000059604645,4608.0,0.09772686585159483,0.03572752955332174,0.11114605281157144,14.469970128614625,0.6056608796344336,9830.0,0.8358910670503974,0.0,0.0,inf,0.9922507456849414,6554.0,0.0,0.06868821591218169,0.20778457760108215,11.63117763716114,0.3372101283339179,4663.0,0.8358910670503974,0.0,0.0,inf,0.9913353777339444,5710.0,0.0
socofing:000524:left_middle,disconnected_fragments,0.5,4275.0,0.049104775666124284,0.013295874844345633,0.06388923096164945,18.762830816064362,0.6845972110577542,8192.0,0.60509392619133,0.0,0.0,inf,0.9917818554637636,8192.0,0.0,0.021879875820695095,0.10691746859874804,16.599551471713273,0.4885629640382577,4396.0,0.60509392619133,0.0,0.0,inf,0.9911625812575273,7602.0,0.0
socofing:000524:left_ring,disconnected_fragments,0.6000000238418579,3617.0,0.08206756372135071,0.020587324926214946,0.08232148249937989,16.864000810293327,0.6009044912337428,6554.0,0.6983868181705475,0.0,0.0,inf,0.9916660327282584,9830.0,0.0,0.0342199441297011,0.13614231276893665,14.657207038592762,0.3573874367632909,3812.0,0.6983868181705475,0.0,0.0,inf,0.988290493956208,6961.0,0.0
socofing:000524:left_little,disconnected_fragments,0.699999988079071,2578.0,0.42890375520764457,0.03354635895796672,0.11612044506434385,14.743546102274706,0.4483161907463893,4915.0,0.7745355516672134,0.0,0.0,inf,0.9970274004584917,11469.0,0.0,0.04929358050459725,0.16691521780470164,13.072096351438526,0.22375531882740268,2993.0,0.7745355516672134,0.0,0.0,inf,0.9940165686241784,5366.0,0.0
socofing:000524:right_thumb,disconnected_fragments,0.800000011920929,1350.0,0.021438488046555366,0.016263088164095243,0.06173414242237029,17.88796983632389,0.7903292441912457,3277.0,0.7777849957346916,0.0,0.0,inf,0.9983702879415257,13107.0,0.0,0.03699109089176295,0.1320713637658069,14.319028608639229,0.5346982755654185,1354.0,0.7777849957346916,0.0,0.0,inf,0.9981654345559625,11004.0,0.0
socofing:000524:right_index,stripes,0.10000000149011612,9340.0,0.165360243274019,0.05410532135325156,0.14843482643950826,12.667600191687995,0.39069915167637903,14746.0,0.9642000775784254,0.0,0.0,inf,0.965339625868737,1638.0,0.0,0.07953214089122235,0.2144165518479775,10.99457326805009,0.13177870896227467,9777.0,0.9642000775784254,0.0,0.0,inf,0.9652127546014235,1629.0,0.0
socofing:000524:right_middle,stripes,0.20000000298023224,9183.0,0.12431448617591484,0.049176812349330336,0.15264894305807603,13.08239625738883,0.30900568959835417,13107.0,0.951497133821249,0.0,0.0,inf,0.9818659935236151,3277.0,0.0,0.059424473695356674,0.18357330776677586,12.260346559980082,0.15505248737425656,10067.0,0.951497133821249,0.0,0.0,inf,0.9782882103793787,2441.0,0.0
socofing:000524:right_ring,stripes,0.30000001192092896,6477.0,0.1282528678679503,0.03696693233001497,0.11754559868895838,14.321865874962471,0.4924409323413038,11469.0,0.9233722910284996,0.0,0.0,inf,0.9827465457629707,4915.0,0.0,0.056913244198038136,0.1783604455574165,12.447866578084925,0.2421753346505683,7338.0,0.9233722910284996,0.0,0.0,inf,0.9779480992471308,3722.0,0.0
socofing:000524:right_little,stripes,0.4000000059604645,5413.0,0.23492239372898227,0.04893508814700587,0.13221220695906313,13.103796250477167,0.46044728431242804,9830.0,0.8916545212268829,0.0,0.0,inf,0.993357220649141,6554.0,0.0,0.07980014095946024,0.2135891736095772,10.979963415081466,0.14869543607847158,5878.0,0.8916545212268829,0.0,0.0,inf,0.9901293463331254,3524.0,0.0
socofing:000527:left_thumb,stripes,0.5,5745.0,0.0967609650146309,0.045627645498083874,0.14029179437414996,13.40771941342885,0.384800737566663,8192.0,0.8951420709490776,0.0,0.0,inf,0.9964413657018543,8192.0,0.0,0.06313477333085506,0.19270414397630678,11.997313744159936,0.17102562035800617,5750.0,0.8951420709490776,0.0,0.0,inf,0.9952959723831124,5117.0,0.0
socofing:000527:left_index,stripes,0.6000000238418579,3589.0,0.049045137535875256,0.02092382792846984,0.08586362791236297,16.79358860142562,0.5714131256794711,6554.0,0.7319489419460297,0.0,0.0,inf,0.9953740531241708,9830.0,0.0,0.0350943288297539,0.14046900025653708,14.547630589455014,0.3467383166307139,3624.0,0.7319489419460297,0.0,0.0,inf,0.9964060982154442,5379.0,0.0
socofing:000527:left_middle,stripes,0.699999988079071,3757.0,0.025905940647339497,0.033622440605983586,0.1234347763508255,14.733707649227108,0.5132985764109385,4915.0,0.8249944895505905,0.0,0.0,inf,0.9966608686640123,11469.0,0.0,0.04274531558581804,0.1558245608906837,13.69111472203664,0.38575168997097564,3757.0,0.8249944895505905,0.0,0.0,inf,0.994437402080959,6282.0,0.0
socofing:000527:left_ring,stripes,0.800000011920929,2024.0,0.06495054182825852,0.029658337298364677,0.10515862630738748,15.278531999828253,0.5060844373534188,3277.0,0.7632677406072617,0.0,0.0,inf,0.9970822511889403,13107.0,0.0,0.044951112414634196,0.1591523200826287,13.472595562208681,0.3039683906657744,2042.0,0.7632677406072617,0.0,0.0,inf,0.9976446176216209,8150.0,0.0
socofing:000527:left_little,severe_partial,0.10000000149011612,6855.0,0.5169724198169147,0.03068679281447056,0.09577564005362936,15.130484988526955,0.579718910646671,14746.0,0.9069907031953335,0.0,0.0,inf,0.9883804972629554,1638.0,0.0,0.06306128235219521,0.19456286060751443,12.002372021130155,0.17111065779653215,6962.0,0.9069907031953335,0.0,0.0,inf,0.9820285547202021,1053.0,0.0
socofing:000527:right_thumb,severe_partial,0.20000000298023224,8858.0,0.17449321567960083,0.05672936659349321,0.15077847174908712,12.461920654831811,0.3795924683509456,13107.0,0.9939519762992859,0.0,0.0,inf,0.9852501762539726,3277.0,0.0,0.07393994192992737,0.19889476898851052,11.311208948438157,0.1706613733258255,8956.0,0.986667393706739,0.0,0.0,inf,0.984903041804595,3192.0,0.0
socofing:000527:right_index,severe_partial,0.30000001192092896,7084.0,0.36387837861663497,0.03776044367816685,0.12450854343351433,14.229629114648697,0.45915318875141137,11469.0,0.8303064107894897,0.0,0.0,inf,0.9926473435795464,4915.0,0.0,0.05570171537516629,0.18109268286175267,12.541314302033282,0.2174420626570368,7468.0,0.8303064107894897,0.0,0.0,inf,0.9905603690483978,3739.0,0.0
socofing:000527:right_middle,random_rectangles,0.10000000149011612,11072.0,0.3949561694882118,0.05497500382580865,0.16757346529062778,12.598347317438428,0.27395584099419446,14746.0,0.9801325779408216,0.0,0.0,inf,0.9665501417031375,1638.0,0.0,0.0691649846469051,0.21034815781506083,11.601137151286578,0.10486226422042287,11331.0,0.9801325779408216,0.0,0.0,inf,0.9595387207982632,229.0,0.0
socofing:000527:right_ring,random_rectangles,0.20000000298023224,9208.0,0.1242939418389007,0.0379260045754322,0.13209919043686383,14.210629068948577,0.35593676856706036,13107.0,0.7208617776632309,0.0,0.0,inf,0.9904509365145892,3277.0,0.0,0.05269023029088782,0.18264840568643034,12.782699032711433,0.11673027803875712,9325.0,0.7208617776632309,0.0,0.0,inf,0.9747247725326683,499.0,0.0
socofing:000527:right_little,random_rectangles,0.30000001192092896,7205.0,0.14816583735406777,0.03406470062771066,0.11741164851871516,14.676954234368866,0.44895052717929373,11469.0,0.8298531137406826,0.0,0.0,inf,0.991043552916635,4915.0,0.0,0.05328207173635144,0.18095344598963192,12.73418897085258,0.17535838965786088,7292.0,0.8298531137406826,0.0,0.0,inf,0.9773853146517317,1060.0,0.0
socofing:000528:left_thumb,random_rectangles,0.4000000059604645,8583.0,0.055758947159347844,0.05394777115241573,0.16602109152665465,12.680264934500695,0.36519996747569977,9830.0,0.9629828911274672,0.0,0.0,inf,0.9851568254586089,6554.0,0.0,0.061441953698550315,0.18853297906847577,12.115349832921403,0.28714515701255244,8583.0,0.9629828911274672,0.0,0.0,inf,0.9817703339191273,2690.0,0.0
socofing:000528:left_index,random_rectangles,0.5,6397.0,0.16805669596200232,0.05840254214762809,0.17279437211556115,12.335682484927657,0.39905644416737995,8192.0,0.9545853100717068,0.0,0.0,inf,0.9924532650822662,8192.0,0.0,0.07093757641239337,0.20927650002499595,11.491236533140901,0.27232385652235186,6627.0,0.9545853100717068,0.0,0.0,inf,0.9871239276082696,4132.0,0.0
socofing:000528:left_middle,random_rectangles,0.6000000238418579,5324.0,0.18143399423015164,0.05450317018014663,0.16501576786159988,12.635782362242207,0.38673471397518683,6554.0,0.8668062016367912,0.0,0.0,inf,0.9944139175948672,9830.0,0.0,0.06471155639809853,0.19577358517114732,11.890181546983117,0.27640082163163004,5519.0,0.8668062016367912,0.0,0.0,inf,0.9899248811816563,4743.0,0.0
socofing:000528:left_ring,random_rectangles,0.699999988079071,4274.0,0.24838099457177598,0.06200425182802205,0.19066904087627679,12.0757852853183,0.3325234175396713,4915.0,0.8339506965130568,0.0,0.0,inf,0.9960711882159977,11469.0,0.0,0.06757326131613578,0.20760012872456798,11.702251200357841,0.2799693023795575,4509.0,0.8339506965130568,0.0,0.0,inf,0.9930323711608339,6294.0,0.0
socofing:000528:left_little,random_rectangles,0.800000011920929,1595.0,0.11483992562864295,0.02623075160807088,0.09222496118024788,15.811892650878344,0.6756257225892897,3277.0,0.7857084833085537,0.0,0.0,inf,0.9973151917969572,13107.0,0.0,0.04668927685600199,0.16422733016942326,13.307828525605217,0.4404048540407885,1732.0,0.7857084833085537,0.0,0.0,inf,0.9943279236873447,6135.0,0.0
socofing:000528:right_thumb,irregular,0.10000000149011612,10614.0,0.08727281896413953,0.04561748083508797,0.15028200020796229,13.408687017342658,0.43026508260638496,14746.0,0.9438843689858913,0.0,0.0,inf,0.9560434414010838,1638.0,0.0,0.06015813866523825,0.1954395078072145,12.20705609582664,0.2674752244553591,10721.0,0.9438843689858913,0.0,0.0,inf,0.9474618634574857,1119.0,0.0
socofing:000528:right_index,irregular,0.20000000298023224,8893.0,0.29258955769212575,0.031500384232986144,0.11067182039866168,15.016841487739574,0.4523703803642068,13107.0,0.9839157443493605,0.0,0.0,inf,0.9663428680035363,3277.0,0.0,0.04177144459740298,0.14631835591234385,13.791205051075844,0.27402497715124485,9424.0,0.8684228658676147,0.0,0.0,inf,0.9570614785396679,2376.0,0.0
socofing:000528:right_middle,irregular,0.30000001192092896,6849.0,0.06802293868574975,0.032957300361697126,0.10671279754309226,14.82048369973582,0.5580080436298867,11469.0,0.8936672136187553,0.0,0.0,inf,0.9694478143425799,4915.0,0.0,0.047012200188277835,0.15857941258504915,13.277894231944682,0.3619712263664532,6959.0,0.8515096269547939,0.0,0.0,inf,0.9457609112562231,2318.0,0.0
socofing:000528:right_ring,irregular,0.4000000059604645,6439.0,0.026443470410657942,0.02730043337886442,0.10147740619980929,15.638304587264422,0.6998758850924994,9830.0,0.825825922191143,0.0,0.0,inf,0.9857709734184932,6554.0,0.0,0.04067582337938283,0.15004104053817913,13.90663647106452,0.571317799242962,6545.0,0.825825922191143,0.0,0.0,inf,0.9771594502598889,3825.0,0.0
socofing:000528:right_little,irregular,0.5,4651.0,0.04927701077310717,0.029741526467272152,0.09767669632969955,15.266367453197676,0.6563674879477968,8192.0,0.8180361315608025,0.0,0.0,inf,0.9835058744927135,8192.0,0.0,0.050923553990833086,0.16664214794948426,12.93081294241751,0.43744424605206333,4685.0,0.8122636005282402,0.0,0.0,inf,0.9823713686129882,4041.0,0.0
socofing:000530:left_thumb,irregular,0.6000000238418579,2505.0,0.061626184147863444,0.01453050032529309,0.05943445303228104,18.377194314849806,0.6750030872732764,6554.0,0.8054624050855637,0.0,0.0,inf,0.9888937977588884,9830.0,0.0,0.030512341562584547,0.12212810129213698,15.155244626726297,0.3381615665166887,3069.0,0.8054624050855637,0.0,0.0,inf,0.9853350856671357,6710.0,0.0
socofing:000530:left_index,irregular,0.699999988079071,2821.0,0.021565257921200127,0.025053705517375208,0.09992750405948818,16.011280316037727,0.6759519337113102,4915.0,0.7923260778188705,0.0,0.0,inf,0.9910971519334665,11469.0,0.0,0.03919537961109448,0.15491627444850975,14.067651250119864,0.4950790372991819,3060.0,0.7923260778188705,0.0,0.0,inf,0.9856605408389806,6851.0,0.0
socofing:000530:left_middle,irregular,0.800000011920929,1744.0,0.058871201929649626,0.040137881643995614,0.13475568792283954,13.96445551993031,0.48800866381012903,3277.0,0.8292770963162184,0.0,0.0,inf,0.9902100945532153,13107.0,0.0,0.054396863341007816,0.18197001207527405,12.644261420842843,0.31147707051950324,2215.0,0.8292770963162184,0.0,0.0,inf,0.9875168265213807,9558.0,0.0
socofing:000530:left_ring,central_missing,0.10000000149011612,7826.0,0.31922421794809075,0.053270808934488115,0.15931289912748156,12.735107082627211,0.3006815678748362,14746.0,0.9919243445619941,0.0,0.0,inf,0.9894567870892499,1638.0,0.0,0.07492665487331993,0.2213579169914431,11.25363656197944,0.058534219603500505,10046.0,0.9633699040859938,0.0,0.0,inf,0.8821237651350677,79.0,0.0
socofing:000530:left_little,central_missing,0.20000000298023224,6754.0,0.48652926785450445,0.05208297561773158,0.16484151992570553,12.83304211508902,0.31377887717884845,13107.0,0.8417434059083462,0.0,0.0,inf,0.9888593902734335,3277.0,0.0,0.0763436689032694,0.23068949611412148,11.172269726793393,0.07917415864261816,8314.0,0.8417434059083462,0.0,0.0,inf,0.9665757475886585,659.0,0.0
socofing:000530:right_thumb,central_missing,0.30000001192092896,10210.0,0.8492923899207772,0.07523111959252858,0.21155224330232816,11.236024749448818,0.09206421221655313,11469.0,0.9640377145260572,0.0,0.0,inf,0.9578133305266702,4915.0,0.0,0.07748817022648026,0.21748497976856085,11.107645942357475,0.06638937934996625,11048.0,0.9640377145260572,0.0,0.0,inf,0.937680389373112,1099.0,0.0
socofing:000530:right_index,central_missing,0.4000000059604645,7740.0,0.34095510244283056,0.07123784708285456,0.19755098592093934,11.472892140566982,0.12220667546490445,9830.0,0.8903787657618523,0.0,0.0,inf,0.9880729424474283,6554.0,0.0,0.07329580659204743,0.20316023283896756,11.349208715530029,0.09974899451865976,9551.0,0.8903787657618523,0.0,0.0,inf,0.9714276994271192,2524.0,0.0
socofing:000530:right_middle,central_missing,0.5,7292.0,0.647451134918066,0.07487237324953078,0.21561514060869058,11.256784007060707,0.09728013590584082,8192.0,0.8495465479791164,0.0,0.0,inf,0.9849111162442805,8192.0,0.0,0.07510155836368305,0.21627125219524398,11.243510512551314,0.09520502262047727,8167.0,0.8495465479791164,0.0,0.0,inf,0.9661139261182115,3188.0,0.0
socofing:000530:right_ring,central_missing,0.6000000238418579,5425.0,0.21956428342180812,0.05648177010372764,0.18089837124487365,12.480917012226271,0.21223075496798244,6554.0,0.8817202374339104,0.0,0.0,inf,0.9949307085037251,9830.0,0.0,0.06244199163001159,0.1999263806614165,12.045232532692978,0.13639085985993388,5926.0,0.8817202374339104,0.0,0.0,inf,0.9873056352625755,3580.0,0.0
socofing:000530:right_little,central_missing,0.699999988079071,3869.0,0.42534292056725287,0.06544250753124012,0.19085270506760915,11.841400683508375,0.1938259215839458,4915.0,0.861916895955801,0.0,0.0,inf,0.9957704214764747,11469.0,0.0,0.07111407498520898,0.20737060701775997,11.480444346646948,0.13192277431728944,4523.0,0.861916895955801,0.0,0.0,inf,0.9899807226130851,4460.0,0.0
socofing:000531:left_thumb,central_missing,0.800000011920929,3089.0,0.05196269626495566,0.09374618217802823,0.25148963601051905,10.28046409923199,0.2184420121478839,3277.0,0.8473387956619263,0.0,0.0,inf,0.9967438422789777,13107.0,0.0,0.09374618217802823,0.25148963601051905,10.28046409923199,0.2184420121478839,3277.0,0.8473387956619263,0.0,0.0,inf,0.9951868208808573,8867.0,0.0
socofing:000531:left_index,peripheral_only,0.10000000149011612,8961.0,0.2989937293468816,0.04655260745849917,0.1380130116352667,13.320559887293879,0.4814021095212033,14746.0,0.8902195058763027,0.0,0.0,inf,0.9631449961254279,1638.0,0.0,0.07323323271785498,0.2154497214112184,11.352917944779469,0.19065809406622974,9084.0,0.8902195058763027,0.0,0.0,inf,0.9484261470519185,1119.0,0.0
socofing:000531:left_middle,peripheral_only,0.20000000298023224,8800.0,0.2048020334699737,0.04483838990658127,0.1395178493830251,13.483499907969945,0.478757534066165,13107.0,0.9785174722783267,0.0,0.0,inf,0.9802420960454279,3277.0,0.0,0.06102435039448915,0.19194771711750347,12.144968349601857,0.28806933362377757,9019.0,0.9785174722783267,0.0,0.0,inf,0.9780980775616323,2851.0,0.0
socofing:000531:left_ring,peripheral_only,0.30000001192092896,6960.0,0.053315405775194426,0.03317174264292319,0.11253487681246477,14.7923171267329,0.5225982662572288,11469.0,0.8051844984292984,0.0,0.0,inf,0.99070316074741,4915.0,0.0,0.05208283079926408,0.1760789846129669,12.833054190810117,0.25414679124268286,7068.0,0.8051844984292984,0.0,0.0,inf,0.9849475446977976,2965.0,0.0
socofing:000531:left_little,peripheral_only,0.4000000059604645,5141.0,0.03896489698852216,0.041184236736556384,0.11203368577380435,13.852689783430003,0.5959393741692866,9830.0,0.9384318571537733,0.0,0.0,inf,0.982535329675982,6554.0,0.0,0.0761956706367761,0.20583235654554619,11.180697041456142,0.2562602685881969,5172.0,0.9384318571537733,0.0,0.0,inf,0.9681182135210146,3303.0,0.0
socofing:000531:right_thumb,peripheral_only,0.5,4761.0,0.035363261156023146,0.05446575179762564,0.1492462460698789,12.638764973686715,0.5532575355222359,8192.0,0.9196744551882148,0.0,0.0,inf,0.990705729240053,8192.0,0.0,0.08778344886300142,0.23867810329237066,10.565873604613516,0.2874009718812713,4775.0,0.9196744551882148,0.0,0.0,inf,0.9848080829445217,4777.0,0.0
socofing:000531:right_index,peripheral_only,0.6000000238418579,4144.0,0.0563479336855817,0.033162579518093815,0.11121039852181801,14.79351695645786,0.5571039349919604,6554.0,0.8992982134222984,0.0,0.0,inf,0.9945218478728449,9830.0,0.0,0.04996980312913761,0.16514071377786635,13.012923615859824,0.3430265453992657,4176.0,0.8992982134222984,0.0,0.0,inf,0.9931265424719804,7586.0,0.0
socofing:000531:right_middle,peripheral_only,0.699999988079071,3036.0,0.035478554326686174,0.028289061822840224,0.09956256970801104,15.483814552266326,0.6713055052269027,4915.0,0.8120403289794922,0.0,0.0,inf,0.9963160625452857,11469.0,0.0,0.0426174988666321,0.14897359293173915,13.70412041723971,0.5272911066931492,3052.0,0.8120403289794922,0.0,0.0,inf,0.9953318811433036,8557.0,0.0
socofing:000531:right_ring,peripheral_only,0.800000011920929,1883.0,0.04329484739730403,0.02356713067671683,0.08342528913436821,16.27693290073237,0.6817749460771941,3277.0,0.8193649053573608,0.0,0.0,inf,0.9983813248027719,13107.0,0.0,0.04073010575528327,0.14313315905896928,13.900844622715685,0.4691361705309442,1883.0,0.8193649053573608,0.0,0.0,inf,0.997730679546184,8544.0,0.0
socofing:000531:right_little,central_only,0.10000000149011612,6036.0,0.13952250124198814,0.036850725384345154,0.11506093197851963,14.335539588953573,0.5403612431429342,14746.0,0.8125183805823326,0.0,0.0,inf,0.9849761873297357,1638.0,0.0,0.07867283335616462,0.23449540533749844,11.041752086869867,0.13195784131288102,6449.0,0.8125183805823326,0.0,0.0,inf,0.9849761873297357,1638.0,0.0
socofing:000540:left_thumb,central_only,0.20000000298023224,7831.0,0.3478600215845557,0.04419941906102565,0.12904042624502163,13.545834388013365,0.4206226348077062,13107.0,0.9735235567204654,0.0,0.0,inf,0.9914592045630104,3277.0,0.0,0.0658495222817502,0.18883461139089353,11.814473713651035,0.17231902392759088,8325.0,0.9735235567204654,0.0,0.0,inf,0.9914592045630104,3277.0,0.0
socofing:000540:left_index,central_only,0.30000001192092896,5698.0,0.10386555634063128,0.02631843859523613,0.08536179962298125,15.797398798600506,0.6048526114070908,11469.0,0.9812852125614882,0.0,0.0,inf,0.9936877747649001,4915.0,0.0,0.048737953965099376,0.15296526217007808,13.121327065899145,0.2975387209774324,5974.0,0.9812852125614882,0.0,0.0,inf,0.9936670960996284,4897.0,0.0
socofing:000540:left_middle,central_only,0.4000000059604645,4708.0,0.12345921543883044,0.0335737820357695,0.10167901628903689,14.739997333796897,0.5500363956083892,9830.0,0.9609299879521132,0.0,0.0,inf,0.9952083536481434,6554.0,0.0,0.05550504035150039,0.171565688673177,12.556675772836252,0.23789311249298048,4911.0,0.9609299879521132,0.0,0.0,inf,0.9951642033310701,5974.0,0.0
socofing:000540:left_ring,central_only,0.5,3437.0,0.1078831856848326,0.03546849225870341,0.10212098600453601,14.50157272696444,0.5503674886294725,8192.0,0.9304674826562405,0.0,0.0,inf,0.9905105110155312,8192.0,0.0,0.06570849088222848,0.18878079982229307,11.823785070759117,0.17710718828675492,3594.0,0.9304674826562405,0.0,0.0,inf,0.9892049938310402,7165.0,0.0
socofing:000540:left_little,central_only,0.6000000238418579,1507.0,0.286377247658225,0.014102776991723074,0.053645684275387365,18.506953615692062,0.725651792981657,6554.0,0.7537576481699944,0.0,0.0,inf,0.9948226277918453,9830.0,0.0,0.032523446197315974,0.1320954762568623,14.87803442623434,0.31727558586852483,1781.0,0.698578231036663,0.0,0.0,inf,0.9932390348813802,7465.0,0.0
socofing:000540:right_thumb,central_only,0.699999988079071,1090.0,0.0686407088957875,0.009808965241886883,0.03318821010449835,20.083768043877473,0.8493021239041979,4915.0,0.814059242606163,0.0,0.0,inf,0.9984886126155776,11469.0,0.0,0.029425726986966477,0.10006638006583012,15.31272798746965,0.5584466376335144,1148.0,0.814059242606163,0.0,0.0,inf,0.9986908175592136,10099.0,0.0
socofing:000540:right_index,central_only,0.800000011920929,227.0,0.026306150113330106,0.0009947314859702384,0.009978645979939782,30.022941352333845,0.9359288153160463,3277.0,0.393791139125824,0.0,0.0,inf,0.9994923151099822,13107.0,0.0,0.0061433719421956235,0.05665311257177372,22.115931901088647,0.5867460942228903,299.0,0.3561601936817169,0.0,0.0,inf,0.9994326590384376,10716.0,0.0
socofing:000540:right_middle,disconnected_fragments,0.10000000149011612,8047.0,0.15211573357522526,0.033693453085595196,0.10854954287426456,14.724544779126013,0.5206487417458454,14746.0,0.9055342637002468,0.0,0.0,inf,0.978468059806072,1638.0,0.0,0.05668504953774939,0.17951177667728255,12.465314694919456,0.21515862377005757,8577.0,0.9055342637002468,0.0,0.0,inf,0.9773208348330172,1540.0,0.0
socofing:000540:right_ring,disconnected_fragments,0.20000000298023224,7455.0,0.21050067252959573,0.03271791906737404,0.12020120736716174,14.852143262200276,0.4577002979340719,13107.0,0.7431707307696342,0.0,0.0,inf,0.9882197815916544,3277.0,0.0,0.051760751956266435,0.18406174929843222,12.859994230641433,0.18977934810255814,7895.0,0.7431707307696342,0.0,0.0,inf,0.9876558327348887,3105.0,0.0
socofing:000540:right_little,disconnected_fragments,0.30000001192092896,6211.0,0.15735249850720295,0.032713284934856625,0.1073473637511247,14.852758436019794,0.49352493161020355,11469.0,0.9278414840810001,0.0,0.0,inf,0.993729598926649,4915.0,0.0,0.055848698816089185,0.18009301706224973,12.529869407860675,0.17214248172957258,6615.0,0.9278414840810001,0.0,0.0,inf,0.9913554663117663,3525.0,0.0
socofing:000545:left_thumb,disconnected_fragments,0.4000000059604645,3813.0,0.09498465300444697,0.035468805456915005,0.09902000376696027,14.501534377532078,0.6104659327305552,9830.0,0.9631008496508002,0.0,0.0,inf,0.9887277691494828,6554.0,0.0,0.07464224100730495,0.20539046688493362,11.27015330107,0.25205917851080406,4454.0,0.9631008496508002,0.0,0.0,inf,0.9855496501832125,4588.0,0.0
socofing:000545:left_index,disconnected_fragments,0.5,4004.0,0.12332350439481342,0.03327132795588372,0.10387633898614013,14.779298648239042,0.5779634732075843,8192.0,0.9968875050544739,0.0,0.0,inf,0.9967097879047778,8192.0,0.0,0.06088920119715762,0.18686413392750906,12.154597233989534,0.2713207102277093,4281.0,0.9968875050544739,0.0,0.0,inf,0.9946023242115427,4912.0,0.0
socofing:000545:left_middle,disconnected_fragments,0.6000000238418579,3585.0,0.03593118858300016,0.0327474340025611,0.10465159048161478,14.84822724441289,0.5516987627456619,6554.0,0.8889048062264919,0.0,0.0,inf,0.9970467371506911,9830.0,0.0,0.05721981479225157,0.17869167055156743,12.424535522426282,0.24281807672116315,3661.0,0.8889048062264919,0.0,0.0,inf,0.9957181205689059,6699.0,0.0
socofing:000545:left_ring,disconnected_fragments,0.699999988079071,1096.0,0.044224102014323974,0.012271908295770639,0.038122947727891855,19.11087898733229,0.8799965570918838,4915.0,0.9067151509225368,0.0,0.0,inf,0.9986029267377663,11469.0,0.0,0.05326513588394776,0.16061791860809488,12.73556960718674,0.492932970190954,1111.0,0.9067151509225368,0.0,0.0,inf,0.9980904209891823,7728.0,0.0
socofing:000545:left_little,disconnected_fragments,0.800000011920929,1290.0,0.24398841452593997,0.029166930844437937,0.09880120118015336,15.351092680826504,0.5360315314817955,3277.0,0.7559326738119125,0.0,0.0,inf,0.997541283174971,13107.0,0.0,0.0557276545689707,0.1795081438812327,12.539292348764874,0.31540762900763475,1499.0,0.7559326738119125,0.0,0.0,inf,0.9955120795619616,4225.0,0.0
socofing:000545:right_thumb,stripes,0.10000000149011612,11001.0,0.19978530392702146,0.08789245108174003,0.20089080986607516,10.560484240653718,0.25140850259006803,14746.0,0.9998838901519775,0.0,0.0,inf,0.9869311982419369,1638.0,0.0,0.11096181830189292,0.25181637778975097,9.548264352079478,0.06771428245529774,11535.0,0.9998838901519775,0.0,0.0,inf,0.9763584611666088,832.0,0.0
socofing:000545:right_index,stripes,0.20000000298023224,8919.0,0.17593033243325534,0.07706785297301791,0.18574637403694125,11.131267398197409,0.3399333473919704,13107.0,0.9942275285720825,0.0,0.0,inf,0.9862676088782826,3277.0,0.0,0.1021491352435746,0.2448528930796154,9.907653055908426,0.12791345220717434,9719.0,0.9942275285720825,0.0,0.0,inf,0.9702698192049984,1382.0,0.0
socofing:000545:right_middle,stripes,0.30000001192092896,7260.0,0.09156758725552466,0.03640416684405011,0.11092449072486858,14.388489038836955,0.47907196101214294,11469.0,0.9381667952984571,0.0,0.0,inf,0.9718377609630873,4915.0,0.0,0.05375897124077654,0.1631139380404902,12.695490507564797,0.24534876019552732,7674.0,0.9381667952984571,0.0,0.0,inf,0.9631687158355066,3574.0,0.0
socofing:000545:right_ring,stripes,0.4000000059604645,5098.0,0.261118890369851,0.057228800950753465,0.14764093083674362,12.423853532690792,0.4480803459273806,9830.0,0.8760913759469986,0.0,0.0,inf,0.9897600553398278,6554.0,0.0,0.08190666501809218,0.2174012497592027,10.866807568133886,0.21081670717742776,5438.0,0.8760913759469986,0.0,0.0,inf,0.9798899688591621,3266.0,0.0
socofing:000545:right_little,stripes,0.5,2368.0,0.5152292292207277,0.02219056947788317,0.07610296188067878,16.538315523002723,0.6241938095794778,8192.0,0.8564313016831875,0.0,0.0,inf,0.9946134831458293,8192.0,0.0,0.059658204742167605,0.19297797148496046,12.243298197352896,0.14945228792618964,2923.0,0.8564313016831875,0.0,0.0,inf,0.9863308087187568,2147.0,0.0
socofing:000553:left_thumb,stripes,0.6000000238418579,1942.0,0.03607208992528703,0.025229885602858094,0.07308884304754895,15.980847186524654,0.7292095551022372,6554.0,0.8507414162158966,0.0,0.0,inf,0.9986134597908428,9830.0,0.0,0.08066857031091715,0.22347635784460737,10.93295639989993,0.30671629706096526,1942.0,0.8507414162158966,0.0,0.0,inf,0.9977982875525614,6155.0,0.0
socofing:000553:left_index,stripes,0.699999988079071,2528.0,0.027377527783920122,0.03097431903984151,0.0946608555243594,15.089982326674775,0.709801308589176,4915.0,0.9145635291934013,0.0,0.0,inf,0.9975965412930506,11469.0,0.0,0.057703230536868606,0.17572519645421306,12.387998720251867,0.48920744212270373,2562.0,0.9145635291934013,0.0,0.0,inf,0.9972019716111838,7806.0,0.0
socofing:000553:left_middle,stripes,0.800000011920929,2855.0,0.052687394320122614,0.044690602876093055,0.16008227460127838,13.49783786668921,0.41466552846966764,3277.0,0.7405800521373749,0.0,0.0,inf,0.9970160190189009,13107.0,0.0,0.047081622393184586,0.16947651284778434,13.27148580147475,0.40105955828104256,2917.0,0.7405800521373749,0.0,0.0,inf,0.9957212776494525,7533.0,0.0
socofing:000553:left_ring,severe_partial,0.10000000149011612,7164.0,0.3888097419702676,0.04083391772845544,0.11527601203102597,13.889789505637484,0.534950925950548,14746.0,0.9619318824261427,0.0,0.0,inf,0.97739736342321,1638.0,0.0,0.07673545887446315,0.2150218620069815,11.150039054780347,0.13831861704380766,7616.0,0.9619318824261427,0.0,0.0,inf,0.975036123545085,1479.0,0.0
socofing:000553:left_little,severe_partial,0.20000000298023224,7307.0,0.4011272018830019,0.01924025938709966,0.080247030475574,17.157890773280027,0.5076831572553078,13107.0,0.6828169077634811,0.0,0.0,inf,0.986656504180556,3277.0,0.0,0.03029195814381971,0.12519823908369976,15.186726519372403,0.24418036465818999,7863.0,0.6828169077634811,0.0,0.0,inf,0.9834096052716909,2598.0,0.0
socofing:000553:right_thumb,severe_partial,0.30000001192092896,7864.0,0.13781443790055903,0.05009374873369224,0.15173171959502016,13.002164669441862,0.389984351354249,11469.0,0.9853855366818607,0.0,0.0,inf,0.9940283516727908,4915.0,0.0,0.06268426328598768,0.18943379882737993,12.0284147393582,0.23108329248418255,8251.0,0.9853855366818607,0.0,0.0,inf,0.9933218777707281,4384.0,0.0
socofing:000553:right_index,random_rectangles,0.10000000149011612,11144.0,0.5342019986788719,0.054150569686803686,0.16138313463553694,12.663969700537336,0.23512971397825239,14746.0,0.9661601176485419,0.0,0.0,inf,0.9731580607752648,1638.0,0.0,0.06495688875568431,0.1918249836311007,11.873747846997137,0.08125300288874268,11997.0,0.9661601176485419,0.0,0.0,inf,0.9531881395864472,179.0,0.0
socofing:000553:right_middle,random_rectangles,0.20000000298023224,11080.0,0.21075538180204015,0.11428853099111463,0.2509137830773953,9.419973494576041,0.1624106458847957,13107.0,0.9999732971191406,0.0,0.0,inf,0.938378979971628,3277.0,0.0,0.12762117086897212,0.2806417578965542,8.940772752315636,0.061193425616696405,11379.0,0.9999732971191406,0.0,0.0,inf,0.9603139602614931,725.0,0.0
socofing:000553:right_ring,random_rectangles,0.30000001192092896,10132.0,0.178768065369581,0.06621969903151957,0.19787105436239752,11.790127974475462,0.176319977075703,11469.0,0.9373893141746521,0.0,0.0,inf,0.9759264885026535,4915.0,0.0,0.07060297133895511,0.20983651313063265,11.511770212009218,0.11945221042932934,10431.0,0.9373893141746521,0.0,0.0,inf,0.9647056176270682,1562.0,0.0
socofing:000553:right_little,random_rectangles,0.4000000059604645,7227.0,0.10978448007202089,0.05510603162892993,0.15944202284575917,12.588008628578864,0.38239415400121685,9830.0,0.9791647787205875,0.0,0.0,inf,0.994385176042945,6554.0,0.0,0.07292746160361815,0.21073564673205902,11.371089027228539,0.1874898239162035,7332.0,0.9791647787205875,0.0,0.0,inf,0.9845889440151402,2081.0,0.0
socofing:000554:left_thumb,random_rectangles,0.5,6191.0,0.2796017176227708,0.06552505172771408,0.17215633485088233,11.835926275343276,0.3972460432647944,8192.0,0.973588346503675,0.0,0.0,inf,0.9929472156440635,8192.0,0.0,0.08670108153468355,0.22751289581525105,10.619754849734388,0.2091387380427938,6191.0,0.973588346503675,0.0,0.0,inf,0.9821690105777805,3173.0,0.0
socofing:000554:left_index,random_rectangles,0.6000000238418579,6009.0,0.07457846762110006,0.048893927890020894,0.1566578085325885,13.107450723201355,0.3594708912467977,6554.0,0.9399427622556686,0.0,0.0,inf,0.9942816177368373,9830.0,0.0,0.052821084134857345,0.16908692775058742,12.771926892905052,0.3158367085350433,6064.0,0.9399427622556686,0.0,0.0,inf,0.989089991898497,3991.0,0.0
socofing:000554:left_middle,random_rectangles,0.699999988079071,4123.0,0.12158173125967389,0.029092251202623126,0.1158752657624676,15.362226710854083,0.3767824062958943,4915.0,0.840361014008522,0.0,0.0,inf,0.993368760729908,11469.0,0.0,0.032492310076197746,0.13005414771086227,14.882194109178391,0.29805298489558135,4281.0,0.840361014008522,0.0,0.0,inf,0.9930003507412879,6460.0,0.0
socofing:000554:left_ring,random_rectangles,0.800000011920929,2656.0,0.049814011082200335,0.04374211922947249,0.14154294319052976,13.591001799776164,0.4195848486320265,3277.0,0.7917479425668716,0.0,0.0,inf,0.9957285354691436,13107.0,0.0,0.052064442024845434,0.1679019311987479,12.834587815863452,0.3228600846366903,2699.0,0.7917479425668716,0.0,0.0,inf,0.9902596742206669,5689.0,0.0
socofing:000554:left_little,irregular,0.10000000149011612,7000.0,0.15471043127211168,0.038050778201719815,0.10989227995067904,14.196364567578843,0.5902030591355774,14746.0,0.9757294650189579,0.0,0.0,inf,0.9783337818869633,1638.0,0.0,0.07394940085560417,0.21091497013001118,11.3106534034402,0.21220061876927648,7283.0,0.9757294650189579,0.0,0.0,inf,0.9585040793027059,814.0,0.0
socofing:000554:right_thumb,irregular,0.20000000298023224,9561.0,0.05551059599250813,0.05288507030607119,0.15851388679688852,12.766669139538216,0.47879743711181605,13107.0,0.9510178547352552,0.0,0.0,inf,0.9738846836550483,3277.0,0.0,0.06888270197645927,0.20419941117108978,11.618898256883828,0.3514491526841704,9809.0,0.9510178547352552,0.0,0.0,inf,0.965449031758416,2433.0,0.0
socofing:000554:right_index,irregular,0.30000001192092896,7749.0,0.05757861746939899,0.030532017411100083,0.10353534468779338,15.152444986308529,0.5728389405751654,11469.0,0.9042596807703376,0.0,0.0,inf,0.9811556878889279,4915.0,0.0,0.04293869577903882,0.14528954094306198,13.671511509703034,0.39707714271602507,7821.0,0.9042596807703376,0.0,0.0,inf,0.9721811762722292,2984.0,0.0
socofing:000554:right_middle,irregular,0.4000000059604645,6148.0,0.02036494708115524,0.03961517343287961,0.11778939560032994,14.021384384177502,0.6599198200583306,9830.0,0.9155725222080946,0.0,0.0,inf,0.9795015086837138,6554.0,0.0,0.06007479977036646,0.17707456720628428,12.21307668027514,0.49937874962861084,6306.0,0.9155725222080946,0.0,0.0,inf,0.9752665496355223,5234.0,0.0
socofing:000554:right_ring,irregular,0.5,5644.0,0.03874879851411045,0.038595613421136724,0.12419847834956954,14.134620522000251,0.5963209771753066,8192.0,0.8510040640830994,0.0,0.0,inf,0.990232093622669,8192.0,0.0,0.05428216203908383,0.17349075522287277,12.653428628740496,0.4347306954336299,5658.0,0.8510040640830994,0.0,0.0,inf,0.9837598854052164,4243.0,0.0
socofing:000554:right_little,irregular,0.6000000238418579,2721.0,0.0166410382058034,0.015516393546216058,0.05890559286840014,18.092092138114428,0.8428533205853154,6554.0,0.8983250255696476,0.0,0.0,inf,0.9898612646280308,9830.0,0.0,0.03629615038024732,0.13542931094886806,14.40139434392902,0.6409153996256746,2783.0,0.8983250255696476,0.0,0.0,inf,0.9798837834631045,4663.0,0.0
socofing:000558:left_thumb,irregular,0.699999988079071,2261.0,0.18069749514718644,0.03832989531994025,0.09439420312726425,14.164623668148991,0.6005907347897922,4915.0,0.9420661330223083,0.0,0.0,inf,0.9910275281741542,11469.0,0.0,0.06562517732051446,0.1579410075100062,11.82929510112205,0.3796592290237522,2837.0,0.9420661330223083,0.0,0.0,inf,0.987534441941621,7345.0,0.0
socofing:000558:left_index,irregular,0.800000011920929,1266.0,0.09414455231192248,0.033475372651616646,0.09482355466390868,14.752745796739827,0.7580629022792909,3277.0,0.8463074266910553,0.0,0.0,inf,0.9939399441141843,13107.0,0.0,0.07137875321784064,0.20081835176301865,11.464310421934838,0.5029997302931987,1536.0,0.8463074266910553,0.0,0.0,inf,0.9909423970501665,7737.0,0.0
socofing:000558:left_middle,central_missing,0.10000000149011612,8102.0,0.35806199014569506,0.05531643938289861,0.14335845769335012,12.571457823972585,0.3592394565058858,14746.0,0.9976085424423218,0.0,0.0,inf,0.9715912664250993,1638.0,0.0,0.08106943079003698,0.20698931606040646,10.911428762686965,0.09507193579547388,9727.0,0.9976085424423218,0.0,0.0,inf,0.9533444681757499,91.0,0.0
socofing:000558:left_ring,central_missing,0.20000000298023224,8163.0,0.2732265116869283,0.07474463893506555,0.18404804259600926,11.264199516913484,0.30012155947558283,13107.0,0.9350650943815708,0.0,0.0,inf,0.9848437173537132,3277.0,0.0,0.10730809457793061,0.2545102417340124,9.693675166367012,0.08626915377708731,8823.0,0.9350650943815708,0.0,0.0,inf,0.9533049656230683,704.0,0.0
socofing:000558:left_little,central_missing,0.30000001192092896,6162.0,0.2997816219349074,0.06450568565247607,0.18194611299624158,11.904020041450249,0.27782157730836454,11469.0,0.9496105890721083,0.0,0.0,inf,0.9860716435845351,4915.0,0.0,0.0900151570965642,0.24416698147119445,10.456843562366412,0.07711663880743469,7766.0,0.9496105890721083,0.0,0.0,inf,0.8880920925283815,264.0,0.0
socofing:000558:right_thumb,central_missing,0.4000000059604645,9019.0,0.14302848889202083,0.07869898613059467,0.22187697518638705,11.040308625675477,0.17286088067728414,9830.0,0.9359028330072761,0.0,0.0,inf,0.9905426055822381,6554.0,0.0,0.08384803191316671,0.2361344950509494,10.765071267285293,0.12159825561626002,9220.0,0.9359028330072761,0.0,0.0,inf,0.9711041784068611,1966.0,0.0
socofing:000558:right_index,central_missing,0.5,6692.0,0.10111465041895477,0.08347338905718102,0.21145932153378055,10.784519535892896,0.19703998457073663,8192.0,0.8980720564723015,0.0,0.0,inf,0.992710267223547,8192.0,0.0,0.09572802682248435,0.23999939392804384,10.18960892815006,0.12259108554592127,7046.0,0.8980720564723015,0.0,0.0,inf,0.9825621991508021,3330.0,0.0
socofing:000558:right_middle,central_missing,0.6000000238418579,6548.0,0.12345271549157562,0.064487716933016,0.19242100126373185,11.905229981742147,0.14889997401325666,6554.0,0.9267654195427895,0.0,0.0,inf,0.9928918831043153,9830.0,0.0,0.064487716933016,0.19242100126373185,11.905229981742147,0.14889997401325666,6554.0,0.9267654195427895,0.0,0.0,inf,0.9849902016074769,4655.0,0.0
socofing:000558:right_ring,central_missing,0.699999988079071,4856.0,0.06121696452641341,0.089719161165639,0.231589731298262,10.471147955308581,0.19813181413292907,4915.0,0.9433313589543104,0.0,0.0,inf,0.9917334467421507,11469.0,0.0,0.08992040704975363,0.23210860554861562,10.461417358156977,0.19667212545361618,4904.0,0.9433313589543104,0.0,0.0,inf,0.9827199024406114,5141.0,0.0
socofing:000558:right_little,central_missing,0.800000011920929,3163.0,0.16051836582165505,0.08933248355323851,0.22672273161948103,10.48990591921038,0.2463962029299406,3277.0,0.939599811565131,0.0,0.0,inf,0.9954922713352625,13107.0,0.0,0.08933248355323851,0.22672273161948103,10.48990591921038,0.2463962029299406,3277.0,0.939599811565131,0.0,0.0,inf,0.989670926615932,5720.0,0.0
socofing:000564:left_thumb,peripheral_only,0.10000000149011612,8749.0,0.11282285556722621,0.05172249267733069,0.14382566225890053,12.863205532053424,0.4489363822704319,14746.0,0.9350684862583876,0.0,0.0,inf,0.9634449440517324,1638.0,0.0,0.08111944009085348,0.22190866458743935,10.908750556228188,0.15437984087958082,9159.0,0.9350684862583876,0.0,0.0,inf,0.9542886387021114,1180.0,0.0
socofing:000564:left_index,peripheral_only,0.20000000298023224,6248.0,0.2668974158743167,0.04341289733603643,0.12606488900678223,13.623812287878119,0.4760108613457255,13107.0,0.9054580293595791,0.0,0.0,inf,0.9696965868822952,3277.0,0.0,0.07061791979895629,0.2038379218499221,11.510850796522828,0.16091763344833787,7795.0,0.9054580293595791,0.0,0.0,inf,0.9413347148878491,1628.0,0.0
socofing:000564:left_middle,peripheral_only,0.30000001192092896,6073.0,0.15054259848772247,0.038458187680628544,0.12740755573712334,14.150111854861901,0.4447752763786262,11469.0,0.9286566963419318,0.0,0.0,inf,0.9757424314300541,4915.0,0.0,0.06118699841495333,0.19874949441123868,12.13340851000053,0.16814894228131388,6977.0,0.9286566963419318,0.0,0.0,inf,0.9685221829528,3321.0,0.0
socofing:000564:left_ring,peripheral_only,0.4000000059604645,3907.0,0.17491683832637211,0.03386662069659699,0.1087440883032106,14.702281362765202,0.5025196734905697,9830.0,0.80001550167799,0.0,0.0,inf,0.9825472271609849,6554.0,0.0,0.060148722915901266,0.19005473252754645,12.20773589212997,0.15037909387876283,5480.0,0.80001550167799,0.0,0.0,inf,0.9672655498645434,3291.0,0.0
socofing:000564:left_little,peripheral_only,0.5,2673.0,0.15791062886245974,0.027286988398304013,0.08976347223745051,15.64044393761095,0.6185912628822618,8192.0,0.7541076503694057,0.0,0.0,inf,0.9869181056423757,8192.0,0.0,0.05956976949085378,0.19252461360947445,12.249740804290035,0.19952787568537556,3664.0,0.7541076503694057,0.0,0.0,inf,0.9781597784261572,4286.0,0.0
socofing:000564:right_thumb,peripheral_only,0.6000000238418579,3451.0,0.07427185317823654,0.056788282904772266,0.14675819634151271,12.457412627878625,0.5383574441776847,6554.0,0.8965798318386078,0.0,0.0,inf,0.9898891138763576,9830.0,0.0,0.09597303181442576,0.24250874319870813,10.178507854975997,0.24684952923812026,3783.0,0.8965798318386078,0.0,0.0,inf,0.9851373680904298,6443.0,0.0
socofing:000564:right_index,peripheral_only,0.699999988079071,2469.0,0.11389081189566874,0.04959136121808191,0.137492021103508,13.045939707290927,0.48612259863648016,4915.0,0.8529968820512295,0.0,0.0,inf,0.9928646345091989,11469.0,0.0,0.07926580672105582,0.21706472701510052,11.009141160222635,0.19845930542915394,3065.0,0.8529968820512295,0.0,0.0,inf,0.9896872720880163,7745.0,0.0
socofing:000564:right_middle,peripheral_only,0.800000011920929,1726.0,0.1334334854491553,0.010272251851228709,0.04827956652543659,19.883343412750236,0.6325131120202602,3277.0,0.7485743090510368,0.0,0.0,inf,0.9960865063974031,13107.0,0.0,0.0162523354932264,0.07490024245661599,17.890842212119146,0.40263488692783467,1925.0,0.7485743090510368,0.0,0.0,inf,0.9945330644003034,8902.0,0.0
socofing:000564:right_ring,central_only,0.10000000149011612,4767.0,0.3299184611036524,0.05675724051983034,0.1465804263679932,12.459787276638817,0.4278240595993146,14746.0,0.9290147572755814,0.0,0.0,inf,0.9660708305089621,1638.0,0.0,0.09688490791165809,0.23855246258942256,10.137438691944576,0.07823913101687002,6218.0,0.9290147572755814,0.0,0.0,inf,0.9660708305089621,1638.0,0.0
socofing:000564:right_little,central_only,0.20000000298023224,3762.0,0.20912219222537165,0.02201747924656987,0.07967045972570112,16.57232404345683,0.6481745159714111,13107.0,0.7623119349591434,0.0,0.0,inf,0.9919038217603117,3277.0,0.0,0.05704485901198412,0.19961390394454478,12.437834889027597,0.14760064188031205,4611.0,0.7623119349591434,0.0,0.0,inf,0.9904866791652323,2786.0,0.0
socofing:000584:left_thumb,central_only,0.30000001192092896,7025.0,0.1618173346954883,0.029181157926618382,0.1041882764004,15.34897479023672,0.47123497017349364,11469.0,0.7364096492528915,0.0,0.0,inf,0.9928803358615987,4915.0,0.0,0.03440433976840655,0.13406201807052115,14.633867720041625,0.28872950144996035,7219.0,0.7364096492528915,0.0,0.0,inf,0.9928803358615987,4915.0,0.0
socofing:000584:left_index,central_only,0.4000000059604645,4908.0,0.10748924899615295,0.011894167745213955,0.06272503709987125,19.24665940873981,0.5874681593423745,9830.0,0.6263037025928497,0.0,0.0,inf,0.9861661518896594,6554.0,0.0,0.01729841158532865,0.09298243121456834,17.61993773830615,0.3640821766372935,5457.0,0.6263037025928497,0.0,0.0,inf,0.9861661518896594,6554.0,0.0
socofing:000584:left_middle,central_only,0.5,3967.0,0.14428007786238922,0.013711846657310811,0.06657319940859452,18.62904052207351,0.5698209676269197,8192.0,0.6124204099178314,0.0,0.0,inf,0.9903473521077237,8192.0,0.0,0.019430302804570067,0.09676529704939665,17.11520431241228,0.3213290200729973,4179.0,0.6124204099178314,0.0,0.0,inf,0.9903473521077237,8192.0,0.0
socofing:000584:left_ring,central_only,0.6000000238418579,2150.0,0.1848982314775596,0.008222142514582333,0.04877552959862227,20.85014999854344,0.7140511693511717,6554.0,0.5335224866867065,0.0,0.0,inf,0.9927565670571484,9830.0,0.0,0.01610316941414636,0.09502623843853805,17.93088638029709,0.3727460506870568,2279.0,0.5335224866867065,0.0,0.0,inf,0.992870154455116,9781.0,0.0
socofing:000584:left_little,central_only,0.699999988079071,1023.0,0.0400154058809784,0.003787063577147112,0.0255981511587044,24.21697403890952,0.8674113573755826,4915.0,0.4501807987689972,0.0,0.0,inf,0.9971477248299051,11469.0,0.0,0.010322453250991681,0.07596167051329926,19.862170753103513,0.5542607010989427,1109.0,0.37064823508262634,0.0,0.0,inf,0.9968252044663798,10141.0,0.0
socofing:000584:right_thumb,central_only,0.800000011920929,796.0,0.015118798246492387,0.0012607511744370087,0.014821986751260022,28.993706186070405,0.8865118868910249,3277.0,0.4179011881351471,0.0,0.0,inf,0.9973499654646512,13107.0,0.0,0.002382163589384245,0.02890010515346274,26.230284176948185,0.6153848779109808,838.0,0.3199072480201721,0.0,0.0,inf,0.9972900978689948,11574.0,0.0
socofing:000584:right_index,disconnected_fragments,0.10000000149011612,10076.0,0.22739982589623764,0.03639220746204786,0.12103527962242872,14.389916003766675,0.41330480338855935,14746.0,0.9596104007214308,0.0,0.0,inf,0.9814486645157886,1638.0,0.0,0.04843249812412598,0.15964576435269662,13.148631296827052,0.2050357275351408,10512.0,0.9596104007214308,0.0,0.0,inf,0.9800491914190618,1516.0,0.0
socofing:000584:right_middle,disconnected_fragments,0.20000000298023224,9312.0,0.32855845849789594,0.03815640769628256,0.13772684262483406,14.18432519479461,0.3601126283122261,13107.0,0.8286774083971977,0.0,0.0,inf,0.9804900542288356,3277.0,0.0,0.04596911358714147,0.16846408624908935,13.375338705791382,0.21082538582113033,9805.0,0.7847170159220695,0.0,0.0,inf,0.9781601004796165,2882.0,0.0
socofing:000584:right_ring,disconnected_fragments,0.30000001192092896,7312.0,0.16180359375664638,0.02300326364954251,0.09423512520868003,16.38210542920025,0.4526303473261511,11469.0,0.753935381770134,0.0,0.0,inf,0.9866173965793651,4915.0,0.0,0.030131392995563396,0.1269588902637214,15.20980790122123,0.25805236259020303,7525.0,0.7419782727956772,0.0,0.0,inf,0.9840882780604012,4077.0,0.0
socofing:000584:right_little,disconnected_fragments,0.4000000059604645,5106.0,0.29851593140881283,0.01662814708218474,0.0753262256148024,17.791561426515873,0.5766756420411652,9830.0,0.6905489861965179,0.0,0.0,inf,0.9942386168599064,6554.0,0.0,0.029040246360164126,0.12905007586997144,15.369997036604424,0.28650882505086345,5404.0,0.6905489861965179,0.0,0.0,inf,0.9928557076225363,4553.0,0.0
socofing:000589:left_thumb,disconnected_fragments,0.5,4369.0,0.17558170611877932,0.029830240366243512,0.10889138535151233,15.253432471638302,0.5196464014672297,8192.0,0.7279732376337051,0.0,0.0,inf,0.9947714387151049,8192.0,0.0,0.04926038755432883,0.17649248602285686,13.075021756872456,0.26079531206450074,4597.0,0.7279732376337051,0.0,0.0,inf,0.9924021451813652,5508.0,0.0
socofing:000589:left_index,disconnected_fragments,0.6000000238418579,3589.0,0.051292792929767975,0.015074271771448008,0.0693545947696867,18.217636591732752,0.6051537309202217,6554.0,0.7481435537338257,0.0,0.0,inf,0.9946596845661552,9830.0,0.0,0.025156866526393595,0.1134714519393365,15.9934345444477,0.3622150140663339,3731.0,0.7481435537338257,0.0,0.0,inf,0.9917531232888869,5744.0,0.0
socofing:000589:left_middle,disconnected_fragments,0.699999988079071,3021.0,0.3346812962634618,0.03372692595715787,0.1146723713338307,14.720232408055441,0.42874835255993426,4915.0,0.831020325422287,0.0,0.0,inf,0.9972731153406732,11469.0,0.0,0.05103396040962688,0.17209492083311037,12.921407276249116,0.16362972047041727,3153.0,0.831020325422287,0.0,0.0,inf,0.9953673173034392,6709.0,0.0
socofing:000589:left_ring,disconnected_fragments,0.800000011920929,1627.0,0.4185971385627037,0.03281190050776873,0.09915252875972642,14.839686139866199,0.5586760320823896,3277.0,0.8403824381530285,0.0,0.0,inf,0.9965771653831034,13107.0,0.0,0.05575561037870879,0.16545113340578974,12.537114254291847,0.2967850548028654,1750.0,0.8403824381530285,0.0,0.0,inf,0.9948325435407874,8164.0,0.0
socofing:000589:left_little,stripes,0.10000000149011612,7526.0,0.22165523299536885,0.033788117494470075,0.11993545256251292,14.712360042753732,0.41831806455778764,14746.0,0.8519010990858078,0.0,0.0,inf,0.9973205029382401,1638.0,0.0,0.05492993592607583,0.1887909712081461,12.601909075682629,0.11772991408615847,8130.0,0.8519010990858078,0.0,0.0,inf,0.9677357290061479,126.0,0.0
socofing:000589:right_thumb,stripes,0.20000000298023224,7870.0,0.08657128382281758,0.048912973775736765,0.13335188183254437,13.105759324530496,0.44512860814487143,13107.0,0.9830070734024048,0.0,0.0,inf,0.9861778729482337,3277.0,0.0,0.07732964598393753,0.20856271573386548,11.11653978022835,0.14712111344987255,8145.0,0.9830070734024048,0.0,0.0,inf,0.9806163512437303,1884.0,0.0
socofing:000589:right_index,stripes,0.30000001192092896,5568.0,0.2651259773087071,0.028933567825820346,0.08925464425094348,15.385980097834766,0.5592224868736401,11469.0,0.8641744405031204,0.0,0.0,inf,0.9881971617784469,4915.0,0.0,0.055929796849488005,0.16905630457593948,12.523567581311937,0.18026437149489533,5807.0,0.8641744405031204,0.0,0.0,inf,0.9877586064325293,3096.0,0.0
socofing:000589:right_middle,stripes,0.4000000059604645,6150.0,0.2693228004099475,0.06412582595504146,0.14990988204810302,11.929670280336293,0.4095755311957666,9830.0,0.949785990640521,0.0,0.0,inf,0.9864509147769263,6554.0,0.0,0.09209737524428409,0.21386181391582446,10.357527469276604,0.16246684412875,6433.0,0.949785990640521,0.0,0.0,inf,0.986405942535293,3485.0,0.0
socofing:000589:right_ring,stripes,0.5,5554.0,0.23707221767709422,0.01089323736317305,0.05565729531726049,19.62843033006283,0.4240949083399771,8192.0,0.8399044126272202,0.0,0.0,inf,0.9947631713585865,8192.0,0.0,0.011601324703556773,0.060859258298242465,19.354924177905392,0.31286718743863395,6681.0,0.8399044126272202,0.0,0.0,inf,0.9902837914543274,4368.0,0.0
socofing:000589:right_little,stripes,0.6000000238418579,3892.0,0.06081320650090242,0.025600876957823232,0.08883292735276473,15.917451576795457,0.5986429094258398,6554.0,0.7652341425418854,0.0,0.0,inf,0.9937447886675692,9830.0,0.0,0.03651367322383299,0.12750870041280368,14.375444754425411,0.4419772376201942,4119.0,0.7652341425418854,0.0,0.0,inf,0.9906537591238552,5282.0,0.0
socofing:000594:left_thumb,stripes,0.699999988079071,3722.0,0.032764875532198715,0.0596294616029768,0.1692505027162762,12.245391119004765,0.4816019757156142,4915.0,0.8785938546061516,0.0,0.0,inf,0.993565353433466,11469.0,0.0,0.07501681888893992,0.21066901800490176,11.248413561846506,0.356984539213277,3830.0,0.8785938546061516,0.0,0.0,inf,0.9917712353708122,8405.0,0.0
socofing:000594:left_index,stripes,0.800000011920929,2791.0,0.08050225989939352,0.07131480302566648,0.19693423183404676,11.468203129940505,0.36830635099547004,3277.0,0.8864442855119705,0.0,0.0,inf,0.9960396376684036,13107.0,0.0,0.07910433954550189,0.21752499587994686,11.017996911044698,0.3103550720078414,2919.0,0.8864442855119705,0.0,0.0,inf,0.9944020514935022,8922.0,0.0
socofing:000594:left_middle,severe_partial,0.10000000149011612,9857.0,0.25297469236479575,0.07597454376665193,0.18549665588371583,11.193318992140668,0.35438371495215576,14746.0,0.993517457973212,0.0,0.0,inf,0.9802078076524061,1638.0,0.0,0.09978877385183452,0.2475284947707761,10.00918313706949,0.15805425862710845,10180.0,0.954083438962698,0.0,0.0,inf,0.9800056720080415,1616.0,0.0
socofing:000594:left_ring,severe_partial,0.20000000298023224,8159.0,0.32252841545854244,0.048078219249540456,0.14050578638484773,13.180516263717962,0.39048838168893746,13107.0,0.9203676572069526,0.0,0.0,inf,0.977339316938866,3277.0,0.0,0.06785010617851914,0.1946632907870862,11.684494683769946,0.18128601527844088,8877.0,0.9203676572069526,0.0,0.0,inf,0.977339316938866,3277.0,0.0
socofing:000594:left_little,severe_partial,0.30000001192092896,6138.0,0.39901111193083216,0.03914508852912749,0.11458465755620821,14.073227204133417,0.3865881785341736,11469.0,0.9322076961398125,0.0,0.0,inf,0.9839637758844575,4915.0,0.0,0.05438080495814603,0.15913686746114608,12.645543681664366,0.1585573619046263,7589.0,0.9322076961398125,0.0,0.0,inf,0.9777421873257827,3352.0,0.0
socofing:000594:right_thumb,random_rectangles,0.10000000149011612,11232.0,0.21062480919204193,0.10809611501584392,0.23684594670416595,9.661899143491915,0.18722979901492082,14746.0,0.9921115627512336,0.0,0.0,inf,0.9769161546896701,1638.0,0.0,0.1286894108791547,0.2787064513185121,8.904571872521833,0.05436332258692286,11967.0,0.9921115627512336,0.0,0.0,inf,0.5984155602130435,1.0,0.0
socofing:000594:right_index,random_rectangles,0.20000000298023224,10854.0,0.2715209736891144,0.07472081157090113,0.20872110665208174,11.26558419716267,0.20539098102586484,13107.0,0.9027408920228481,0.0,0.0,inf,0.9749441966441087,3277.0,0.0,0.08543120053778261,0.23792894114086974,10.683834905904403,0.09854015367601857,11299.0,0.9027408920228481,0.0,0.0,inf,0.9626048108485924,843.0,0.0
socofing:000594:right_middle,random_rectangles,0.30000001192092896,9720.0,0.2045148644412937,0.07365177750092097,0.20444711619308087,11.328167674971642,0.2408481176685369,11469.0,0.9710090747103095,0.0,0.0,inf,0.9870247590691479,4915.0,0.0,0.08276573244471364,0.22929195322344553,10.821494372560634,0.15063144005518495,10101.0,0.9710090747103095,0.0,0.0,inf,0.9845457351703687,1984.0,0.0
socofing:000594:right_ring,random_rectangles,0.4000000059604645,8177.0,0.17417693834233108,0.07223895386686614,0.19303416858213107,11.412285519129483,0.29977204382082623,9830.0,0.9599931817501783,0.0,0.0,inf,0.985141084773853,6554.0,0.0,0.08485128237031565,0.22631980322426445,10.713415897382516,0.18153635314219882,8326.0,0.9599931817501783,0.0,0.0,inf,0.9816376046918079,3436.0,0.0
socofing:000594:right_little,random_rectangles,0.5,5725.0,0.07854593654799809,0.06495460613570213,0.1539912752887176,11.873900463093731,0.450969495734284,8192.0,0.993784963618964,0.0,0.0,inf,0.9917734291429827,8192.0,0.0,0.09169337854339435,0.21617813354034224,10.376620249176957,0.23939758215899432,5786.0,0.993784963618964,0.0,0.0,inf,0.9880979017326189,4813.0,0.0
socofing:000598:left_thumb,random_rectangles,0.6000000238418579,5565.0,0.07089085502901292,0.05258604527850892,0.1730145129707247,12.791294889755145,0.27349948695956156,6554.0,0.9088221173733473,0.0,0.0,inf,0.988464209024822,9830.0,0.0,0.053419274859024854,0.1754161329162702,12.723020116134398,0.2631561197400423,6438.0,0.9088221173733473,0.0,0.0,inf,0.9825425627162765,5667.0,0.0
socofing:000598:left_index,random_rectangles,0.699999988079071,4846.0,0.2542576488004104,0.07278285803009371,0.21949761945778923,11.379708945820408,0.250457471893242,4915.0,0.8684740061871707,0.0,0.0,inf,0.9960968866436236,11469.0,0.0,0.07296099267968512,0.2200346751737479,11.369092657928977,0.24924205155306217,4903.0,0.8684740061871707,0.0,0.0,inf,0.9943199086541572,7327.0,0.0
socofing:000598:left_middle,random_rectangles,0.800000011920929,2796.0,0.11636942677630183,0.05353651336764398,0.17522766285706373,12.713499161991324,0.36955382304729906,3277.0,0.7784829586744308,0.0,0.0,inf,0.9960920833416844,13107.0,0.0,0.05714600967622614,0.1871083659886503,12.430140896098836,0.31630999394218756,2940.0,0.7784829586744308,0.0,0.0,inf,0.9943483016323824,8864.0,0.0
socofing:000598:left_ring,irregular,0.10000000149011612,10090.0,0.43084432086586827,0.057278344146343835,0.1736698835179279,12.420095454924532,0.33543877894808827,14746.0,0.9031226076185703,0.0,0.0,inf,0.9380926140978203,1638.0,0.0,0.072299684699802,0.2179837155081511,11.408635966672218,0.17596572426680016,11227.0,0.9031226076185703,0.0,0.0,inf,0.9275580562236949,1095.0,0.0
socofing:000598:left_little,irregular,0.20000000298023224,9361.0,0.1426284914688019,0.05279921865513611,0.15269756584768676,12.77372504289552,0.4108099113892183,13107.0,0.9130430184304714,0.0,0.0,inf,0.9735034706443148,3277.0,0.0,0.07039940073474017,0.20322381215844104,11.52431037714468,0.23088216821855043,9594.0,0.8537524864077568,0.0,0.0,inf,0.9512943849577711,1642.0,0.0
socofing:000598:right_thumb,irregular,0.30000001192092896,7681.0,0.34205128187591133,0.048919982518568904,0.14898845036992797,13.105137068297507,0.32475994444098666,11469.0,0.8902595564723015,0.0,0.0,inf,0.9719344771130685,4915.0,0.0,0.05929251333329705,0.18036862726400452,12.270001400809502,0.18171869386056488,8849.0,0.8902595564723015,0.0,0.0,inf,0.9660376252961249,3097.0,0.0
socofing:000598:right_index,irregular,0.4000000059604645,8247.0,0.07143284359416709,0.053535820866345944,0.16975799344403297,12.713555338872983,0.4134470100431133,9830.0,0.9255660157650709,0.0,0.0,inf,0.9802314732240366,6554.0,0.0,0.06062419198226567,0.19136812454967111,12.173540367605147,0.3478383955859833,8458.0,0.9255660157650709,0.0,0.0,inf,0.9666582901150765,3555.0,0.0
socofing:000598:right_middle,irregular,0.5,6471.0,0.07290759893230565,0.04821991360820647,0.15645740450128187,13.167735720488352,0.4870922787751951,8192.0,0.8821805492043495,0.0,0.0,inf,0.9849242981372541,8192.0,0.0,0.05674768485142264,0.18405905977052311,12.46051851787026,0.40343840615470783,6545.0,0.8821805492043495,0.0,0.0,inf,0.9830667048075283,6039.0,0.0
socofing:000598:right_ring,irregular,0.6000000238418579,5553.0,0.05711569868187432,0.051923178954098606,0.16665043326738174,12.84638726069797,0.5305825103821137,6554.0,0.7823657914996147,0.0,0.0,inf,0.9849951886864692,9830.0,0.0,0.05834803324214133,0.18762926933694754,12.339737782900883,0.4745309555164593,5693.0,0.7621377408504486,0.0,0.0,inf,0.9803967109141891,6498.0,0.0
socofing:000598:right_little,irregular,0.699999988079071,3662.0,0.015757273954484237,0.03573707379433654,0.12758127365058566,14.468810110637287,0.6237564662744451,4915.0,0.7913393825292587,0.0,0.0,inf,0.9918781383136505,11469.0,0.0,0.044915060053727925,0.16125804441346603,13.476080153086675,0.5569551369052399,3670.0,0.7913393825292587,0.0,0.0,inf,0.9915818920755025,7578.0,0.0
