sample_id,subject_id,finger_id,selected_dataset_index,mask_family,observed_fraction,fraction_domain,nested_mask_seed,nested_mask_set_id,observed_fraction_canvas,missing_fraction_canvas,observed_fraction_fingerprint_roi,missing_fraction_fingerprint_roi,fingerprint_roi_pixels,reinjected_pairwise_diversity_mae,reinjected_mean_predictive_std,reinjected_uncertainty_error_spearman,reinjected_best_sample_index,reinjected_missing_roi_pixels,reinjected_coverage_50,reinjected_interval_width_50,reinjected_coverage_80,reinjected_interval_width_80,reinjected_coverage_90,reinjected_interval_width_90,reinjected_single_mse,reinjected_single_mae,reinjected_single_psnr,reinjected_single_ssim_map_mean,reinjected_single_pixels,reinjected_single_max_absolute_error,reinjected_single_orientation_error,reinjected_single_ridge_frequency_mae_cpx,reinjected_single_ridge_period_mae_pixels,reinjected_single_ridge_frequency_relative_mae,reinjected_single_ridge_frequency_windows,reinjected_mean_mse,reinjected_mean_mae,reinjected_mean_psnr,reinjected_mean_ssim_map_mean,reinjected_mean_pixels,reinjected_mean_max_absolute_error,reinjected_mean_orientation_error,reinjected_mean_ridge_frequency_mae_cpx,reinjected_mean_ridge_period_mae_pixels,reinjected_mean_ridge_frequency_relative_mae,reinjected_mean_ridge_frequency_windows,reinjected_best_of_k_mse,reinjected_best_of_k_mae,reinjected_best_of_k_psnr,reinjected_best_of_k_ssim_map_mean,reinjected_best_of_k_pixels,reinjected_best_of_k_max_absolute_error,reinjected_best_of_k_orientation_error,reinjected_best_of_k_ridge_frequency_mae_cpx,reinjected_best_of_k_ridge_period_mae_pixels,reinjected_best_of_k_ridge_frequency_relative_mae,reinjected_best_of_k_ridge_frequency_windows
socofing:000023:left_thumb,000023,left_thumb,0,central_only,0.10,fingerprint_roi,2565616518469229386,roi:central_only:2565616518469229386:0.450000,0.068359375,0.931640625,0.09996429846483398,0.900035701535166,11204.0,0.26172188720177614,0.2071959376335144,-0.027711567825962378,1.0,10084.0,0.29670765569218566,0.1962914154013321,0.4530940103133677,0.3140662646421314,0.4918683062276874,0.35332454772239774,0.1567488443042181,0.32537248150217585,8.047956525013998,0.06118118494031319,10084.0,0.9457261264324188,0.2655616730726524,0.04838966836734694,1.5052793486119176,0.27076072190419465,147.0,0.07535424706459852,0.21482116237333734,11.228922652506117,0.11917970082628189,10084.0,0.8373310714960098,0.22403660010595752,0.05412946428571429,1.7026054081782822,0.3024172480075141,147.0,0.08660962942118929,0.23186963344733896,10.624338196224194,0.10960799118013104,10084.0,0.9523707032203674,0.15143649286022465,0.04833652210884354,1.4480691716405905,0.27120872426307535,147.0
socofing:000023:left_thumb,000023,left_thumb,0,central_only,0.20,fingerprint_roi,2565616518469229386,roi:central_only:2565616518469229386:0.450000,0.13677978515625,0.86322021484375,0.200017850767583,0.7999821492324171,11204.0,0.2621355670897354,0.20722562074661255,-0.12401596589043322,0.0,8963.0,0.3254490683922794,0.19660167531730155,0.5000557848934508,0.3145626805076825,0.5398861988173602,0.35388301557114277,0.10897390481259808,0.26108262759825485,9.626774869465285,0.10888035728785933,8963.0,0.9227255880832672,0.2356021181746748,0.04349741541353384,1.5541885983359047,0.2521156934122181,133.0,0.07796004399135083,0.2125103366567988,11.081279244903381,0.1290056418105922,8963.0,0.7411440312862396,0.23130606922947408,0.04878406954887218,1.4018893560362538,0.28462029107194325,133.0,0.10897390481259808,0.26108262759825485,9.626774869465285,0.10888035728785933,8963.0,0.9227255880832672,0.2356021181746748,0.04349741541353384,1.5541885983359047,0.2521156934122181,133.0
socofing:000023:left_thumb,000023,left_thumb,0,central_only,0.30,fingerprint_roi,2565616518469229386,roi:central_only:2565616518469229386:0.450000,0.20513916015625,0.79486083984375,0.299982149232417,0.7000178507675829,11204.0,0.223432551061987,0.17677521705627441,-0.035933573537064764,1.0,7843.0,0.2507968889455566,0.16757441329649025,0.3881167920438608,0.26811906127438445,0.4301925283692465,0.3016339439336825,0.12311333134624272,0.2758599861926241,9.096949168767477,0.10337945223796956,7843.0,0.9711211919784546,0.21215039114071843,0.04483545353982301,1.1856468632584756,0.2530878173820588,113.0,0.0906676866158828,0.23232132455957008,10.425474651432774,0.13893251859462918,7843.0,0.7657898515462875,0.2638216400094737,0.04580337389380531,1.3297556168196178,0.2609330602414167,113.0,0.11702270608670173,0.26408654668912374,9.317298632844901,0.1148414851384991,7843.0,0.8239751756191254,0.2758658208533043,0.04988246681415929,1.3874790878367245,0.2945095132253191,113.0
socofing:000023:left_thumb,000023,left_thumb,0,central_only,0.40,fingerprint_roi,2565616518469229386,roi:central_only:2565616518469229386:0.450000,0.2735595703125,0.7264404296875,0.400035701535166,0.599964298464834,11204.0,0.25533421416078356,0.2018895149230957,0.0261853160657459,1.0,6722.0,0.3202915798869384,0.19150066062058768,0.49851234751562035,0.30640105699294035,0.5479024099970247,0.3447011891170578,0.10754151360558953,0.2576065191495316,9.684238552874907,0.09400128156192011,6722.0,0.9553566873073578,0.24288215020487944,0.04958639705882353,1.4533722789967538,0.2790989626258653,85.0,0.057972785567684315,0.18484531923113248,12.367758314627688,0.13268961607546603,6722.0,0.8502587899565697,0.2370238916281482,0.051470588235294115,1.7731615930232292,0.28978524437054065,85.0,0.08574318778982892,0.2335817570360563,10.668003741750915,0.09050839095703549,6722.0,0.8789652585983276,0.21308806009577172,0.04384191176470588,1.3122488820694584,0.2526728128777993,85.0
socofing:000023:left_thumb,000023,left_thumb,0,central_only,0.50,fingerprint_roi,2565616518469229386,roi:central_only:2565616518469229386:0.450000,0.3419189453125,0.6580810546875,0.5,0.5,11204.0,0.26239904231448036,0.20736311376094818,-0.0008127883335331538,2.0,5602.0,0.252945376651196,0.19679928173586028,0.40414137807925743,0.31487885077737643,0.4450196358443413,0.3542387071245485,0.1298039886653254,0.2934212079301599,8.867119621679608,0.08341296120636085,5602.0,0.9507519900798798,0.2597602437484509,0.04408482142857143,1.1463846641916218,0.2649931326070741,63.0,0.08381767800631781,0.23382474920289809,10.766643745569498,0.12986942050610503,5602.0,0.8123852610588074,0.21663752166123565,0.04265873015873016,1.2066081479094661,0.246130392623609,63.0,0.12229772934398354,0.2759401046300905,9.125816062714232,0.1624254754142944,5602.0,0.8540977835655212,0.2600350809979728,0.04079861111111111,1.0295379622905312,0.22971451686662434,63.0
socofing:000023:left_thumb,000023,left_thumb,0,central_only,0.60,fingerprint_roi,2565616518469229386,roi:central_only:2565616518469229386:0.450000,0.4102783203125,0.5897216796875,0.599964298464834,0.400035701535166,11204.0,0.2791520530989921,0.22025179862976074,0.14118266312339162,0.0,4482.0,0.3246318607764391,0.20936403982424406,0.48036590807675145,0.33498246371879054,0.5287817938420348,0.37685527168363925,0.06548050773940861,0.20238430551695855,11.838879617040716,0.09947276768655083,4482.0,0.8738094866275787,0.15137342437440526,0.044677734375,1.2377185328581817,0.2757515796294696,32.0,0.05719325932009896,0.18970648247195057,12.426551532452548,0.13320292112218848,4482.0,0.7443780303001404,0.26016196773172034,0.043212890625,1.2991863165870647,0.2619108532921247,32.0,0.06548050773940861,0.20238430551695855,11.838879617040716,0.09947276768655083,4482.0,0.8738094866275787,0.15137342437440526,0.044677734375,1.2377185328581817,0.2757515796294696,32.0
socofing:000023:left_thumb,000023,left_thumb,0,central_only,0.70,fingerprint_roi,2565616518469229386,roi:central_only:2565616518469229386:0.450000,0.47869873046875,0.52130126953125,0.700017850767583,0.29998214923241695,11204.0,0.23542996601111169,0.18574434518814087,0.18062800228443096,1.0,3361.0,0.2891996429634037,0.17657247450833377,0.4397500743826242,0.282515959213334,0.4834870574233859,0.31783045411500077,0.09720211190077459,0.246034321863713,10.123242990975028,0.09765545606418624,3361.0,0.7965853810310364,0.26647735841079495,0.059126420454545456,1.7552269546305121,0.381403799820219,22.0,0.0513453378546673,0.1800420053011736,12.894989841195208,0.14806742506268267,3361.0,0.7137254774570465,0.27701757300081,0.059126420454545456,1.7122136211184413,0.3639050997499531,22.0,0.06928536870848367,0.20508453549639308,11.593584675534576,0.12473094471207885,3361.0,0.7875569760799408,0.22476887239597493,0.04421164772727273,1.4007868480979768,0.26194585880309057,22.0
socofing:000023:left_thumb,000023,left_thumb,0,central_only,0.80,fingerprint_roi,2565616518469229386,roi:central_only:2565616518469229386:0.450000,0.54705810546875,0.45294189453125,0.799982149232417,0.20001785076758305,11204.0,0.2093652756320886,0.16591520607471466,0.15873753367226612,2.0,2241.0,0.29941990182954037,0.15702395672406644,0.43284248103525214,0.2512383307585063,0.4738955823293173,0.2826431221033196,0.08403347694805433,0.22239963639160185,10.755476668255145,0.16800158222223602,2241.0,0.7424633800983429,0.26050984296015484,0.051513671875,1.936771088852865,0.3393325484295714,16.0,0.050395265642178076,0.1718828425286479,12.97610261214282,0.20648569818782112,2241.0,0.7137254774570465,0.21175484892002538,0.041015625,1.28213387670616,0.2459431882305621,16.0,0.0626369044914068,0.19116668746919305,12.03169713202975,0.17988155330477804,2241.0,0.7739365994930267,0.18254695291220113,0.0458984375,1.6080993076615915,0.2803606819001216,16.0
socofing:000023:left_thumb,000023,left_thumb,0,peripheral_only,0.10,fingerprint_roi,8041209469951861173,roi:peripheral_only:8041209469951861173:0.450000,0.068359375,0.931640625,0.09996429846483398,0.900035701535166,11204.0,0.27805256671759243,0.21984891593456268,0.10609530439455334,0.0,10084.0,0.37048790162633877,0.20853942503819434,0.5579135263784213,0.33366308006111095,0.6021420071400237,0.37537096506874984,0.06841557866018258,0.20418581099517996,11.648449954173847,0.11012392706070448,10084.0,0.8491082191467285,0.12595296315541124,0.044459292763157895,1.1173707202400964,0.24687613533896402,152.0,0.04183238263999745,0.16079881702221335,13.784873986769801,0.09453773565816097,10084.0,0.8186535984277725,0.13236283201258509,0.041529605263157895,1.1482562831325278,0.22478425917303432,152.0,0.06841557866018258,0.20418581099517996,11.648449954173847,0.11012392706070448,10084.0,0.8491082191467285,0.12595296315541124,0.044459292763157895,1.1173707202400964,0.24687613533896402,152.0
socofing:000023:left_thumb,000023,left_thumb,0,peripheral_only,0.20,fingerprint_roi,8041209469951861173,roi:peripheral_only:8041209469951861173:0.450000,0.13677978515625,0.86322021484375,0.200017850767583,0.7999821492324171,11204.0,0.26892170060531706,0.2118684947490692,0.21282899210660955,0.0,8963.0,0.3369407564431552,0.2016912754539878,0.5182416601584291,0.3227060407263805,0.5671092268213768,0.36304429581717795,0.07162213496976105,0.20623810588315997,11.449527373346342,0.0665852322976934,8963.0,0.8976786136627197,0.14197930042954307,0.04207175925925926,1.1535931540153288,0.237323596033038,135.0,0.04706954979131487,0.17343177853548458,13.272599555936074,0.0913292506316261,8963.0,0.7470646947622299,0.11760240737083953,0.04528356481481482,1.178904871176255,0.24776511385953098,135.0,0.07162213496976105,0.20623810588315997,11.449527373346342,0.0665852322976934,8963.0,0.8976786136627197,0.14197930042954307,0.04207175925925926,1.1535931540153288,0.237323596033038,135.0
socofing:000023:left_thumb,000023,left_thumb,0,peripheral_only,0.30,fingerprint_roi,8041209469951861173,roi:peripheral_only:8041209469951861173:0.450000,0.20513916015625,0.79486083984375,0.299982149232417,0.7000178507675829,11204.0,0.29750396655234007,0.23479390144348145,0.16595022947384758,1.0,7843.0,0.375366568914956,0.22312797491425507,0.5666199158485273,0.3570047598628081,0.6132857325003187,0.4016303548456591,0.10193670608173817,0.25171061132797157,9.916694040378477,0.07990509444625304,7843.0,0.8533251881599426,0.1188238420235346,0.04356728830645161,1.0851885456107422,0.2430512716058146,124.0,0.04575564667016891,0.17034294381594026,13.395553023326167,0.10210943117694583,7843.0,0.8294156342744827,0.16758723079900004,0.04564642137096774,1.1960643178619508,0.2505656340203894,124.0,0.07078620544347194,0.20961601770564062,11.500513677831805,0.08588367901277622,7843.0,0.9650621712207794,0.12312151208244031,0.051253780241935484,1.2650914021609556,0.2770367215169029,124.0
socofing:000023:left_thumb,000023,left_thumb,0,peripheral_only,0.40,fingerprint_roi,8041209469951861173,roi:peripheral_only:8041209469951861173:0.450000,0.2735595703125,0.7264404296875,0.400035701535166,0.599964298464834,11204.0,0.22613390942042186,0.17789587378501892,0.15869846401480706,1.0,6722.0,0.3368045224635525,0.1696004320653164,0.5035703659625111,0.27136069130450624,0.5490925319845285,0.30528077771756945,0.07240710697600532,0.20906465927322362,11.402188043970309,0.03464988537880137,6722.0,0.8123838007450104,0.09124967696453704,0.04580965909090909,1.1261471464327515,0.2438906757130147,99.0,0.039625320567299574,0.1544770029902999,14.02027211334542,0.07265466135973517,6722.0,0.7398051917552948,0.09866264171289083,0.04403409090909091,1.078918968826178,0.22945227245183616,99.0,0.05956635394154419,0.19041326651346893,12.249989822669264,0.09390970728514941,6722.0,0.8763649165630341,0.10911033142704164,0.05180713383838384,1.202553578419124,0.28266565320249154,99.0
socofing:000023:left_thumb,000023,left_thumb,0,peripheral_only,0.50,fingerprint_roi,8041209469951861173,roi:peripheral_only:8041209469951861173:0.450000,0.3419189453125,0.6580810546875,0.5,0.5,11204.0,0.23080261872522068,0.1821470558643341,0.09994285710024538,2.0,5602.0,0.3434487682970368,0.1731019640439155,0.5053552302749018,0.2769631424702648,0.547126026419136,0.31158353527904786,0.07091092220651589,0.20706858331126768,11.492868665279213,0.08719210089750859,5602.0,0.9563720226287842,0.08843218990090851,0.042117387820512824,0.9979714027832693,0.22925023799987615,78.0,0.04190798024476148,0.15819280661419113,13.777032694857002,0.1104650197231363,5602.0,0.791372686624527,0.09174016877549047,0.035757211538461536,0.894056215649639,0.20102545738869074,78.0,0.06610239658584054,0.19719219762367762,11.797827945969946,0.11046568281008787,5602.0,0.798349142074585,0.1074447274152132,0.03781049679487179,0.8991174714748228,0.2118423973969875,78.0
socofing:000023:left_thumb,000023,left_thumb,0,peripheral_only,0.60,fingerprint_roi,8041209469951861173,roi:peripheral_only:8041209469951861173:0.450000,0.4102783203125,0.5897216796875,0.599964298464834,0.400035701535166,11204.0,0.2638795684663451,0.2084345817565918,0.1486651329936012,1.0,4482.0,0.3192771084337349,0.19790967634975884,0.4850513163766176,0.31665548215961414,0.535475234270415,0.3562374174295659,0.08810580407425338,0.23416785916104907,10.549954809819058,0.1049018460477715,4482.0,0.8361874222755432,0.11229249114666694,0.04057459677419355,0.9959120611855489,0.22588040339933785,62.0,0.05044632971478449,0.18003308004959387,12.971704259107351,0.11851413641812505,4482.0,0.688691571354866,0.13215586967062856,0.045425907258064516,1.135681160070933,0.24756526915882976,62.0,0.0869192333207985,0.23350778897324082,10.608841130695879,0.0817953278160958,4482.0,0.8030059337615967,0.09332399230196056,0.04322076612903226,1.03002604013128,0.23954853311769908,62.0
socofing:000023:left_thumb,000023,left_thumb,0,peripheral_only,0.70,fingerprint_roi,8041209469951861173,roi:peripheral_only:8041209469951861173:0.450000,0.47869873046875,0.52130126953125,0.700017850767583,0.29998214923241695,11204.0,0.22531549977627252,0.178310364484787,0.0989254510037933,1.0,3361.0,0.3418625409104433,0.1689866248322044,0.5147277595953585,0.27037859973152706,0.5557869681642368,0.3041759246979679,0.0748073790298854,0.21620970337971163,11.260555610406087,0.08569370902391188,3361.0,0.8226471841335297,0.075617180007841,0.04142441860465116,0.9943523622733114,0.2231115915252231,43.0,0.03983366748011155,0.15230709314817378,13.997497063185202,0.15286384172945006,3361.0,0.7584248278290033,0.0518578280542901,0.04996366279069767,1.1947814471411102,0.2650022874281246,43.0,0.06754747723183108,0.19924015883656707,11.703908664014527,0.14518129122438322,3361.0,0.8859357535839081,0.08989640624051895,0.047420058139534885,1.1115280639540854,0.25912896215309283,43.0
socofing:000023:left_thumb,000023,left_thumb,0,peripheral_only,0.80,fingerprint_roi,8041209469951861173,roi:peripheral_only:8041209469951861173:0.450000,0.54705810546875,0.45294189453125,0.799982149232417,0.20001785076758305,11204.0,0.2398060235118256,0.18929611146450043,0.11220311132811267,0.0,2241.0,0.3355644801427934,0.1798545176338692,0.499330655957162,0.2877672282141907,0.5551093261936635,0.32373813174096455,0.07340372385179307,0.20837604577309424,11.342819072874434,0.05317338840878364,2241.0,0.8519282042980194,0.038026491593482946,0.0390625,0.9274003916855322,0.2134539075042726,30.0,0.04439713671275629,0.1630025266211302,13.526450377670871,0.08371448023667738,2241.0,0.7865641936659813,0.03331418167378986,0.044661458333333334,1.091047578986953,0.2348705937377362,30.0,0.07340372385179307,0.20837604577309424,11.342819072874434,0.05317338840878364,2241.0,0.8519282042980194,0.038026491593482946,0.0390625,0.9274003916855322,0.2134539075042726,30.0
socofing:000064:left_middle,000064,left_middle,82,central_only,0.10,fingerprint_roi,2631992573810705498,roi:central_only:2631992573810705498:0.450000,0.0709228515625,0.9290771484375,0.09998279125795904,0.9000172087420409,11622.0,0.262424511180857,0.20837920904159546,0.2106509732065241,1.0,10460.0,0.22418738049713194,0.19681838338564275,0.33460803059273425,0.31490941341702844,0.37523900573613767,0.354273090094157,0.1631758973314658,0.30689214924190117,7.873439903676529,0.10100822652385218,10460.0,0.9999958872795105,0.2273291271878696,0.03596354166666667,1.103653680965214,0.1587813429090137,150.0,0.1195772415090673,0.26931839283099657,9.22351469407326,0.09486537157065254,10460.0,0.9999880790710449,0.24788285739991658,0.03466145833333333,1.1260368543335602,0.152221218324597,150.0,0.13693269510057304,0.2793502356474204,8.634928440028828,0.07123026335573003,10460.0,0.9999919533729553,0.2683200652794486,0.035546875,0.9517404656438971,0.15718869365462548,150.0
socofing:000064:left_middle,000064,left_middle,82,central_only,0.20,fingerprint_roi,2631992573810705498,roi:central_only:2631992573810705498:0.450000,0.141845703125,0.858154296875,0.1999655825159181,0.8000344174840819,11622.0,0.2756616839856036,0.2186947911977768,0.31139250294154647,1.0,9298.0,0.22241342224134222,0.20674626298920265,0.3378145837814584,0.3307940207827243,0.38266293826629383,0.37214327338056474,0.14890853000345836,0.28682224231268905,8.27080423622396,0.12411852955074495,9298.0,0.9999938011169434,0.2924345795347926,0.03962053571428571,1.4475304250180852,0.17707980904165008,133.0,0.10704694870319814,0.2567122144016647,9.704257074470759,0.14280914046964227,9298.0,0.9861843585968018,0.19647070410320833,0.02928218984962406,0.7266060329803449,0.12918050422842992,133.0,0.12828739688399413,0.2699393773007021,8.918160071682307,0.10938426976705314,9298.0,0.9930903310887516,0.24113013241913206,0.0334234022556391,0.8569457532498741,0.1495739385637727,133.0
socofing:000064:left_middle,000064,left_middle,82,central_only,0.30,fingerprint_roi,2631992573810705498,roi:central_only:2631992573810705498:0.450000,0.21282958984375,0.78717041015625,0.30003441748408194,0.6999655825159181,11622.0,0.20275005155888473,0.16031953692436218,0.38719914888353113,0.0,8135.0,0.17135832821143207,0.15206253866916355,0.2650276582667486,0.24330006187066167,0.2984634296250768,0.2737125696044944,0.09619076704383371,0.22838413766290497,10.168666121030567,0.18800808668185803,8135.0,0.989012717269361,0.1470727247985835,0.03050271739130435,0.6428200060774797,0.13560770698088725,115.0,0.0840735129346905,0.22329473334087543,10.753408056067812,0.20372474272207916,8135.0,0.9569775424897671,0.15158323740710256,0.032778532608695655,0.8965813712367132,0.14487491632215008,115.0,0.09619076704383371,0.22838413766290497,10.168666121030567,0.18800808668185803,8135.0,0.989012717269361,0.1470727247985835,0.03050271739130435,0.6428200060774797,0.13560770698088725,115.0
socofing:000064:left_middle,000064,left_middle,82,central_only,0.40,fingerprint_roi,2631992573810705498,roi:central_only:2631992573810705498:0.450000,0.28375244140625,0.71624755859375,0.40001720874204094,0.5999827912579591,11622.0,0.22575639648666357,0.1790904849767685,0.3910341357811237,1.0,6973.0,0.1821310770113294,0.16931729736499768,0.28710741431234765,0.2709076757839963,0.3226731679334576,0.30477113525699584,0.11288985109198099,0.243944549254518,9.473450998187744,0.19592125161991633,6973.0,0.9970859289169312,0.17934802370705594,0.0280859375,0.6129633641979817,0.12468532505904134,100.0,0.08301066008123043,0.2242855903807473,10.808661327181566,0.22940080671292354,6973.0,0.9532083757221699,0.18625623441209732,0.0293359375,0.8372083230881635,0.13091678829370484,100.0,0.10572476926916971,0.24246563004686678,9.758232539723672,0.1937015524915234,6973.0,0.9902391424402595,0.22231559002829468,0.030234375,0.7510089856278381,0.13765495916169812,100.0
socofing:000064:left_middle,000064,left_middle,82,central_only,0.50,fingerprint_roi,2631992573810705498,roi:central_only:2631992573810705498:0.450000,0.35467529296875,0.64532470703125,0.5,0.5,11622.0,0.21519536730112518,0.17119522392749786,0.3954047079011331,2.0,5811.0,0.20409568060574773,0.16139652547584388,0.30631560832903115,0.2582344407613502,0.3379796936843917,0.2905137458565189,0.11912160210725471,0.25176537911435054,9.240094742412632,0.23298916762937627,5811.0,0.9965217113494873,0.164579195658175,0.0234375,0.5741039431004871,0.10130839924918186,73.0,0.0789703927666567,0.20960556267558916,11.025357019772182,0.2747739875663236,5811.0,0.9594910331070423,0.18849159739124055,0.02632705479452055,0.6417577874181493,0.11296540492558839,73.0,0.09779645694328905,0.22062205246339883,10.09676878932762,0.2699154480920361,5811.0,0.9978379011154175,0.18235538597451326,0.027557791095890412,0.6741559172665152,0.11924319127532496,73.0
socofing:000064:left_middle,000064,left_middle,82,central_only,0.60,fingerprint_roi,2631992573810705498,roi:central_only:2631992573810705498:0.450000,0.42559814453125,0.57440185546875,0.5999827912579591,0.40001720874204094,11622.0,0.18517133089909207,0.14709937572479248,0.44057774952281964,1.0,4649.0,0.18498601849860186,0.13887849817431905,0.28608302860830287,0.22220559707891047,0.3220047322004732,0.24998129671377425,0.10279666000180127,0.2330081895570525,9.880209959083698,0.25871938480506806,4649.0,0.9920163149945438,0.13972115302832078,0.027569110576923076,0.6007673774146797,0.11863333176459133,52.0,0.05513889331224738,0.17624839720005522,12.585419548281314,0.35694296857887897,4649.0,0.9148162007331848,0.15966367769394496,0.018479567307692308,0.42998915541021804,0.08071322206800093,52.0,0.06470686299162749,0.18113299765349458,11.890496543958387,0.37241026349956974,4649.0,0.9775534570217133,0.14435100340652335,0.020282451923076924,0.4172201968751115,0.08690293921431519,52.0
socofing:000064:left_middle,000064,left_middle,82,central_only,0.70,fingerprint_roi,2631992573810705498,roi:central_only:2631992573810705498:0.450000,0.49652099609375,0.50347900390625,0.6999655825159181,0.3000344174840819,11622.0,0.19723192140233525,0.1566745638847351,0.4132424139350158,0.0,3487.0,0.19816461141382277,0.14792394105175144,0.29366217378835674,0.23667830568280238,0.3277889303125896,0.2662630938931526,0.09731465857378988,0.212783717335201,10.11821736728384,0.4068529149938974,3487.0,0.9967076182365417,0.20788058862664016,0.018489583333333334,0.3944355073324506,0.07987401320014102,15.0,0.07340092889083345,0.19832045743151097,11.342984440401874,0.4660160861586942,3487.0,0.9677740838378668,0.19655486570374622,0.013541666666666667,0.25732088286243304,0.06017344557787048,15.0,0.09731465857378988,0.212783717335201,10.11821736728384,0.4068529149938974,3487.0,0.9967076182365417,0.20788058862664016,0.018489583333333334,0.3944355073324506,0.07987401320014102,15.0
socofing:000064:left_middle,000064,left_middle,82,central_only,0.80,fingerprint_roi,2631992573810705498,roi:central_only:2631992573810705498:0.450000,0.5675048828125,0.4324951171875,0.8000344174840819,0.19996558251591812,11622.0,0.16336225290375062,0.13007305562496185,0.575287976900033,1.0,2324.0,0.1716867469879518,0.12252168967781296,0.24741824440619622,0.19603470348450075,0.2715146299483649,0.22053904142006336,0.10960755262029899,0.21723748992033712,9.60159519315982,0.3956307407387359,2324.0,0.9964730739593506,0.2714019963914282,nan,nan,nan,0.0,0.08455929151462073,0.1986826904167753,10.728386644492078,0.43018394097540685,2324.0,0.953845638781786,0.26433671931861563,nan,nan,nan,0.0,0.08891832071864174,0.19291231717806945,10.510087478344289,0.42128079313969874,2324.0,0.9878619611263275,0.218103953259819,nan,nan,nan,0.0
socofing:000064:left_middle,000064,left_middle,82,peripheral_only,0.10,fingerprint_roi,147751288868932699,roi:peripheral_only:147751288868932699:0.450000,0.0709228515625,0.9290771484375,0.09998279125795904,0.9000172087420409,11622.0,0.2624613236514834,0.20766493678092957,0.3186097587144784,0.0,10460.0,0.2196940726577438,0.19684599273861253,0.33938814531548755,0.3149535883817801,0.37896749521988526,0.35432278692950253,0.09290727637099487,0.2258218616998646,10.319502713236755,0.14160942997612594,10460.0,0.9735635221004486,0.16815841929162118,0.03278729838709677,0.8057450063052239,0.14669801569890592,155.0,0.07717374740767849,0.2212436065331536,11.125304107392653,0.17103233749388372,10460.0,0.932243000715971,0.14247873418703796,0.033568548387096775,0.6865172851962401,0.1450463906747317,155.0,0.09290727637099487,0.2258218616998646,10.319502713236755,0.14160942997612594,10460.0,0.9735635221004486,0.16815841929162118,0.03278729838709677,0.8057450063052239,0.14669801569890592,155.0
socofing:000064:left_middle,000064,left_middle,82,peripheral_only,0.20,fingerprint_roi,147751288868932699,roi:peripheral_only:147751288868932699:0.450000,0.141845703125,0.858154296875,0.1999655825159181,0.8000344174840819,11622.0,0.20843301708658787,0.16498588025569916,0.34026816408026334,0.0,9298.0,0.19713916971391698,0.15632476281494087,0.3077005807700581,0.2501196205039054,0.34405248440524844,0.2813845730668936,0.09386524189290682,0.2258045940458511,10.274951963242822,0.20657680921306162,9298.0,0.9942187070846558,0.13472100157854477,0.033203125,0.7414793972084956,0.14535268761610062,146.0,0.07373061731160356,0.21017917268383654,11.323521299392896,0.23776186485110357,9298.0,0.8882944174110889,0.09949784604853819,0.02795911815068493,0.6111666397718454,0.12243214994892743,146.0,0.09386524189290682,0.2258045940458511,10.274951963242822,0.20657680921306162,9298.0,0.9942187070846558,0.13472100157854477,0.033203125,0.7414793972084956,0.14535268761610062,146.0
socofing:000064:left_middle,000064,left_middle,82,peripheral_only,0.30,fingerprint_roi,147751288868932699,roi:peripheral_only:147751288868932699:0.450000,0.21282958984375,0.78717041015625,0.30003441748408194,0.6999655825159181,11622.0,0.18233930378804267,0.1444416344165802,0.31219023677044144,1.0,8135.0,0.18721573448063922,0.136754477841032,0.29366933005531654,0.21880716454565124,0.3299323909035034,0.24615806011385763,0.09173166026154941,0.2249233550080124,10.37480746077007,0.2428067032255255,8135.0,0.9770237803459167,0.09336658702360688,0.026391006097560975,0.546311872482897,0.11203711608081954,123.0,0.07079987801549606,0.20207716254789335,11.49967490576369,0.22403555142432816,8135.0,0.9452457427978516,0.1025033576322324,0.029503302845528455,0.6229690245613401,0.12510802898328782,123.0,0.09227594736715367,0.22386310780621246,10.349114873491557,0.1794622762381135,8135.0,0.9931889772415161,0.15494391656680007,0.029757367886178863,0.7005528072229591,0.12860264237427113,123.0
socofing:000064:left_middle,000064,left_middle,82,peripheral_only,0.40,fingerprint_roi,147751288868932699,roi:peripheral_only:147751288868932699:0.450000,0.28375244140625,0.71624755859375,0.40001720874204094,0.5999827912579591,11622.0,0.21124782195094213,0.16743768751621246,0.30943717098369006,2.0,6973.0,0.21095654668005162,0.1584358664632066,0.322386347339739,0.25349738634113056,0.3573784597734117,0.2851845596337719,0.10577981461342782,0.23878857820258334,9.755971984480219,0.18496173571607444,6973.0,0.9983396530151367,0.08535990984391155,0.028385416666666666,0.6157850441075012,0.12235130321518348,105.0,0.07051504998292976,0.203726708738651,11.517181819165586,0.2680064031389256,6973.0,0.9168021455407143,0.08015992394446199,0.030245535714285714,0.6123313911423907,0.1305698872011575,105.0,0.08644754876606013,0.21650364181568008,10.632473167043056,0.27091888085168164,6973.0,0.9645931124687195,0.08706736837912923,0.028794642857142855,0.5794184682393579,0.12374096511250635,105.0
socofing:000064:left_middle,000064,left_middle,82,peripheral_only,0.50,fingerprint_roi,147751288868932699,roi:peripheral_only:147751288868932699:0.450000,0.35467529296875,0.64532470703125,0.5,0.5,11622.0,0.23259982452166647,0.18378978967666626,0.3905764932703453,1.0,5811.0,0.21579762519359835,0.17444986839124985,0.33161245912923765,0.27911978942599974,0.36981586646016174,0.3140097631042497,0.09645546977908043,0.22695764579172814,10.156731394299875,0.30369123234560097,5811.0,0.986551821231842,0.1389179637409881,0.0294921875,0.6513709018794648,0.12135230349336439,80.0,0.06980152225819093,0.20495025841967188,11.561351060140389,0.32843565676389286,5811.0,0.8864380642771721,0.09184556551926573,0.026416015625,0.5468866194049695,0.11122159718502862,80.0,0.08912687355759938,0.22172927631580033,10.499913276346122,0.2968802737145794,5811.0,0.9421826899051666,0.07124861632073642,0.026220703125,0.49520170260601104,0.11194021061917594,80.0
socofing:000064:left_middle,000064,left_middle,82,peripheral_only,0.60,fingerprint_roi,147751288868932699,roi:peripheral_only:147751288868932699:0.450000,0.42559814453125,0.57440185546875,0.5999827912579591,0.40001720874204094,11622.0,0.2432434897427235,0.1925140768289566,0.3677139835944843,1.0,4649.0,0.23338352333835233,0.18243261730704263,0.35556033555603356,0.29189218769126823,0.398365239836524,0.32837871115267675,0.1110586625287496,0.24915719261742722,9.544475610082511,0.3070687231053937,4649.0,0.9893838167190552,0.08003097916279826,0.03193204365079365,0.6247562337606163,0.13327137857961657,63.0,0.07016323962382287,0.2053454041946379,11.538903666450393,0.339959807652072,4649.0,0.9083157852292061,0.05890423903506764,0.024987599206349208,0.5067820916576474,0.10445357843159755,63.0,0.09794724896908444,0.23122479325125528,10.090077574673511,0.3018622006121084,4649.0,0.9515234231948853,0.11013488414580695,0.029265873015873016,0.5972866978178508,0.11831984262930562,63.0
socofing:000064:left_middle,000064,left_middle,82,peripheral_only,0.70,fingerprint_roi,147751288868932699,roi:peripheral_only:147751288868932699:0.450000,0.49652099609375,0.50347900390625,0.6999655825159181,0.3000344174840819,11622.0,0.23120309303509048,0.18360701203346252,0.3158338268655089,2.0,3487.0,0.22655577860625178,0.17340231977631787,0.3458560367077717,0.2774437116421086,0.3905936334958417,0.31212417559737216,0.1111836814707393,0.2459029647807989,9.539589498697115,0.31073210740247115,3487.0,0.9992527961730957,0.12047053840594585,0.02768342391304348,0.5651587710164013,0.11349847043787732,46.0,0.07438857503275902,0.20885405550700975,11.28493760438505,0.31746982952308495,3487.0,0.8928939010947943,0.0735860707261809,0.032778532608695655,0.6594064851353825,0.1331165798797692,46.0,0.10711948202081084,0.2419634587361133,9.70131536033832,0.30144256860488505,3487.0,0.9921075105667114,0.06924586615088708,0.028277853260869564,0.5463905684105247,0.11396708489047422,46.0
socofing:000064:left_middle,000064,left_middle,82,peripheral_only,0.80,fingerprint_roi,147751288868932699,roi:peripheral_only:147751288868932699:0.450000,0.5675048828125,0.4324951171875,0.8000344174840819,0.19996558251591812,11622.0,0.2223352210332249,0.17678773403167725,0.29438604054607653,0.0,2324.0,0.25903614457831325,0.16675141577491867,0.3795180722891566,0.2668022652398699,0.423407917383821,0.3001525483948536,0.08623552510935342,0.21602281443586352,10.64313787764219,0.39333321934303517,2324.0,0.9548953473567963,0.03922808770100984,0.0234375,0.5262393788989657,0.09632050357091289,33.0,0.06311948762655781,0.19097784678443702,11.998365351766743,0.4216446811542357,2324.0,0.8747057802975178,0.026032919999487338,0.020951704545454544,0.38594341801545257,0.08532658552041679,33.0,0.08623552510935342,0.21602281443586352,10.64313787764219,0.39333321934303517,2324.0,0.9548953473567963,0.03922808770100984,0.0234375,0.5262393788989657,0.09632050357091289,33.0
socofing:000097:left_ring,000097,left_ring,163,central_only,0.10,fingerprint_roi,5907723321588523476,roi:central_only:5907723321588523476:0.450000,0.05792236328125,0.94207763671875,0.10003162221987984,0.8999683777801202,9487.0,0.2862470960918649,0.22727163136005402,0.2676957257899776,2.0,8538.0,0.19114546732255797,0.21468532206889868,0.3044038416490982,0.3434965153102379,0.34586554228156474,0.3864335797240176,0.16759339632568662,0.3206396997292367,7.757430978526187,0.05472978267335276,8538.0,0.9931934475898743,0.29421815149008534,0.04896230916030534,0.9105145590316608,0.18621626399626798,131.0,0.125142156097155,0.28472948112284197,9.025963667547714,0.08918382447289962,8538.0,0.9567332854494452,0.29024355372499716,0.059905772900763356,1.2858557528295795,0.22365078172218386,131.0,0.17277502425121558,0.31869280252910664,7.625190374001258,0.08009315614859447,8538.0,0.9993381500244141,0.3248587891878288,0.057997375954198474,1.3229916689719508,0.21516162251066323,131.0
socofing:000097:left_ring,000097,left_ring,163,central_only,0.20,fingerprint_roi,5907723321588523476,roi:central_only:5907723321588523476:0.450000,0.11578369140625,0.88421630859375,0.1999578370401602,0.8000421629598398,9487.0,0.3112299665972283,0.2478225827217102,0.23169313669804895,2.0,7590.0,0.24176548089591568,0.2334224749479212,0.3787878787878788,0.3734759599166739,0.42845849802371544,0.4201604549062582,0.14826184630254075,0.29089017440577203,8.28970595917955,0.10039067978703112,7590.0,0.9983954727649689,0.2859338460883025,0.062433226495726496,1.641250036930148,0.23928439940647142,117.0,0.10160963715634876,0.25376934951268826,9.93065099479885,0.0992466487066605,7590.0,0.9628323912620544,0.3225258286361001,0.05488782051282051,1.1610874239863993,0.20755486936648893,117.0,0.14013471841965638,0.2849016525262994,8.53454254791805,0.08179437009895829,7590.0,0.9995960593223572,0.2912739307618058,0.054119925213675216,1.1092478724207864,0.20811523412668156,117.0
socofing:000097:left_ring,000097,left_ring,163,central_only,0.30,fingerprint_roi,5907723321588523476,roi:central_only:5907723321588523476:0.450000,0.1737060546875,0.8262939453125,0.29998945926004006,0.7000105407399599,9487.0,0.2911199671834526,0.23184184730052948,0.23779584815684768,1.0,6641.0,0.24408974552025298,0.21833997538758948,0.3702755609095016,0.3493439606201432,0.4181599156753501,0.393011955697661,0.13608613002956596,0.28689963524424056,8.661861360647045,0.13558331721000322,6641.0,0.9928571581840515,0.2398447301276566,0.04781400240384615,0.9504986473420551,0.1860157723588139,104.0,0.08635121467356426,0.23719213447435242,10.637315489787923,0.144703118025988,6641.0,0.9542225506156683,0.2237520454077152,0.05153245192307692,1.1109777583705522,0.194997752894143,104.0,0.1205949367881451,0.2619346327256642,9.18670925787326,0.1091475149315457,6641.0,0.9986714422702789,0.2825983368198039,0.046724759615384616,1.0110093440776913,0.18233451293111966,104.0
socofing:000097:left_ring,000097,left_ring,163,central_only,0.40,fingerprint_roi,5907723321588523476,roi:central_only:5907723321588523476:0.450000,0.23162841796875,0.76837158203125,0.4000210814799199,0.5999789185200801,9487.0,0.279209347446592,0.2223132699728012,0.3042033266980001,1.0,5692.0,0.26581166549543217,0.209407010584944,0.398805340829234,0.33505121693591045,0.44905130007027405,0.37693261905289915,0.11935687985137093,0.2545122514603704,9.231525427621886,0.1554719405444826,5692.0,0.9992077946662903,0.28794852642057267,0.05029296875,1.4097815521951098,0.1865198300713116,80.0,0.08321802373053919,0.2223327064747449,10.797826020868445,0.1946722321751241,5692.0,0.9891224903985858,0.2323502656573803,0.048095703125,0.9420083696425344,0.17627609459300794,80.0,0.11030061388753408,0.23900873613311796,9.574220704498671,0.19596933038384712,5692.0,0.9985287189483643,0.2384762385697638,0.04775390625,1.2715455154331057,0.17712408609407454,80.0
socofing:000097:left_ring,000097,left_ring,163,central_only,0.50,fingerprint_roi,5907723321588523476,roi:central_only:5907723321588523476:0.450000,0.28955078125,0.71044921875,0.5000527036997997,0.4999472963002003,9487.0,0.22486650450297171,0.17849105596542358,0.3706052133215438,2.0,4743.0,0.22833649588867805,0.16864987837722878,0.3381825848619017,0.26983980540356606,0.38034998945814885,0.3035697810790118,0.11114518074322209,0.24185058347124472,9.541093635722836,0.2151615305139376,4743.0,0.9916313290596008,0.11038520671955633,0.037806919642857144,0.6793497616938369,0.1396052705253523,56.0,0.07642057811977176,0.20838246519974626,11.167896812082345,0.24328171539417706,4743.0,0.9198999330401421,0.1669781674055381,0.03313337053571429,0.5889080874167173,0.1227345708216794,56.0,0.10123681619483646,0.23258034660925272,9.94661521462778,0.21786508984460512,4743.0,0.9928101892583072,0.20868399971707935,0.04017857142857143,0.741866963348025,0.148837629573567,56.0
socofing:000097:left_ring,000097,left_ring,163,central_only,0.60,fingerprint_roi,5907723321588523476,roi:central_only:5907723321588523476:0.450000,0.347412109375,0.652587890625,0.5999789185200801,0.4000210814799199,9487.0,0.20310637634157558,0.16248658299446106,0.46647111684660414,1.0,3795.0,0.22134387351778656,0.15232978225618168,0.3422924901185771,0.24372765160989074,0.3820816864295125,0.27419360806112697,0.07789919032745932,0.19658921731289902,11.084670562959078,0.31132785851545036,3795.0,0.9729943871498108,0.14722999644991042,0.054873511904761904,1.8709653210265724,0.2045641255962894,21.0,0.04844338784450004,0.16556414890882826,13.147654924752503,0.3339933247816602,3795.0,0.9560004472732544,0.16941231342113525,0.05282738095238095,1.298302784725154,0.1956177098973902,21.0,0.06979321141498748,0.1847686791952027,11.561868178981838,0.28953666447830706,3795.0,0.9614405035972595,0.130918673759668,0.04538690476190476,0.8478356812290008,0.16866382360763643,21.0
socofing:000097:left_ring,000097,left_ring,163,central_only,0.70,fingerprint_roi,5907723321588523476,roi:central_only:5907723321588523476:0.450000,0.40533447265625,0.59466552734375,0.7000105407399599,0.29998945926004006,9487.0,0.20248667306938004,0.16049320995807648,0.46647187829694836,0.0,2846.0,0.22593113141250878,0.15186500480203502,0.3443429374560787,0.242984007683256,0.3777231201686578,0.273357008643663,0.07342106377168474,0.18592950583105738,11.341793274481331,0.31322866816920464,2846.0,0.9566513891331851,0.13614754119650405,0.03635817307692308,0.6947958300116542,0.13988471614779782,13.0,0.052637121762865176,0.16881313083111063,12.787078662915208,0.38328286211318535,2846.0,0.8558573331683874,0.1785876084640115,0.05618990384615385,1.299109454948814,0.2158802831454785,13.0,0.07342106377168474,0.18592950583105738,11.341793274481331,0.31322866816920464,2846.0,0.9566513891331851,0.13614754119650405,0.03635817307692308,0.6947958300116542,0.13988471614779782,13.0
socofing:000097:left_ring,000097,left_ring,163,central_only,0.80,fingerprint_roi,5907723321588523476,roi:central_only:5907723321588523476:0.450000,0.4632568359375,0.5367431640625,0.8000421629598398,0.19995783704016024,9487.0,0.1542253241013651,0.12242679297924042,0.6691501292109687,2.0,1897.0,0.17606747496046388,0.11566899307602384,0.2730627306273063,0.18507038892163813,0.3120716921454929,0.20820418753684294,0.06914475511555852,0.16993829654382409,11.602407571419398,0.4500097860771472,1897.0,0.9871214628219604,0.18044398226373606,0.0615234375,1.323072497817304,0.2297641000971038,4.0,0.046637949039109776,0.1456063622812523,13.312605564604961,0.48289228327772316,1897.0,0.7898176833987236,0.15894221695394906,0.0263671875,0.43224327793230033,0.0979791838258578,4.0,0.059668386973797824,0.15997806558352107,12.242557023578032,0.43457198653381074,1897.0,0.9584712963551283,0.13023252731034493,0.0517578125,0.9762901062771779,0.19426254352056793,4.0
socofing:000097:left_ring,000097,left_ring,163,peripheral_only,0.10,fingerprint_roi,10810281913489364854,roi:peripheral_only:10810281913489364854:0.450000,0.05792236328125,0.94207763671875,0.10003162221987984,0.8999683777801202,9487.0,0.22429763782105364,0.17769794166088104,0.3238872150809849,1.0,8538.0,0.2251112672757086,0.16822322836579023,0.3376669009135629,0.26915716538526435,0.37655188568751463,0.3028018110584224,0.09596216526063826,0.23390271992603276,10.178999613071875,0.10180479867971477,8538.0,0.9955676794052124,0.25688081685230363,0.05594951923076923,1.0846447168641078,0.1983009417860761,130.0,0.06579862819100502,0.201528590676832,11.81783160721716,0.14366425874640046,8538.0,0.954182842746377,0.2364498415142008,0.06724759615384615,1.397426413998195,0.23706430697742906,130.0,0.09281220960710608,0.22916300720231977,10.323948878307469,0.1298181100451489,8538.0,0.9770271480083466,0.3063082126483847,0.061688701923076926,1.3075957136429532,0.22395029603902986,130.0
socofing:000097:left_ring,000097,left_ring,163,peripheral_only,0.20,fingerprint_roi,10810281913489364854,roi:peripheral_only:10810281913489364854:0.450000,0.11578369140625,0.88421630859375,0.1999578370401602,0.8000421629598398,9487.0,0.25508494539432586,0.20215904712677002,0.30600275375586417,2.0,7590.0,0.26824769433465084,0.19131370904574438,0.3932806324110672,0.30610193447319106,0.435836627140975,0.3443646762823399,0.13390354680750124,0.2795803982930133,8.732079193395546,0.13962429936464693,7590.0,0.9843717208132148,0.2306366520885046,0.05778556034482758,1.026525227120785,0.20151886127430343,116.0,0.07025772941118578,0.20589075058116424,11.53305889843267,0.1520391785692433,7590.0,0.8831893783062696,0.13176042430225016,0.05973868534482758,1.1274548133325841,0.2093169724476051,116.0,0.09312535561887753,0.22705670558848715,10.309320557951,0.13123289436393093,7590.0,0.9649652242660522,0.33093460951955234,0.0640490301724138,1.3973360962942387,0.22453793939172825,116.0
socofing:000097:left_ring,000097,left_ring,163,peripheral_only,0.30,fingerprint_roi,10810281913489364854,roi:peripheral_only:10810281913489364854:0.450000,0.1737060546875,0.8262939453125,0.29998945926004006,0.7000105407399599,9487.0,0.20239197441069579,0.16076795756816864,0.31078106526312843,0.0,6641.0,0.23445264267429605,0.15179398080802184,0.357476283692215,0.2428703692928349,0.39933744917934044,0.27322916545443926,0.08020156450263329,0.20781425626488775,10.958171597927267,0.1879668481972247,6641.0,0.9656999111175537,0.27321786197839615,0.0517578125,0.9826940239670522,0.1820293488421065,104.0,0.060890324747101834,0.18635114250069226,12.154517097113134,0.2082075352177426,6641.0,0.9063128940761089,0.1683457450867443,0.05930739182692308,1.2407619610830876,0.20620004267581168,104.0,0.08020156450263329,0.20781425626488775,10.958171597927267,0.1879668481972247,6641.0,0.9656999111175537,0.27321786197839615,0.0517578125,0.9826940239670522,0.1820293488421065,104.0
socofing:000097:left_ring,000097,left_ring,163,peripheral_only,0.40,fingerprint_roi,10810281913489364854,roi:peripheral_only:10810281913489364854:0.450000,0.23162841796875,0.76837158203125,0.4000210814799199,0.5999789185200801,9487.0,0.23146906674508605,0.18468569219112396,0.2621947404587801,2.0,5692.0,0.26212227687983136,0.17360180005881456,0.3916022487702038,0.2777628800941033,0.4327125790583275,0.3124832401058662,0.08676329873875727,0.21867681215831372,10.61663944477058,0.14950813183238884,5692.0,0.9679862558841705,0.4135289689015815,0.052189316860465115,0.8298266290854671,0.18036130390691257,86.0,0.06277124687770341,0.19235877229916826,12.022392445095901,0.1790805687476517,5692.0,0.8758070860058069,0.20181086937884063,0.06031976744186047,1.119179381489345,0.20957803208638942,86.0,0.08454559286285498,0.2138658344178858,10.729090260937728,0.15398572412086134,5692.0,0.9696050584316254,0.1728169674247697,0.04841933139534884,0.8356961305978219,0.16787031221090823,86.0
socofing:000097:left_ring,000097,left_ring,163,peripheral_only,0.50,fingerprint_roi,10810281913489364854,roi:peripheral_only:10810281913489364854:0.450000,0.28955078125,0.71044921875,0.5000527036997997,0.4999472963002003,9487.0,0.1782303464388393,0.1414220929145813,0.30360339712145784,1.0,4743.0,0.23908918406072105,0.1336727598291295,0.3645372127345562,0.2138764157266072,0.4020662028252161,0.2406109676924331,0.08264842854774808,0.20889926461403552,10.827653995581079,0.23175993591757316,4743.0,0.9648852646350861,0.07553491629287241,0.04849330357142857,0.7898018159329563,0.1637470048958942,70.0,0.05719382701726105,0.17453256041522253,12.426508424833884,0.30002879641261915,4743.0,0.8950054626911879,0.05905410840286913,0.04587053571428571,0.7184174571428693,0.15417895664343018,70.0,0.07493348167108406,0.19851105408803896,11.253240880957328,0.26921884026972975,4743.0,0.9258680269122124,0.07582342546996894,0.045647321428571426,0.7172565150186492,0.1535429054034991,70.0
socofing:000097:left_ring,000097,left_ring,163,peripheral_only,0.60,fingerprint_roi,10810281913489364854,roi:peripheral_only:10810281913489364854:0.450000,0.347412109375,0.652587890625,0.5999789185200801,0.4000210814799199,9487.0,0.21533333562579549,0.17058759927749634,0.31618137899243903,2.0,3795.0,0.23978919631093545,0.16150000171934664,0.36706192358366274,0.25840000275095465,0.4115942028985507,0.29070000309482397,0.09868020471900592,0.23380506933336692,10.05769958207004,0.1939541929896688,3795.0,0.9653847208246589,0.27889937925851827,0.06364889705882353,1.0966433154571213,0.21254851288732038,51.0,0.06393015711111742,0.1918203171597222,11.942942282674105,0.24241304881344244,3795.0,0.8841303959488869,0.07751762002082703,0.04771752450980392,0.7506556278772271,0.15977215748558662,51.0,0.09039387391062297,0.22024900470191566,10.438610011282144,0.23093657418067762,3795.0,0.9642091691493988,0.17722022283549294,0.0584405637254902,1.0292510217155126,0.19722735612651682,51.0
socofing:000097:left_ring,000097,left_ring,163,peripheral_only,0.70,fingerprint_roi,10810281913489364854,roi:peripheral_only:10810281913489364854:0.450000,0.40533447265625,0.59466552734375,0.7000105407399599,0.29998945926004006,9487.0,0.24630899109866086,0.19491665065288544,0.37151021962956726,2.0,2846.0,0.2399859451862263,0.18473174332399564,0.35874912157413913,0.29557078931839303,0.40021082220660575,0.3325171379831921,0.1615861104249883,0.3047770388672771,7.91595972924253,0.22576276734907316,2846.0,0.997328519821167,0.0869701665820511,0.05630716463414634,0.8825846155937179,0.18952255614815552,41.0,0.07002336663502773,0.20611239578442364,11.547570127388479,0.2791932356414727,2846.0,0.8800793364644051,0.03135029240563387,0.054401676829268296,0.8648664035115222,0.1812679995244739,41.0,0.07802236912557407,0.21001637219556085,11.077808666037903,0.25644844604357375,2846.0,0.9385689496994019,0.04746210467785557,0.0545922256097561,0.8279686803002263,0.18215947060266643,41.0
socofing:000097:left_ring,000097,left_ring,163,peripheral_only,0.80,fingerprint_roi,10810281913489364854,roi:peripheral_only:10810281913489364854:0.450000,0.4632568359375,0.5367431640625,0.8000421629598398,0.19995783704016024,9487.0,0.24424177545421133,0.1935620754957199,0.2583620050909847,1.0,1897.0,0.2345809172377438,0.1831813315906585,0.3705851344227728,0.2930901305450536,0.41697416974169743,0.32972639686318533,0.1204616146173445,0.260772252720464,9.191513200239502,0.21716458495318264,1897.0,0.9804378738626838,0.12507736158009194,0.06221064814814815,1.0004056688493506,0.2036869501252084,27.0,0.07277380091668173,0.20902198471171163,11.380249416371234,0.24110706824510414,1897.0,0.8801027499139309,0.0936095572841778,0.05541087962962963,0.8508739145053382,0.18454841260797755,27.0,0.1004358624596593,0.2375618494658264,9.981111867192778,0.25389409507110133,1897.0,0.9642062149941921,0.0998230028845853,0.052083333333333336,0.808208439878368,0.16917685985501732,27.0
socofing:000153:right_thumb,000153,right_thumb,245,central_only,0.10,fingerprint_roi,14596753688093712870,roi:central_only:14596753688093712870:0.450000,0.0758056640625,0.9241943359375,0.10001610565308423,0.8999838943469157,12418.0,0.21078516309669781,0.16699735820293427,0.13164827932727827,0.0,11176.0,0.2323729420186113,0.15808887232252333,0.3402827487473157,0.2529421957160374,0.37535790980672873,0.284559970180542,0.11657385142158785,0.2593843119165863,9.333988548674554,0.07616981194236992,11176.0,0.9873509993776679,0.3458605023547864,0.048853490259740256,1.1103606275273528,0.18228265704746077,154.0,0.10340535660060494,0.24437459343321835,9.854569633520482,0.07104838461824017,11176.0,0.987881182692945,0.34080272242357224,0.05765523538961039,1.6833076181877833,0.2142666357689658,154.0,0.11657385142158785,0.2593843119165863,9.333988548674554,0.07616981194236992,11176.0,0.9873509993776679,0.3458605023547864,0.048853490259740256,1.1103606275273528,0.18228265704746077,154.0
socofing:000153:right_thumb,000153,right_thumb,245,central_only,0.20,fingerprint_roi,14596753688093712870,roi:central_only:14596753688093712870:0.450000,0.151611328125,0.848388671875,0.20003221130616847,0.7999677886938316,12418.0,0.2222298961999024,0.1763278990983963,0.20063121270502718,2.0,9934.0,0.24803704449365815,0.1666724221499268,0.3686329776525065,0.2666758754398829,0.4098047110932152,0.3000103598698683,0.12503844051940827,0.2681528115253641,9.029564514799052,0.06806963538584554,9934.0,0.9960418338887393,0.3057791833018746,0.05793313419117647,1.9657442558511533,0.22038879274073137,136.0,0.08617620396607614,0.22299153689318116,10.646126403578366,0.09128871268386077,9934.0,0.9824463124386966,0.30918676727218236,0.05575022977941176,1.6859500621270027,0.21055649697813644,136.0,0.11559465513681125,0.25745593664237865,9.370622463502079,0.09509319765177683,9934.0,0.9783894410356879,0.4063442227963533,0.05328010110294118,1.7925570293766095,0.2015647210182925,136.0
socofing:000153:right_thumb,000153,right_thumb,245,central_only,0.30,fingerprint_roi,14596753688093712870,roi:central_only:14596753688093712870:0.450000,0.22735595703125,0.77264404296875,0.29996778869383156,0.7000322113061684,12418.0,0.23606380275972572,0.1875346302986145,0.24904952781794207,2.0,8693.0,0.246060048314736,0.1770478520697943,0.36385597607270215,0.28327656331167084,0.4036581157252962,0.3186861337256297,0.13708307575582473,0.28151329365878935,8.630161597951568,0.10098156786337582,8693.0,0.9933975334279239,0.35745604296267924,0.050547542735042736,1.512723164104908,0.19999488053413061,117.0,0.09182139373877081,0.231631374942244,10.37056119449942,0.11265841151559508,8693.0,0.9873615498654544,0.28250400434408723,0.052250267094017096,1.2958289380699552,0.20094195327764974,117.0,0.11189131146842157,0.24955558108463052,9.512036357935532,0.10326237573696452,8693.0,0.9960090513341129,0.3157371740511155,0.05585603632478633,1.9482623716621392,0.2113222006977352,117.0
socofing:000153:right_thumb,000153,right_thumb,245,central_only,0.40,fingerprint_roi,14596753688093712870,roi:central_only:14596753688093712870:0.450000,0.30316162109375,0.69683837890625,0.3999838943469158,0.6000161056530842,12418.0,0.21791615562354064,0.1740259975194931,0.2511281476463256,1.0,7451.0,0.23043886726613877,0.16343711671765548,0.3443833042544625,0.26149938674824874,0.37981478996107904,0.2941868100917798,0.13238434613811756,0.27778875212661436,8.781633652570415,0.15427798740469958,7451.0,0.9956189985387027,0.32614565739052986,0.05093907828282828,1.3724536712220403,0.19236052302727827,99.0,0.09317088880754897,0.23009408736394485,10.307197615211267,0.16467818775478918,7451.0,0.9727119198068976,0.24498292012703535,0.05113636363636364,1.2908369653760916,0.19515647858986415,99.0,0.11680261683251374,0.2546587986179139,9.325474272305547,0.12840477960723418,7451.0,0.9960677023045719,0.27848608889537824,0.047111742424242424,0.9935835274898379,0.1769780835233419,99.0
socofing:000153:right_thumb,000153,right_thumb,245,central_only,0.50,fingerprint_roi,14596753688093712870,roi:central_only:14596753688093712870:0.450000,0.37896728515625,0.62103271484375,0.5,0.5,12418.0,0.22615512529548165,0.17968399822711945,0.3122866497916123,1.0,6209.0,0.25575777097761315,0.16961634397161124,0.3681752295055564,0.271386150354578,0.4036076662908681,0.30530941914890025,0.1235069669828987,0.2635699818674268,9.083085433202113,0.18439729135382998,6209.0,0.9838132252916694,0.20579024104875596,0.04087409420289855,0.9323436335985956,0.15555428125309276,69.0,0.07315867815112875,0.20248422695262028,11.357341500635389,0.21118175912756512,6209.0,0.9447234831750393,0.21132532295819054,0.03391077898550725,0.6161191893430275,0.12912579198222543,69.0,0.09250054947534939,0.22302457404227374,10.3385568744039,0.17439536480266485,6209.0,0.9770269985310733,0.17648946418353723,0.042912137681159424,0.8739426558238399,0.16452444095552526,69.0
socofing:000153:right_thumb,000153,right_thumb,245,central_only,0.60,fingerprint_roi,14596753688093712870,roi:central_only:14596753688093712870:0.450000,0.45477294921875,0.54522705078125,0.6000161056530843,0.3999838943469157,12418.0,0.21128400112028833,0.1677650660276413,0.36739648051359075,2.0,4967.0,0.24843970203342058,0.15846300084021625,0.3756794845983491,0.253540801344346,0.414737265955305,0.2852334015123893,0.08857381144596753,0.21413312638236592,10.526946666653581,0.24413299272163166,4967.0,0.9917182913050056,0.21476675931053338,0.03601371951219512,0.7665899360313768,0.14167285478983588,41.0,0.05908546080491593,0.1790335071587214,12.285193730783632,0.28276775200360127,4967.0,0.9392797909677029,0.20560334824953638,0.03677591463414634,0.7718458436501932,0.1423596838633991,41.0,0.07832149366490053,0.203495833893759,11.061190387197488,0.24548132459063576,4967.0,0.9432713352143764,0.1818816816629635,0.03429878048780488,0.7272635864147412,0.13564082758381726,41.0
socofing:000153:right_thumb,000153,right_thumb,245,central_only,0.70,fingerprint_roi,14596753688093712870,roi:central_only:14596753688093712870:0.450000,0.53057861328125,0.46942138671875,0.7000322113061684,0.29996778869383156,12418.0,0.19405265410207795,0.1542796492576599,0.341366615743324,2.0,3725.0,0.23597315436241612,0.14553949057655846,0.36134228187919465,0.23286318492249353,0.4016107382550336,0.26197108303780525,0.07589828864911848,0.19996622013940707,11.197680164447508,0.24671423979377166,3725.0,0.9193232953548431,0.27469469337344565,0.05376838235294118,1.157561213881565,0.2106715522832224,17.0,0.05006612725065239,0.16640178761476238,13.004560011459292,0.3078571292574667,3725.0,0.9077998362481594,0.21035445457860474,0.050551470588235295,1.0597232361840492,0.19980576487864452,17.0,0.0726292780543659,0.1947806322902141,11.388882727677444,0.2708922161050847,3725.0,0.9447281323373318,0.18250423482862743,0.04503676470588235,1.2093078921582707,0.17652493883509876,17.0
socofing:000153:right_thumb,000153,right_thumb,245,central_only,0.80,fingerprint_roi,14596753688093712870,roi:central_only:14596753688093712870:0.450000,0.6063232421875,0.3936767578125,0.7999677886938316,0.20003221130616844,12418.0,0.17125311397092036,0.13577087223529816,0.46057796726183464,1.0,2484.0,0.2250402576489533,0.12843983547819027,0.3498389694041868,0.20550373676510442,0.391304347826087,0.23119170386074245,0.06426060928187015,0.1790174638748247,11.920551610362951,0.3189190006043227,2484.0,0.9494973383843899,0.22391985359292832,0.03564453125,0.7504928379232916,0.14414903468237616,8.0,0.03866529254552178,0.14165522659800334,14.126786995574394,0.3730851783446474,2484.0,0.7655142396688461,0.20468666396638457,0.01171875,0.20833966087501693,0.04802712867306466,8.0,0.05525086527250409,0.16644109522244457,12.57660916192511,0.32874120343613716,2484.0,0.9030405264347792,0.1887840257911664,0.02392578125,0.44468072714415624,0.09286354362895902,8.0
socofing:000153:right_thumb,000153,right_thumb,245,peripheral_only,0.10,fingerprint_roi,6222343088873483210,roi:peripheral_only:6222343088873483210:0.450000,0.0758056640625,0.9241943359375,0.10001610565308423,0.8999838943469157,12418.0,0.24631890079637211,0.19468645751476288,0.17959925995900466,1.0,11176.0,0.24194702934860415,0.1847391755972791,0.3741947029348604,0.29558268095564655,0.4180386542591267,0.33253051607510237,0.11426867054849249,0.26024446547747726,9.420728253612516,0.11196781083046771,11176.0,0.9922676081769168,0.3097729178572054,0.0575219131097561,1.145034054437883,0.2059716063961761,164.0,0.0768248140093177,0.2182639354014347,11.144984824848583,0.11993138276319483,11176.0,0.9346838183701038,0.30871195731557627,0.057974466463414635,1.1281704877665086,0.2076229468108048,164.0,0.09027291249141393,0.2310629166387196,10.444425455922683,0.09743172050017135,11176.0,0.9750441904179752,0.4698177906539337,0.055735518292682924,1.0527519153614284,0.19858423215481386,164.0
socofing:000153:right_thumb,000153,right_thumb,245,peripheral_only,0.20,fingerprint_roi,6222343088873483210,roi:peripheral_only:6222343088873483210:0.450000,0.151611328125,0.848388671875,0.20003221130616847,0.7999677886938316,12418.0,0.24380890677962622,0.19213859736919403,0.1977004765847437,2.0,9934.0,0.21834105093617878,0.18285668008471967,0.34205758002818604,0.2925706881355515,0.38634990940205355,0.3291420241524954,0.11892260603419218,0.26753614602354714,9.247355823642708,0.09668613006367048,9934.0,0.9907189598307014,0.21377984963556995,0.04397681451612903,0.7746120787585926,0.156717259426181,155.0,0.08321602320249782,0.22931246570152486,10.797930424781626,0.10512369722764442,9934.0,0.9117344580590725,0.19364858836605361,0.050378024193548386,0.9773286950955113,0.17934582555352635,155.0,0.11051711894494738,0.2584226011719164,9.565704451690287,0.09561791042680234,9934.0,0.9940143823623657,0.40709899993024296,0.05889616935483871,1.2376514370205156,0.21063317854574679,155.0
socofing:000153:right_thumb,000153,right_thumb,245,peripheral_only,0.30,fingerprint_roi,6222343088873483210,roi:peripheral_only:6222343088873483210:0.450000,0.22735595703125,0.77264404296875,0.29996778869383156,0.7000322113061684,12418.0,0.23224373538278628,0.18324591219425201,0.259245326476271,1.0,8693.0,0.2351317151731278,0.17418280153708973,0.3674220637294375,0.2786924824593436,0.40848958932474405,0.31352904276676147,0.12576046839236915,0.27209526817505564,9.004558537804746,0.15048994087838463,8693.0,0.9910413324832916,0.31412729951602314,0.05247201492537314,1.0722938153101473,0.18746655755358252,134.0,0.0723737694920813,0.20853108009865579,11.404188071310635,0.18718880778201877,8693.0,0.94388872012496,0.25836032174593343,0.051859841417910446,1.0268621267115727,0.18535977552332614,134.0,0.08711195245422944,0.22415048086664988,10.599222522393475,0.18752163592558024,8693.0,0.9648467898368835,0.30574864279558994,0.043143656716417914,0.7941451609088261,0.15616246056378344,134.0
socofing:000153:right_thumb,000153,right_thumb,245,peripheral_only,0.40,fingerprint_roi,6222343088873483210,roi:peripheral_only:6222343088873483210:0.450000,0.30316162109375,0.69683837890625,0.3999838943469158,0.6000161056530842,12418.0,0.21465260595708535,0.16943126916885376,0.25320194929257367,1.0,7451.0,0.21232049389343713,0.160989454467814,0.32868071399812104,0.2575831271485024,0.36558851160918,0.28978101804206524,0.1067120268862172,0.25081434662109725,9.717866310350535,0.18001304120670528,7451.0,0.9940553903579712,0.15298271123025134,0.04237583705357143,0.7458752972331444,0.15013873837078198,112.0,0.07017086798391142,0.2092496387304211,11.538431513991924,0.21082114381190661,7451.0,0.8465901575982571,0.1895927976661749,0.042236328125,0.701469706427381,0.1476373961153808,112.0,0.08966892507004029,0.22935355191960594,10.473580364298389,0.20088881669879163,7451.0,0.9753746390342712,0.20714932210555895,0.046909877232142856,0.7885922723646827,0.16413978824568373,112.0
socofing:000153:right_thumb,000153,right_thumb,245,peripheral_only,0.50,fingerprint_roi,6222343088873483210,roi:peripheral_only:6222343088873483210:0.450000,0.37896728515625,0.62103271484375,0.5,0.5,12418.0,0.2219693381224315,0.17560607194900513,0.23505095369198714,1.0,6209.0,0.23208246094379126,0.16647700359182363,0.3554517635690127,0.2663632057469178,0.39313899178611694,0.2996586064652825,0.10676260570400403,0.24925183605556903,9.715808351368661,0.19191724047336764,6209.0,0.9902078211307526,0.17066092210309658,0.05130208333333333,0.9517857557130313,0.17926069807817338,90.0,0.0737580918738019,0.21008449422635342,11.321903270330282,0.23457759113225535,6209.0,0.9329797327518463,0.16002126258400293,0.04761284722222222,0.8245513416520552,0.16644486494645025,90.0,0.101323934924321,0.2428997278993178,9.942879526878858,0.21912728323193809,6209.0,0.9683693051338196,0.2463172465932604,0.04943576388888889,0.8636678096868203,0.17575415827582833,90.0
socofing:000153:right_thumb,000153,right_thumb,245,peripheral_only,0.60,fingerprint_roi,6222343088873483210,roi:peripheral_only:6222343088873483210:0.450000,0.45477294921875,0.54522705078125,0.6000161056530843,0.3999838943469157,12418.0,0.23385638598587422,0.18534091114997864,0.2520760293005415,1.0,4967.0,0.23575598953090396,0.17539228948940566,0.36883430642238774,0.28062766318304905,0.40910006039863095,0.3157061210809302,0.11014366150016563,0.25303813805029274,9.580404903852777,0.2463124780130135,4967.0,0.9840544760227203,0.21163976968622564,0.04904513888888889,0.8253544956718419,0.17035302611324168,63.0,0.07268806030160208,0.20934164110223893,11.385369202410637,0.2727224367569632,4967.0,0.9788822736591101,0.14070667038090195,0.0496031746031746,0.8831605361636128,0.1749345170042377,63.0,0.10221906252245831,0.2420873843914958,9.904681063898824,0.24691273302963282,4967.0,0.9916006326675415,0.14610680244325897,0.04241071428571429,0.7373965553926094,0.14819414821991456,63.0
socofing:000153:right_thumb,000153,right_thumb,245,peripheral_only,0.70,fingerprint_roi,6222343088873483210,roi:peripheral_only:6222343088873483210:0.450000,0.53057861328125,0.46942138671875,0.7000322113061684,0.29996778869383156,12418.0,0.24043161260468315,0.18992505967617035,0.2604840216906758,1.0,3725.0,0.23785234899328858,0.18032370945351237,0.3833557046979866,0.28851793512561974,0.4273825503355705,0.3245826770163222,0.10422647973418422,0.24617785885617538,9.820219303505834,0.25010142208675584,3725.0,0.9543301165103912,0.19862253126657706,0.05726207386363636,0.9774660692277221,0.19526324069783838,44.0,0.06655623278652653,0.2035887385314118,11.768112679421742,0.2897532296654956,3725.0,0.833068311214447,0.1399783005365856,0.04110440340909091,0.6594194335838564,0.1412861953898302,44.0,0.0852084521109486,0.2264749836460406,10.69517323976438,0.2574335331226206,3725.0,0.9037408158183098,0.10627503276474679,0.04172585227272727,0.6545107092627848,0.1415230804605689,44.0
socofing:000153:right_thumb,000153,right_thumb,245,peripheral_only,0.80,fingerprint_roi,6222343088873483210,roi:peripheral_only:6222343088873483210:0.450000,0.6063232421875,0.3936767578125,0.7999677886938316,0.20003221130616844,12418.0,0.24729816498803758,0.19579046964645386,0.23861376128266798,2.0,2484.0,0.24476650563607086,0.1854736237410282,0.38808373590982287,0.29675779798564517,0.4363929146537842,0.3338525227338508,0.11342133909322133,0.26031576789710853,9.453052295825215,0.26872788663969954,2484.0,0.9603748321533203,0.06855605871055723,0.0462646484375,0.7739319953130455,0.15448767537753044,32.0,0.07310595433789853,0.21173656525314544,11.360472491600584,0.3073884176931137,2484.0,0.9345729937776923,0.08390913808724766,0.0428466796875,0.6939473997667687,0.14503868904588443,32.0,0.10853079113397808,0.24872260604367927,9.644470311936761,0.2551430029956827,2484.0,0.9919683337211609,0.08378475539256763,0.0767822265625,1.5258941607832304,0.2657654233529921,32.0
socofing:000217:right_middle,000217,right_middle,327,central_only,0.10,fingerprint_roi,8871323062647135610,roi:central_only:8871323062647135610:0.450000,0.0635986328125,0.9364013671875,0.09997121749976015,0.9000287825002399,10423.0,0.25267999438983996,0.19985489547252655,0.07761196787800893,1.0,9381.0,0.18143055111395373,0.18950999579237998,0.2830188679245283,0.30321599326780796,0.31904914188252853,0.34111799242628393,0.15852020404205197,0.3092046879242751,7.999153773277533,0.057881606374645726,9381.0,1.0,0.3896382395644191,0.04103009259259259,1.4439506334573424,0.21333509394832526,135.0,0.1294322633425152,0.28869478690310946,8.879574543850138,0.0872761721653539,9381.0,1.0,0.3068371779986827,0.036631944444444446,1.2618440760643455,0.1896628289677479,135.0,0.15267934903080527,0.3052435556918366,8.162197003926524,0.07605417158577603,9381.0,1.0,0.3486679199466408,0.03891782407407408,1.345295306204021,0.20246608581434183,135.0
socofing:000217:right_middle,000217,right_middle,327,central_only,0.20,fingerprint_roi,8871323062647135610,roi:central_only:8871323062647135610:0.450000,0.12725830078125,0.87274169921875,0.20003837666698648,0.7999616233330136,10423.0,0.2455523096801204,0.19428452849388123,0.03458949710692908,1.0,8338.0,0.19429119692971936,0.1841642322600903,0.293355720796354,0.2946627716161445,0.3283761093787479,0.3314956180681625,0.1524283370803343,0.3016456327183629,8.169342882876045,0.10545513495118773,8338.0,1.0,0.2844577967836838,0.03095945247933884,0.7431706113143141,0.1621920656431514,121.0,0.13107084176181658,0.2845655309228659,8.824939114402424,0.13315079211251718,8338.0,1.0,0.2386163395261296,0.03644757231404959,1.1186988596139296,0.19194664897398017,121.0,0.1520743466929687,0.29979790782020466,8.179440405776685,0.10860017448706479,8338.0,1.0,0.30195421240407244,0.04012784090909091,1.455263783221159,0.20444901742500993,121.0
socofing:000217:right_middle,000217,right_middle,327,central_only,0.30,fingerprint_roi,8871323062647135610,roi:central_only:8871323062647135610:0.450000,0.19085693359375,0.80914306640625,0.3000095941667466,0.6999904058332533,10423.0,0.2931919177552979,0.23113295435905457,0.10858055186507849,0.0,7296.0,0.18804824561403508,0.21989393831647344,0.30153508771929827,0.3518303013063575,0.34676535087719296,0.3958090889696522,0.15570049906611916,0.31084771318133436,8.077099953874718,0.12225764562070407,7296.0,1.0,0.19840948336374042,0.025883838383838384,0.6993568583530713,0.13059263676221128,99.0,0.13815669132586292,0.3031319279332245,8.596280761074073,0.14048247214904497,7296.0,1.0,0.25861217977034034,0.027067550505050504,0.8015457255117177,0.13759863988384197,99.0,0.15570049906611916,0.31084771318133436,8.077099953874718,0.12225764562070407,7296.0,1.0,0.19840948336374042,0.025883838383838384,0.6993568583530713,0.13059263676221128,99.0
socofing:000217:right_middle,000217,right_middle,327,central_only,0.40,fingerprint_roi,8871323062647135610,roi:central_only:8871323062647135610:0.450000,0.25445556640625,0.74554443359375,0.3999808116665068,0.6000191883334932,10423.0,0.26985205414960817,0.21327170729637146,0.18676785717250066,2.0,6254.0,0.20466901183242725,0.2023890406122061,0.31627758234729775,0.3238224649795298,0.3562519987208187,0.36430027310197105,0.15988834483970207,0.31015346325011545,7.96183193266205,0.14456937876741985,6254.0,1.0,0.1822757946698659,0.026430600649350648,0.6672637524567661,0.13136591333062342,77.0,0.11626268102197534,0.26949948112216465,9.345596664164047,0.1799316293488435,6254.0,1.0,0.16531347735241456,0.021814123376623376,0.5780324708738672,0.10566130750457832,77.0,0.14535211326563346,0.2895258133856447,8.375786496662979,0.14469309853214354,6254.0,1.0,0.2092758736295414,0.024604301948051948,0.6481788728038355,0.12283071302052258,77.0
socofing:000217:right_middle,000217,right_middle,327,central_only,0.50,fingerprint_roi,8871323062647135610,roi:central_only:8871323062647135610:0.450000,0.318115234375,0.681884765625,0.5000479708337331,0.4999520291662669,10423.0,0.254929062917229,0.2017020434141159,0.32149350696717843,1.0,5211.0,0.206678180771445,0.19119679718792176,0.32450585300326235,0.3059148755006748,0.36787564766839376,0.3441542349382591,0.1504463661364519,0.2922404465807816,8.22618297694231,0.19328379156990783,5211.0,1.0,0.24434756059185533,0.017513020833333334,0.40299403482843904,0.0849963653319963,60.0,0.10676835768891864,0.2497693059427656,9.715574375436617,0.2507903889085197,5211.0,1.0,0.2180634859566767,0.020182291666666668,0.47916856107217903,0.09950034007022666,60.0,0.12607565707765683,0.26351035486971464,8.993687597188435,0.23101028329594478,5211.0,1.0,0.19136470757010143,0.0263671875,0.6669817510965548,0.13117634277439394,60.0
socofing:000217:right_middle,000217,right_middle,327,central_only,0.60,fingerprint_roi,8871323062647135610,roi:central_only:8871323062647135610:0.450000,0.3817138671875,0.6182861328125,0.6000191883334932,0.3999808116665068,10423.0,0.24850841326575165,0.19746479392051697,0.29870799589983693,2.0,4169.0,0.19453106260494124,0.18638130994931373,0.3043895418565603,0.298210095918902,0.33988966178939795,0.33548635790876474,0.1596837443182476,0.2989126368374183,7.967392924539475,0.24050999541079074,4169.0,0.9999501705169678,0.20045546386270732,0.030539772727272728,0.7605742155516446,0.14593593760726573,33.0,0.10724672074454923,0.25124685505651245,9.696159782511163,0.2692002899569028,4169.0,0.9882352938875556,0.18136046681492476,0.025804924242424244,0.5736912596284207,0.1272570766543625,33.0,0.13811709183050383,0.2730991771408042,8.597525746554917,0.28663666948472977,4169.0,0.9999562501907349,0.17561312261051962,0.023674242424242424,0.5188065046634724,0.11623235082506596,33.0
socofing:000217:right_middle,000217,right_middle,327,central_only,0.70,fingerprint_roi,8871323062647135610,roi:central_only:8871323062647135610:0.450000,0.4453125,0.5546875,0.6999904058332533,0.30000959416674666,10423.0,0.24600298664435408,0.19497254490852356,0.417278898641655,1.0,3127.0,0.21010553245922609,0.18450223998326556,0.3245922609529901,0.29520358397322494,0.3658458586504637,0.33210403196987803,0.13095062803124213,0.26902586263406403,8.828924143838512,0.3079532575236239,3127.0,0.9953752756118774,0.13429052364029959,0.027901785714285716,0.6709234498494628,0.1337112849476297,21.0,0.07633852274219392,0.21360531428827048,11.172562485147832,0.36007726148725355,3127.0,0.9882352938875556,0.15416794899691008,0.026785714285714284,0.6146328702191248,0.13310911413655407,21.0,0.08839207843061261,0.2162126791556248,10.535866540822369,0.3234358270133297,3127.0,0.9882352938875556,0.1821755489986725,0.033854166666666664,0.6866098089509773,0.1708337926564601,21.0
socofing:000217:right_middle,000217,right_middle,327,central_only,0.80,fingerprint_roi,8871323062647135610,roi:central_only:8871323062647135610:0.450000,0.5089111328125,0.4910888671875,0.7999616233330136,0.20003837666698643,10423.0,0.24956648086758257,0.1983070969581604,0.42368792584938403,1.0,2085.0,0.23980815347721823,0.18717486065068692,0.3712230215827338,0.29947977704109907,0.41294964028776976,0.33691474917123637,0.13772984887475723,0.27274265882896365,8.609719290473524,0.2869919026325424,2085.0,0.9961860179901123,0.21304980871726856,0.020182291666666668,0.44426960145319333,0.10201461471320422,12.0,0.08562894238571168,0.2172585239304493,10.673794199731486,0.3354973350652066,2085.0,0.9882352938875556,0.1307724580191364,0.0205078125,0.4721153093272454,0.10514913024995293,12.0,0.11057046672334002,0.23796559845452472,9.563608572253425,0.3035229705526085,2085.0,0.9882352938875556,0.16212115886354045,0.023763020833333332,0.6025203617780192,0.12058755715206397,12.0
socofing:000217:right_middle,000217,right_middle,327,peripheral_only,0.10,fingerprint_roi,16072014275392826788,roi:peripheral_only:16072014275392826788:0.450000,0.0635986328125,0.9364013671875,0.09997121749976015,0.9000287825002399,10423.0,0.27337363254192465,0.21621158719062805,0.23220669564188556,0.0,9381.0,0.2072273744803326,0.20503022440644345,0.3268308282699073,0.32804835905030955,0.36595245709412644,0.3690544039315982,0.11599538088628313,0.2635356685876479,9.355593047001513,0.11503321430948545,9381.0,0.9890665709972382,0.540800497753822,0.03298305457746479,0.8229749969187388,0.17902126355902276,142.0,0.0941862810235517,0.24938098393017186,10.260123510252566,0.12731937768979118,9381.0,0.9387009143829346,0.3750250399360284,0.028966769366197184,1.0873291393295952,0.15515664579134514,142.0,0.11599538088628313,0.2635356685876479,9.355593047001513,0.11503321430948545,9381.0,0.9890665709972382,0.540800497753822,0.03298305457746479,0.8229749969187388,0.17902126355902276,142.0
socofing:000217:right_middle,000217,right_middle,327,peripheral_only,0.20,fingerprint_roi,16072014275392826788,roi:peripheral_only:16072014275392826788:0.450000,0.12725830078125,0.87274169921875,0.20003837666698648,0.7999616233330136,10423.0,0.23646045314938727,0.18689511716365814,0.2813215849449816,2.0,8338.0,0.20664427920364595,0.17734533986204046,0.3169824898057088,0.2837525437792648,0.3496042216358839,0.3192216117516728,0.1246663944212843,0.2694256733807528,9.0425060092664,0.1678527949923093,8338.0,0.9963257312774658,0.5136218541997298,0.03373304263565891,0.8904808907399366,0.18090380263026676,129.0,0.08409456743474503,0.22965637773697475,10.75232059009679,0.19501895193863203,8338.0,0.8690455257892609,0.43228348877237954,0.03215843023255814,0.780221737568666,0.17416486149091503,129.0,0.11275372545977898,0.2561916385812032,9.478690998278712,0.16310404508113927,8338.0,0.9905465245246887,0.3302191827682172,0.03594355620155039,0.8256585714040198,0.1936887851973941,129.0
socofing:000217:right_middle,000217,right_middle,327,peripheral_only,0.30,fingerprint_roi,16072014275392826788,roi:peripheral_only:16072014275392826788:0.450000,0.19085693359375,0.80914306640625,0.3000095941667466,0.6999904058332533,10423.0,0.24928921211935715,0.19668680429458618,0.2697908243571166,0.0,7296.0,0.2109375,0.18696690908951782,0.33086622807017546,0.29914705454322854,0.37390350877192985,0.33654043636113207,0.11204169732633035,0.2594124734399916,9.506203206457226,0.1975006698275324,7296.0,0.9968418478965759,0.10431212623201311,0.0377723623853211,0.9820700274107159,0.20242610607241324,109.0,0.08308069586315575,0.23072673192367993,10.804998745796073,0.21616147933250893,7296.0,0.9137219488620758,0.1952142000611504,0.031429185779816515,0.91550481819059,0.16921323549954898,109.0,0.11204169732633035,0.2594124734399916,9.506203206457226,0.1975006698275324,7296.0,0.9968418478965759,0.10431212623201311,0.0377723623853211,0.9820700274107159,0.20242610607241324,109.0
socofing:000217:right_middle,000217,right_middle,327,peripheral_only,0.40,fingerprint_roi,16072014275392826788,roi:peripheral_only:16072014275392826788:0.450000,0.25445556640625,0.74554443359375,0.3999808116665068,0.6000191883334932,10423.0,0.21917088419538913,0.1727980077266693,0.2720219201200763,2.0,6254.0,0.18372241765270228,0.16437816314654188,0.3007675087943716,0.263005061034467,0.33770386952350495,0.29588069366377534,0.12366004936796658,0.2697122400070487,9.077705844566552,0.15678788277264485,6254.0,0.9848390216939151,0.137298509541127,0.03730254120879121,0.8677708703289533,0.2011116498476228,91.0,0.08552349419851471,0.2325668712133178,10.679145636443085,0.19766858887998096,6254.0,0.8591258521191776,0.11502539840691532,0.03700206043956044,0.844286482128789,0.20194180478498933,91.0,0.10725495077612729,0.2515744882764436,9.695826521024046,0.1933536731395314,6254.0,0.9817104935646057,0.13906025258763005,0.03876201923076923,0.8735078567733511,0.21137020418042027,91.0
socofing:000217:right_middle,000217,right_middle,327,peripheral_only,0.50,fingerprint_roi,16072014275392826788,roi:peripheral_only:16072014275392826788:0.450000,0.318115234375,0.681884765625,0.5000479708337331,0.4999520291662669,10423.0,0.2418366557026843,0.19168008863925934,0.22800298014171735,2.0,5211.0,0.20591057378622146,0.1813774917770132,0.3181730953751679,0.2902039868432212,0.3646133179811936,0.32647948519862374,0.11833612299697477,0.2660399666869224,9.268826634568615,0.21457897360657235,5211.0,0.9857769003137946,0.15529249949761628,0.033380681818181816,0.7971202786553796,0.1843822655383347,77.0,0.08873981978422067,0.23658662078265158,10.518814575982558,0.20666875816514027,5211.0,0.886070542037487,0.16657849407087857,0.03211241883116883,0.787688060406879,0.17700837225232505,77.0,0.11165723465555988,0.2549494105954001,9.52113132250435,0.20432230955630756,5211.0,0.9417240619659424,0.32192836893915655,0.03480113636363636,0.9378267106173376,0.19072266258278414,77.0
socofing:000217:right_middle,000217,right_middle,327,peripheral_only,0.60,fingerprint_roi,16072014275392826788,roi:peripheral_only:16072014275392826788:0.450000,0.3817138671875,0.6182861328125,0.6000191883334932,0.3999808116665068,10423.0,0.27177414422680685,0.2149212509393692,0.24289644736905605,1.0,4169.0,0.21683857040057566,0.20383060817010512,0.3389301990885104,0.3261289730721682,0.3835452146797793,0.3668950947061892,0.1620779554902636,0.31082076463525776,7.902760502963377,0.26014838919559125,4169.0,0.997489333152771,0.1416061450601698,0.01847718253968254,0.48011346771574354,0.1009408159749476,63.0,0.0984855970181495,0.25026689598510615,10.066272780598307,0.25648714286623664,4169.0,0.9555302252992988,0.11634065276975773,0.021205357142857144,0.5204066193721466,0.11591746865529497,63.0,0.11505481821498328,0.2589080506861103,9.390951894215494,0.20838705906006974,4169.0,0.9973651170730591,0.2871677747741133,0.0287078373015873,0.7263901859757497,0.15638030549598692,63.0
socofing:000217:right_middle,000217,right_middle,327,peripheral_only,0.70,fingerprint_roi,16072014275392826788,roi:peripheral_only:16072014275392826788:0.450000,0.4453125,0.5546875,0.6999904058332533,0.30000959416674666,10423.0,0.22486317307058776,0.17810027301311493,0.25930433519508894,0.0,3127.0,0.18995842660697154,0.16864737980294084,0.31148065238247524,0.26983580768470533,0.35145506875599614,0.30356528364529345,0.10224846572077415,0.24363000684757016,9.903432000345642,0.28616729179143374,3127.0,0.9868196835741401,0.09969378963990791,0.020833333333333332,0.5352258268629428,0.11492708994952776,42.0,0.08113152813881379,0.22657931079867027,10.908103438667888,0.298951107791594,3127.0,0.8778443317860365,0.06556182138589604,0.018136160714285716,0.4862113520552186,0.10074114756862927,42.0,0.10224846572077415,0.24363000684757016,9.903432000345642,0.28616729179143374,3127.0,0.9868196835741401,0.09969378963990791,0.020833333333333332,0.5352258268629428,0.11492708994952776,42.0
socofing:000217:right_middle,000217,right_middle,327,peripheral_only,0.80,fingerprint_roi,16072014275392826788,roi:peripheral_only:16072014275392826788:0.450000,0.5089111328125,0.4910888671875,0.7999616233330136,0.20003837666698643,10423.0,0.22851473453233564,0.18098300695419312,0.3578685980463351,0.0,2085.0,0.19664268585131894,0.17138605089925177,0.2992805755395683,0.2742176814388028,0.33621103117505996,0.3084948916186531,0.07970413628046835,0.21194285805710106,10.985191401199394,0.3401836385540846,2085.0,0.9101116061210632,0.035085522942650584,0.026141826923076924,0.6164234807481671,0.14327509855174536,26.0,0.0812562865670155,0.22538231325601574,10.901430289245033,0.3258611402707975,2085.0,0.8514481778256595,0.03679931862034955,0.022385817307692308,0.5684544119982475,0.12428850345350137,26.0,0.07970413628046835,0.21194285805710106,10.985191401199394,0.3401836385540846,2085.0,0.9101116061210632,0.035085522942650584,0.026141826923076924,0.6164234807481671,0.14327509855174536,26.0
socofing:000291:right_little,000291,right_little,409,central_only,0.10,fingerprint_roi,15013579942185993815,roi:central_only:15013579942185993815:0.450000,0.0494384765625,0.9505615234375,0.10003705075954057,0.8999629492404594,8097.0,0.30508053214698017,0.24264660477638245,0.16092596021646627,0.0,7287.0,0.2483875394538219,0.2288103991102351,0.3750514615067929,0.3660966385763762,0.4153972828324413,0.41185871839842314,0.13016189479216173,0.275394716111812,8.855161379154614,0.0746448988862683,7287.0,0.9952987134456635,0.31676866684334587,0.048523509174311925,1.0987322264588115,0.217563953798095,109.0,0.08597948480660038,0.24147933724136822,10.656051615256054,0.09152118357115877,7287.0,0.9095066152513027,0.30631404127199463,0.047627580275229356,1.2325334416620874,0.21796667365084682,109.0,0.13016189479216173,0.275394716111812,8.855161379154614,0.0746448988862683,7287.0,0.9952987134456635,0.31676866684334587,0.048523509174311925,1.0987322264588115,0.217563953798095,109.0
socofing:000291:right_little,000291,right_little,409,central_only,0.20,fingerprint_roi,15013579942185993815,roi:central_only:15013579942185993815:0.450000,0.09881591796875,0.90118408203125,0.19995059898727924,0.8000494010127208,8097.0,0.2881000726982634,0.22789916396141052,0.18222360441151145,1.0,6478.0,0.21580734794689718,0.21607505452369752,0.3352886693423896,0.3457200872379161,0.38391478851497374,0.38893509814265553,0.13635460934203847,0.28380990144631335,8.653301765490662,0.14118772571014665,6478.0,0.9974772334098816,0.2770341255828654,0.0390625,0.9284065404550559,0.2072883664520101,89.0,0.09491435103520429,0.25349214568868733,10.226681173493898,0.13997852671684702,6478.0,0.890855252277106,0.29973766122620604,0.04231039325842697,0.907536669966601,0.17539984276690035,89.0,0.12239591566187841,0.2801646641531787,9.1223307430732,0.10837984930948011,6478.0,0.9822897305712104,0.3026831935945676,0.04560217696629214,1.064929263356622,0.2249980344035144,89.0
socofing:000291:right_little,000291,right_little,409,central_only,0.30,fingerprint_roi,15013579942185993815,roi:central_only:15013579942185993815:0.450000,0.14825439453125,0.85174560546875,0.2999876497468198,0.7000123502531802,8097.0,0.27642515966665654,0.21866270899772644,0.23963155775242914,1.0,5668.0,0.18930839802399435,0.20731886974999245,0.29887085391672547,0.3317101915999879,0.3405081157374735,0.3731739655499864,0.14201935857358314,0.29522234302384803,8.476524531615903,0.11010758080380513,5668.0,0.971062421798706,0.31215289527498724,0.05078125,1.293409167877419,0.2600405559305083,73.0,0.10098454611776382,0.26256182081303997,9.957450821509548,0.13784230578491896,5668.0,0.8785133948549628,0.3366266504032293,0.0391695205479452,0.9667126711654852,0.21313631484031628,73.0,0.11629591789647976,0.26505256374793795,9.344355291765144,0.11825164728230018,5668.0,0.9573319256305695,0.2285339153060539,0.04516267123287671,1.1335303458636217,0.2377654160424296,73.0
socofing:000291:right_little,000291,right_little,409,central_only,0.40,fingerprint_roi,15013579942185993815,roi:central_only:15013579942185993815:0.450000,0.19769287109375,0.80230712890625,0.40002470050636035,0.5999752994936396,8097.0,0.3182978375517194,0.2528347969055176,0.33826278890703426,2.0,4858.0,0.27109921778509677,0.2387233781637896,0.41354466858789624,0.38195740506206344,0.46253602305475505,0.42970208069482135,0.15252808362900566,0.29001187404110407,8.166501862042907,0.13256228877505036,4858.0,0.9995643496513367,0.40072765922711895,0.05197298728813559,1.3882731134526336,0.2416268494088286,59.0,0.07261651413200458,0.2175253035658614,11.389646027044646,0.159963565469941,4858.0,0.8120554648339748,0.34246700493691257,0.047073622881355935,1.2872706516316264,0.2542574007821562,59.0,0.11038814611650079,0.2492628523457056,9.57077560235376,0.1456638785239872,4858.0,0.998901903629303,0.3843293065700296,0.04455773305084746,1.1803791134632484,0.2515535216061005,59.0
socofing:000291:right_little,000291,right_little,409,central_only,0.50,fingerprint_roi,15013579942185993815,roi:central_only:15013579942185993815:0.450000,0.2470703125,0.7529296875,0.49993824873409903,0.5000617512659009,8097.0,0.23479068796948918,0.18801827728748322,0.3518494560287057,2.0,4049.0,0.23709557915534699,0.17609301597711685,0.3457643862682144,0.281748825563387,0.3840454433193381,0.31696742875881034,0.14731597103732302,0.28481095121512373,8.31750167228103,0.15431733665689504,4049.0,0.9983569383621216,0.4484950775307344,0.052490234375,1.5573943950645435,0.26082506107194864,48.0,0.08438505934346996,0.21824530044248086,10.737344398562314,0.1915092200919101,4049.0,0.9170028530061245,0.29788288612490477,0.046956380208333336,1.4078645489881927,0.26194402994182786,48.0,0.0900918280554967,0.21717843682422155,10.45314600711947,0.20508457801718513,4049.0,0.9940096135251224,0.28206649730405087,0.039957682291666664,1.1403869426961248,0.21045557993937583,48.0
socofing:000291:right_little,000291,right_little,409,central_only,0.60,fingerprint_roi,15013579942185993815,roi:central_only:15013579942185993815:0.450000,0.2965087890625,0.7034912109375,0.5999752994936396,0.4000247005063604,8097.0,0.2700509800824582,0.21493802964687347,0.2781512795127987,0.0,3239.0,0.24575486261191726,0.20253823506184365,0.36461870947823405,0.32406117609894985,0.4152516208706391,0.36456882311131855,0.1203306940208648,0.25153562466951224,9.19623578449005,0.15249510579521153,3239.0,0.9907932281494141,0.4130361581718313,0.04607371794871795,1.5129152836086037,0.28453595217104183,39.0,0.08746792133135939,0.2294539066033588,10.581511943280297,0.16052241479307144,3239.0,0.9791387300938368,0.37388500576255546,0.05669070512820513,1.8491426207695145,0.33647841823149505,39.0,0.1203306940208648,0.25153562466951224,9.19623578449005,0.15249510579521153,3239.0,0.9907932281494141,0.4130361581718313,0.04607371794871795,1.5129152836086037,0.28453595217104183,39.0
socofing:000291:right_little,000291,right_little,409,central_only,0.70,fingerprint_roi,15013579942185993815,roi:central_only:15013579942185993815:0.450000,0.345947265625,0.654052734375,0.7000123502531802,0.2999876497468198,8097.0,0.18476303846269737,0.14739353954792023,0.35538815384730393,2.0,2429.0,0.28777274598600244,0.13857227884702303,0.40057636887608067,0.22171564615523684,0.4388637299300123,0.24943010192464143,0.07688885924118306,0.19849064595117005,11.141365824428817,0.23800728581690672,2429.0,0.9357648473232985,0.28725783211331424,0.06125710227272727,2.152351222378136,0.4477851061030398,22.0,0.0416013203461124,0.15063835157790043,13.808928854806823,0.276568620053854,2429.0,0.7384147569537163,0.3034544492392119,0.04403409090909091,1.5205511859839802,0.28559344405278014,22.0,0.058998063077438746,0.17290132672642117,12.291622461305405,0.24873874297558266,2429.0,0.9185982272028923,0.36321376881973483,0.04012784090909091,2.2935782752122944,0.2836249598325053,22.0
socofing:000291:right_little,000291,right_little,409,central_only,0.80,fingerprint_roi,15013579942185993815,roi:central_only:15013579942185993815:0.450000,0.3953857421875,0.6046142578125,0.8000494010127207,0.1999505989872793,8097.0,0.16596560374390132,0.13155031204223633,0.330019983412168,0.0,1619.0,0.2118591723285979,0.12447420280792597,0.31562693020382954,0.19915872449268157,0.34651019147621986,0.22405356505426674,0.0630290043399917,0.1809116684419803,12.004595533069217,0.24769007684639827,1619.0,0.9009939730167389,0.17958413913604812,0.029296875,1.7543120160093313,0.2298469674749913,12.0,0.05002597183547824,0.17260959059364722,13.008044657365115,0.24720924626694016,1619.0,0.8074241280555725,0.20063243510066078,0.0185546875,1.2614950750334413,0.16583632670629359,12.0,0.0630290043399917,0.1809116684419803,12.004595533069217,0.24769007684639827,1619.0,0.9009939730167389,0.17958413913604812,0.029296875,1.7543120160093313,0.2298469674749913,12.0
socofing:000291:right_little,000291,right_little,409,peripheral_only,0.10,fingerprint_roi,1249491689553076316,roi:peripheral_only:1249491689553076316:0.450000,0.0494384765625,0.9505615234375,0.10003705075954057,0.8999629492404594,8097.0,0.2547208843589576,0.2015462964773178,0.29060321481380597,2.0,7287.0,0.22464663098668863,0.1910406632692182,0.356388088376561,0.30566506123074916,0.39481268011527376,0.34387319388459275,0.14365343478406442,0.2884670806120423,8.42683985474804,0.06438244307536299,7287.0,0.9869701256975532,0.25406837255427756,0.05974469866071429,1.613774072873854,0.27591221735737204,112.0,0.0910053835983006,0.23198158814861533,10.409329153945443,0.10844148703288187,7287.0,0.9316307865083218,0.24763471516148797,0.06337193080357142,1.7650587317446405,0.29102647201437454,112.0,0.10662241728699,0.24701898615262585,9.721514756048983,0.12615664276157745,7287.0,0.9796159248799086,0.3945961368200789,0.05364118303571429,1.3463198895612447,0.23217581324071349,112.0
socofing:000291:right_little,000291,right_little,409,peripheral_only,0.20,fingerprint_roi,1249491689553076316,roi:peripheral_only:1249491689553076316:0.450000,0.09881591796875,0.90118408203125,0.19995059898727924,0.8000494010127208,8097.0,0.20477599576322633,0.16148978471755981,0.29248996558487234,0.0,6478.0,0.2340228465575795,0.15358199682241974,0.3528866934238963,0.24573119491587161,0.39410311824637234,0.27644759428035554,0.09014527778861552,0.22620752125375512,10.45057018626122,0.13525936329796395,6478.0,0.9450044594705105,0.26829369666700337,0.03865979381443299,1.0931501940937842,0.16169775441154188,97.0,0.06826211919142493,0.20308719952239973,11.658202332144903,0.16658670794520133,6478.0,0.8306801840662956,0.21408461614210203,0.04397551546391753,1.1844182105716674,0.20903279923224036,97.0,0.09014527778861552,0.22620752125375512,10.45057018626122,0.13525936329796395,6478.0,0.9450044594705105,0.26829369666700337,0.03865979381443299,1.0931501940937842,0.16169775441154188,97.0
socofing:000291:right_little,000291,right_little,409,peripheral_only,0.30,fingerprint_roi,1249491689553076316,roi:peripheral_only:1249491689553076316:0.450000,0.14825439453125,0.85174560546875,0.2999876497468198,0.7000123502531802,8097.0,0.2177321781406288,0.17171165347099304,0.25511119168062457,1.0,5668.0,0.18525052928722655,0.1632991336054716,0.29887085391672547,0.2612786137687546,0.33168666196189134,0.2939384404898489,0.10148789112582318,0.2518235707491072,9.93585771848783,0.1250155511974811,5668.0,0.9423106871545315,0.1800734208711566,0.04126257183908046,1.0005278701740357,0.20390847139930912,87.0,0.07207150128303487,0.21786704659913833,11.422364312894262,0.16137685427365417,5668.0,0.8217592090368271,0.24152163606803081,0.04269935344827586,1.2142439470233013,0.19505750306503208,87.0,0.08964358439207488,0.22969249021414742,10.474807865571371,0.1557270296659073,5668.0,0.959449976682663,0.25269977018520356,0.04202586206896552,0.9326122974266298,0.21346767960192004,87.0
socofing:000291:right_little,000291,right_little,409,peripheral_only,0.40,fingerprint_roi,1249491689553076316,roi:peripheral_only:1249491689553076316:0.450000,0.19769287109375,0.80230712890625,0.40002470050636035,0.5999752994936396,8097.0,0.2001125546366782,0.1577719897031784,0.31175170124980167,1.0,4858.0,0.2334293948126801,0.15008441597750866,0.34602717167558666,0.24013506556401384,0.3826677645121449,0.2701519487595156,0.0980853954573092,0.23681195095454075,10.083956526045348,0.18202596212500596,4858.0,0.9834131896495819,0.1888677952356633,0.044867621527777776,1.3211663933556348,0.22120760488205496,72.0,0.06626137765289525,0.19812827559437157,11.787395388610829,0.23772882930253342,4858.0,0.8854715190827847,0.15465118797046318,0.05447048611111111,2.107183147444685,0.25295661092463767,72.0,0.07943297494803646,0.21161235916273366,10.999991718164452,0.2414851824501847,4858.0,0.9087696075439453,0.13300817420985034,0.04210069444444445,1.231285344385575,0.20348319604673837,72.0
socofing:000291:right_little,000291,right_little,409,peripheral_only,0.50,fingerprint_roi,1249491689553076316,roi:peripheral_only:1249491689553076316:0.450000,0.2470703125,0.7529296875,0.49993824873409903,0.5000617512659009,8097.0,0.21353183112988858,0.16772738099098206,0.30415854101274836,1.0,4049.0,0.23413188441590516,0.16014887334741643,0.34872808100765623,0.25623819735586634,0.3872561126204001,0.28826797202534954,0.1141330460356662,0.2570824699204256,9.42588591926713,0.13285248120103657,4049.0,0.9897851347923279,0.1097883275915966,0.026216947115384616,0.42330110089931633,0.09792757166539204,52.0,0.06895605104312938,0.20543755325842966,11.614276175325987,0.20578270336092155,4049.0,0.9242719407193363,0.06598049019416892,0.03545673076923077,0.5860164809020951,0.13447002895334575,52.0,0.07995247421184126,0.2173750659509082,10.971680920187692,0.2475504281432057,4049.0,0.9320983286015689,0.041451231902782076,0.032376802884615384,0.5710614871692219,0.12478953493976162,52.0
socofing:000291:right_little,000291,right_little,409,peripheral_only,0.60,fingerprint_roi,1249491689553076316,roi:peripheral_only:1249491689553076316:0.450000,0.2965087890625,0.7034912109375,0.5999752994936396,0.4000247005063604,8097.0,0.20452101716193394,0.1611240655183792,0.2685729009484793,1.0,3239.0,0.2185859833281877,0.15339076287145045,0.3328187712256869,0.24542522059432076,0.36832355665328803,0.27610337316861083,0.10109474683961504,0.2438803544301366,9.952714109553995,0.1949725397658325,3239.0,0.9626098573207855,0.12047523341709547,0.04296875,0.8732808331797738,0.1606471878765001,44.0,0.0743172573805309,0.21332995482070896,11.28910326012255,0.19582858307340129,3239.0,0.8122997432947159,0.11320155618701847,0.02947443181818182,0.49948861574612485,0.1104218148575144,44.0,0.09906164234115164,0.24002002654830065,10.040944761336256,0.19164850637812206,3239.0,0.9639261942356825,0.10371009655166213,0.03488991477272727,0.6878595124735907,0.13173619691788777,44.0
socofing:000291:right_little,000291,right_little,409,peripheral_only,0.70,fingerprint_roi,1249491689553076316,roi:peripheral_only:1249491689553076316:0.450000,0.345947265625,0.654052734375,0.7000123502531802,0.2999876497468198,8097.0,0.23586000332996582,0.18603157997131348,0.20283307268497577,1.0,2429.0,0.23466447097571017,0.17689500249747436,0.35364347468093865,0.283032003995959,0.39604775627830385,0.31841100449545384,0.10644954982590492,0.25335234910949067,9.728561708488506,0.1895863936308118,2429.0,0.9369423948228359,0.05596475546509646,0.031135110294117647,0.5204926357867068,0.116997377094432,34.0,0.07594954885605391,0.21961506386968077,11.19474801523489,0.25991318627519483,2429.0,0.8179016076028347,0.04123838421266315,0.031939338235294115,0.5988489357182684,0.12024727270060304,34.0,0.09957065141487832,0.24433311562066512,10.018686516046687,0.2442383875651021,2429.0,0.9373622499406338,0.06065770514975526,0.03664981617647059,0.7294507796781253,0.13830044415609988,34.0
socofing:000291:right_little,000291,right_little,409,peripheral_only,0.80,fingerprint_roi,1249491689553076316,roi:peripheral_only:1249491689553076316:0.450000,0.3953857421875,0.6046142578125,0.8000494010127207,0.1999505989872793,8097.0,0.2545399160966329,0.20114122331142426,0.25886959826763045,0.0,1619.0,0.22297714638665844,0.1909049370724747,0.35145151327980234,0.30544789931595956,0.3965410747374923,0.34362888673045444,0.10129515646099473,0.24362075637963873,9.944113204102347,0.24707415792296233,1619.0,0.9282842874526978,0.040577591808144776,0.032670454545454544,0.6653966167013158,0.12939674804990747,22.0,0.08414206419559724,0.23083837649545105,10.74986837960083,0.2518878876725239,1619.0,0.8530571423470974,0.06471718721095605,0.022549715909090908,0.38445969318187373,0.08737190944683317,22.0,0.10129515646099473,0.24362075637963873,9.944113204102347,0.24707415792296233,1619.0,0.9282842874526978,0.040577591808144776,0.032670454545454544,0.6653966167013158,0.12939674804990747,22.0
socofing:000321:left_thumb,000321,left_thumb,490,central_only,0.10,fingerprint_roi,3920024603636307101,roi:central_only:3920024603636307101:0.450000,0.0738525390625,0.9261474609375,0.09999173622014709,0.9000082637798529,12101.0,0.25100815291065115,0.19948165118694305,0.14454707021622787,1.0,10891.0,0.17675144614819577,0.18825611468298836,0.27839500505004133,0.3012097834927814,0.31457166467725645,0.33886100642937905,0.22301369396483234,0.378620840439544,6.5166846865243775,0.06078864598090492,10891.0,0.9999950528144836,0.4231298529535485,0.044947240259740256,1.2271717855623774,0.1823965209629404,154.0,0.16041933877212175,0.31990661966497186,7.947432780982383,0.0812225735612015,10891.0,0.9999909996986389,0.30861026521352,0.04416091720779221,1.1399258333476647,0.17637337187685265,154.0,0.15230177497205868,0.2994707650372461,8.172950352320553,0.0728445613924571,10891.0,0.9999967813491821,0.38682668335088927,0.04312094155844156,1.0653832306285427,0.1725822608150448,154.0
socofing:000321:left_thumb,000321,left_thumb,490,central_only,0.20,fingerprint_roi,3920024603636307101,roi:central_only:3920024603636307101:0.450000,0.147705078125,0.852294921875,0.19998347244029419,0.8000165275597058,12101.0,0.26284471660204933,0.2096337229013443,0.22997713878454304,2.0,9681.0,0.22415039768618944,0.197133537451537,0.34634851771511205,0.31541365992245923,0.38663361223014153,0.3548403674127666,0.16928088220575796,0.31596090319712555,7.713920863173195,0.057747133578470944,9681.0,0.9999881982803345,0.2816936789244156,0.05572916666666667,2.148103820028869,0.22576450534582848,135.0,0.11443393375109676,0.2637548085359643,9.414451726096354,0.10282942990232624,9681.0,0.9994967579841614,0.2525935226096537,0.03851273148148148,0.75344209479012,0.15722241660321062,135.0,0.14104768579545907,0.2875679014355014,8.506340350279846,0.1385912070127428,9681.0,0.9999342560768127,0.3257973797843098,0.039467592592592596,0.8018607961882822,0.16083973902770665,135.0
socofing:000321:left_thumb,000321,left_thumb,490,central_only,0.30,fingerprint_roi,3920024603636307101,roi:central_only:3920024603636307101:0.450000,0.2215576171875,0.7784423828125,0.2999752086604413,0.7000247913395587,12101.0,0.205234315065305,0.16270418465137482,0.24658268156602503,1.0,8471.0,0.1939558493684335,0.15392573629897877,0.2952425923739818,0.24628117807836605,0.33089363711486247,0.2770663253381618,0.13346648287469634,0.2755921633921589,8.746277839635315,0.10958442968511098,8471.0,0.9995086789131165,0.2754279134729198,0.04549632352941176,1.312971594781837,0.1810395159528967,119.0,0.09592088807264905,0.23537596870154268,10.180868090244537,0.12192200606204708,8471.0,0.9764705877751112,0.22782877070647126,0.04529936974789916,1.120250835205955,0.176800559151439,119.0,0.11325734341288311,0.25067630942359875,9.459336294890822,0.11113232204680741,8471.0,0.996720552444458,0.21778714653238396,0.04044117647058824,0.9834333570850898,0.15976908941124182,119.0
socofing:000321:left_thumb,000321,left_thumb,490,central_only,0.40,fingerprint_roi,3920024603636307101,roi:central_only:3920024603636307101:0.450000,0.29541015625,0.70458984375,0.39996694488058837,0.6000330551194116,12101.0,0.2156488174977986,0.17138493061065674,0.2907966545485317,1.0,7261.0,0.21484643988431346,0.16173661312334894,0.33397603635862827,0.25877858099735834,0.3737777165679658,0.29112590362202806,0.11147913706624914,0.245329952204474,9.528064017170465,0.1746891933125957,7261.0,0.9989478588104248,0.2575983225288403,0.04021843112244898,0.8197125521445359,0.15597980415239723,98.0,0.07666298756335185,0.20939971743053712,11.154142602578183,0.19260354739165242,7261.0,0.9764705877751112,0.2848633064302152,0.04157366071428571,0.8946107625007352,0.16129250096695993,98.0,0.10226927594945762,0.24039663159075678,9.902548187778402,0.15162161554033232,7261.0,0.9792736172676086,0.28822755947834666,0.04432397959183673,1.0332496592930427,0.17288833822830404,98.0
socofing:000321:left_thumb,000321,left_thumb,490,central_only,0.50,fingerprint_roi,3920024603636307101,roi:central_only:3920024603636307101:0.450000,0.3692626953125,0.6307373046875,0.4999586811007355,0.5000413188992645,12101.0,0.2193867811610047,0.1736806333065033,0.36608535218120397,2.0,6051.0,0.2153363080482565,0.16454008587075353,0.33151545199140636,0.26326413739320564,0.3691951743513469,0.29617215456735635,0.09495660786879039,0.22387207600061382,10.22474808061249,0.22482248946618769,6051.0,0.9970930814743042,0.17565089695846145,0.044384057971014496,0.8555097337228418,0.16869081273633457,69.0,0.06606368412429127,0.19771755606578173,11.800372109922181,0.22387032588017772,6051.0,0.9764705877751112,0.23523166728397302,0.04891304347826087,1.1804203335711136,0.18571220587953802,69.0,0.09004428730950889,0.22121651922501137,10.455438349672278,0.20322486565957817,6051.0,0.9764705877751112,0.2178344857386947,0.043478260869565216,1.0847040387720202,0.16584240749045667,69.0
socofing:000321:left_thumb,000321,left_thumb,490,central_only,0.60,fingerprint_roi,3920024603636307101,roi:central_only:3920024603636307101:0.450000,0.44317626953125,0.55682373046875,0.6000330551194116,0.39996694488058837,12101.0,0.22051101265367398,0.17445603013038635,0.32370567900126085,2.0,4840.0,0.19070247933884296,0.16538325949025548,0.29855371900826444,0.2646132151844088,0.33512396694214874,0.29768986708245987,0.09328874522391864,0.23074195749869122,10.30170748343358,0.2622190787733864,4840.0,0.9817123408429325,0.22375588187978968,0.04178503787878788,0.8170715573508972,0.15808870370878103,33.0,0.07339068732392993,0.21037497001378758,11.343590449943042,0.2594514096694716,4840.0,0.9764705877751112,0.21770470871230108,0.042021780303030304,1.2392914031779838,0.1614949809559598,33.0,0.08802649612048477,0.21859142565253106,10.55386584816721,0.23507208003716765,4840.0,0.9978855848312378,0.19135097012327903,0.04142992424242424,0.955824784045135,0.16271170240400523,33.0
socofing:000321:left_thumb,000321,left_thumb,490,central_only,0.70,fingerprint_roi,3920024603636307101,roi:central_only:3920024603636307101:0.450000,0.51702880859375,0.48297119140625,0.7000247913395587,0.29997520866044125,12101.0,0.21658384487429708,0.17176447808742523,0.3937389121682845,1.0,3630.0,0.19035812672176308,0.16243788365572281,0.2909090909090909,0.25990061384915647,0.33140495867768593,0.292388190580301,0.10916281586307243,0.24111263333824937,9.6192527019872,0.2982081858371263,3630.0,0.9978605508804321,0.14132901585227356,0.028645833333333332,0.4905837053448459,0.11836147017986114,18.0,0.06884580270266731,0.20228422455516576,11.621225320757036,0.3105164738871499,3630.0,0.9764705877751112,0.24541448733317514,0.03797743055555555,0.9664305906078883,0.15105881636874535,18.0,0.08024353669778238,0.20883573782014514,10.955899382318808,0.31262817356840844,3630.0,0.9764705877751112,0.2630254033164517,0.037543402777777776,0.6996609533912465,0.14600322719079686,18.0
socofing:000321:left_thumb,000321,left_thumb,490,central_only,0.80,fingerprint_roi,3920024603636307101,roi:central_only:3920024603636307101:0.450000,0.59088134765625,0.40911865234375,0.8000165275597058,0.19998347244029424,12101.0,0.23531010209200467,0.18609336018562317,0.4284630644962176,0.0,2420.0,0.23677685950413224,0.1764825765690035,0.35165289256198345,0.2823721225104056,0.39090909090909093,0.3176686378242063,0.06908170875673274,0.19175324258471507,11.60636928567784,0.33675248136369906,2420.0,0.9061350207775831,0.20205475609550902,0.0419921875,0.8567772133773754,0.165210310879257,12.0,0.0573840150120115,0.18393760078070948,12.41209068558495,0.33631035414883553,2420.0,0.7987332921475172,0.2753259118968576,0.0458984375,1.207355085671345,0.17944782994105327,12.0,0.06908170875673274,0.19175324258471507,11.60636928567784,0.33675248136369906,2420.0,0.9061350207775831,0.20205475609550902,0.0419921875,0.8567772133773754,0.165210310879257,12.0
socofing:000321:left_thumb,000321,left_thumb,490,peripheral_only,0.10,fingerprint_roi,1035706332756943043,roi:peripheral_only:1035706332756943043:0.450000,0.0738525390625,0.9261474609375,0.09999173622014709,0.9000082637798529,12101.0,0.25656229116384477,0.20270797610282898,0.25317595612847044,2.0,10891.0,0.20998989991736297,0.19242171837288358,0.33045634009732805,0.30787474939661374,0.3708566706454871,0.34635909307119045,0.16162849699475393,0.31565610292939633,7.914820656128941,0.12305844275698803,10891.0,0.9997543096542358,0.18087967113204712,0.04309006211180124,0.8996164181772566,0.16752575902354155,161.0,0.08989838007122693,0.24135998433653616,10.462481339894163,0.13366376320289358,10891.0,0.9278832003474236,0.14812238021969126,0.040154309006211183,0.7863319403861325,0.15529169664379622,161.0,0.11139759748435431,0.25470807632796016,9.531241755046512,0.11394276112279168,10891.0,0.9797983150929213,0.22998014131624755,0.045904503105590064,0.935445410168698,0.17949414133922664,161.0
socofing:000321:left_thumb,000321,left_thumb,490,peripheral_only,0.20,fingerprint_roi,1035706332756943043,roi:peripheral_only:1035706332756943043:0.450000,0.147705078125,0.852294921875,0.19998347244029419,0.8000165275597058,12101.0,0.2532875782361566,0.19966167211532593,0.26567251586878626,1.0,9681.0,0.22404710257204835,0.18996568367711744,0.3450056812312778,0.3039450938833879,0.3873566780291292,0.3419382306188114,0.13814743471939833,0.28727758093219985,8.596571751524905,0.12525784678864607,9681.0,0.9978474378585815,0.18183981708812452,0.04233530405405406,0.8787457488546606,0.16144722230044248,148.0,0.08506247500647009,0.23199759868118577,10.702619850593935,0.14377975923178993,9681.0,0.9058823511004448,0.1573124904144808,0.042810388513513514,0.9501581132875485,0.16321265571405807,148.0,0.11144216530959189,0.2507907461816369,9.529504582058486,0.11988200410250306,9681.0,0.9812450408935547,0.21765435252541265,0.04080447635135135,0.8793887287186161,0.16015364480244615,148.0
socofing:000321:left_thumb,000321,left_thumb,490,peripheral_only,0.30,fingerprint_roi,1035706332756943043,roi:peripheral_only:1035706332756943043:0.450000,0.2215576171875,0.7784423828125,0.2999752086604413,0.7000247913395587,12101.0,0.24487483054862716,0.19388894736766815,0.2357269269796154,1.0,8471.0,0.21426041789635225,0.18365612291147035,0.3292409396765435,0.2938497966583526,0.3680793294770393,0.33058102124064664,0.1366105456289214,0.2888433805970525,8.645157740683109,0.13283123895287735,8471.0,0.9927424187771976,0.22099496198060967,0.044537168560606064,0.9044461999123969,0.174102904929333,132.0,0.08729465174627925,0.23536127585453864,10.590123632615535,0.17027886858849886,8471.0,0.9210378490388393,0.1295425272793137,0.038263494318181816,0.8641622763089968,0.14971603938241795,132.0,0.11552127662226594,0.2578507418206208,9.373380203722368,0.1674098417201641,8471.0,0.9822230339050293,0.1411800835192514,0.036517518939393936,0.7566621241262494,0.14104061542423585,132.0
socofing:000321:left_thumb,000321,left_thumb,490,peripheral_only,0.40,fingerprint_roi,1035706332756943043,roi:peripheral_only:1035706332756943043:0.450000,0.29541015625,0.70458984375,0.39996694488058837,0.6000330551194116,12101.0,0.233174719665134,0.1841345578432083,0.2757268774498199,0.0,7261.0,0.2076848918881697,0.17488103974885053,0.31868888582839827,0.2798096635981609,0.3567001790386999,0.314785871547931,0.10249164093691908,0.24281201851398374,9.893115535643886,0.1579922557641022,7261.0,0.9567463360726833,0.17404669196671535,0.037562779017857144,0.7392180581260729,0.14763735642020057,112.0,0.08193019418450283,0.22781565946668333,10.865560158087586,0.16015389580894826,7261.0,0.9021259509027004,0.159856133152082,0.040248325892857144,0.7876692810989849,0.15673745510123144,112.0,0.10249164093691908,0.24281201851398374,9.893115535643886,0.1579922557641022,7261.0,0.9567463360726833,0.17404669196671535,0.037562779017857144,0.7392180581260729,0.14763735642020057,112.0
socofing:000321:left_thumb,000321,left_thumb,490,peripheral_only,0.50,fingerprint_roi,1035706332756943043,roi:peripheral_only:1035706332756943043:0.450000,0.3692626953125,0.6307373046875,0.4999586811007355,0.5000413188992645,12101.0,0.24676976069362277,0.1952395886182785,0.297192388919299,2.0,6051.0,0.22971409684349695,0.18507732052021708,0.36208891092381423,0.29612371283234734,0.4070401586514626,0.33313917693639067,0.11327326022862703,0.25330844967367616,9.45872599454753,0.20695028917101865,6051.0,0.9993495941162109,0.22890998158369996,0.0344498005319149,0.7130292338193419,0.13452337575379486,94.0,0.07486632998749658,0.21607253920142833,11.2571345584277,0.2598908159887708,6051.0,0.9265667195431888,0.12757820039568535,0.030585106382978722,0.5862435483950816,0.12028339349567842,94.0,0.10946014999913434,0.24923649890603194,9.60743961056005,0.23242050991427873,6051.0,0.9879864444956183,0.12116290810948598,0.03303690159574468,0.6157938442335104,0.12932151406646175,94.0
socofing:000321:left_thumb,000321,left_thumb,490,peripheral_only,0.60,fingerprint_roi,1035706332756943043,roi:peripheral_only:1035706332756943043:0.450000,0.44317626953125,0.55682373046875,0.6000330551194116,0.39996694488058837,12101.0,0.23934175428772764,0.18948465585708618,0.2949553288835405,2.0,4840.0,0.24194214876033057,0.1795063157157957,0.35888429752066114,0.2872101051452732,0.4012396694214876,0.32311136828843223,0.12582340408294557,0.27060245401851357,9.002385693938935,0.20460655916990947,4840.0,0.9812920093536377,0.12917919554058538,0.0347900390625,0.6462341875572611,0.13623317009623745,64.0,0.0764117973352534,0.21500492988944184,11.168395848527464,0.27789729201936436,4840.0,0.9112069606781006,0.10631526208353419,0.03887939453125,0.7412387543139767,0.151901765057959,64.0,0.09955449541359623,0.23673637623712035,10.019391244940408,0.24964378089009961,4840.0,0.9972256422042847,0.08835737999769688,0.0426025390625,0.8646381969035958,0.16444607080596352,64.0
socofing:000321:left_thumb,000321,left_thumb,490,peripheral_only,0.70,fingerprint_roi,1035706332756943043,roi:peripheral_only:1035706332756943043:0.450000,0.51702880859375,0.48297119140625,0.7000247913395587,0.29997520866044125,12101.0,0.25103243912328155,0.19921943545341492,0.20530489910980443,1.0,3630.0,0.23911845730027548,0.18827432934246116,0.3650137741046832,0.30123892694793786,0.4090909090909091,0.33889379281643,0.12490142275923116,0.26929884125688947,9.034326145244721,0.14605537970410448,3630.0,0.976906955242157,0.06917832345287331,0.03480902777777778,0.6448655851629084,0.13484235047961718,45.0,0.08589430652473358,0.22990441593462113,10.660356222786351,0.22338479182545076,3630.0,0.8875511288642883,0.08010873785352592,0.03185763888888889,0.5763698380427729,0.12194145891903672,45.0,0.10308172355834833,0.24385854960906705,9.868183285221608,0.243846908880129,3630.0,0.9608873119577765,0.14583724039305207,0.03819444444444445,0.7402282809635534,0.14498839886612364,45.0
socofing:000321:left_thumb,000321,left_thumb,490,peripheral_only,0.80,fingerprint_roi,1035706332756943043,roi:peripheral_only:1035706332756943043:0.450000,0.59088134765625,0.40911865234375,0.8000165275597058,0.19998347244029424,12101.0,0.22770248631800502,0.1807803511619568,0.24853460529833057,0.0,2420.0,0.2206611570247934,0.17077686473850376,0.3466942148760331,0.27324298358160604,0.384297520661157,0.30739835652930675,0.10359152996862975,0.24146964441588503,9.846757526821468,0.26550222536154255,2420.0,0.9469919796101749,0.13339921617220915,0.03414351851851852,0.6158939042361493,0.12789384569148943,27.0,0.07842232041118402,0.21792297032238409,11.055603116549914,0.28543648289553564,2420.0,0.9245752021670341,0.12340697856172879,0.036313657407407406,0.6573395849104307,0.1367108418420957,27.0,0.10359152996862975,0.24146964441588503,9.846757526821468,0.26550222536154255,2420.0,0.9469919796101749,0.13339921617220915,0.03414351851851852,0.6158939042361493,0.12789384569148943,27.0
socofing:000406:left_middle,000406,left_middle,572,central_only,0.10,fingerprint_roi,2363942618443027508,roi:central_only:2363942618443027508:0.450000,0.0640869140625,0.9359130859375,0.09996191926884997,0.90003808073115,10504.0,0.29721037445498083,0.2355278581380844,0.1128344013893963,0.0,9454.0,0.2168394330442141,0.22290778084123566,0.33816374021578166,0.35665244934597706,0.3838586841548551,0.40123400551422417,0.17452455543064188,0.3257605553310016,7.581434596058557,0.0655170425341229,9454.0,0.9999988079071045,0.7239691526256202,0.0658684329710145,2.5237538322761197,0.5366225429209291,138.0,0.12719861231012328,0.28863755512074535,8.955176266541416,0.06885666447205131,9454.0,0.9942550659179688,0.6147628954483618,0.07189764492753623,2.6112808442949955,0.5901252165120091,138.0,0.17452455543064188,0.3257605553310016,7.581434596058557,0.0655170425341229,9454.0,0.9999988079071045,0.7239691526256202,0.0658684329710145,2.5237538322761197,0.5366225429209291,138.0
socofing:000406:left_middle,000406,left_middle,572,central_only,0.20,fingerprint_roi,2363942618443027508,roi:central_only:2363942618443027508:0.450000,0.12823486328125,0.87176513671875,0.20001904036557502,0.799980959634425,10504.0,0.24611810541213483,0.1961764246225357,0.11877859950843506,0.0,8403.0,0.17065333809353803,0.18458857905910112,0.26692847792455077,0.2953417264945618,0.30286802332500296,0.332259442306382,0.1654474727817561,0.3162770487059883,7.813398623229283,0.07057419175338463,8403.0,1.0,0.7538538767807087,0.0689453125,3.4050262963689257,0.5505238846012245,120.0,0.14145418969198073,0.303537048188424,8.493841847700068,0.08349723911701223,8403.0,1.0,0.7072786940161216,0.07327473958333333,3.3627673377795113,0.5800963151925477,120.0,0.1654474727817561,0.3162770487059883,7.813398623229283,0.07057419175338463,8403.0,1.0,0.7538538767807087,0.0689453125,3.4050262963689257,0.5505238846012245,120.0
socofing:000406:left_middle,000406,left_middle,572,central_only,0.30,fingerprint_roi,2363942618443027508,roi:central_only:2363942618443027508:0.450000,0.19232177734375,0.80767822265625,0.299980959634425,0.700019040365575,10504.0,0.18139103582576663,0.14363403618335724,0.0013002702343660377,2.0,7353.0,0.1453828369373045,0.13604327686932496,0.21433428532571738,0.21766924299091997,0.2422140622875017,0.24487789836478493,0.19137756397349098,0.34244812186357754,7.181089778112283,0.07317369648715355,7353.0,1.0,0.7277418457417302,0.09375,6.228288875588598,0.6517877387235279,99.0,0.15919629275610378,0.31512020343717545,7.980670500048429,0.0808324007685906,7353.0,1.0,0.7289933306322851,0.08546875,5.13472862285103,0.6539871102623255,100.0,0.17440569283786966,0.32726718972124363,7.58439343212385,0.06386790258437064,7353.0,1.0,0.7492673342810546,0.0843359375,5.046238744456649,0.6381249340605708,100.0
socofing:000406:left_middle,000406,left_middle,572,central_only,0.40,fingerprint_roi,2363942618443027508,roi:central_only:2363942618443027508:0.450000,0.2564697265625,0.7435302734375,0.40003808073115005,0.5999619192688499,10504.0,0.22793463840063924,0.18177048861980438,0.15614659382281448,2.0,6302.0,0.1734370041256744,0.17095097880047944,0.26229768327515074,0.2735215660807671,0.293557600761663,0.307711761840863,0.17248823270141844,0.3240851147736679,7.632405275307499,0.05791099943445084,6302.0,0.9996705055236816,0.6328838932731877,0.07036323051948051,3.149131911742619,0.6290529668967392,77.0,0.1306936072418536,0.28558998289439735,8.837456550169083,0.07583343130729013,6302.0,0.9704097416251898,0.5212133763706818,0.06833400974025974,2.9916538148673966,0.6162440919457695,77.0,0.14546937525358428,0.29510209619539624,8.372284263226021,0.08999152651779223,6302.0,0.9975914657115936,0.5255182212207983,0.07224025974025974,3.047083395470404,0.6743926525942664,77.0
socofing:000406:left_middle,000406,left_middle,572,central_only,0.50,fingerprint_roi,2363942618443027508,roi:central_only:2363942618443027508:0.450000,0.320556640625,0.679443359375,0.5,0.5,10504.0,0.2619864357080699,0.2086959332227707,0.271734878448805,0.0,5252.0,0.2063975628332064,0.19648982678105245,0.30902513328255904,0.31438372284968397,0.3480578827113481,0.35368168820589435,0.13408289220820713,0.27461378729250707,8.726266307505092,0.08765880808705534,5252.0,0.9995854496955872,0.5213557549886586,0.06399147727272728,2.988201895159281,0.5908645899489312,55.0,0.10853208711787313,0.25940398133073644,9.644418452433303,0.11351356900702737,5252.0,0.9796343743801117,0.5208738657207713,0.07791193181818182,3.574776705393974,0.7014891561174301,55.0,0.13408289220820713,0.27461378729250707,8.726266307505092,0.08765880808705534,5252.0,0.9995854496955872,0.5213557549886586,0.06399147727272728,2.988201895159281,0.5908645899489312,55.0
socofing:000406:left_middle,000406,left_middle,572,central_only,0.60,fingerprint_roi,2363942618443027508,roi:central_only:2363942618443027508:0.450000,0.3846435546875,0.6153564453125,0.59996191926885,0.40003808073115,10504.0,0.22577124416553915,0.17881198227405548,0.41776668601885525,2.0,4202.0,0.18158019990480723,0.16932843312415435,0.2765349833412661,0.270925492998647,0.30961446930033315,0.30479117962347785,0.13337380333800916,0.2680436951617601,8.74929464145024,0.16893864779786383,4202.0,0.9911120533943176,0.4090901517665614,0.06875,3.36158957422765,0.6591589481157969,40.0,0.1069972125728819,0.2498764583303716,9.706275361464202,0.1818408670191848,4202.0,0.9866094784811139,0.4489192459133695,0.05576171875,3.2178905098136483,0.5574558188646204,40.0,0.1255238986977392,0.2641186464390851,9.012735802829756,0.14339424986350227,4202.0,0.9955409467220306,0.46092620625916664,0.06904296875,3.5774723318534,0.7260277768339443,40.0
socofing:000406:left_middle,000406,left_middle,572,central_only,0.70,fingerprint_roi,2363942618443027508,roi:central_only:2363942618443027508:0.450000,0.44879150390625,0.55120849609375,0.700019040365575,0.29998095963442495,10504.0,0.20588149500311867,0.1648981273174286,0.38529631427198924,1.0,3151.0,0.23706759758806728,0.154411121252339,0.35988575055537925,0.24705779400374234,0.39606474135195174,0.27794001825421016,0.10239886940792463,0.22486146463711384,9.8970483840521,0.12210642746669101,3151.0,0.9989827871322632,0.37790746785333473,0.06685697115384616,3.3121833700267613,0.6593712201697536,26.0,0.06886771936122907,0.1924354468255949,11.619842989695737,0.16772047878156282,3151.0,0.9614107590168715,0.39498980224803637,0.05318509615384615,2.941513696359996,0.507716080349229,26.0,0.08267321275421244,0.2028551049421443,10.826351849763789,0.17586278570877736,3151.0,0.9791192393749952,0.37897943390841415,0.05318509615384615,3.0659024678944626,0.47740420810870005,26.0
socofing:000406:left_middle,000406,left_middle,572,central_only,0.80,fingerprint_roi,2363942618443027508,roi:central_only:2363942618443027508:0.450000,0.51287841796875,0.48712158203125,0.799980959634425,0.20001904036557505,10504.0,0.17428187230418982,0.14188431203365326,0.32252084599319103,2.0,2101.0,0.2527367920038077,0.13071140422814237,0.364588291289862,0.2091382467650278,0.393146120894812,0.23528052761065626,0.1004353484923211,0.21120186898345814,9.981134091699497,0.17345792429091547,2101.0,0.9984608888626099,0.5195009116696402,0.07942708333333333,4.211066395759159,0.714119878068492,9.0,0.07688170122835829,0.1882775421622256,11.141770152209629,0.1903885351344651,2101.0,0.9829516997560859,0.6058838231925343,0.08246527777777778,4.106977872274295,0.9072121637075435,9.0,0.08639216153205025,0.1965272246992064,10.635256598105315,0.20024499867405476,2101.0,0.9947445983998477,0.5153235704574052,0.08854166666666667,4.360463466234553,0.8385813521197789,9.0
socofing:000406:left_middle,000406,left_middle,572,peripheral_only,0.10,fingerprint_roi,8057414572537050825,roi:peripheral_only:8057414572537050825:0.450000,0.0640869140625,0.9359130859375,0.09996191926884997,0.90003808073115,10504.0,0.2042405096043418,0.16159147024154663,0.25860383781362317,1.0,9454.0,0.19420351174106198,0.15318038220325636,0.2892955362809393,0.24508861152521014,0.3243071715675904,0.27572468796586136,0.1331551717664356,0.2813307489544805,8.756419608359655,0.08226122007874627,9454.0,0.9921162119135261,0.6038775092238778,0.06397508741258741,2.5233045149218176,0.5060334332567423,143.0,0.09929342920160927,0.24505608761816097,10.030794902347502,0.09460613569915033,9454.0,0.9780237656086683,0.5062898050524292,0.0715417395104895,2.7544745325884166,0.5434932941845958,143.0,0.12346709166712035,0.2646673818752591,9.084487817715841,0.069658753927679,9454.0,0.9964905977249146,0.5150730683974343,0.06400240384615384,2.493073345190808,0.4939913759654836,143.0
socofing:000406:left_middle,000406,left_middle,572,peripheral_only,0.20,fingerprint_roi,8057414572537050825,roi:peripheral_only:8057414572537050825:0.450000,0.12823486328125,0.87176513671875,0.20001904036557502,0.799980959634425,10504.0,0.230501398366741,0.18238914012908936,0.1918121619029922,1.0,8403.0,0.1920742591931453,0.17287604877505575,0.29156253718909914,0.27660167804008917,0.3267880518862311,0.31117688779510033,0.14121529230427152,0.2900377301561092,8.501182706797621,0.05200688871746242,8403.0,0.9976037740707397,0.4166600253806436,0.058010727611940295,2.145149702627496,0.42094762590297224,134.0,0.10920939120082983,0.261671156283988,9.617400139084667,0.07720198381489159,8403.0,0.939659595489502,0.4310694759975599,0.061771222014925374,2.1875398134702113,0.43820400081612415,134.0,0.13222000352950053,0.2788877532508534,8.787028355819324,0.07228390474455018,8403.0,0.9989538192749023,0.475936983979767,0.06465718283582089,2.235430705607896,0.4637266198715245,134.0
socofing:000406:left_middle,000406,left_middle,572,peripheral_only,0.30,fingerprint_roi,8057414572537050825,roi:peripheral_only:8057414572537050825:0.450000,0.19232177734375,0.80767822265625,0.299980959634425,0.700019040365575,10504.0,0.21835274223544407,0.17210370302200317,0.31759056530638863,2.0,7353.0,0.18115055079559364,0.16376455667658305,0.2808377532979736,0.2620232906825329,0.31402148782809736,0.2947762020178495,0.14287164476783146,0.289396259951379,8.450539555532764,0.08467499908129787,7353.0,0.9996726512908936,0.39707344327387045,0.06527549342105263,2.2822819021567455,0.45485329211282755,114.0,0.08929639552446039,0.23588211644480406,10.491660711834644,0.12863717699119337,7353.0,0.9934115409851074,0.44283315343364993,0.0576343201754386,2.1522923487650076,0.4183081103659679,114.0,0.09900468643615738,0.24295471634268184,10.04344247370214,0.1300911710143032,7353.0,0.992129921913147,0.4321457367118496,0.06116365131578947,2.168786237101174,0.44625228725646676,114.0
socofing:000406:left_middle,000406,left_middle,572,peripheral_only,0.40,fingerprint_roi,8057414572537050825,roi:peripheral_only:8057414572537050825:0.450000,0.2564697265625,0.7435302734375,0.40003808073115005,0.5999619192688499,10504.0,0.21613764780848718,0.1702774316072464,0.36567039412979957,0.0,6302.0,0.1637575372897493,0.16210323585636538,0.25325293557600764,0.2593651773701846,0.28498889241510633,0.2917858245414577,0.10380471210553918,0.24606865519483054,9.837829316996507,0.1447830093378917,6302.0,0.9867926826700568,0.37057200064429896,0.053431919642857144,1.7850307148315796,0.38808435911767425,84.0,0.10496600739790127,0.2560664171878939,9.789513217841606,0.12938611657439084,6302.0,0.9490047683939338,0.35286896314042565,0.059384300595238096,1.9251322668927284,0.40523842222487505,84.0,0.10380471210553918,0.24606865519483054,9.837829316996507,0.1447830093378917,6302.0,0.9867926826700568,0.37057200064429896,0.053431919642857144,1.7850307148315796,0.38808435911767425,84.0
socofing:000406:left_middle,000406,left_middle,572,peripheral_only,0.50,fingerprint_roi,8057414572537050825,roi:peripheral_only:8057414572537050825:0.450000,0.320556640625,0.679443359375,0.5,0.5,10504.0,0.22442130689982323,0.1774255484342575,0.20996659611877663,2.0,5252.0,0.1747905559786748,0.1683159801748674,0.26808834729626807,0.26930556827978785,0.3036938309215537,0.3029687643147614,0.13259001034905094,0.2863067529011399,8.77489195491682,0.11233766837018029,5252.0,0.9931166172027588,0.3488405577897571,0.061764039855072464,1.952106343594063,0.4211572739851673,69.0,0.10036891127004331,0.255324306115274,9.984007867396803,0.1339229286300653,5252.0,0.9183747172355652,0.37472078169126716,0.06046195652173913,1.9177471909024684,0.3995034972346967,69.0,0.11214124694764728,0.2586352605961748,9.502346191000925,0.1413686453043195,5252.0,0.9882103204727173,0.41977578575813485,0.06227355072463768,2.0222863472555135,0.39633752226332286,69.0
socofing:000406:left_middle,000406,left_middle,572,peripheral_only,0.60,fingerprint_roi,8057414572537050825,roi:peripheral_only:8057414572537050825:0.450000,0.3846435546875,0.6153564453125,0.59996191926885,0.40003808073115,10504.0,0.2195263741301219,0.17379502952098846,0.2567058005510826,1.0,4202.0,0.18277010947168015,0.16464478059759144,0.27796287482151355,0.2634316489561463,0.306282722513089,0.2963606050756646,0.15754840080595073,0.3060842573541664,8.025860007710094,0.13045278678370878,4202.0,0.9998286962509155,0.6065512562665218,0.06544811320754718,2.104731120747102,0.4750412119706168,53.0,0.10859801197424608,0.2617271994391296,9.641781249913475,0.15131541356203793,4202.0,0.9561388492584229,0.45271631366563364,0.06647995283018868,2.123073514200489,0.46727046846414433,53.0,0.12858706609210538,0.27805404195376715,8.908027126506566,0.1389687316954818,4202.0,0.9928752183914185,0.5758379571099314,0.06316332547169812,1.9438375719604937,0.4116766297774035,53.0
socofing:000406:left_middle,000406,left_middle,572,peripheral_only,0.70,fingerprint_roi,8057414572537050825,roi:peripheral_only:8057414572537050825:0.450000,0.44879150390625,0.55120849609375,0.700019040365575,0.29998095963442495,10504.0,0.24045590756999544,0.1899666041135788,0.2596241104398545,0.0,3151.0,0.17772135829895272,0.18034193067749657,0.2830847350047604,0.2885470890839945,0.32338940019041573,0.3246154752194938,0.1274962054589133,0.27357429897212265,8.945027405067176,0.11826885817672554,3151.0,0.9845897555351257,0.47937944887442296,0.05888671875,1.7808433789044735,0.36627399141536354,40.0,0.10708416085197964,0.26031508416874954,9.702747622521265,0.13226918857089334,3151.0,0.9481965298764408,0.4147086282659588,0.06416015625,1.9053024308762179,0.38766072936000623,40.0,0.1274962054589133,0.27357429897212265,8.945027405067176,0.11826885817672554,3151.0,0.9845897555351257,0.47937944887442296,0.05888671875,1.7808433789044735,0.36627399141536354,40.0
socofing:000406:left_middle,000406,left_middle,572,peripheral_only,0.80,fingerprint_roi,8057414572537050825,roi:peripheral_only:8057414572537050825:0.450000,0.51287841796875,0.48712158203125,0.799980959634425,0.20001904036557505,10504.0,0.2545795431122711,0.20097023248672485,0.3163948868144822,2.0,2101.0,0.17087101380295097,0.1909346573342033,0.28272251308900526,0.3054954517347253,0.31984769157544024,0.3436823832015659,0.16225975949254948,0.3081561940722611,7.897891720851229,0.16343234840047455,2101.0,0.9974034428596497,0.7147912527445447,0.0625,2.0562936465664854,0.3838460569047974,26.0,0.10238362700358472,0.2573291574352585,9.897694893614585,0.18387242762719444,2101.0,0.9024146199226379,0.8076749607072872,0.06310096153846154,1.9225963410229174,0.41242138769575704,26.0,0.1288969801309549,0.27605020779999295,8.897572574163847,0.1265597499455848,2101.0,0.9911026954650879,0.8192398923342733,0.06986177884615384,2.071953301562102,0.4623030899882572,26.0
socofing:000449:left_little,000449,left_little,654,central_only,0.10,fingerprint_roi,13884670362483934691,roi:central_only:13884670362483934691:0.450000,0.0543212890625,0.9456787109375,0.0999550763701707,0.9000449236298294,8904.0,0.2827304226543332,0.2229568213224411,0.1113824434518337,1.0,8014.0,0.27464437234839034,0.2120478169907499,0.43760918392812576,0.3392765071851998,0.4830296980284502,0.3816860705833498,0.1118238675657455,0.2662085324064704,9.514654912097486,0.08173208785453642,8014.0,0.9951050579547882,0.41678019990209086,0.07626793032786885,2.571886141872413,0.5590301021302371,122.0,0.06891399551808111,0.21407913031125786,11.61692569688401,0.09780792879197198,8014.0,0.7964090704917908,0.4036887003657868,0.07950179303278689,2.7328624486679485,0.5850412971535685,122.0,0.11000324389126107,0.26210522545687065,9.585945077208457,0.06246922152885014,8014.0,0.9927162528038025,0.40227008775281003,0.07732453893442623,2.6178612957380683,0.6012443984080709,122.0
socofing:000449:left_little,000449,left_little,654,central_only,0.20,fingerprint_roi,13884670362483934691,roi:central_only:13884670362483934691:0.450000,0.10870361328125,0.89129638671875,0.20002246181491465,0.7999775381850853,8904.0,0.3172870280115721,0.25063812732696533,0.11716092298409755,0.0,7123.0,0.3182647760774954,0.2379652710086791,0.4982451214375965,0.3807444336138866,0.5445739154850484,0.42833748781562236,0.09395691868928835,0.24586182477290788,10.27071234318675,0.08009362947027937,7123.0,0.9756805598735809,0.4887637603162302,0.08210358796296297,2.9257757564224067,0.6022689978314486,108.0,0.06092004414421478,0.20381530588010288,12.152397906350439,0.11869759090944827,7123.0,0.7910280227661133,0.36822327293838586,0.08568431712962964,2.9343522246887264,0.6112666897404722,108.0,0.09395691868928835,0.24586182477290788,10.27071234318675,0.08009362947027937,7123.0,0.9756805598735809,0.4887637603162302,0.08210358796296297,2.9257757564224067,0.6022689978314486,108.0
socofing:000449:left_little,000449,left_little,654,central_only,0.30,fingerprint_roi,13884670362483934691,roi:central_only:13884670362483934691:0.450000,0.16302490234375,0.83697509765625,0.2999775381850854,0.7000224618149147,8904.0,0.3198367064091871,0.25308212637901306,0.08290740228896436,2.0,6233.0,0.37943205519011713,0.2398775298068903,0.5435584790630515,0.3838040476910245,0.581421466388577,0.43177955365240256,0.12513586217275974,0.28021256370087716,9.02618209796792,0.09575173233571894,6233.0,0.9971075654029846,0.5012325934466583,0.08153161337209303,3.021767409327845,0.6302862844751316,86.0,0.06201814999205977,0.19465783709996662,12.074811929555656,0.11784198739909216,6233.0,0.8723661303520203,0.3765973857049074,0.08180414244186046,2.973142749516455,0.6357489832911523,86.0,0.09506804641035867,0.24540385257733036,10.219654304817322,0.0534324393680958,6233.0,0.9996089339256287,0.4508845950421459,0.08325763081395349,2.8975152998776763,0.6795089333064981,86.0
socofing:000449:left_little,000449,left_little,654,central_only,0.40,fingerprint_roi,13884670362483934691,roi:central_only:13884670362483934691:0.450000,0.2174072265625,0.7825927734375,0.4000449236298293,0.5999550763701706,8904.0,0.3037837780579696,0.24026739597320557,0.11124042513022081,2.0,5342.0,0.2974541370273306,0.2278378335434772,0.46256083863721453,0.3645405336695635,0.5048670909771621,0.4101081003782589,0.13523376516928312,0.2915985158228642,8.68914860199926,0.10659442133132584,5342.0,0.9659332036972046,0.5252456036491844,0.08370535714285714,2.930445355044386,0.6739155256876596,63.0,0.07667703241823072,0.22353335803786786,11.153347036881659,0.11742437626523614,5342.0,0.8305547833442688,0.3860923415131622,0.08581349206349206,3.155784612898938,0.598419702118868,63.0,0.11510585879530964,0.2682045985617159,9.389025705690141,0.06437956903745819,5342.0,0.983074814081192,0.5087140302089941,0.07545882936507936,2.6809540502753078,0.5361336990289274,63.0
socofing:000449:left_little,000449,left_little,654,central_only,0.50,fingerprint_roi,13884670362483934691,roi:central_only:13884670362483934691:0.450000,0.271728515625,0.728271484375,0.5,0.5,8904.0,0.25706151584802045,0.20307773351669312,0.2725751865454843,0.0,4452.0,0.2785265049415993,0.1927961368860153,0.4141958670260557,0.3084738190176245,0.4532794249775382,0.3470330463948275,0.057236946019466974,0.18244489556160043,12.423235468597976,0.1864383358238364,4452.0,0.7671155631542206,0.2947103231140161,0.085,3.451455434346458,0.6728581560224087,50.0,0.0536151604161264,0.18505613085657344,12.707123902678738,0.20362142904774092,4452.0,0.7743364199995995,0.26619959447820124,0.087109375,3.267979764827298,0.6409175437079462,50.0,0.057236946019466974,0.18244489556160043,12.423235468597976,0.1864383358238364,4452.0,0.7671155631542206,0.2947103231140161,0.085,3.451455434346458,0.6728581560224087,50.0
socofing:000449:left_little,000449,left_little,654,central_only,0.60,fingerprint_roi,13884670362483934691,roi:central_only:13884670362483934691:0.450000,0.3260498046875,0.6739501953125,0.5999550763701708,0.40004492362982924,8904.0,0.2801972769149207,0.2221204936504364,0.21100274817452058,2.0,3562.0,0.3155530600786075,0.21014795768619052,0.46715328467153283,0.3362367322979049,0.5089837170129141,0.37826632383514297,0.11357196633475591,0.2563827893812291,9.44728854968291,0.16901413386759048,3562.0,0.996097058057785,0.42769355613506643,0.07904411764705882,2.9956865614265906,0.6899422258935298,34.0,0.06105781550058279,0.19120424671296254,12.142587377545823,0.21976214592189458,3562.0,0.8456721752882004,0.21087653568528453,0.08547794117647059,3.8462647459233117,0.6432585007977919,34.0,0.08781658192837456,0.23116618214130133,10.564234708815377,0.1648114822586862,3562.0,0.942364364862442,0.28272748420826394,0.09283088235294118,4.05238328571334,0.6853374388212218,34.0
socofing:000449:left_little,000449,left_little,654,central_only,0.70,fingerprint_roi,13884670362483934691,roi:central_only:13884670362483934691:0.450000,0.38043212890625,0.61956787109375,0.7000224618149147,0.2999775381850853,8904.0,0.2686712710312596,0.21256563067436218,0.2518938298195731,2.0,2671.0,0.27742418569824034,0.2015034532734447,0.44290527892175213,0.3224055252375115,0.48109322351179334,0.3627062158922005,0.12661898130955038,0.2793834388858591,8.97501184839352,0.17046319819010136,2671.0,0.7564910501241684,0.22432794197427422,0.08515625,3.908861392493378,0.8960393083157797,20.0,0.05999735314821827,0.19550406737151954,12.218679085910047,0.23177346777486524,2671.0,0.6790663301944733,0.14139482762502278,0.0849609375,4.194740973301264,0.8884720405989844,20.0,0.07777527668506931,0.21785362265119834,11.091584352165578,0.17496340728404966,2671.0,0.8300474584102631,0.19670555617872318,0.096875,4.191580499247928,1.0221857113646802,20.0
socofing:000449:left_little,000449,left_little,654,central_only,0.80,fingerprint_roi,13884670362483934691,roi:central_only:13884670362483934691:0.450000,0.43475341796875,0.56524658203125,0.7999775381850853,0.20002246181491468,8904.0,0.25929557979274237,0.20525386929512024,0.4559477702475425,0.0,1781.0,0.31386861313868614,0.1944716848445568,0.485120718697361,0.31115469575129084,0.5294778214486243,0.3500490327202022,0.07341427286824796,0.19791081083383139,11.342194983219747,0.27383598926298747,1781.0,0.9698330760002136,0.17974715224736967,0.078125,3.8215781439007217,0.7015485580745872,11.0,0.04844804319891523,0.16771299864705663,13.147237592752427,0.3263616168348181,1781.0,0.6772532761096954,0.13398133528955078,0.08700284090909091,4.143321816863321,0.8110383913291108,11.0,0.07341427286824796,0.19791081083383139,11.342194983219747,0.27383598926298747,1781.0,0.9698330760002136,0.17974715224736967,0.078125,3.8215781439007217,0.7015485580745872,11.0
socofing:000449:left_little,000449,left_little,654,peripheral_only,0.10,fingerprint_roi,4427748923221686672,roi:peripheral_only:4427748923221686672:0.450000,0.0543212890625,0.9456787109375,0.0999550763701707,0.9000449236298294,8904.0,0.26554209637509024,0.21021799743175507,0.2324517084103961,2.0,8014.0,0.3124532068879461,0.19915657228131767,0.4559520838532568,0.31865051565010827,0.4976291489892688,0.3584818301063718,0.13062241670151514,0.282759085152552,8.83982285431921,0.07416942620103226,8014.0,0.9983487129211426,0.5346858001500819,0.08463541666666667,2.964190245539495,0.541219122116387,123.0,0.05942395262649696,0.1910209781245059,12.260384641650573,0.12150260921031811,8014.0,0.9130792915821075,0.37699686679776234,0.07583841463414634,2.5252241474769,0.48777038083544294,123.0,0.07041105353166607,0.19212940232635348,11.523591574632242,0.12708051612051732,8014.0,0.9966995120048523,0.2742670601464863,0.08136432926829268,2.665962644274802,0.5191649914522567,123.0
socofing:000449:left_little,000449,left_little,654,peripheral_only,0.20,fingerprint_roi,4427748923221686672,roi:peripheral_only:4427748923221686672:0.450000,0.10870361328125,0.89129638671875,0.20002246181491465,0.7999775381850853,8904.0,0.24069322954649405,0.19014310836791992,0.23796303791976808,2.0,7123.0,0.3297767794468623,0.18051992215987053,0.47929243296363894,0.2888318754557928,0.5244981047311527,0.32493585988776696,0.10365223250341948,0.2484480676800954,9.844213394603818,0.1253363044100934,7123.0,0.798982784152031,0.36172417862031175,0.07805397727272727,2.534975111251914,0.5008881361588579,110.0,0.052031096578505,0.17562986317868776,12.837370210581208,0.16116919816309577,7123.0,0.7557393163442612,0.2660789009379519,0.07421875,2.632759562248376,0.44747935150860096,110.0,0.06525309290138358,0.19166331601313588,11.853988985771162,0.13976556646469032,7123.0,0.8408481180667877,0.23042520063811772,0.07709517045454546,2.4647512206809052,0.5018106534720731,110.0
socofing:000449:left_little,000449,left_little,654,peripheral_only,0.30,fingerprint_roi,4427748923221686672,roi:peripheral_only:4427748923221686672:0.450000,0.16302490234375,0.83697509765625,0.2999775381850854,0.7000224618149147,8904.0,0.27580598368862236,0.21810801327228546,0.24483580838758995,2.0,6233.0,0.29135247874217873,0.20685448776646675,0.45483715706722283,0.3309671804263468,0.5034493823199102,0.37233807797964014,0.1281070320086539,0.28054699656019694,8.924270304525425,0.09829085691466441,6233.0,0.7992125004529953,0.288471555319733,0.07183388157894736,2.049712674348491,0.40902449561377763,95.0,0.06619186658983688,0.20562456649818217,11.791953717712012,0.1452936390858734,6233.0,0.7569212168455124,0.24809391032691272,0.0719983552631579,2.1549524239227686,0.4270464084529082,95.0,0.07640150340596642,0.20942519648909358,11.168980954231158,0.14957782254829488,6233.0,0.9674922227859497,0.31804730853294017,0.07545230263157894,2.157232081227756,0.44659439241465904,95.0
socofing:000449:left_little,000449,left_little,654,peripheral_only,0.40,fingerprint_roi,4427748923221686672,roi:peripheral_only:4427748923221686672:0.450000,0.2174072265625,0.7825927734375,0.4000449236298293,0.5999550763701706,8904.0,0.22755630011417496,0.17975881695747375,0.12962156255751767,1.0,5342.0,0.37102208910520407,0.17066722508563123,0.5430550355672032,0.27306756013700995,0.5788094346686634,0.30720100515413623,0.0668315910822764,0.19882373069107911,11.75018199357716,0.08863888247633,5342.0,0.9644805192947388,0.2807508766382199,0.06534090909090909,1.668256545903377,0.33217009848094925,77.0,0.034800294403392204,0.1402728169276412,14.584170819951472,0.1552731851774546,5342.0,0.749773733317852,0.19786970925537112,0.06488433441558442,1.6840517659707506,0.34329907367172985,77.0,0.055885683422339856,0.18071034049963247,12.526994337416848,0.1300842472787366,5342.0,0.806105762720108,0.2719289463491817,0.06569602272727272,1.7265137494528509,0.38195974638823516,77.0
socofing:000449:left_little,000449,left_little,654,peripheral_only,0.50,fingerprint_roi,4427748923221686672,roi:peripheral_only:4427748923221686672:0.450000,0.271728515625,0.728271484375,0.5,0.5,8904.0,0.21932406065241952,0.17343595623970032,0.2055485551198815,0.0,4452.0,0.35175202156334234,0.16449304548931465,0.516397124887691,0.2631888727829034,0.5530098831985625,0.29608748188076633,0.05309732084169038,0.17476187026846118,12.749273917815117,0.13694787819661555,4452.0,0.7460658550262451,0.2541573036736795,0.0740327380952381,1.9182291526600546,0.39481731922925833,63.0,0.03503220240186489,0.14085005802219117,14.555325586312106,0.1885460291644871,4452.0,0.6860840916633606,0.1941226348812518,0.06764632936507936,1.7482507701662657,0.35464719533032607,63.0,0.05309732084169038,0.17476187026846118,12.749273917815117,0.13694787819661555,4452.0,0.7460658550262451,0.2541573036736795,0.0740327380952381,1.9182291526600546,0.39481731922925833,63.0
socofing:000449:left_little,000449,left_little,654,peripheral_only,0.60,fingerprint_roi,4427748923221686672,roi:peripheral_only:4427748923221686672:0.450000,0.3260498046875,0.6739501953125,0.5999550763701708,0.40004492362982924,8904.0,0.26818054587613904,0.21176283061504364,0.24875474223306301,0.0,3562.0,0.35429533969679955,0.20113540940710428,0.5334081976417743,0.32181665505136686,0.5766423357664233,0.36204373693278774,0.07990493918281312,0.21810910830264812,10.97426374709251,0.10075863690872032,3562.0,0.7948608249425888,0.28348313080692844,0.061623086734693876,1.4761980891494753,0.2909612277510266,49.0,0.044740830881212945,0.16406845843345177,13.492959548890262,0.14978075927431905,3562.0,0.7523523420095444,0.25842946697683317,0.06369579081632654,1.4889730027564645,0.3295810546993661,49.0,0.07990493918281312,0.21810910830264812,10.97426374709251,0.10075863690872032,3562.0,0.7948608249425888,0.28348313080692844,0.061623086734693876,1.4761980891494753,0.2909612277510266,49.0
socofing:000449:left_little,000449,left_little,654,peripheral_only,0.70,fingerprint_roi,4427748923221686672,roi:peripheral_only:4427748923221686672:0.450000,0.38043212890625,0.61956787109375,0.7000224618149147,0.2999775381850853,8904.0,0.23044073487226693,0.18176086246967316,0.33535008929492527,1.0,2671.0,0.3017596405840509,0.1728305511542002,0.44140771246724075,0.27652888184672036,0.484462748034444,0.31109499207756036,0.087544000994627,0.22544490206513856,10.577736088517451,0.10718804601667044,2671.0,0.7880661338567734,0.32499710924311553,0.06672297297297297,1.4413773363049645,0.30715141076023456,37.0,0.04351772750826337,0.1647163456893735,13.613337915357418,0.14386332071449154,2671.0,0.6646789759397507,0.2925619843446988,0.07242398648648649,1.6788849970540327,0.31384204666108445,37.0,0.04345063181847757,0.15199908948890817,13.620039040649496,0.14986378395684802,2671.0,0.7643902152776718,0.2645444361557379,0.07358530405405406,1.5806898496696022,0.3650170781611598,37.0
socofing:000449:left_little,000449,left_little,654,peripheral_only,0.80,fingerprint_roi,4427748923221686672,roi:peripheral_only:4427748923221686672:0.450000,0.43475341796875,0.56524658203125,0.7999775381850853,0.20002246181491468,8904.0,0.22200923727488173,0.17491106688976288,0.2524237004321012,1.0,1781.0,0.34475014037057833,0.16650692795616132,0.5070185289163391,0.2664110847298581,0.5502526670409882,0.29971247032109033,0.07260258456810512,0.20476208097609425,11.390479186430644,0.1173242996626715,1781.0,0.7680195420980453,0.17798277771865503,0.05638586956521739,1.3399858678485117,0.29968302599587276,23.0,0.03507536693812287,0.14382507642840883,14.54997776939135,0.12682652268363415,1781.0,0.6499886065721512,0.18122834131582716,0.05927309782608696,1.3681038474281484,0.31935011498769933,23.0,0.056365704565684786,0.17734566009626973,12.489850599908758,0.0735907009420477,1781.0,0.7264356464147568,0.17299748403971385,0.059782608695652176,1.4887856884919481,0.323855873733611,23.0
socofing:000511:right_index,000511,right_index,736,central_only,0.10,fingerprint_roi,1192118566680651352,roi:central_only:1192118566680651352:0.450000,0.07421875,0.92578125,0.09995889847924373,0.9000411015207562,12165.0,0.2235174382731342,0.18115220963954926,0.28674255695075623,1.0,10949.0,0.19937893871586446,0.16763807870485062,0.28440953511736233,0.26822092592776103,0.31966389624623254,0.3017485416687311,0.15978637136769896,0.286664946405126,7.964602656491511,0.06192667762468051,10949.0,1.0,0.53893139437636,0.064453125,2.7215634186352906,0.3774372166107908,156.0,0.13916896409595494,0.2743353747552227,8.564576054200884,0.07331258717042269,10949.0,1.0,0.49245165061891155,0.06620592948717949,2.5559000971163264,0.3753173991883918,156.0,0.1644981388979903,0.28052427869261876,7.838390112149512,0.07046873094760366,10949.0,1.0,0.35304080889399225,0.05876903044871795,2.1485097364869965,0.33144972389728683,156.0
socofing:000511:right_index,000511,right_index,736,central_only,0.20,fingerprint_roi,1192118566680651352,roi:central_only:1192118566680651352:0.450000,0.14849853515625,0.85150146484375,0.2,0.8,12165.0,0.2285530617962571,0.1839938461780548,0.3424114478839619,1.0,9732.0,0.20663789560213727,0.1714147963471928,0.2930538429921907,0.2742636741555085,0.32603781339909577,0.30854663342494704,0.19648269387295314,0.32624932828507064,7.06675696110291,0.05598887495503239,9732.0,0.9999781250953674,0.501714398616199,0.06442481884057971,2.6160600199370885,0.4245140830151209,138.0,0.12843055213873925,0.2656788938888889,8.913316503566234,0.08555873547496086,9732.0,0.9722123146057129,0.38593939182729875,0.0647361865942029,2.7242911800780663,0.41097647340177,138.0,0.12654428894416575,0.2478981792794344,8.977574501580575,0.08302410925132073,9732.0,0.9997991621494293,0.3770521959075116,0.055338541666666664,2.183283705884224,0.3528022980981978,138.0
socofing:000511:right_index,000511,right_index,736,central_only,0.30,fingerprint_roi,1192118566680651352,roi:central_only:1192118566680651352:0.450000,0.2227783203125,0.7772216796875,0.30004110152075625,0.6999588984792438,12165.0,0.24760758941900152,0.20004716515541077,0.31976036388012996,0.0,8515.0,0.22783323546682324,0.1857056920642511,0.32836171462125663,0.2971291073028018,0.3658250146799765,0.334270245715652,0.1336319252505013,0.258138125870624,8.740897746165029,0.09480737888732108,8515.0,0.9999416768550873,0.4674059478101436,0.055967699579831935,2.3353594593026092,0.4104510183421763,119.0,0.1280815690653609,0.2664353273560266,8.925133607245,0.10625470856905644,8515.0,0.9955890974961221,0.3347595523708054,0.052914915966386554,2.032533096171863,0.3472173733963946,119.0,0.1336319252505013,0.258138125870624,8.740897746165029,0.09480737888732108,8515.0,0.9999416768550873,0.4674059478101436,0.055967699579831935,2.3353594593026092,0.4104510183421763,119.0
socofing:000511:right_index,000511,right_index,736,central_only,0.40,fingerprint_roi,1192118566680651352,roi:central_only:1192118566680651352:0.450000,0.2969970703125,0.7030029296875,0.4,0.6,12165.0,0.22631946145527307,0.1812201738357544,0.24812425551601341,2.0,7299.0,0.20016440608302508,0.1697395960914548,0.2986710508288807,0.2715833537463277,0.3370324702013974,0.3055312729646186,0.1856828043642156,0.32030677422523857,7.312283133604814,0.11025173935699105,7299.0,0.9998950958251953,0.20244581774139905,0.052045036764705885,2.3430118696464683,0.3536543722709346,102.0,0.14152813801087985,0.28446492123613726,8.49157207008988,0.1528652735985786,7299.0,0.9906677203252912,0.18149510362215907,0.0565640318627451,2.72910157050821,0.3906513354416067,102.0,0.1657863636069136,0.30096533810134185,7.804511942551241,0.12459744388964202,7299.0,0.999788224697113,0.22902950475434292,0.058823529411764705,2.5703364837908245,0.40651530255611107,102.0
socofing:000511:right_index,000511,right_index,736,central_only,0.50,fingerprint_roi,1192118566680651352,roi:central_only:1192118566680651352:0.450000,0.3712158203125,0.6287841796875,0.49995889847924374,0.5000411015207562,12165.0,0.23891070111953197,0.1897924244403839,0.39269724015014995,0.0,6083.0,0.18362650008219628,0.17918302583964899,0.2952490547427256,0.28669284134343836,0.3394706559263521,0.3225294465113681,0.1261526340230569,0.2626566160860659,8.99103677134229,0.17617392089661285,6083.0,0.9986680746078491,0.23076421920840498,0.052455357142857144,2.3916938415430575,0.4332047220847982,70.0,0.10022344446269618,0.24515550175349324,9.99030675576418,0.2198046316303535,6083.0,0.954692717641592,0.21544143828398182,0.04581473214285714,2.2516228064632426,0.40055266129769107,70.0,0.1261526340230569,0.2626566160860659,8.99103677134229,0.17617392089661285,6083.0,0.9986680746078491,0.23076421920840498,0.052455357142857144,2.3916938415430575,0.4332047220847982,70.0
socofing:000511:right_index,000511,right_index,736,central_only,0.60,fingerprint_roi,1192118566680651352,roi:central_only:1192118566680651352:0.450000,0.44549560546875,0.55450439453125,0.6,0.4,12165.0,0.16452914775683627,0.13073201477527618,0.39499100370464807,1.0,4866.0,0.2435265104808878,0.12339686081762721,0.3263460748047678,0.19743497730820353,0.3584052609946568,0.22211434947172895,0.11003715303005866,0.2329191613720942,9.584606545539863,0.25637184815125486,4866.0,0.9984891712665558,0.19357464509950814,0.06021341463414634,3.032327873859699,0.45403798841454385,41.0,0.07739530190088838,0.19887251042255163,11.112854013383727,0.3198193773010737,4866.0,0.9749177303165197,0.15301922414118807,0.049352134146341466,2.3860724332706793,0.37435343319924175,41.0,0.08735458557919758,0.21195753250300556,10.58714292289861,0.29191436613893196,4866.0,0.9666053047403693,0.17434635809399493,0.04963795731707317,2.6139047751046793,0.38240095931581913,41.0
socofing:000511:right_index,000511,right_index,736,central_only,0.70,fingerprint_roi,1192118566680651352,roi:central_only:1192118566680651352:0.450000,0.519775390625,0.480224609375,0.7000411015207563,0.29995889847924373,12165.0,0.1749882081485594,0.13954539597034454,0.43507704464620395,1.0,3649.0,0.27514387503425597,0.13124115611141954,0.36092080021923817,0.20998584977827128,0.3896958070704303,0.23623408100055515,0.08084938252624574,0.19749429942358557,10.923232925970138,0.34705599315938307,3649.0,0.9784797728061676,0.21794602378283762,0.05282738095238095,2.0306032779500938,0.42411196516443284,21.0,0.05611659178651934,0.16887055817939747,12.509087135035411,0.39121105567976033,3649.0,0.960784312337637,0.1912451354179132,0.05115327380952381,2.0078062307764677,0.272851464979278,21.0,0.07875421226922055,0.19508342658700184,11.037262081243309,0.34535115824920876,3649.0,0.9769627749919891,0.1868852922924132,0.061197916666666664,3.0799180206070553,0.3180456612971312,21.0
socofing:000511:right_index,000511,right_index,736,central_only,0.80,fingerprint_roi,1192118566680651352,roi:central_only:1192118566680651352:0.450000,0.593994140625,0.406005859375,0.8,0.19999999999999996,12165.0,0.1461292473171358,0.11630290746688843,0.3631144883749652,1.0,2433.0,0.2675709001233046,0.10959693548785185,0.36087135224003286,0.17535509678056296,0.3847102342786683,0.19727448387813332,0.05359798907200085,0.16205455569195934,12.708515041750758,0.4110985575877576,2433.0,0.960784312337637,0.12147533748117098,0.02734375,1.2661553275940851,0.22071650848130905,7.0,0.03632651987739526,0.133703434421673,14.3977620605796,0.4255923819310949,2433.0,0.960784312337637,0.12516431122338562,0.025669642857142856,0.964295617189253,0.13422713958051433,7.0,0.051023798938982116,0.16014283510063576,12.922272094499448,0.387704127771306,2433.0,0.960784312337637,0.20604524593552273,0.04743303571428571,2.5146808190098797,0.2709140164923552,7.0
socofing:000511:right_index,000511,right_index,736,peripheral_only,0.10,fingerprint_roi,4783606086217278467,roi:peripheral_only:4783606086217278467:0.450000,0.07421875,0.92578125,0.09995889847924373,0.9000411015207562,12165.0,0.22352655670408914,0.17757324874401093,0.4888146016344914,0.0,10949.0,0.16777787925837975,0.16764491752806684,0.2566444424148324,0.268231868044907,0.28806283678874783,0.3017608515505203,0.10537928347681969,0.2345263338260334,9.772447587250952,0.14287516291984498,10949.0,0.9960784311406314,0.2187741511429424,0.03816287878787879,1.3726915734144913,0.22047707210325437,165.0,0.07641744119545267,0.2175888095316714,11.168075085646505,0.16952014676051014,10949.0,0.9960784311406314,0.16002893333463675,0.04164299242424242,1.4458608768692849,0.2352560314903113,165.0,0.10537928347681969,0.2345263338260334,9.772447587250952,0.14287516291984498,10949.0,0.9960784311406314,0.2187741511429424,0.03816287878787879,1.3726915734144913,0.22047707210325437,165.0
socofing:000511:right_index,000511,right_index,736,peripheral_only,0.20,fingerprint_roi,4783606086217278467,roi:peripheral_only:4783606086217278467:0.450000,0.14849853515625,0.85150146484375,0.2,0.8,12165.0,0.22896986946224726,0.18443003296852112,0.5675656389253229,1.0,9732.0,0.21331689272503082,0.17172740209668544,0.31175503493629264,0.2747638433546967,0.3482326346074805,0.3091093237740338,0.06284916829400335,0.15986882795103544,12.017004651174805,0.20922790149114734,9732.0,0.9879596224054694,0.1631049621877275,0.03526041666666667,1.252383456106704,0.24303176437032695,150.0,0.049329394885870355,0.17068061408820404,13.068942119114501,0.18207359882989368,9732.0,0.944620281457901,0.19507840367825238,0.03833333333333333,1.1607273670185592,0.2075535356860898,150.0,0.05814620440748036,0.15362136286340403,12.354786293222375,0.1882951037502707,9732.0,0.9956249594688416,0.24087173590849004,0.0421875,1.295935157575641,0.2250636104044968,150.0
socofing:000511:right_index,000511,right_index,736,peripheral_only,0.30,fingerprint_roi,4783606086217278467,roi:peripheral_only:4783606086217278467:0.450000,0.2227783203125,0.7772216796875,0.30004110152075625,0.6999588984792438,12165.0,0.15674445198389106,0.12566432356834412,0.5994429004977891,1.0,8515.0,0.1840281855549031,0.1175583389879183,0.2690546095126248,0.1880933423806693,0.30463887257780387,0.21160501017825292,0.05824419074937671,0.16049413144751437,12.34747384487407,0.19963372993094067,8515.0,0.9298451538197696,0.2964916232718765,0.041294642857142856,1.4960813381784663,0.23053206307553542,126.0,0.035927378678468354,0.1355999271344083,14.445744684899287,0.21367303864102075,8515.0,0.8943688049912453,0.19371692910668625,0.03689236111111111,1.1736929461549894,0.20785280260545355,126.0,0.04428043812087379,0.12920802920445346,13.537880907622267,0.19751149486601133,8515.0,0.9294038712978363,0.18799985759812957,0.03658234126984127,1.1443714254331918,0.2028332533635531,126.0
socofing:000511:right_index,000511,right_index,736,peripheral_only,0.40,fingerprint_roi,4783606086217278467,roi:peripheral_only:4783606086217278467:0.450000,0.2969970703125,0.7030029296875,0.4,0.6,12165.0,0.19470189569823604,0.1560276746749878,0.6159949147215653,1.0,7299.0,0.16865324016988628,0.14602642177367703,0.24633511439923278,0.23364227483788327,0.2790793259350596,0.26284755919261865,0.09840896697177655,0.21790715165646546,10.06965327087632,0.15743725572348066,7299.0,0.9907804727554321,0.23915069103706832,0.03574036214953271,1.1057091877432854,0.20354079415005794,107.0,0.045469331899202076,0.15888328764518483,13.42281427026947,0.20467176204537596,7299.0,0.8005651216953993,0.21291013397993905,0.03530227803738318,1.0947822935526546,0.1696514354300888,107.0,0.04603884061918821,0.13506119976891734,13.368756215980413,0.2100313249397568,7299.0,0.9162757988087833,0.23434253163176663,0.038259345794392524,1.2057619387167757,0.2269354830258526,107.0
socofing:000511:right_index,000511,right_index,736,peripheral_only,0.50,fingerprint_roi,4783606086217278467,roi:peripheral_only:4783606086217278467:0.450000,0.3712158203125,0.6287841796875,0.49995889847924374,0.5000411015207562,12165.0,0.17199925805674599,0.13863708078861237,0.5897016000905368,1.0,6083.0,0.17113266480355088,0.1289994435425595,0.24593128390596744,0.20639910966809516,0.27387802071346373,0.23219899837660707,0.06984899822664438,0.17877079546313776,11.558398181505193,0.17660712718684368,6083.0,0.982939600944519,0.1445668298088948,0.04149816176470588,1.218460852347551,0.24413328723380875,85.0,0.03608889594765737,0.1439574725744881,14.426264039248204,0.18568196620021846,6083.0,0.8300042115151882,0.14971062986882672,0.03676470588235294,1.1061858502934836,0.19518650414868885,85.0,0.0438575937304879,0.13357791866030536,13.57955199795719,0.17678019786196214,6083.0,0.9152141809463501,0.18773603712047313,0.041727941176470586,1.160604015744957,0.19589069165063824,85.0
socofing:000511:right_index,000511,right_index,736,peripheral_only,0.60,fingerprint_roi,4783606086217278467,roi:peripheral_only:4783606086217278467:0.450000,0.44549560546875,0.55450439453125,0.6,0.4,12165.0,0.1492283790629928,0.12078443169593811,0.660114458719357,0.0,4866.0,0.1746814632141389,0.11192128429724461,0.24578709412248254,0.17907405487559142,0.2739416358405261,0.20145831173504028,0.031527121540063256,0.1077989988958029,15.013156789930681,0.20883667663528413,4866.0,0.8799682846292853,0.1974032538238113,0.043619791666666664,1.1220943046993517,0.18744630535173046,66.0,0.02945070747199392,0.12148954710553554,15.309042680248389,0.18901800682630263,4866.0,0.7724590301513672,0.20601450227903065,0.04533617424242424,1.2171402379205836,0.19919949354152433,66.0,0.031527121540063256,0.1077989988958029,15.013156789930681,0.20883667663528413,4866.0,0.8799682846292853,0.1974032538238113,0.043619791666666664,1.1220943046993517,0.18744630535173046,66.0
socofing:000511:right_index,000511,right_index,736,peripheral_only,0.70,fingerprint_roi,4783606086217278467,roi:peripheral_only:4783606086217278467:0.450000,0.519775390625,0.480224609375,0.7000411015207563,0.29995889847924373,12165.0,0.17752283930266688,0.14359398186206818,0.7098155001091184,0.0,3649.0,0.1575774184708139,0.13314212947700016,0.22773362565086325,0.2130274071632003,0.25376815565908467,0.23965583305860028,0.04853731776417188,0.13138973791071587,13.139242270235552,0.20902567906460787,3649.0,0.9076281189918518,0.27680284473331174,0.042643229166666664,1.418913355523354,0.1969713557712922,48.0,0.032573877989008244,0.13418256166171197,14.871305346813646,0.1578547358564208,3649.0,0.719782411120832,0.28809660600014986,0.040771484375,1.0514652930334456,0.18699336616450157,48.0,0.04853731776417188,0.13138973791071587,13.139242270235552,0.20902567906460787,3649.0,0.9076281189918518,0.27680284473331174,0.042643229166666664,1.418913355523354,0.1969713557712922,48.0
socofing:000511:right_index,000511,right_index,736,peripheral_only,0.80,fingerprint_roi,4783606086217278467,roi:peripheral_only:4783606086217278467:0.450000,0.593994140625,0.406005859375,0.8,0.19999999999999996,12165.0,0.1575114317733403,0.12762054800987244,0.7453743542569834,1.0,2433.0,0.09206740649404029,0.11813357383000522,0.14714344430743936,0.18901371812800838,0.16605014385532266,0.21264043289400938,0.05403213843667585,0.1395015949944162,12.673478439938393,0.10406312985426097,2433.0,0.9546645861119032,0.6395871200437601,0.06194196428571429,1.5395494829479648,0.2872627205692947,28.0,0.032990572506987115,0.13321503917370364,14.816101477930022,0.10533981832781718,2433.0,0.821747362613678,0.5381461887332347,0.06682477678571429,1.9478775980746141,0.31295387798784935,28.0,0.04280535100066115,0.1217930862686585,13.685019374167261,0.10879127900861572,2433.0,0.9247273206710815,0.4409080412209836,0.05650111607142857,1.4633968194185425,0.26058344494097024,28.0
socofing:000545:right_middle,000545,right_middle,817,central_only,0.10,fingerprint_roi,11668092483505530381,roi:central_only:11668092483505530381:0.450000,0.06866455078125,0.93133544921875,0.10001778093883357,0.8999822190611664,11248.0,0.25687734622786373,0.20424579083919525,0.4065822628091539,2.0,10123.0,0.1794922453818038,0.1926580096708978,0.2778820507754618,0.3082528154734365,0.316013039612763,0.34678441740761606,0.14540943864150024,0.28708381778055037,8.374074021642038,0.054990490677764445,10123.0,0.9973716735839844,0.5361110170872263,0.06482769691780822,2.261337584090335,0.43648809150551804,146.0,0.09333843192807487,0.2427744300130041,10.299394994729827,0.08113996018078115,10123.0,0.909770667552948,0.39660134500752303,0.06035958904109589,2.2464476697316904,0.40069965337300767,146.0,0.10166327953069432,0.22947670081074664,9.928358846086178,0.09869502257290305,10123.0,0.9919455051422119,0.37276913642126736,0.06124250856164384,2.254583377451531,0.39351281455291165,146.0
socofing:000545:right_middle,000545,right_middle,817,central_only,0.20,fingerprint_roi,11668092483505530381,roi:central_only:11668092483505530381:0.450000,0.1373291015625,0.8626708984375,0.20003556187766713,0.7999644381223329,11248.0,0.27020658292646377,0.21609479188919067,0.3272462300323077,0.0,8998.0,0.2092687263836408,0.20265493719484787,0.31907090464547677,0.3242478995117566,0.358968659702156,0.3647788869507261,0.14230857236715738,0.27012776897353447,8.467689381474775,0.07543759101426693,8998.0,0.9999174177646637,0.4936737082443995,0.06955547480620156,2.804860603109519,0.49184117008822015,129.0,0.10469644714126886,0.2510329312865878,9.800680557912832,0.0911924142323682,8998.0,0.9714626576751471,0.42549474046142755,0.06810198643410853,2.5263217350019063,0.4764729514364279,129.0,0.14230857236715738,0.27012776897353447,8.467689381474775,0.07543759101426693,8998.0,0.9999174177646637,0.4936737082443995,0.06955547480620156,2.804860603109519,0.49184117008822015,129.0
socofing:000545:right_middle,000545,right_middle,817,central_only,0.30,fingerprint_roi,11668092483505530381,roi:central_only:11668092483505530381:0.450000,0.2059326171875,0.7940673828125,0.29996443812233287,0.7000355618776671,11248.0,0.23268859450888366,0.18633253872394562,0.1851632653117153,0.0,7874.0,0.18453136906273812,0.17451644588166274,0.27838455676911356,0.2792263134106604,0.30988061976123954,0.3141296025869929,0.16896463262515624,0.30011515078633494,7.722041916181056,0.08185179061248521,7874.0,0.9998457431793213,0.5031488520462155,0.06090984513274336,2.188576429707772,0.4459046995373219,113.0,0.14703366382902358,0.292002814518726,8.325832207524549,0.08169723315357467,7874.0,0.9971528351306915,0.3747293258426079,0.06460868362831858,2.5480819313521352,0.44874724834234153,113.0,0.16896463262515624,0.30011515078633494,7.722041916181056,0.08185179061248521,7874.0,0.9998457431793213,0.5031488520462155,0.06090984513274336,2.188576429707772,0.4459046995373219,113.0
socofing:000545:right_middle,000545,right_middle,817,central_only,0.40,fingerprint_roi,11668092483505530381,roi:central_only:11668092483505530381:0.450000,0.27459716796875,0.72540283203125,0.39998221906116643,0.6000177809388336,11248.0,0.2490522915029806,0.1980152726173401,0.27302476889379906,1.0,6749.0,0.15513409393984293,0.18678921862723546,0.24299896280930508,0.2988627498035767,0.2711512816713587,0.3362205935290238,0.20166869455261696,0.34630571291703993,6.953615129833084,0.06978684174890606,6749.0,0.9999347925186157,0.40745290947874324,0.049703663793103446,1.807693278123145,0.37901259965904516,87.0,0.14861036867516436,0.30568715764059146,8.279508884131708,0.10013179669452447,6749.0,0.976671576499939,0.32839233031356546,0.05809985632183908,2.3946658051810523,0.42489824205527094,87.0,0.15648496551589644,0.29998217354593326,8.055273814858019,0.1052214786176744,6749.0,0.9994668960571289,0.3124293882930455,0.05760596264367816,2.414526003873683,0.4138381939544159,87.0
socofing:000545:right_middle,000545,right_middle,817,central_only,0.50,fingerprint_roi,11668092483505530381,roi:central_only:11668092483505530381:0.450000,0.34326171875,0.65673828125,0.5,0.5,11248.0,0.21168777991338836,0.16848164796829224,0.4941602267353986,1.0,5624.0,0.1815433854907539,0.15876583493504126,0.27844950213371267,0.254025335896066,0.31756756756756754,0.28577850288307427,0.09972202584150329,0.22123604002059272,10.012089074361203,0.19634328821779087,5624.0,0.997472733259201,0.17454643281797666,0.05,1.9093608789082195,0.32399304346170205,65.0,0.07704354204706523,0.20471852545906302,11.132637589035978,0.21222498931123432,5624.0,0.9702323880046606,0.22089871956032894,0.04675480769230769,1.8399055917004428,0.2660685494902296,65.0,0.0921352409724963,0.21267923973439457,10.355742239561575,0.2252997643795934,5624.0,0.9679787158966064,0.27207498922288753,0.046454326923076925,1.7725545224164472,0.30073626725490626,65.0
socofing:000545:right_middle,000545,right_middle,817,central_only,0.60,fingerprint_roi,11668092483505530381,roi:central_only:11668092483505530381:0.450000,0.41192626953125,0.58807373046875,0.6000177809388336,0.3999822190611664,11248.0,0.17322865737723694,0.13717782497406006,0.5973710617649687,1.0,4499.0,0.16803734163147366,0.12992149303292772,0.2600577906201378,0.2078743888526844,0.2951767059346522,0.2338586874592699,0.09191234476541452,0.2105892563488597,10.366261545176144,0.29904429379233255,4499.0,0.9552709460258484,0.1694200061277821,0.03409090909090909,1.7071266399476037,0.2048716877285088,44.0,0.06183363796622983,0.1791946852214243,12.087752011449851,0.3221679257631694,4499.0,0.8767555877566338,0.14832554190115527,0.034712357954545456,1.687744391601563,0.2034275352962749,44.0,0.07247289019887988,0.1853331767812754,11.398244187921629,0.30386346688529764,4499.0,0.9641466122120619,0.16114399587008446,0.03773082386363636,1.6523136759143429,0.2378495848650725,44.0
socofing:000545:right_middle,000545,right_middle,817,central_only,0.70,fingerprint_roi,11668092483505530381,roi:central_only:11668092483505530381:0.450000,0.4805908203125,0.5194091796875,0.7000355618776671,0.29996443812233287,11248.0,0.1984147905679212,0.15758340060710907,0.5579006954932478,2.0,3374.0,0.1944279786603438,0.14881109292594089,0.2871962062833432,0.23809774868150543,0.3233550681683462,0.26785996726669353,0.11735612470624922,0.24331757874961193,9.30494240051613,0.21651371410116615,3374.0,0.9983260929584503,0.146028383007526,0.048583984375,2.3519696441408358,0.48038317047573875,16.0,0.08102157505933551,0.20521580302767914,10.913993183860867,0.2891927007438025,3374.0,0.9416634142398834,0.1395575787188602,0.04541015625,2.144227261732766,0.3839567798565304,16.0,0.08415779788510828,0.19604718492053907,10.749056370075682,0.2859537055887603,3374.0,0.982560932636261,0.2030956108237898,0.051513671875,2.4043292464429333,0.47905552680992547,16.0
socofing:000545:right_middle,000545,right_middle,817,central_only,0.80,fingerprint_roi,11668092483505530381,roi:central_only:11668092483505530381:0.450000,0.5491943359375,0.4508056640625,0.7999644381223329,0.20003556187766713,11248.0,0.1722311380262728,0.137286975979805,0.573349327284102,0.0,2250.0,0.18533333333333332,0.1291733535197046,0.2653333333333333,0.2066773656315274,0.2951111111111111,0.23251203633546833,0.08545916659992463,0.19738964572983483,10.682413467495593,0.28979165362413517,2250.0,0.9764122664928436,0.18573532869403503,0.048828125,1.9097872771050497,0.28736850486850485,8.0,0.06722962800538837,0.18674641172078232,11.724392917744908,0.3507707962403437,2250.0,0.9178862199187279,0.16262532953528683,0.06787109375,3.9634683983935775,0.40473496223496225,8.0,0.08545916659992463,0.19738964572983483,10.682413467495593,0.28979165362413517,2250.0,0.9764122664928436,0.18573532869403503,0.048828125,1.9097872771050497,0.28736850486850485,8.0
socofing:000545:right_middle,000545,right_middle,817,peripheral_only,0.10,fingerprint_roi,16311918964207148330,roi:peripheral_only:16311918964207148330:0.450000,0.06866455078125,0.93133544921875,0.10001778093883357,0.8999822190611664,11248.0,0.21472662419984548,0.17197448015213013,0.523383549887249,0.0,10123.0,0.2192037933418947,0.16104496814988412,0.3124567815864862,0.25767194903981455,0.3496987059172182,0.2898809426697914,0.07044251729149364,0.18167615142836469,11.521651327406634,0.153896584377526,10123.0,0.9757260084152222,0.24275671213859953,0.04483366935483871,1.5105086735984699,0.30466936971969316,155.0,0.057689751831746426,0.18035300291264061,12.389013292743925,0.15711024919911867,10123.0,0.9610938392579556,0.2891508354365754,0.045287298387096775,1.6679752721862755,0.2708429161689923,155.0,0.07044251729149364,0.18167615142836469,11.521651327406634,0.153896584377526,10123.0,0.9757260084152222,0.24275671213859953,0.04483366935483871,1.5105086735984699,0.30466936971969316,155.0
socofing:000545:right_middle,000545,right_middle,817,peripheral_only,0.20,fingerprint_roi,16311918964207148330,roi:peripheral_only:16311918964207148330:0.450000,0.1373291015625,0.8626708984375,0.20003556187766713,0.7999644381223329,11248.0,0.2060804941583194,0.1639692187309265,0.4921526370029523,1.0,8998.0,0.18970882418315183,0.15456037061873953,0.28828628584129806,0.24729659298998324,0.32184929984440985,0.2782086671137311,0.082698789010579,0.20040487219605602,10.82500849938068,0.17793763745655827,8998.0,0.9674825072288513,0.2755937318537256,0.04777199074074074,1.4632446096783078,0.266384128776923,135.0,0.05828908494775837,0.18487692466728653,12.344127624067259,0.18716216878511568,8998.0,0.889476714655757,0.2521025845612454,0.05081018518518519,1.7022030159996473,0.26601495524058566,135.0,0.06552365344743015,0.1777918725625897,11.836018953162668,0.16086464529200725,8998.0,0.9707878828048706,0.3923051645450613,0.04050925925925926,1.3530450522365736,0.23418469782339682,135.0
socofing:000545:right_middle,000545,right_middle,817,peripheral_only,0.30,fingerprint_roi,16311918964207148330,roi:peripheral_only:16311918964207148330:0.450000,0.2059326171875,0.7940673828125,0.29996443812233287,0.7000355618776671,11248.0,0.23022036133415258,0.1828547567129135,0.4842241189256609,0.0,7874.0,0.1887223774447549,0.17266527100061443,0.28651257302514604,0.2762644336009831,0.3205486410972822,0.310797487801106,0.06656424719093611,0.17664953809784353,11.76758975287947,0.15170305765214134,7874.0,0.9954530596733093,0.22380378970622236,0.04241536458333333,1.2078494436047629,0.23002999700968452,120.0,0.06690213133422789,0.20260429891832715,11.745600464780658,0.18004020050787817,7874.0,0.8176605105400085,0.17667985654384954,0.04690755208333333,1.406075873566352,0.2447790566421416,120.0,0.06656424719093611,0.17664953809784353,11.76758975287947,0.15170305765214134,7874.0,0.9954530596733093,0.22380378970622236,0.04241536458333333,1.2078494436047629,0.23002999700968452,120.0
socofing:000545:right_middle,000545,right_middle,817,peripheral_only,0.40,fingerprint_roi,16311918964207148330,roi:peripheral_only:16311918964207148330:0.450000,0.27459716796875,0.72540283203125,0.39998221906116643,0.6000177809388336,11248.0,0.22115871704860565,0.1750589907169342,0.4650722886020966,0.0,6749.0,0.14402133649429544,0.16586903778645423,0.22269965920877166,0.2653904604583268,0.25055563787227736,0.2985642680156176,0.10939542741049199,0.24157387346595333,9.610008305793135,0.13516772202655553,6749.0,0.9931759834289551,0.33849012763407216,0.0407691140776699,1.0407369431957814,0.2052716761729617,103.0,0.08433833533976928,0.2309461986984711,10.739749752904128,0.1646067093276583,6749.0,0.8962689633481205,0.2039819702153132,0.0390625,1.1415022126420742,0.18840324463517827,103.0,0.10939542741049199,0.24157387346595333,9.610008305793135,0.13516772202655553,6749.0,0.9931759834289551,0.33849012763407216,0.0407691140776699,1.0407369431957814,0.2052716761729617,103.0
socofing:000545:right_middle,000545,right_middle,817,peripheral_only,0.50,fingerprint_roi,16311918964207148330,roi:peripheral_only:16311918964207148330:0.450000,0.34326171875,0.65673828125,0.5,0.5,11248.0,0.1870965871124428,0.14875613152980804,0.4350606055338433,2.0,5624.0,0.16145092460881935,0.1403224403343321,0.24822190611664297,0.2245159045349314,0.27880512091038406,0.2525803926017978,0.07853224915673927,0.2002026482887969,11.049519642136268,0.14285541019594636,5624.0,0.9723921716213226,0.11946504524806568,0.03172063253012048,0.702530839544804,0.14603303167135845,83.0,0.06147276042796421,0.19022303162761597,12.113172844923639,0.1672074647009765,5624.0,0.9197303056716919,0.16966089494756673,0.03670933734939759,1.004391781431809,0.16338913750957335,83.0,0.07852717750164011,0.19907924333990684,11.049800120916984,0.1759236979869282,5624.0,0.9965988397598267,0.2113240322144202,0.03233245481927711,0.7541249295579978,0.14596628419066185,83.0
socofing:000545:right_middle,000545,right_middle,817,peripheral_only,0.60,fingerprint_roi,16311918964207148330,roi:peripheral_only:16311918964207148330:0.450000,0.41192626953125,0.58807373046875,0.6000177809388336,0.3999822190611664,11248.0,0.16063102118622916,0.1288563311100006,0.4605558993228905,0.0,4499.0,0.1724827739497666,0.12047326588967186,0.2713936430317848,0.19275722542347498,0.3038452989553234,0.21685187860140934,0.061366541153253254,0.16799066581316813,12.120683544802635,0.21956085740675513,4499.0,0.9405898153781891,0.1429834766692678,0.035877403846153844,0.8641803807034703,0.1515812406646754,65.0,0.04896386584922178,0.15938664941602418,13.101243006111616,0.24126602815100873,4499.0,0.9130898611620069,0.17923736709319354,0.04056490384615385,1.1184171413861126,0.17388473575274313,65.0,0.061366541153253254,0.16799066581316813,12.120683544802635,0.21956085740675513,4499.0,0.9405898153781891,0.1429834766692678,0.035877403846153844,0.8641803807034703,0.1515812406646754,65.0
socofing:000545:right_middle,000545,right_middle,817,peripheral_only,0.70,fingerprint_roi,16311918964207148330,roi:peripheral_only:16311918964207148330:0.450000,0.4805908203125,0.5194091796875,0.7000355618776671,0.29996443812233287,11248.0,0.16049591233857038,0.1288263499736786,0.37184272894715503,1.0,3374.0,0.1893894487255483,0.1203719342539278,0.27682276229994074,0.1925950948062845,0.30379371665678717,0.21666948165707,0.07177210283338542,0.18098018801341603,11.440443292928757,0.19295780974778018,3374.0,0.9724522531032562,0.19865012701357268,0.05544969512195122,1.4298596540462265,0.22016412974147476,41.0,0.049268729563804424,0.16225228716006992,13.074286362341812,0.22695943051724993,3374.0,0.9292002711445093,0.15347528837308003,0.0430640243902439,1.0209121617754773,0.17085244998049065,41.0,0.061770033428792295,0.17449671971538808,12.092221636301531,0.2105078340942057,3374.0,0.9593894779682159,0.21594554282890435,0.043254573170731704,1.2986634877440237,0.17904718783079387,41.0
socofing:000545:right_middle,000545,right_middle,817,peripheral_only,0.80,fingerprint_roi,16311918964207148330,roi:peripheral_only:16311918964207148330:0.450000,0.5491943359375,0.4508056640625,0.7999644381223329,0.20003556187766713,11248.0,0.16483461013546696,0.13198158144950867,0.4692048642128528,2.0,2250.0,0.21333333333333335,0.12362595760160022,0.31466666666666665,0.19780153216256036,0.34444444444444444,0.22252672368288037,0.06927883519287813,0.17181333063128923,11.593994228607755,0.26489586432305523,2250.0,0.9967849254608154,0.1383295968104434,0.03850446428571429,0.902823121685505,0.15102830507541443,21.0,0.042952458412193965,0.14923192819610187,13.670119739911797,0.33308721473316444,2250.0,0.8562306156381965,0.10778481554934236,0.04203869047619048,0.89683924492385,0.1666200507354761,21.0,0.06190617102193098,0.16985283486089772,12.082660568411097,0.2925909827567124,2250.0,0.9573219120502472,0.10380997330044524,0.03720238095238095,0.7706442733860208,0.15071954010186142,21.0
socofing:000598:right_little,000598,right_little,899,central_only,0.10,fingerprint_roi,9384910035624478748,roi:central_only:9384910035624478748:0.450000,0.06866455078125,0.93133544921875,0.10001778093883357,0.8999822190611664,11248.0,0.27664421156533064,0.2193727046251297,0.2348774771049264,2.0,10123.0,0.2541736639336165,0.207483158673998,0.39039810332905267,0.3319730538783968,0.43524646843821,0.37346968561319643,0.13500864211232466,0.2878382968684399,8.696384307526438,0.10027142977854558,10123.0,0.9583839159458876,0.19673273362450616,0.03494073275862069,0.7804295621730625,0.14726674290146632,145.0,0.08849737030709527,0.23360818306579015,10.530696341392998,0.11996696375515298,10123.0,0.9415878616273403,0.16146935525931289,0.03978987068965517,1.0235673401621068,0.1668203838889766,145.0,0.13052711808946205,0.2730763967371693,8.842992506772774,0.11457264068136892,10123.0,0.9864376783370972,0.1631881564499568,0.033054956896551725,0.8134109830665909,0.13983042816329783,145.0
socofing:000598:right_little,000598,right_little,899,central_only,0.20,fingerprint_roi,9384910035624478748,roi:central_only:9384910035624478748:0.450000,0.1373291015625,0.8626708984375,0.20003556187766713,0.7999644381223329,11248.0,0.2847393728423368,0.22541438043117523,0.19000990056433234,1.0,8998.0,0.2339408757501667,0.2135545296317526,0.3643031784841076,0.34168724741080414,0.4090909090909091,0.3843981533371546,0.15826313918685792,0.309488743664879,8.00620224189143,0.1010176994995903,8998.0,0.9994697570800781,0.1936007434668726,0.03594970703125,0.8483746184461877,0.15361469015011436,128.0,0.10248057681288579,0.2542346478096754,9.893584388259345,0.1133148091420845,8998.0,0.9803823214024305,0.21065535116338935,0.032440185546875,0.6601274539326143,0.13591556823770806,128.0,0.1379823266374411,0.28090270108841014,8.601765363188123,0.1193845776540043,8998.0,0.9898996353149414,0.18975370022963955,0.04119873046875,0.9891484737007149,0.17580760297874765,128.0
socofing:000598:right_little,000598,right_little,899,central_only,0.30,fingerprint_roi,9384910035624478748,roi:central_only:9384910035624478748:0.450000,0.2059326171875,0.7940673828125,0.29996443812233287,0.7000355618776671,11248.0,0.3090205312925818,0.24481287598609924,0.2329815875753754,2.0,7874.0,0.25527051054102107,0.23176539846943633,0.3948437896875794,0.3708246375510981,0.4409448818897638,0.4171777172449854,0.13503075211406876,0.28070426814783017,8.695673133380806,0.11572043139267864,7874.0,0.995775758754462,0.21678633324794866,0.040099557522123894,1.122860282766314,0.16426812760850495,113.0,0.08638207076685721,0.2370828813004478,10.635763891766894,0.18217452797303169,7874.0,0.9475423684343696,0.10127841016730797,0.03325497787610619,0.7311522956770322,0.1390791196442086,113.0,0.1361290654035866,0.28026339964774843,8.660491371279583,0.14723403069952612,7874.0,0.9951363205909729,0.1500700387691606,0.028864767699115043,0.5708726837490713,0.11932563084648651,113.0
socofing:000598:right_little,000598,right_little,899,central_only,0.40,fingerprint_roi,9384910035624478748,roi:central_only:9384910035624478748:0.450000,0.27459716796875,0.72540283203125,0.39998221906116643,0.6000177809388336,11248.0,0.2591282893959349,0.20540586113929749,0.2484199871168231,0.0,6749.0,0.21632834493999112,0.19434621704695118,0.3287894502889317,0.3109539472751219,0.37190694917765593,0.3498231906845121,0.10609647386591839,0.24713160575569396,9.742990497086655,0.197231559427979,6749.0,0.9971878528594971,0.09666819273141314,0.02581346649484536,0.4749412655226371,0.11003573137253514,97.0,0.08676581541554998,0.23791483673746597,10.616513474111514,0.21256189458874905,6749.0,0.8786768913269043,0.08682735914757234,0.029961340206185568,0.6451906157591568,0.1259057264779766,97.0,0.10609647386591839,0.24713160575569396,9.742990497086655,0.197231559427979,6749.0,0.9971878528594971,0.09666819273141314,0.02581346649484536,0.4749412655226371,0.11003573137253514,97.0
socofing:000598:right_little,000598,right_little,899,central_only,0.50,fingerprint_roi,9384910035624478748,roi:central_only:9384910035624478748:0.450000,0.34326171875,0.65673828125,0.5,0.5,11248.0,0.2479365866943918,0.19575050473213196,0.2404535512461723,2.0,5624.0,0.20412517780938833,0.18595244002079386,0.3229018492176387,0.29752390403327017,0.36806543385490753,0.3347143920374289,0.13121471419776448,0.278408002354828,8.82017461175428,0.18583352700919387,5624.0,0.9958866834640503,0.12032136596299065,0.026903609154929578,0.5360361045269527,0.11471388510843944,71.0,0.08908546506617292,0.23780692482370802,10.501931484489617,0.2325219782913426,5624.0,0.9589930772781372,0.08105225464566425,0.02618838028169014,0.515494999441674,0.1092688000613185,71.0,0.11445744061261467,0.2563364098791946,9.413559695952504,0.21807602227442158,5624.0,0.992847353219986,0.1357983437951604,0.02464788732394366,0.46234670762466484,0.10425072452866338,71.0
socofing:000598:right_little,000598,right_little,899,central_only,0.60,fingerprint_roi,9384910035624478748,roi:central_only:9384910035624478748:0.450000,0.41192626953125,0.58807373046875,0.6000177809388336,0.3999822190611664,11248.0,0.21330647334051264,0.1692916303873062,0.3133924239146338,2.0,4499.0,0.20048899755501223,0.15997985500538447,0.3051789286508113,0.25596776800861515,0.3422982885085575,0.287963739009692,0.09790889104365628,0.2340596904031101,10.091778684024753,0.26182570268581534,4499.0,0.9990227222442627,0.16793101049000808,0.031473214285714285,0.6404122915827417,0.12953201584574175,35.0,0.07391802492363042,0.2111991880536924,11.31249645903591,0.27430139444651863,4499.0,0.9687959048897028,0.10112652507854022,0.02734375,0.49991992906450217,0.11573873100603933,35.0,0.09971151460972755,0.23375008552411589,10.012546867965238,0.2152130720657262,4499.0,0.9969810843467712,0.12738883487430525,0.03236607142857143,0.82270569114763,0.13329524373406512,35.0
socofing:000598:right_little,000598,right_little,899,central_only,0.70,fingerprint_roi,9384910035624478748,roi:central_only:9384910035624478748:0.450000,0.4805908203125,0.5194091796875,0.7000355618776671,0.29996443812233287,11248.0,0.20303476611113647,0.16140694916248322,0.4258570919123096,2.0,3374.0,0.1902786010669828,0.15227607458335235,0.2824540604623592,0.2436417193333638,0.3221695317131002,0.2740969342500343,0.10645288165188918,0.2414016995030258,9.728425778275808,0.2537838121179703,3374.0,0.9590858519077301,0.10485945698329584,0.021809895833333332,0.42122092536157324,0.08988412568610864,12.0,0.06064121912070034,0.1897128854909162,12.172320763062332,0.3198088722733071,3374.0,0.8600689470767975,0.09783844490373161,0.034505208333333336,1.0205885669475399,0.14195458509015627,12.0,0.07166567029715795,0.18811786992703944,11.446888327685352,0.28441563061977815,3374.0,0.9611650090664625,0.1238685937723901,0.014322916666666666,0.31334179390243594,0.06559507791864679,12.0
socofing:000598:right_little,000598,right_little,899,central_only,0.80,fingerprint_roi,9384910035624478748,roi:central_only:9384910035624478748:0.450000,0.5491943359375,0.4508056640625,0.7999644381223329,0.20003556187766713,11248.0,0.18531217247468454,0.14770229160785675,0.6008710629232105,2.0,2250.0,0.17022222222222222,0.1389841293560134,0.2604444444444444,0.22237460696962147,0.28844444444444445,0.2501714328408241,0.07952313481200471,0.18893665217111508,10.995065083300439,0.3716839201612731,2250.0,0.9469488859176636,0.1259671178036898,0.0458984375,0.8853297427242777,0.1963003540818088,8.0,0.053190595213479165,0.17114897777719631,12.741651498094589,0.403857334445011,2250.0,0.8176635280251503,0.0846727462119943,0.02392578125,0.46236865357658213,0.09370096485596051,8.0,0.07202509569769103,0.18261974777364068,11.425161560124709,0.3752105250947213,2250.0,0.9314478933811188,0.1661281435842158,0.041015625,1.0081161077003622,0.16493707947953806,8.0
socofing:000598:right_little,000598,right_little,899,peripheral_only,0.10,fingerprint_roi,12390541442578264948,roi:peripheral_only:12390541442578264948:0.450000,0.06866455078125,0.93133544921875,0.10001778093883357,0.8999822190611664,11248.0,0.2515808766825355,0.19890739023685455,0.26788307222165053,2.0,10123.0,0.21219006223451545,0.1886856575119016,0.3380420823866443,0.3018970520190426,0.38002568408574533,0.3396341835214229,0.14559618780514058,0.2912715100270189,8.368499961553029,0.16331410845100558,10123.0,0.9998764395713806,0.14356439450131522,0.032380756578947366,0.7107363531284602,0.13832290563118294,152.0,0.09285841183283895,0.23968434330838848,10.3217874839042,0.16495750414310856,10123.0,0.9863985180854797,0.08389283067028473,0.03060752467105263,0.6654380810384805,0.12776714129121375,152.0,0.12263457455336867,0.26762518598371016,9.113870712460983,0.13920144522514058,10123.0,0.9928717017173767,0.16735757332780332,0.02798622532894737,0.5922638235030855,0.11627238356964646,152.0
socofing:000598:right_little,000598,right_little,899,peripheral_only,0.20,fingerprint_roi,12390541442578264948,roi:peripheral_only:12390541442578264948:0.450000,0.1373291015625,0.8626708984375,0.20003556187766713,0.7999644381223329,11248.0,0.23482019190542025,0.1858617514371872,0.23821122779451323,0.0,8998.0,0.2037119359857746,0.1761151439290652,0.3241831518115137,0.2817842302865043,0.366859302067126,0.3170072590723173,0.11154935166986071,0.2551549218573706,9.525329495130002,0.16275818838190662,8998.0,0.9759031529538333,0.17321975102743303,0.03208705357142857,0.7231549785203263,0.13629457157794747,140.0,0.08778215628954442,0.23287769632484778,10.565937553075331,0.1620836165124502,8998.0,0.9326604902744293,0.1091741556678919,0.0283203125,0.5674331187131829,0.12186760243303014,140.0,0.11154935166986071,0.2551549218573706,9.525329495130002,0.16275818838190662,8998.0,0.9759031529538333,0.17321975102743303,0.03208705357142857,0.7231549785203263,0.13629457157794747,140.0
socofing:000598:right_little,000598,right_little,899,peripheral_only,0.30,fingerprint_roi,12390541442578264948,roi:peripheral_only:12390541442578264948:0.450000,0.2059326171875,0.7940673828125,0.29996443812233287,0.7000355618776671,11248.0,0.25360542196654595,0.20018140971660614,0.27194146240848244,0.0,7874.0,0.21488442976885955,0.19020406647490945,0.3366776733553467,0.30432650635985514,0.37833375666751334,0.34236731965483697,0.11099862206070298,0.2560360898326558,9.546824125209781,0.17296665829822674,7874.0,0.9860369558446109,0.11525044636751192,0.02556818181818182,0.5208596266197589,0.11106307784816616,121.0,0.08973506158319329,0.23661720930091973,10.470378348049852,0.17472301481766606,7874.0,0.9176321029663086,0.10126423594260098,0.03002324380165289,0.669624492434716,0.12938629340118912,121.0,0.11099862206070298,0.2560360898326558,9.546824125209781,0.17296665829822674,7874.0,0.9860369558446109,0.11525044636751192,0.02556818181818182,0.5208596266197589,0.11106307784816616,121.0
socofing:000598:right_little,000598,right_little,899,peripheral_only,0.40,fingerprint_roi,12390541442578264948,roi:peripheral_only:12390541442578264948:0.450000,0.27459716796875,0.72540283203125,0.39998221906116643,0.6000177809388336,11248.0,0.23761527715344224,0.18794508278369904,0.2981089870858234,0.0,6749.0,0.22047710771966217,0.1782114578650817,0.3523484960734924,0.28513833258413074,0.3923544228774633,0.3207806241571471,0.10834628159785173,0.25230488016997743,9.651859889057251,0.21605541530829003,6749.0,0.9826989769935608,0.2541493034045523,0.024345012626262628,0.4493889065986073,0.10725456085181496,99.0,0.08090973518074719,0.22250757220455517,10.919992202800284,0.23445581588905254,6749.0,0.8823350593447685,0.19585209126850311,0.022372159090909092,0.42912667387524406,0.09639665011509337,99.0,0.10834628159785173,0.25230488016997743,9.651859889057251,0.21605541530829003,6749.0,0.9826989769935608,0.2541493034045523,0.024345012626262628,0.4493889065986073,0.10725456085181496,99.0
socofing:000598:right_little,000598,right_little,899,peripheral_only,0.50,fingerprint_roi,12390541442578264948,roi:peripheral_only:12390541442578264948:0.450000,0.34326171875,0.65673828125,0.5,0.5,11248.0,0.24954733658085623,0.19746524095535278,0.32244696095094383,1.0,5624.0,0.22155049786628733,0.18716050243564214,0.3481507823613087,0.29945680389702745,0.39260312944523473,0.33688890438415586,0.1279395910266772,0.27164134670083395,8.92995041887498,0.22818340486743655,5624.0,0.9979145526885986,0.14832114799036253,0.024498456790123458,0.5649797227663271,0.10892409862575435,81.0,0.08538582599038122,0.22930094288101693,10.68614216021263,0.2583475572122905,5624.0,0.9171431045979261,0.1786734301765251,0.02671682098765432,0.5625993406147354,0.12107560585980474,81.0,0.10618111924296733,0.24668648738478963,9.739527011225436,0.25523651935765845,5624.0,0.9611908793449402,0.23669351359976118,0.021267361111111112,0.41921159843676553,0.09666144957275594,81.0
socofing:000598:right_little,000598,right_little,899,peripheral_only,0.60,fingerprint_roi,12390541442578264948,roi:peripheral_only:12390541442578264948:0.450000,0.41192626953125,0.58807373046875,0.6000177809388336,0.3999822190611664,11248.0,0.23226251469335354,0.18343624472618103,0.33203261951881646,2.0,4499.0,0.2078239608801956,0.17419688602001515,0.3302956212491665,0.2787150176320243,0.36852633918648586,0.3135543948360272,0.11930337901756415,0.2621919887596222,9.233472556766792,0.23962414846069768,4499.0,0.9721769671887159,0.07271623568421084,0.025870901639344263,0.5332212482350772,0.1165696002629852,61.0,0.08392049610829568,0.22530155122415918,10.761319574115149,0.279502453549011,4499.0,0.9305624961853027,0.07127054826508962,0.028304303278688523,0.6048897062022562,0.13024488072250123,61.0,0.11415591056531092,0.2528665429869243,9.425015974506149,0.30010958640582214,4499.0,0.9917765846475959,0.1550689833238436,0.02651127049180328,0.5417158524729447,0.11873620411419862,61.0
socofing:000598:right_little,000598,right_little,899,peripheral_only,0.70,fingerprint_roi,12390541442578264948,roi:peripheral_only:12390541442578264948:0.450000,0.4805908203125,0.5194091796875,0.7000355618776671,0.29996443812233287,11248.0,0.22908675951511112,0.18151573836803436,0.3399797640476279,1.0,3374.0,0.20687611144042678,0.17181506963633333,0.33254297569650265,0.2749041114181333,0.37077652637818614,0.3092671253454,0.11882327807630995,0.25949399275017904,9.25098470552037,0.3006906431354927,3374.0,0.9690485578030348,0.07661054613393628,0.028615552325581394,0.6057038891089694,0.13131986387295747,43.0,0.07914084700797654,0.21850100480556647,11.015993059916253,0.3465513260364711,3374.0,0.9035187475383282,0.09207448533541582,0.024164244186046513,0.5891258114995768,0.11142135571954523,43.0,0.09992434110277547,0.23557481955155557,10.003287067793632,0.3567500733298915,3374.0,0.9280168414115906,0.1934438281661949,0.019712936046511628,0.43797018700994106,0.09213393883442408,43.0
socofing:000598:right_little,000598,right_little,899,peripheral_only,0.80,fingerprint_roi,12390541442578264948,roi:peripheral_only:12390541442578264948:0.450000,0.5491943359375,0.4508056640625,0.7999644381223329,0.20003556187766713,11248.0,0.2849568408506888,0.2267390638589859,0.17264791220637551,2.0,2250.0,0.2391111111111111,0.2137176306380166,0.3622222222222222,0.34194820902082657,0.4177777777777778,0.38469173514842986,0.15605243698466492,0.3059490064637115,8.067294448087836,0.17670322321722323,2250.0,0.9863039255142212,0.24506589080873192,0.024658203125,0.5021827214361599,0.11440254318980679,32.0,0.1010477348795483,0.2549928146561401,9.954734173326331,0.2325603120684356,2250.0,0.9226276185363531,0.19533707947528214,0.0303955078125,0.6117139040022579,0.14302579847756883,32.0,0.14255564819877894,0.29336835312036175,8.460155708275696,0.2101461462797436,2250.0,0.9821397066116333,0.22769206683309193,0.02880859375,0.608090835287682,0.12681465060415015,32.0
