sample_id,mask_family,observed_fraction,selected_dataset_index,plain_pairwise_diversity_mae,plain_mean_predictive_std,plain_uncertainty_error_spearman,plain_best_sample_index,plain_missing_roi_pixels,plain_coverage_50,plain_interval_width_50,plain_coverage_80,plain_interval_width_80,plain_coverage_90,plain_interval_width_90,plain_single_mse,plain_single_mae,plain_single_psnr,plain_single_ssim_map_mean,plain_single_pixels,plain_single_max_absolute_error,plain_single_orientation_error,plain_mean_mse,plain_mean_mae,plain_mean_psnr,plain_mean_ssim_map_mean,plain_mean_pixels,plain_mean_max_absolute_error,plain_mean_orientation_error,plain_best_of_k_mse,plain_best_of_k_mae,plain_best_of_k_psnr,plain_best_of_k_ssim_map_mean,plain_best_of_k_pixels,plain_best_of_k_max_absolute_error,plain_best_of_k_orientation_error,reinjected_pairwise_diversity_mae,reinjected_mean_predictive_std,reinjected_uncertainty_error_spearman,reinjected_best_sample_index,reinjected_missing_roi_pixels,reinjected_coverage_50,reinjected_interval_width_50,reinjected_coverage_80,reinjected_interval_width_80,reinjected_coverage_90,reinjected_interval_width_90,reinjected_single_mse,reinjected_single_mae,reinjected_single_psnr,reinjected_single_ssim_map_mean,reinjected_single_pixels,reinjected_single_max_absolute_error,reinjected_single_orientation_error,reinjected_mean_mse,reinjected_mean_mae,reinjected_mean_psnr,reinjected_mean_ssim_map_mean,reinjected_mean_pixels,reinjected_mean_max_absolute_error,reinjected_mean_orientation_error,reinjected_best_of_k_mse,reinjected_best_of_k_mae,reinjected_best_of_k_psnr,reinjected_best_of_k_ssim_map_mean,reinjected_best_of_k_pixels,reinjected_best_of_k_max_absolute_error,reinjected_best_of_k_orientation_error
socofing:000023:left_thumb,random_rectangles,0.10000000149011612,0,0.25527066375359453,0.24469615519046783,-0.20945930681800845,3.0,11110.0,0.10315031503150315,0.16365634706458135,0.4485148514851485,0.39927163033685,0.5508550855085509,0.47781005809427274,0.21996547723274293,0.4123384977197132,6.576454747405659,0.018944329989106237,11110.0,0.9999988079071045,0.6139956483581281,0.12250242494681206,0.287306371734781,9.118553143149931,0.040469967811824444,11110.0,0.954755861312151,0.855531972287469,0.1197904814412492,0.2806422425164069,9.215776896409903,-0.0032880186424564584,11110.0,0.9497309923171997,0.9831225516839105,0.2777232061459286,0.2532220780849457,-0.23431872556665492,1.0,11110.0,0.20378037803780377,0.2352048945550335,0.5161116111611161,0.44010529867439635,0.5971197119711971,0.5084054333808505,0.2127388680175587,0.4023545419467021,6.721531559673868,0.02316871372929698,11110.0,0.9999993443489075,0.6572909180951396,0.10412861911640947,0.25855947980786315,9.824298908915528,0.05088677517904725,11110.0,0.9617294669151306,0.7709328911796768,0.10778342068978591,0.2708678950499458,9.674480374488052,0.026945983109119494,11110.0,0.9782018065452576,0.9704353875461359
socofing:000030:left_thumb,irregular,0.30000001192092896,10,0.3001381063687508,0.2565132975578308,-0.22545208222435006,3.0,7905.0,0.17103099304237823,0.300043144149165,0.28488298545224544,0.4802114739680426,0.3333333333333333,0.5402675839076684,0.3435962334687251,0.5150825277903953,4.639516055879268,0.048191164809291524,7905.0,0.9999943971633911,0.961262108984516,0.25750275278176565,0.44288200259103827,5.892181238595262,0.0433404044139925,7905.0,0.996831375407055,0.7291706241723406,0.21794093397314823,0.386813914059537,6.6166119229129325,-0.004614971647012815,7905.0,0.9998577237129211,0.38714902506123505,0.3207884680659314,0.27210795879364014,-0.006611026743204239,3.0,7905.0,0.19810246679316887,0.3118112237147332,0.352561669829222,0.5123638244703704,0.4155597722960152,0.5792146913889162,0.20993547673434557,0.3825192498904402,6.779141643330142,0.07742585713924764,7905.0,0.9984978139400482,1.0185097743084381,0.19444731134074447,0.37889023026631724,7.111980575458409,0.06356638213145133,7905.0,0.970180194824934,0.681589118178451,0.11567067464280985,0.2696717140306633,9.367767314120822,-0.00045262693930302097,7905.0,0.9744769334793091,0.22518509725927924
socofing:000032:left_thumb,central_missing,0.5,20,0.3147330353378493,0.29585033655166626,-0.060846633013089776,4.0,8192.0,0.1558837890625,0.23870955199890886,0.38623046875,0.4959705082066649,0.4788818359375,0.5817241602759168,0.432298906914939,0.5871473964135703,3.6421586259591203,0.009645788240911096,8192.0,0.9999992549419403,0.7553474768044296,0.24011334658097536,0.41635665233297914,6.195836992292144,0.02410930201695029,8192.0,0.9798567593097687,0.40023958623447875,0.1158210761976168,0.27227951164275055,9.36212403963904,0.001711345399916648,8192.0,0.9713892936706543,0.3597948872825476,0.32353776984236904,0.27491360902786255,-0.00751230252633974,1.0,8192.0,0.33349609375,0.3465041990421014,0.4921875,0.5199570746677636,0.54736328125,0.5777746998763178,0.23708355775978462,0.40476446203012983,6.250985642074034,0.04508040081211598,8192.0,0.9915408790111542,0.15798743151132671,0.14319679211010938,0.3113704208871013,8.440667109700822,0.03395612966623042,8192.0,0.924745187163353,0.23938551565403665,0.1152344374934716,0.2728886110020312,9.38417713808805,0.01149150907937366,8192.0,0.9781817784532905,0.15240769826594022
socofing:000039:left_thumb,peripheral_only,0.699999988079071,30,0.11063701017630087,0.1009608581662178,0.04153790545031621,1.0,2823.0,0.14240170031880978,0.08666823304506045,0.2614240170031881,0.17462233856895737,0.291888062345023,0.20394037374358961,0.20770449985486872,0.35221946937171594,6.825540945050095,0.0730017585391586,2823.0,0.9954689145088196,0.3623377983995898,0.20926703916977668,0.3566272973495862,6.792991702946265,0.06782655470027459,2823.0,0.9932093382813036,0.3439254566497662,0.19243560896566303,0.3412822412197939,7.157145614750409,0.0828490785314022,2823.0,0.9999838471412659,0.35281671817911353,0.21485663304673497,0.18352629244327545,0.08379910126610166,0.0,2823.0,0.23910733262486716,0.19843159234359084,0.39461565710237334,0.3421281088044616,0.44137442437123625,0.39002694762475176,0.15442852452370998,0.29759451542118925,8.11272477969993,0.11897571753958447,2823.0,0.9863534569740295,0.12762693212266665,0.11895840951384669,0.2725383991412185,9.246048510091144,0.13318374068475147,2823.0,0.9198757484555244,0.08374760496642872,0.15442852452370998,0.29759451542118925,8.11272477969993,0.11897571753958447,2823.0,0.9863534569740295,0.12762693212266665
socofing:000052:left_thumb,disconnected_fragments,0.10000000149011612,40,0.22416433745126213,0.19789966940879822,-0.09520733471989819,1.0,10542.0,0.10481881995826219,0.1893912070821119,0.2832479605387972,0.35518562688510436,0.3459495351925631,0.41045043348610183,0.2268044014805275,0.40630873535665923,6.443485215597438,0.033287254441649865,10542.0,0.999999463558197,0.5533692472410336,0.18385068359841653,0.36074110090781736,7.355347509870241,0.04667468072186784,10542.0,0.9933884502388537,0.6597052623059289,0.1424701352960931,0.29854324360236206,8.462761632724137,0.04400927636533549,10542.0,0.999445766210556,0.5848843460319246,0.25802565153071194,0.22091031074523926,-0.061966123101734556,3.0,10542.0,0.2763232783153102,0.23858882931791342,0.4686017833428192,0.41089736022785933,0.5238095238095238,0.4683335371978412,0.1793197376907231,0.348602096994537,7.463719050926323,0.05093478997744446,10542.0,0.9999429881572723,0.49961793872991717,0.11956173632174147,0.2709630802101921,9.224077865946537,0.06726205737537212,10542.0,0.9655330292880535,0.5468139580782916,0.11644500842553301,0.2663281839563552,9.338791233569474,0.06613900274948765,10542.0,0.9791436493396759,0.537294070270643
socofing:000054:left_index,stripes,0.4000000059604645,51,0.09871834852949972,0.09104873985052109,0.18520727039102583,0.0,6876.0,0.033595113438045374,0.07184007609996634,0.09744037230948226,0.15526153040424626,0.1227457824316463,0.18306868183900615,0.2707433955699701,0.4312258652325258,5.6744212861769885,0.03996349183248969,6876.0,0.9996347725391388,0.7414307708421121,0.30356610613983775,0.46588738720518486,5.177467200564147,0.03423564743669225,6876.0,0.9987209737300873,0.6103173128349466,0.2707433955699701,0.4312258652325258,5.6744212861769885,0.03996349183248969,6876.0,0.9996347725391388,0.7414307708421121,0.23184155700181094,0.19491298496723175,0.12492891375318346,4.0,6876.0,0.23036649214659685,0.22105330036798143,0.3715823152995928,0.36986766553951456,0.41506689936009306,0.41947245393002563,0.1922313994786884,0.3531732372988347,7.161756723045634,0.07155742259789892,6876.0,0.9926915466785431,0.4558587519629635,0.14950510632743153,0.31504738990731057,8.25343973814775,0.08700948936065626,6876.0,0.960977353155613,0.7414086355491981,0.13988812587565363,0.3022451627627882,8.542191481639268,0.07273952108145802,6876.0,0.9886192381381989,0.898042973318496
socofing:000057:left_index,random_rectangles,0.30000001192092896,61,0.25473114195762175,0.2274169921875,0.131777959777661,2.0,9460.0,0.27389006342494715,0.2250713774883218,0.46035940803382663,0.40460385068526483,0.5252642706131079,0.46444800841757905,0.1773874355905239,0.3333059280102159,7.510771446336473,0.03137592974452566,9460.0,0.999872624874115,0.954461520327451,0.14683243067687685,0.3024620685363129,8.331780118008108,0.04654859900792237,9460.0,0.9400967583060265,0.7770619186852186,0.13201034400678513,0.28272572270014673,8.793920372103745,0.04382012140782765,9460.0,0.9893181324005127,0.7856866491665985,0.30003616813058326,0.2611061930656433,0.18198169368525893,4.0,9460.0,0.28086680761099364,0.24814382186336698,0.5121564482029598,0.4748686343822117,0.596723044397463,0.5504435718884931,0.16372606512641968,0.3184627885300662,7.85882175569969,0.03832145407920976,9460.0,0.9982925355434418,0.42878880599871133,0.10548367610973958,0.2631223252390159,9.768147434372384,0.06175090393220504,9460.0,0.8968732245266438,0.5122779321741046,0.14529147224005748,0.303861169005945,8.37759875500826,0.0722731768224715,9460.0,0.9938667118549347,0.26260877353829654
socofing:000061:left_index,irregular,0.5,71,0.21897951222984463,0.2012806087732315,0.07860733329053246,3.0,4742.0,0.20118093631379164,0.16895875467976554,0.38781105018979334,0.34536514381274347,0.4409531843104175,0.4041672735237361,0.16722042146213564,0.3230251155694289,7.767106863064179,0.09480922233044455,4742.0,0.9964655339717865,0.8762451055278191,0.17343482864951504,0.3289602895868521,7.608636844178971,0.07735767682034714,4742.0,0.997658371925354,0.6540114207213837,0.1656414588012471,0.32230000405441556,7.808309533293917,0.059066017471239636,4742.0,0.9999988377094269,1.1378402998305965,0.27728832211865495,0.23603413999080658,0.11018323781773377,1.0,4742.0,0.29966258962463094,0.26181915375387954,0.4858709405314213,0.4421143985533705,0.5436524673133699,0.502212813486534,0.13802795341887233,0.2951898665453348,8.600329513800265,0.16741859107440535,4742.0,0.993217408657074,0.12996056243388895,0.09264285293867593,0.2477850118681053,10.331880793026686,0.1480953682212533,4742.0,0.9160674661397934,0.11740666896479836,0.1336532615663281,0.2813356990475429,8.740204386060956,0.1524358037034295,4742.0,0.9935187697410583,0.5144009266435356
socofing:000064:left_index,central_missing,0.699999988079071,81,0.10087847439828021,0.09531805664300919,0.06420866759437764,2.0,4915.0,0.0948118006103764,0.06478890181194123,0.2278738555442523,0.15779660177861446,0.2612410986775178,0.18879916843417213,0.2204376928421424,0.36796525566206745,6.567141430610558,0.019863558236992915,4915.0,0.9999561011791229,0.7848386699094291,0.18101881327937214,0.3283372445805088,7.4227628657378215,0.042385465253464594,4915.0,0.9890464902855456,0.45356480150782325,0.16477523745225914,0.3131823212998831,7.831080538396237,0.05406065822935088,4915.0,0.992718368768692,0.20103454007986152,0.2490022755942533,0.20895054936408997,0.13336333991383584,3.0,4915.0,0.2441505595116989,0.23601450803078566,0.4016276703967447,0.3971048641944586,0.46531027466937946,0.45080164958234964,0.13850715788891904,0.2949938770416756,8.58527782185576,0.012468237120972175,4915.0,0.981715738773346,0.07219881349685908,0.0860328682842576,0.24394405871612662,10.653355977402253,0.07466010045553176,4915.0,0.914018452167511,0.3393841126737069,0.12010318234163896,0.27134278099614434,9.204454850608496,0.09335043488928708,4915.0,0.9881369173526764,0.5873034101914175
socofing:000066:left_index,central_only,0.10000000149011612,91,0.20705577278127535,0.18694791197776794,0.08582248480118902,3.0,9859.0,0.15214524799675425,0.16773671850687544,0.2942489096257227,0.32735733102260056,0.3438482604726646,0.3805642018611755,0.24131816534286954,0.39770268395561803,6.174099851312704,0.03283597751441623,9859.0,0.9999945759773254,0.499584630291098,0.23173373588417617,0.3940472810513574,6.350107368538889,0.053663325732687686,9859.0,0.993273860309273,0.5035202320422246,0.2034059059893971,0.35965190907031147,6.916364412787223,0.07423104887796694,9859.0,0.9998432099819183,0.6458672136095088,0.22586221361585895,0.20153386890888214,0.032330335874809525,0.0,9859.0,0.16898265544172836,0.18305445395131204,0.3298508976569632,0.35709876581891964,0.38604320925043106,0.4151135364414555,0.20138139968881272,0.36453704796205305,6.959806449321326,0.04083944893941154,9859.0,0.9999515116214752,0.4685771391682178,0.21559496596550104,0.3792156008829588,6.663613839255974,0.06715132538960547,9859.0,0.9920842824503779,0.4483542422222251,0.20138139968881272,0.36453704796205305,6.959806449321326,0.04083944893941154,9859.0,0.9999515116214752,0.4685771391682178
socofing:000068:left_index,disconnected_fragments,0.30000001192092896,101,0.2198037769060394,0.19317665696144104,0.35235921768035117,1.0,7730.0,0.24204398447606726,0.20047913048739266,0.4091849935316947,0.3497535784077984,0.45769728331177234,0.39951172771460025,0.18095524202844332,0.3079474321974352,7.424288314502178,0.08026960076099991,7730.0,0.9999919831752777,0.35194184803983225,0.1389418129408623,0.2772732024298822,8.571670386625001,0.0873262921741516,7730.0,0.9699530061334372,0.30167680454987533,0.1287279978231924,0.27322896886538633,8.903269855142428,0.07587240129745913,7730.0,0.9855997562408447,0.21614831720938657,0.2528249146050038,0.21229322254657745,0.3660557967063283,0.0,7730.0,0.2677878395860285,0.25046046891311163,0.41953428201811127,0.4042834187988168,0.4759379042690815,0.45555773542738515,0.1097719762849221,0.25460917190046206,9.595085168822774,0.08523127416743273,7730.0,0.9704140406101942,0.6507641699372385,0.09396593695124346,0.2437666277890907,10.270295514547879,0.08856932784822243,7730.0,0.8926127105951309,0.30660055099614386,0.1097719762849221,0.25460917190046206,9.595085168822774,0.08523127416743273,7730.0,0.9704140406101942,0.6507641699372385
socofing:000077:left_index,stripes,0.5,111,0.29150369965964873,0.25069141387939453,0.14120259533672586,4.0,5846.0,0.32192952446117,0.2897441822384222,0.5022237427300719,0.4662299677133153,0.5590147109134451,0.5250585628716129,0.2397842504835112,0.38518490154981827,6.201793456438799,0.04155224121681684,5846.0,0.9999994337558746,0.5029661004178408,0.1203370203741296,0.2766018615064749,9.196007461358214,0.08171638125402739,5846.0,0.9252370223402977,0.2500267244636163,0.13274211579871592,0.28593268845513276,8.769912643466503,0.08810195343169946,5846.0,0.9914723034016788,0.4697883342943071,0.23933460402582513,0.20340760052204132,0.10706778888521903,0.0,5846.0,0.24905918576804653,0.21924798906338855,0.4125898049948683,0.3809267049450765,0.46698597331508723,0.4348196102389725,0.1293815528811727,0.28620147119361294,8.881276406149377,0.09278282278727497,5846.0,0.9603559970855713,0.3034715730072,0.10552327478109831,0.2602111108639646,9.766517394737095,0.09234348359448562,5846.0,0.9016401395201683,0.2024264638720727,0.1293815528811727,0.28620147119361294,8.881276406149377,0.09278282278727497,5846.0,0.9603559970855713,0.3034715730072
socofing:000081:left_index,random_rectangles,0.4000000059604645,121,0.293232761586986,0.2645963132381439,-0.004543953238112951,1.0,8883.0,0.2335922548688506,0.2518769169892463,0.44331869863784756,0.46503683407940366,0.5107508724530001,0.5360901397761226,0.3266112329676514,0.4886495013125568,4.859688828817296,0.023869024226594288,8883.0,0.9999974966049194,0.9306998575904232,0.1839563076821356,0.351526103869645,7.3528531604389515,0.04585016268165962,8883.0,0.9538911394774914,0.7457013642669936,0.12977089710048847,0.2888849669616918,8.868226930966612,0.0748320216413662,8883.0,0.9445881843566895,0.761866587079244,0.2802436129884195,0.23569506406784058,0.07994622154429121,1.0,8883.0,0.28965439603737475,0.2790474323227668,0.4499605988967691,0.4482701627149059,0.5132275132275133,0.5046777395122856,0.1953413269342427,0.35816855147883775,7.092058664879167,0.035304352960719154,8883.0,0.9916816055774689,0.9715399208351713,0.11425435031158743,0.2802013342781868,9.42127254887451,0.05084982701752689,8883.0,0.8455176949501038,0.8215628251973763,0.12800501041034376,0.28942940657753735,8.92773030735123,0.07359386073093813,8883.0,0.9587378464639187,0.8393311053316614
socofing:000089:left_index,irregular,0.6000000238418579,131,0.2506788563610857,0.21772746741771698,-0.014235587663822415,4.0,4262.0,0.1367902393242609,0.2329403299056885,0.24167057719380572,0.3993123175321975,0.27803847958704836,0.4547696467410337,0.31556144785822743,0.47497123983176887,5.009160599782726,0.07246975168760912,4262.0,0.9999954998493195,0.46747057993801266,0.27422602222028636,0.45304495850055965,5.618913359416522,0.10271812161310319,4262.0,0.9837663946673274,0.36440947492459097,0.2625231179924886,0.4243526554267446,5.80832446259961,0.09460633177275071,4262.0,0.9996245205402374,0.5142935605996078,0.2898637744936793,0.24312424659729004,0.15942316804193796,1.0,4262.0,0.22524636320976069,0.2827221101253931,0.3667292351008916,0.4630678727530583,0.41952135147817926,0.52318312696228,0.16102098795482025,0.3208575942951282,7.9311751304328055,0.10335763436602728,4262.0,0.9924534857273102,0.18303317519794512,0.12578098668727153,0.300986602188515,9.00385002776841,0.14666484220594725,4262.0,0.8724732547998428,0.15063327827006015,0.1526031783065287,0.30593311527992173,8.164364211215515,0.1442466795883766,4262.0,0.991380363702774,0.09312496281263757
socofing:000093:left_index,central_missing,0.800000011920929,141,0.12185187081138209,0.12369251996278763,-0.07564673807533845,0.0,3277.0,0.04790967348184315,0.04848703466467207,0.20323466585291425,0.18762650968354036,0.24748245346353373,0.23400633468982973,0.1833748632947176,0.34485848892783094,7.366601969134702,0.05848122222389697,3277.0,0.9941680431365967,0.5417975589198051,0.2604443573430423,0.41950961611986426,5.842850473360115,0.04398665107455617,3277.0,0.994685274315998,0.5370546763787295,0.1833748632947176,0.34485848892783094,7.366601969134702,0.05848122222389697,3277.0,0.9941680431365967,0.5417975589198051,0.22537816219079554,0.19223448634147644,0.013309400436069327,4.0,3277.0,0.22001830942935613,0.20535536930260587,0.3790051876716509,0.3586027802164539,0.4284406469331706,0.40968525052106997,0.22022764686210172,0.37866427903644784,6.57128161631463,0.06697478475189615,3277.0,0.995049923658371,0.4969768998459107,0.14063923523353644,0.30171324496095225,8.518935038655686,0.09929426958362741,3277.0,0.8935835212469101,0.154936753054338,0.13542673354273774,0.29108914001985503,8.68295596477503,0.1252242555301498,3277.0,0.9920497834682465,0.2553309374725762
socofing:000096:left_middle,central_only,0.30000001192092896,152,0.39964627918151,0.34109485149383545,0.2462526229140741,1.0,5821.0,0.47191204260436354,0.44996798583228775,0.6624291358873046,0.6444662173554938,0.728397182614671,0.7092989611965624,0.19240993334514883,0.356623830832125,7.157725108552434,0.05059877236322953,5821.0,0.9851192831993103,0.7505850220430311,0.10855026342256206,0.27052408673105677,9.643691182913086,0.1079574060344606,5821.0,0.8375075459480286,0.4700802581969385,0.15695382320920725,0.2983529198498143,8.042281009359742,0.12600877720838632,5821.0,0.954219251871109,0.36889466828211487,0.32737247754548177,0.27504172921180725,0.20072481950705634,1.0,5821.0,0.3580140869266449,0.32745618803090315,0.5571207696272118,0.523804335121313,0.6241195670846934,0.589253717484783,0.19662823339802268,0.3567521816461618,7.06354122675723,0.05252183718134737,5821.0,0.9963243305683136,0.5499263611477653,0.10647049441401918,0.2675727857860774,9.727707292070779,0.09897304658347732,5821.0,0.9208382368087769,0.4229432867463982,0.12609307432407618,0.27976097619832024,8.993087664438658,0.09909284856299318,5821.0,0.9736395478248596,0.4548394793093591
socofing:000097:left_middle,disconnected_fragments,0.5,162,0.26496898030282046,0.23762422800064087,0.09999632483408695,4.0,4880.0,0.3254098360655738,0.22456170146460416,0.5645491803278688,0.41990964060069114,0.6268442622950819,0.48502562031271995,0.1593331061209793,0.30738094190839815,7.976939774201498,0.03204889757283497,4880.0,0.9920422434806824,0.5982336109047905,0.0983403936680061,0.24392633442275538,10.072680575111761,0.08066007289659487,4880.0,0.908087182790041,0.21364253002427974,0.1267744698245542,0.2763530865266774,8.969681970116175,0.05488802845894213,4880.0,0.9676410555839539,0.20193708491388937,0.23488139593821078,0.1996356099843979,0.12689073035906187,0.0,4880.0,0.2889344262295082,0.2118970689898143,0.48114754098360657,0.37351180080629764,0.541188524590164,0.42738337807845866,0.096650979522786,0.24069287537160086,10.147937401953328,0.0778881522983757,4880.0,0.9460571967065334,0.6018694437448072,0.07303066436509484,0.21703007480112424,11.364947485331047,0.08682126510368698,4880.0,0.8627450913190842,0.2084937728963192,0.096650979522786,0.24069287537160086,10.147937401953328,0.0778881522983757,4880.0,0.9460571967065334,0.6018694437448072
socofing:000103:left_middle,stripes,0.699999988079071,172,0.1735301825570261,0.1644505113363266,-0.01823496719904915,4.0,2207.0,0.057997281377435435,0.11330826876927243,0.1653828726778432,0.2716261007124664,0.2120525600362483,0.3243987113601976,0.30572173684208276,0.4647697618859514,5.146736818006909,0.062041077343687356,2207.0,0.9999997317790985,0.42430312449734964,0.34342276014236245,0.5086056895538544,4.641709256087659,0.06618308126119543,2207.0,0.9988559543853626,0.3569595663340967,0.2808716043741076,0.4428430092959877,5.514921649884869,0.0869498863438695,2207.0,0.9997034072875977,0.5248572370328863,0.2628294089313649,0.22125144302845,0.101724597277666,0.0,2207.0,0.20752152242863617,0.24668771813074603,0.34934299954689624,0.41891288521012193,0.40371545083824195,0.47632127423658055,0.17850629484183614,0.34393109851860704,7.483464643312238,0.09980970584955963,2207.0,0.9934405386447906,0.2472028084685049,0.15851972893338617,0.33255090949234883,7.999166789749617,0.140623132249317,2207.0,0.90751101821661,0.2790728793550821,0.17850629484183614,0.34393109851860704,7.483464643312238,0.09980970584955963,2207.0,0.9934405386447906,0.2472028084685049
socofing:000107:left_middle,random_rectangles,0.6000000238418579,182,0.32818392741841546,0.30261120200157166,0.40915086668816725,2.0,5170.0,0.24332688588007736,0.26480818744784856,0.4678916827852998,0.5187567098724082,0.5740812379110252,0.6034062173472612,0.1891558777948273,0.3416996236813995,7.23180158975002,0.06305623385598802,5170.0,0.9996677935123444,0.8818952076102748,0.17140293721401464,0.3368294522312165,7.659817401438067,0.08703645898399563,5170.0,0.9059144705533981,0.49727186277683505,0.12269381476916427,0.2615043974547274,9.11177330340059,0.10147106862213824,5170.0,0.9915171256288886,0.21006918396410276,0.27454147027239806,0.2290785163640976,0.3220616715623081,2.0,5170.0,0.29245647969052224,0.27575235917328406,0.4595744680851064,0.43938744132592555,0.520889748549323,0.49393246871013935,0.0987669384407646,0.2492381038708969,10.05388408202534,0.07210002816751455,5170.0,0.9625266790390015,0.9150633697043853,0.09053480784568926,0.2464684384018435,10.431844158339722,0.12072937393095973,5170.0,0.854096531867981,0.1322472198989843,0.09884554973571046,0.23901921214825858,10.050428788918493,0.1280332636134109,5170.0,0.9594400487840176,0.10353835926989566
socofing:000112:left_middle,irregular,0.800000011920929,192,0.3412725946416896,0.29115551710128784,0.29262379635499475,4.0,1657.0,0.3047676523838262,0.3762945409236936,0.5304767652383826,0.5495383460549037,0.6022933011466506,0.6072862810986402,0.30835771584444094,0.4708724916970507,5.10945180019453,0.07995225840383897,1657.0,0.9999852478504181,0.31816041316933963,0.11966620572949833,0.2941405946030813,9.220284789785655,0.16102413429709267,1657.0,0.8980386257171631,0.30527646601555397,0.09015959518329443,0.2253185377406225,10.449880469403894,0.15093897360582068,1657.0,0.8986614868044853,0.21759185466754632,0.23178956794968988,0.19439469277858734,0.2847984686730548,1.0,1657.0,0.3796016898008449,0.22353601811805546,0.5763427881713941,0.37003795373634035,0.6342788171394086,0.41887193227576863,0.08684781904270633,0.2253394003779901,10.612410832573058,0.14631466121705985,1657.0,0.9022157713770866,0.2528360898222913,0.04395128378582095,0.16623867684430074,13.570284349712056,0.2569789892747143,1657.0,0.6986506879329681,0.13522770057870068,0.07400929436808637,0.2028067330405449,11.307137364946584,0.19106964460201667,1657.0,0.9043288752436638,0.1681812704704136
socofing:000115:left_middle,peripheral_only,0.20000000298023224,202,0.24466500059027477,0.22329562902450562,-0.0388350865950184,2.0,8108.0,0.10014800197335964,0.188149382316631,0.2622101628021707,0.3858124391170753,0.33793783917118897,0.45170012471722326,0.3206827930351912,0.4929390731441651,4.939243425048325,0.03203012809985386,8108.0,0.9999911487102509,0.9230548039949511,0.23286925491303612,0.4175896352960319,6.32887846385959,0.0409890903738683,8108.0,0.9869565009139478,0.8062231929266541,0.16148654789680753,0.3200887308854469,7.918636492927003,0.03392642444657286,8108.0,0.9997301399707794,0.8360700420869651,0.24257840258797575,0.20420123636722565,0.051126509987746524,2.0,8108.0,0.20905278737049826,0.22749360702604746,0.35569807597434633,0.38661696458456846,0.4181055747409965,0.439658083770742,0.14197950167606402,0.30364324771791107,8.477743524590506,0.07836482529632567,8108.0,0.9686724543571472,0.8938509924459073,0.12940262654050155,0.29911973950372467,8.880569085168572,0.0781847471324166,8108.0,0.9162469133734703,0.740788523577758,0.13253051133129803,0.29051362360582045,8.776841264261778,0.0364001356362038,8108.0,0.9962820708751678,1.005133055890862
socofing:000118:left_middle,central_only,0.4000000059604645,212,0.1409090083298531,0.12567023932933807,-0.03094496689138823,0.0,3760.0,0.015159574468085106,0.1209116870894077,0.04920212765957447,0.22345468120372045,0.07234042553191489,0.2576356792418246,0.3875448547003688,0.5394656983858094,4.116780247151125,0.060567588604248296,3760.0,1.0,0.409229858872924,0.4144835073121106,0.5815207656421361,3.8249274575507113,0.034972448787520295,3760.0,0.9999005913705332,0.39695758432607714,0.3875448547003688,0.5394656983858094,4.116780247151125,0.060567588604248296,3760.0,1.0,0.409229858872924,0.2690258675385663,0.23255862295627594,-0.03345467988844288,2.0,3760.0,0.17898936170212765,0.24949515702084024,0.32872340425531915,0.42848831700993345,0.37872340425531914,0.4881527036729645,0.235613225543902,0.387491780812753,6.2780033519424165,0.13002876439583216,3760.0,0.9999902248382568,0.38330015165936665,0.22285095295461027,0.38992179691150014,6.519855044450075,0.1030376499565324,3760.0,0.9856959404423833,0.24375128730175355,0.19185199796959493,0.3457701785291763,7.170336736475679,0.0932363438784224,3760.0,0.9998579323291779,0.3122141626667653
socofing:000132:left_middle,disconnected_fragments,0.6000000238418579,222,0.24469311568390922,0.21191252768039703,0.13800790985791406,0.0,4078.0,0.2663070132417852,0.2337167402688284,0.40926924963217265,0.39041134755274665,0.45708680725846,0.4426428833140527,0.16237664445590785,0.30859362455052947,7.8947643761554325,0.10481486704591751,4078.0,0.9946162402629852,0.1375128943198495,0.15840738768732882,0.31526139474779435,8.002245679673363,0.07871950407446547,4078.0,0.9847342316061258,0.19612061146805512,0.16237664445590785,0.30859362455052947,7.8947643761554325,0.10481486704591751,4078.0,0.9946162402629852,0.1375128943198495,0.2714200430316279,0.2315445989370346,0.3099993180394831,0.0,4078.0,0.2260912211868563,0.2421452755171508,0.3967631191760667,0.43134459209915704,0.4668955370279549,0.49441103095982575,0.13652540047683115,0.28267606301438714,8.647865408526805,0.18258761955512703,4078.0,0.9840660686604679,0.12314532240836286,0.1108285357891523,0.27469223555448763,9.553484044073974,0.11237334631770883,4078.0,0.8480930924415588,0.19289439393662386,0.13652540047683115,0.28267606301438714,8.647865408526805,0.18258761955512703,4078.0,0.9840660686604679,0.12314532240836286
socofing:000138:left_middle,stripes,0.800000011920929,232,0.3070419287996884,0.269096314907074,0.3223616436030873,2.0,1966.0,0.38504577822990843,0.31793184061501545,0.5651068158697864,0.4923560772610342,0.6220752797558494,0.5504974894763737,0.16769092920576986,0.3153536724344006,7.754904287619779,0.10405394084749976,1966.0,0.990226267836988,0.6450859818585734,0.08684966972274352,0.2361228452561497,10.612318287754633,0.09364289683066981,1966.0,0.8742574155330658,0.3227250689607384,0.13539431482148456,0.2761356649341939,8.68399571201055,0.0774314538265643,1966.0,0.993392288684845,0.18936582028240545,0.2649747476512272,0.22303324937820435,0.23953479996001037,0.0,1966.0,0.237029501525941,0.2455428414584904,0.39420142421159715,0.42201640562268994,0.44659206510681587,0.48084092701075637,0.10362791121638788,0.24329998477888867,9.845232556459798,0.10867102747245604,1966.0,0.937909871339798,0.5612569069930256,0.0821846599665852,0.2445761100756192,10.852092373696347,0.08820090227845685,1966.0,0.7355906665325165,0.32340574017154783,0.10362791121638788,0.24329998477888867,9.845232556459798,0.10867102747245604,1966.0,0.937909871339798,0.5612569069930256
socofing:000153:left_middle,random_rectangles,0.699999988079071,242,0.21425608971384494,0.18702055513858795,0.33289962040113324,1.0,4022.0,0.24763799104922923,0.2192949431340295,0.40303331675783194,0.34331362888417033,0.4512680258577822,0.384653190800884,0.11621600888770205,0.2599485403342216,9.347340432649126,0.06094028222858989,4022.0,0.9815597236156464,0.17030151456568077,0.125408007019459,0.27272919545993496,9.016747338932374,0.09367986054291737,4022.0,0.9473103359341621,0.2114871279318976,0.10194265927304916,0.2414743023415567,9.916440416071543,0.1282246802362556,4022.0,0.9938617050647736,0.10009638446681389,0.2672167924596326,0.2250119000673294,0.28461170627652127,4.0,4022.0,0.33863749378418695,0.2590109787358982,0.5412729985082049,0.4267262865630386,0.6106414719045251,0.4826313891720855,0.10738401113114263,0.25365899532939823,9.690603778025984,0.07508737359260478,4022.0,0.980365751311183,0.1300699157142746,0.06414783227564941,0.20348118734001847,11.928180149964616,0.15678839373581435,4022.0,0.8318248987197876,0.10541212957579364,0.09549092432277237,0.23465557664508682,10.20037902802002,0.09238769879397608,4022.0,0.9569244086742401,0.1191239542924227
socofing:000161:left_ring,central_missing,0.20000000298023224,253,0.37962581416303437,0.32514190673828125,0.08642914737081614,4.0,8669.0,0.4606067597185373,0.4352289147168821,0.6499019494751413,0.61296161271624,0.7090783250663283,0.6722058453826923,0.28005138991408624,0.44333091444481015,5.527622675568543,0.023744129577622383,8669.0,0.9999997913837433,0.5386226831268249,0.11451830065886753,0.2740627976999994,9.411251051138724,0.04565938270183764,8669.0,0.9331133812665939,0.5387055817857407,0.12631632003606458,0.28272700155884833,8.985405350842338,0.030217600148892798,8669.0,0.9886810779571533,1.1201789676448985,0.3988158252786801,0.3315540850162506,0.12372093951176154,4.0,8669.0,0.5051332333602492,0.4543273304418814,0.6928134732956511,0.6436564709622083,0.7508363133002653,0.7067661844689839,0.20000296980771812,0.35963592333577327,6.9896355552837655,0.0363080343342216,8669.0,0.9999904930591583,0.2551178400460023,0.08466096811283322,0.24165837134340212,10.723167696009954,0.05133643229703644,8669.0,0.7743226289749146,0.4494183188196727,0.1202288309695781,0.27851109856308626,9.199913756811407,0.03673119376921949,8669.0,0.969847559928894,1.0551573547007216
socofing:000163:left_ring,peripheral_only,0.4000000059604645,263,0.2740818678064839,0.24035890400409698,-0.032439243559544834,3.0,4372.0,0.24405306495882892,0.26139400293411513,0.4592863677950595,0.4372622020031374,0.5224153705397987,0.49588493502614484,0.22987476571864549,0.4037887713695516,6.385087003733389,0.026790583121408463,4372.0,0.9999997913837433,0.22829955132618904,0.14321353032486664,0.2994210723807144,8.440159494315143,0.08353489322405819,4372.0,0.9834171533584595,0.2811903625339724,0.09549465615892878,0.24254613541652878,10.200209306740934,0.07717621588305741,4372.0,0.976557582616806,1.1403734754715997,0.197598680379406,0.1657833755016327,0.08858954434705614,3.0,4372.0,0.2783623055809698,0.17887795564513193,0.4782708142726441,0.3142858161336222,0.527676120768527,0.3594217696297856,0.10893609480066435,0.2605840608985432,9.628281976044832,0.07021486343123128,4372.0,0.974027693271637,0.36434184382211166,0.08141039920439289,0.21837181119590807,10.89320115643735,0.11885571278254671,4372.0,0.7930882424116135,0.3847842269755485,0.08807649401278268,0.23398487148712724,10.551399812888791,0.08828070453468487,4372.0,0.8860321938991547,0.7129479792228547
socofing:000185:left_ring,central_only,0.6000000238418579,273,0.2404438338827813,0.21065400540828705,0.24529916337262622,3.0,2175.0,0.30942528735632185,0.22714131856786793,0.5140229885057471,0.3833798826809587,0.56,0.435459404051989,0.16916492559890534,0.3223366991481904,7.716896779275891,0.07621360518804454,2175.0,0.9736892282962799,0.7736343401625816,0.07040481826241692,0.2054511675709623,11.523976182275593,0.14351772241032984,2175.0,0.8436862584203482,0.5358764306498368,0.0853991840645996,0.22372506738779532,10.685462787013321,0.08364821658819536,2175.0,0.8906486928462982,0.40247483776285425,0.2040574578307141,0.17147916555404663,0.2423266912656821,0.0,2175.0,0.28183908045977013,0.20084445114793448,0.4340229885057471,0.32617063186086453,0.48183908045977014,0.36794602543184124,0.05926064588800505,0.18698648294241263,12.2723361940899,0.14695534026320423,2175.0,0.7968876324594021,0.45673624444507094,0.04635296467984956,0.1757794657683578,13.339224836786316,0.16699826187649242,2175.0,0.6271049939095974,0.46920562736732857,0.05926064588800505,0.18698648294241263,12.2723361940899,0.14695534026320423,2175.0,0.7968876324594021,0.45673624444507094
socofing:000200:left_ring,disconnected_fragments,0.800000011920929,283,0.20114036484747316,0.1860722303390503,0.46070561748841,2.0,1480.0,0.252027027027027,0.1572269339215111,0.4175675675675676,0.31743324066336087,0.4574324324324324,0.3708353429106442,0.20225789127238156,0.3092572777292918,6.940945249978001,0.047919798917069024,1480.0,0.9999997317790985,0.36806439482897835,0.15042007713965078,0.27653682743509084,8.226941929396444,0.07566792919656636,1480.0,0.9503068625926971,0.2775410483310101,0.1103905822014963,0.24602719701109202,9.570679761755427,0.0884816198951545,1480.0,0.9853940904140472,0.2877754894865818,0.3173701090667699,0.265475332736969,0.2320272945468652,4.0,1480.0,0.252027027027027,0.32056862111832646,0.3837837837837838,0.5081120257119875,0.43175675675675673,0.5706264939098745,0.15298699301877383,0.29044656565891125,8.153454914065808,0.11146206694136877,1480.0,0.999599039554596,0.4845465586424984,0.09856296703978415,0.27508139696186157,10.062862314214238,0.10027976034364121,1480.0,0.7299618721008301,0.2429833633772765,0.11728633219731467,0.2407234311034601,9.307525948506745,0.13182712067001673,1480.0,0.9944790601730347,0.4197373992055844
socofing:000203:left_ring,severe_partial,0.20000000298023224,293,0.32135542966414415,0.2926557660102844,0.13999715082608818,4.0,6770.0,0.28286558345642543,0.2760980712786383,0.49217134416543573,0.50964295162408,0.5630723781388478,0.5874912450725606,0.30040984908581486,0.4323496835724488,5.222858328745868,0.025745294057754862,6770.0,0.9999999105930328,0.3154838936044541,0.16502619083233835,0.32621249767956484,7.824471246872849,0.04841568179815843,6770.0,0.9363770484924316,0.26303516964534773,0.19127800243586182,0.340274618428195,7.183349723147636,0.014946478273515479,6770.0,0.9999379217624664,0.4061277529226344,0.3323561280525594,0.28458303213119507,0.21252603987097618,2.0,6770.0,0.3,0.3307748390045265,0.4776957163958641,0.5316116759792917,0.5398818316100443,0.5985572883042134,0.2670711518009873,0.40489653353489924,5.733730205906479,0.0342754443545205,6770.0,0.9999927282333374,0.330555583780398,0.12723977811518522,0.29546975341970805,8.953770969006904,0.058667104296581354,6770.0,0.8306348472833633,0.16258283874388835,0.1427801132061699,0.3034845250893929,8.453322780379132,0.06792665629945521,6770.0,0.9789801239967346,0.2497296353842978
socofing:000206:left_ring,irregular,0.10000000149011612,303,0.378408357876573,0.34834182262420654,0.07580464067013563,1.0,10753.0,0.2889426206640007,0.27075653016916446,0.5889519203943085,0.594688189831776,0.6830651911094578,0.7026654097193131,0.21425783142301816,0.36462680985534435,6.690632950447027,0.047609328712826644,10753.0,0.9998666644096375,0.3812632684242048,0.11990861733479322,0.28352604155627653,9.211496048371929,0.06813923575101566,10753.0,0.9424492791295052,0.2684994321768713,0.1736992702387911,0.321614960159557,7.602020061466371,0.04679617333415154,10753.0,0.9990774691104889,0.382356664855022,0.34486507039552156,0.31171831488609314,0.13443839725468423,1.0,10753.0,0.2772249604761462,0.25402073593879315,0.5448711987352367,0.5426996791871617,0.6317306798102855,0.6389259936032844,0.21794536654274135,0.3664017368978383,6.61652359526819,0.044677549788682054,10753.0,0.999952495098114,0.4577662356995864,0.10994803165329357,0.27120304343346147,9.588125411987336,0.07199847950198801,10753.0,0.9226118698716164,0.23627151493718046,0.1412066304662378,0.2913155021079856,8.50144910173081,0.05437792210089649,10753.0,0.996019184589386,0.3835606249305686
socofing:000214:left_ring,central_missing,0.30000001192092896,313,0.3454704462741528,0.3030358552932739,0.13783862638461508,1.0,6682.0,0.37803052978150253,0.33873944839953807,0.5665968272972164,0.552079614251183,0.6219694702184975,0.623193002868398,0.24970238305662856,0.38714616612430336,6.025773129013343,0.005921699037921509,6682.0,1.0,0.4338821295082055,0.13995392075388377,0.2963458700273498,8.540149304387956,0.012436180884823652,6682.0,0.9604578725993633,0.22049741261360442,0.17596055192107332,0.3359705702603377,7.545846844770531,-0.036320257198114284,6682.0,0.999962568283081,0.13284046923837614,0.3775175081527508,0.32145392894744873,0.14394709493267258,1.0,6682.0,0.35393594732116135,0.3778633152393123,0.5245435498353787,0.6040625937530574,0.5879976055073332,0.6794623532576392,0.22287108675193723,0.363610780033063,6.519462692432189,0.0188025906152447,6682.0,0.9999949336051941,0.34486933482165655,0.11532891976092417,0.2851449832046615,9.380617758126045,0.0296305854048275,6682.0,0.8297835290431976,0.21656753371344153,0.14468652919936442,0.31311656412082023,8.395719012701498,-0.023151489475947203,6682.0,0.9926011562347412,0.17726132068766917
socofing:000217:left_ring,peripheral_only,0.5,323,0.0919898669260532,0.0834643542766571,0.18634842193264317,1.0,4263.0,0.13441238564391272,0.07515016570774681,0.2348111658456486,0.14549981695985448,0.2613183204316209,0.168949700710557,0.20223549860926004,0.33448060029807847,6.941426098876004,0.06441904671374435,4263.0,0.9999278783798218,0.1939918333990913,0.18300970327938063,0.31704576497886094,7.37525883116713,0.08203869929010489,4263.0,0.9928132593631744,0.21748330239853184,0.17089271986241075,0.30502742245280384,7.672764381038815,0.07728188895988901,4263.0,0.9999286532402039,0.4920931434334154,0.1618613284195697,0.13881678879261017,0.20998347977719145,1.0,4263.0,0.20361247947454844,0.13787678356688543,0.3485808116349988,0.2565796709860431,0.38939713816561106,0.29614730012576235,0.11271051747360293,0.2608044795401844,9.480355562908205,0.10562855305257866,4263.0,0.9837028980255127,0.1731202689545781,0.11693476151990322,0.25755508202113914,9.320563657232764,0.1252181428801328,4263.0,0.9810458719730377,0.09774579447628684,0.11736515972265044,0.2570074513393345,9.304608058636699,0.12914902734111094,4263.0,0.9817267060279846,0.14827751066235992
socofing:000241:left_ring,central_only,0.699999988079071,333,0.32092238452962857,0.2850951850414276,-0.18020309911329283,4.0,352.0,0.09943181818181818,0.27592716950245877,0.1903409090909091,0.5089762937446888,0.2471590909090909,0.5866593351587652,0.4425152216077676,0.5935392855793576,3.540717858778816,0.14111299707759206,352.0,0.9999822080135345,0.5186728333587586,0.36914261151798355,0.5481382140424103,4.3280581966758,0.15482018947746615,352.0,0.9766628621146083,0.6364434481993514,0.18338818712130056,0.3100133808964694,7.36628642675066,0.2456783443680461,352.0,0.9998939037322998,0.5832065302150043,0.2864880694753744,0.23841522634029388,0.30685395863887266,2.0,352.0,0.17329545454545456,0.29242580104619265,0.26420454545454547,0.45897468431768096,0.3039772727272727,0.5144909787415103,0.0951982874154301,0.24877809163775633,10.213708643541654,0.32914749401680854,352.0,0.8324750065803528,0.2152852050440637,0.11558094711853394,0.2983035446271639,9.371137510647587,0.3479708463353527,352.0,0.7574150115251541,0.4059129085976656,0.092078207520417,0.23102795212021607,10.358431436741913,0.3860085596289714,352.0,0.803758054971695,0.2834090107613629
socofing:000249:left_ring,stripes,0.10000000149011612,343,0.21084607900421135,0.1972493827342987,-0.15617146758306588,0.0,8514.0,0.2908151280244303,0.1377599501913636,0.6572703782006107,0.33004511352545335,0.7077754287056612,0.3941401679701499,0.07039424746311915,0.19912686868486953,11.524628294530642,0.08577408579039718,8514.0,0.999970018863678,0.18108254109754032,0.04674314410092702,0.1415100663684664,13.302820788552337,0.11859118971646633,8514.0,0.9274079315364361,0.13395680615719277,0.07039424746311915,0.19912686868486953,11.524628294530642,0.08577408579039718,8514.0,0.999970018863678,0.18108254109754032,0.23940732891511435,0.21317796409130096,0.18293441623224474,1.0,8514.0,0.4715762273901809,0.17835406529208933,0.7946910970166784,0.3769463999018805,0.8266384778012685,0.44314384477181085,0.05830546204696243,0.1714626281503181,12.342907586931043,0.11055728401277416,8514.0,0.9994250237941742,0.1781015248750411,0.033847960939781964,0.11912825452292893,14.704674888480849,0.14017302014907554,8514.0,0.8066767901182175,0.28952147664133415,0.05250340801934289,0.16505126427313882,12.798125054329507,0.08590075772604583,8514.0,0.9575952887535095,0.5870816558201479
socofing:000256:left_little,random_rectangles,0.10000000149011612,354,0.34533542117092086,0.29472973942756653,0.07502580016421243,2.0,9591.0,0.3474090292983005,0.36116529662620783,0.5309143989156501,0.5541196614190022,0.592638932332395,0.6184377830166001,0.19287467722755133,0.352624089402668,7.147247877125187,0.018776118819127254,9591.0,0.9990759491920471,0.3731231391840326,0.1383304528975504,0.3065127159792962,8.590822011670168,0.04240668046098194,9591.0,0.9349762946367264,0.5897979950508561,0.1455280813885721,0.29959640406632815,8.370531962630741,0.04194701785829389,9591.0,0.9986493587493896,0.9364391071200348,0.31168009727780005,0.2610929310321808,0.13036335414358716,2.0,9591.0,0.3127932436659368,0.3109508067813808,0.4900427484099677,0.4986152265948382,0.5488478782191638,0.561170033199324,0.1305696907458802,0.288067077575668,8.841576245118048,0.01532851205690572,9591.0,0.9935424323193729,0.3232861428767627,0.11760175656697254,0.2831624576057425,9.295861913411224,0.04754568707672869,9591.0,0.8575642853975296,0.6381971031698824,0.12806438398233494,0.2838518601688218,8.925716352094303,0.042052549364628294,9591.0,0.9882433712482452,0.9310748460045549
socofing:000263:left_little,irregular,0.30000001192092896,364,0.3312008489420137,0.28250107169151306,-0.0762551602619316,0.0,6201.0,0.32446379616190935,0.3357797026047878,0.527656829543622,0.5303792436734994,0.5910337042412515,0.5952457573630697,0.14927134749451867,0.31169959964040517,8.260235467238584,0.04852788233687739,6201.0,0.9997805655002594,0.9731232450976564,0.1383829205245983,0.3019702001474798,8.589175079980764,0.08158254586178476,6201.0,0.9326741397380829,0.6301049845937142,0.14927134749451867,0.31169959964040517,8.260235467238584,0.04852788233687739,6201.0,0.9997805655002594,0.9731232450976564,0.3205691903517181,0.26771846413612366,0.11613119235157367,4.0,6201.0,0.33946137719722624,0.32107913777186514,0.5687792291565876,0.5129616993047638,0.6298984034833092,0.5769225531490632,0.10497233773062085,0.2584271023872686,9.78925130965443,0.09012704424278621,6201.0,0.9107431769371033,0.756646473622479,0.09168927860556525,0.24867583227708367,10.376814442063385,0.10984863945075872,6201.0,0.767277404665947,0.5377625449906075,0.09087103154506906,0.24581251102740717,10.41574541917895,0.07430057318732126,6201.0,0.8641359210014343,0.8964760928561901
socofing:000274:left_little,central_missing,0.5,374,0.30904241793684667,0.2645658552646637,0.14141494171542004,1.0,8099.0,0.3795530312384245,0.3191868944188109,0.5689591307568835,0.4954823163471512,0.6293369551796518,0.5542474569899313,0.26137772151029515,0.4157855994535415,5.827314322010518,0.034334615052496506,8099.0,0.9993297457695007,0.39853074472798156,0.10625057382278641,0.2588683983097401,9.736687157962693,0.0917649607523023,8099.0,0.9386047720909119,0.20385555187634186,0.11318403283691182,0.26476705909401577,9.462148358679617,0.08521003990969496,8099.0,0.9780727028846741,0.18941797912186167,0.27377391453436356,0.22883744537830353,0.12999195086482343,1.0,8099.0,0.30337078651685395,0.25280076439387417,0.4932707741696506,0.43594094824093277,0.5568588714656131,0.4969876761899522,0.21004647446647953,0.36511235122194835,6.776846034980587,0.059646073749511655,8099.0,0.9961249530315399,0.2961905510389535,0.0851089303891918,0.23764458316294237,10.700248674681623,0.10352535421936648,8099.0,0.8737271875143051,0.2307306023069912,0.09853102680077434,0.24807794919687803,10.064269913644718,0.08624828103591967,8099.0,0.929771005641669,0.12407590071139295
socofing:000284:left_little,peripheral_only,0.699999988079071,384,0.12156055655695999,0.11276017129421234,-0.07966005649446226,2.0,2466.0,0.064882400648824,0.08958743276967329,0.21086780210867803,0.19129957811240733,0.25141930251419303,0.22520362655998533,0.16759616668523897,0.3395063464030539,7.757359189186705,0.04552465146728436,2466.0,0.9999956786632538,0.6127595479940563,0.12068809211782812,0.2756568786073813,9.183355781432349,0.08865583587420185,2466.0,0.9889071527868509,0.5235553131446022,0.10446772167459875,0.2569074841746449,9.810178766731502,0.0831803229389604,2466.0,0.9999900460243225,0.6239474920139797,0.220036448921407,0.18417218327522278,0.20500783741297737,2.0,2466.0,0.4091646390916464,0.20366030487942677,0.6399026763990268,0.35042070387005325,0.6926196269261963,0.3993408368669287,0.06284405239963442,0.20085632364776979,12.017358179341782,0.05544419025104643,2466.0,0.7443749755620956,0.3443806171689528,0.037851027614108135,0.15384981552228053,14.219223253824413,0.1396407877836895,2466.0,0.659331887960434,0.384733685480722,0.056819240388000535,0.17898892245685194,12.455045766233772,0.13676931231462697,2466.0,0.9897376000881195,0.46499637561658186
socofing:000289:left_little,disconnected_fragments,0.10000000149011612,394,0.19869707849592363,0.1772710531949997,-0.13677194801927356,0.0,8209.0,0.16725545133390182,0.16722795824676967,0.3021074430503106,0.3147684135685625,0.3458399317821903,0.36394856534249337,0.22550364425783154,0.3834760127499934,6.468464353014162,0.03226115388891991,8209.0,0.9999732077121735,0.6879991121307034,0.243592939782413,0.4019281184809468,6.133353033050641,0.03871015011705327,8209.0,0.9946203648578376,0.5889147231023218,0.22550364425783154,0.3834760127499934,6.468464353014162,0.03226115388891991,8209.0,0.9999732077121735,0.6879991121307034,0.200464874638871,0.1725141853094101,-0.16896391654781517,3.0,8209.0,0.1774881227920575,0.1846474210590665,0.29869655256425875,0.31916205406421316,0.33987087343159944,0.36400026506592864,0.24864103917125654,0.4032272593908893,6.044271877834615,0.03931845743282104,8209.0,0.9999816715717316,0.6827376995063072,0.22486145716820624,0.38441480857132143,6.480849793072261,0.05087885835148872,8209.0,0.9933087229728699,0.5029061074861453,0.24101784003580828,0.4008021737211871,6.179508099464762,0.052498088369767125,8209.0,0.999993085861206,0.5730041576899738
socofing:000291:left_little,stripes,0.30000001192092896,404,0.2889640379294546,0.25030314922332764,0.00693589226318711,3.0,5673.0,0.33650625771196896,0.2925917761373747,0.5111933721135202,0.4627052345079193,0.5633703507844174,0.5194097206314342,0.17487784444131316,0.33225285968586155,7.572652085108672,0.04592615980048778,5673.0,0.9999852776527405,1.0007978301052491,0.15509013618920445,0.309760409391496,8.094158226559117,0.04882691453423727,5673.0,0.9880116228014231,0.43741572066524087,0.16934003753668214,0.32506912857418524,7.712403482966655,0.02630042244201036,5673.0,0.9998442828655243,0.577785786590378,0.24234329882530486,0.20840780436992645,0.10073532633025045,0.0,5673.0,0.25171866737176096,0.2219344297876733,0.41935483870967744,0.3857083912167246,0.47840648686761855,0.4402997116930751,0.1289594342254679,0.2866102427078541,8.89546880884024,0.06003477262132671,5673.0,0.993291586637497,0.9995960186272432,0.14148668425410252,0.29598238115648234,8.492844310024681,0.059830980664646795,5673.0,0.9418909922242165,0.4421630363359531,0.1289594342254679,0.2866102427078541,8.89546880884024,0.06003477262132671,5673.0,0.993291586637497,0.9995960186272432
socofing:000293:left_little,random_rectangles,0.20000000298023224,414,0.3539463380990407,0.30485278367996216,0.08296006812150955,4.0,7786.0,0.2955304392499358,0.36363910819168666,0.4861289493963524,0.5672834179677299,0.5613922424865142,0.635164854559744,0.40009779222296615,0.5540918797772376,3.9783384509195634,0.009264919749760146,7786.0,1.0,0.4816545871744522,0.17091152776915156,0.34513658069253816,7.672286436707898,0.03346822134681931,7786.0,0.964854933321476,0.3065946560900908,0.14720893328903903,0.30325306294948357,8.320658342891823,0.015095471403969354,7786.0,0.9891730546951294,0.5765250591376868,0.3040944349672382,0.2572707235813141,0.16186137813621607,4.0,7786.0,0.2498073465193938,0.30023185451003787,0.42242486514256355,0.48616483790186116,0.48099152324685335,0.5481424990324688,0.3393378469318707,0.5038703996668391,4.693677000453423,0.012514257863175891,7786.0,0.9999701082706451,0.46549053432353343,0.15312776265546446,0.32651049902404505,8.149460628941652,0.036343344379821015,7786.0,0.9032379314303398,0.26256870814386746,0.11494270419802026,0.2705985919863436,9.395185896587062,0.014267279850580765,7786.0,0.9854236245155334,0.7352727625719
socofing:000302:left_little,irregular,0.4000000059604645,424,0.3170032606321985,0.2760964334011078,-0.15489456546477445,4.0,6181.0,0.36029768645850185,0.3234838252169012,0.6181847597476137,0.5078532734699879,0.6749716874292185,0.5693097562210166,0.11767432805368004,0.2749990558227932,9.293182729313873,0.04538282534841519,6181.0,0.9855221807956696,0.3410680873849118,0.09942109483813537,0.23687000606402506,10.025214586628945,0.11436775274161637,6181.0,0.982496565207839,0.4348729663514122,0.10145441211085787,0.25271861740222085,9.937290613587471,0.06938839365487896,6181.0,0.9816670417785645,0.7694453630011076,0.25969840020466883,0.21715186536312103,0.0662673476477264,0.0,6181.0,0.4725772528717036,0.2533380890756609,0.6835463517230221,0.4148814092145694,0.7220514479857628,0.46872918259420543,0.07463152341601255,0.21463601358199927,11.270776932527752,0.09312041282104697,6181.0,0.9659879207611084,0.7221339458071545,0.048701843770014755,0.16231702842135354,13.124545968144048,0.15288941660748534,6181.0,0.8599936068058014,0.5572797520121935,0.07463152341601255,0.21463601358199927,11.270776932527752,0.09312041282104697,6181.0,0.9659879207611084,0.7221339458071545
socofing:000303:left_little,central_missing,0.6000000238418579,434,0.1617521751948654,0.15320660173892975,0.17108109989699063,2.0,6114.0,0.07262021589793916,0.11053344706791773,0.24026823683349688,0.2536816074990899,0.3014393195943736,0.3013976609761472,0.17968632748097738,0.34099981692913,7.454849675514045,0.05524723458118404,6114.0,0.9812229871749878,0.3725002293110267,0.18200807787566725,0.34478366353262874,7.399093367458222,0.06631240663797806,6114.0,0.9550585094839334,0.3477550260817306,0.13819587388394677,0.2884857697283808,8.595049235043998,0.05674760540472783,6114.0,0.9807864129543304,0.3529146467306457,0.1887647793530482,0.17051485180854797,0.15878786870874106,2.0,6114.0,0.1437684003925417,0.14120314549319604,0.3460909388289172,0.29726748357889193,0.40399084069349034,0.3492889296074572,0.16609419616584897,0.3265803279376494,7.796455428477229,0.05587707040975873,6114.0,0.9741111397743225,0.2191337776928004,0.14262008725924133,0.2971611381085705,8.458193021737223,0.07194622029949606,6114.0,0.939826250076294,0.3316451550822726,0.09586597882332477,0.2434599967134186,10.183354890829428,0.049409811857250074,6114.0,0.9117892384529114,0.3303060201479366
socofing:000308:left_little,peripheral_only,0.800000011920929,444,0.22815494298117814,0.2067815512418747,-0.05519690439577767,4.0,1313.0,0.12490479817212491,0.17778933704217154,0.32901751713632904,0.3600113481759844,0.408987052551409,0.42075201855392186,0.2082974850690565,0.3867839529758542,6.813159735818974,0.07384469430029574,1313.0,0.9982428550720215,0.7348987674538289,0.15922066332853377,0.3280517826700794,7.980005711007169,0.1102274596135334,1313.0,0.9370530787855387,0.7834673306278328,0.11684776044520698,0.27215360976636455,9.323796070681546,0.0666754236104166,1313.0,0.9402633607387543,0.6298110840342556,0.1635743199190109,0.1367577463388443,0.15860678597865696,4.0,1313.0,0.22010662604722012,0.1444455681642502,0.39223153084539225,0.2598060366949414,0.4485910129474486,0.29825952620517177,0.07253473824365617,0.2084281577899632,11.394539518521803,0.15884226595583714,1313.0,0.8470954596996307,0.6809241384320335,0.05516556105371786,0.18777815047694088,12.583319605308443,0.1658669402964494,1313.0,0.6838654577732086,0.6669527601749546,0.062062083086615046,0.19450225142559202,12.071736516032939,0.11294016403983735,1313.0,0.7337549328804016,0.741794871605188
socofing:000309:right_thumb,disconnected_fragments,0.30000001192092896,455,0.3814478495565272,0.33721989393234253,-0.015574984866764287,4.0,7599.0,0.4058428740623766,0.36165154099087915,0.6281089617054876,0.6083369284338787,0.688511646269246,0.6905653909148786,0.2598420000752659,0.4157735593840632,5.852906495421038,0.061479178078968855,7599.0,1.0,0.43964377809903366,0.10709471692414743,0.2693917556113221,9.702319527655483,0.08744755905120562,7599.0,0.9637459814548492,0.4796144776721315,0.14908884327882252,0.30789306523167564,8.26554854761174,0.07424259127004001,7599.0,0.9931451082229614,0.736083949253315,0.3882943403181206,0.33700230717658997,0.007342541169066008,4.0,7599.0,0.41044874325569153,0.3766097085878149,0.6363995262534544,0.6201024813359624,0.6937754967758916,0.7012667389186782,0.2792347414288624,0.43326388108672126,5.540305492572928,0.07671732046570773,7599.0,0.9999998211860657,0.5637518504906327,0.08967357685927697,0.25113668583034693,10.47335506952719,0.10653513452796139,7599.0,0.9613263010978699,0.4160851717230688,0.14325060032261658,0.2960927250666625,8.439035493518222,0.07104885097052964,7599.0,0.9959384794346988,0.5493307777475145
socofing:000317:right_thumb,stripes,0.5,465,0.33603605451889,0.3022712171077728,0.12710148032366927,4.0,6782.0,0.30831613093482746,0.3269535618980034,0.5557357711589501,0.5367494379681355,0.6319669713948688,0.6066813966581793,0.14448210262770503,0.301368607445907,8.401859467581081,0.014759101398639504,6782.0,0.991816699039191,0.4204704798180309,0.13331084266627047,0.29469663422816744,8.751345263653711,0.04210999451306355,6782.0,0.946944497525692,0.6806226928133643,0.13492338092109343,0.2830298351141369,8.699127847599048,0.0366523884488558,6782.0,0.9869817197322845,1.1232099746454738,0.2637072811424469,0.22375185787677765,0.1717644615886966,2.0,6782.0,0.2894426422884105,0.2440093019276866,0.49130050132704217,0.4199618519064389,0.548953111176644,0.4786127018993564,0.12006877395254342,0.27969255892097655,9.205699240157399,0.021993668559872788,6782.0,0.9660887718200684,0.5033378736380717,0.08659882036838386,0.2379592379141902,10.624880238139562,0.04785659368496692,6782.0,0.8866380080580711,0.5798550228087369,0.11112266392868125,0.2567422271733491,9.541973558624235,0.05742925874790795,6782.0,0.9846786558628082,0.7419402908764399
socofing:000318:right_thumb,random_rectangles,0.4000000059604645,475,0.14629147541994586,0.13613902032375336,0.05580282255594724,2.0,9302.0,0.09288325091378198,0.1041697453674617,0.22059772092023222,0.229854187666665,0.2572565039776392,0.2717490017663994,0.33724115842189406,0.48030886206928286,4.720594275683418,0.024523395615595443,9302.0,0.9999992549419403,0.5790631987586335,0.25859213250764723,0.4135580906990024,5.8738469237322635,0.03931380618710646,9302.0,0.9979709803592414,0.421738099025773,0.21007740939271516,0.36657068804648335,6.776206468019382,0.028858191401433177,9302.0,0.9999988973140717,0.4136191547060892,0.22747913632847058,0.19189941883087158,0.16246090646497552,4.0,9302.0,0.20404214147495162,0.2197677899280996,0.33605676198666956,0.3631954834855159,0.38217587615566545,0.4110047146713213,0.21917037781287282,0.3745147504457205,6.592181437175324,0.057604440717927995,9302.0,0.9998804032802582,0.5408554736525792,0.14280431965259757,0.3056721848325467,8.452586554946256,0.07386510044031491,9302.0,0.9357877969741821,0.2743829424100743,0.1292077174336368,0.28399875001759384,8.887115456385656,0.10149668365647073,9302.0,0.9932465553283691,0.14785449755616106
socofing:000319:right_thumb,irregular,0.6000000238418579,485,0.2977102804136538,0.25755056738853455,-0.13418267799162859,3.0,5279.0,0.16063648418261034,0.2818801059181389,0.27789354044326575,0.47475343121229463,0.3227884068952453,0.5390445396436798,0.29141175969473854,0.4532275751558949,5.35492926596624,0.05194196793406079,5279.0,0.9999981820583344,0.23337253506333622,0.2695527766992013,0.4542888706434899,5.693561900867643,0.06757315567383734,5279.0,0.9945562006905675,0.38467182170587627,0.20587226621521254,0.36530503468181524,6.864021547950162,0.07787351378898219,5279.0,0.9974060356616974,0.22592366248783152,0.26566212682092616,0.22084501385688782,0.09515455925079891,0.0,5279.0,0.19208183368062132,0.2558898638032742,0.33301761697291155,0.42408217661171665,0.38870998295131653,0.48014628088119743,0.13053506112780516,0.28563359505529556,8.842728231209506,0.08896860847048135,5279.0,0.9917938113212585,0.1801894209008046,0.11479511655739072,0.2934330880189772,9.400765866531003,0.11795597414096216,5279.0,0.8178161233663559,0.25614141434344573,0.13053506112780516,0.28563359505529556,8.842728231209506,0.08896860847048135,5279.0,0.9917938113212585,0.1801894209008046
socofing:000321:right_thumb,central_missing,0.800000011920929,495,0.18364483931277778,0.17878156900405884,-0.02231123031986483,2.0,3277.0,0.11504424778761062,0.09722519674823529,0.3420811718034788,0.2851897786439902,0.4095209032651816,0.3478446392759085,0.21199809688343468,0.3736524988542179,6.7366803773508135,0.0627479885078512,3277.0,0.9993835389614105,0.2771907712009454,0.17816110788876804,0.3376217189097879,7.491870953202097,0.07640675387872742,3277.0,0.9904064058791846,0.23716212348621585,0.140029747096265,0.29797223823893615,8.537796955542964,0.12870146117446374,3277.0,0.9920021295547485,0.19030430211600624,0.18578743076120746,0.15849140286445618,0.003112560774975039,2.0,3277.0,0.2105584375953616,0.1695579742381294,0.3613060726274031,0.29563694356562414,0.4150137320720171,0.3376632666747891,0.1430647069500855,0.2997949145001643,8.444674904000719,0.09691901523304378,3277.0,0.9816945493221283,0.19122424191351267,0.13218289533449665,0.28688709180333744,8.788247395738978,0.1136698266193226,3277.0,0.9297621250152588,0.2318066077672286,0.14196856376994932,0.29677775156163283,8.478078111992192,0.12447781834054314,3277.0,0.9943230748176575,0.23194944082185978
socofing:000339:right_thumb,central_only,0.20000000298023224,505,0.3369503065053133,0.28894639015197754,0.15258144639496363,4.0,9236.0,0.34776959722823736,0.3341377528877215,0.5253356431355565,0.5388392350467421,0.5805543525335644,0.6070730624330823,0.23026566498610793,0.3832911234653033,6.377708150481215,0.05667742996562076,9236.0,0.9999923706054688,0.3440914669929019,0.13530553208017762,0.29388973775964905,8.6868444654518,0.05726474474383844,9236.0,0.9636596851050854,0.362914787866861,0.12904796476382685,0.27409213316618175,8.892488403941094,0.04179377813626021,9236.0,0.9999715089797974,0.4974152651358332,0.3165953818016519,0.26727598905563354,0.20648828837347896,4.0,9236.0,0.3527501082719792,0.32186454491292105,0.5173235166738848,0.50707952719377,0.5671286271113036,0.5688178546207195,0.2253025226898712,0.37825422474243037,6.472339454969549,0.06695041326114216,9236.0,0.9999398589134216,0.3360126952994875,0.10817374075407608,0.2644165223149005,9.658781517034393,0.06052966861195776,9236.0,0.9395842254161835,0.2938207784523037,0.12270577903991595,0.2650816837720869,9.111349829450132,0.03711246976055519,9236.0,0.9999834299087524,0.35285020021370483
socofing:000345:right_thumb,disconnected_fragments,0.4000000059604645,515,0.3119282330188772,0.29929640889167786,0.27026064568754343,2.0,7349.0,0.19621717240440875,0.1731465939624502,0.5192543203156892,0.4852070089245608,0.6304259082868418,0.5892271472452643,0.2621003519573791,0.4131370206248304,5.81532395867421,0.03403176721859815,7349.0,0.9999990463256836,0.6953578998537463,0.1402929344873334,0.29965781298278343,8.529642006069269,0.054601552076629235,7349.0,0.9960784311406314,0.5158458726849459,0.1749387323921023,0.32583233427369385,7.571140247016347,0.057470545764615535,7349.0,0.9999200701713562,0.43665169814468013,0.26775509739736425,0.22804614901542664,0.2333362804283556,2.0,7349.0,0.25731392026126004,0.24646337622524947,0.44005987209144104,0.4262789837185713,0.5029255681045041,0.48621751954967846,0.17659138454096682,0.3298818234417368,7.530304884005145,0.05357042880539284,7349.0,0.9991261959075928,0.6520649321276183,0.10768339973636738,0.26627924252295876,9.678512415354353,0.06308896225487158,7349.0,0.9960784311406314,0.42495800981012405,0.12421062293164274,0.2730436306553242,9.058412601714526,0.050210407297631515,7349.0,0.9973289966583252,0.4082701970137875
socofing:000356:right_thumb,stripes,0.6000000238418579,525,0.2763877393467315,0.23757730424404144,0.10678911679950914,2.0,5123.0,0.28830763224673045,0.26852413513407725,0.46183876634784304,0.441434022533505,0.5211789966816318,0.4990706516666475,0.1768912374979113,0.3267873855235527,7.522936798124826,0.07555384202248963,5123.0,0.9998776614665985,0.2763957763729294,0.12989699843935276,0.2887102085629568,8.864008841562788,0.09229478416709444,5123.0,0.9569069445133209,0.3092735738108376,0.16618868547436708,0.31613809416938093,7.793985473588682,0.11188927191968245,5123.0,0.9996344447135925,0.2464906503556393,0.29531085888156894,0.24850493669509888,0.1373561732346526,2.0,5123.0,0.2828420847159867,0.3034998905535394,0.4477845012687878,0.4733162773777074,0.5092719109896545,0.5299217396524301,0.15299164992301018,0.3050753222615735,8.153322717400492,0.07338735327037534,5123.0,0.998609721660614,0.23321388169508742,0.11068931246562498,0.2755658132087373,9.558943101174588,0.0723099608164543,5123.0,0.9003347679972649,0.2462020441685185,0.14275198416553447,0.29301374681392495,8.454178466116826,0.11450279988255947,5123.0,0.9965415894985199,0.11749805127751378
socofing:000358:right_thumb,random_rectangles,0.5,535,0.46974279014855796,0.3997340798377991,0.16974145800194873,0.0,7618.0,0.6337621422945655,0.6183448495608861,0.767524284589131,0.7664486701789257,0.8187188238382778,0.8158166103849388,0.12456106781187942,0.2696988791095674,9.046176773922548,0.05235259491944524,7618.0,0.9803220015019178,0.31586620462632164,0.09347972775835021,0.260401745657939,10.292825610767554,0.07515094565361313,7618.0,0.8078431338071823,0.4643434057795643,0.12456106781187942,0.2696988791095674,9.046176773922548,0.05235259491944524,7618.0,0.9803220015019178,0.31586620462632164,0.27666894181267926,0.23247887194156647,0.15107668585125567,3.0,7618.0,0.28892097663428723,0.2685690058493558,0.4645576266736676,0.4418603133039545,0.5195589393541612,0.4996240824554873,0.15196262821460216,0.30263318199815703,8.182632038694335,0.0648986264123162,7618.0,0.9892706274986267,0.3006303784655415,0.08882331416695914,0.24656546371414365,10.514730265060699,0.09319061891068789,7618.0,0.8078431338071823,0.3278319098382623,0.10203618821152813,0.25175372986486055,9.912457737943177,0.07671219819973468,7618.0,0.9542676508426666,0.200858356760965
socofing:000377:right_thumb,irregular,0.699999988079071,545,0.19029098768459904,0.18063130974769592,0.012189351792162295,2.0,4015.0,0.12503113325031134,0.12250399466321002,0.31307596513075964,0.2976868809932196,0.3731008717310087,0.35608117643655607,0.28182645690477226,0.4402966604007879,5.500182392308892,0.08661670218911394,4015.0,0.9999969601631165,0.5823835595708945,0.201997905760262,0.36285316338846363,6.946531331349444,0.11352202017704205,4015.0,0.9805212737992406,0.39281259464089785,0.15339145472558957,0.31231986507495046,8.141988337957303,0.08951371969811785,4015.0,0.9794521629810333,0.21233695250208395,0.23446444408237416,0.19710467755794525,0.120045149826593,1.0,4015.0,0.23636363636363636,0.22166690393669963,0.4024906600249066,0.3738633565172312,0.4552926525529265,0.4245955073774083,0.13921877269308527,0.29850823080206607,8.563021991556793,0.18709318181632018,4015.0,0.9819450378417969,0.1614318973706316,0.09329497300292713,0.2514044595719924,10.301417566383515,0.2035007860183916,4015.0,0.892380952835083,0.11526756906558572,0.11476990789385066,0.26830527145290284,9.401719668926798,0.2175966916310336,4015.0,0.9791573286056519,0.056406674025008416
socofing:000380:right_index,peripheral_only,0.20000000298023224,556,0.1716915474792622,0.15188497304916382,0.2177440561609399,3.0,8464.0,0.1482750472589792,0.15297489997795263,0.2809546313799622,0.27283481121668857,0.3188799621928166,0.31278811496293385,0.22413038519843295,0.3772115934150961,6.494992624766482,0.024683238769567125,8464.0,0.9999050498008728,0.2242832057731259,0.17688749746928834,0.33638100376973523,7.523028622399869,0.04926133271568016,8464.0,0.9806230906397104,0.20429776251556572,0.1607906568541385,0.3138927706937166,7.937391906284864,0.05905010560941142,8464.0,0.9968207776546478,0.26825116447571173,0.22735280860180218,0.1912488341331482,0.2240819840632449,3.0,8464.0,0.2422022684310019,0.22029388144555975,0.3939035916824197,0.3630586010472592,0.4495510396975425,0.4106468409144924,0.164521312103647,0.3208334142789385,7.837778355286462,0.03659473525341073,8464.0,0.994173675775528,0.21912074996913447,0.10029472857866492,0.25573183748079287,9.987218925963303,0.08079873242469693,8464.0,0.9331835694611073,0.13889257288771906,0.10851312346433925,0.25763082108218294,9.645177355160099,0.07612595439603168,8464.0,0.9804614181630313,0.20108757227469037
socofing:000396:right_index,central_only,0.4000000059604645,566,0.23613987446955917,0.20738108456134796,0.3726293816657209,3.0,4876.0,0.19934372436423298,0.20494989202441105,0.36218211648892534,0.3747048009067798,0.418785890073831,0.43128977053423606,0.2788363752479468,0.41647758530088036,5.546505715389122,0.05814921470010545,4876.0,0.9999917447566986,0.5856642593788894,0.18303202507689456,0.33507956654898985,7.3747291520214215,0.09949385401968942,4876.0,0.9845223128795624,0.43511761713182595,0.14373037321496593,0.28504783033774944,8.424514467175388,0.08727817207175748,4876.0,0.9963249862194061,0.694330391132732,0.30073270894910975,0.25520920753479004,0.27357704596707016,3.0,4876.0,0.35110746513535684,0.30244565310172117,0.5127153404429861,0.48134362873383685,0.5625512715340443,0.5409762872778754,0.20059445957054772,0.34447259369042305,6.976810663862267,0.07201542868289165,4876.0,0.9990694522857666,0.5975039078469472,0.10030613876169989,0.24911670159146274,9.98672487231332,0.11865887903687142,4876.0,0.9311021715402603,0.4533142362265286,0.11252132873078663,0.24875884940586082,9.487651480226438,0.1026467399333956,4876.0,0.9873197069391608,0.6667267795467503
socofing:000406:right_index,disconnected_fragments,0.6000000238418579,576,0.18658574201683265,0.16437223553657532,0.4711243995323521,1.0,2293.0,0.20497165285651983,0.17147801550673025,0.3358046227649368,0.29702641457592205,0.37156563453990404,0.3388758809323192,0.1490907368793914,0.28086303352230874,8.26549338754494,0.07599538279973493,2293.0,0.9991155564785004,0.3278261453862018,0.12273949127561971,0.255241962651701,9.11015681089964,0.09824261271112238,2293.0,0.9298120886087418,0.384037354313682,0.12510604008975384,0.24485879228034044,9.027217221664834,0.09838862965863854,2293.0,0.9882960319519043,0.4229976273714091,0.26604647361395195,0.22778357565402985,0.305290388807418,1.0,2293.0,0.2594853903183602,0.2502442897015974,0.3986044483209769,0.4240941393910877,0.440907108591365,0.4820440892875844,0.12717073163044065,0.26868166828692946,8.956128301499623,0.08453243950903294,2293.0,0.9639508724212646,0.4127286929317062,0.08644952618915298,0.2444885412078372,10.63237382656111,0.12324780038621806,2293.0,0.7868746817111969,0.3296573380059454,0.09395545105236201,0.2208286852482828,10.270780181894699,0.13644655144042833,2293.0,0.9466306269168854,0.2945623720823959
socofing:000407:right_index,stripes,0.800000011920929,586,0.2421254658830517,0.21357202529907227,-0.007695997449251856,3.0,2720.0,0.22536764705882353,0.22070694283089218,0.3805147058823529,0.3852588931076667,0.4334558823529412,0.4401095431999248,0.3101161869873236,0.46352100914758493,5.08475564508235,0.03745998830637438,2720.0,1.0,0.6974663440512876,0.1915231476976401,0.35390614997632996,7.17778729215849,0.06517782047320561,2720.0,0.9955415963195264,0.3938656269529677,0.1702152475867015,0.3238005425823811,7.690015391623188,0.10604116075243379,2720.0,0.9973923861980438,0.20815239379040884,0.31066828557673626,0.2603326141834259,0.06510276951708929,4.0,2720.0,0.3180147058823529,0.3131266631405143,0.4823529411764706,0.4973150946791558,0.5404411764705882,0.5587112385253695,0.15994398559076342,0.31900620202016877,7.96032086144757,0.05185646670020405,2720.0,0.9992985129356384,0.2977289535397415,0.11380953864076589,0.2809535810636589,9.438213371901123,0.06655080878522704,2720.0,0.95567362383008,0.27567494170207557,0.15466111922108,0.3119485128090566,8.106188513299578,0.07206401254590528,2720.0,0.9775721421465278,0.14093776313588188
socofing:000422:right_index,random_rectangles,0.699999988079071,596,0.2128293613755829,0.1866854578256607,0.28008041022636193,2.0,4265.0,0.2696365767878077,0.19239329075897146,0.4201641266119578,0.33848337113927146,0.47104337631887455,0.38718006459937143,0.1526759116686454,0.2734372201549263,8.16229478036011,0.05488840785959104,4265.0,0.9999961853027344,0.45959786513541,0.09096077218404341,0.22867409174203882,10.411458614926435,0.08648264858680477,4265.0,0.955753892660141,0.23294043229935035,0.11360353665577355,0.2547915824700981,9.44608148148078,0.06488118855895407,4265.0,0.9861678183078766,0.8242652332553333,0.24443975571451265,0.2065158635377884,0.32206948260636387,0.0,4265.0,0.24830011723329426,0.22915231268263367,0.4063305978898007,0.3895748648400324,0.45509964830011723,0.4430490488924986,0.10182473430827603,0.24284127351280918,9.921467144469748,0.08035835917607975,4265.0,0.9797963201999664,0.3550018577541654,0.07766033008896024,0.2285513592012672,11.098007678524318,0.08148595141249258,4265.0,0.8241952657699585,0.34079891618081437,0.10182473430827603,0.24284127351280918,9.921467144469748,0.08035835917607975,4265.0,0.9797963201999664,0.3550018577541654
socofing:000424:right_index,central_missing,0.10000000149011612,606,0.2825630692958224,0.23724868893623352,0.30995744493100424,4.0,12549.0,0.3330942704597976,0.27769157475224054,0.5033070364172444,0.4516137614189577,0.5635508805482509,0.5095878236411966,0.12817272947337563,0.27013256007061687,8.92204367165643,0.09800900174405307,12549.0,0.9868788113817573,0.7209297162912669,0.08393919260449302,0.23537183861636413,10.760352125024152,0.06447868602893683,12549.0,0.9529411755502224,0.8251718968074139,0.12112838358942811,0.26479832500208067,9.167540782285394,0.030221338882991652,12549.0,0.99541175365448,0.9030299852937026,0.23855568255663054,0.1992310881614685,0.3061566132249972,4.0,12549.0,0.27340823970037453,0.2250357944420661,0.4240975376524026,0.3803371032791524,0.47613355645868194,0.4321042062248478,0.11286236892290502,0.2576592357456506,9.474508383531605,0.09393719900862696,12549.0,0.9838920822367072,0.7007447331786222,0.07889696505214804,0.23007634159523976,11.029397025758234,0.06810621959530318,12549.0,0.9529411755502224,0.7537930061427022,0.10370842852214007,0.24870125840583762,9.841859464855323,0.038414771775039575,12549.0,0.9896364803425968,0.774314061557768
socofing:000425:right_index,peripheral_only,0.30000001192092896,616,0.16139013844275898,0.14542505145072937,0.3051690704938983,3.0,8047.0,0.12886790108114826,0.1338801987129397,0.2547533242202063,0.2554732275354325,0.29862060395178325,0.29600423714293,0.260655657027797,0.3996155872906644,5.839328451114268,0.041523323384404974,8047.0,0.9999911785125732,0.5572353443065257,0.18080725888272017,0.3319638300860665,7.427841378571841,0.07395170009119172,8047.0,0.993380791042,0.5188923976084909,0.16514126340136767,0.31038944684801156,7.821443971886744,0.061011931531826,8047.0,0.9990880787372589,0.3006020058692816,0.268546890746559,0.23292191326618195,0.276581636406982,1.0,8047.0,0.2717783024729713,0.24167719178945216,0.4656393687088356,0.4269880552987838,0.5267801665216851,0.48875834313522765,0.18163304324104854,0.3261696048432409,7.408051404414252,0.05597204882074141,8047.0,0.9995618462562561,0.3884905571017609,0.0932442278214618,0.24340104569493612,10.30378043196242,0.09207482801539844,8047.0,0.9424698948860168,0.41883130497494986,0.10094250791007399,0.2417277369137941,9.959259094500055,0.07381044047359112,8047.0,0.9999410510063171,0.586010507236606
socofing:000429:right_index,central_only,0.5,626,0.28434471152387875,0.25084924697875977,0.1643772562594804,3.0,4115.0,0.23572296476306198,0.2604757832582782,0.41506682867557715,0.45256464561164594,0.4775212636695018,0.516594266396102,0.3557140950682607,0.5045690764793006,4.488989256798747,0.057524256192111184,4115.0,0.9999963343143463,0.322879972738047,0.15121238951235894,0.31793059392583956,8.204126236733535,0.12990780877514102,4115.0,0.9638546705245972,0.30164794832370717,0.15932864293862709,0.29949546287148593,7.977061428932457,0.10660690934357601,4115.0,0.9996694922447205,0.2938230619402414,0.29385525532220724,0.24967025220394135,0.22375579257627698,3.0,4115.0,0.33292831105710813,0.2872436828630663,0.5132442284325638,0.4695072512696175,0.5725394896719319,0.5302617740718011,0.19231851078298556,0.3462298850404418,7.159789126205523,0.14544121143227645,4115.0,0.998525857925415,0.29250767903354863,0.09568214660900336,0.25136500572715575,10.191690899402449,0.17500537022291535,4115.0,0.8838274329900742,0.2875952539173575,0.1272271814543408,0.27020227480193154,8.954200939193122,0.11735836115166193,4115.0,0.9905361831188202,0.2580516425554848
socofing:000444:right_index,disconnected_fragments,0.699999988079071,636,0.2593489087454808,0.2382729947566986,0.17612682192544402,1.0,1831.0,0.19661387220098306,0.19459175324583236,0.3844893500819224,0.4084825384428044,0.4489350081922447,0.47977946684179507,0.3222245539756793,0.446441107510438,4.918413687900379,0.0779401038297886,1831.0,0.9999938607215881,0.3119023160690022,0.23819538756333533,0.3833862651354844,6.230666524887834,0.11934720862808676,1831.0,0.9771775305271149,0.2380290031698226,0.17121619300335347,0.32486495185706504,7.664551637275821,0.14160963549638927,1831.0,0.9963553547859192,0.41570117874415735,0.2760972941559824,0.23298929631710052,0.13034790686021616,3.0,1831.0,0.2545057345712725,0.2703366741367144,0.369197160021846,0.44117960864764494,0.4254505734571273,0.4981272534846218,0.20168476561057397,0.36036731616620854,6.953269052633699,0.13189517978314488,1831.0,0.9837849140167236,0.3784650221362807,0.14527181290833902,0.3059871697611191,8.378186436916653,0.16502588666628346,1831.0,0.8720842748880386,0.24406439525874155,0.13888109834521523,0.28359425807008565,8.573568575234301,0.1577583893536517,1831.0,0.9840006828308105,0.26636959083351336
socofing:000448:right_index,severe_partial,0.10000000149011612,646,0.40447962225055145,0.34792059659957886,0.14420890831243968,1.0,10531.0,0.37850156680277275,0.3900271070392912,0.5929161523122211,0.6457221440797564,0.6674579811983667,0.7309538230932445,0.29215464566181343,0.42222058353052405,5.343872034175538,0.027834099687937246,10531.0,0.9999995529651642,0.4834505645897574,0.10787814944969741,0.2764836438469357,9.67066512077119,0.04038243770495353,10531.0,0.9686274491250515,0.4061175841956655,0.16588302762953047,0.3175695679953877,7.801980466694925,0.009331498584070976,10531.0,0.9997302293777466,0.27809356557184567,0.42525378114284473,0.36790648102760315,0.09347823453212924,1.0,10531.0,0.3881872566707815,0.4032935254730715,0.6152312221061628,0.6782100242615742,0.6917671636121926,0.769848857191075,0.27986672238076715,0.4136533136833302,5.53048738352687,0.029998474192078392,10531.0,0.9999999403953552,0.4776633586822755,0.10689552887566522,0.2775636223678454,9.710404596671387,0.04059413173821576,10531.0,0.9686274491250515,0.4178587221442153,0.15688549612113384,0.3098704118790377,8.044172045693045,0.002147693954258269,10531.0,0.9996654987335205,0.25495392578896414
socofing:000449:right_middle,irregular,0.10000000149011612,657,0.2622531099539639,0.22538267076015472,0.22810595655639015,2.0,10720.0,0.39710820895522386,0.251730844650918,0.6188432835820895,0.41855274939603776,0.6729477611940299,0.4741600509777442,0.1707678964302057,0.32538043061521515,7.675937713149436,0.03892356905848106,10720.0,0.9995790421962738,0.6324317732875768,0.08849534671985855,0.2248375468602649,10.530795648617087,0.06383241068139485,10720.0,0.9595973193645477,0.5200102439795941,0.11141505393608336,0.25226457139769043,9.53056125143716,0.0555825077570537,10720.0,0.9981414377689362,0.6835915422442203,0.27275932594188557,0.23061837255954742,0.2686383215330844,4.0,10720.0,0.3894589552238806,0.2649098641419811,0.6034514925373134,0.43562997532702646,0.6699626865671642,0.49253667905537496,0.1559363826330712,0.30993256057098284,8.070525446357868,0.04000530171001525,10720.0,0.9989503622055054,0.5294896137334244,0.07636617112870756,0.21876861344151538,11.17098983645928,0.06744810554646916,10720.0,0.9278448447585106,0.4767225895219623,0.08460734538622752,0.21643827878731067,10.72591931024502,0.04546823909142225,10720.0,0.9985447227954865,0.41329668503571626
socofing:000472:right_middle,central_missing,0.30000001192092896,667,0.3904861338272621,0.33077722787857056,0.1638746039210174,1.0,8769.0,0.5360930550803968,0.43799798045983296,0.722203215874102,0.6295289987868764,0.7874330026228761,0.6933726715625576,0.1808797423589108,0.3194977905370158,7.426100692616741,0.025044153867022256,8769.0,0.9999609291553497,0.6498415396982172,0.08510852548044238,0.24514906898394528,10.700269336444501,0.03957574445614654,8769.0,0.8880379572510719,0.538496582220133,0.12596766197093687,0.28392863024524473,8.997409313119519,0.029602721317950945,8769.0,0.9579143822193146,0.9943464025393309,0.40208780814133427,0.3352782130241394,0.09085854524474954,0.0,8769.0,0.4127038430835899,0.42851296622569074,0.6261831451704869,0.6459830088345705,0.7047553882996921,0.7184730230375304,0.123090118910821,0.26898463854460225,9.097768087644083,0.04731183628990657,8769.0,0.978487104177475,0.6677166910860289,0.08275733178563355,0.25147980812610754,10.821935200538649,0.03818613217441878,8769.0,0.7230111658573151,0.3631531200132618,0.123090118910821,0.26898463854460225,9.097768087644083,0.04731183628990657,8769.0,0.978487104177475,0.6677166910860289
socofing:000484:right_middle,peripheral_only,0.5,677,0.2339168630266041,0.20936331152915955,0.08659364968150665,3.0,5459.0,0.24619893753434696,0.21225081787351333,0.4279172009525554,0.3721003763272575,0.48928375160285764,0.4253835624785055,0.15507513853907606,0.3096827659846365,8.094578221782829,0.08423246540331569,5459.0,0.9960777759552002,0.290396856504556,0.14975981463946414,0.30583972994549363,8.246047061400759,0.07981117249263776,5459.0,0.9868862093426287,0.24768757102815483,0.12766448327651186,0.2782123731589141,8.93929908237238,0.0787177531493649,5459.0,0.9821875393390656,0.366961407013177,0.2897803777247739,0.2441128045320511,0.14295844370730804,4.0,5459.0,0.3110459791170544,0.2764039646522273,0.5158453929291079,0.4623109630523835,0.5799596995786774,0.5242799625191021,0.1288453683065724,0.28619179223619917,8.89931188716117,0.08298369021714397,5459.0,0.9956290125846863,0.298927561911509,0.08590886948884773,0.2409997045013519,10.659619959916615,0.11376642153102923,5459.0,0.903824046254158,0.15838020332879066,0.11343694948324598,0.2642959657900225,9.452454609375113,0.11755604260692398,5459.0,0.9549085795879364,0.1274140438360171
socofing:000493:right_middle,central_only,0.699999988079071,687,0.34961701103065473,0.30483126640319824,0.28989733770722637,1.0,1138.0,0.22934973637961337,0.3661120335697499,0.4024604569420035,0.561036719902957,0.5254833040421792,0.6260116153473594,0.31897403981166916,0.47992274635766025,4.962446612228175,0.06741541135736528,1138.0,0.9999981820583344,0.5054796262333445,0.17145847525755836,0.36229093297202997,7.658410426772482,0.10445631793765196,1138.0,0.8610920757055283,0.45001915980630874,0.08586785452491666,0.21674167670870956,10.661693881508903,0.1745792371315662,1138.0,0.9541130652651191,0.402059198026017,0.2871733483928787,0.24469272792339325,0.16621471702918733,1.0,1138.0,0.21528998242530756,0.26415592940075744,0.3804920913884007,0.45717561552939395,0.45518453427065025,0.521515510905606,0.15578896445695478,0.32568669212885487,8.074633094695741,0.10423674982170957,1138.0,0.9986486732959747,0.5482001569088312,0.10666580588946031,0.2842517258392349,9.719747810775619,0.14011626167328883,1138.0,0.8350552618503571,0.45872443101941685,0.11708909016871291,0.2668267798799079,9.314835686360572,0.12915084968339172,1138.0,0.9879519045352936,0.39851425815120584
socofing:000496:right_middle,stripes,0.10000000149011612,697,0.32803813544501015,0.27606773376464844,0.2674778994342291,1.0,11722.0,0.4063299778194847,0.33753332111783,0.5995563896945914,0.5258105352792983,0.6687425354035148,0.5885696066664543,0.13347303193698296,0.2814040659464269,8.746064741052642,0.031200494570958675,11722.0,0.9902019496075809,0.2915579576066691,0.07718337772917018,0.22813841395073417,11.12476219583729,0.057160359269903524,11722.0,0.960784312337637,0.26447895165600627,0.12811834203087552,0.2564140548148571,8.923886901416918,0.041446149274274605,11722.0,0.9999924302101135,0.27410218926696855,0.312503847696435,0.26176145672798157,0.2216109922504359,1.0,11722.0,0.3569356765057157,0.3155045970966742,0.5337826309503497,0.5003062312543199,0.6000682477392937,0.5619067759735351,0.1355792234730405,0.2864342095717919,8.678068578313509,0.03670700085394633,11722.0,0.9892276525497437,0.2906349306023891,0.08245794737239454,0.23863234103173767,10.83767480302763,0.06662720042802744,11722.0,0.960784312337637,0.21876475487593122,0.10854449377803851,0.23694909670514291,9.64392202448771,0.05407106580340291,11722.0,0.9993692934513092,0.7603804181156556
socofing:000503:right_middle,severe_partial,0.30000001192092896,707,0.331769420145036,0.29947149753570557,0.007771671365656592,0.0,6129.0,0.27051721324849076,0.27825897817783635,0.45504976341980746,0.5254800280353378,0.5129711209006363,0.6078870446545047,0.21307395317884015,0.3664603187104052,6.7146963654614105,0.017428645875056676,6129.0,0.9999998807907104,0.48386599687460435,0.22735270536021362,0.38742623093352146,6.432998735854537,0.07021386100402673,6129.0,0.9867293480783701,0.33495124093403333,0.21307395317884015,0.3664603187104052,6.7146963654614105,0.017428645875056676,6129.0,0.9999998807907104,0.48386599687460435,0.30842321522571575,0.2644854784011841,0.24822007538319346,0.0,6129.0,0.21977484092021538,0.2579185608783541,0.37395986294664707,0.4884266789264091,0.4299233153858705,0.5652627182757607,0.16936017379069332,0.32462815812572066,7.71188709332643,0.05512727241440828,6129.0,0.9999262690544128,0.5667037487273704,0.19096021105002847,0.36074175653505997,7.190571140169485,0.08732900943516388,6129.0,0.9411764703691006,0.3127156166734069,0.16936017379069332,0.32462815812572066,7.71188709332643,0.05512727241440828,6129.0,0.9999262690544128,0.5667037487273704
socofing:000504:right_middle,irregular,0.20000000298023224,717,0.3121605815662854,0.2650514841079712,0.2271253570126337,3.0,9384.0,0.3167092924126172,0.3170340590223429,0.5049019607843137,0.49994427825166243,0.5668158567774936,0.5609143513281022,0.14451331492325542,0.2928478646608493,8.400921367739038,0.09327566650576842,9384.0,0.9998776912689209,0.4209493040283494,0.11281770896954253,0.2749896825308634,9.47622723897881,0.08902874813150087,9384.0,0.9535388350486755,0.2432017430454567,0.13598730861286087,0.2871554975189171,8.66501621457695,0.06735195984529128,9384.0,0.9961662590503693,0.5015301798713026,0.30275984559547975,0.2538325786590576,0.19187696626254372,0.0,9384.0,0.2884697357203751,0.3042944539004884,0.4599317988064791,0.48456921378326845,0.5203537936913896,0.5446608004108617,0.12784023213267373,0.27736492816811165,8.93332449436156,0.08537670941223979,9384.0,0.9986871480941772,0.19993709642279991,0.1028135358016314,0.2685854758259734,9.879497050199804,0.08595697182434461,9384.0,0.9095524698495865,0.19904525058473985,0.12784023213267373,0.27736492816811165,8.93332449436156,0.08537670941223979,9384.0,0.9986871480941772,0.19993709642279991
socofing:000509:right_middle,central_missing,0.4000000059604645,727,0.2630572718492864,0.23057088255882263,0.06549883689815364,2.0,8969.0,0.20136024082952392,0.24464758514879487,0.43037127884937004,0.4190506662888091,0.5149960976697514,0.4771850266688137,0.12824239054326503,0.2860755728268413,8.919683949733733,0.037521974804914794,8969.0,0.9981397092342377,0.8936537238141143,0.12036361206762093,0.28423072096793,9.195047877191145,0.0724571828791082,8969.0,0.9325667507946491,0.6936642184891783,0.09920735553830722,0.25225766060948834,10.034561267241335,0.04913513099453967,8969.0,0.9747223854064941,0.8730051188580601,0.24464567457370925,0.20521298050880432,0.18617264723742533,3.0,8969.0,0.3752926747686476,0.2192192452317271,0.6237038688817036,0.3888904363837366,0.6833537741108262,0.44544750010107304,0.10618698066355169,0.2571995642531714,9.739287278175354,0.04711298128007238,8969.0,0.9806113243103027,0.6171888568423863,0.0464697102983507,0.1708472680164654,13.32830034993046,0.08061294627242302,8969.0,0.8112277686595917,0.559052352400415,0.07610111778726882,0.2155651754078385,11.186089641850437,0.04431664286985375,8969.0,0.9506662786006927,0.696411505107221
socofing:000511:right_middle,peripheral_only,0.6000000238418579,737,0.1263639606440486,0.11461352556943893,0.6246313867591221,3.0,3845.0,0.2023407022106632,0.1041021377817087,0.37581274382314694,0.19995615474424377,0.41118335500650194,0.23190749373175537,0.08799776832578965,0.15085070552498162,10.555283416689749,0.10925516805542618,3845.0,0.9999084770679474,0.4613618710447907,0.049269591794342954,0.13379546292602001,13.074210359024551,0.1502725928849782,3845.0,0.8792939782142639,0.2982401394438803,0.06174473268909232,0.13710607924112284,12.094000852202399,0.12125857376120219,3845.0,0.9882342517375946,0.3583610291434045,0.26140188034086137,0.23932768404483795,0.44576527310490466,0.0,3845.0,0.26631989596879063,0.1821059618489175,0.4634590377113134,0.4103134166961839,0.49934980494148246,0.48638256831193927,0.06179231166975329,0.14828056652009275,12.090655573887775,0.1503760526922256,3845.0,0.99562868475914,0.6416645172807598,0.049575738397081834,0.18142516425954874,13.047308085520108,0.08977951089960388,3845.0,0.785022959113121,0.5215093174282265,0.06179231166975329,0.14828056652009275,12.090655573887775,0.1503760526922256,3845.0,0.99562868475914,0.6416645172807598
socofing:000522:right_middle,central_only,0.800000011920929,747,0.3301703681890992,0.28011128306388855,0.2577057522606411,3.0,609.0,0.1477832512315271,0.3227918702001838,0.2545155993431856,0.5275347393036671,0.2988505747126437,0.5957823623381616,0.527708873613522,0.6460774309324538,2.7760560294437377,0.0640848942745802,609.0,0.9999998211860657,0.630634762375289,0.2277121044771575,0.42041626282507316,6.426138830084285,0.14906118445794841,609.0,0.873496949672699,0.5920909977850337,0.1087343353716334,0.23595766823628705,9.636332957680189,0.17194068957763986,609.0,0.9050919115543365,0.620752734026066,0.3221573244566205,0.26973336935043335,0.3457723614188428,1.0,609.0,0.22824302134646962,0.3179184840426265,0.35467980295566504,0.5150278350891935,0.4154351395730706,0.5807309521047156,0.2718826390510437,0.4415488966246715,5.6561852321445425,0.16185328243018882,609.0,0.976972371339798,0.6993887405843953,0.10517773717198828,0.2824133481625437,9.780761769746467,0.22168712325893522,609.0,0.7451259940862656,0.5157778901577962,0.09390286888854933,0.21163971066224116,10.273211391137275,0.2340098012095156,609.0,0.9520955644547939,0.408055142905864
socofing:000524:right_ring,stripes,0.30000001192092896,758,0.2561223835638415,0.22843784093856812,0.40367750181238654,2.0,7338.0,0.2500681384573453,0.21843939810040927,0.4309076042518397,0.4060275151558032,0.48746252384846006,0.46855688750760105,0.17885024990596537,0.31983671658867846,7.475104486785233,0.05017177300941478,7338.0,0.9999781847000122,0.8947621994391868,0.15404717511305172,0.302351338276262,8.123462612812325,0.05840192195304809,7338.0,0.963077187538147,0.3641707733528588,0.12716570990406506,0.27487462236668836,8.956299799381851,0.0560956239491349,7338.0,0.9942983388900757,0.42731523707491914,0.25175855240905665,0.2191937267780304,0.3760068059746054,2.0,7338.0,0.23221586263287,0.21731574136462253,0.4029708367402562,0.3993694027500473,0.4576178795312074,0.46005395654518877,0.17086979632735824,0.3130788836863885,7.673346982367066,0.039261425808060316,7338.0,0.9998025000095367,0.7657437609927696,0.1436433069897414,0.29701566710695904,8.427146050019383,0.054803861967485705,7338.0,0.938891589641571,0.32581628211566244,0.12152750190954216,0.2728955312458782,9.153254292591916,0.061423967701120755,7338.0,0.9835476875305176,0.3845487702202378
socofing:000527:right_ring,random_rectangles,0.20000000298023224,768,0.35641214976681457,0.3133525252342224,-0.04709641882855324,4.0,9325.0,0.3580697050938338,0.38126783751930055,0.552171581769437,0.572745008402152,0.6178016085790885,0.636570732029769,0.15044849774864186,0.3109869032519453,8.226121443993577,0.05775369341820134,9325.0,0.9997819662094116,0.24792507648957082,0.146247484176652,0.31409367243527125,8.34911596135322,0.047163745521166804,9325.0,0.9409532621502876,0.20207940905732036,0.14416753917310818,0.30446827012361416,8.411325145471322,0.020530924664127294,9325.0,0.9931342303752899,0.26698375624389287,0.3449917266292163,0.29013583064079285,0.012220761837644279,0.0,9325.0,0.4197319034852547,0.3882749415370798,0.5824128686327078,0.5563150840975324,0.6316353887399464,0.6123284649510166,0.10222445318621584,0.2582545122804355,9.904452038731055,0.0664076725216401,9325.0,0.9550454001873732,0.17015698029610282,0.1084555671918048,0.2700134793695452,9.647481500709521,0.05123487773872345,9325.0,0.8454805910587311,0.17611240982847748,0.10222445318621584,0.2582545122804355,9.904452038731055,0.0664076725216401,9325.0,0.9550454001873732,0.17015698029610282
socofing:000528:right_ring,irregular,0.4000000059604645,778,0.19534552936156893,0.17141111195087433,0.15636571359106444,1.0,6545.0,0.1972498090145149,0.16575569035990534,0.34805194805194806,0.30959386307834397,0.3970970206264324,0.3575399206511568,0.2294717338056024,0.37914831250296965,6.392708029732839,0.06852662721539576,6545.0,1.0,0.18119217081494834,0.14563628991309094,0.3011827464766674,8.367303932563262,0.11982857942772429,6545.0,0.9770230352878571,0.13230936045367966,0.15579638568428214,0.30605899985094187,8.074426217313583,0.1422324147748271,6545.0,0.9999970197677612,0.1769652685258665,0.20440124571459997,0.17228057980537415,0.16023315708621316,3.0,6545.0,0.20152788388082507,0.18499590029144578,0.3489686783804431,0.32510145860104456,0.4025974025974026,0.37180331137091077,0.13247179280778687,0.2864536835368782,8.778765861200403,0.15188127963775966,6545.0,0.998410701751709,0.10020116039444683,0.0921423091445381,0.24747261517404417,10.355409082525957,0.16763698539563543,6545.0,0.8378630392253399,0.0882864387044583,0.11161646105390458,0.264513070002978,9.522717514764643,0.14177963489264014,6545.0,0.975159615278244,0.19084867491280924
socofing:000530:right_ring,central_missing,0.6000000238418579,788,0.3721276160242829,0.31832340359687805,0.14046772890276266,1.0,5926.0,0.45950050624367195,0.45236198396908844,0.6270671616604793,0.6034276224333331,0.6778602767465407,0.653782835254748,0.31765053631055024,0.4868771967831232,4.980504070798104,0.04273561464574192,5926.0,0.9999846518039703,0.30113793926065585,0.12385131053943381,0.2864827988809933,9.070993935429556,0.0816555918153683,5926.0,0.8590822964906693,0.28480681192137075,0.09832388923667645,0.2430253805415224,10.073409511079632,0.08518877110012517,5926.0,0.9821890592575073,0.4217757790196542,0.24578947524062053,0.2068033218383789,0.1561404660851995,1.0,5926.0,0.27100911238609515,0.23245197083955677,0.42254471819102263,0.39192940994488645,0.47738778265271686,0.4450885563133296,0.22652096202677224,0.39489381548500996,6.448916026077925,0.05846096732159836,5926.0,0.9959419965744019,0.19408959785878346,0.11535932757526612,0.27508447346544074,9.379472841017833,0.0747365184635284,5926.0,0.8526261672377586,0.17242902470737959,0.09527489785561158,0.24214343950232547,10.210215081634363,0.07212885818793213,5926.0,0.9643911700695753,0.15990247889172507
socofing:000531:right_ring,peripheral_only,0.800000011920929,798,0.12906137496881895,0.11471381038427353,0.12807364895400467,0.0,1883.0,0.1810939989378651,0.10887716882290893,0.32395114179500795,0.20447977933551936,0.3621879978757302,0.2363473161730561,0.10292079473129785,0.23418852337574228,9.874968689241406,0.11192591807851257,1883.0,0.9895580406300724,0.1486563130673771,0.09408717511010355,0.22884858568791935,10.264695706056884,0.09570302549261826,1883.0,0.9128328442457132,0.2523196137481614,0.10292079473129785,0.23418852337574228,9.874968689241406,0.11192591807851257,1883.0,0.9895580406300724,0.1486563130673771,0.20095515513255502,0.17175908386707306,0.21743879626255652,2.0,1883.0,0.22517259691980882,0.18412704079694336,0.3924588422729687,0.3198454367785269,0.4514073287307488,0.3650849021057213,0.09256586677191286,0.23140728085282528,10.335491278470998,0.16446353614041673,1883.0,0.9894905085675418,0.09152666324180467,0.07107945005736044,0.2128203893260881,11.482559409958535,0.12246736699034146,1883.0,0.8899718225002289,0.039846140034880635,0.09120463149855389,0.23042219418679194,10.399831070313173,0.15932003358553498,1883.0,0.9170860350131989,0.06379160649785028
socofing:000540:right_ring,disconnected_fragments,0.20000000298023224,808,0.19040407091398043,0.17147544026374817,-0.052353085260376624,2.0,7895.0,0.10804306523115896,0.1556235769038113,0.22887903736542115,0.3011684640613517,0.27549081697276756,0.3496834264471985,0.30195915934190487,0.46207756205061434,5.200517923801671,0.021152556813140558,7895.0,1.0,0.7825635255065807,0.2520749998072404,0.4227229527066802,5.984702244709238,0.04552473611141003,7895.0,0.9964865446090698,0.6621551274258821,0.21570027234455158,0.3760738243302891,6.661493065541019,0.044812640894978606,7895.0,0.9999980330467224,0.7725817201885299,0.2332360287524991,0.1984778195619583,-0.04329401374670364,4.0,7895.0,0.21241291956934769,0.21872139336415075,0.3573147561747942,0.3717261824651637,0.4115262824572514,0.42272777883216806,0.22173491861317896,0.37212906118577904,6.541659092000156,0.03830770862906578,7895.0,0.9999953508377075,0.9286841533228237,0.17452257499994273,0.3381401665642636,7.58148387823563,0.060471517344845065,7895.0,0.9914267780259252,0.7327321320752138,0.19087690982476596,0.35037620417635706,7.192466045670466,0.04234268766073455,7895.0,0.9976117014884949,0.6675785192407252
socofing:000545:right_ring,stripes,0.4000000059604645,818,0.19164471529607785,0.17577339708805084,0.07850600809968658,2.0,5438.0,0.18076498712762046,0.14988009729732613,0.3416697315189408,0.3024550826738494,0.3881941890400883,0.3533134111326904,0.271856935697994,0.4141314467414357,5.656595826661572,0.04016918339527554,5438.0,1.0,0.41882912792003213,0.22631553045341973,0.37498664345737664,6.452856424270989,0.05265062266676138,5438.0,0.9982509613037109,0.38675967765385816,0.1859936204279472,0.3395139502624989,7.305019518060344,0.03070677196761883,5438.0,0.9999747574329376,0.4041880281047359,0.24447583618980423,0.2039177119731903,0.22707801484781642,0.0,5438.0,0.20375137918352335,0.23054273338846618,0.34461198970209633,0.38976802762355295,0.3955498344979772,0.44284312570191514,0.12491558798892098,0.284907442095846,9.033833634260192,0.07092104669074034,5438.0,0.9727990925312042,0.6683829308080662,0.10857701821180861,0.2759319791975683,9.64262089296098,0.08623149512713166,5438.0,0.870837539434433,0.4442312824555409,0.12491558798892098,0.284907442095846,9.033833634260192,0.07092104669074034,5438.0,0.9727990925312042,0.6683829308080662
socofing:000553:right_ring,random_rectangles,0.30000001192092896,828,0.23006549161468598,0.20791782438755035,0.032456154097097324,1.0,10431.0,0.22711149458345317,0.18066176550978724,0.43207746141309555,0.3631644139730077,0.4946793212539546,0.42399863012741434,0.18263444655575298,0.3378935259828572,7.384173070963388,0.03240323539142775,10431.0,0.9994392693042755,0.39429585330472555,0.14348643405047173,0.2987582206487083,8.431891574353902,0.0444966475908918,10431.0,0.9268387742340565,0.3722590830282126,0.16388256420745928,0.32022856776031594,7.85467249426988,0.025453492710897124,10431.0,0.9884434640407562,0.39814416300916766,0.2866036344432794,0.23959119617938995,0.12135970719319553,0.0,10431.0,0.32786885245901637,0.28331425118030357,0.5108810277058767,0.4582368767829495,0.5777969513948806,0.516544418650498,0.10904742130251582,0.2631063448158411,9.623845999369943,0.05479500596573544,10431.0,0.997066855430603,0.4472835336266081,0.08342802662603221,0.2386351805552626,10.786880289267947,0.06020976793403599,10431.0,0.8796129114925861,0.36048189000382924,0.10904742130251582,0.2631063448158411,9.623845999369943,0.05479500596573544,10431.0,0.997066855430603,0.4472835336266081
socofing:000554:right_ring,irregular,0.5,838,0.376180329904113,0.32536184787750244,0.1349556227790205,0.0,5658.0,0.4287734181689643,0.3826551404984101,0.632378932484977,0.6025360089060104,0.7006009190526687,0.6758296317085439,0.14874791689312097,0.2977210425326687,8.275491075366059,0.10356065736690312,5658.0,0.9997487664222717,0.2093633190125473,0.09460774674597042,0.25650328897814123,10.240733008996665,0.12490285114649408,5658.0,0.9001839999109507,0.32350344677226156,0.14874791689312097,0.2977210425326687,8.275491075366059,0.10356065736690312,5658.0,0.9997487664222717,0.2093633190125473,0.28679982966313133,0.24090582132339478,0.15103547043067853,1.0,5658.0,0.2886178861788618,0.28227669985608694,0.4517497348886532,0.4584274144803058,0.5079533404029692,0.5171443193550453,0.12277551114520317,0.2748556499476105,9.108882491158935,0.10751664985405228,5658.0,0.9797967672348022,0.13893517992658064,0.08478142857381049,0.24750701257496144,10.716992698096027,0.13487459445159433,5658.0,0.8480577617883682,0.21427698124670114,0.11769099664603203,0.26517256796583877,9.292567593868506,0.13768290048880233,5658.0,0.9850074946880341,0.1263070057047975
socofing:000558:right_ring,central_missing,0.699999988079071,848,0.1768517263245816,0.1664484292268753,0.047239285872632576,3.0,4904.0,0.18331973898858075,0.1300237402441451,0.3699021207177814,0.2782799635112869,0.42312398042414356,0.3276987046003341,0.16913167798543755,0.31585157691961807,7.717750423974597,0.04361387011127398,4904.0,0.9996820688247681,0.39187149810169947,0.15198434868943184,0.29951632323886723,8.182011332907095,0.05513845396759216,4904.0,0.9732942818664014,0.29769956010571347,0.15654777098365016,0.31085210663810003,8.053531117352971,0.027872698778663843,4904.0,0.9730919301509857,0.461502404084075,0.18455452247603293,0.1566372513771057,0.09148929749849821,0.0,4904.0,0.21023654159869495,0.1690767345916583,0.34685970636215335,0.29373945717321526,0.39661500815660683,0.33529369803373416,0.13099454289936516,0.2828822556707809,8.827467962378075,0.06511427398556313,4904.0,0.9900062084197998,0.255350646535483,0.11379978367110546,0.26457343126515565,9.438585635168216,0.0556124265319158,4904.0,0.9497074075043201,0.12361880191512169,0.13099454289936516,0.2828822556707809,8.827467962378075,0.06511427398556313,4904.0,0.9900062084197998,0.255350646535483
socofing:000564:right_little,central_only,0.20000000298023224,859,0.3639118915381336,0.3050636947154999,0.012784733177260237,4.0,4611.0,0.2277163305139883,0.37452492284635175,0.3884189980481457,0.5833203295918356,0.4586857514638907,0.6529187985069967,0.2814662855821683,0.4505041716799077,5.505736180861995,0.04230367613918726,4611.0,0.9999410510063171,0.5210993169841169,0.1576249400613634,0.35047402925459326,8.023750655641376,0.0548977672258822,4611.0,0.8726523518562317,0.5884829567873319,0.13645169996595116,0.28613775690457627,8.650210493584447,0.0656594327323556,4611.0,0.9984696507453918,1.0223946229799352,0.2736729508779282,0.22750793397426605,0.14438806883499009,2.0,4611.0,0.16178703101279548,0.2611446929350253,0.2810670136629798,0.43662389561039494,0.33311646063760575,0.4951169631688514,0.19893834498576518,0.38264468534793233,7.012814993757913,0.05743731732804147,4611.0,0.9867234821431339,0.4653933270471846,0.13191124972379617,0.3216222107746321,8.797181651463596,0.06870177051647687,4611.0,0.7837645411491394,0.4999794335240304,0.11364797432286937,0.26675082779796666,9.444383007946215,0.06277614344155902,4611.0,0.9991382658481598,0.46162346906724583
socofing:000584:right_little,disconnected_fragments,0.4000000059604645,869,0.3644718071659524,0.32976680994033813,0.02665369345666892,1.0,5404.0,0.2457438934122872,0.29586077978948944,0.5588452997779423,0.5762937887278775,0.649518874907476,0.6697714583740069,0.25172066730839543,0.4243872058608857,5.990811256136919,0.028201252246959716,5404.0,0.9999991059303284,0.8593709351122926,0.15460069444462926,0.31224013014998475,8.107885596234306,0.08363091632220876,5404.0,0.9501218423247337,0.3431061646126967,0.14888859771607016,0.3089073457838561,8.271385603982852,0.07041179472205797,5404.0,0.9098591804504395,0.45940598278345685,0.3111811848204282,0.26104438304901123,0.2002317237772489,3.0,5404.0,0.3564026646928201,0.3103613580082806,0.5603256846780162,0.4978079130314705,0.6132494448556625,0.5602900980392003,0.1437952619269637,0.29971025907589627,8.422554237784158,0.037714038198626225,5404.0,0.9954319894313812,1.2961735417995417,0.10701559274248215,0.25863275286099763,9.705529386825752,0.09922683705189811,5404.0,0.8836887627840042,0.62638411790118,0.08840124737358754,0.2342878507600503,10.535416068914072,0.07082126239839277,5404.0,0.9287004172801971,1.1123018435354879
socofing:000589:right_little,stripes,0.6000000238418579,879,0.20595165244524094,0.1825883835554123,0.4951325480521683,2.0,4119.0,0.22432629278951202,0.1822655782389334,0.37557659626122847,0.32715403649175473,0.42704539936877883,0.3754501892426952,0.14986013059069983,0.2827054563218795,8.243138932860587,0.08332472123527847,4119.0,0.9997290670871735,0.47929698407796845,0.12310243542037858,0.25460046021965554,9.09733355036442,0.11866435427141726,4119.0,0.9602343551814556,0.1986814725739466,0.12443484664468796,0.24773736779414557,9.050579830994845,0.12325145232928945,4119.0,0.999903529882431,0.31424199546427195,0.29694632356188255,0.24881498515605927,0.33763536637889424,1.0,4119.0,0.24277737314882253,0.28959234873193307,0.38407380432143723,0.4743787202160172,0.4287448409808206,0.5359741773773784,0.135727233308076,0.2938292574107604,8.67333003565124,0.08777696018610477,4119.0,0.9962677359580994,0.6487804126106621,0.08915152360151796,0.25685268504041786,10.498712303228647,0.1425879974869213,4119.0,0.7813464403152466,0.1877854318569113,0.12647516247885046,0.2523311438338759,8.979947539939326,0.09410204191482276,4119.0,0.9990945756435394,0.2659279317152909
socofing:000594:right_little,random_rectangles,0.5,889,0.2780222834763624,0.2388996183872223,0.16699760084224471,2.0,5786.0,0.2843069478050467,0.27514659416869236,0.4244728655375043,0.4445480846314129,0.4716557207051504,0.5010152481189863,0.33604931006761196,0.47756826053004914,4.735969918987817,0.04527460388398951,5786.0,0.9999988675117493,0.24057044808894532,0.17984168553397578,0.3405474459883141,7.451096357447387,0.0876653835521364,5786.0,0.9960784311406314,0.2786592277865322,0.16979403224734602,0.3214786801079331,7.700775779765938,0.04396309902528864,5786.0,0.9960784311406314,0.8304202944452818,0.27487378912300875,0.23202136158943176,0.20332498356945353,4.0,5786.0,0.29173867957137917,0.27792263819587876,0.42430003456619425,0.440102947504101,0.4737296923608711,0.4941630506068417,0.2523982515611609,0.4017672148881486,5.9791365790638915,0.06274471348651144,5786.0,0.999756783246994,0.1703922115485791,0.14694332611320654,0.30819427568450664,8.328501339739947,0.09508448077061826,5786.0,0.9960784311406314,0.182081320159249,0.1435025482036083,0.2937067193880541,8.431403870070612,0.12082632357195743,5786.0,0.9960784311406314,0.08833661306176782
socofing:000598:right_little,irregular,0.699999988079071,899,0.22406974676032157,0.20663097500801086,0.06681490643533056,2.0,3670.0,0.17574931880108993,0.17385937944257618,0.33814713896457765,0.35349055808474,0.3926430517711172,0.4133676176321278,0.3271420664126196,0.4736700686668008,4.852636073998522,0.08433147474284872,3670.0,1.0,0.4048809449061723,0.227494269181254,0.3862093800149905,6.430295392016224,0.1333198685126885,3670.0,0.9932990134693682,0.2618136876222625,0.1623652161455653,0.31662593926835997,7.895070049844196,0.19173560756924532,3670.0,0.9991257190704346,0.41615346755900867,0.26157387814827116,0.21817061305046082,0.18725191830525173,2.0,3670.0,0.23106267029972752,0.24990848313397868,0.3967302452316076,0.41735166553580477,0.4490463215258856,0.4731660596697467,0.2006930423222991,0.3587159208962262,6.974676834836653,0.15774020045594825,3670.0,0.9980997443199158,0.18217660916506376,0.10953258564392661,0.2772851310570138,9.604566601838435,0.2138676724736733,3670.0,0.8627097830176353,0.1196412668467729,0.12777578131748604,0.2836049888101571,8.93551454760631,0.2056263529290133,3670.0,0.9789069890975952,0.11376015781567607
