sample_id,mask_family,observed_fraction,selected_dataset_index,plain_pairwise_diversity_mae,plain_mean_predictive_std,plain_uncertainty_error_spearman,plain_best_sample_index,plain_missing_roi_pixels,plain_coverage_50,plain_interval_width_50,plain_coverage_80,plain_interval_width_80,plain_coverage_90,plain_interval_width_90,plain_single_mse,plain_single_mae,plain_single_psnr,plain_single_ssim_map_mean,plain_single_pixels,plain_single_max_absolute_error,plain_single_orientation_error,plain_mean_mse,plain_mean_mae,plain_mean_psnr,plain_mean_ssim_map_mean,plain_mean_pixels,plain_mean_max_absolute_error,plain_mean_orientation_error,plain_best_of_k_mse,plain_best_of_k_mae,plain_best_of_k_psnr,plain_best_of_k_ssim_map_mean,plain_best_of_k_pixels,plain_best_of_k_max_absolute_error,plain_best_of_k_orientation_error,reinjected_pairwise_diversity_mae,reinjected_mean_predictive_std,reinjected_uncertainty_error_spearman,reinjected_best_sample_index,reinjected_missing_roi_pixels,reinjected_coverage_50,reinjected_interval_width_50,reinjected_coverage_80,reinjected_interval_width_80,reinjected_coverage_90,reinjected_interval_width_90,reinjected_single_mse,reinjected_single_mae,reinjected_single_psnr,reinjected_single_ssim_map_mean,reinjected_single_pixels,reinjected_single_max_absolute_error,reinjected_single_orientation_error,reinjected_mean_mse,reinjected_mean_mae,reinjected_mean_psnr,reinjected_mean_ssim_map_mean,reinjected_mean_pixels,reinjected_mean_max_absolute_error,reinjected_mean_orientation_error,reinjected_best_of_k_mse,reinjected_best_of_k_mae,reinjected_best_of_k_psnr,reinjected_best_of_k_ssim_map_mean,reinjected_best_of_k_pixels,reinjected_best_of_k_max_absolute_error,reinjected_best_of_k_orientation_error
socofing:000023:left_thumb,random_rectangles,0.10000000149011612,0,0.40128968445488616,0.36747226119041443,-0.03269462067886896,1.0,11110.0,0.3786678667866787,0.33742035518456537,0.8326732673267326,0.6356765622007857,0.8971197119711971,0.7350952978728592,0.19794792685259185,0.3848182475937046,7.0344904233912855,0.019583421063652365,11110.0,0.9999980032444,0.6334557230346642,0.056455774398358076,0.18212699137211455,12.482916310448019,0.07384262993838035,11110.0,0.8314470127224922,1.0157796378621151,0.10045326572434758,0.26008474963350836,9.980359398215642,0.033259813402399696,11110.0,0.9782030880451202,1.1518114962803647,0.4183350402932248,0.36534300446510315,0.05560098424823786,1.0,11110.0,0.5900990099009901,0.44740918180783734,0.8874887488748875,0.6722434786206211,0.9239423942394239,0.7471882442248823,0.19003647332909337,0.37407561345319296,7.211630377557046,0.026407997941888195,11110.0,0.9999990165233612,0.7316892433521783,0.04366480287918007,0.15884567089043525,13.598684960844063,0.08475865779756672,11110.0,0.8113725334405899,0.9423785354910331,0.09961092522253927,0.2516776455725559,10.016930259974613,0.0375817309896019,11110.0,0.9174313843250275,1.2709591379718443
socofing:000030:left_thumb,irregular,0.30000001192092896,10,0.40412065347714343,0.3440108001232147,-0.076237824662349,3.0,7905.0,0.403921568627451,0.3800161319582768,0.620999367488931,0.6441825934115428,0.6717267552182163,0.7322380805626313,0.15687038867879083,0.3095309635455815,8.044590273950629,0.07096234387308482,7905.0,0.999319463968277,0.9710553259490955,0.09708471556819735,0.2621989234801262,10.128491374131327,0.07802335299830275,7905.0,0.8763536363840103,0.7015737038399846,0.11090977287280519,0.25768803890787445,9.550301840786886,0.02330260651887761,7905.0,0.9737149178981781,0.24502944418857509,0.3608152233589155,0.3016102612018585,0.08677022307325294,3.0,7905.0,0.39000632511068944,0.3823402850519321,0.5720430107526882,0.5794568635435665,0.6303605313092979,0.6451623897074447,0.10571351005228513,0.25226525238689784,9.75869506862656,0.10191509586660068,7905.0,0.9948007762432098,0.8064763105080469,0.09406823545273992,0.2586752426739285,10.26557002465185,0.09578244926598783,7905.0,0.8481807559728622,0.7442383247004717,0.09542800399449249,0.23407677716276903,10.20324159933253,0.05445744602145809,7905.0,0.8436480015516281,0.22076135443538897
socofing:000032:left_thumb,central_missing,0.5,20,0.48729431494139136,0.4221448004245758,0.051944658002922806,1.0,8192.0,0.612548828125,0.5813678236954729,0.785400390625,0.7890782547816344,0.84326171875,0.858315065143688,0.3939319402443698,0.5555512005190621,4.045788048991307,0.013205709766620152,8192.0,0.9999991357326508,0.616736960573939,0.11114967981097737,0.27729885780206587,9.540917840358496,0.04883897075447483,8192.0,0.8182164579629898,0.16684068578653233,0.14176108475903096,0.29373524504705983,8.48442972213099,0.018247094868039933,8192.0,0.9882034650072455,0.10909607489181432,0.40423195262046646,0.33767226338386536,0.2612444942650948,1.0,8192.0,0.5732421875,0.5215040191433218,0.720458984375,0.6584983308450318,0.767822265625,0.7041631014122686,0.15046340061336383,0.3089005241557743,8.225691269450541,0.05369213171268154,8192.0,0.9769985675811768,0.14996477110727957,0.0799008084410984,0.23822293692717267,10.974488264465625,0.05068007157647523,8192.0,0.6945376992225647,0.15597570972337002,0.15394490573982159,0.3067045802566781,8.12634677957213,0.019076423568650643,8192.0,0.9881392112001777,0.1883586568213146
socofing:000039:left_thumb,peripheral_only,0.699999988079071,30,0.2816852246051218,0.24000480771064758,0.06129458164842636,0.0,2823.0,0.33581296493092455,0.283715171137052,0.4962805526036132,0.4508993540213879,0.5657102373361672,0.5066274149828333,0.12855143057101395,0.2849956877492342,8.90923085993969,0.1053513609967347,2823.0,0.9609993994235992,0.3524578242529007,0.12050867822973749,0.2805078451701823,9.189816769764269,0.1041976168742543,2823.0,0.9059210829436779,0.28292823275558254,0.12855143057101395,0.2849956877492342,8.90923085993969,0.1053513609967347,2823.0,0.9609993994235992,0.3524578242529007,0.2821775044716717,0.23686155676841736,0.18744746750970218,0.0,2823.0,0.2596528515763372,0.2750657344493636,0.4300389656393907,0.4507728301524441,0.4987601842012044,0.5093418620534708,0.13145963828746005,0.28013694072518336,8.812075670197181,0.1333009449441561,2823.0,0.9760985672473907,0.08645640404421115,0.09516658846780819,0.2591336764666749,10.21515498999582,0.14728107502634047,2823.0,0.8090758249163628,0.06515530823630963,0.13145963828746005,0.28013694072518336,8.812075670197181,0.1333009449441561,2823.0,0.9760985672473907,0.08645640404421115
socofing:000052:left_thumb,disconnected_fragments,0.10000000149011612,40,0.31405475583797476,0.2686401307582855,0.006050247019275985,1.0,10542.0,0.4194649971542402,0.2911782326168635,0.6647694934547524,0.5001999570186485,0.7189337886549042,0.5698738651525768,0.1176412632486213,0.26877282350955756,9.294403206239966,0.08715215869158938,10542.0,0.9932360351085663,0.42879061212014935,0.07828172764772734,0.20981079247378887,11.063395981954994,0.07657882613697957,10542.0,0.9215153940021992,0.5301708254883285,0.10895711600773605,0.26228466026981107,9.627444006451503,0.051808741593395144,10542.0,0.9131048619747162,0.5187160206454736,0.292904767703906,0.24688024818897247,0.11876160441828565,2.0,10542.0,0.450199203187251,0.27492755056388735,0.670840447732878,0.4668499066122477,0.7181749193701384,0.5308240252950344,0.11214230334236472,0.2586941273066333,9.502305279717337,0.08807457389139764,10542.0,0.9839097559452057,0.3998978669941552,0.06086854093783793,0.18613722139916108,12.156071084694386,0.08633407291979851,10542.0,0.8368488103151321,0.4054211321900792,0.0815017231157959,0.21572486525625867,10.888332092751025,0.0847384073107467,10542.0,0.9952686429023743,0.8605186801566568
socofing:000054:left_index,stripes,0.4000000059604645,51,0.24126306277087012,0.20985643565654755,0.21112768996000433,0.0,6876.0,0.18179173938336243,0.22849433183878087,0.337696335078534,0.3847440273401833,0.39267015706806285,0.4368272591739841,0.12390301502992279,0.269280021745276,9.069181254647223,0.11065880896479627,6876.0,0.9871800541877747,0.6023647040326274,0.15571799453433205,0.32378915102131545,8.07661198122908,0.09331739607688853,6876.0,0.964399540796876,0.44298281950670126,0.12390301502992279,0.269280021745276,9.069181254647223,0.11065880896479627,6876.0,0.9871800541877747,0.6023647040326274,0.2765584807927488,0.23298850655555725,0.3051409248171334,1.0,6876.0,0.38961605584642234,0.2591430210118865,0.5818789994182665,0.4407520232903118,0.6400523560209425,0.5012883573831203,0.07962048543719029,0.20945507083673284,10.9897517889899,0.14261340861435517,6876.0,0.9540047645568848,0.31861048365172745,0.055709795479627844,0.19368609323948102,12.540684359083924,0.1396173991570223,6876.0,0.7881384938955307,0.5591070359408686,0.08670359853068091,0.2076433847093258,10.619628772690529,0.11098637068709645,6876.0,0.9630492925643921,0.6625796562426556
socofing:000057:left_index,random_rectangles,0.30000001192092896,61,0.39599232583103927,0.3352227210998535,0.23321438708399228,4.0,9460.0,0.5058139534883721,0.43935428578997265,0.7157505285412262,0.6379239173255562,0.7824524312896406,0.704113794504084,0.15411348100358935,0.30710925146898976,8.121593699162839,0.04620048597854656,9460.0,0.9850668907165527,1.0420888852572217,0.07884491896786258,0.23417593356665917,11.032262888324855,0.06550874024153225,9460.0,0.8268741928040981,0.8743966777638023,0.1521895661958339,0.3041157593814278,8.176151208827973,0.0603195334596077,9460.0,0.9990114867687225,0.9406969796879242,0.344805361401077,0.2872583270072937,0.19510157177909102,0.0,9460.0,0.36553911205073997,0.32381316915816033,0.5895348837209302,0.5495893590174317,0.6653276955602537,0.624848088970522,0.11731509872731831,0.2702085701058113,9.306460895727021,0.0449092977269092,9460.0,0.9918818771839142,0.33044019242186495,0.07997261976520359,0.23682984785589312,10.970586770109197,0.06457831223503172,9460.0,0.8330904170870781,0.42511565194281553,0.11731509872731831,0.2702085701058113,9.306460895727021,0.0449092977269092,9460.0,0.9918818771839142,0.33044019242186495
socofing:000061:left_index,irregular,0.5,71,0.340058725847317,0.2962309718132019,0.1198889469693401,0.0,4742.0,0.39519190215099115,0.33369477618625526,0.5898355124420076,0.5434575663896012,0.6499367355546183,0.613378496457383,0.14569616690253714,0.2993356968264026,8.365518738647017,0.1320586457078112,4742.0,0.9995428919792175,0.6469052738775958,0.09845264585409973,0.25535882219694983,10.067726079728423,0.11945957994558366,4742.0,0.9300709739327431,0.43841592158019926,0.14569616690253714,0.2993356968264026,8.365518738647017,0.1320586457078112,4742.0,0.9995428919792175,0.6469052738775958,0.3124164958422016,0.2632366120815277,0.17145827163502964,1.0,4742.0,0.3353015605229861,0.3108914170283801,0.5242513707296499,0.49971388546614043,0.5875158161113454,0.5626547082787272,0.17309650777090765,0.33176757892116887,7.6171169394507725,0.16566195704722345,4742.0,0.9930453300476074,0.1320881981284433,0.07542853084883874,0.23176625736241588,11.224643511261094,0.1636749600489843,4742.0,0.8107638210058212,0.14606233162078874,0.10999354916927274,0.2513962023461788,9.586327843175837,0.19681168607841748,4742.0,0.9915747037157416,0.44059904392492294
socofing:000064:left_index,central_missing,0.699999988079071,81,0.3048745502241994,0.2653467357158661,0.13297187065479113,3.0,4915.0,0.3639877924720244,0.29440454672699906,0.5709053916581892,0.486752280008999,0.6376398779247202,0.5508681911029991,0.18482103452511553,0.3333622783442366,7.332486031465992,0.01536685149802967,4915.0,0.9990651905536652,0.8096176010399798,0.09100420377412667,0.24322375769026783,10.409385457696885,0.07282720313890953,4915.0,0.9220745451748371,0.3717591113126631,0.13924627450053245,0.2900848788099358,8.562164154397273,0.0814191401095094,4915.0,0.9973006248474121,0.48075462932043,0.2814066238393619,0.23593223094940186,0.09148512661206488,1.0,4915.0,0.24455747711088505,0.27244630971978423,0.41078331637843335,0.44935456673102125,0.46429298067141406,0.5083239857347669,0.16932774939674827,0.3296298755403885,7.712718639682137,0.027452672130487986,4915.0,0.9971363544464111,0.15489019612137575,0.12167898632628057,0.29044309062106366,9.147844169262655,0.06859927976518435,4915.0,0.9537128796800971,0.49758817794653315,0.12729019538128075,0.28162776334760736,8.952050469024641,0.055229507754139415,4915.0,0.978435693308711,0.8687695069309713
socofing:000066:left_index,central_only,0.10000000149011612,91,0.32440664379842654,0.2787279784679413,0.07187798818477165,2.0,9859.0,0.34952834973121005,0.33068254088542925,0.5325083679886399,0.5196782197861827,0.5925550258646921,0.5826767794197671,0.14935145550143814,0.3005296385754268,8.25790540631578,0.05459905596563705,9859.0,0.9999116361141205,0.3900895914419369,0.12217044212154331,0.28285725687116875,9.130338544556071,0.09766543561614283,9859.0,0.9741084687411785,0.39973751933790186,0.12902965571545863,0.2774002472139844,8.893104615348639,0.07291730858927314,9859.0,0.9723014831542969,0.4340922638080182,0.3231004225680547,0.27903038263320923,0.05277982799966243,3.0,9859.0,0.32467795922507353,0.30013074025395364,0.5345369712952632,0.5146637078774776,0.5997565676032052,0.5861746970853187,0.16273110895901333,0.3098823010290174,7.885294159766443,0.07196037622064527,9859.0,0.9999470710754395,0.3193452600494352,0.11108502549416883,0.2705598876703686,9.543444809652046,0.11629080672590672,9859.0,0.9696498215198517,0.3667835841051101,0.13844573398988483,0.28504630994719177,8.587204218844356,0.11321799255095091,9859.0,0.9982597827911377,0.4038705488304361
socofing:000068:left_index,disconnected_fragments,0.30000001192092896,101,0.2910612596669759,0.2515859305858612,0.3564405262295673,0.0,7730.0,0.3529107373868047,0.28583308639532534,0.555627425614489,0.4651751981399963,0.610608020698577,0.5249559020548866,0.11883755687504836,0.24411563278756612,9.250462852308077,0.10150235667370364,7730.0,0.9996079802513123,0.15165545269284395,0.07578105763251335,0.21775495814090837,11.204393378211318,0.1031247603683784,7730.0,0.8355235420167446,0.22030056503186726,0.11883755687504836,0.24411563278756612,9.250462852308077,0.10150235667370364,7730.0,0.9996079802513123,0.15165545269284395,0.2656432145486982,0.22451846301555634,0.27141253681689453,0.0,7730.0,0.2836998706338939,0.25618978940808296,0.43479948253557565,0.4240838007638556,0.4896507115135834,0.4800484712157798,0.10609062160180138,0.256151497007238,9.743230059818565,0.09302313491791224,7730.0,0.9941871757619083,0.4088589865673231,0.0738267242117236,0.22685427162802282,11.317864013639962,0.09898801165860233,7730.0,0.8210237585008144,0.23043027697752252,0.10609062160180138,0.256151497007238,9.743230059818565,0.09302313491791224,7730.0,0.9941871757619083,0.4088589865673231
socofing:000077:left_index,stripes,0.5,111,0.3581171629926826,0.3024641275405884,0.1942560359252824,1.0,5846.0,0.36349640780020526,0.35233577468543686,0.574580910023948,0.5724093219575677,0.6529250769757099,0.6457671710482779,0.16665525880583867,0.3110929734130612,7.781809776270755,0.07516269267408489,5846.0,0.9999792873859406,0.4787926884871259,0.09450706583294315,0.2565102459051306,10.245357201940141,0.10951183664777404,5846.0,0.8577792607247829,0.1413449218952225,0.14087026625421825,0.2940060250225961,8.511806645516092,0.08853979821778092,5846.0,0.9845263357274234,0.12805654207525002,0.28018091200069334,0.23590794205665588,0.21374224569683076,4.0,5846.0,0.2742045843311666,0.2603596187478012,0.46630174478275743,0.44630732987582017,0.5316455696202531,0.5082899002518264,0.12534353074243015,0.28376266578202186,9.018980760285986,0.10253145088882093,5846.0,0.9563903212547302,0.3879188464415118,0.07835711046649299,0.2351635641216393,11.05921587628748,0.10078006060112282,5846.0,0.7641772031784058,0.16763674425359315,0.1112942113639434,0.2619818315622685,9.535274236084577,0.07893653099213123,5846.0,0.9827458849176764,0.22220843932914475
socofing:000081:left_index,random_rectangles,0.4000000059604645,121,0.43012953663978115,0.3701496720314026,0.08044001528683879,4.0,8883.0,0.47641562535179555,0.4686317390235013,0.7103456039626252,0.692057478862022,0.7853202746819768,0.766532725474862,0.2713618577567039,0.4323364612353888,5.664511962116928,0.02215768410809966,8883.0,0.9999745786190033,0.9011193590709474,0.10671273328951963,0.27265159771074715,9.717837561384764,0.04305107266533484,8883.0,0.9185966840013862,0.7040915838287063,0.16124917585387158,0.32062412490925657,7.925024963704033,0.034469643402373434,8883.0,0.9999922513961792,1.0039756660696222,0.3122947447225879,0.26105594635009766,0.06841540399025148,0.0,8883.0,0.3361476978498255,0.3262535299110638,0.5142406844534504,0.5010674700749882,0.5882021839468647,0.5593387834629631,0.14204017412364411,0.3079867235805932,8.475888039789025,0.03229847128618997,8883.0,0.9831362953409553,0.9918080077537992,0.0974950839204065,0.26202688735395924,10.110172825585638,0.047710763003252894,8883.0,0.9217710457742214,0.7164797596154099,0.14204017412364411,0.3079867235805932,8.475888039789025,0.03229847128618997,8883.0,0.9831362953409553,0.9918080077537992
socofing:000089:left_index,irregular,0.6000000238418579,131,0.35220491730764064,0.2988988161087036,0.1398500378341501,4.0,4262.0,0.31698732989206946,0.3377550089725694,0.505631159080244,0.562082876858718,0.5692163303613327,0.6368588328207675,0.15497381848961095,0.30534242018152613,8.097416659968651,0.09299490958816364,4262.0,0.9920395007357001,0.42176986253296656,0.10503381745743297,0.2719795396208417,9.786708497817102,0.15879116549518452,4262.0,0.9020774364471436,0.20255362991232687,0.10851205262670187,0.2519769525189951,9.645220212757113,0.14307673181140845,4262.0,0.9494903981685638,0.29905851752322943,0.2729370468829731,0.23137524724006653,0.2555406390245028,1.0,4262.0,0.2667761614265603,0.2564076348572816,0.4411074612857813,0.43504633381018787,0.4997653683716565,0.4945925667944899,0.13252416182637755,0.2752203167191519,8.777049338687892,0.1104503185920636,4262.0,0.9917833199724555,0.21820514775773595,0.0786878094791714,0.23013005578315304,11.040925444644136,0.1753233843552912,4262.0,0.8282792419195175,0.12644785581752793,0.10613425967244387,0.24360173022294096,9.741444051181476,0.18098767748494465,4262.0,0.9647266864776611,0.09284635321852915
socofing:000093:left_index,central_missing,0.800000011920929,141,0.342831885616409,0.3184811770915985,0.05687223436515328,0.0,3277.0,0.2773878547451938,0.26716543268895493,0.5559963381141287,0.5409643716935091,0.652731156545621,0.6322306846950269,0.17036990380609593,0.33291724146416807,7.686071218072648,0.06401055779934137,3277.0,0.994885444175452,0.7499037885627406,0.15049897928651682,0.3126943482404082,8.224664455301816,0.06761335759336895,3277.0,0.8733185976743698,0.18842840583858156,0.17036990380609593,0.33291724146416807,7.686071218072648,0.06401055779934137,3277.0,0.994885444175452,0.7499037885627406,0.2988122615830215,0.250162810087204,0.0757298212400174,4.0,3277.0,0.3027158986878242,0.29298384299829744,0.4974061641745499,0.477516776674362,0.564235581324382,0.5390277545663835,0.16291488514295266,0.32201186560312056,7.880392334317415,0.0624590535225506,3277.0,0.9907167255878448,0.4907730321552342,0.08818816899523794,0.24969683687688898,10.545896743321851,0.11268469240953181,3277.0,0.8404034674167633,0.1912806674873564,0.11594699088972714,0.2717653792617211,9.357405178922695,0.15495617450697666,3277.0,0.9713758230209351,0.22913813126756363
socofing:000096:left_middle,central_only,0.30000001192092896,152,0.39208259412849544,0.3318049907684326,0.28051454844288887,2.0,5821.0,0.5143446143274352,0.4508578975295676,0.7278818072496135,0.6332096809457001,0.794193437553685,0.6939936087510774,0.17742379713406775,0.3276188195800017,7.509881304406715,0.09826178674072028,5821.0,0.9087229296565056,0.6619283892041524,0.07773137603510098,0.23497698258040922,11.094036441540045,0.107297936632829,5821.0,0.7691157460212708,0.414210778159587,0.10439109873084193,0.24640047047245628,9.813365313805654,0.101931332809364,5821.0,0.9937102794647217,0.2675240216482995,0.31013669633943175,0.2658403813838959,0.12673104436252933,2.0,5821.0,0.35251674969936436,0.28775257388764364,0.5732691977323484,0.49398030189791214,0.645937124205463,0.5627228779013348,0.1590252018208976,0.3138057136128365,7.985340445824532,0.09837564668406769,5821.0,0.9190229773521423,0.4903122718196012,0.08544975517446643,0.24002691918945337,10.682891772560657,0.13622134281216275,5821.0,0.8124241083860397,0.3878238831782989,0.11341127234916784,0.2593051027656984,9.453437772266915,0.12139276035589373,5821.0,0.9430384039878845,0.26653476885625704
socofing:000097:left_middle,disconnected_fragments,0.5,162,0.36956033376030256,0.3104056715965271,0.21208558145184758,4.0,4880.0,0.4610655737704918,0.37436340776745414,0.6979508196721311,0.5917768414171992,0.7756147540983607,0.6642479859671143,0.12771956135747892,0.2726023576017202,8.937425816793635,0.05233524336751961,4880.0,0.9869353175163269,0.6629897321200408,0.06698724981465201,0.2166964938088328,11.740078519571988,0.11902489468954143,4880.0,0.8627450913190842,0.2886606080373325,0.10382078312938546,0.2551385211432925,9.837156995229758,0.10139072287382957,4880.0,0.9537895917892456,0.19779249302367874,0.26152659638006176,0.21866485476493835,0.2312384444138226,4.0,4880.0,0.2831967213114754,0.24128787254945178,0.47295081967213115,0.4164186818250379,0.5377049180327869,0.47479561825023325,0.1170035343525993,0.2743721398955295,9.318010192226636,0.0831463820648521,4880.0,0.9937014579772949,0.6502299178528346,0.067728548719436,0.21895232137596066,11.69228230312632,0.11374914493134909,4880.0,0.8627450913190842,0.2156622076484866,0.08738156556457344,0.23131633148114503,10.58580178555674,0.10212500414434157,4880.0,0.9292212123982608,0.12926603517350368
socofing:000103:left_middle,stripes,0.699999988079071,172,0.32687079754953857,0.28654950857162476,0.17351112017969547,4.0,2207.0,0.22972360670593567,0.3160309349593935,0.40326234707748077,0.5219092898202472,0.4626189397371998,0.5905354081071984,0.16833720678956726,0.3234212329532271,7.738198833258677,0.11562899664590325,2207.0,0.9975608885288239,0.373573948608656,0.1932795879349546,0.37111238266185675,7.138140089580007,0.13097013255484438,2207.0,0.9487056322395802,0.3046439528805581,0.14123417695270693,0.293880838708168,8.500601965850084,0.15391061770164108,2207.0,0.9898209273815155,0.3599013035169581,0.2743410078173155,0.22938047349452972,0.2813885759376916,0.0,2207.0,0.2686905301314001,0.26527525363705196,0.43905754417761667,0.4380390370896784,0.49116447666515634,0.4956269649072205,0.10853052922433598,0.2501385281983667,9.644480792469372,0.1818681677440679,2207.0,0.9589053373783827,0.13728342462087148,0.07944789674697851,0.234588603546702,10.999175955399492,0.2200648512841918,2207.0,0.8243861198425293,0.19877161089258846,0.10853052922433598,0.2501385281983667,9.644480792469372,0.1818681677440679,2207.0,0.9589053373783827,0.13728342462087148
socofing:000107:left_middle,random_rectangles,0.6000000238418579,182,0.43871467283892673,0.3729839622974396,0.3166590900165419,0.0,5170.0,0.627852998065764,0.563301525309653,0.760541586073501,0.7144021617893554,0.8054158607350097,0.764769040615923,0.1545995142196242,0.29577263705495466,8.107918750494408,0.07989518923101706,5170.0,0.9994524717330933,1.0584858532838275,0.07969595675929646,0.23535924381576478,10.985637112471572,0.11722469164684222,5170.0,0.7927569895982742,0.18333822855908458,0.1545995142196242,0.29577263705495466,8.107918750494408,0.07989518923101706,5170.0,0.9994524717330933,1.0584858532838275,0.2483996572519871,0.20881253480911255,0.36655489388341195,4.0,5170.0,0.37543520309477757,0.26878981692302156,0.509284332688588,0.39947846757028277,0.5568665377176015,0.4430413511193697,0.15281376943319244,0.29453159687559644,8.158375114708658,0.09060806747750647,5170.0,0.9911573519930243,0.3484243552147601,0.07364037995164903,0.21008730201146114,11.32883979395632,0.13430099839517318,5170.0,0.8918570270761847,0.08623044827549306,0.09679941073753519,0.23062945112173502,10.141272864335049,0.13411120139075378,5170.0,0.9745132029056549,0.07278793673444903
socofing:000112:left_middle,irregular,0.800000011920929,192,0.32280805564171294,0.27648159861564636,0.34584920352226683,4.0,1657.0,0.5546167773083887,0.32873000459060947,0.7501508750754375,0.5170850839216304,0.791792395896198,0.5798701103653041,0.16123458377753502,0.3229116841602124,7.925417991758782,0.11239978356856878,1657.0,0.9959569275379181,0.19918775439869182,0.04615699713441455,0.17117275549441702,13.357624531100045,0.22241115755670965,1657.0,0.7659333124756813,0.14002456427208734,0.0897819675251185,0.21605817451128848,10.468108814924067,0.22545994119290305,1657.0,0.9009325429797173,0.2594749428342722,0.1990201381688817,0.16778163611888885,0.4649643696028052,2.0,1657.0,0.28545564272782137,0.19186968404482702,0.5003017501508751,0.31771717565780533,0.5594447797223898,0.359666339528798,0.0893786734768512,0.21628806190132446,10.48766095255865,0.20935320664633167,1657.0,0.9024644419550896,0.2965867777707227,0.04376142415877263,0.15912434663769706,13.58908552894187,0.2862364928800242,1657.0,0.6260980889201164,0.11757939840689818,0.06394755272415362,0.1817464519226918,11.941760713375235,0.23582437396577005,1657.0,0.97291100025177,0.13346757518775232
socofing:000115:left_middle,peripheral_only,0.20000000298023224,202,0.3840172749415195,0.3288278579711914,0.0787571947259195,2.0,8108.0,0.36914158855451407,0.3874811721505293,0.599161322150962,0.6147740296273322,0.6789590527873705,0.690538315452933,0.2429542918242738,0.4123851713566725,6.144754246555699,0.04494429401138106,8108.0,0.9999710619449615,1.02581919586202,0.10917082216542776,0.2782781628703333,9.618934190101783,0.07884427209854428,8108.0,0.8721580281853676,0.7157463862765514,0.13733107566172917,0.2853817356109769,8.622311782669579,0.06846069511015049,8108.0,0.9998385906219482,0.5893667265373768,0.2854106698944231,0.23703736066818237,0.2168240986902138,0.0,8108.0,0.32215096201282684,0.2623626174203974,0.5488406512086828,0.45435226658367445,0.6143315244203256,0.5183488163047666,0.08290769476387662,0.22767670516292948,10.814051601806263,0.10057638556661337,8108.0,0.8879636488854885,0.7874185554654037,0.06597113069675131,0.21169779891625817,11.806460723671503,0.10452838976154763,8108.0,0.7544589042663574,0.5948052317683827,0.08290769476387662,0.22767670516292948,10.814051601806263,0.10057638556661337,8108.0,0.8879636488854885,0.7874185554654037
socofing:000118:left_middle,central_only,0.4000000059604645,212,0.24535084648018185,0.21558590233325958,-0.06479037422034917,0.0,3760.0,0.14920212765957447,0.22146343436646967,0.2781914893617021,0.3901726131569198,0.3295212765957447,0.4464090060870698,0.19616859450602406,0.3425086843999142,7.073705195068315,0.12837121099272464,3760.0,0.9999927580356598,0.4996387641986265,0.24998116515667645,0.41593118037714527,6.020927120346483,0.11013068644646148,3760.0,0.9986208856571466,0.27212677879268765,0.19616859450602406,0.3425086843999142,7.073705195068315,0.12837121099272464,3760.0,0.9999927580356598,0.4996387641986265,0.30325893559354417,0.25923874974250793,0.23961253055348541,2.0,3760.0,0.3194148936170213,0.28772212943815173,0.5002659574468085,0.4836606163341315,0.5377659574468086,0.548973445299458,0.1544324427388887,0.29230201748457363,8.112614590364824,0.21048112469424934,3760.0,0.9999611079692841,0.3524231833650152,0.1297135655593183,0.27801317311526136,8.870146026400624,0.17909348348245688,3760.0,0.9368003159761429,0.22597041857450506,0.11505978765204172,0.24753944439456818,9.390764318195725,0.1905594631240468,3760.0,0.9944969415664673,0.30837285257374386
socofing:000132:left_middle,disconnected_fragments,0.6000000238418579,222,0.36565188914756674,0.30765822529792786,0.21650571170739422,0.0,4078.0,0.36709171162334475,0.3710699558126511,0.5605689063266307,0.5855848293026151,0.6309465424227563,0.6570897871326032,0.15012619671199473,0.29085515352932517,8.235435176516901,0.13877365235928854,4078.0,0.9936538930051029,0.20572158887329073,0.10501505290395471,0.2710417092685524,9.787484445056299,0.08471949956239491,4078.0,0.8924972265958786,0.23221807619069246,0.15012619671199473,0.29085515352932517,8.235435176516901,0.13877365235928854,4078.0,0.9936538930051029,0.20572158887329073,0.3122331808571023,0.26376014947891235,0.2280830276557635,1.0,4078.0,0.26753310446297207,0.28724155347390523,0.45120156939676315,0.49707392663304395,0.5380088278567925,0.5670180510194235,0.2049644382349736,0.35501396614540226,6.883214834225275,0.13504224860785483,4078.0,0.9983430504798889,0.4636737303571767,0.09967146271853157,0.2657338934964233,10.0142916824728,0.09686603891734345,4078.0,0.8443776331841946,0.2049516510144355,0.13713180143558654,0.29299041299357675,8.628618188324273,0.15401005658909425,4078.0,0.9789748783223331,0.13934814707299925
socofing:000138:left_middle,stripes,0.800000011920929,232,0.38031307877868503,0.32150766253471375,0.21189914179309785,4.0,1966.0,0.4104781281790437,0.4191166227977128,0.5681586978636826,0.6123812804477988,0.6276703967446592,0.6768028329978276,0.27881759537958056,0.4340670732110985,5.546798226287816,0.0649702485758343,1966.0,0.9957244987599552,0.958652491640633,0.09332753694436088,0.25963043677146874,10.299901957122744,0.09236361855057912,1966.0,0.7474744911305606,0.5578693906534147,0.11812753838489067,0.26331249000679885,9.276488460407222,0.09607699076696474,1966.0,0.9946671724319458,0.42180828712981605,0.2776443964406651,0.23336446285247803,0.2601005309687892,0.0,1966.0,0.25940996948118006,0.2642449350347354,0.3896236012207528,0.4428910881644712,0.44354018311291965,0.5024398058743831,0.09624800849534625,0.2300948422273767,10.166082478810694,0.13845128416866967,1966.0,0.9797168672084808,0.4935109931505219,0.08316837628041043,0.24418930155897772,10.800417772871011,0.0923428532474115,1966.0,0.7215152904391289,0.3249521860190223,0.09624800849534625,0.2300948422273767,10.166082478810694,0.13845128416866967,1966.0,0.9797168672084808,0.4935109931505219
socofing:000153:left_middle,random_rectangles,0.699999988079071,242,0.3313369671809976,0.28467145562171936,0.32863951569543376,4.0,4022.0,0.5293386374937842,0.37412564455721875,0.7230233714569866,0.5344180152272182,0.7727498756837394,0.5878488054505514,0.12548585970050632,0.2755302493423427,9.0140520964135,0.07195423309311672,4022.0,0.9803921561688185,0.27878508384860584,0.05830858745267079,0.19256298359801177,12.342674793977022,0.15372756695327758,4022.0,0.776978388428688,0.15251017740563502,0.1053279710748739,0.24110420588297424,9.774562815177603,0.08457880982771615,4022.0,0.9896852965466678,0.23054107713668107,0.2624183853427786,0.22213001549243927,0.3346461742148736,4.0,4022.0,0.33664843361511687,0.25734120602930205,0.548483341621084,0.4193616986170982,0.6116360019890602,0.4733685294796969,0.1423500852291566,0.2951361692562877,8.466422684921485,0.06175345146106886,4022.0,0.985382258426398,0.289509529830287,0.057756859433454225,0.1927948627331026,12.383964298394304,0.14969537024043203,4022.0,0.8473286610096693,0.11121997625397533,0.08918120310123215,0.22292649984398644,10.49726673086413,0.09929072723097068,4022.0,0.9877036209218204,0.20381290904993032
socofing:000161:left_ring,central_missing,0.20000000298023224,253,0.46199890055009024,0.3865859806537628,0.13508709192693613,3.0,8669.0,0.6637443765140154,0.6046473361901559,0.8012458184334986,0.753463084444151,0.8428884531087784,0.8030683338621494,0.2269368348223131,0.3865801858095189,6.440950067077134,0.02954253011528871,8669.0,0.9999996423721313,0.5094161723748738,0.07920709151135241,0.23365880957424207,11.01235933734052,0.05288115287871265,8669.0,0.7849536389112473,0.34090183263982876,0.12849940845889665,0.2842281719945046,8.910988715827125,0.030206613209168124,8669.0,0.9868081207387149,0.39365337137163986,0.42159388766993916,0.3501424789428711,0.13330293734843318,3.0,8669.0,0.5342023301418849,0.4880675204946503,0.7140385280885916,0.6811975835543738,0.7679086399815435,0.7455742712409483,0.14842884631204534,0.3005857746463176,8.284816881627027,0.04141482286517344,8669.0,0.9999043345451355,0.2628391327966059,0.08110961114913949,0.2362178371354275,10.909276806628093,0.05491369903883379,8669.0,0.7727788537740707,0.21600368153923805,0.09347963977838146,0.24621448247879443,10.292829698202752,0.04430900613623765,8669.0,0.9546354375779629,0.19502250610971963
socofing:000163:left_ring,peripheral_only,0.4000000059604645,263,0.4252560946337149,0.3582576513290405,0.23646457524612835,3.0,4372.0,0.6633119853613907,0.4879851333067598,0.8334858188472095,0.6866826552812484,0.8668801463860933,0.7529151626060778,0.15965685145625486,0.3268063206852764,7.968124395686469,0.05285852941463353,4372.0,0.9993277192115784,0.1980320705063494,0.055493140651557187,0.187334675217441,12.557606954589815,0.12525505590015754,4372.0,0.7867417484521866,0.18701470705834722,0.10558799196153783,0.26236580981475055,9.763854693151972,0.1011293356474343,4372.0,0.8423648923635483,0.9629681815340203,0.23720669070052533,0.19833999872207642,0.1831977879771162,0.0,4372.0,0.36482159194876485,0.2322175093438248,0.5773101555352241,0.3790317869851705,0.6411253430924062,0.42796987953228566,0.060159206630002994,0.19043628382517838,12.206978997848278,0.10580165964751594,4372.0,0.846723884344101,0.21605373620243842,0.04005666551816528,0.16595380787873149,13.973252059993575,0.15772986971705238,4372.0,0.5919092148542404,0.25244349219404427,0.060159206630002994,0.19043628382517838,12.206978997848278,0.10580165964751594,4372.0,0.846723884344101,0.21605373620243842
socofing:000185:left_ring,central_only,0.6000000238418579,273,0.3111795291845826,0.2614055871963501,0.334621972994324,4.0,2175.0,0.41793103448275865,0.3050403245016076,0.6487356321839081,0.4972733262270347,0.7149425287356321,0.5613509934688437,0.10892504083185177,0.2577097146341513,9.628722685917072,0.11039664847444211,2175.0,0.9366464018821716,0.7084177803970567,0.048064616682749875,0.17587878452892275,13.18174516854046,0.16885996181911134,2175.0,0.7058795988559723,0.45638764139163074,0.05685336307372774,0.18194870029244273,12.452438401906242,0.15114757005030335,2175.0,0.7898311018943787,0.3498018590730154,0.22186587973024655,0.1848689168691635,0.3610456333653562,0.0,2175.0,0.2882758620689655,0.24469970945654243,0.42758620689655175,0.35726879054102406,0.46620689655172415,0.3947918175691846,0.05618534352311227,0.18099368538921592,12.503769594697122,0.16466162723681477,2175.0,0.8598686382174492,0.45613898487167465,0.0620691982834908,0.19709007246312737,12.071238641410186,0.1736968542814733,2175.0,0.8072594851255417,0.48958710975195263,0.05618534352311227,0.18099368538921592,12.503769594697122,0.16466162723681477,2175.0,0.8598686382174492,0.45613898487167465
socofing:000200:left_ring,disconnected_fragments,0.800000011920929,283,0.36841467100623493,0.3209823668003082,0.5016076116457127,0.0,1480.0,0.47702702702702704,0.4150079654076615,0.6135135135135135,0.5941228030501186,0.6601351351351351,0.6538277489309375,0.17564501232888932,0.28818096639336765,7.553641780598037,0.055800142437997746,1480.0,0.9999871850013733,0.41060283923318924,0.0945072363619415,0.25163293049684127,10.245349365516958,0.08608757354359606,1480.0,0.8464239239692688,0.20756383202058437,0.17564501232888932,0.28818096639336765,7.553641780598037,0.055800142437997746,1480.0,0.9999871850013733,0.41060283923318924,0.3329677244497312,0.28148025274276733,0.3048657112440088,4.0,1480.0,0.21891891891891893,0.33619828939035135,0.3439189189189189,0.533071415613632,0.4,0.5986957910213921,0.15056990760891667,0.2966421005718813,8.222618160852965,0.12465036956191512,1480.0,0.9827672839164734,0.45930474833743706,0.13696080237584368,0.32157868248649646,8.634037083738393,0.1213918418142246,1480.0,0.8511030040681362,0.22892270973110726,0.1023487593935872,0.2250172590874639,9.899174172104125,0.18357726682644912,1480.0,0.9818249642848969,0.27763137305176827
socofing:000203:left_ring,severe_partial,0.20000000298023224,293,0.4289068575421323,0.3680918514728546,0.24674439192319372,2.0,6770.0,0.4502215657311669,0.47988020505211376,0.6425406203840472,0.6913483068184099,0.7045790251107829,0.7618376740738417,0.24041308666065372,0.3847181131072794,6.190418956134803,0.03524301505131659,6770.0,0.9999942481517792,0.33057482182423187,0.10398777917667304,0.27525258591670976,9.830176967396092,0.06368017416616738,6770.0,0.8288308377377689,0.2019277375527159,0.15985070408955346,0.310471468848318,7.962854464643333,0.06604389036054942,6770.0,0.9970064759254456,0.23817631255500651,0.3715255638899796,0.3123622536659241,0.21669450482438377,2.0,6770.0,0.3556868537666174,0.3893542398334078,0.5262924667651403,0.5962237698183103,0.5917282127031019,0.6651802798132777,0.20727238883973398,0.3564955332515929,6.834585472703662,0.0427025966037631,6770.0,0.9988341629505157,0.32787333809558666,0.09960981165655126,0.26925806671606606,10.016978810699943,0.07010464102580724,6770.0,0.904676019679755,0.16606553161640197,0.13704201395241838,0.29077461736422566,8.631462676578755,0.0885255909049986,6770.0,0.9787536840885878,0.2069402427314709
socofing:000206:left_ring,irregular,0.10000000149011612,303,0.3990595518395278,0.3413522243499756,0.27611301429414886,1.0,10753.0,0.43550637031526085,0.3770235759496002,0.6740444527108714,0.6362916853542518,0.7500232493257696,0.7227143884891355,0.1307007634050713,0.28116531346581713,8.83721875758081,0.07909409497678982,10753.0,0.9960784311406314,0.40262022035695644,0.07582967105442995,0.23105259257424435,11.201608279585223,0.10700817207977167,10753.0,0.8428262453526258,0.18756664269840642,0.12050745479451073,0.26383520421396817,9.189860860685592,0.07099657340769973,10753.0,0.9918240904808044,0.4787277966737093,0.36699204729411095,0.3151263892650604,0.27622005454063325,1.0,10753.0,0.3717102204036083,0.3237529756451256,0.6177810843485539,0.582863368505679,0.6963638054496419,0.6692334994591969,0.15060917670412263,0.29943101377108017,8.221485655155046,0.06532433323994791,10753.0,0.9956703777424991,0.5151063839243971,0.07401615890632135,0.22877807799373526,11.30673456515608,0.09894241067533374,10753.0,0.8039206247776747,0.19432745499045476,0.10600232227862007,0.25129355992318986,9.746846201904894,0.07782963042035676,10753.0,0.9906595647335052,0.40367829506246045
socofing:000214:left_ring,central_missing,0.30000001192092896,313,0.4615152209551169,0.38527870178222656,0.14558038815205676,2.0,6682.0,0.48443579766536965,0.5712417813385364,0.6299012271774918,0.7493970095665289,0.6881173301406764,0.8087820856425262,0.22547710132593335,0.3866107929582281,6.468975569911251,0.018642338202722857,6682.0,0.9999955296516418,0.5676233605990354,0.11475330692567073,0.296822007742229,9.402347902449323,0.03995019055862812,6682.0,0.7873287200927734,0.3637506895927518,0.1842192957736329,0.3184910704796692,7.346648822329824,0.039882087393057084,6682.0,0.9999652206897736,0.40611852939830323,0.4052725860286494,0.3349970281124115,0.038429182501937775,2.0,6682.0,0.3624663274468722,0.4806227829821343,0.4931158335827597,0.6559711573411876,0.5399580963783298,0.714420615460872,0.18230573365470612,0.3436314761427484,7.391996722367303,0.0217772408891166,6682.0,0.9994761049747467,0.42373476494721113,0.11749240947627705,0.30398224834309523,9.299901898096936,0.04041629807194501,6682.0,0.7458379864692688,0.3037123046297805,0.1351766880185649,0.28127887051066663,8.690981984671831,0.055062607778702484,6682.0,0.97311070561409,0.31045035692968354
socofing:000217:left_ring,peripheral_only,0.5,323,0.21677705578308498,0.18718816339969635,0.24942406445513843,1.0,4263.0,0.31550551254984754,0.2032728503909772,0.468918601923528,0.3454928687137252,0.5188834154351396,0.39289954148797457,0.15587494197233948,0.29668398611199476,8.072236951884449,0.07125731137318346,4263.0,0.9944677948951721,0.18722807515926673,0.11005887659716664,0.24937712302262807,9.583749244718138,0.11493938555528871,4263.0,0.9607887212187052,0.13869126735001283,0.10679980864306136,0.24832144775586265,9.714295254473218,0.10888399231432377,4263.0,0.9776771664619446,0.5793572948627919,0.21026931000991853,0.17615243792533875,0.23476717628170357,1.0,4263.0,0.235045742434905,0.19234018702057362,0.38024865118461176,0.3346379837169352,0.42669481585737745,0.38207058261572235,0.11597731614129676,0.2692166773780198,9.356269455835912,0.09240843653136611,4263.0,0.9278184473514557,0.09373339141025742,0.08026835397409046,0.22972722041678212,10.954556428074454,0.13779994666582984,4263.0,0.8660132512450218,0.08494500456863674,0.09365081250736318,0.2413766265986826,10.284884503663347,0.1610151134414488,4263.0,0.9175694575533271,0.1387466920920185
socofing:000241:left_ring,central_only,0.699999988079071,333,0.3745871893892234,0.31538522243499756,0.1608921062686227,4.0,352.0,0.20170454545454544,0.37284792798825284,0.33238636363636365,0.5991655768826605,0.39204545454545453,0.6746047931807961,0.21037365557625637,0.3648330087731169,6.770086464299231,0.24836057530169525,352.0,0.9999752640724182,0.32522751951689327,0.16969969918709554,0.3567465575073253,7.703189275202752,0.29053601851522143,352.0,0.9153917580842972,0.40732543722197667,0.11672139332900187,0.2255183018701659,9.328495368146966,0.41205066338926666,352.0,0.9634585678577423,0.2388744184597622,0.26491249152882534,0.2257687896490097,0.2617526945475673,0.0,352.0,0.23579545454545456,0.2605054276910695,0.3465909090909091,0.4234192800623449,0.3778409090909091,0.4777238975194367,0.05222685874381514,0.15806771152314136,12.821060946158735,0.47521030355179567,352.0,0.7658089995384216,0.09400361946941359,0.06569832063957336,0.21861385424960067,11.824457316013742,0.4485444735462791,352.0,0.682884693145752,0.25140315594070256,0.05222685874381514,0.15806771152314136,12.821060946158735,0.47521030355179567,352.0,0.7658089995384216,0.09400361946941359
socofing:000249:left_ring,stripes,0.10000000149011612,343,0.30762983889108764,0.26487866044044495,0.28841154259774077,2.0,8514.0,0.5357058961710125,0.27835897699485007,0.7986845196147522,0.4892806560361164,0.8380314775663613,0.5595878823832052,0.08364198924821666,0.2206352807735442,10.775756469537166,0.08250416296477245,8514.0,0.9983093738555908,0.16953961098629144,0.041237446368959214,0.1566010444953496,13.847082362645498,0.11692812376452777,8514.0,0.7938682436943054,0.2381506596314441,0.0702366060520069,0.2025731495186242,11.534364824165479,0.061475549567291135,8514.0,0.9996102452278137,0.6136196768730152,0.300375260009098,0.2522636651992798,0.36658356412521576,0.0,8514.0,0.4469109701667841,0.2571893346710106,0.7374911909795631,0.4762818234807481,0.8005637773079634,0.5493126530839938,0.05536508597138524,0.1725453216243874,12.567640213719034,0.11032077177614243,8514.0,0.9825592339038849,0.2089217978201057,0.046783379840465704,0.17968803051826762,13.29908406018939,0.13396463321666602,8514.0,0.7803921550512314,0.30652863022076166,0.05536508597138524,0.1725453216243874,12.567640213719034,0.11032077177614243,8514.0,0.9825592339038849,0.2089217978201057
socofing:000256:left_little,random_rectangles,0.10000000149011612,354,0.3995271711730569,0.3414090573787689,0.1423161480650557,4.0,9591.0,0.44979668439161713,0.4287993504442745,0.664789907204671,0.6421706918040128,0.72953810864352,0.713294472257259,0.1569995543725061,0.31114411501162637,8.041015802903601,0.027079153342651954,9591.0,0.9956492776982486,0.36467456401522375,0.09679420586415381,0.25751404652689336,10.141506389368445,0.05012232932221853,9591.0,0.9458916177973151,0.7769059469161597,0.1509596157954882,0.304149789469659,8.211392181565309,0.038200001367168834,9591.0,0.9930146331898868,0.3428941227773653,0.33290737046649543,0.2818692922592163,0.13311711228343778,4.0,9591.0,0.34782608695652173,0.3183993453428129,0.5630278385986862,0.5312009902340243,0.6291314774267542,0.6021348718644283,0.14728838778768155,0.3024398422079106,8.318314915723526,0.02835219457344519,9591.0,0.9960108394734561,0.4337632321881845,0.09599144851573913,0.2546126056601288,10.177674547505156,0.058047925936675085,9591.0,0.9360573282465339,0.8185743114582001,0.1250024573177021,0.27794697922290795,9.030814494797143,0.04490279821366366,9591.0,0.9794069519266486,0.3783703651060577
socofing:000263:left_little,irregular,0.30000001192092896,364,0.368150849511327,0.30614352226257324,0.07543370885073013,2.0,6201.0,0.5128205128205128,0.38342233028378797,0.7385905499113047,0.5905685072953692,0.781486856958555,0.6596172329658962,0.167904478304855,0.33562973743628116,7.749377203172841,0.060620296602972204,6201.0,0.9839138686656952,0.9783625070282411,0.06078541860605961,0.2026202174645819,12.162005881353263,0.10123081900070934,6201.0,0.753181979060173,0.5677017748563938,0.08938194826145146,0.23663127382682841,10.487501832404822,0.09952867612260961,6201.0,0.8367553651332855,0.745824208969645,0.33799476297396536,0.27990835905075073,0.08554486558857217,2.0,6201.0,0.4497661667472988,0.3406268878005009,0.674246089340429,0.5410548332409981,0.7331075632962425,0.6078641483878305,0.1558821165600917,0.3217469333299916,8.0720370600914,0.08311568052483596,6201.0,0.8602289408445358,0.7829569697915096,0.05732877402275461,0.19853754053239264,12.416273455242195,0.11519000452761123,6201.0,0.6520922631025314,0.4957085101838915,0.09025521212178568,0.2358305911429754,10.445277087533913,0.11000591432904598,6201.0,0.8887471258640289,0.7318444769612165
socofing:000274:left_little,central_missing,0.5,374,0.3885862293228984,0.33469897508621216,0.12262262505032845,4.0,8099.0,0.4383257192245956,0.3878294824854741,0.6883565872329918,0.6216622922328949,0.7670082726262502,0.6996065621487019,0.1867726260124878,0.33856190907576755,7.2868677501642,0.06531262644318156,8099.0,0.9988623261451721,0.35661665676989185,0.08489910004799345,0.23923203297039206,10.71096913363373,0.0830217066352807,8099.0,0.8743966743350029,0.3027093097343213,0.13069642664256828,0.2849559231755784,8.837362862574762,0.0672569185861647,8099.0,0.9999993443489075,0.24425517307710265,0.34209866860660887,0.2912229895591736,0.15077692984796282,4.0,8099.0,0.3467094703049759,0.3005017585512414,0.5977281145820472,0.5431981787650375,0.6788492406469935,0.6240969855029695,0.17148542657502455,0.3239449191317473,7.657727819009689,0.0801176705678772,8099.0,0.9978650212287903,0.3020308660360643,0.08504289292930131,0.2409978824616346,10.703619747093306,0.08803393842871415,8099.0,0.7865909859538078,0.26122607222669814,0.11215687257276147,0.26448853658526034,9.50174109250176,0.06833475173604503,8099.0,0.9998282194137573,0.24205075078310986
socofing:000284:left_little,peripheral_only,0.699999988079071,384,0.27330846770304734,0.23732854425907135,0.0651331260322252,2.0,2466.0,0.43309002433090027,0.2748990233773056,0.7035685320356854,0.43745260389230156,0.7506082725060828,0.4916371307306336,0.1409336494630353,0.3103313422236903,8.509853019128133,0.06177333361340153,2466.0,0.9999663531780243,0.5752591757596442,0.05609037916534124,0.17072230118983225,12.51111624193392,0.14305848935994764,2466.0,0.8668449223041534,0.47135361410537385,0.07448208091575859,0.20957400861882816,11.27948198331672,0.10156238725139909,2466.0,0.9322628378868103,0.41655031838195966,0.22552633485654844,0.18821759521961212,0.29766080801244255,2.0,2466.0,0.2635847526358475,0.2109610216460959,0.45742092457420924,0.35938560444943224,0.5340632603406326,0.4088604653838777,0.09357357998473649,0.251808188039891,10.288467547502492,0.0609205709036276,2466.0,0.7828190177679062,0.28884992801039217,0.050664184427902756,0.1917297693523854,12.95298944057899,0.147410750132783,2466.0,0.6619488447904587,0.4295851894049499,0.05329370511018979,0.1709945491316448,12.733240854829697,0.13440671250232578,2466.0,0.9634874761104584,0.6104228088996856
socofing:000289:left_little,disconnected_fragments,0.10000000149011612,394,0.3447645433732661,0.2933906614780426,-0.09702381082691164,0.0,8209.0,0.3002801802899257,0.33693274826570146,0.48422463150201,0.5508400898864694,0.548909733219637,0.622142537093392,0.191038666927752,0.35290319371511525,7.188787210571174,0.041531256509871786,8209.0,0.9969771206378937,0.7174507764384507,0.14459783246655084,0.3183593254373928,8.398382171028414,0.052396541300744545,8209.0,0.9851793050765991,0.5270675165853099,0.191038666927752,0.35290319371511525,7.188787210571174,0.041531256509871786,8209.0,0.9969771206378937,0.7174507764384507,0.29477844245759965,0.2473645955324173,-0.03880132248963241,3.0,8209.0,0.2542331587282251,0.2947797197846289,0.4037032525277135,0.47164563566486245,0.4587647703739798,0.5306009409582735,0.1905582961571248,0.3529077338727316,7.199721390102632,0.04187107580364418,8209.0,0.9994827508926392,0.676575401712315,0.14150228707630014,0.315344458100674,8.49236540658491,0.058377206532678354,8209.0,0.9568094313144684,0.3912595533645649,0.17508294285195697,0.3419331977063787,7.567561622324165,0.061161844531055526,8209.0,0.9999682903289795,0.5726751373073703
socofing:000291:left_little,stripes,0.30000001192092896,404,0.3832381357428848,0.3238169252872467,0.1482670340144991,1.0,5673.0,0.4487925260003525,0.4319583002734642,0.6462189317821259,0.6180530336416737,0.7116164286973383,0.6800846114310768,0.22839614276678652,0.39123189309102996,6.413112348799785,0.04203508202317574,5673.0,0.995969473849982,1.1344302618441076,0.10602891428523185,0.2675616059920337,9.745756856581826,0.07027250452486976,5673.0,0.8668464124202728,0.6133000565577269,0.1609959093611422,0.326227859842888,7.9318515852996825,0.041700009384127025,5673.0,0.9804366221651435,0.4383967848667722,0.30829300881798,0.2570776045322418,0.16071240543600276,3.0,5673.0,0.3416181914331042,0.32549478212677146,0.5080204477348845,0.49498899143964725,0.5605499735589635,0.5514870612106056,0.2065311281342605,0.375193425130543,6.850144827091645,0.061999262672207185,5673.0,0.9919598693959415,0.7440169716671583,0.09800810302320223,0.2557743324743209,10.087380166260246,0.07943127791249581,5673.0,0.8519266247749329,0.3175248115982438,0.12631939550980759,0.2739702824780791,8.985299612722692,0.06487915626710553,5673.0,0.994098424911499,0.2993796808669193
socofing:000293:left_little,random_rectangles,0.20000000298023224,414,0.42758557913834955,0.35854023694992065,0.1489524332584697,2.0,7786.0,0.5089904957616235,0.4730236158904091,0.7034420755201644,0.6886807302965653,0.7636783971230413,0.7605664350986175,0.3338600914930784,0.4972868732358177,4.7643549193755135,0.0061416336093615504,7786.0,0.9999993741512299,0.6493421093924694,0.09143238168172377,0.25205430808245527,10.388999673396345,0.0403653719448071,7786.0,0.8004879280924797,0.5185458955103458,0.13456060594078328,0.28094414440440596,8.710820658673132,0.08028121746784236,7786.0,0.9787374716252089,0.793518699391261,0.35282772771732807,0.2938174307346344,0.15538865983344577,2.0,7786.0,0.4160030824556897,0.3737095554942739,0.6069868995633187,0.5666125471254194,0.6663241715900334,0.6309135443358015,0.22512260581072815,0.39655105432840204,6.475808928896494,0.020009955406948124,7786.0,0.9969690442085266,0.6515730057251883,0.08229281374215447,0.23886937762786686,10.846380880974893,0.0482718339345116,7786.0,0.7780039291828871,0.39553630509623205,0.11603892198577102,0.2604250106333154,9.353963144936907,0.08244006841014302,7786.0,0.973383067175746,0.6986725576127539
socofing:000302:left_little,irregular,0.4000000059604645,424,0.4114024484076559,0.34607207775115967,0.12225342173384615,2.0,6181.0,0.6919592298980748,0.497059250775712,0.8453324704740334,0.6668095976890551,0.8666882381491668,0.7233930466601696,0.1494289549251357,0.3179242454590949,8.255652409021259,0.05166978350773722,6181.0,0.8907938003540039,0.337319768748135,0.05159158159898746,0.1682445226573786,12.874211581281612,0.13881789978976425,6181.0,0.826214537024498,0.2670978217811319,0.11894618105951424,0.26573692111738717,9.246494970601272,0.06204157093749242,6181.0,0.9999360740184784,0.510857824840474,0.2747416170056903,0.22868412733078003,0.1510499372105101,2.0,6181.0,0.449765410127811,0.27351672836751,0.6505419834978159,0.4394640983452865,0.7010192525481314,0.49477988833787856,0.07318142127154405,0.21856995526736772,11.355991602443968,0.10812317498327192,6181.0,0.8608102798461914,0.6263501761044385,0.04161081380844048,0.16757064494109233,13.807937903580054,0.16226436034234348,6181.0,0.6943561434745789,0.48354109573686077,0.0752040808743028,0.20961252643469563,11.237585922128247,0.10743596210648805,6181.0,0.991379588842392,0.6273681308155141
socofing:000303:left_little,central_missing,0.6000000238418579,434,0.3276618455988463,0.28499358892440796,0.2803958155998542,2.0,6114.0,0.45878312070657506,0.3485350606437208,0.6987242394504416,0.5263462744626416,0.7626758259731763,0.5856166790689484,0.10647207568590528,0.2546290267742671,9.727642792271212,0.044698884935983174,6114.0,0.9755028188228607,0.3134412916243879,0.07024942624080885,0.20226492789474346,11.53357218490046,0.08015833834869299,6114.0,0.8509727567434311,0.18314645702529386,0.09263691555224329,0.2451728189270852,10.332159136872484,0.051293514828974575,6114.0,0.837426170706749,0.28488811088273414,0.280732486686326,0.244857519865036,0.19684015698576265,0.0,6114.0,0.34821720641151455,0.24059603307463198,0.6264311416421328,0.4451583333369521,0.6977428851815506,0.5133457667577255,0.10038996616680973,0.24264040958693225,9.983096921327274,0.04612209170142516,6114.0,0.9407893121242523,0.18989729171869263,0.0675344608646181,0.19971249810985717,11.704745628090134,0.07448083870273628,6114.0,0.7955724895000458,0.20525430065345754,0.10038996616680973,0.24264040958693225,9.983096921327274,0.04612209170142516,6114.0,0.9407893121242523,0.18989729171869263
socofing:000308:left_little,peripheral_only,0.800000011920929,444,0.40071442002843377,0.3385588228702545,0.15022459318845605,1.0,1313.0,0.5597867479055598,0.41482702884979133,0.7882711348057883,0.6425543329276298,0.8332063975628332,0.7184634342869092,0.12597103701287038,0.2866560301409363,8.997292954489907,0.09156240433655505,1313.0,0.958685040473938,0.6253984343689312,0.060639117591129124,0.19355160929120777,12.172471271004701,0.13695603895250938,1313.0,0.7508423328399658,0.6440254015550673,0.12016083814678008,0.27855206907975794,9.202370510352122,0.10894611792391878,1313.0,0.9186056852340698,0.8510474999050396,0.19241355977617686,0.16041189432144165,0.12920340085230606,4.0,1313.0,0.19040365575019041,0.17967873164832093,0.3480578827113481,0.3065882128290974,0.4051789794364052,0.34889137322268954,0.06363064965303551,0.2008089578773625,11.96333642702984,0.16097518309562972,1313.0,0.7740783393383026,0.6264035384785813,0.05428405230447909,0.20281592287231018,12.653277397192902,0.14875373565565103,1313.0,0.6037257611751556,0.6273482974949315,0.061198552897797256,0.19631763846703548,12.132588470690095,0.10515270114502615,1313.0,0.6790757477283478,0.7281704252664943
socofing:000309:right_thumb,disconnected_fragments,0.30000001192092896,455,0.44323185969848566,0.3820028007030487,0.052259820693303254,3.0,7599.0,0.5274378207658903,0.5062156367386653,0.7065403342545071,0.7154693532215951,0.7641794973022766,0.7852205920492383,0.32867313159139616,0.4778762957066369,4.8323579722209455,0.07005306375559707,7599.0,1.0,0.5907083669740085,0.08880626857488151,0.2505388816439031,10.515563775615478,0.10286356624943332,7599.0,0.8945720191113651,0.33961078080074236,0.15265361311386375,0.2974509383743703,8.16292912054193,0.08390049473609448,7599.0,0.9998011589050293,0.3676933487626333,0.4050570093396306,0.3457740843296051,0.11052670679281743,3.0,7599.0,0.46019213054349256,0.4344561911402666,0.6474536123174102,0.6510311331234726,0.7056191604158442,0.723222780451208,0.3236348986431733,0.47272809509256325,4.899446530951489,0.07973079304494778,7599.0,1.0,0.6188950703672123,0.09025100863272807,0.25049183421345056,10.445479357804174,0.11398820592399077,7599.0,0.9616988296620548,0.31026616445981425,0.14942034576431054,0.29552599508198896,8.255902629519188,0.09020024094116608,7599.0,0.996732234954834,0.4051053907862201
socofing:000317:right_thumb,stripes,0.5,465,0.4317915855871474,0.38012659549713135,0.21560047843907315,2.0,6782.0,0.6102919492774993,0.48772990103317765,0.8121498083161309,0.6964603684840389,0.8608080212326747,0.7660371909676593,0.2060635559745758,0.3646417548645846,6.859988099610279,0.03575742299981713,6782.0,0.9991199970245361,0.42272963862296153,0.07061802357271214,0.21926924237928982,11.510844414525659,0.059228831930208926,6782.0,0.8252590149641037,0.3518392217599578,0.12357727000055813,0.2662838868438001,9.080614032045379,0.052823723455359024,6782.0,0.9884116053581238,0.5290500121283417,0.2754179233226478,0.2353081852197647,0.23659323694454162,2.0,6782.0,0.34458861692716014,0.2524110361982046,0.5625184311412562,0.43836798860379217,0.6268062518431141,0.5003536394056546,0.1380894932674177,0.29433411609268006,8.598393640685133,0.02858944920409761,6782.0,0.9926273222081363,0.2545573301041971,0.06678338045911081,0.2070845108246774,11.753316014903813,0.049609040470933376,6782.0,0.8955515008419752,0.3588656543978251,0.10205018438045227,0.24029140578055838,9.911862062801923,0.0657061319324926,6782.0,0.9867089986801147,0.6018976326791943
socofing:000318:right_thumb,random_rectangles,0.4000000059604645,475,0.3096580053434349,0.27078405022621155,0.12371714136682534,1.0,9302.0,0.29488282089873147,0.31588662167924164,0.47871425499892495,0.49607567018307663,0.5368737905826704,0.5561386863510215,0.31307541340298983,0.4607864832852502,5.0435103727825386,0.03201582429188905,9302.0,1.0,0.49162940394777166,0.14728690400104746,0.3106876955602858,8.318358666870719,0.07153271649817852,9302.0,0.9649016559123993,0.25005069467044333,0.14534734343267078,0.2999798751413046,8.37592901582411,0.06012903727092811,9302.0,0.9932974278926849,0.1586657366719291,0.2956940666132654,0.24702049791812897,0.18424786321658906,4.0,9302.0,0.29585035476241667,0.30527492339150725,0.45828854009890346,0.47406859225904885,0.5135454740915932,0.5303331485482293,0.16804533201406155,0.3275022587109272,7.745735469177495,0.06261686875495082,9302.0,0.9954295754432678,0.6312285755576378,0.08893852808982644,0.2518536815017008,10.509100622915799,0.08723304630677117,9302.0,0.8795113489031792,0.2916644533156771,0.1064063949032753,0.25599929122151127,9.730322706523646,0.11450746627849441,9302.0,0.9648531656712294,0.21231416604176698
socofing:000319:right_thumb,irregular,0.6000000238418579,485,0.37482231769242913,0.3153092563152313,0.10370699864677571,3.0,5279.0,0.2947527940897897,0.36950185363164884,0.47660541769274484,0.5991836619018085,0.5506724758476984,0.6757442646585284,0.16626607019370954,0.32157193122327193,7.791963679246563,0.06368080213804267,5279.0,0.9979383945465088,0.3661977787679485,0.11933012726540856,0.29796382481338846,9.232498962013144,0.11239959928630702,5279.0,0.8231056891381741,0.18605500041984555,0.12073824456729339,0.26035538238227485,9.18155142713786,0.12435044608256418,5279.0,0.9973186254501343,0.23709442094107822,0.2528006013211122,0.211388498544693,0.10336937836918729,1.0,5279.0,0.2271263496874408,0.24786712032507982,0.36749384353097175,0.40398761401417627,0.4216707709793521,0.4560277785772084,0.1268941263369613,0.2748539367485858,8.965584800210024,0.09831402303958943,5279.0,0.9914417257532477,0.2995015351522813,0.09302046755240174,0.2595858469720648,10.314214819077343,0.13362566462798686,5279.0,0.884439704939723,0.18762811902201157,0.11521417149154593,0.26723758101565287,9.38494098846389,0.16075575703615957,5279.0,0.9897991418838501,0.12148421015223868
socofing:000321:right_thumb,central_missing,0.800000011920929,495,0.3540292718168945,0.31267881393432617,0.0552749985710645,0.0,3277.0,0.3790051876716509,0.3172156855777738,0.6502898992981385,0.5627654762831191,0.7268843454379005,0.6446154065182341,0.15555194176442913,0.315656898583595,8.081245631967871,0.09302660780378248,3277.0,0.9896149933338165,0.22842148101901744,0.10478977447233498,0.26019760673660486,9.796810943265903,0.10398629178864012,3277.0,0.9228176921606064,0.23428696284979592,0.15555194176442913,0.315656898583595,8.081245631967871,0.09302660780378248,3277.0,0.9896149933338165,0.22842148101901744,0.26454934219343473,0.22285185754299164,0.06457392646164091,2.0,3277.0,0.3042416844675008,0.251938642635555,0.49557522123893805,0.4220178775537077,0.5584375953616112,0.4787109558597584,0.1335756434224649,0.2955616711044038,8.742727251805944,0.07778097948373934,3277.0,0.9642535150051117,0.20173040731671302,0.0930207947731701,0.2460997819165572,10.314199541802582,0.1241648542710865,3277.0,0.9004955179989338,0.22709139754270968,0.1234458728473216,0.27585661940834794,9.085234252103513,0.15097260947189037,3277.0,0.9918139576911926,0.23198967098806658
socofing:000339:right_thumb,central_only,0.20000000298023224,505,0.35861711815457775,0.30533793568611145,0.2749952474375965,2.0,9236.0,0.446838458207016,0.3683801729049761,0.6472498917280208,0.5747636945223643,0.7085318319618883,0.6435582017281604,0.22762549879495472,0.3755328596735272,6.427790895280106,0.07275086570828673,9236.0,0.9999977350234985,0.43240066864594634,0.08109428564489217,0.22855216350369906,10.910097475191344,0.07864251765988421,9236.0,0.9654784202575684,0.33001752761779574,0.1232100134130975,0.2645081525213025,9.0935399514778,0.04841452277197996,9236.0,0.9959542150609195,0.2739534881399352,0.30400555811954716,0.25919634103775024,0.28007401419079514,1.0,9236.0,0.39097011693373757,0.3020053609282798,0.5816370723256821,0.4862088732721487,0.6320918146383716,0.5476100440534383,0.22655922851918422,0.37562883924849166,6.44818242849928,0.07613704121442288,9236.0,0.999976634979248,0.4183956939922108,0.07898184108525295,0.220459234571593,11.02472746975179,0.08271909984043478,9236.0,0.9756131172180176,0.2670763177579077,0.11253812578433794,0.25124800002686204,9.487003218841567,0.05993190160630604,9236.0,0.9999781847000122,0.20170514869216769
socofing:000345:right_thumb,disconnected_fragments,0.4000000059604645,515,0.41362391312295266,0.3638743758201599,0.20401913430484772,1.0,7349.0,0.4327119335964077,0.37697409600088394,0.7221390665396653,0.6581332792845173,0.8096339638045993,0.7518530070457284,0.22276867505920256,0.37744514373290644,6.521458781544131,0.037385832995706865,7349.0,0.9999571740627289,0.6110365527759489,0.08620771257712756,0.24372085600615903,10.644538782605498,0.06493667772216101,7349.0,0.9960784311406314,0.41481891409269994,0.13747865458520356,0.2883050989920768,8.61764726673604,0.07398033930592592,7349.0,0.9996655285358429,0.4444787251279615,0.28962800196278315,0.24348905682563782,0.18194621261855803,1.0,7349.0,0.3301129405361274,0.28856148727006015,0.515852496938359,0.4632981516711808,0.5776296094706763,0.5215437064715543,0.13862021828058427,0.2926804102058242,8.581734216195079,0.04732059879737948,7349.0,0.9960784311406314,0.6044681922777843,0.08263975127887639,0.23461906417848455,10.828109985839593,0.06590007765164418,7349.0,0.9960784311406314,0.3763079451667021,0.11720937096976676,0.2677329058633074,9.310376647875069,0.07398117407906972,7349.0,0.9960784311406314,0.3173501008398898
socofing:000356:right_thumb,stripes,0.6000000238418579,525,0.3160990094559141,0.2713952958583832,0.0934068508093737,0.0,5123.0,0.2984579348038259,0.30297709787099036,0.47628342767909426,0.5044462239709703,0.5438219793089987,0.5716025993376301,0.1531928762237742,0.30680951094451187,8.147614297989659,0.07839337615757286,5123.0,0.9931996460072696,0.23796093165871599,0.1297273125264011,0.2951706945964321,8.869685788060652,0.07896458071977955,5123.0,0.9609978776425123,0.26534559810196334,0.1531928762237742,0.30680951094451187,8.147614297989659,0.07839337615757286,5123.0,0.9931996460072696,0.23796093165871599,0.3040013501845648,0.25878652930259705,0.14573298564699544,0.0,5123.0,0.27483896154596915,0.30002806866376075,0.4470037087643959,0.4860048321432233,0.5090767128635565,0.5479970866363774,0.13512263585457873,0.2893879691893484,8.692718915162862,0.08829347733907023,5123.0,0.9792096610181034,0.20065002735218893,0.1193252867396322,0.28584932141497194,9.232675133473009,0.08202964521096842,5123.0,0.9096449012868106,0.25778898424384744,0.13512263585457873,0.2893879691893484,8.692718915162862,0.08829347733907023,5123.0,0.9792096610181034,0.20065002735218893
socofing:000358:right_thumb,random_rectangles,0.5,535,0.46131440134976726,0.3961534798145294,0.22261414221424497,0.0,7618.0,0.6997899711210291,0.6204342254701328,0.812417957469152,0.754015024571664,0.8452349698083487,0.7985419576055078,0.14269415352447015,0.2866571933835139,8.455938204668277,0.07089191106633229,7618.0,0.9999983310699463,0.3591397823544489,0.08715210803677464,0.24618440874862998,10.597221037041129,0.08404125553257412,7618.0,0.9141142927110195,0.3440241849967824,0.14269415352447015,0.2866571933835139,8.455938204668277,0.07089191106633229,7618.0,0.9999983310699463,0.3591397823544489,0.25273441766215365,0.213764488697052,0.25586561843224187,3.0,7618.0,0.2859018114990811,0.2379655929086214,0.46324494618009976,0.40289818578409253,0.5227093725387241,0.4578757167425829,0.12005943190849552,0.26511678881959116,9.20603715949238,0.07683179022457773,7618.0,0.9990257620811462,0.2673021418445966,0.08317929283978712,0.2319485819335571,10.79984776169736,0.09633071661657289,7618.0,0.9353578668087721,0.304700237363114,0.10682507830530126,0.24914845030361885,9.713267801625536,0.09419600129483666,7618.0,0.9900904889218509,0.14929561432893543
socofing:000377:right_thumb,irregular,0.699999988079071,545,0.3357187038845618,0.2975456416606903,0.07899091225844446,1.0,4015.0,0.3514321295143213,0.3242126573364286,0.575840597758406,0.5359993215604857,0.6438356164383562,0.6065948763018378,0.2509456618297527,0.4120688128669005,6.004203076913678,0.10757170478113516,4015.0,0.9999817311763763,0.44480313954485384,0.12348723663967176,0.28286025866310566,9.083779277760573,0.1542403877017244,4015.0,0.8999292030930519,0.15724514824533714,0.1518646083220717,0.30545147719304744,8.185434256191678,0.1630303435789007,4015.0,0.9975491166114807,0.0926222392576328,0.26438934855265156,0.22130651772022247,0.1137386445693247,1.0,4015.0,0.28617683686176837,0.2583697172802679,0.45828144458281445,0.4224209945570042,0.5205479452054794,0.4771047536492496,0.12730827448215123,0.28471344083774913,8.95143368183317,0.19674127654073476,4015.0,0.9872739911079407,0.12712267887844472,0.07893045794188179,0.23561544220263642,11.02755377480263,0.21559758564417358,4015.0,0.8343302607536316,0.0873730845579873,0.12256870680124815,0.27793420366641336,9.116203960353209,0.21516182805562448,4015.0,0.9774328470230103,0.044142276187257565
socofing:000380:right_index,peripheral_only,0.20000000298023224,556,0.322532301071489,0.2767789959907532,0.2160238172020748,2.0,8464.0,0.3775992438563327,0.3291123893872495,0.5841209829867675,0.5167096905459586,0.6513468809073724,0.5792421242655281,0.14879880829632863,0.3000038702292667,8.274005469648781,0.030341848189043112,8464.0,0.994847297668457,0.1696980216553515,0.0870385309142,0.2423592204351996,10.60288447853165,0.06574278083485902,8464.0,0.8873371630907059,0.13570914964164957,0.13901190946267422,0.2873470007478469,8.569479911677902,0.047737546857163304,8464.0,0.9963647723197937,0.4085741074297164,0.26556324667468073,0.2215503752231598,0.2387709621315022,4.0,8464.0,0.30482041587901704,0.26739939463823076,0.4841682419659735,0.4250848094758442,0.5359168241965974,0.47764661442171535,0.11250714955173999,0.2624814148880286,9.488198783329851,0.039480977007208616,8464.0,0.9711788883432746,0.1824521551690707,0.07707683506031332,0.22902000799855668,11.130761267106866,0.0919658254769835,8464.0,0.9054706091992557,0.11459529676201316,0.10370155712793248,0.2565511324294818,9.842147224249269,0.07385027769718104,8464.0,0.9757099743001163,0.19596499608182874
socofing:000396:right_index,central_only,0.4000000059604645,566,0.2801207662790012,0.2355802059173584,0.4306210889634054,3.0,4876.0,0.35479901558654636,0.2832505570768919,0.5455291222313372,0.4485062051261909,0.6105414273995078,0.5035914211426239,0.1646030257957396,0.30844710423094257,7.835621856831962,0.07593781819852291,4876.0,0.9985502660274506,0.6629119574000691,0.07584622543288193,0.21477176873171908,11.200660274607756,0.13885793012369926,4876.0,0.8862745091319084,0.38557280335064664,0.07953285013445491,0.20731773058216488,10.994534539173264,0.13050192257778453,4876.0,0.996058642398566,0.3663001668275177,0.2850240900183526,0.24170555174350739,0.3866025744109707,4.0,4876.0,0.40217391304347827,0.2898845886101089,0.5662428219852338,0.4565245938885398,0.6078753076292043,0.5120712623146834,0.12525620384965622,0.2667043761334361,9.022007546347858,0.08715375976792501,4876.0,0.9878600239753723,0.6022501164303422,0.060838228522137654,0.19489679464272364,12.158234401525883,0.1461013310566078,4876.0,0.8862745091319084,0.3805490866449775,0.08275871942016075,0.21030287141501033,10.821862380771176,0.14774295479684452,4876.0,0.9829380810260773,0.488182740035828
socofing:000406:right_index,disconnected_fragments,0.6000000238418579,576,0.2698194909423291,0.23690344393253326,0.49371027053092503,1.0,2293.0,0.29568251199302226,0.268782742032306,0.4478848669864806,0.4316075106167243,0.49280418665503706,0.48588243347819693,0.18725073719260715,0.3165076581888775,7.275764638391706,0.06907257197200106,2293.0,0.9999994039535522,0.42546008735288576,0.09757951753513464,0.24152247397723778,10.106413335115857,0.11441048629094178,2293.0,0.9185042381286621,0.3567161074350388,0.10836652709247116,0.21973299035803295,9.651048445868883,0.12478093683199118,2293.0,0.9704909026622772,0.35570897310571054,0.24444138566791568,0.20916873216629028,0.31840861869228415,1.0,2293.0,0.2228521587440035,0.22603598273429504,0.3650239860444832,0.3892656767753031,0.4077627562145661,0.44367557478897235,0.16510037598144342,0.30232916111341807,7.82251937721578,0.08135779360702881,2293.0,0.9996808767318726,0.5195532170131449,0.10865650509716429,0.2592736869905025,9.639442680251594,0.12904217251406366,2293.0,0.9332002401351929,0.3207848494765661,0.10800518082101188,0.23116366972239438,9.665554116610874,0.14921346998485713,2293.0,0.9629893894307315,0.27184608631774543
socofing:000407:right_index,stripes,0.800000011920929,586,0.35344104798620235,0.29905185103416443,0.13393479636493102,4.0,2720.0,0.3698529411764706,0.36083517456975056,0.569485294117647,0.5662450894362786,0.6408088235294118,0.6347150610584547,0.22646986037538314,0.3817210630946861,6.449895876627253,0.058368035182154436,2720.0,0.9999996423721313,0.6196794145179344,0.10689775960951366,0.2716536296896212,9.710313967502634,0.07934700554656161,2720.0,0.9660077802836895,0.30939992542033645,0.15465400419994446,0.3110446362518226,8.106388310476268,0.050943886221808,2720.0,0.9769538035616279,0.1586607408461098,0.3367434203690466,0.2836918234825134,0.20195700131015254,3.0,2720.0,0.3466911764705882,0.3503332251902012,0.5272058823529412,0.5401484530725901,0.5966911764705882,0.6034201957000529,0.17764192625745512,0.33614829287758125,7.50454526207392,0.030267159457669942,2720.0,0.9991922080516815,0.30474583450088766,0.10587382700679208,0.27225018334797557,9.752113882532035,0.07932468143272897,2720.0,0.8936646804213524,0.2406482577741063,0.1519315759939767,0.3037469347916639,8.18351957178504,0.12364732342273002,2720.0,0.990823894739151,0.18716883990887348
socofing:000422:right_index,random_rectangles,0.699999988079071,596,0.3188249844948544,0.26883023977279663,0.3047606431699873,0.0,4265.0,0.3280187573270809,0.3122088950166669,0.5043376318874561,0.5094583662439482,0.5688159437280188,0.5752081899863754,0.13312633489393805,0.26048780029065305,8.757360244065609,0.056322452674260906,4265.0,0.9994876980781555,0.2771794258563624,0.08886366167835168,0.24756466919907827,10.512757953722279,0.09667463681234584,4265.0,0.8038725252263248,0.12096940347640962,0.13312633489393805,0.26048780029065305,8.757360244065609,0.056322452674260906,4265.0,0.9994876980781555,0.2771794258563624,0.2847494039599809,0.24003921449184418,0.3324494935234472,3.0,4265.0,0.2801875732708089,0.2761476831237708,0.4375146541617819,0.4547388742523484,0.49566236811254394,0.5142692712952076,0.1195116073587066,0.2643770356947536,9.225899125649814,0.09195765838964995,4265.0,0.9949177503585815,0.2393560157911107,0.09163496345255154,0.24903177078376587,10.379387890251465,0.07970579953216099,4265.0,0.8976113791577518,0.1475966678905667,0.11161261432440536,0.2509886486984239,9.522867191807583,0.07660473954140921,4265.0,0.9739982485771179,0.13004034956863447
socofing:000424:right_index,central_missing,0.10000000149011612,606,0.24043443156424837,0.20836293697357178,0.2236833282871008,0.0,12549.0,0.25842696629213485,0.19927974126378667,0.433819427842856,0.38057962147275126,0.48322575504024223,0.4410129148757394,0.139900203742557,0.2832605961932266,8.541816530263725,0.08673240491391393,12549.0,0.9983710050582886,0.7363886633781311,0.12905626542634166,0.27859352455976943,8.89220906470478,0.05974111841281318,12549.0,0.9554608445614576,0.7116335583839326,0.139900203742557,0.2832605961932266,8.541816530263725,0.08673240491391393,12549.0,0.9983710050582886,0.7363886633781311,0.2078526874525783,0.17568860948085785,0.21874989528239344,1.0,12549.0,0.25994103115786116,0.1823126477224911,0.3968443700693282,0.3300102959511166,0.4428241294127022,0.37924284536065844,0.15683952476732008,0.3038740882223876,8.045444823068168,0.0831756289842049,12549.0,0.9991704225540161,0.6276937210020048,0.1121308805040278,0.2619690110416992,9.502747675511307,0.06358599359103188,12549.0,0.9529411755502224,0.6614667430003237,0.12349927990034636,0.27054924754897447,9.083355746813822,0.04297538382564189,12549.0,0.9708897452801466,0.6738176718815491
socofing:000425:right_index,peripheral_only,0.30000001192092896,616,0.2635197480806019,0.22820454835891724,0.28748487613515755,4.0,8047.0,0.29688082515223063,0.24967126687357882,0.47769355039145023,0.4202467488082607,0.5409469367466136,0.477105242786488,0.1961158005784911,0.33911662232481443,7.074874148604642,0.053534432701257566,8047.0,0.9993556141853333,0.469731792881226,0.09802068669762823,0.2465166987699316,10.086822593020056,0.08479158226330696,8047.0,0.9175233421847224,0.4252004691830836,0.11511745955774881,0.2512865424107233,9.388588030900852,0.059791664465094096,8047.0,0.9894447028636932,0.34551521331210816,0.31058138266133567,0.26349693536758423,0.25570435643840334,4.0,8047.0,0.35628184416552755,0.2947788085569517,0.5477817820305704,0.49534995484769867,0.6025848142164781,0.5622070036112811,0.13015398168005718,0.2715248876931573,8.85542541383197,0.06204884100113535,8047.0,0.9891917705535889,0.3393098179464415,0.0709183019839945,0.21829247609415323,11.492416713763884,0.08278829998863971,8047.0,0.8069642744958401,0.36380647854799986,0.09593980244471695,0.2404498367683067,10.180011801504808,0.06807894520980796,8047.0,0.9833104005083442,0.36452728807129414
socofing:000429:right_index,central_only,0.5,626,0.3531417046630368,0.3116072118282318,0.23973348129926975,1.0,4115.0,0.42114216281895506,0.32431555218713976,0.6746051032806805,0.5621441122132692,0.7302551640340219,0.6414202988886456,0.2943034164467163,0.44844627066901266,5.312046963259939,0.07483220806459076,4115.0,0.9999822378158569,0.3216270464305861,0.07553351268206443,0.21870004700877016,11.218603179909808,0.16333954781006185,4115.0,0.9242529384791851,0.24060592361661196,0.122440746194403,0.2598584525534976,9.120740323324279,0.09452263124458231,4115.0,0.9974870681762695,0.3423068735481241,0.27352705718535264,0.23247815668582916,0.3345551824794532,2.0,4115.0,0.34726609963547994,0.2567080398955872,0.5547995139732685,0.4359613897675877,0.6106925880923451,0.4957125063915878,0.1176200676223577,0.2613897970083191,9.295185752484825,0.17801511502424727,4115.0,0.9738211631774902,0.21381997119802282,0.06498038062279526,0.1993489668899208,11.872177491022157,0.19016150207021984,4115.0,0.8523717503994703,0.24843512270123363,0.11245735671423675,0.24792899757268344,9.490121287041928,0.140755854833187,4115.0,0.981428474187851,0.18612093183664444
socofing:000444:right_index,disconnected_fragments,0.699999988079071,636,0.32900129018553875,0.2961401045322418,0.2547267533840203,1.0,1831.0,0.2708902239213545,0.28257985259261303,0.4756963407973785,0.5217599205375695,0.5412342981977062,0.6014866098525548,0.278377887504145,0.40370329251896403,5.553652651689953,0.10175123325107403,1831.0,0.9999995529651642,0.25479611964309884,0.1877303528475701,0.3406432001509565,7.26465503572089,0.16076203480348422,1831.0,0.9786625560373068,0.1805617050617165,0.17242985673627859,0.3213807649128159,7.633875326345959,0.17377596977742416,1831.0,0.985004186630249,0.24742466147928707,0.28268515084168744,0.2384728193283081,0.40989895760227557,3.0,1831.0,0.2670671764063353,0.276738851709095,0.403604587657018,0.4517016114334407,0.4505734571272529,0.5100225313415558,0.16027350442451815,0.3129305552395192,7.951382669989614,0.15644068681843176,1831.0,0.9986592829227448,0.18359016633115866,0.10429538084235516,0.26205034197243526,9.817349256971436,0.21582861041305884,1831.0,0.8456408828496933,0.22164688665626844,0.09722064840674187,0.23151206169663996,10.12241486753238,0.1894039489491107,1831.0,0.9594799876213074,0.17262592485605743
socofing:000448:right_index,severe_partial,0.10000000149011612,646,0.4374984444076322,0.38302916288375854,0.09238195735156093,2.0,10531.0,0.3846738201500332,0.3907781197478907,0.632038742759472,0.6953254785862373,0.7144620643813503,0.7968412648656861,0.26680146496175755,0.4028468417718228,5.738117901113328,0.030484865483630573,10531.0,0.9999919533729553,0.41450042510718554,0.11142658320825552,0.28017897558332305,9.530111865105829,0.04228263077084614,10531.0,0.9686274491250515,0.3185231763899605,0.15909507710080967,0.30694111800074186,7.983432585748579,0.03554176517195794,10531.0,0.9956198930740356,0.1745966045608791,0.43244495013027084,0.3763127028942108,0.06114764016856301,2.0,10531.0,0.3912259044725097,0.3953987015226426,0.6276706865444877,0.6882072953476706,0.7005982337859652,0.7858101599560132,0.24820268780167898,0.38876822295260594,6.05193519811031,0.032503190328420035,10531.0,0.9999985694885254,0.4000662550142932,0.11094164953851744,0.2798156338155234,9.549053810914902,0.03973720026887569,10531.0,0.9686274491250515,0.3377794396505475,0.14940192225707657,0.29767573632706884,8.256438147008707,0.044526661805097435,10531.0,0.9892158498987556,0.14972544596959544
socofing:000449:right_middle,irregular,0.10000000149011612,657,0.36134298469482073,0.3041800558567047,0.24938552385493554,4.0,10720.0,0.4392723880597015,0.36751984032565976,0.6494402985074627,0.5787664610747971,0.7414179104477612,0.6491820013245095,0.24495042715529058,0.4120615517755331,6.109217988652384,0.03810160120866987,10720.0,0.9879645705223083,0.6733100077685397,0.07807755133463255,0.23452782088216506,11.074738154557696,0.07497008966123984,10720.0,0.8296843692660332,0.44387971585452907,0.07001272156440629,0.1965235077908068,11.548230399393889,0.05505186824035194,10720.0,0.997763067483902,0.46643881726882147,0.3113522577185684,0.26209747791290283,0.21652636240188114,4.0,10720.0,0.30755597014925373,0.3034302834921808,0.4840485074626866,0.49737141492707077,0.5520522388059701,0.5620184587387006,0.2308593265123965,0.39694850494417905,6.366525756458669,0.03952475740555628,10720.0,0.988211452960968,0.587062229301745,0.09812498846161681,0.2625440221641268,10.082203813147823,0.08068257463294845,10720.0,0.8680483624339104,0.43677999014836416,0.06250667490948869,0.1896860065501628,12.040736031107846,0.08261311403544484,10720.0,0.8811446130275726,0.3782708038137056
socofing:000472:right_middle,central_missing,0.30000001192092896,667,0.391364203942843,0.33740144968032837,0.19106494403983296,0.0,8769.0,0.3674307218611016,0.41494307490544685,0.5972174706351921,0.6285406134048092,0.6794389326034895,0.6997397929045966,0.09436400170315809,0.2404432529938302,10.251936502286927,0.05111148322382201,8769.0,0.9682930093258619,0.8436517036226129,0.11577968486588697,0.287372389196443,9.36367636848958,0.04951552205476654,8769.0,0.8658797107636929,0.5793442220881011,0.09436400170315809,0.2404432529938302,10.251936502286927,0.05111148322382201,8769.0,0.9682930093258619,0.8436517036226129,0.3771155467862916,0.3231148421764374,0.2550800908443687,0.0,8769.0,0.2991219067168434,0.3673669811508541,0.5334701790397993,0.6024100182945229,0.609989736572015,0.6807576973424124,0.09111772827254216,0.24902405279537407,10.403971165299005,0.061305957704898426,8769.0,0.9576902370899916,0.7394825902181907,0.1301339595725737,0.30368292235270905,8.856093557793727,0.047856517091288825,8769.0,0.8433138690888882,0.41465385939842686,0.09111772827254216,0.24902405279537407,10.403971165299005,0.061305957704898426,8769.0,0.9576902370899916,0.7394825902181907
socofing:000484:right_middle,peripheral_only,0.5,677,0.37293636127910584,0.31840062141418457,0.15853433362422195,2.0,5459.0,0.5209745374610735,0.4177092341663506,0.7191793368748856,0.601175465335294,0.7781644989924895,0.6623308757249416,0.15875830515408285,0.3176836317011353,7.992635461100395,0.08786542698173062,5459.0,0.9940078253857791,0.4158152343988569,0.07920305960685252,0.2303726715372678,11.01258041330868,0.10517052829934527,5459.0,0.939879734069109,0.169187726119194,0.15528255493914303,0.3044745350931468,8.08877331903291,0.072241225839916,5459.0,0.9853343665599823,0.3323908265337143,0.33475569344348666,0.281075119972229,0.16287431301702307,0.0,5459.0,0.34694999084081335,0.3219644794109912,0.5629236123832204,0.5343299881063291,0.6387616779629969,0.6051184910047751,0.13047279892629707,0.29277038041305703,8.844800209505747,0.08486294454705265,5459.0,0.9633882641792297,0.3686055004485984,0.08655839910810456,0.24446697023556108,10.626907844110924,0.11698393990128811,5459.0,0.859187837690115,0.16945308041195714,0.13047279892629707,0.29277038041305703,8.844800209505747,0.08486294454705265,5459.0,0.9633882641792297,0.3686055004485984
socofing:000493:right_middle,central_only,0.699999988079071,687,0.40271695473596375,0.3499692976474762,0.2838566942355995,1.0,1138.0,0.5140597539543058,0.4703870045122656,0.664323374340949,0.6511141325551721,0.7161687170474517,0.7113565085694743,0.23715990545482812,0.40331888978323704,6.249587314610535,0.09192569872520241,1138.0,0.9999973773956299,0.5081173952884153,0.11444255581623446,0.2941699507699458,9.414124517712413,0.1305738195226766,1138.0,0.7494593113660812,0.4241009188953592,0.09719340439734128,0.22536957711889777,10.12363205557557,0.2664274714329525,1138.0,0.983270525932312,0.3082495872137077,0.2902441757582193,0.24632805585861206,0.3502547222053663,1.0,1138.0,0.39103690685413006,0.2810689375092568,0.6001757469244289,0.46347315738825473,0.663444639718805,0.5242745640145873,0.11276412769570592,0.25378215273470667,9.478290352954847,0.13092318801422193,1138.0,0.9951955378055573,0.5120549520237311,0.061144938127066714,0.20060588073874178,12.136394901317882,0.18430995412858522,1138.0,0.7380477637052536,0.39549226356166745,0.08537679931220567,0.21753538438930833,10.686601304772893,0.1701123623514161,1138.0,0.943740963935852,0.34184068460159145
socofing:000496:right_middle,stripes,0.10000000149011612,697,0.3367902222254886,0.2918868660926819,0.12714603591192214,1.0,11722.0,0.218648694761986,0.3133171614455884,0.3910595461525337,0.5365170494827918,0.47142125917079,0.6109170121618596,0.28851871171295723,0.45266324788771506,5.3982601567926425,0.03727256589156174,11722.0,0.9999557733535767,0.38979246525683847,0.18276167059059356,0.3638246359768063,7.38114880792737,0.04540376930975076,11722.0,0.9826747179031372,0.38532172473273946,0.10472919386317144,0.237487183131228,9.799322393681326,0.05157439283049656,11722.0,0.9988608956336975,0.7468566411412811,0.27080934099564474,0.23513416945934296,0.08685460821058998,1.0,11722.0,0.1397372462037195,0.23945803999026224,0.26608087357106297,0.4301598154924933,0.32613888414946257,0.493727073993237,0.2986580870226858,0.46625350166811036,5.2482572099132305,0.037861218144998106,11722.0,0.9998859167098999,0.36139929712771257,0.22220238383286406,0.4064828174153298,6.53251286169655,0.04792138163291618,11722.0,0.9890722036361694,0.5064242106418784,0.10887776175449167,0.2535246073576146,9.630608156855523,0.04305656212457162,11722.0,0.977977036498487,0.9792900714398682
socofing:000503:right_middle,severe_partial,0.30000001192092896,707,0.4272619704580517,0.3701930344104767,0.343669680074077,0.0,6129.0,0.3574808288464676,0.4133611157436825,0.5552292380486213,0.6822290672614458,0.624898025779083,0.7718517177673668,0.23046937134236886,0.35981160288591224,6.37386782815963,0.13323591191184228,6129.0,1.0,0.6371086955523847,0.16390236870978017,0.338093191300935,7.854147699795116,0.09529828585883526,6129.0,0.9411764703691006,0.2756252037364538,0.23046937134236886,0.35981160288591224,6.37386782815963,0.13323591191184228,6129.0,1.0,0.6371086955523847,0.3437974634431552,0.2939470708370209,0.46348698302057106,0.0,6129.0,0.2111274269864578,0.27528547142220666,0.39174416707456355,0.5432247423069534,0.46614455865557186,0.6325378326018689,0.17977324045457876,0.3099000935272102,7.452749532469127,0.14291464210794677,6129.0,0.9999701976776123,0.7223451949223118,0.15997025290279726,0.3374567061711603,7.959607686019675,0.10376525078106871,6129.0,0.9411764703691006,0.311898788379763,0.17977324045457876,0.3099000935272102,7.452749532469127,0.14291464210794677,6129.0,0.9999701976776123,0.7223451949223118
socofing:000504:right_middle,irregular,0.20000000298023224,717,0.3344593315338438,0.2890274226665497,0.21106524618677794,4.0,9384.0,0.401001705029838,0.3208283620544305,0.6156223358908781,0.5337718335062088,0.6791346973572038,0.6047529906568014,0.18345831431205936,0.33449453072246677,7.364626012804777,0.09978427396313877,9384.0,0.9994160532951355,0.4848099736039304,0.08628624922672845,0.23524320412866648,10.640584089287657,0.09714694923945857,9384.0,0.9729887833818793,0.19524852771916854,0.12880468287205055,0.2737171455071179,8.900683473137786,0.04186938996226869,9384.0,0.9965128302574158,0.307940072996281,0.2790702513016551,0.2347693145275116,0.1838050457620867,3.0,9384.0,0.3379156010230179,0.27656919682257114,0.49957374254049447,0.44626229663473976,0.5466751918158568,0.5028266632387959,0.15438826003770134,0.30873555253720936,8.113857272819702,0.09447047501356064,9384.0,0.9975795745849609,0.19712647487113047,0.09060922481163615,0.2433698181913374,10.42827585095308,0.09495666530671937,9384.0,0.9338363399729133,0.12257396101466768,0.09913408186578432,0.24412325271265342,10.037770112907644,0.09675288931918334,9384.0,0.9973315000534058,0.3263274583642672
socofing:000509:right_middle,central_missing,0.4000000059604645,727,0.3713356609653637,0.3120538592338562,0.22866959773215934,0.0,8969.0,0.636414315977255,0.39091073623042744,0.8723380532946817,0.5960945650710884,0.9121418218307503,0.6644891746846419,0.09126707160686225,0.24807755954788738,10.39685884008956,0.06738441707310665,8969.0,0.8327169865369797,0.9272967852672167,0.03697049060533617,0.15382342487540396,14.321447862195207,0.09220140296597805,8969.0,0.6890996992588043,0.6640493083429853,0.09126707160686225,0.24807755954788738,10.39685884008956,0.06738441707310665,8969.0,0.8327169865369797,0.9272967852672167,0.20925831519676197,0.17617414891719818,0.2909685869946414,3.0,8969.0,0.18575091983498718,0.189472181157851,0.33515442078269597,0.33283469091092804,0.3948043260118185,0.3806221941619537,0.08197388199327628,0.227561789073531,10.863244977749362,0.05872450924681969,8969.0,0.8659252524375916,0.5401889966552209,0.08669631244801672,0.24507595385372977,10.619993744676933,0.07253467593039628,8969.0,0.7627072781324387,0.47599374784689785,0.07789074574158707,0.22122072443002203,11.085141381182952,0.06103575208275928,8969.0,0.8086002320051193,0.6870368408877306
socofing:000511:right_middle,peripheral_only,0.6000000238418579,737,0.2117318853212736,0.18941830098628998,0.6421352110827624,3.0,3845.0,0.40598179453836153,0.20025637539682525,0.5492847854356306,0.33762346552159295,0.5776332899869961,0.38341249556318213,0.07571604967224735,0.1422838119275248,11.20812052530454,0.11787390392256672,3845.0,0.9978914558887482,0.44783735101923533,0.036641831316133695,0.13851844870130517,14.360228289284148,0.11683231806821977,3845.0,0.789057694375515,0.18628138194188026,0.049692260309164515,0.13105835407810051,13.03711248425091,0.12301782206741678,3845.0,0.9879982173442841,0.26351931580022864,0.2999360279190525,0.27195775508880615,0.3546264886604482,0.0,3845.0,0.2886866059817945,0.2180421785585902,0.43927178153446034,0.47170825973443775,0.4788036410923277,0.5562636201263869,0.04596980887314732,0.13669841810443253,13.375273018948942,0.1498666558618897,3845.0,0.9422174692153931,0.5381985645588956,0.054810259139041986,0.20099471559171578,12.61138144609246,0.09452386080323778,3845.0,0.7530227154493332,0.4051661397487469,0.04596980887314732,0.13669841810443253,13.375273018948942,0.1498666558618897,3845.0,0.9422174692153931,0.5381985645588956
socofing:000522:right_middle,central_only,0.800000011920929,747,0.3716795914180956,0.32495802640914917,0.17014785208060568,3.0,609.0,0.3054187192118227,0.32422326532099244,0.45977011494252873,0.5899417136592428,0.5024630541871922,0.6785145297719928,0.44857728809633474,0.5920941797031583,3.4816271894773303,0.06961722751940895,609.0,0.9999712407588959,0.6732373948284348,0.08360368884628648,0.25254924700416514,10.77774559759037,0.262244368982876,609.0,0.8010159060359001,0.47142916334238316,0.09137614711886434,0.19507088122984215,10.39167157949095,0.349078100147132,609.0,0.9329023938626051,0.46867152347217217,0.2627624949406716,0.22323071956634521,0.45760200219353336,3.0,609.0,0.29064039408866993,0.2565245381717024,0.43349753694581283,0.4197961962281777,0.46469622331691296,0.4742200822470028,0.15979122627141173,0.3201254872568502,7.964470703694545,0.21915029763037935,609.0,0.9674866162240505,0.7000004539439646,0.059147940965791596,0.19595946954970045,12.28060369256834,0.32459831630586694,609.0,0.8826444074511528,0.39158449511207544,0.08597649877505584,0.18965216566868162,10.656202446532257,0.37122183034828,609.0,0.8983061835169792,0.3179499483108371
socofing:000524:right_ring,stripes,0.30000001192092896,758,0.3639209842155532,0.3071683645248413,0.4028078795857647,0.0,7338.0,0.39670209866448625,0.3892546106047642,0.5810847642409376,0.5848069373838062,0.6467702371218316,0.6499910463101535,0.12129114623425534,0.2686161958997951,9.16170899726531,0.060284526397227936,7338.0,0.9999997615814209,0.7552654504576122,0.09180414428485092,0.25167731027414325,10.371377131406227,0.06702889325987635,7338.0,0.8227697014808655,0.38179805286185203,0.12129114623425534,0.2686161958997951,9.16170899726531,0.060284526397227936,7338.0,0.9999997615814209,0.7552654504576122,0.3137608314866622,0.263339102268219,0.37351463387709255,0.0,7338.0,0.29994548923412373,0.30801482568907457,0.47683292450258924,0.5014427297989007,0.5467429817388935,0.5659186978355095,0.12802214475873086,0.27193511275806315,8.927149013311407,0.04994351326271153,7338.0,0.9999986886978149,0.6908882563379729,0.0923607098052794,0.2534205622238869,10.34512738126759,0.0642026146809547,7338.0,0.852026954293251,0.26288919960460166,0.12802214475873086,0.27193511275806315,8.927149013311407,0.04994351326271153,7338.0,0.9999986886978149,0.6908882563379729
socofing:000527:right_ring,random_rectangles,0.20000000298023224,768,0.4767638410799625,0.405936062335968,0.023234636778939464,3.0,9325.0,0.688686327077748,0.6109065197460134,0.8376407506702412,0.7762364135945451,0.8776407506702413,0.8313463782107222,0.16072063591008157,0.3216111953413219,7.9392835791925815,0.06183416666809853,9325.0,0.9916060562245548,0.3285104897006105,0.07517992419255523,0.22978019382020623,11.238981165414874,0.06924138590865712,9325.0,0.8043453991413116,0.25967959174165095,0.15429738678067034,0.3138425407589141,8.116414291950848,0.04447632980506153,9325.0,0.988825112581253,0.17181382090237332,0.42948357639555634,0.3591247797012329,0.07788938010657563,3.0,9325.0,0.6153351206434317,0.513840126042072,0.7830563002680965,0.6956093771975418,0.8349597855227882,0.7561991275826984,0.14105872494741392,0.29908351956404766,8.506000461316054,0.07275999256888692,9325.0,0.9644170398823917,0.23740856694321785,0.06430694753880233,0.21481801253426372,11.917421046065748,0.08042875415476183,9325.0,0.6566028296947479,0.238966769270132,0.10995633930980153,0.26045583194690997,9.587797272135921,0.06611809044718558,9325.0,0.9551694095134735,0.21925824075449227
socofing:000528:right_ring,irregular,0.4000000059604645,778,0.28981579665194224,0.24502526223659515,0.18567561220207013,2.0,6545.0,0.30970206264323913,0.269261889092516,0.5176470588235295,0.461649883887165,0.5844155844155844,0.5257792154853812,0.1733706437259488,0.32498697541622806,7.610244382736742,0.10536435346768125,6545.0,0.9999625086784363,0.15392716470079365,0.08132270099917756,0.23476141429128447,10.897882054206429,0.1657578056824343,6545.0,0.8629472106695175,0.1048262669468078,0.09386167071105594,0.24404181441088685,10.275117197364064,0.15007425677067487,6545.0,0.9139397107064724,0.6171335627540416,0.21634351276094627,0.18162871897220612,0.20101027583737646,2.0,6545.0,0.2051948051948052,0.19172498194473767,0.36333078686019865,0.3436877673358932,0.4189457601222307,0.39434202913294497,0.10443575398905511,0.2570288219155475,9.811507934615864,0.186343267937185,6545.0,0.9629911184310913,0.10690837052228211,0.07293977924331237,0.22584036654807668,11.370355554389686,0.19708064380772822,6545.0,0.7804160192608833,0.06821183511590245,0.09231993432719057,0.23989896433921695,10.347045131284315,0.16169425365327977,6545.0,0.8874527774751186,0.2062693452869167
socofing:000530:right_ring,central_missing,0.6000000238418579,788,0.3799614502506163,0.3157142698764801,0.23219038635664074,3.0,5926.0,0.6589605129935876,0.4871122077826588,0.7882213972325346,0.6186533961541903,0.8243334458319271,0.6625004589447009,0.14806321676426198,0.30779912345539784,8.295528195371421,0.0877751809097617,5926.0,0.9862577319145203,0.1253065814122768,0.06288904036198079,0.20362778672631962,12.014250322181228,0.08959711576827474,5926.0,0.8179587051272392,0.17941615790090706,0.09867441834819546,0.2484891644501892,10.057954249417058,0.05919258043862305,5926.0,0.937593549489975,0.2919027422662631,0.26322750511440607,0.22039709985256195,0.19044944392624208,2.0,5926.0,0.38677016537293285,0.2628725177375521,0.5803239959500506,0.4211285094453643,0.6353358083023962,0.4738805066813016,0.1165023438580635,0.27208340147183596,9.336653371754412,0.0847733991214156,5926.0,0.9655053317546844,0.19417847105938701,0.06547596217761012,0.20515992453265552,11.839181108430683,0.07099059197950405,5926.0,0.8523039743304253,0.1397291030291527,0.09366215947564191,0.239066415161716,10.284358333407903,0.03263518376945037,5926.0,0.9599806033074856,0.42848820611468486
socofing:000531:right_ring,peripheral_only,0.800000011920929,798,0.23780580698905696,0.20324166119098663,0.2072688350889619,0.0,1883.0,0.2894317578332448,0.2266722192994724,0.4641529474243229,0.37937593241353273,0.5183218268720128,0.4302771701182194,0.10183954647033518,0.24043404805957203,9.920835434261743,0.17620701824481086,1883.0,0.9951698179356754,0.14170460999975684,0.06714366604683979,0.20861155275575444,11.729949499446256,0.1390860721894185,1883.0,0.8733125571161509,0.2580588063669814,0.10183954647033518,0.24043404805957203,9.920835434261743,0.17620701824481086,1883.0,0.9951698179356754,0.14170460999975684,0.24162242269490672,0.2048250287771225,0.23924248905071727,2.0,1883.0,0.26394052044609667,0.22940832810141087,0.44078597981943707,0.3853744668525011,0.4949548592671269,0.43736317976953115,0.09736643053198549,0.23880425304846084,10.115907510030116,0.17257243922960866,1883.0,0.9926719064824283,0.05902636056445341,0.06788862204153484,0.21363027487123268,11.68203006259046,0.12731172749469147,1883.0,0.8314604386687279,0.03618996557560394,0.09327053262512539,0.2355300493266847,10.3025554317397,0.19014949799053127,1883.0,0.9423808418214321,0.04375649185954039
socofing:000540:right_ring,disconnected_fragments,0.20000000298023224,808,0.25570194016762215,0.2230263501405716,-0.04882102148342859,2.0,7895.0,0.2453451551614946,0.23511933602812624,0.41849271690943635,0.4070648438542459,0.4759974667511083,0.464380013129619,0.2474448187759957,0.40161209769524575,6.0652163540931125,0.018669076744558335,7895.0,0.9999999403953552,0.620153331678816,0.17037296398718746,0.3309618367884601,7.685993210877936,0.060987080323539375,7895.0,0.9966602444183081,0.3913678752432515,0.1807335354023891,0.3342290408539505,7.429612559121553,0.06267228502273336,7895.0,0.9999975562095642,0.3637026095076703,0.2607425484436837,0.21944287419319153,0.12051073507434712,4.0,7895.0,0.29449018366054464,0.2485890247611927,0.4824572514249525,0.4159727251416449,0.5370487650411653,0.47176729193512884,0.16893104210148688,0.31594437757221494,7.722905388561027,0.05374938766533075,7895.0,0.9998104274272919,0.6815640606447061,0.10933396787756276,0.260074883660784,9.612448904751387,0.07387900491352471,7895.0,0.9416245520114899,0.4228415648675556,0.13733558025508602,0.29125397586947316,8.622169332175782,0.06035497324676029,7895.0,0.9861902594566345,0.33314157146141116
socofing:000545:right_ring,stripes,0.4000000059604645,818,0.3469950436537386,0.3027237355709076,0.177020580533272,2.0,5438.0,0.38801029790364105,0.34189913145932,0.5801765354909894,0.5546824786265399,0.6403089371092313,0.6256102610156132,0.19368688254093072,0.33911925372009966,7.128997909122548,0.05463296597257687,5438.0,1.0,0.32160713381020356,0.13966955269723028,0.29954923867760413,8.54898257713758,0.06595173828667625,5438.0,0.9876623749732971,0.3210663396734767,0.17489812925058096,0.325904160527596,7.572148358071714,0.055237101397357054,5438.0,0.9914351692423224,0.47723155524551664,0.26244004465675214,0.21862636506557465,0.2760159387829847,3.0,5438.0,0.22177271055535122,0.2532787514592234,0.36373666789260756,0.4189879421310506,0.4154100772342773,0.47422433902165956,0.11796911875705458,0.27788219633241606,9.282316648010784,0.08796784860424582,5438.0,0.9489575009793043,0.5383419140457381,0.08981588276508182,0.2569040757256795,10.466468572379986,0.0968599311991766,5438.0,0.7589513026177883,0.34632510506033437,0.11873467939143725,0.2725540018581716,9.25422416103163,0.11898671836981964,5438.0,0.9619234185665846,0.3685379515569626
socofing:000553:right_ring,random_rectangles,0.30000001192092896,828,0.38170427825841524,0.32579630613327026,0.1380984393835648,0.0,10431.0,0.45240149554213405,0.36931023141668323,0.7032882753331416,0.6094874405292912,0.7759562841530054,0.6895465102334937,0.1312211235300587,0.2795550064572604,8.819962480844667,0.05570498550590695,10431.0,0.9984846711158752,0.4476239137002546,0.0757218329904461,0.22888072145517618,11.207788816601559,0.05333708315334479,10431.0,0.8558358363807201,0.2751474581542807,0.1312211235300587,0.2795550064572604,8.819962480844667,0.05570498550590695,10431.0,0.9984846711158752,0.4476239137002546,0.32549842892848757,0.27111369371414185,0.18833364261944305,4.0,10431.0,0.3742690058479532,0.33365130142218863,0.5707027130668201,0.5216127735349502,0.6395359984661106,0.5842665975725373,0.136592455118031,0.2941902595449051,8.645732888763071,0.05823118554184898,10431.0,0.9869433641433716,0.5745179016456644,0.0836331975282934,0.23955774077621167,10.776212986194082,0.060965549407499944,10431.0,0.9025155892595649,0.36151830961331105,0.10005956579560904,0.2507442629481558,9.997413860516518,0.05523493630378965,10431.0,0.9662319421768188,0.24517944253397947
socofing:000554:right_ring,irregular,0.5,838,0.4448666245019154,0.3725413680076599,0.13182520762208047,1.0,5658.0,0.4789678331565924,0.515507804600541,0.6601272534464475,0.7188507172129271,0.7223400494874513,0.7866316880837224,0.1677541955440398,0.32669313609522377,7.753266092880944,0.09444475622724201,5658.0,0.9965189695358276,0.18949137950636186,0.10452930305113398,0.2765790164768933,9.807619452518649,0.1144843658650101,5658.0,0.8812469802796841,0.3452438973315154,0.15494416393472724,0.2989224569281756,8.09824777079919,0.10037650638936373,5658.0,0.9882315099239349,0.5180218878807497,0.32206353554248646,0.26797133684158325,0.17751780062148403,1.0,5658.0,0.3170731707317073,0.34603785640487994,0.4657122658183104,0.5176990889542177,0.5088370448921881,0.5749194998039968,0.11777869684497404,0.2710759743456207,9.289332552139033,0.10829426580658895,5658.0,0.9762068968266249,0.12730707841926395,0.09893150381467909,0.2667137365218696,10.046653893512453,0.13184688450904145,5658.0,0.8204659782350063,0.17234406025947915,0.10626900150591068,0.2543190821691539,9.735933999943926,0.14702359579160582,5658.0,0.9744972288608551,0.09911449106406921
socofing:000558:right_ring,central_missing,0.699999988079071,848,0.34849995333476513,0.30690938234329224,0.1613354219849939,2.0,4904.0,0.41945350734094616,0.36089369158152657,0.6190864600326265,0.5588392991603005,0.6857667210440457,0.624821168353225,0.1749693203312823,0.32894397921414686,7.570380951931305,0.036156385664725225,4904.0,0.999027669429779,0.3465719405585599,0.10822816198261179,0.26492386979066507,9.656597170274887,0.04278398228156968,4904.0,0.9152285680174828,0.20815111850408555,0.17760334824814059,0.3238049957286498,7.505488509899373,0.03595814388387862,4904.0,0.9997555613517761,0.4252920415741757,0.24460900839521482,0.20544473826885223,0.13240303440285178,2.0,4904.0,0.2398042414355628,0.231432510755628,0.400489396411093,0.39005676366838504,0.45106035889070145,0.4429315146393041,0.1707102122207707,0.3306526925482599,7.677404977577473,0.029398530363947413,4904.0,0.9992305040359497,0.10212870591370411,0.11239562259877031,0.2733383991554809,9.492506026301138,0.017289290772843958,4904.0,0.8951621046289802,0.07371864700099388,0.11898217058215696,0.27617753497285,9.245181125395233,0.04967806805838018,4904.0,0.966217041015625,0.29578068916876776
socofing:000564:right_little,central_only,0.20000000298023224,859,0.20200029879556353,0.1750451773405075,-0.0350799248060392,4.0,4611.0,0.06224246367382347,0.19968813377899297,0.10800260247234873,0.3229692615712446,0.13055736282801994,0.36406297083532857,0.4942816378841601,0.6317672369246476,3.0602552288680047,0.05072098413567622,4611.0,0.9999880194664001,0.8585875142855435,0.3379000499997357,0.5173593460046146,4.712117439616893,0.060627358145478864,4611.0,0.9893536567687988,0.6921741488213008,0.22774623803886507,0.40104521393670506,6.425487880649781,0.0853820483013108,4611.0,0.9987825155258179,0.8100948574350882,0.19157322230759938,0.16221337020397186,0.0036340291358152132,2.0,4611.0,0.0659292995011928,0.18303537376530385,0.11754500108436348,0.3056633708379295,0.13771416178703103,0.346539369862138,0.418357221795056,0.5720288736271671,3.7845272970522825,0.06153177260239288,4611.0,0.9995293617248535,0.6399725969583769,0.2905266009378756,0.4765605538378778,5.3681409696855455,0.0671188330458117,4611.0,0.9665597062557936,0.6026976033977558,0.1992764972574032,0.3775595236040257,7.005439191284685,0.057884711249158734,4611.0,0.9750464549288154,0.5247197281261786
socofing:000584:right_little,disconnected_fragments,0.4000000059604645,869,0.4522702869201572,0.38257044553756714,0.21036130694095947,0.0,5404.0,0.6058475203552923,0.4683540111599279,0.8678756476683938,0.7252408314962285,0.9074759437453738,0.8108697716083286,0.09856802964100604,0.24503199403469955,10.062639248353236,0.03686079441223446,5404.0,0.9959795773029327,0.4779420810975379,0.061928493109048244,0.20231204365223623,12.081094874437987,0.1396742736469321,5404.0,0.736865907907486,0.2366755536844451,0.09856802964100604,0.24503199403469955,10.062639248353236,0.03686079441223446,5404.0,0.9959795773029327,0.4779420810975379,0.3598945667497058,0.30137330293655396,0.23102421397271158,0.0,5404.0,0.5240562546262029,0.3508070409132497,0.7648038490007402,0.5749225542158838,0.8155070318282753,0.6496277253167616,0.0616101467337064,0.19544565936565664,12.103477568686076,0.05954209019029145,5404.0,0.9068906605243683,0.9142959704868278,0.04900404314784044,0.18412842685087888,13.097680864131714,0.13312759612964226,5404.0,0.6202868223190308,0.22730705219075653,0.0616101467337064,0.19544565936565664,12.103477568686076,0.05954209019029145,5404.0,0.9068906605243683,0.9142959704868278
socofing:000589:right_little,stripes,0.6000000238418579,879,0.276589738612153,0.23808149993419647,0.4969560379780496,2.0,4119.0,0.32265112891478515,0.2703819675522541,0.49186695799951446,0.44192280467345485,0.547220199077446,0.49910308371385514,0.1071019606433911,0.24788299046975043,9.702025787590706,0.10060392538224475,4119.0,0.997780442237854,0.42755435953072557,0.07456327255319296,0.21204289656087125,11.27475039218937,0.1470118064172522,4119.0,0.858439989387989,0.11921785169422877,0.1002105523149581,0.22453597722709373,9.990865442286456,0.14466479909225044,4119.0,0.984452873468399,0.2754852940771579,0.2923163822855467,0.2491789609193802,0.34628911794382794,1.0,4119.0,0.2359796067006555,0.2730024926695438,0.3646516144695314,0.46577482269527437,0.4085943190094683,0.5300322660371846,0.12585243264440962,0.27771689956426676,9.001383854089607,0.1029086726895704,4119.0,0.999201774597168,0.44142273854906516,0.10043802609540817,0.26685009025078893,9.981018310476834,0.14485210699175585,4119.0,0.8345510954968631,0.14380124955247942,0.1212959286054786,0.25281818808852524,9.161537763292161,0.08859813870849803,4119.0,0.9937828779220581,0.18870212745883008
socofing:000594:right_little,random_rectangles,0.5,889,0.3655065129691657,0.31055817008018494,0.27364054062649695,4.0,5786.0,0.4422744555824404,0.3878225970960512,0.6389561009332873,0.5870420291633537,0.7034220532319392,0.6534485065191211,0.257828624579587,0.40654086558221664,5.886688681817906,0.04294115080409736,5786.0,0.9998351037502289,0.13435372138443472,0.09082860191743809,0.2462292877460498,10.41777370653794,0.1042745746522817,5786.0,0.9960784311406314,0.16329259683193006,0.15329957273354436,0.29510779550969934,8.144590555808666,0.10783719914889685,5786.0,0.9977065324783325,0.24064154224060985,0.3197550844113966,0.26695388555526733,0.29264843422387554,4.0,5786.0,0.38748703767715176,0.35211616082357117,0.552713446249568,0.5148442426994521,0.6092291738679572,0.569086936658079,0.1770117289585387,0.32987150317766195,7.519979559364564,0.06249013380145147,5786.0,0.9960784311406314,0.11020495809909793,0.08889937791383067,0.24547555980524013,10.511012780571864,0.10204755908948164,5786.0,0.9960784311406314,0.12119688937512055,0.13590885732368863,0.27138377088719234,8.667522389153838,0.12674735193477832,5786.0,0.9964094161987305,0.09739277410697929
socofing:000598:right_little,irregular,0.699999988079071,899,0.34410046744898815,0.3022625148296356,0.14355963079371,2.0,3670.0,0.3231607629427793,0.3391992313579253,0.5160762942779291,0.5500706243092748,0.5841961852861035,0.6203610886263913,0.28484964725390444,0.43555327821637146,5.453843140194047,0.1098250948054516,3670.0,0.9999973773956299,0.28880011743887596,0.15213999682060778,0.31985018727780706,8.177565971568017,0.17926914542891612,3670.0,0.9393908679485321,0.14750194292411833,0.14308951197922085,0.29852232563167264,8.443921975223766,0.18428499440146984,3670.0,0.9962247014045715,0.3437388299349423,0.28371291899713574,0.2370108813047409,0.2303078140268875,2.0,3670.0,0.2547683923705722,0.271575837864538,0.44114441416893735,0.45272696228215736,0.5016348773841962,0.5131106704213639,0.18179634846018392,0.3406896145015762,7.404148442137158,0.1722783685758549,3670.0,0.9952719807624817,0.14971418545258816,0.08964254540555593,0.25475539398831326,10.474858201435332,0.24250975728600568,3670.0,0.8159266412258148,0.0922624538833639,0.12558414604206014,0.27666395514891345,9.0106518321854,0.2234490730890477,3670.0,0.9966884851455688,0.10498640132431054
