sample_id,mask_family,observed_fraction,missing_roi_orientation_valid_pixels,missing_roi_orientation_error,missing_mse,missing_mae,missing_psnr,missing_ssim_map_mean,missing_pixels,missing_max_absolute_error,observed_mse,observed_mae,observed_psnr,observed_ssim_map_mean,observed_pixels,observed_max_absolute_error,missing_roi_mse,missing_roi_mae,missing_roi_psnr,missing_roi_ssim_map_mean,missing_roi_pixels,missing_roi_max_absolute_error,observed_roi_mse,observed_roi_mae,observed_roi_psnr,observed_roi_ssim_map_mean,observed_roi_pixels,observed_roi_max_absolute_error
socofing:000023:left_thumb,random_rectangles,0.10000000149011612,9813.0,0.769843420743049,0.0367502133670491,0.14923073762160508,14.34740135114125,0.2761165493376489,14746.0,0.7244996279478073,0.0,0.0,inf,0.8271168235418367,1638.0,0.0,0.04173530344275058,0.16315448638906788,13.794964245484325,0.12770418007468073,11110.0,0.7244996279478073,0.0,0.0,inf,0.8785387015782852,94.0,0.0
socofing:000023:left_index,random_rectangles,0.20000000298023224,9239.0,0.47208939205087236,0.028533991980886287,0.12743648220579257,15.446374651466092,0.309021137290472,13107.0,0.6747285425662994,0.0,0.0,inf,0.8986700691309547,3277.0,0.0,0.03405356795794742,0.1433268950484324,14.678373782220113,0.14198834875987135,9772.0,0.6660037636756897,0.0,0.0,inf,0.8586530294575354,299.0,0.0
socofing:000023:left_middle,random_rectangles,0.30000001192092896,9023.0,0.37010708584495106,0.03436783414033317,0.13596443051327928,14.638478362229785,0.2514521473053615,11469.0,0.6795586049556732,0.0,0.0,inf,0.9378181794267733,4915.0,0.0,0.03772348363261492,0.14749143264542378,14.233882084966679,0.1609608972177634,9663.0,0.6780630052089691,0.0,0.0,inf,0.8347654668291498,528.0,0.0
socofing:000023:left_ring,random_rectangles,0.4000000059604645,5598.0,0.3128037519324254,0.030150497984315898,0.13576382208058455,15.207055103876964,0.3943897413125755,9830.0,0.5941978394985199,0.0,0.0,inf,0.9600657356600505,6554.0,0.0,0.03493055249183462,0.15241222486876355,14.567945451308193,0.1664555160531227,5967.0,0.5941978394985199,0.0,0.0,inf,0.964310819365587,1950.0,0.0
socofing:000023:left_little,random_rectangles,0.5,5159.0,0.20145976461247084,0.024266525262211437,0.11744280524362694,16.149924060942716,0.40463495586720455,8192.0,0.7572509050369263,0.0,0.0,inf,0.9551587917927988,8192.0,0.0,0.030354313861086925,0.1344718030592356,15.17779579615662,0.24828830860087506,5418.0,0.7572509050369263,0.0,0.0,inf,0.9501289768156451,3011.0,0.0
socofing:000023:right_thumb,random_rectangles,0.6000000238418579,5939.0,0.5458969442974458,0.03177405701883886,0.14779059391639,14.979273294471797,0.12274904887444865,6554.0,0.7159013748168945,0.0,0.0,inf,0.9823513776113096,9830.0,0.0,0.03136708942805662,0.1471577728862512,15.035257778906566,0.11593738593493903,6492.0,0.7159013748168945,0.0,0.0,inf,0.9732395929233314,5741.0,0.0
socofing:000023:right_index,random_rectangles,0.699999988079071,4376.0,0.7055103708362283,0.029052694176937618,0.1421491271784929,15.368135874759549,0.12687533619763366,4915.0,0.5899291634559631,0.0,0.0,inf,0.9885672534870074,11469.0,0.0,0.029052694176937618,0.1421491271784929,15.368135874759549,0.12687533619763366,4915.0,0.5899291634559631,0.0,0.0,inf,0.9801900332742841,6619.0,0.0
socofing:000023:right_middle,random_rectangles,0.800000011920929,2679.0,0.18957205623873447,0.022007609932032865,0.10582689160630585,16.57427120085974,0.3264549068670772,3277.0,0.6647741794586182,0.0,0.0,inf,0.9845008352104752,13107.0,0.0,0.02390218987017927,0.11369402161470742,16.215623080490573,0.27091776318559907,3004.0,0.6647741794586182,0.0,0.0,inf,0.9748220824389929,7570.0,0.0
socofing:000023:right_ring,irregular,0.10000000149011612,8958.0,0.7233739728020271,0.024284751309635665,0.11768342082554298,16.146663396031727,0.34693031517625283,14746.0,0.6375279128551483,0.0,0.0,inf,0.7319752093854373,1638.0,0.0,0.027722551268932638,0.12852738688243193,15.571668046867185,0.20271795496983736,10663.0,0.6375279128551483,0.0,0.0,inf,0.7713967901862242,580.0,0.0
socofing:000023:right_little,irregular,0.20000000298023224,7213.0,0.29686148076892666,0.018657465783896997,0.10483148800564583,17.291473461635956,0.4343203622429426,13107.0,0.6840016841888428,0.0,0.0,inf,0.820844115198272,3277.0,0.0,0.024159556344570895,0.11951229215338237,16.169110451698558,0.21766449641853408,8096.0,0.6840016841888428,0.0,0.0,inf,0.8733857166291855,2100.0,0.0
socofing:000030:left_thumb,irregular,0.30000001192092896,7364.0,0.6162177879258953,0.04053668882491311,0.15581593289549095,13.921517288496863,0.3491486610641601,11469.0,0.5713832378387451,0.0,0.0,inf,0.90941817189211,4915.0,0.0,0.0556653114858835,0.19617104373876992,12.544153564110047,0.1405541051174309,7905.0,0.5713832378387451,0.0,0.0,inf,0.932497688553762,3012.0,0.0
socofing:000030:left_index,irregular,0.4000000059604645,5824.0,0.5115263773149983,0.031660316536408016,0.13789289771206867,14.994847474228695,0.39717010454749996,9830.0,0.5548992604017258,0.0,0.0,inf,0.9045361511054837,6554.0,0.0,0.046019504236937264,0.17747619658186556,13.370580642489099,0.16952293155857492,6280.0,0.5548992604017258,0.0,0.0,inf,0.93653331056994,3528.0,0.0
socofing:000030:left_middle,irregular,0.5,5694.0,0.27720044307332176,0.03273562814110189,0.13847211525899183,14.849793212885823,0.3433187286460244,8192.0,0.6329263150691986,0.0,0.0,inf,0.9516474918621245,8192.0,0.0,0.041109563575991825,0.1660039560203977,13.860571337169645,0.20172523083763672,6198.0,0.6329263150691986,0.0,0.0,inf,0.9519264423658647,4123.0,0.0
socofing:000030:left_ring,irregular,0.6000000238418579,3721.0,0.2657175090194504,0.02436107284696952,0.11382368510957895,16.13303589550699,0.4938595799687102,6554.0,0.6419273018836975,0.0,0.0,inf,0.9568927999409179,9830.0,0.0,0.036007982552703016,0.1510256427423476,14.436012105024435,0.289233097945835,3993.0,0.6419273018836975,0.0,0.0,inf,0.9625800731051245,5078.0,0.0
socofing:000030:left_little,irregular,0.699999988079071,2299.0,0.4866486904427362,0.02818483452918601,0.11904962625835823,15.499845105430087,0.4983815037225891,4915.0,0.656244620680809,0.0,0.0,inf,0.9502827781491762,11469.0,0.0,0.050433322316235894,0.18079235464857335,12.972824215675626,0.21517526077861776,2565.0,0.656244620680809,0.0,0.0,inf,0.9748479555859988,5534.0,0.0
socofing:000030:right_thumb,irregular,0.800000011920929,1871.0,0.06431691081391286,0.031606583281699005,0.12264228433223943,15.00222449497506,0.5216584068386558,3277.0,0.7254962250590324,0.0,0.0,inf,0.9808933616083088,13107.0,0.0,0.04917306786003662,0.1727627486670981,13.082726956528498,0.2882928031054131,2001.0,0.7254962250590324,0.0,0.0,inf,0.9783277849315452,10324.0,0.0
socofing:000030:right_index,central_missing,0.10000000149011612,7868.0,0.5084385645121833,0.07973182956249504,0.22609179915751537,10.98368270275393,0.3494558047162998,14746.0,0.8484389781951904,0.0,0.0,inf,0.8947716135436377,1638.0,0.0,0.1148657587898601,0.2973050960609421,9.398094141739225,0.09444919739970874,9506.0,0.8484389781951904,0.0,0.0,inf,0.9179303647457162,128.0,0.0
socofing:000030:right_middle,central_missing,0.20000000298023224,10198.0,0.516913607567968,0.04662105111302384,0.17063040376599714,13.314179391500613,0.21622219917821378,13107.0,0.7006876990199089,0.0,0.0,inf,0.9388016234580883,3277.0,0.0,0.05454726071764691,0.19249166992792022,12.632270541513712,0.09184478525625527,10900.0,0.7006876990199089,0.0,0.0,inf,0.9437511373951407,745.0,0.0
socofing:000030:right_ring,central_missing,0.30000001192092896,8015.0,0.4709978596151781,0.03135341674789091,0.13502119171041507,15.037151248843239,0.32632407673913677,11469.0,0.6415034234523773,0.0,0.0,inf,0.9616961327170795,4915.0,0.0,0.039566900009469046,0.15864196667844574,14.026679745386355,0.15646546372358242,8870.0,0.6415034234523773,0.0,0.0,inf,0.9445181515452782,1200.0,0.0
socofing:000030:right_little,central_missing,0.4000000059604645,5563.0,0.5343019760731151,0.030123748521536597,0.14026336335972148,15.210909866239025,0.3406152536367678,9830.0,0.5546145737171173,0.0,0.0,inf,0.9611908571936381,6554.0,0.0,0.037632455383271125,0.16225772704676664,14.244374445922595,0.146866396519146,6788.0,0.5546145737171173,0.0,0.0,inf,0.9432890539022308,1163.0,0.0
socofing:000032:left_thumb,central_missing,0.5,8097.0,0.4972245270803003,0.0725654917715503,0.22573018831860736,11.392698572072293,0.06714166901812949,8192.0,0.6402315460145473,0.0,0.0,inf,0.980798854373059,8192.0,0.0,0.0725654917715503,0.22573018831860736,11.392698572072293,0.06714166901812949,8192.0,0.6402315460145473,0.0,0.0,inf,0.949892462847617,2999.0,0.0
socofing:000032:left_index,central_missing,0.6000000238418579,6047.0,0.2888298798647837,0.0566405225396358,0.1892947444099982,12.468727486969316,0.11275050003790064,6554.0,0.7444792687892914,0.0,0.0,inf,0.9876469704046471,9830.0,0.0,0.05926234296134101,0.19691873211065436,12.272211825038397,0.08358833745186874,6259.0,0.7444792687892914,0.0,0.0,inf,0.9768003609664637,3680.0,0.0
socofing:000032:left_middle,central_missing,0.699999988079071,4190.0,0.22151190791633962,0.06133335185179934,0.1996288894909687,12.123033005829566,0.19100998760034296,4915.0,0.6354510635137558,0.0,0.0,inf,0.9882735704168749,11469.0,0.0,0.07079318370825746,0.22336481050517637,11.500085561577,0.09031624882740988,4224.0,0.6354510635137558,0.0,0.0,inf,0.9860484412444476,4209.0,0.0
socofing:000032:left_ring,central_missing,0.800000011920929,3070.0,0.12307168605217263,0.04456825045932591,0.1714641722030017,13.509744139455453,0.12168286888632393,3277.0,0.5590943992137909,0.0,0.0,inf,0.9912725566529844,13107.0,0.0,0.046789677646885526,0.17803321604903433,13.298499468287876,0.09160108335311284,3111.0,0.5590943992137909,0.0,0.0,inf,0.9875527786851184,4863.0,0.0
socofing:000032:left_little,peripheral_only,0.10000000149011612,6039.0,0.2927771554509638,0.055602299640803265,0.19266764840230377,12.549072461758922,0.4341356925135823,14746.0,0.7883051484823227,0.0,0.0,inf,0.6101171548176973,1638.0,0.0,0.09015499155249557,0.25299795856912416,10.450102229771625,0.09285166820457563,6338.0,0.7883051484823227,0.0,0.0,inf,0.8643862204014088,631.0,0.0
socofing:000032:right_thumb,peripheral_only,0.20000000298023224,8928.0,0.389684630909047,0.06116835563429821,0.190323612048784,12.134731943190912,0.2827559204662407,13107.0,0.8457860313355923,0.0,0.0,inf,0.9390423712961008,3277.0,0.0,0.07610478213488338,0.2305436580756216,11.185880529595273,0.10455289119434819,9434.0,0.8048494453541934,0.0,0.0,inf,0.9402876507509066,3025.0,0.0
socofing:000032:right_index,peripheral_only,0.30000001192092896,6672.0,0.27484002399640467,0.05208327697800284,0.1698590448035736,12.833016986201377,0.3880652049746517,11469.0,0.7326396107673645,0.0,0.0,inf,0.9047603700751877,4915.0,0.0,0.08097347989056702,0.23551391186421844,10.91657196220969,0.11095385495120097,6948.0,0.7326396107673645,0.0,0.0,inf,0.9453586785756144,3380.0,0.0
socofing:000032:right_middle,peripheral_only,0.4000000059604645,5798.0,0.28247904383687805,0.04706189845150675,0.15862624931546157,13.273305576023342,0.40212121330888484,9830.0,0.761235173791647,0.0,0.0,inf,0.9509698735810594,6554.0,0.0,0.07312023043862274,0.22329657799696992,11.359624485917227,0.12064159750058785,6001.0,0.761235173791647,0.0,0.0,inf,0.9611850036011454,4197.0,0.0
socofing:000032:right_ring,peripheral_only,0.5,4598.0,0.17507626903341833,0.03874967229604513,0.14488057836359758,14.117319659478927,0.4174460955587477,8192.0,0.756634071469307,0.0,0.0,inf,0.9596646128748973,8192.0,0.0,0.057247960500574596,0.19440625737912373,12.422399807631614,0.15211092425407188,4803.0,0.756634071469307,0.0,0.0,inf,0.9565548656504498,4664.0,0.0
socofing:000032:right_little,peripheral_only,0.6000000238418579,3081.0,0.16853537914554018,0.033567972701728795,0.1311723592442875,14.74074886664961,0.4949055507094745,6554.0,0.7754050642251968,0.0,0.0,inf,0.9434385963184166,9830.0,0.0,0.06018197004081414,0.2011079889284067,12.205335998486635,0.18962865849069738,3261.0,0.7754050642251968,0.0,0.0,inf,0.9695757065064478,4436.0,0.0
socofing:000039:left_thumb,peripheral_only,0.699999988079071,2733.0,0.2111695491246532,0.05195405666176214,0.1661532156687658,12.84380536325575,0.452014232312323,4915.0,0.6455300748348236,0.0,0.0,inf,0.9852931320365647,11469.0,0.0,0.08727477024276821,0.25999868794100567,10.591112858243454,0.1388712776105269,2823.0,0.6455300748348236,0.0,0.0,inf,0.9882418927355866,8856.0,0.0
socofing:000039:left_index,peripheral_only,0.800000011920929,2084.0,0.36207777839674316,0.05274899324080172,0.173142049982115,12.777858248290725,0.39140050382294467,3277.0,0.62760329246521,0.0,0.0,inf,0.9918295762141062,13107.0,0.0,0.07810003452323379,0.24371645341581133,11.073487741477111,0.12673504319582057,2098.0,0.62760329246521,0.0,0.0,inf,0.9903203380456271,8254.0,0.0
socofing:000039:left_middle,central_only,0.10000000149011612,9870.0,0.7786378368539297,0.04679133384193408,0.1659238061783465,13.298345745570163,0.3172360471396369,14746.0,0.7469158694148064,0.0,0.0,inf,0.9760149001707326,1638.0,0.0,0.06193285133113951,0.20178695471737157,12.080789250142614,0.1055602949328369,10076.0,0.7469158694148064,0.0,0.0,inf,0.9760149001707326,1638.0,0.0
socofing:000039:left_ring,central_only,0.20000000298023224,7749.0,0.5815850261643503,0.04005310392619333,0.15383707505679312,13.973638225064818,0.3847972359194212,13107.0,0.7205790132284164,0.0,0.0,inf,0.9810821432930358,3277.0,0.0,0.057256860680470964,0.19511710415354797,12.421724674657323,0.12133217394981557,7875.0,0.7205790132284164,0.0,0.0,inf,0.9810821432930358,3277.0,0.0
socofing:000039:left_little,central_only,0.30000001192092896,3454.0,0.5533757019985699,0.03523881340005735,0.15713055202816542,14.529787240535104,0.6067570667879101,11469.0,0.6428681537508965,0.0,0.0,inf,0.9574978539018655,4915.0,0.0,0.072014247043128,0.23351964670045128,11.425815757892074,0.13025594111899733,3477.0,0.6363536044955254,0.0,0.0,inf,0.9834561216978138,4688.0,0.0
socofing:000039:right_thumb,central_only,0.4000000059604645,5924.0,0.38499648357706434,0.07116007851529324,0.18962699814897602,11.477635814040234,0.3894800508805505,9830.0,0.9070975775830448,0.0,0.0,inf,0.9850685484806119,6554.0,0.0,0.10762136320555998,0.26010532430307653,9.681015111846854,0.148735038413345,6045.0,0.9070975775830448,0.0,0.0,inf,0.9850685484806119,6554.0,0.0
socofing:000039:right_index,central_only,0.5,3836.0,0.2288479027750838,0.046551425117389494,0.15069997276913227,13.320670190619197,0.523366126170096,8192.0,0.8261102363467216,0.0,0.0,inf,0.9837655811168532,8192.0,0.0,0.08303825458040574,0.22906078031136345,10.807217880368626,0.2083354203069027,3905.0,0.8261102363467216,0.0,0.0,inf,0.9837655811168532,8192.0,0.0
socofing:000039:right_middle,central_only,0.6000000238418579,2526.0,0.33930897143831235,0.025535656870856734,0.109613597213919,15.928529660160304,0.5960157746818271,6554.0,0.7337440839037299,0.0,0.0,inf,0.9874474484915496,9830.0,0.0,0.036700690202573966,0.14919155804750087,14.353257682179201,0.3146119285160476,2544.0,0.6937302350997925,0.0,0.0,inf,0.9876172988863895,9813.0,0.0
socofing:000039:right_ring,central_only,0.699999988079071,763.0,0.637827104733177,0.015303702499319012,0.08243364023569581,18.15203485489905,0.7534935710724217,4915.0,0.6479105278849602,0.0,0.0,inf,0.9819488925834478,11469.0,0.0,0.05568472164438887,0.20064938217826442,12.542639469398056,0.26207259241566633,789.0,0.6479105278849602,0.0,0.0,inf,0.9948011270474145,9632.0,0.0
socofing:000039:right_little,central_only,0.800000011920929,388.0,0.33357192003612723,0.015655517591097408,0.07478784726347762,18.053325694880385,0.7603629252646641,3277.0,0.6528541892766953,0.0,0.0,inf,0.9895940962646221,13107.0,0.0,0.06192585399943389,0.2080563406770428,12.081279954860207,0.3016121778844603,420.0,0.6143530532717705,0.0,0.0,inf,0.9977627308694214,9758.0,0.0
socofing:000052:left_thumb,disconnected_fragments,0.10000000149011612,10081.0,0.6524167959856775,0.03686963974108082,0.14778925365279913,14.333311059313134,0.26120018203373546,14746.0,0.6533938348293304,0.0,0.0,inf,0.8929500606865204,1638.0,0.0,0.045190760703237874,0.17084012505814103,13.44950348059416,0.09457619650745493,10542.0,0.6533938348293304,0.0,0.0,inf,0.908828893933968,1494.0,0.0
socofing:000052:left_index,disconnected_fragments,0.20000000298023224,8812.0,0.3429493565153541,0.040491098934508134,0.15584225693756396,13.92640436254152,0.2809480240172307,13107.0,0.6304323375225067,0.0,0.0,inf,0.9392045442696043,3277.0,0.0,0.05284350052962407,0.18845274956730007,12.770084209904251,0.09320968293919973,9174.0,0.6304323375225067,0.0,0.0,inf,0.9434510856781785,2876.0,0.0
socofing:000052:left_middle,disconnected_fragments,0.30000001192092896,7412.0,0.35482829085786227,0.030858137896732432,0.13461006379697096,15.106302845455042,0.3541615994995326,11469.0,0.5966148376464844,0.0,0.0,inf,0.9658800129396314,4915.0,0.0,0.040396001198265315,0.16181172103946992,13.936616235894114,0.16895485495346466,7538.0,0.5966148376464844,0.0,0.0,inf,0.9679493080545505,4841.0,0.0
socofing:000052:left_ring,disconnected_fragments,0.4000000059604645,6752.0,0.24639922036056983,0.038656255994107304,0.14602197724132063,14.12780211348311,0.3312843812587716,9830.0,0.6131438314914703,0.0,0.0,inf,0.974119734723438,6554.0,0.0,0.04778477351525767,0.17364947017757457,13.20710468069098,0.1675392579043116,7024.0,0.6131438314914703,0.0,0.0,inf,0.9789598474182399,5322.0,0.0
socofing:000052:left_little,disconnected_fragments,0.5,5818.0,0.3309373436884745,0.044454277398193465,0.15676024262575083,13.52086444793706,0.30047604304177145,8192.0,0.6483082473278046,0.0,0.0,inf,0.9782106354482423,8192.0,0.0,0.05656681314174871,0.1912931481734083,12.47438287830905,0.13653850755454278,5966.0,0.6330659836530685,0.0,0.0,inf,0.9795237930629376,5955.0,0.0
socofing:000052:right_thumb,disconnected_fragments,0.6000000238418579,4223.0,0.4640109712860394,0.10666271864988883,0.23390510308717968,9.719873510900644,0.2638506044642642,6554.0,0.9561877250671387,0.0,0.0,inf,0.9791174996450991,9830.0,0.0,0.13855764802018908,0.2876632757168259,8.58369497299324,0.09197441357233783,4347.0,0.9561877250671387,0.0,0.0,inf,0.9798153822926416,8587.0,0.0
socofing:000052:right_index,disconnected_fragments,0.699999988079071,1945.0,0.1915859957677204,0.028384164031423888,0.10911157462141445,15.469238920634039,0.5643953862928055,4915.0,0.7196946069598198,0.0,0.0,inf,0.9902655341719956,11469.0,0.0,0.047586836883319154,0.16618228876551444,13.225131619752517,0.245632088001433,1963.0,0.7193270474672318,0.0,0.0,inf,0.9911930131054515,10063.0,0.0
socofing:000052:right_middle,disconnected_fragments,0.800000011920929,1139.0,0.2994788276860449,0.02839163870601028,0.1044894448291939,15.468095401814708,0.5781834405373708,3277.0,0.7387443035840988,0.0,0.0,inf,0.9911751405395937,13107.0,0.0,0.04244054098015712,0.1477708676829934,13.722190888800359,0.3270516003750329,1168.0,0.7387443035840988,0.0,0.0,inf,0.9919542009406787,11344.0,0.0
socofing:000052:right_ring,stripes,0.10000000149011612,10505.0,0.6690310314167767,0.041531032488182344,0.15845303287863263,13.816272719157329,0.2919417406371957,14746.0,0.6428640186786652,0.0,0.0,inf,0.9604967571435525,1638.0,0.0,0.049897526846963185,0.17917979939958967,13.019209794935332,0.13041836105735066,10886.0,0.6428640186786652,0.0,0.0,inf,0.9673335460699662,1262.0,0.0
socofing:000052:right_little,stripes,0.20000000298023224,8617.0,0.37510844178031416,0.019297772700017486,0.10356637382339974,17.144928132674437,0.3607442573384496,13107.0,0.7269009798765182,0.0,0.0,inf,0.9227499807970204,3277.0,0.0,0.02358003879598136,0.11732033720617928,16.274554847003543,0.17822203558024244,9379.0,0.7269009798765182,0.0,0.0,inf,0.9393771823171351,1694.0,0.0
socofing:000054:left_thumb,stripes,0.30000001192092896,8755.0,0.6736247761172035,0.09721893499611146,0.22963801952088195,10.122491407994874,0.21075776269496704,11469.0,0.9370667929761112,0.0,0.0,inf,0.9771015332694531,4915.0,0.0,0.11263156532736565,0.26312669783035203,9.483398801208137,0.07958072172447564,8917.0,0.9370667929761112,0.0,0.0,inf,0.9795361839461278,3391.0,0.0
socofing:000054:left_index,stripes,0.4000000059604645,6808.0,0.18507943305575525,0.03224231088765471,0.1320262344559751,14.915738387717113,0.3484647726369328,9830.0,0.8393302410840988,0.0,0.0,inf,0.9706278660747901,6554.0,0.0,0.042490806710153976,0.15878759532865655,13.717050235246875,0.1437455395383331,6876.0,0.8393302410840988,0.0,0.0,inf,0.9762987093474647,4255.0,0.0
socofing:000054:left_middle,stripes,0.5,5752.0,0.549026736792108,0.04548978368098196,0.15905364429090696,13.420861283795247,0.28222926708349527,8192.0,0.7270235270261765,0.0,0.0,inf,0.9765593585489367,8192.0,0.0,0.056548507951317196,0.19147285185044954,12.475788495724478,0.11859006223487539,6092.0,0.7270235270261765,0.0,0.0,inf,0.9781244568489167,5239.0,0.0
socofing:000054:left_ring,stripes,0.6000000238418579,4846.0,0.5924422877842004,0.042807986747982446,0.16059052009166178,13.68475196477807,0.2330584747022725,6554.0,0.6404008716344833,0.0,0.0,inf,0.9848628569412261,9830.0,0.0,0.05013663200456253,0.18378466603212631,12.998448437117062,0.12201082501174809,5426.0,0.6404008716344833,0.0,0.0,inf,0.9800706826798273,6382.0,0.0
socofing:000054:left_little,stripes,0.699999988079071,3053.0,0.09486626884765673,0.01682356419242027,0.0915153646244765,17.740819903977275,0.4484841752013037,4915.0,0.6508141122758389,0.0,0.0,inf,0.983846885025832,11469.0,0.0,0.025057370313110852,0.1161347600066565,16.01064508698237,0.19460223058454812,3075.0,0.6508141122758389,0.0,0.0,inf,0.9901416445658836,8366.0,0.0
socofing:000054:right_thumb,stripes,0.800000011920929,2233.0,0.6145398289876561,0.03435181371440613,0.12128723859087856,14.640503280261555,0.31498235970210076,3277.0,0.9008185854181647,0.0,0.0,inf,0.9950977355928825,13107.0,0.0,0.033871779982549984,0.1322005510070633,14.701619803176605,0.1862401000959037,2508.0,0.8205158109776676,0.0,0.0,inf,0.9950596045825383,10397.0,0.0
socofing:000054:right_index,severe_partial,0.10000000149011612,9754.0,0.3422322125795237,0.057017971783296935,0.18205241618480164,12.43988235272587,0.3182415195630777,14746.0,0.8076839409768581,0.0,0.0,inf,0.9451454598156735,1638.0,0.0,0.07648965930410069,0.22415754366436624,11.163972734832324,0.10168344755474933,10066.0,0.8076839409768581,0.0,0.0,inf,0.9451454598156735,1638.0,0.0
socofing:000054:right_middle,severe_partial,0.20000000298023224,8988.0,0.4393046978673114,0.0593734926813218,0.17765466026960242,12.264074026890777,0.28412535303383984,13107.0,0.8603580556809902,0.0,0.0,inf,0.9656731783865259,3277.0,0.0,0.07527819803229238,0.21164654449845058,11.233307853565492,0.09933030739971113,9388.0,0.8603580556809902,0.0,0.0,inf,0.966702119315609,3176.0,0.0
socofing:000054:right_ring,severe_partial,0.30000001192092896,6738.0,0.3376360105983126,0.04294361566344713,0.15435554934780057,13.671013926762711,0.38894004846762675,11469.0,0.762867446988821,0.0,0.0,inf,0.9734042087275815,4915.0,0.0,0.06176906003901137,0.2029629866272112,12.092290074202236,0.10468292543716776,6931.0,0.762867446988821,0.0,0.0,inf,0.9751092493181001,4268.0,0.0
socofing:000054:right_little,random_rectangles,0.10000000149011612,9729.0,0.623101093341934,0.058136391341589995,0.18993566995810615,12.355519293780095,0.273995840845581,14746.0,0.7701285406947136,0.0,0.0,inf,0.8631066079435152,1638.0,0.0,0.07175771781015552,0.2193750292433492,11.44131382090736,0.08237281618572222,10576.0,0.7701285406947136,0.0,0.0,inf,0.8240315362693453,332.0,0.0
socofing:000057:left_thumb,random_rectangles,0.20000000298023224,11322.0,0.5270782163118415,0.08565196425190139,0.2292077776268858,10.672626729322111,0.09866952634510272,13107.0,0.9413520656526089,0.0,0.0,inf,0.9429928745854063,3277.0,0.0,0.09084903544291563,0.24260503308946563,10.416796792975319,0.043635518571792514,11889.0,0.9413520656526089,0.0,0.0,inf,0.9209700799368948,718.0,0.0
socofing:000057:left_index,random_rectangles,0.30000001192092896,9199.0,0.49272273715288,0.06991207838205386,0.20046031036475026,11.554477867504051,0.19850121016457994,11469.0,0.8734757825732231,0.0,0.0,inf,0.9608096330179419,4915.0,0.0,0.08359936196162057,0.2310417109884294,10.777970371256348,0.06394441552647925,9460.0,0.8734757825732231,0.0,0.0,inf,0.9349126997601896,1876.0,0.0
socofing:000057:left_middle,random_rectangles,0.4000000059604645,8787.0,0.3937606582545746,0.05200899298680415,0.18079798493021768,12.839215550793899,0.1310438703928702,9830.0,0.8190000578761101,0.0,0.0,inf,0.9657704955062084,6554.0,0.0,0.05267659224612483,0.1858165184817543,12.783823281782436,0.10000228289019378,9240.0,0.8190000578761101,0.0,0.0,inf,0.9349019555078151,3294.0,0.0
socofing:000057:left_ring,random_rectangles,0.5,7560.0,0.4697700415911582,0.059000292932929466,0.19265833985832614,12.291458321063471,0.10196279256831706,8192.0,0.9159911852329969,0.0,0.0,inf,0.9762378260800453,8192.0,0.0,0.05987136176266149,0.19522178192141998,12.227808637971282,0.09147783987906039,8065.0,0.9159911852329969,0.0,0.0,inf,0.9594171386567619,4384.0,0.0
socofing:000057:left_little,random_rectangles,0.6000000238418579,5963.0,0.1114341226757411,0.051927278575957185,0.17710954839354315,12.846044374745544,0.16438850763398016,6554.0,0.749467596411705,0.0,0.0,inf,0.9782857206696556,9830.0,0.0,0.05447375426937315,0.18475523966456614,12.638126926121924,0.13068984855626978,6212.0,0.749467596411705,0.0,0.0,inf,0.965734427569041,5065.0,0.0
socofing:000057:right_thumb,random_rectangles,0.699999988079071,3814.0,0.5961786454996904,0.0630756590959889,0.19484344681313723,12.001382027167612,0.19013958964445718,4915.0,0.7743822857737541,0.0,0.0,inf,0.990196851497727,11469.0,0.0,0.06991894929569542,0.21433652737572964,11.554051066681357,0.10613313815912745,4432.0,0.7743822857737541,0.0,0.0,inf,0.9857797412378487,7587.0,0.0
socofing:000057:right_index,random_rectangles,0.800000011920929,2990.0,0.20815439432882263,0.0939421591081585,0.23280681054092783,10.271394624837967,0.14814325394684996,3277.0,0.8976578675210476,0.0,0.0,inf,0.9915077815514285,13107.0,0.0,0.09953582830802768,0.24564686874039157,10.02020565126752,0.10328813181137948,3092.0,0.8976578675210476,0.0,0.0,inf,0.989078619489791,8512.0,0.0
socofing:000057:right_middle,irregular,0.10000000149011612,9978.0,0.5389841532217412,0.05814143988059436,0.18389089840639114,12.355142170710355,0.24621480176886104,14746.0,0.9166641226038337,0.0,0.0,inf,0.8064867446419477,1638.0,0.0,0.0730685011312676,0.21722659244794223,11.36269801332709,0.05909646309457589,10544.0,0.8639736166223884,0.0,0.0,inf,0.8230808805591957,735.0,0.0
socofing:000057:right_ring,irregular,0.20000000298023224,9072.0,0.28931025874715455,0.04698929623130208,0.16500550251054927,13.280010594492948,0.27863456045963303,13107.0,0.7648773174732924,0.0,0.0,inf,0.8822209716726933,3277.0,0.0,0.059142132460375293,0.1956890979940349,12.281030203733538,0.10678601618413018,9777.0,0.7436563931405544,0.0,0.0,inf,0.889835043504071,2034.0,0.0
socofing:000057:right_little,irregular,0.30000001192092896,7241.0,0.18767374348264756,0.042731129663875426,0.15653145656656164,13.692556257809203,0.35467462042431275,11469.0,0.852056261152029,0.0,0.0,inf,0.9005164017366419,4915.0,0.0,0.05852834156050378,0.19556678354029067,12.32633781734548,0.14270056571042353,7827.0,0.852056261152029,0.0,0.0,inf,0.9063796437659338,3150.0,0.0
socofing:000061:left_thumb,irregular,0.4000000059604645,5155.0,0.17788321159946519,0.048880559565927975,0.16643474843809694,13.108638311001217,0.43549486237017615,9830.0,0.7250949665904045,0.0,0.0,inf,0.8758706003331143,6554.0,0.0,0.0783006633458393,0.23529748327851227,11.062345586800221,0.17626529306471272,5602.0,0.7250949665904045,0.0,0.0,inf,0.9218292724074283,3798.0,0.0
socofing:000061:left_index,irregular,0.5,4633.0,0.23897408383793678,0.040556059369986325,0.14791891400341228,13.919442498534993,0.459205217350241,8192.0,0.7193537801504135,0.0,0.0,inf,0.9361097598987298,8192.0,0.0,0.066909544438707,0.21617182847568062,11.745119270542002,0.17651305362336048,4742.0,0.7193537801504135,0.0,0.0,inf,0.9661566800774225,5483.0,0.0
socofing:000061:left_middle,irregular,0.6000000238418579,3643.0,0.17662425940362217,0.03847734091379241,0.1437111553871168,14.1479494875402,0.4708356810420946,6554.0,0.7290209233760834,0.0,0.0,inf,0.943839994560147,9830.0,0.0,0.0627375184043787,0.20907484182549396,12.024726639073133,0.22075684981458427,3763.0,0.7290209233760834,0.0,0.0,inf,0.966513811959535,5475.0,0.0
socofing:000061:left_ring,irregular,0.699999988079071,2118.0,0.06718083988541701,0.02601644643571279,0.1155227749038105,15.847520236374145,0.5706284174553216,4915.0,0.8053814917802811,0.0,0.0,inf,0.9493033361344733,11469.0,0.0,0.04963618436587684,0.1822138885930945,13.042016109874835,0.28594910873813356,2144.0,0.8053814917802811,0.0,0.0,inf,0.9646872364734342,5472.0,0.0
socofing:000061:left_little,irregular,0.800000011920929,1049.0,0.1834974917806438,0.02756235232710768,0.11051443241380876,15.596837200341296,0.6422365218750428,3277.0,0.7162080965936184,0.0,0.0,inf,0.9743937162756535,13107.0,0.0,0.06873100372624404,0.21811166541413107,11.628473137428221,0.28332537335670394,1222.0,0.7162080965936184,0.0,0.0,inf,0.9863894098275195,7326.0,0.0
socofing:000061:right_thumb,central_missing,0.10000000149011612,10137.0,0.8595893953835527,0.0761192304795561,0.21572944325060572,11.185056108234273,0.2340866791805839,14746.0,0.8910289984196424,0.0,0.0,inf,0.873750342995022,1638.0,0.0,0.09591563964708229,0.2561542228902104,10.1811057261411,0.05789828084538583,11148.0,0.8910289984196424,0.0,0.0,inf,0.8836379711000745,94.0,0.0
socofing:000061:right_index,central_missing,0.20000000298023224,9772.0,0.503012728475971,0.06565042723343228,0.1982155819439129,11.827624433061334,0.2361293821512398,13107.0,0.9107232093811035,0.0,0.0,inf,0.9348170569965922,3277.0,0.0,0.0794962581051041,0.22897059895217495,10.996533131366238,0.10060186432785431,10509.0,0.9107232093811035,0.0,0.0,inf,0.8850463288086929,650.0,0.0
socofing:000061:right_middle,central_missing,0.30000001192092896,8549.0,0.6993210507589166,0.0909289492782034,0.24131175035041397,10.412978273369403,0.24516585473054447,11469.0,0.8784392466768622,0.0,0.0,inf,0.9543000736962961,4915.0,0.0,0.11524133266181037,0.2922400696011668,9.38391728139594,0.07610963079660868,8917.0,0.8784392466768622,0.0,0.0,inf,0.9446712171918042,1092.0,0.0
socofing:000061:right_ring,central_missing,0.4000000059604645,8007.0,0.3513826004117638,0.06700296959700199,0.2037222716071011,11.739059487766143,0.21995041421491449,9830.0,0.8129801079630852,0.0,0.0,inf,0.9760017651332962,6554.0,0.0,0.08027812983044917,0.23513562852990513,10.954027534463442,0.09242745388081744,8123.0,0.8129801079630852,0.0,0.0,inf,0.9643654662331711,1385.0,0.0
socofing:000061:right_little,central_missing,0.5,4650.0,0.5566901211125396,0.06926850176797605,0.20874601429903805,11.594642057648848,0.32674338395089664,8192.0,0.8256342262029648,0.0,0.0,inf,0.9771956584940931,8192.0,0.0,0.08131406043486211,0.2373450453432919,10.898343518068987,0.10282930948708359,4685.0,0.8256342262029648,0.0,0.0,inf,0.9741031241152893,2257.0,0.0
socofing:000064:left_thumb,central_missing,0.6000000238418579,6351.0,0.5066929485163828,0.08273037963358017,0.24442151757512784,10.823349827753601,0.056293485627755185,6554.0,0.8478280827403069,0.0,0.0,inf,0.9870049749903111,9830.0,0.0,0.08273037963358017,0.24442151757512784,10.823349827753601,0.056293485627755185,6554.0,0.8478280827403069,0.0,0.0,inf,0.9775380524274236,5687.0,0.0
socofing:000064:left_index,central_missing,0.699999988079071,4775.0,0.9693553667210411,0.09286302927256188,0.25518634246192334,10.321571533760732,0.06090016525350616,4915.0,0.8260322771966457,0.0,0.0,inf,0.9865887347916223,11469.0,0.0,0.09286302927256188,0.25518634246192334,10.321571533760732,0.06090016525350616,4915.0,0.8260322771966457,0.0,0.0,inf,0.9691920207290338,4914.0,0.0
socofing:000064:left_middle,central_missing,0.800000011920929,3192.0,0.5970353461691971,0.07610430191259823,0.22663835880309935,11.185907933726877,0.07686043159670958,3277.0,0.7621996849775314,0.0,0.0,inf,0.9944498736700208,13107.0,0.0,0.07610430191259823,0.22663835880309935,11.185907933726877,0.07686043159670958,3277.0,0.7621996849775314,0.0,0.0,inf,0.9912827434623083,8345.0,0.0
socofing:000064:left_ring,peripheral_only,0.10000000149011612,8402.0,0.3222989754938885,0.05415316701576628,0.18157719451856164,12.66376139643432,0.3663747865707093,14746.0,0.809250651858747,0.0,0.0,inf,0.8130250130534555,1638.0,0.0,0.0776285882819804,0.23272061307069322,11.099783116456862,0.08343970152435441,8568.0,0.7897361516952515,0.0,0.0,inf,0.9090252283968339,1010.0,0.0
socofing:000064:left_little,peripheral_only,0.20000000298023224,5523.0,0.5075783460918444,0.05088901620482821,0.18541943686158419,12.933759449008125,0.4346383924906593,13107.0,0.6931535564363003,0.0,0.0,inf,0.7679175044701755,3277.0,0.0,0.08915733865228953,0.2609517111874379,10.498429036942154,0.0741732529057442,5762.0,0.6931535564363003,0.0,0.0,inf,0.9229382503837158,986.0,0.0
socofing:000064:right_thumb,peripheral_only,0.30000001192092896,8056.0,0.4252831614229676,0.059116520527735326,0.18135327674695836,12.282911355075834,0.26012656198679307,11469.0,0.9109297385439277,0.0,0.0,inf,0.966020625807575,4915.0,0.0,0.07096279820942851,0.2149333022806847,11.489692677119297,0.09286203233257476,8423.0,0.9101810436695814,0.0,0.0,inf,0.9645380127800025,4258.0,0.0
socofing:000064:right_index,peripheral_only,0.4000000059604645,6341.0,0.4264424631573875,0.05828096426667738,0.17915817203070297,12.344732713798665,0.3378800581227595,9830.0,0.833942114841193,0.0,0.0,inf,0.9640874292188537,6554.0,0.0,0.07777543779128691,0.23317200358371665,11.091575356058868,0.11726284041444766,6472.0,0.7822098694741726,0.0,0.0,inf,0.9705047487925257,5475.0,0.0
socofing:000064:right_middle,peripheral_only,0.5,5158.0,0.17795992840471567,0.05161717216394657,0.16564856000724149,12.872057918733992,0.3831935774282953,8192.0,0.8028469607234001,0.0,0.0,inf,0.9728371401534786,8192.0,0.0,0.0743275630707613,0.2259937615433366,11.288501058930091,0.12361274660006097,5242.0,0.8028469607234001,0.0,0.0,inf,0.9720747896712235,5329.0,0.0
socofing:000064:right_ring,peripheral_only,0.6000000238418579,3935.0,0.38027467358183525,0.04607798568370999,0.15700743607342582,13.365065145147604,0.40847966311946565,6554.0,0.7629759460687637,0.0,0.0,inf,0.9799049201262783,9830.0,0.0,0.06952415907852662,0.22156803588026733,11.578642553910125,0.12662196897243677,4087.0,0.7629759460687637,0.0,0.0,inf,0.9785915833805496,6822.0,0.0
socofing:000064:right_little,peripheral_only,0.699999988079071,2929.0,0.10203876590404654,0.04232177085737029,0.1410127538419305,13.73436168536815,0.4565000958336672,4915.0,0.7537579387426376,0.0,0.0,inf,0.9867109321557104,11469.0,0.0,0.06711587170304507,0.20728618706365748,11.731747648093707,0.17548715445461266,3009.0,0.7537579387426376,0.0,0.0,inf,0.9858874232492315,8052.0,0.0
socofing:000066:left_thumb,peripheral_only,0.800000011920929,1637.0,0.09108215122102709,0.04803214845021508,0.15092592398477744,13.184679871856241,0.5356067856322403,3277.0,0.7407499477267265,0.0,0.0,inf,0.9887221786820338,13107.0,0.0,0.08931042128820953,0.25957471719552544,10.490978620084515,0.19164603553169252,1653.0,0.585319310426712,0.0,0.0,inf,0.9910342988807038,9893.0,0.0
socofing:000066:left_index,central_only,0.10000000149011612,9694.0,0.3934497789449833,0.05680814754690264,0.18458381353324982,12.455893723716612,0.3204341165656014,14746.0,0.7994689336046576,0.0,0.0,inf,0.9752442419459547,1638.0,0.0,0.07567869813301922,0.22479154560731018,11.210263475167947,0.09757073292447545,9859.0,0.7994689336046576,0.0,0.0,inf,0.9752442419459547,1638.0,0.0
socofing:000066:left_middle,central_only,0.20000000298023224,8387.0,0.6405133358949007,0.06995964476355578,0.19778590604214252,11.551524044194787,0.3220202684631005,13107.0,0.9177389144897461,0.0,0.0,inf,0.9792337079069823,3277.0,0.0,0.09016621193750965,0.24129452886079972,10.449561755195322,0.1156894621460646,8529.0,0.9007300133816898,0.0,0.0,inf,0.9792337079069823,3277.0,0.0
socofing:000066:left_ring,central_only,0.30000001192092896,6474.0,0.14042781762479334,0.044458399016110754,0.15961791721064386,13.520461806605933,0.41815816421422064,11469.0,0.6718720495700836,0.0,0.0,inf,0.984373230005675,4915.0,0.0,0.06019341824869136,0.19348315022754936,12.204509933691432,0.19225695898779926,6519.0,0.6718720495700836,0.0,0.0,inf,0.984373230005675,4915.0,0.0
socofing:000066:left_little,central_only,0.4000000059604645,2873.0,1.0115132355312118,0.032497861284858445,0.14195258372869732,14.881452194133512,0.5759884642659373,9830.0,0.7444204390048981,0.0,0.0,inf,0.9471698695479592,6554.0,0.0,0.06616147999369444,0.21499989615394274,11.793947884327514,0.12415395121679372,2978.0,0.7444204390048981,0.0,0.0,inf,0.9878224701516527,5176.0,0.0
socofing:000066:right_thumb,central_only,0.5,3785.0,0.48402580229089465,0.05309910500696586,0.1560356245802268,12.74912798952651,0.47984395404974167,8192.0,0.9147772779688239,0.0,0.0,inf,0.9879451271747883,8192.0,0.0,0.08826274708420107,0.23491934502389233,10.54222559724272,0.19493489697316083,3981.0,0.9147772779688239,0.0,0.0,inf,0.9879451271747883,8192.0,0.0
socofing:000066:right_index,central_only,0.6000000238418579,1486.0,0.4111438532117128,0.025286992005735774,0.11055877390833442,15.971028287420207,0.6648552555941124,6554.0,0.7341533899307251,0.0,0.0,inf,0.9745202799987178,9830.0,0.0,0.06779332480898749,0.22787614127906217,11.688130663297061,0.22640238896869516,1535.0,0.5931394696235657,0.0,0.0,inf,0.9907651828899403,9100.0,0.0
socofing:000066:right_middle,central_only,0.699999988079071,1147.0,0.8460059644649591,0.02999521308332081,0.10908258572004789,15.229480485262691,0.6643750055313233,4915.0,0.7932388707995415,0.0,0.0,inf,0.9891587697063313,11469.0,0.0,0.08243428621624092,0.247544308238344,10.838921181877604,0.18908090642532238,1192.0,0.7573654646985233,0.0,0.0,inf,0.9939959421166661,10467.0,0.0
socofing:000066:right_ring,central_only,0.800000011920929,268.0,0.004849817409757184,0.00442242598368345,0.04681958307716444,23.543394269647276,0.8627562265967986,3277.0,0.6163936108350754,0.0,0.0,inf,0.9920411737588353,13107.0,0.0,0.018277195645611883,0.09891641324328393,17.380904392951024,0.6734068244379366,291.0,0.6163936108350754,0.0,0.0,inf,0.997396250265433,11572.0,0.0
socofing:000066:right_little,disconnected_fragments,0.10000000149011612,8655.0,0.23793863994198564,0.052374760751931974,0.17989856067515766,12.808779478796449,0.35193470896588047,14746.0,0.7536739073693752,0.0,0.0,inf,0.8765348641653433,1638.0,0.0,0.07308936091878376,0.2220388982031023,11.361458354981465,0.09777507182190054,8983.0,0.7536739073693752,0.0,0.0,inf,0.9147373678405556,981.0,0.0
socofing:000068:left_thumb,disconnected_fragments,0.20000000298023224,9397.0,0.3348786612013994,0.06280647852349693,0.18633129733497453,12.019955562327231,0.2339468449051906,13107.0,0.8607648573815823,0.0,0.0,inf,0.9598122473124889,3277.0,0.0,0.07346417531581695,0.21379951570884112,11.339243922840975,0.08324630558232973,9562.0,0.8607648573815823,0.0,0.0,inf,0.959061724395052,3056.0,0.0
socofing:000068:left_index,disconnected_fragments,0.30000001192092896,7470.0,0.4391336691470171,0.06039122910714002,0.17801124616559766,12.190261313617686,0.3307137215113098,11469.0,0.8934427462518215,0.0,0.0,inf,0.9598105856201774,4915.0,0.0,0.08062457325320065,0.22338322433317742,10.935325710763113,0.12807772869373768,7730.0,0.8934427462518215,0.0,0.0,inf,0.9656829644207864,4552.0,0.0
socofing:000068:left_middle,disconnected_fragments,0.4000000059604645,6920.0,0.8624448999565566,0.09395565792828953,0.22127665155278262,10.270770619386742,0.22730217376945813,9830.0,0.9500187039375305,0.0,0.0,inf,0.9835107758279293,6554.0,0.0,0.1021467203704822,0.24888819691076502,9.90775572720887,0.09830049911837849,7141.0,0.9243182530626655,0.0,0.0,inf,0.9851054771827581,5521.0,0.0
socofing:000068:left_ring,disconnected_fragments,0.5,3007.0,0.19065371956975724,0.029780273510399663,0.1258209692613832,15.260713178829748,0.5190024791283512,8192.0,0.7958056293427944,0.0,0.0,inf,0.9714047873570526,8192.0,0.0,0.04563432528311593,0.1652516079442336,13.407083662576646,0.2177210068239343,3342.0,0.7834549508988857,0.0,0.0,inf,0.9804117937152493,7549.0,0.0
socofing:000068:left_little,disconnected_fragments,0.6000000238418579,2761.0,0.3330147988591858,0.07199726595764554,0.1824022191483584,11.426839952639048,0.4237631310183432,6554.0,0.7810443043708801,0.0,0.0,inf,0.9834036990696124,9830.0,0.0,0.10764669181100374,0.23758999351678953,9.679993123365707,0.19990373286185764,3315.0,0.7810443043708801,0.0,0.0,inf,0.9848907377738778,6939.0,0.0
socofing:000068:right_thumb,disconnected_fragments,0.699999988079071,3013.0,0.7366708418426416,0.09089137189461911,0.21303205377292475,10.414773413809382,0.25400034742064703,4915.0,0.9312457423657179,0.0,0.0,inf,0.9922424232614724,11469.0,0.0,0.11247222294881598,0.2628977981625268,9.489547211932418,0.10795049946816282,3250.0,0.914679167792201,0.0,0.0,inf,0.991701949782217,9499.0,0.0
socofing:000068:right_index,disconnected_fragments,0.800000011920929,1104.0,0.5088974203792138,0.02317732780995443,0.09268795499998166,16.349366367196506,0.6354249668782612,3277.0,0.7494997307658195,0.0,0.0,inf,0.9960365421542371,13107.0,0.0,0.04397435878836841,0.1639017757741459,13.568004844845685,0.27390102268345423,1178.0,0.7197382971644402,0.0,0.0,inf,0.9961030684437153,11043.0,0.0
socofing:000068:right_middle,stripes,0.10000000149011612,10733.0,0.4097952799824131,0.05158846524803607,0.17261224302363318,12.874473921542862,0.23892255820340713,14746.0,0.8810952296480536,0.0,0.0,inf,0.9457869636917366,1638.0,0.0,0.06364357951399206,0.2021417595662908,11.962454022583744,0.06992006138969196,11255.0,0.8810952296480536,0.0,0.0,inf,0.9417442622134258,1181.0,0.0
socofing:000068:right_ring,stripes,0.20000000298023224,9364.0,0.3174029267357404,0.04783487443817866,0.16427900791607336,13.202553616799886,0.2673351896376651,13107.0,0.8473008833825588,0.0,0.0,inf,0.9656255382346032,3277.0,0.0,0.060954179059769645,0.19514342141206015,12.149965135012312,0.07377961911848004,9725.0,0.8473008833825588,0.0,0.0,inf,0.9676602236915756,2593.0,0.0
socofing:000068:right_little,stripes,0.30000001192092896,6750.0,0.35130238061888197,0.04045827421469544,0.1530398761705217,13.929926464050506,0.38811492474454307,11469.0,0.8631936889141798,0.0,0.0,inf,0.9744500811249266,4915.0,0.0,0.05896261164691632,0.19787879780671783,12.294232883999408,0.09777583850822465,7214.0,0.8631936889141798,0.0,0.0,inf,0.9771634692808193,3458.0,0.0
socofing:000077:left_thumb,stripes,0.4000000059604645,7767.0,0.300030222950589,0.07500469175231367,0.2111419955345244,11.249115694294984,0.17053475009272667,9830.0,0.8358886167407036,0.0,0.0,inf,0.9750254206377513,6554.0,0.0,0.08565649610053976,0.237678813170468,10.672396950027746,0.06366817492434847,8258.0,0.8158983550965786,0.0,0.0,inf,0.9682651689262832,4375.0,0.0
socofing:000077:left_index,stripes,0.5,5762.0,0.35583925439404807,0.05705685591386524,0.17764953844368847,12.436921635741351,0.2977707305308846,8192.0,0.8321908707730472,0.0,0.0,inf,0.9751880501309258,8192.0,0.0,0.07463564779316115,0.22548990288948156,11.270536934111107,0.09123734087945448,5846.0,0.8085004054009914,0.0,0.0,inf,0.9837027080988242,5913.0,0.0
socofing:000077:left_middle,stripes,0.6000000238418579,5125.0,0.5494968885125884,0.0690231082107416,0.20026633258412205,11.610054876933336,0.22273522139309584,6554.0,0.8247377797961235,0.0,0.0,inf,0.9907566068628886,9830.0,0.0,0.0814148034940337,0.23480392648696216,10.892966210169021,0.07686890577138168,5323.0,0.7902938108891249,0.0,0.0,inf,0.9888712081805976,6442.0,0.0
socofing:000077:left_ring,stripes,0.699999988079071,3520.0,0.3857418165975552,0.053713614858348774,0.17332867491158485,12.69915619171587,0.25564667105783095,4915.0,0.8509423062205315,0.0,0.0,inf,0.9888726443170895,11469.0,0.0,0.06403306984211607,0.20702006267080195,11.93595676943088,0.09269774341018489,3713.0,0.7693589180707932,0.0,0.0,inf,0.9859873375179221,6708.0,0.0
socofing:000077:left_little,stripes,0.800000011920929,2641.0,0.322604928186391,0.07227034168074174,0.20655103288076507,11.410398920135574,0.1931547906411071,3277.0,0.8034807443618774,0.0,0.0,inf,0.9913371286611998,13107.0,0.0,0.07868298956590952,0.22351941660213545,11.041191473887967,0.11816398979959292,2867.0,0.8034807443618774,0.0,0.0,inf,0.9884773381391707,8845.0,0.0
socofing:000077:right_thumb,severe_partial,0.10000000149011612,10113.0,0.8899320715708656,0.06478210994222179,0.1945058380764053,11.8854491119862,0.24319633818742672,14746.0,0.8962138881906867,0.0,0.0,inf,0.9510414307052164,1638.0,0.0,0.07933664297353826,0.2267553361995835,11.005261800770544,0.08169720605899937,10920.0,0.8637652974575758,0.0,0.0,inf,0.9510414307052164,1638.0,0.0
socofing:000077:right_index,severe_partial,0.20000000298023224,8913.0,0.43348038193189686,0.057963005470924894,0.18230723720581787,12.368491037806118,0.3148728240179652,13107.0,0.8464451991021633,0.0,0.0,inf,0.959789441400903,3277.0,0.0,0.07757542724401363,0.22576215084750015,11.102758238751973,0.1139166675965565,9206.0,0.8464451991021633,0.0,0.0,inf,0.9668145672494469,3091.0,0.0
socofing:000077:right_middle,severe_partial,0.30000001192092896,7641.0,0.3610279206022912,0.06358215023535574,0.18279496054728211,11.966647891051199,0.30196178217467934,11469.0,0.8948093634098768,0.0,0.0,inf,0.9654758356429448,4915.0,0.0,0.08054310355310243,0.219638157729106,10.939716398140355,0.1191434400316728,8006.0,0.8948093634098768,0.0,0.0,inf,0.9667865861348286,4582.0,0.0
socofing:000077:right_ring,random_rectangles,0.10000000149011612,10586.0,0.5539064944029929,0.07449034466857765,0.21532535295181657,11.279000162303369,0.18815133532939207,14746.0,0.9007983766496181,0.0,0.0,inf,0.8623034232545156,1638.0,0.0,0.08820427966140981,0.2433601215316789,10.545103424391142,0.0631480533824808,11878.0,0.9007983766496181,0.0,0.0,inf,0.6981029975861055,80.0,0.0
socofing:000077:right_little,random_rectangles,0.20000000298023224,7913.0,0.6083873902776418,0.059703237771570876,0.19480517064311798,12.240021159694956,0.3027257005890556,13107.0,0.7686737179756165,0.0,0.0,inf,0.9032525579813926,3277.0,0.0,0.08444491159372965,0.24585974066080205,10.734265146346381,0.0769863078759257,8413.0,0.7686737179756165,0.0,0.0,inf,0.9242962480778109,364.0,0.0
socofing:000081:left_thumb,random_rectangles,0.30000001192092896,7702.0,0.7032822653187359,0.0719383362564367,0.20974573210090963,11.430396104847604,0.16428877124394972,11469.0,0.8435583040118217,0.0,0.0,inf,0.9553259824579311,4915.0,0.0,0.08221273245381217,0.23428889173374634,10.850609171775078,0.06778859374041579,9900.0,0.8435583040118217,0.0,0.0,inf,0.9245929992161263,1191.0,0.0
socofing:000081:left_index,random_rectangles,0.4000000059604645,8214.0,0.5679910470079939,0.08543765575037737,0.2323014938994003,10.683506763810911,0.12673405503744356,9830.0,0.8988484730944037,0.0,0.0,inf,0.9722269554269574,6554.0,0.0,0.09270633989985509,0.24993823892844239,10.328905647835176,0.06278820560162286,8883.0,0.8988484730944037,0.0,0.0,inf,0.9527295562257636,2545.0,0.0
socofing:000081:left_middle,random_rectangles,0.5,6462.0,0.5458694987231509,0.08284469782715873,0.22698925809095272,10.817352817901313,0.12462455350069288,8192.0,0.9243657551705837,0.0,0.0,inf,0.9748674653394197,8192.0,0.0,0.08838596816841829,0.24063653366122945,10.536166765109954,0.06945437584590211,7670.0,0.9243657551705837,0.0,0.0,inf,0.9522149661205959,4163.0,0.0
socofing:000081:left_ring,random_rectangles,0.6000000238418579,4776.0,0.5349922927652787,0.08328861960810317,0.22145216380662905,10.794143356766458,0.19834671572877854,6554.0,0.8471963964402676,0.0,0.0,inf,0.9839382455234553,9830.0,0.0,0.09524209977923016,0.2477953044605684,10.21171038377612,0.09591394586290974,5712.0,0.8471963964402676,0.0,0.0,inf,0.9811841667547071,6451.0,0.0
socofing:000081:left_little,random_rectangles,0.699999988079071,3483.0,0.30446256210815126,0.051194627058304916,0.17431477672161794,12.907756163947589,0.32094409525047046,4915.0,0.8528866749256849,0.0,0.0,inf,0.9746097921052385,11469.0,0.0,0.06308601090617261,0.20769727302450702,12.000669333042604,0.18397658337764236,3958.0,0.8528866749256849,0.0,0.0,inf,0.9566218205250561,6162.0,0.0
socofing:000081:right_thumb,random_rectangles,0.800000011920929,2845.0,0.15392858253815195,0.06302040544823283,0.20438077701807025,12.005188070750027,0.0977648330623755,3277.0,0.7053685039281845,0.0,0.0,inf,0.9907096738620497,13107.0,0.0,0.06302040544823283,0.20438077701807025,12.005188070750027,0.0977648330623755,3277.0,0.7053685039281845,0.0,0.0,inf,0.986642353588184,9116.0,0.0
socofing:000081:right_index,irregular,0.10000000149011612,8801.0,0.523705913201574,0.055385607223022326,0.1807566129407777,12.566030785156073,0.29698446042173743,14746.0,0.8262926340103149,0.0,0.0,inf,0.8015086983741252,1638.0,0.0,0.07210680236617267,0.21952077769958916,11.420237631482388,0.09462010881858027,10146.0,0.8119906783103943,0.0,0.0,inf,0.8775252467269873,1120.0,0.0
socofing:000081:right_middle,irregular,0.20000000298023224,9049.0,0.39610070344787685,0.057869761378155735,0.18164138914452357,12.37548308415162,0.2584150670339198,13107.0,0.8686784468591213,0.0,0.0,inf,0.8956181527176531,3277.0,0.0,0.07009963241887582,0.21281312002356573,11.54284259335373,0.10960686962462848,10240.0,0.8686784468591213,0.0,0.0,inf,0.8861802065381706,2053.0,0.0
socofing:000081:right_ring,irregular,0.30000001192092896,6414.0,0.4525918759207921,0.04907952689215937,0.17434910268095913,13.090996323573163,0.32589699127420385,11469.0,0.7832807824015617,0.0,0.0,inf,0.8375179545012879,4915.0,0.0,0.06762851937858656,0.21808283928180072,11.69870120673853,0.14550872052020108,7758.0,0.7832807824015617,0.0,0.0,inf,0.8551508726501331,2679.0,0.0
socofing:000081:right_little,irregular,0.4000000059604645,5937.0,0.2668327244917252,0.05269983164784521,0.17423019506343254,12.781907721599131,0.3011276667597477,9830.0,0.8242075406014919,0.0,0.0,inf,0.9235297222987767,6554.0,0.0,0.06755143818610324,0.21208465836231893,11.70365400311238,0.13547598053354462,7492.0,0.8242075406014919,0.0,0.0,inf,0.923535327829566,3611.0,0.0
socofing:000089:left_thumb,irregular,0.5,5632.0,0.29499138946519493,0.0679842697864105,0.19544402393603377,11.675915628120316,0.2782902925167069,8192.0,0.9157622451893985,0.0,0.0,inf,0.9549574214194398,8192.0,0.0,0.08103612105111749,0.2293909945737458,10.913213554860416,0.15960672613124935,6521.0,0.9114718399941921,0.0,0.0,inf,0.9461662485912316,5708.0,0.0
socofing:000089:left_index,irregular,0.6000000238418579,3743.0,0.13657247292530722,0.047285066270347335,0.1533396719363204,13.252759979605479,0.4119525350009821,6554.0,0.8702959381043911,0.0,0.0,inf,0.9599220609053634,9830.0,0.0,0.06933230927230229,0.20674549513712792,11.590643343819885,0.18250198835171566,4262.0,0.8702959381043911,0.0,0.0,inf,0.9691322654127347,7603.0,0.0
socofing:000089:left_middle,irregular,0.699999988079071,3335.0,0.18247957394207204,0.06779110574923583,0.1858056356338358,11.68827282200972,0.3348581103460334,4915.0,0.906112371943891,0.0,0.0,inf,0.9785958174577669,11469.0,0.0,0.08887871735553479,0.237219185115863,10.512022215000528,0.1614457227037714,3546.0,0.906112371943891,0.0,0.0,inf,0.9752598304727267,8761.0,0.0
socofing:000089:left_ring,irregular,0.800000011920929,1784.0,0.0863416863470473,0.04168325039494484,0.13755027209157064,13.800384227807772,0.471559903579175,3277.0,0.8119326196610928,0.0,0.0,inf,0.9844515088822806,13107.0,0.0,0.06582983720881419,0.20755421509966254,11.81577218877253,0.23328838509506108,1842.0,0.8119326196610928,0.0,0.0,inf,0.9857347875561262,10333.0,0.0
socofing:000089:left_little,central_missing,0.10000000149011612,8721.0,0.7306918829253244,0.054867593866164584,0.18809124182829642,12.606840847020418,0.284793231373878,14746.0,0.8421114012598991,0.0,0.0,inf,0.8331951158020569,1638.0,0.0,0.07153506545589647,0.22121531492633514,11.454810211228564,0.06485170117461524,10088.0,0.8421114012598991,0.0,0.0,inf,0.7857860082435063,120.0,0.0
socofing:000089:right_thumb,central_missing,0.20000000298023224,9888.0,0.7462288311020954,0.07672832556370518,0.2153420129509807,11.150442792706327,0.15213497302862425,13107.0,0.8847795110195875,0.0,0.0,inf,0.9471803181576203,3277.0,0.0,0.08777332598399626,0.23999895573255275,10.566374446634752,0.048601688742996245,11259.0,0.8847795110195875,0.0,0.0,inf,0.9566222700058978,606.0,0.0
socofing:000089:right_index,central_missing,0.30000001192092896,8554.0,0.691547536990745,0.059580254298992906,0.19433502870992608,12.2489764747187,0.15644795724812552,11469.0,0.8911579214036465,0.0,0.0,inf,0.9432693673568276,4915.0,0.0,0.0669213605022564,0.21130021014646297,11.744352384715008,0.07195663966136374,9973.0,0.8911579214036465,0.0,0.0,inf,0.8858342933632659,820.0,0.0
socofing:000089:right_middle,central_missing,0.4000000059604645,7667.0,0.7929001740248822,0.07032362932170837,0.20059317954634018,11.528987239166863,0.14661814474135534,9830.0,0.9259721618145704,0.0,0.0,inf,0.9804763999994311,6554.0,0.0,0.07692181159703368,0.21671921574383607,11.139504961791316,0.07532272152868973,8974.0,0.9259721618145704,0.0,0.0,inf,0.9655966648387364,2803.0,0.0
socofing:000089:right_ring,central_missing,0.5,6935.0,0.40868942792138957,0.06513483397438105,0.20805038657181285,11.861866895136924,0.0561428916389424,8192.0,0.9284427743405104,0.0,0.0,inf,0.9794708191042708,8192.0,0.0,0.06513483397438105,0.20805038657181285,11.861866895136924,0.0561428916389424,8192.0,0.9284427743405104,0.0,0.0,inf,0.9524528731723599,3535.0,0.0
socofing:000089:right_little,central_missing,0.6000000238418579,5976.0,0.311291924794245,0.09829967844329372,0.2507288090086511,10.074479028243402,0.06350913763825157,6554.0,0.923889396712184,0.0,0.0,inf,0.983179660886889,9830.0,0.0,0.09914158953152055,0.2526819186866892,10.037441223560828,0.05691754636301262,6498.0,0.923889396712184,0.0,0.0,inf,0.9569869051892551,3174.0,0.0
socofing:000093:left_thumb,central_missing,0.699999988079071,4547.0,0.28648094938532603,0.07465747355533371,0.23311749853616312,11.269267108943437,0.07092890463633844,4915.0,0.7188190072774887,0.0,0.0,inf,0.991910805963067,11469.0,0.0,0.07465747355533371,0.23311749853616312,11.269267108943437,0.07092890463633844,4915.0,0.7188190072774887,0.0,0.0,inf,0.9877037817879941,7545.0,0.0
socofing:000093:left_index,central_missing,0.800000011920929,3239.0,0.10987750784461725,0.07651720812673496,0.24046139255365562,11.162408844010535,0.08097408321289622,3277.0,0.6284533441066742,0.0,0.0,inf,0.9945397238007345,13107.0,0.0,0.07651720812673496,0.24046139255365562,11.162408844010535,0.08097408321289622,3277.0,0.6284533441066742,0.0,0.0,inf,0.9913082535652448,8234.0,0.0
socofing:000093:left_middle,peripheral_only,0.10000000149011612,9720.0,0.5038528881792957,0.04972561562534161,0.1760986362463999,13.034198314104904,0.3116666923456473,14746.0,0.7808065377175808,0.0,0.0,inf,0.8865182921730533,1638.0,0.0,0.06593557777553545,0.21596098246019,11.808801838547664,0.10679147172234361,10506.0,0.7808065377175808,0.0,0.0,inf,0.8969138650831785,1596.0,0.0
socofing:000093:left_ring,peripheral_only,0.20000000298023224,7672.0,0.4418271981185909,0.03814004734192004,0.15204438258703146,14.186187722149771,0.33786331559330346,13107.0,0.7187109440565109,0.0,0.0,inf,0.9022939320736411,3277.0,0.0,0.052618661131110474,0.19031055981122644,12.788602066259953,0.10579494565157622,8818.0,0.7187109440565109,0.0,0.0,inf,0.9409555875608886,2648.0,0.0
socofing:000093:left_little,peripheral_only,0.30000001192092896,5684.0,0.3850527019767782,0.040964680450716856,0.15993566491260827,13.875904285509943,0.42396977590168883,11469.0,0.7055483981966972,0.0,0.0,inf,0.9209358260501103,4915.0,0.0,0.06250249239765494,0.20737222353397927,12.041026640484693,0.15432856244411242,6477.0,0.7055483981966972,0.0,0.0,inf,0.9537348783431987,3223.0,0.0
socofing:000093:right_thumb,peripheral_only,0.4000000059604645,5892.0,0.3202605598178908,0.04722616122645493,0.16419637440613805,13.258173545698904,0.3245721682400212,9830.0,0.8009731099009514,0.0,0.0,inf,0.965381275962747,6554.0,0.0,0.06344591941484477,0.20972159573262109,11.975963047371916,0.1157915059200393,6776.0,0.8009731099009514,0.0,0.0,inf,0.9670418135984672,5393.0,0.0
socofing:000093:right_index,peripheral_only,0.5,5100.0,0.2203199939409829,0.04471559346853853,0.15119678134107062,13.495410008861688,0.40796028357686065,8192.0,0.8646231852471828,0.0,0.0,inf,0.9760485136829918,8192.0,0.0,0.0681076219697256,0.21033082755943888,11.668042831802552,0.1298868508100729,5199.0,0.8646231852471828,0.0,0.0,inf,0.9776458892253932,6613.0,0.0
socofing:000093:right_middle,peripheral_only,0.6000000238418579,4384.0,0.15346992934253403,0.04159223752641406,0.15024331887344994,13.809877153831811,0.36226868223233366,6554.0,0.889815803617239,0.0,0.0,inf,0.9807076841033728,9830.0,0.0,0.05686251272485596,0.19469726480326083,12.451739529743143,0.16378228736078138,4641.0,0.889815803617239,0.0,0.0,inf,0.9810091461377001,7839.0,0.0
socofing:000093:right_ring,peripheral_only,0.699999988079071,3021.0,0.1305750843405974,0.034947001796852055,0.12825049126969834,14.565900776847304,0.433809199395485,4915.0,0.7025143057107925,0.0,0.0,inf,0.9858754657823445,11469.0,0.0,0.054033054374780676,0.1852738130686833,12.67340482014383,0.1680335995550841,3087.0,0.7025143057107925,0.0,0.0,inf,0.9856961864696732,8921.0,0.0
socofing:000093:right_little,peripheral_only,0.800000011920929,1745.0,0.08553091725755588,0.03944735369423276,0.13687653477645575,14.039821259029912,0.5120619509489261,3277.0,0.7248407527804375,0.0,0.0,inf,0.9867691616500238,13107.0,0.0,0.06898395426341532,0.22062736858529694,11.612519148459723,0.1883013566530255,1783.0,0.7248407527804375,0.0,0.0,inf,0.9891650607030023,8866.0,0.0
socofing:000096:left_thumb,central_only,0.10000000149011612,9831.0,0.6985457463591712,0.06694504781229672,0.19941783823603054,11.742815439296281,0.2995186032455137,14746.0,0.8464526534080505,0.0,0.0,inf,0.9742345637412384,1638.0,0.0,0.08929671922342192,0.24630539436543056,10.491644968711178,0.08521132259289159,9976.0,0.8232636451721191,0.0,0.0,inf,0.9742345637412384,1638.0,0.0
socofing:000096:left_index,central_only,0.20000000298023224,6828.0,0.5462142681946676,0.04480811199746162,0.16421158990133566,13.486433548229172,0.44170813053245456,13107.0,0.7496633231639862,0.0,0.0,inf,0.9736881657059628,3277.0,0.0,0.06431780003146598,0.2061759430003033,11.91668818901002,0.17999268569284657,6971.0,0.7496633231639862,0.0,0.0,inf,0.9736881657059628,3277.0,0.0
socofing:000096:left_middle,central_only,0.30000001192092896,5553.0,0.5795776668613949,0.0343457296240028,0.14246620992857145,14.641272532484582,0.4636296951923719,11469.0,0.722734272480011,0.0,0.0,inf,0.9826679230473999,4915.0,0.0,0.049757672947413054,0.18054598069986083,13.031399388021569,0.17838930394106312,5821.0,0.722734272480011,0.0,0.0,inf,0.9826679230473999,4915.0,0.0
socofing:000096:left_ring,central_only,0.4000000059604645,3933.0,0.6642961722214241,0.023117665516853653,0.11789011375662148,16.360560242453502,0.5350582919632833,9830.0,0.6618559062480927,0.0,0.0,inf,0.9578077110001066,6554.0,0.0,0.0410772151848334,0.16679580422062754,13.863990069164217,0.14752493161248353,4057.0,0.6618559062480927,0.0,0.0,inf,0.9858433067519456,5650.0,0.0
socofing:000096:left_little,central_only,0.5,1653.0,0.7832360105425278,0.02360517073508099,0.11993316137159127,16.26992853989965,0.6559500077104995,8192.0,0.6555452942848206,0.0,0.0,inf,0.9509700094091489,8192.0,0.0,0.05571075297894028,0.19773153482036218,12.540609716358937,0.16305056774147514,1790.0,0.6555452942848206,0.0,0.0,inf,0.9888460830165523,6223.0,0.0
socofing:000096:right_thumb,central_only,0.6000000238418579,1794.0,0.2952335201773147,0.026668480910498553,0.10697785206643542,15.740017218795826,0.613129870261592,6554.0,0.8924800138920546,0.0,0.0,inf,0.9858702142258761,9830.0,0.0,0.042022241124586295,0.15141871876341054,13.765207895767475,0.29815064798269153,2262.0,0.848530828487128,0.0,0.0,inf,0.9892998878320675,9703.0,0.0
socofing:000096:right_index,central_only,0.699999988079071,744.0,0.32399321872281284,0.014640267430056933,0.07565394913851609,18.344509900578704,0.7437750892364813,4915.0,0.7311676107347012,0.0,0.0,inf,0.9827969783308306,11469.0,0.0,0.046130392629727644,0.16774321340831,13.360128489642786,0.3384062483511323,806.0,0.6186326742172241,0.0,0.0,inf,0.9933584600774535,9476.0,0.0
socofing:000096:right_middle,central_only,0.800000011920929,751.0,0.6068839266296818,0.033693320513429305,0.10943952154298249,14.724561867155913,0.638036187896962,3277.0,0.7783343642950058,0.0,0.0,inf,0.9934276217022185,13107.0,0.0,0.08972698574537162,0.2497089032364533,10.470769215295297,0.183323849618896,806.0,0.6837559305131435,0.0,0.0,inf,0.9954801540217544,11723.0,0.0
socofing:000096:right_ring,disconnected_fragments,0.10000000149011612,9676.0,0.49039219153131336,0.05637936937759282,0.1805460115909012,12.488797861686255,0.2991258025546158,14746.0,0.8587847943417728,0.0,0.0,inf,0.9001383730324126,1638.0,0.0,0.07298078524497677,0.21720344682370096,11.3679146810585,0.10640718350832955,10270.0,0.8587847943417728,0.0,0.0,inf,0.91475046630947,1595.0,0.0
socofing:000096:right_little,disconnected_fragments,0.20000000298023224,7962.0,0.4593269104423864,0.050296398388048794,0.17532397234375247,12.98463112681608,0.34618239886231866,13107.0,0.8201223574578762,0.0,0.0,inf,0.9018758176771748,3277.0,0.0,0.06953430973519743,0.22301578581394849,11.578008522164305,0.11627542793141121,8364.0,0.8201223574578762,0.0,0.0,inf,0.9525359463569301,1930.0,0.0
socofing:000097:left_thumb,disconnected_fragments,0.30000001192092896,6576.0,0.49359661034314845,0.03811210326137633,0.1491818471573136,14.189370835131964,0.4035866968426558,11469.0,0.6679102778434753,0.0,0.0,inf,0.9519419560175849,4915.0,0.0,0.05558396786895769,0.1947778851020682,12.550504542825493,0.1473894003817158,7000.0,0.6679102778434753,0.0,0.0,inf,0.9717063908137613,3939.0,0.0
socofing:000097:left_index,disconnected_fragments,0.4000000059604645,5239.0,0.4835673739171941,0.043068426442070824,0.1604651051307228,13.658409954305654,0.44184384035517155,9830.0,0.6953533887863159,0.0,0.0,inf,0.9818029128230169,6554.0,0.0,0.0683339406817995,0.2197174805134451,11.6536353366027,0.13450728022642194,5256.0,0.6953533887863159,0.0,0.0,inf,0.9873872248414531,4951.0,0.0
socofing:000097:left_middle,disconnected_fragments,0.5,4690.0,0.6269249438262467,0.06443779115971253,0.1836288118520315,11.908593550248494,0.35960981792457286,8192.0,0.8688675742596388,0.0,0.0,inf,0.9748097414863851,8192.0,0.0,0.09371474082702756,0.25619803499459043,10.281920915420912,0.08897510036450047,4880.0,0.8459755107760429,0.0,0.0,inf,0.9838306433259795,4210.0,0.0
socofing:000097:left_ring,disconnected_fragments,0.6000000238418579,1896.0,0.4395669535678194,0.06425138396759127,0.17166182693887785,11.921175132415751,0.5352619562532875,6554.0,0.8331584483385086,0.0,0.0,inf,0.9830308490999247,9830.0,0.0,0.11516001170556547,0.2649618008910796,9.386982996496153,0.18994717762885774,2006.0,0.8331584483385086,0.0,0.0,inf,0.9878287938414918,7481.0,0.0
socofing:000097:left_little,disconnected_fragments,0.699999988079071,577.0,0.21584756705077054,0.01587377590027762,0.09478839351317163,17.993197551857204,0.7597285342292477,4915.0,0.6539148539304733,0.0,0.0,inf,0.9742349380597313,11469.0,0.0,0.057685087015936234,0.210438863331403,12.389364479152816,0.3933194009035637,608.0,0.6539148539304733,0.0,0.0,inf,0.9877197518014966,6613.0,0.0
socofing:000097:right_thumb,disconnected_fragments,0.800000011920929,1765.0,1.0942681511373331,0.06385310706399179,0.1616514691479645,11.94817965308696,0.4454198690644145,3277.0,0.9214398255571723,0.0,0.0,inf,0.9971182615236772,13107.0,0.0,0.1029966179572231,0.24420579024161715,9.871770357475503,0.13819687753426232,1998.0,0.9214398255571723,0.0,0.0,inf,0.9963634698498229,9634.0,0.0
socofing:000097:right_index,stripes,0.10000000149011612,8998.0,0.8466516953927821,0.07908986140223115,0.21790926088544263,11.018791855196959,0.2940027063623688,14746.0,0.9110603919252753,0.0,0.0,inf,0.9132769514782477,1638.0,0.0,0.1084773574556572,0.27249652011789766,9.646609029055206,0.08027860491930607,9968.0,0.9110603919252753,0.0,0.0,inf,0.9752103612832724,703.0,0.0
socofing:000097:right_middle,stripes,0.20000000298023224,9474.0,0.7343924930486536,0.06678352713779544,0.19793942051634056,11.753306476352014,0.2660194465296666,13107.0,0.884046315215528,0.0,0.0,inf,0.9650644686120903,3277.0,0.0,0.08574284952504582,0.24115742632081244,10.668020875102531,0.08579380092502555,9893.0,0.884046315215528,0.0,0.0,inf,0.9557565154744844,1133.0,0.0
socofing:000097:right_ring,stripes,0.30000001192092896,8232.0,0.5749968696727406,0.06034196405677752,0.18666536494225852,12.193805581792809,0.275889214919522,11469.0,0.8217115364968777,0.0,0.0,inf,0.9548330133379618,4915.0,0.0,0.07699408407994657,0.22732923136338123,11.135426430111233,0.08971149193124743,8687.0,0.8217115364968777,0.0,0.0,inf,0.9515966545847372,2634.0,0.0
socofing:000097:right_little,stripes,0.4000000059604645,5738.0,0.19796255664356308,0.044479129961462464,0.15703009157858425,13.518437164042226,0.39564318269285764,9830.0,0.8014853596687317,0.0,0.0,inf,0.9272574965353149,6554.0,0.0,0.06812686189408175,0.21172900505428063,11.666816153681319,0.13208982903057037,5955.0,0.8014853596687317,0.0,0.0,inf,0.9364597099183704,2437.0,0.0
socofing:000103:left_thumb,stripes,0.5,4994.0,0.4058317782908207,0.0337066432972312,0.1322390305783756,14.722844948855967,0.38248103738960937,8192.0,0.7629037946462631,0.0,0.0,inf,0.9753270977154662,8192.0,0.0,0.04663210062896356,0.16684281485226574,13.313150205090686,0.14737689293793985,5404.0,0.732744500041008,0.0,0.0,inf,0.9775550599688377,5867.0,0.0
socofing:000103:left_index,stripes,0.6000000238418579,5041.0,0.47484685510951896,0.06716755681199924,0.19735714348546335,11.728404486696649,0.22766458411682614,6554.0,0.8879877319559455,0.0,0.0,inf,0.9836253100770046,9830.0,0.0,0.0794397657163388,0.22937979181911822,10.999620453315487,0.11135256245045247,5371.0,0.8879877319559455,0.0,0.0,inf,0.9775756647610453,6574.0,0.0
socofing:000103:left_middle,stripes,0.699999988079071,2159.0,0.19107878592971114,0.03413160095858141,0.1302746123398369,14.668433404593916,0.5484278690286783,4915.0,0.730250708758831,0.0,0.0,inf,0.9911337747665175,11469.0,0.0,0.06184916306126259,0.2064008139870136,12.086661728389771,0.2409718764199782,2207.0,0.7119787260890007,0.0,0.0,inf,0.9928269614045676,9404.0,0.0
socofing:000103:left_ring,stripes,0.800000011920929,1782.0,0.20586549959521547,0.041446594054198295,0.1433309092077543,13.825111525502074,0.42354384177600246,3277.0,0.7850180864334106,0.0,0.0,inf,0.9877571947602566,13107.0,0.0,0.06311814112455584,0.2031973018876377,11.998457999005945,0.2052161086599197,2026.0,0.7850180864334106,0.0,0.0,inf,0.9847146541198131,10010.0,0.0
socofing:000103:left_little,severe_partial,0.10000000149011612,7460.0,0.8353282292344543,0.06728680013585144,0.20212417148607792,11.720701243409373,0.3452067576568586,14746.0,0.683212548494339,0.0,0.0,inf,0.7519705458932698,1638.0,0.0,0.0960796715145054,0.2534847011356654,10.173684904061657,0.10573899932284973,8932.0,0.683212548494339,0.0,0.0,inf,0.6210059351356799,152.0,0.0
socofing:000103:right_thumb,severe_partial,0.20000000298023224,8715.0,0.6702312847332672,0.08070597835379849,0.20939590515028975,10.930942934080495,0.2616778222583171,13107.0,0.8862491231411695,0.0,0.0,inf,0.9595860226561894,3277.0,0.0,0.0989217976692968,0.24888825624293925,10.04707999965795,0.0911206181513635,9218.0,0.8862491231411695,0.0,0.0,inf,0.9594243123961719,3112.0,0.0
socofing:000103:right_index,severe_partial,0.30000001192092896,6536.0,0.4505181244484822,0.0901000472956985,0.2245650247936895,10.452749810491781,0.3216669668173053,11469.0,0.8895767331123352,0.0,0.0,inf,0.9784958135862863,4915.0,0.0,0.10854965005614393,0.2590085579774784,9.643715722918333,0.10677497665396217,6666.0,0.8895767331123352,0.0,0.0,inf,0.976991411672209,4306.0,0.0
socofing:000103:right_middle,random_rectangles,0.10000000149011612,10453.0,0.8011079135200033,0.07237931780757124,0.21486419434117923,11.403855145381762,0.18169648802966593,14746.0,0.834975715726614,0.0,0.0,inf,0.8506685119299173,1638.0,0.0,0.08661879772300184,0.24297503567769846,10.623878486122917,0.049241638858173266,11485.0,0.834975715726614,0.0,0.0,inf,0.8513148632982086,230.0,0.0
socofing:000103:right_ring,random_rectangles,0.20000000298023224,10082.0,0.5019186530059722,0.07759474327725123,0.21724736468959976,11.101676993991784,0.14375409317811105,13107.0,0.9520781631581485,0.0,0.0,inf,0.8890041665213211,3277.0,0.0,0.08357651290783102,0.2345151675980316,10.77915753035416,0.0579578917422421,11102.0,0.9173542223870754,0.0,0.0,inf,0.7974122082214568,433.0,0.0
socofing:000103:right_little,random_rectangles,0.30000001192092896,3466.0,1.0603971531629286,0.09582489297305738,0.2502497226852144,10.185216571373886,0.40458114517021704,11469.0,0.609339565038681,0.0,0.0,inf,0.8687006873429715,4915.0,0.0,0.12623980844008703,0.3020910890323748,8.988036731450817,0.2614637197500458,6220.0,0.609339565038681,0.0,0.0,inf,0.8485622773402969,1431.0,0.0
socofing:000107:left_thumb,random_rectangles,0.4000000059604645,8843.0,0.38880052330552145,0.068038541546558,0.1972899970576728,11.672450043638571,0.14460816403404872,9830.0,0.9419307108037174,0.0,0.0,inf,0.9614943083686598,6554.0,0.0,0.07291955190995388,0.21071543138609605,11.371560087448774,0.08333514665373144,8957.0,0.915196418762207,0.0,0.0,inf,0.9479494244030435,2450.0,0.0
socofing:000107:left_index,random_rectangles,0.5,7021.0,0.4451709779492192,0.055824660096323184,0.1850266949324464,12.531739125689406,0.19498053869465942,8192.0,0.8324006162583828,0.0,0.0,inf,0.9794106260294559,8192.0,0.0,0.06183828081865109,0.2023269896994437,12.08742592850271,0.118328898983022,7383.0,0.8324006162583828,0.0,0.0,inf,0.962353017526436,3502.0,0.0
socofing:000107:left_middle,random_rectangles,0.6000000238418579,5142.0,0.2585285618600991,0.05607411730626564,0.17726848653272115,12.512375541611387,0.25418601134734703,6554.0,0.842336593195796,0.0,0.0,inf,0.9776082039174777,9830.0,0.0,0.0691286558576714,0.20858275792201192,11.60341887487181,0.13077460174091235,5170.0,0.842336593195796,0.0,0.0,inf,0.9786615250624542,5768.0,0.0
socofing:000107:left_ring,random_rectangles,0.699999988079071,3741.0,0.15953007252267817,0.05366795502183952,0.18117734976709723,12.702849528711745,0.27844389848874207,4915.0,0.6989983767271042,0.0,0.0,inf,0.9845574081530231,11469.0,0.0,0.06835592913479765,0.2201935030313799,11.65223809130605,0.1268625352003129,3763.0,0.6989983767271042,0.0,0.0,inf,0.9812920207307565,6336.0,0.0
socofing:000107:left_little,random_rectangles,0.800000011920929,2947.0,0.2753531564315645,0.05026341615990113,0.18675195732641922,12.987479978569322,0.09749805530562516,3277.0,0.7324449270963669,0.0,0.0,inf,0.9946554587510595,13107.0,0.0,0.05026341615990113,0.18675195732641922,12.987479978569322,0.09749805530562516,3277.0,0.7324449270963669,0.0,0.0,inf,0.98750206919717,5605.0,0.0
socofing:000107:right_thumb,irregular,0.10000000149011612,10612.0,0.6546746736024108,0.07719341516273755,0.21673757764537968,11.124197447479034,0.22083262006648371,14746.0,0.9228219976648688,0.0,0.0,inf,0.8758039304869756,1638.0,0.0,0.09494658073003064,0.2574989003923754,10.22520670703881,0.05337982125834165,11023.0,0.8804747452959418,0.0,0.0,inf,0.9055888665673694,742.0,0.0
socofing:000107:right_index,irregular,0.20000000298023224,7780.0,0.3527600368523719,0.04718544979049495,0.1691298202244576,13.261919007277875,0.33690274090951094,13107.0,0.7851798497140408,0.0,0.0,inf,0.7898414430400341,3277.0,0.0,0.0649210689969688,0.2118361793095238,11.876143376495268,0.11583950885091363,8287.0,0.7851798497140408,0.0,0.0,inf,0.8478975918750334,865.0,0.0
socofing:000107:right_middle,irregular,0.30000001192092896,7962.0,0.2836422446363017,0.04587769525181625,0.1597029426616984,13.383984077838464,0.30482306111792723,11469.0,0.8748981319367886,0.0,0.0,inf,0.9174805137863468,4915.0,0.0,0.05578594214038741,0.1876343358045264,12.534752279449176,0.14495082018957411,8682.0,0.8748981319367886,0.0,0.0,inf,0.9144291070581504,3820.0,0.0
socofing:000107:right_ring,irregular,0.4000000059604645,4193.0,0.2207925784146548,0.038169773343139195,0.14706090137680816,14.182804189378857,0.4709682262676428,9830.0,0.7444062232971191,0.0,0.0,inf,0.89753668782571,6554.0,0.0,0.06005581484982478,0.19916836429709958,12.214449360557404,0.16189931392822243,4382.0,0.6785815358161926,0.0,0.0,inf,0.9588238279406475,4326.0,0.0
socofing:000107:right_little,irregular,0.5,3122.0,0.21989563180575175,0.039281541623037985,0.14670695173316517,14.058114764543188,0.4929807978402013,8192.0,0.677901566028595,0.0,0.0,inf,0.888539237683871,8192.0,0.0,0.059750858506023546,0.19346648380878617,12.236558503505332,0.20931533760151386,3423.0,0.677901566028595,0.0,0.0,inf,0.9332694627222236,3656.0,0.0
socofing:000112:left_thumb,irregular,0.6000000238418579,4334.0,0.31030323965365925,0.053765244676374085,0.16843066618828684,12.694983734566279,0.33973291521499854,6554.0,0.8717902228236198,0.0,0.0,inf,0.9655608844931262,9830.0,0.0,0.06881371126583052,0.21095713426183924,11.623250191219709,0.17852201468259896,4527.0,0.8385090157389641,0.0,0.0,inf,0.965981795202792,6131.0,0.0
socofing:000112:left_index,irregular,0.699999988079071,3192.0,0.33303538733761556,0.03733333841157524,0.14196744908039607,14.27903172974866,0.3694382093241065,4915.0,0.7500790953636169,0.0,0.0,inf,0.9745333988236553,11469.0,0.0,0.04755033493431879,0.17310544961004368,13.22846419638993,0.22951384854812878,3813.0,0.7500790953636169,0.0,0.0,inf,0.9675266118076694,6631.0,0.0
socofing:000112:left_middle,irregular,0.800000011920929,1300.0,0.17017396538673524,0.01739507263182375,0.08958057393051336,17.595737535485043,0.589256551225602,3277.0,0.5830850452184677,0.0,0.0,inf,0.9846703073254899,13107.0,0.0,0.030587288668577687,0.1377609976009209,15.144590182249562,0.30301296620503804,1657.0,0.5630320608615875,0.0,0.0,inf,0.9872860212966289,8540.0,0.0
socofing:000112:left_ring,central_missing,0.10000000149011612,6915.0,0.7038590241498679,0.044621225785042434,0.1691269020499553,13.504585034298644,0.3769431318566084,14746.0,0.7428613305091858,0.0,0.0,inf,0.8945498500363875,1638.0,0.0,0.061171964291991135,0.20698536897361436,12.134475736549552,0.0727943000075424,8298.0,0.7428613305091858,0.0,0.0,inf,0.8845646957583795,228.0,0.0
socofing:000112:left_little,central_missing,0.20000000298023224,7014.0,0.658910921321191,0.04082530398567349,0.16254546240675846,13.890705728176492,0.3689953784404884,13107.0,0.6389357298612595,0.0,0.0,inf,0.9156433940213344,3277.0,0.0,0.05750259951467034,0.20108505970116347,12.403125217563122,0.08946075259690887,7735.0,0.6389357298612595,0.0,0.0,inf,0.916520141792702,324.0,0.0
socofing:000112:right_thumb,central_missing,0.30000001192092896,9709.0,0.743092649152909,0.06733061674989602,0.2055525959031935,11.717874073670496,0.08767956045145903,11469.0,0.957602022215724,0.0,0.0,inf,0.9346144655712205,4915.0,0.0,0.06584403879791503,0.20517894948673027,11.814835378527139,0.06892335032723171,11036.0,0.957602022215724,0.0,0.0,inf,0.90301921262112,1711.0,0.0
socofing:000112:right_index,central_missing,0.4000000059604645,8257.0,0.5396752482239551,0.06267662302801952,0.20000736382998344,12.028944110516552,0.09474700302783703,9830.0,0.9528163066133857,0.0,0.0,inf,0.968599183001658,6554.0,0.0,0.06265961093784259,0.20048950201788687,12.030123060402163,0.08374737199876284,9644.0,0.9528163066133857,0.0,0.0,inf,0.9274949860430723,2082.0,0.0
socofing:000112:right_middle,central_missing,0.5,6493.0,0.27001019530713266,0.041962032543704786,0.1555109724890258,13.771434837497774,0.195902778565831,8192.0,0.7864000722765923,0.0,0.0,inf,0.9815562644396918,8192.0,0.0,0.04662183482430491,0.16897628728510256,13.314106386148758,0.11534017318757554,7338.0,0.7864000722765923,0.0,0.0,inf,0.9579801838281632,2596.0,0.0
socofing:000112:right_ring,central_missing,0.6000000238418579,4407.0,0.5892074610926353,0.0344610783809101,0.1413015951330725,14.626711364193067,0.13874524247688125,6554.0,0.7340819090604782,0.0,0.0,inf,0.9893477145098977,9830.0,0.0,0.03711831046688343,0.15042184429521713,14.304118000072869,0.10889145969491452,6066.0,0.7340819090604782,0.0,0.0,inf,0.983121283521482,4560.0,0.0
socofing:000112:right_little,central_missing,0.699999988079071,4214.0,0.717308965925176,0.05139576709016182,0.1882888183740488,12.89072647640612,0.0799014008822168,4915.0,0.6180793195962906,0.0,0.0,inf,0.9900077322748341,11469.0,0.0,0.05139576709016182,0.1882888183740488,12.89072647640612,0.0799014008822168,4915.0,0.6180793195962906,0.0,0.0,inf,0.9806938479548636,5936.0,0.0
socofing:000115:left_thumb,central_missing,0.800000011920929,2710.0,0.5775078816619813,0.06672870364928661,0.21990121591570203,11.756873121854962,0.07504762090222496,3277.0,0.7001107335090637,0.0,0.0,inf,0.9942996193547717,13107.0,0.0,0.06672870364928661,0.21990121591570203,11.756873121854962,0.07504762090222496,3277.0,0.7001107335090637,0.0,0.0,inf,0.9912919709653838,8580.0,0.0
socofing:000115:left_index,peripheral_only,0.10000000149011612,7748.0,0.46239555943876703,0.04099825978186209,0.15633916122122393,13.872345770162175,0.35606517820726435,14746.0,0.8314893823117018,0.0,0.0,inf,0.7820764088264068,1638.0,0.0,0.05695184050912701,0.19400181501857652,12.444922362900295,0.11658611580711728,9489.0,0.8314893823117018,0.0,0.0,inf,0.8471708177716283,1311.0,0.0
socofing:000115:left_middle,peripheral_only,0.20000000298023224,6430.0,0.7109560941520404,0.03889080150419877,0.1533615785215908,14.101531063443423,0.38224413996685824,13107.0,0.6999081298708916,0.0,0.0,inf,0.8494342546098417,3277.0,0.0,0.05674696655902485,0.1949002250937008,12.460573489698604,0.11220097699939963,8108.0,0.6999081298708916,0.0,0.0,inf,0.8923556003169362,2435.0,0.0
socofing:000115:left_ring,peripheral_only,0.30000001192092896,6071.0,0.550115783049911,0.03945671772497437,0.14721195678686994,14.03879045115767,0.3752664392932526,11469.0,0.7609947174787521,0.0,0.0,inf,0.8946270222950276,4915.0,0.0,0.05969206327767033,0.19985054196858057,12.240834093036652,0.11376481576026642,7156.0,0.7609947174787521,0.0,0.0,inf,0.9226678796806264,3495.0,0.0
socofing:000115:left_little,peripheral_only,0.4000000059604645,4162.0,0.4154457168799118,0.03462894901660224,0.13633919658128926,14.605606890227751,0.42502503149181076,9830.0,0.7207289487123489,0.0,0.0,inf,0.9125623037963182,6554.0,0.0,0.055918930219732724,0.19027608143082894,12.524411456334587,0.1250330127735921,5533.0,0.7207289487123489,0.0,0.0,inf,0.9275348625651243,3232.0,0.0
socofing:000115:right_thumb,peripheral_only,0.5,4317.0,0.416992930880295,0.041961227047273675,0.14899225818618334,13.771518204768524,0.3511903992941454,8192.0,0.845929853618145,0.0,0.0,inf,0.9775662304791808,8192.0,0.0,0.056859364066702174,0.1926704163899642,12.451980019066838,0.12503530155223122,5567.0,0.845929853618145,0.0,0.0,inf,0.9753531312454348,6352.0,0.0
socofing:000115:right_index,peripheral_only,0.6000000238418579,2780.0,0.30554386450242493,0.0392587650701942,0.14445451435911236,14.06063365755764,0.3982347192117494,6554.0,0.7023640833795071,0.0,0.0,inf,0.9727571847832022,9830.0,0.0,0.05943889298662254,0.20345850221210307,12.259292876438172,0.12555777751337557,4069.0,0.7023640833795071,0.0,0.0,inf,0.9758129870324858,7341.0,0.0
socofing:000115:right_middle,peripheral_only,0.699999988079071,2424.0,0.6407367305776022,0.04144251480990917,0.14651897542769826,13.825538986554752,0.3838363941318354,4915.0,0.7179466933012009,0.0,0.0,inf,0.9817960300035619,11469.0,0.0,0.06130182438088789,0.20300182023050184,12.12526600412051,0.14474190465143033,3177.0,0.7179466933012009,0.0,0.0,inf,0.9832235789801164,8616.0,0.0
socofing:000115:right_ring,peripheral_only,0.800000011920929,1966.0,0.16982459475585307,0.044285793767891005,0.156933876201806,13.537355667268278,0.33849908464335426,3277.0,0.7020853124558926,0.0,0.0,inf,0.9890551454407507,13107.0,0.0,0.058807807044325325,0.20250006438176196,12.305650152299252,0.13293014163674582,2215.0,0.7020853124558926,0.0,0.0,inf,0.9853172593245907,6989.0,0.0
socofing:000115:right_little,central_only,0.10000000149011612,8037.0,0.49905066838150713,0.051020779417917515,0.17939865670927832,12.922529111845758,0.3773767097297166,14746.0,0.810385636985302,0.0,0.0,inf,0.968775695866555,1638.0,0.0,0.07182622433291096,0.22387055915926837,11.437169623914215,0.13291289060382785,9296.0,0.810385636985302,0.0,0.0,inf,0.968775695866555,1638.0,0.0
socofing:000118:left_thumb,central_only,0.20000000298023224,5791.0,0.9455765457829967,0.03533617592791262,0.14631055520570752,14.517804515261123,0.46291738361842083,13107.0,0.7686486393213272,0.0,0.0,inf,0.9739087140202672,3277.0,0.0,0.05429173060132545,0.18475866994180373,12.652663145678043,0.1488602194113441,6666.0,0.7686486393213272,0.0,0.0,inf,0.9739087140202672,3277.0,0.0
socofing:000118:left_index,central_only,0.30000001192092896,3692.0,0.5893738291745418,0.030819090946931277,0.140360620934625,15.111801755641922,0.5692691711620759,11469.0,0.7522788941860199,0.0,0.0,inf,0.9573482600258441,4915.0,0.0,0.048390897306778896,0.1720204721525423,13.152363247446601,0.17281639693007228,4141.0,0.7522788941860199,0.0,0.0,inf,0.9740570874716823,4775.0,0.0
socofing:000118:left_middle,central_only,0.4000000059604645,3363.0,0.18728833210099696,0.03799182815820725,0.14816889926594126,14.203098077898812,0.5537078241711336,9830.0,0.6221450567245483,0.0,0.0,inf,0.9828221538740486,6554.0,0.0,0.05905812928737168,0.19393702948743358,12.2872031377187,0.2630106969281838,3760.0,0.6221450567245483,0.0,0.0,inf,0.9828221538740486,6554.0,0.0
socofing:000118:left_ring,central_only,0.5,1476.0,0.2684845967717235,0.02174623407378759,0.11693758926230657,16.626159415866603,0.7055404444326311,8192.0,0.617240846157074,0.0,0.0,inf,0.9519820838827768,8192.0,0.0,0.05444357898684617,0.19551802242450483,12.640533330802398,0.26978194935724914,1655.0,0.617240846157074,0.0,0.0,inf,0.986748085925369,6613.0,0.0
socofing:000118:left_little,central_only,0.6000000238418579,962.0,0.18128651570351073,0.03380083516615062,0.12196016663143756,14.710725688475028,0.6794472304445516,6554.0,0.6881257593631744,0.0,0.0,inf,0.9647554700780852,9830.0,0.0,0.11565450239410956,0.26475480464349443,9.36837455614021,0.24959082660834264,971.0,0.6881257593631744,0.0,0.0,inf,0.9895440033724696,7051.0,0.0
socofing:000118:right_thumb,central_only,0.699999988079071,1214.0,0.45118795207211737,0.03653868850676292,0.11693266145799722,14.372470449555044,0.5951276325329066,4915.0,0.8175846859812737,0.0,0.0,inf,0.9814966749653503,11469.0,0.0,0.07215043741520408,0.20123803440787613,11.417610316330846,0.23427088074331784,1460.0,0.7916072006337345,0.0,0.0,inf,0.990959017691885,9897.0,0.0
socofing:000118:right_index,central_only,0.800000011920929,604.0,0.1764848159971749,0.02495142715065391,0.08746632635363212,16.029046089212326,0.7432263280793604,3277.0,0.797233060002327,0.0,0.0,inf,0.9919200894776465,13107.0,0.0,0.08212425260934528,0.20776675338751205,10.855285698110261,0.4134914514398056,661.0,0.797233060002327,0.0,0.0,inf,0.9939721386801821,10432.0,0.0
socofing:000118:right_middle,disconnected_fragments,0.10000000149011612,7571.0,0.4112398579362004,0.03728842812896091,0.15662406271362214,14.284259236729323,0.4211184928284786,14746.0,0.7911123186349869,0.0,0.0,inf,0.9037162369772402,1638.0,0.0,0.04777154546664467,0.18372290185703444,13.208307085433415,0.21130041370722652,9172.0,0.7911123186349869,0.0,0.0,inf,0.9102977875102215,1555.0,0.0
socofing:000118:right_ring,disconnected_fragments,0.20000000298023224,5031.0,0.4634693120821604,0.027451150440106847,0.13809003583683868,15.61439450145743,0.526265154189959,13107.0,0.5801065266132355,0.0,0.0,inf,0.9079428152498599,3277.0,0.0,0.039857328559721496,0.1682904250052576,13.994918132785765,0.17761942434418695,5799.0,0.5801065266132355,0.0,0.0,inf,0.9476817489210552,2773.0,0.0
socofing:000118:right_little,disconnected_fragments,0.30000001192092896,4404.0,0.7188632888810788,0.04075705156706065,0.15439103662770196,13.897972411148514,0.4716880021844542,11469.0,0.7236955016851425,0.0,0.0,inf,0.9298414476250506,4915.0,0.0,0.060469152578740006,0.19742525122306903,12.184661176013654,0.11352239781497654,5166.0,0.7236955016851425,0.0,0.0,inf,0.9556888031308198,2389.0,0.0
socofing:000132:left_thumb,disconnected_fragments,0.4000000059604645,6319.0,0.6830489918739895,0.07356961189355067,0.19601687216545746,11.333015350127397,0.2874007954915071,9830.0,0.907092927955091,0.0,0.0,inf,0.9748126417101408,6554.0,0.0,0.09377282653932521,0.24110678584942927,10.279229931107688,0.09314508664662761,6719.0,0.907092927955091,0.0,0.0,inf,0.9757571156049941,5647.0,0.0
socofing:000132:left_index,disconnected_fragments,0.5,3593.0,0.5982908289959082,0.04007945567685954,0.14307158137165743,13.970781852980345,0.5109621622837379,8192.0,0.8372274599969387,0.0,0.0,inf,0.9781426612896047,8192.0,0.0,0.07474740865600517,0.22177310286868937,11.264038588684858,0.12726512399572168,3911.0,0.8372274599969387,0.0,0.0,inf,0.9855310501881526,6463.0,0.0
socofing:000132:left_middle,disconnected_fragments,0.6000000238418579,3878.0,0.7109844625571862,0.06547520507196132,0.17769825936138497,11.839231326662778,0.38736626261495666,6554.0,0.9086171966046095,0.0,0.0,inf,0.982258257752719,9830.0,0.0,0.09725598679807233,0.24878245273827884,10.120836552635383,0.1586697024953018,4078.0,0.9086171966046095,0.0,0.0,inf,0.9835638798020055,7902.0,0.0
socofing:000132:left_ring,disconnected_fragments,0.699999988079071,2615.0,0.5840276784902494,0.04334010918150494,0.14518144000207936,13.631099989491634,0.4202184319164623,4915.0,0.8638220950961113,0.0,0.0,inf,0.9919681420362878,11469.0,0.0,0.07070590250271652,0.21722260388184167,11.505443299462497,0.15602740532383402,2844.0,0.8638220950961113,0.0,0.0,inf,0.9949484455417047,8688.0,0.0
socofing:000132:left_little,disconnected_fragments,0.800000011920929,564.0,0.019842312709014286,0.0051574058115773916,0.05180355844189927,22.875686946947468,0.7469633446722794,3277.0,0.5213098376989365,0.0,0.0,inf,0.9897642795842869,13107.0,0.0,0.010456605852122,0.07756394643734996,19.806092618266323,0.4588884407783678,589.0,0.48042288422584534,0.0,0.0,inf,0.9955489397403252,10627.0,0.0
socofing:000132:right_thumb,stripes,0.10000000149011612,10433.0,0.7338285307243454,0.06468539084452152,0.19942034417677457,11.89193793396619,0.20711593517108567,14746.0,0.8840991221368313,0.0,0.0,inf,0.8480128091293396,1638.0,0.0,0.07954797585720971,0.23145022792410597,10.993708667430887,0.051067903760532704,11337.0,0.8840991221368313,0.0,0.0,inf,0.9017629223809372,612.0,0.0
socofing:000132:right_index,stripes,0.20000000298023224,8703.0,0.7789605990626577,0.0576149492159531,0.18481647358480946,12.394648165829448,0.28306590477304505,13107.0,0.8456745743751526,0.0,0.0,inf,0.9468663016354928,3277.0,0.0,0.0765931857518097,0.22555776497731753,11.158098664251918,0.07329216416601078,9313.0,0.8456745743751526,0.0,0.0,inf,0.9556616377338549,2325.0,0.0
socofing:000132:right_middle,stripes,0.30000001192092896,7199.0,0.4486328582913736,0.04837261518455502,0.16575096199346295,13.15400432571864,0.33541288505169303,11469.0,0.9007596336305141,0.0,0.0,inf,0.948915874310646,4915.0,0.0,0.0657876709212338,0.20568076317925205,11.818554886440218,0.11089237867687159,7662.0,0.9007596336305141,0.0,0.0,inf,0.9548412360107742,3718.0,0.0
socofing:000132:right_ring,stripes,0.4000000059604645,7519.0,0.6396808316408147,0.08324516952182522,0.2202544755809244,10.796409579523477,0.17936600755576276,9830.0,0.9169211369007826,0.0,0.0,inf,0.9812885245551908,6554.0,0.0,0.09835913413106208,0.25367966871687986,10.07185303070337,0.07306288339236766,8119.0,0.9169211369007826,0.0,0.0,inf,0.9798159382655607,3675.0,0.0
socofing:000132:right_little,stripes,0.5,5466.0,0.25231626039873206,0.0430904937732499,0.14841529299121703,13.656185293098897,0.335603465721635,8192.0,0.7608357593417168,0.0,0.0,inf,0.9830538268389395,8192.0,0.0,0.05812589356676898,0.18807693367664663,12.356303576609735,0.11775104104407802,5905.0,0.7608357593417168,0.0,0.0,inf,0.97565653927764,4805.0,0.0
socofing:000138:left_thumb,stripes,0.6000000238418579,3523.0,0.6478860284766896,0.045271066961773944,0.15329366733861743,13.441792698044981,0.43894178179610477,6554.0,0.8173469300381839,0.0,0.0,inf,0.9835107262626489,9830.0,0.0,0.07169332974475902,0.21828943429357228,11.445212486529767,0.1663806135517248,3819.0,0.8173469300381839,0.0,0.0,inf,0.984417038247178,5584.0,0.0
socofing:000138:left_index,stripes,0.699999988079071,3521.0,0.4347172406499366,0.05690144001742595,0.17831590384669366,12.448767426785949,0.3611547570208571,4915.0,0.7546475455164909,0.0,0.0,inf,0.9846530805491641,11469.0,0.0,0.07123600046300103,0.21597980465546945,11.473004719377258,0.22182840767624878,3860.0,0.7546475455164909,0.0,0.0,inf,0.9812752105843766,6974.0,0.0
socofing:000138:left_middle,stripes,0.800000011920929,1777.0,0.8158769398698619,0.04224815920404879,0.15353525205332585,13.741922089613904,0.42536547707007427,3277.0,0.6594315320253372,0.0,0.0,inf,0.9912187588023782,13107.0,0.0,0.06572839634096876,0.2220766745294072,11.822469636235462,0.14150877568001838,1966.0,0.6594315320253372,0.0,0.0,inf,0.9915979311415732,7099.0,0.0
socofing:000138:left_ring,severe_partial,0.10000000149011612,7821.0,0.7547366785318863,0.07173265698063702,0.21201339271851136,11.442830825807285,0.37997310550162083,14746.0,0.8067305078729987,0.0,0.0,inf,0.8467783578610266,1638.0,0.0,0.11008599378606154,0.2799256579244696,9.582679326937102,0.09449820863906117,8526.0,0.8067305078729987,0.0,0.0,inf,0.8817955998326429,1149.0,0.0
socofing:000138:left_little,severe_partial,0.20000000298023224,6853.0,0.8169670998120966,0.06992504632982087,0.20722530190935587,11.553672372084353,0.3627738464206089,13107.0,0.852379142306745,0.0,0.0,inf,0.8932902693307829,3277.0,0.0,0.10194109579673838,0.2637796142578227,9.916507023549332,0.09641984866072605,7153.0,0.852379142306745,0.0,0.0,inf,0.9514343359651076,1784.0,0.0
socofing:000138:right_thumb,severe_partial,0.30000001192092896,4676.0,0.4482799132411298,0.03821769258783353,0.15445690186882982,14.177355372344804,0.5213313941800616,11469.0,0.7384179756045341,0.0,0.0,inf,0.9477876727912133,4915.0,0.0,0.06794968826914205,0.22003964781830782,11.678125313273956,0.12098799654257678,5084.0,0.7047542328946292,0.0,0.0,inf,0.9670810282209542,4075.0,0.0
socofing:000138:right_index,random_rectangles,0.10000000149011612,6736.0,0.48639925434056214,0.05849491687561488,0.1952102788927436,12.328818718457848,0.3734348818450087,14746.0,0.6456551514565945,0.0,0.0,inf,0.8468798044012464,1638.0,0.0,0.08272791061779688,0.2447649632519024,10.823479441075348,0.10545280688624582,8261.0,0.6456551514565945,0.0,0.0,inf,0.7867963237966538,15.0,0.0
socofing:000138:right_middle,random_rectangles,0.20000000298023224,5999.0,0.8680345161894673,0.06198963211243424,0.2025844326352656,12.07680941032099,0.38568587067777904,13107.0,0.809582173358649,0.0,0.0,inf,0.903671145332404,3277.0,0.0,0.08740343180117705,0.2553034743788111,10.584715149279072,0.08339906450403481,6657.0,0.809582173358649,0.0,0.0,inf,0.8587271672368922,645.0,0.0
socofing:000138:right_ring,random_rectangles,0.30000001192092896,7752.0,0.888013686618455,0.07520952000968446,0.21357048135268672,11.237271829989005,0.2918109404111364,11469.0,0.918117880821228,0.0,0.0,inf,0.9182534525197178,4915.0,0.0,0.09865800990075364,0.26050828378115765,10.058676492411811,0.10568079720114325,8371.0,0.918117880821228,0.0,0.0,inf,0.8145001360794148,881.0,0.0
socofing:000138:right_little,random_rectangles,0.4000000059604645,5854.0,0.7090822973770368,0.07851536675884706,0.22091903894896206,11.050453363063056,0.340229146079562,9830.0,0.8585465541109443,0.0,0.0,inf,0.9395333492477522,6554.0,0.0,0.11161099315639902,0.2858074663445012,9.522930273336222,0.1403203926171338,6568.0,0.8585465541109443,0.0,0.0,inf,0.924295504382164,1404.0,0.0
socofing:000153:left_thumb,random_rectangles,0.5,7012.0,0.5076252689658306,0.08054998735547154,0.2253821418198072,10.93934523419181,0.107760460427643,8192.0,0.9428904047235847,0.0,0.0,inf,0.9729392486159908,8192.0,0.0,0.0827647147591584,0.2313390189905266,10.821547773639217,0.08289814154210463,7859.0,0.9428904047235847,0.0,0.0,inf,0.9571269965739436,4694.0,0.0
socofing:000153:left_index,random_rectangles,0.6000000238418579,5212.0,0.6193337228123961,0.06485611838644559,0.19899644387957263,11.880490472417184,0.20104264635980745,6554.0,0.8267778716981411,0.0,0.0,inf,0.9806222968044391,9830.0,0.0,0.07191758524356655,0.217867760301074,11.431649032130952,0.12775117554424587,5898.0,0.8267778716981411,0.0,0.0,inf,0.972705506074096,5942.0,0.0
socofing:000153:left_middle,random_rectangles,0.699999988079071,3884.0,0.32083898497714963,0.05498405431986109,0.16638817435124792,12.597632400504681,0.2601339972386456,4915.0,0.9262728076428175,0.0,0.0,inf,0.9877141494042423,11469.0,0.0,0.06498496251800737,0.1923294789840901,11.871871272185658,0.12364626968020118,4022.0,0.9262728076428175,0.0,0.0,inf,0.9828801195258647,7515.0,0.0
socofing:000153:left_ring,random_rectangles,0.800000011920929,2973.0,0.1807363814057271,0.06799251746332903,0.21682107519031,11.675388785171448,0.14429346573485247,3277.0,0.7816345021128654,0.0,0.0,inf,0.9873655763319409,13107.0,0.0,0.06718422542548129,0.21602965838361723,11.72732685500873,0.1408629051454929,3221.0,0.7816345021128654,0.0,0.0,inf,0.9821357129777925,8139.0,0.0
socofing:000153:left_little,irregular,0.10000000149011612,8180.0,0.678133144978358,0.052612498318798044,0.1811953051973899,12.7891107512155,0.32529330954917784,14746.0,0.867176054045558,0.0,0.0,inf,0.6337107939872818,1638.0,0.0,0.0743843332091405,0.22574997213666081,11.285185257081096,0.10314325023959757,9188.0,0.867176054045558,0.0,0.0,inf,0.7787608194028808,694.0,0.0
socofing:000153:right_thumb,irregular,0.20000000298023224,8585.0,0.4436884821892578,0.05661561132217959,0.17984753900449238,12.470637989135387,0.24552810581823586,13107.0,0.9168773256242275,0.0,0.0,inf,0.8860876808978793,3277.0,0.0,0.06633391243221308,0.20662799292628953,11.782643868775416,0.10712370690949775,10118.0,0.9168773256242275,0.0,0.0,inf,0.8759072379481984,2300.0,0.0
socofing:000153:right_index,irregular,0.30000001192092896,7351.0,0.4033950035860477,0.04086448503390807,0.14997222740536076,13.886539696031587,0.31960393721262526,11469.0,0.7966221496462822,0.0,0.0,inf,0.9001397449771896,4915.0,0.0,0.05126172602194011,0.17611514281754614,12.902067748746726,0.15545823503059092,8607.0,0.7966221496462822,0.0,0.0,inf,0.8821863002931383,2970.0,0.0
socofing:000153:right_middle,irregular,0.4000000059604645,6120.0,0.3032183753830115,0.03626069696076387,0.1418257358141001,14.405638526590183,0.34095312222429913,9830.0,0.7591992579400539,0.0,0.0,inf,0.9410809463833053,6554.0,0.0,0.04555067020741808,0.17098662641286347,13.415052286746912,0.17359867627737352,7245.0,0.7591992579400539,0.0,0.0,inf,0.9389531124387053,4809.0,0.0
socofing:000153:right_ring,irregular,0.5,3919.0,0.28196864730243903,0.031908373666839726,0.12582582067557269,14.960953307333709,0.42152682528607044,8192.0,0.836017545312643,0.0,0.0,inf,0.9378952287307846,8192.0,0.0,0.04574612964153761,0.16103467734744278,13.396456435959276,0.20305512601660144,5151.0,0.836017545312643,0.0,0.0,inf,0.9490305677772908,6311.0,0.0
socofing:000153:right_little,irregular,0.6000000238418579,3727.0,0.2851461785776522,0.044287500111911515,0.15353341691508868,13.537188335613335,0.4161274252763214,6554.0,0.7299594804644585,0.0,0.0,inf,0.9594399798946828,9830.0,0.0,0.06686400610958372,0.21104712220334176,11.74807606517535,0.19253161689680343,4077.0,0.7299594804644585,0.0,0.0,inf,0.9587399876545764,5708.0,0.0
socofing:000161:left_thumb,irregular,0.699999988079071,3516.0,0.130600093574763,0.044974842000415884,0.15393942424066798,13.470303536848691,0.3661324058902216,4915.0,0.7949560806155205,0.0,0.0,inf,0.9775505372772321,11469.0,0.0,0.05730349456861845,0.1894429910549299,12.418188924202155,0.20441397705083866,3615.0,0.6849320977926254,0.0,0.0,inf,0.974143862981711,8795.0,0.0
socofing:000161:left_index,irregular,0.800000011920929,2668.0,0.09266307246227316,0.039508412362149595,0.1493274365926345,14.033104220070191,0.3362190606338879,3277.0,0.7683679983019829,0.0,0.0,inf,0.9826601088373529,13107.0,0.0,0.04579358754737914,0.16972175622897215,13.391953317726191,0.2215738652740084,2699.0,0.7683679983019829,0.0,0.0,inf,0.9779820342965218,7934.0,0.0
socofing:000161:left_middle,central_missing,0.10000000149011612,10315.0,0.5524366381356312,0.05659943509790142,0.18537170939219724,12.471879033539286,0.2103088359711695,14746.0,0.8426432590931654,0.0,0.0,inf,0.8713856031157836,1638.0,0.0,0.06829021319213094,0.21059918809570063,11.656415314751587,0.06327466171239106,11618.0,0.8426432590931654,0.0,0.0,inf,0.9194943667525984,153.0,0.0
socofing:000161:left_ring,central_missing,0.20000000298023224,7840.0,0.647597991122538,0.05369995956954017,0.18254510846635308,12.700260412786978,0.29903313630516687,13107.0,0.8008354268968105,0.0,0.0,inf,0.9268982516896969,3277.0,0.0,0.06966175781216626,0.21922953328403924,11.570055709559881,0.06737423109317307,8669.0,0.8008354268968105,0.0,0.0,inf,0.9468907294284618,522.0,0.0
socofing:000161:left_little,central_missing,0.30000001192092896,6529.0,0.665662258009424,0.049961607946733405,0.1780445507383017,13.01363592892856,0.32913219234323055,11469.0,0.7209376618266106,0.0,0.0,inf,0.9456651620699336,4915.0,0.0,0.06513759447050937,0.21331253030661187,11.861682839577304,0.07839793684589992,6975.0,0.7209376618266106,0.0,0.0,inf,0.9318899973093209,416.0,0.0
socofing:000161:right_thumb,central_missing,0.4000000059604645,9457.0,0.6768007525194913,0.07662827630906754,0.22566127010298057,11.156109434356125,0.05360747794852913,9830.0,0.8500735145062208,0.0,0.0,inf,0.9727296845289808,6554.0,0.0,0.07700328471639918,0.22670396917552815,11.13490748804393,0.04958817282262551,9766.0,0.8500735145062208,0.0,0.0,inf,0.9431677479237437,2727.0,0.0
socofing:000161:right_index,central_missing,0.5,7857.0,0.5709287669044382,0.07229131567855208,0.21510896809223823,11.409138711620702,0.08968703669764058,8192.0,0.9109457693994045,0.0,0.0,inf,0.984013251656199,8192.0,0.0,0.07316168601584795,0.21749510114416729,11.357162947355059,0.07975572891567169,8094.0,0.9109457693994045,0.0,0.0,inf,0.9654382069829546,3450.0,0.0
socofing:000161:right_middle,central_missing,0.6000000238418579,6284.0,0.6348184721198549,0.06972192959892863,0.22798559355886575,11.566306020185763,0.054741004467679155,6554.0,0.6583510618656874,0.0,0.0,inf,0.990217967411774,9830.0,0.0,0.06972192959892863,0.22798559355886575,11.566306020185763,0.054741004467679155,6554.0,0.6583510618656874,0.0,0.0,inf,0.983914790842713,5978.0,0.0
socofing:000161:right_ring,central_missing,0.699999988079071,4578.0,0.6668688512140002,0.04758960956458449,0.1804853132981826,13.224878582321747,0.07344226218159304,4915.0,0.7384325852617621,0.0,0.0,inf,0.9908539958669531,11469.0,0.0,0.04758960956458449,0.1804853132981826,13.224878582321747,0.07344226218159304,4915.0,0.7384325852617621,0.0,0.0,inf,0.9846013620960195,6812.0,0.0
socofing:000161:right_little,central_missing,0.800000011920929,3081.0,0.3432886287225141,0.061008032311725635,0.20680685320355824,12.14612982054662,0.07080385106918982,3277.0,0.8189806863665581,0.0,0.0,inf,0.9919348565559849,13107.0,0.0,0.061008032311725635,0.20680685320355824,12.14612982054662,0.07080385106918982,3277.0,0.8189806863665581,0.0,0.0,inf,0.983300184025165,6330.0,0.0
socofing:000163:left_thumb,peripheral_only,0.10000000149011612,8686.0,0.882934235466148,0.033648251933195907,0.14903653600913414,14.730374929700702,0.35255347291631595,14746.0,0.648676723241806,0.0,0.0,inf,0.8181879880326248,1638.0,0.0,0.04567527482446044,0.17821431513630798,13.403188308525438,0.1011297243992643,9278.0,0.648676723241806,0.0,0.0,inf,0.8793405371738119,1106.0,0.0
socofing:000163:left_index,peripheral_only,0.20000000298023224,6961.0,0.5085177808303362,0.02836446956197005,0.13339247677949578,15.472253336738746,0.3951629845859903,13107.0,0.6276223659515381,0.0,0.0,inf,0.8769367177911007,3277.0,0.0,0.040298406165813025,0.1646751800438464,13.947121302132501,0.12149950631498178,7710.0,0.6276223659515381,0.0,0.0,inf,0.9461266239553844,2138.0,0.0
socofing:000163:left_middle,peripheral_only,0.30000001192092896,5993.0,0.5145831353554652,0.023751401524636024,0.1205424165905525,16.243107583988213,0.39619620468278016,11469.0,0.592849612236023,0.0,0.0,inf,0.9299476555926003,4915.0,0.0,0.033943264593770194,0.15218610178369008,14.692463904544788,0.12520489643098032,7049.0,0.592849612236023,0.0,0.0,inf,0.959166843959142,3145.0,0.0
socofing:000163:left_ring,peripheral_only,0.4000000059604645,3713.0,0.48799454783450136,0.02499672910967912,0.12584386017033308,16.021168162300945,0.49156520504683254,9830.0,0.6004485785961151,0.0,0.0,inf,0.9154035999774784,6554.0,0.0,0.03812908746905137,0.16063866313216288,14.187435884293942,0.14890991639939163,4372.0,0.6004485785961151,0.0,0.0,inf,0.9570620774293429,2978.0,0.0
socofing:000163:left_little,peripheral_only,0.5,2664.0,0.43001879188853065,0.016164712399332593,0.1035941807567724,17.91432017900181,0.5135342558200124,8192.0,0.5478276312351227,0.0,0.0,inf,0.9083910380251912,8192.0,0.0,0.02381536743803794,0.12410178470395809,16.231427135401173,0.18862514057702748,3536.0,0.526037722826004,0.0,0.0,inf,0.9630628351591426,3034.0,0.0
socofing:000163:right_thumb,peripheral_only,0.6000000238418579,3519.0,0.33212932033607495,0.03845655055180704,0.13615818109372127,14.150296733866835,0.353173555895298,6554.0,0.8954455237835646,0.0,0.0,inf,0.9807135591722429,9830.0,0.0,0.049436290259262015,0.169457359452064,13.059541265191633,0.12909090786907187,4455.0,0.8954455237835646,0.0,0.0,inf,0.9795890317899757,7943.0,0.0
socofing:000163:right_index,peripheral_only,0.699999988079071,2604.0,0.24968182557218518,0.019926803667612965,0.0992898614063389,17.005623581406667,0.4394849510694047,4915.0,0.6809220314025879,0.0,0.0,inf,0.9797994977378366,11469.0,0.0,0.0272669227377,0.13159768818086123,15.643638724524514,0.17132579498737643,2971.0,0.6809220314025879,0.0,0.0,inf,0.9792833877690257,7931.0,0.0
socofing:000163:right_middle,peripheral_only,0.800000011920929,1822.0,0.35501724064657625,0.024214552540284824,0.11587291958477254,16.15923551853067,0.38596703280081424,3277.0,0.6422951370477676,0.0,0.0,inf,0.991970825336196,13107.0,0.0,0.0333160272224306,0.1541243904774151,14.773467917263046,0.1427076517161174,2057.0,0.6422951370477676,0.0,0.0,inf,0.9923632153660678,8942.0,0.0
socofing:000163:right_ring,central_only,0.10000000149011612,6786.0,0.5935776954558591,0.028455494672394978,0.13764888165089423,15.458338601830807,0.44624707267245045,14746.0,0.6221631467342377,0.0,0.0,inf,0.9566002231857678,1638.0,0.0,0.037192756168188935,0.15527483338785994,14.295416370676703,0.14932437877574684,8008.0,0.6221631467342377,0.0,0.0,inf,0.9566002231857678,1638.0,0.0
socofing:000163:right_little,central_only,0.20000000298023224,3948.0,0.4128390229308993,0.03508112426912749,0.15144594760965935,14.549264969464106,0.5284923782785668,13107.0,0.6461356580257416,0.0,0.0,inf,0.9709141423948375,3277.0,0.0,0.05162665676225498,0.1828125423169231,12.87125998073366,0.168826371922615,5271.0,0.6461356580257416,0.0,0.0,inf,0.9709141423948375,3277.0,0.0
socofing:000185:left_thumb,central_only,0.30000001192092896,6103.0,0.6746780407440719,0.04958477654735528,0.16407735144928337,13.046516395641646,0.35981742285919216,11469.0,0.8210719805210829,0.0,0.0,inf,0.9810603814544735,4915.0,0.0,0.06824871126896927,0.20477218843110676,11.659055449327674,0.11104201050412772,6779.0,0.8055264335125685,0.0,0.0,inf,0.9810603814544735,4915.0,0.0
socofing:000185:left_index,central_only,0.4000000059604645,2713.0,0.5612980344410433,0.02771763643122026,0.13139712407124832,15.572438061180652,0.6355855450861557,9830.0,0.732516823336482,0.0,0.0,inf,0.9481098018635499,6554.0,0.0,0.058840072769675004,0.19690304020738672,12.30326798836269,0.1709316312656915,2844.0,0.7056082412600517,0.0,0.0,inf,0.9838489125541302,5211.0,0.0
socofing:000185:left_middle,central_only,0.5,3137.0,0.40721581353216557,0.0342566697584089,0.12665000545462135,14.652548589958734,0.5312565562119382,8192.0,0.7789930030703545,0.0,0.0,inf,0.9875299472393665,8192.0,0.0,0.05255476299721198,0.17628304908895306,12.793879180816303,0.23491595171552007,3351.0,0.7665380761027336,0.0,0.0,inf,0.9875299472393665,8192.0,0.0
socofing:000185:left_ring,central_only,0.6000000238418579,1909.0,0.7299455152070532,0.034007253530330954,0.11727320120771076,14.684284408336929,0.5575798843903167,6554.0,0.839012204669416,0.0,0.0,inf,0.9749501612576585,9830.0,0.0,0.05031888048913884,0.17125061165241676,12.982690297805524,0.21743320543617406,2175.0,0.772928174585104,0.0,0.0,inf,0.9909745605351936,7671.0,0.0
socofing:000185:left_little,central_only,0.699999988079071,1175.0,0.6039303352491835,0.0215604900169729,0.09810175342761958,16.663413729264395,0.6418091350254621,4915.0,0.8275769911706448,0.0,0.0,inf,0.9827896543938994,11469.0,0.0,0.0464513418316292,0.16822355768154465,13.330017361018738,0.22530015856862426,1305.0,0.7178204618394375,0.0,0.0,inf,0.9869970378737822,6301.0,0.0
socofing:000185:right_thumb,central_only,0.800000011920929,891.0,0.6189102607244025,0.03388605232221185,0.1067404612035712,14.699790229165796,0.5903232121878276,3277.0,0.8288571164011955,0.0,0.0,inf,0.9932443680702631,13107.0,0.0,0.054916244019016826,0.17268559158376398,12.602991738678508,0.2452843024357678,963.0,0.8288571164011955,0.0,0.0,inf,0.995436442167079,11524.0,0.0
socofing:000185:right_index,disconnected_fragments,0.10000000149011612,9881.0,0.5772098237237571,0.08912178909632039,0.2221599449164848,10.500161037360947,0.24506672919305356,14746.0,0.9110723715275526,0.0,0.0,inf,0.9012131580229279,1638.0,0.0,0.1133640806264805,0.26942387298702586,9.45524529718367,0.08135345305534963,10837.0,0.9110723715275526,0.0,0.0,inf,0.9254318315853243,1510.0,0.0
socofing:000185:right_middle,disconnected_fragments,0.20000000298023224,7946.0,0.8421618503060949,0.08465197798439478,0.22205635307320762,10.72362889679419,0.2887874120495485,13107.0,0.9206225872039795,0.0,0.0,inf,0.8885541981088058,3277.0,0.0,0.11242242913972443,0.28551409950031637,9.49147035031512,0.06184549285408609,8282.0,0.9119783630594611,0.0,0.0,inf,0.923769230907004,886.0,0.0
socofing:000185:right_ring,disconnected_fragments,0.30000001192092896,4764.0,0.4312087682200044,0.04034867839610849,0.15460286685336655,13.941706858409749,0.49847532106702597,11469.0,0.813563821837306,0.0,0.0,inf,0.9433040551288334,4915.0,0.0,0.06324390283384353,0.20640926862915676,11.989813372391698,0.115187952148116,4990.0,0.813563821837306,0.0,0.0,inf,0.9682015163480552,3475.0,0.0
socofing:000185:right_little,disconnected_fragments,0.4000000059604645,5381.0,0.633332533100599,0.05587496128851105,0.16761376944802595,12.527827647493467,0.4117704898722821,9830.0,0.8834478845819831,0.0,0.0,inf,0.969813741780231,6554.0,0.0,0.08766214986102831,0.23472848734992907,10.571878827428344,0.13641279636518144,5577.0,0.8834478845819831,0.0,0.0,inf,0.9729283145182441,4233.0,0.0
socofing:000200:left_thumb,disconnected_fragments,0.5,4439.0,0.6813097749536801,0.07625556788790877,0.2009227277167156,11.177284403128198,0.36210342075089486,8192.0,0.8983194809406996,0.0,0.0,inf,0.9860108917844109,8192.0,0.0,0.11890498069108398,0.29086912475288373,9.247999532757616,0.09738633078793285,4587.0,0.8983194809406996,0.0,0.0,inf,0.9896111012032655,6556.0,0.0
socofing:000200:left_index,disconnected_fragments,0.6000000238418579,3496.0,0.16022694373229318,0.04453511327640707,0.1537328200932873,13.512974387057245,0.4554668372984983,6554.0,0.7422202676534653,0.0,0.0,inf,0.9760646837140446,9830.0,0.0,0.07405943085291342,0.22934354644344632,11.30419629828959,0.15328121978313405,3633.0,0.7422202676534653,0.0,0.0,inf,0.9839544992493455,6734.0,0.0
socofing:000200:left_middle,disconnected_fragments,0.699999988079071,1445.0,0.13628410864680976,0.04410063350713631,0.14978201534127247,13.555551718319931,0.5656561045804913,4915.0,0.706323117017746,0.0,0.0,inf,0.9947019673773855,11469.0,0.0,0.08891424959488274,0.25232844839257285,10.510286324548996,0.21349270262501718,1496.0,0.706323117017746,0.0,0.0,inf,0.9944213476214976,8708.0,0.0
socofing:000200:left_ring,disconnected_fragments,0.800000011920929,915.0,0.1908180401638249,0.04634086369777065,0.1472443525344338,13.340358761204872,0.4695232477288938,3277.0,0.8407364934682846,0.0,0.0,inf,0.9934236350894422,13107.0,0.0,0.06937857655021443,0.2058106629586955,11.587746148820955,0.2125542931596892,1480.0,0.8407364934682846,0.0,0.0,inf,0.9909525086842053,7921.0,0.0
socofing:000200:left_little,stripes,0.10000000149011612,5951.0,0.4118066116193646,0.05328400447716234,0.18018169119231206,12.73403143879378,0.43664050083394557,14746.0,0.8316688314080238,0.0,0.0,inf,0.8952483982323005,1638.0,0.0,0.07782814653124076,0.22160111084644135,11.0886331210345,0.11709673129428708,7338.0,0.8316688314080238,0.0,0.0,inf,0.92568258958949,1067.0,0.0
socofing:000200:right_thumb,stripes,0.20000000298023224,9061.0,0.6115566832093757,0.07537502971294742,0.21028924343938823,11.227725036522358,0.26560253822065566,13107.0,0.8537277542054653,0.0,0.0,inf,0.9370120094904154,3277.0,0.0,0.09695981075940488,0.2576669979525469,10.13408240808012,0.07150711365126451,9501.0,0.8537277542054653,0.0,0.0,inf,0.9511299505849203,2086.0,0.0
socofing:000200:right_index,stripes,0.30000001192092896,6850.0,0.4023753523011896,0.04666491330376971,0.16576743339383204,13.31009536687204,0.32784332060985494,11469.0,0.8600684385746717,0.0,0.0,inf,0.983064378546695,4915.0,0.0,0.059805725795617506,0.20291177234351646,12.232572347005517,0.12406410726475149,7786.0,0.8600684385746717,0.0,0.0,inf,0.9819965804073212,3871.0,0.0
socofing:000200:right_middle,stripes,0.4000000059604645,6163.0,0.20917300305490913,0.044227463710845745,0.1538898286548948,13.543079651740786,0.3362212124278744,9830.0,0.8399147093296051,0.0,0.0,inf,0.9346735753301252,6554.0,0.0,0.058104818051128555,0.18698633505873427,12.357878544209747,0.14406703632982965,6670.0,0.8399147093296051,0.0,0.0,inf,0.9539612415079195,3893.0,0.0
socofing:000200:right_ring,stripes,0.5,4258.0,0.5363833403370107,0.07437271503872672,0.1924559885309236,11.285863639365525,0.3244536557699667,8192.0,0.920386731158942,0.0,0.0,inf,0.9801316553208506,8192.0,0.0,0.09553590552825927,0.23707445928318305,10.198333756190026,0.13373800388651116,5116.0,0.920386731158942,0.0,0.0,inf,0.975245139147799,5412.0,0.0
socofing:000200:right_little,stripes,0.6000000238418579,3533.0,0.486909782175456,0.062396466098285405,0.1925198760472362,12.048400064309536,0.32192057572921845,6554.0,0.7420301139354706,0.0,0.0,inf,0.9849961389262671,9830.0,0.0,0.08579332908734853,0.2498080159914807,10.665464796709372,0.09612864726033137,4322.0,0.7420301139354706,0.0,0.0,inf,0.9805661538666359,4530.0,0.0
socofing:000203:left_thumb,stripes,0.699999988079071,2207.0,0.5772323547747603,0.06341949695401113,0.1639956113838781,11.977772071364857,0.5315114181386095,4915.0,0.8806576114147902,0.0,0.0,inf,0.9915716887991021,11469.0,0.0,0.13193343036996535,0.2938063627832414,8.796451454269127,0.11878394228226738,2236.0,0.8806576114147902,0.0,0.0,inf,0.9944178322522144,7479.0,0.0
socofing:000203:left_index,stripes,0.800000011920929,2435.0,0.4469474837382739,0.059638307288411484,0.1776450381197631,12.244746916062816,0.28857810966381703,3277.0,0.8091284185647964,0.0,0.0,inf,0.9913031382136035,13107.0,0.0,0.07439376514272752,0.2146680886089893,11.284634606580601,0.14698916773847331,2527.0,0.8091284185647964,0.0,0.0,inf,0.9876180349195556,6520.0,0.0
socofing:000203:left_middle,severe_partial,0.10000000149011612,8066.0,0.5820608369508204,0.05968528711513887,0.1932912258149064,12.241327126261023,0.37624407394193193,14746.0,0.8233899469487369,0.0,0.0,inf,0.8227441559847835,1638.0,0.0,0.0915090676306743,0.2577006055063488,10.385358695745342,0.08191805437326032,8379.0,0.8233899469487369,0.0,0.0,inf,0.9347591027409082,957.0,0.0
socofing:000203:left_ring,severe_partial,0.20000000298023224,6498.0,0.6025704583963254,0.06393632280273072,0.19606124164696187,11.942523451116585,0.4197345467084381,13107.0,0.8285499205812812,0.0,0.0,inf,0.9075549005623064,3277.0,0.0,0.10432170584862678,0.2755769550395879,9.816253200535996,0.07736329914044056,6770.0,0.8285499205812812,0.0,0.0,inf,0.9605815501821826,2059.0,0.0
socofing:000203:left_little,severe_partial,0.30000001192092896,3684.0,0.7051775528600077,0.0501164116273619,0.1809535636421631,13.000200323751358,0.5161561268149149,11469.0,0.7287450358271599,0.0,0.0,inf,0.8826401414416392,4915.0,0.0,0.09532353982828837,0.27069766418212965,10.207998385523133,0.09840900936412987,3899.0,0.7079017153009772,0.0,0.0,inf,0.9632102357672803,2849.0,0.0
socofing:000203:right_thumb,random_rectangles,0.10000000149011612,9666.0,0.8115616067237991,0.07383054458531026,0.21274991197714668,11.317639281436612,0.23428532072062816,14746.0,0.9017297625541687,0.0,0.0,inf,0.8244237801902141,1638.0,0.0,0.09613737654476824,0.2588231982964133,10.17107733337767,0.04386076441075318,10757.0,0.8725178241729736,0.0,0.0,inf,0.47853855201932877,9.0,0.0
socofing:000203:right_index,random_rectangles,0.20000000298023224,7324.0,0.8292865428660511,0.06970428267344769,0.21337258917736926,11.56740537765592,0.33435782870259856,13107.0,0.8645223379135132,0.0,0.0,inf,0.9155535316164413,3277.0,0.0,0.09430081772160996,0.25979317897497906,10.254845412982688,0.07545743932680749,7660.0,0.8645223379135132,0.0,0.0,inf,0.9280631878914873,670.0,0.0
socofing:000203:right_middle,random_rectangles,0.30000001192092896,8200.0,0.6187034322315357,0.060146302345155465,0.18492354847344133,12.207910669185932,0.2746730492899456,11469.0,0.9060804238542914,0.0,0.0,inf,0.943879711209189,4915.0,0.0,0.07875909503751552,0.22586591194926497,11.036992826617924,0.07868726868007975,8402.0,0.9060804238542914,0.0,0.0,inf,0.9387062289900574,1450.0,0.0
socofing:000203:right_ring,random_rectangles,0.4000000059604645,6093.0,0.3965022495490276,0.04453443102104949,0.16209991494201254,13.513040919279764,0.3524080377790516,9830.0,0.7504922142252326,0.0,0.0,inf,0.94411304973317,6554.0,0.0,0.06201276134397162,0.20608960030839027,12.07518929679514,0.10563113975401217,6339.0,0.7504922142252326,0.0,0.0,inf,0.9578305408371922,2273.0,0.0
socofing:000203:right_little,random_rectangles,0.5,4988.0,0.2075921840754295,0.06116877618146894,0.18813343974096597,12.1347020845024,0.3484314827720989,8192.0,0.7995796948671341,0.0,0.0,inf,0.962760032710239,8192.0,0.0,0.08691744854381975,0.24078698253720704,10.608930308513244,0.1287778367821296,5213.0,0.7995796948671341,0.0,0.0,inf,0.96061055797526,3372.0,0.0
socofing:000206:left_thumb,random_rectangles,0.6000000238418579,5786.0,0.6568349227274307,0.14069262341273642,0.2946175086422265,8.51728672253427,0.1415069328087682,6554.0,0.943375229369849,0.0,0.0,inf,0.9743474559867332,9830.0,0.0,0.15085039229213834,0.3158652398613466,8.214535560883334,0.08607581552276972,5925.0,0.943375229369849,0.0,0.0,inf,0.9764440617176525,5370.0,0.0
socofing:000206:left_index,random_rectangles,0.699999988079071,4493.0,0.43524847906707437,0.05762582605518079,0.19048984077534548,12.39382836029446,0.12738245155383082,4915.0,0.8106555920094252,0.0,0.0,inf,0.988736395587377,11469.0,0.0,0.0598623351951325,0.1975017931174327,12.228463455883931,0.09472267291471856,4731.0,0.8106555920094252,0.0,0.0,inf,0.9825228013177665,7248.0,0.0
socofing:000206:left_middle,random_rectangles,0.800000011920929,2734.0,0.6418490451110618,0.050294680697633244,0.17842079004597375,12.98477944682138,0.1577193476739431,3277.0,0.7801961228251457,0.0,0.0,inf,0.9950007246632007,13107.0,0.0,0.051601689850683016,0.18785602335323387,12.87336075876471,0.09680274012358028,2948.0,0.7071877717971802,0.0,0.0,inf,0.9932309260608675,9323.0,0.0
socofing:000206:left_ring,irregular,0.10000000149011612,10412.0,0.36121860641741793,0.05687707722609548,0.18366759967869967,12.450627290362418,0.2618341938913654,14746.0,0.8073593359440565,0.0,0.0,inf,0.8604699321175852,1638.0,0.0,0.07085358296655787,0.2172145403560525,11.496381831968975,0.09003590645829902,10753.0,0.8073593359440565,0.0,0.0,inf,0.875406922834482,1131.0,0.0
socofing:000206:left_little,irregular,0.20000000298023224,8220.0,0.3354104962267285,0.04670020452733511,0.16501289818993975,13.306812174017995,0.333114009596313,13107.0,0.7837875783443451,0.0,0.0,inf,0.8040576108929263,3277.0,0.0,0.06135113755297179,0.20143453545842838,12.121773803143462,0.12648710208120806,8745.0,0.7837875783443451,0.0,0.0,inf,0.8332258259885464,2379.0,0.0
socofing:000206:right_thumb,irregular,0.30000001192092896,8101.0,0.36242944609001465,0.0755361903980875,0.2118305212513817,11.218449222197659,0.23954321412586246,11469.0,0.8935492630116642,0.0,0.0,inf,0.9384837230674596,4915.0,0.0,0.09151233890941357,0.25043468003493286,10.385203446331381,0.10795843674556513,8771.0,0.8935492630116642,0.0,0.0,inf,0.9350434183079775,4030.0,0.0
socofing:000206:right_index,irregular,0.4000000059604645,7235.0,0.1869385612861098,0.061100624918820734,0.1838719109927862,12.139543479013478,0.27594925497167283,9830.0,0.8695076089352369,0.0,0.0,inf,0.9470581138904717,6554.0,0.0,0.07259876167471112,0.21555650528561585,11.39070787046826,0.13636633095763884,7498.0,0.8695076089352369,0.0,0.0,inf,0.944937122327028,4609.0,0.0
socofing:000206:right_middle,irregular,0.5,6293.0,0.10927754346470586,0.05411919229499439,0.1732506956425368,12.666486936790813,0.3012339313387011,8192.0,0.8688138052821159,0.0,0.0,inf,0.960972652265662,8192.0,0.0,0.06377093162706503,0.20053552515488202,11.953772383751705,0.1682628641144978,6590.0,0.8688138052821159,0.0,0.0,inf,0.9541249735202333,5682.0,0.0
socofing:000206:right_ring,irregular,0.6000000238418579,4516.0,0.11281246457875617,0.041745248303295644,0.14578934079536307,13.793929513923953,0.38002334875661037,6554.0,0.8436125479638577,0.0,0.0,inf,0.9655729021084647,9830.0,0.0,0.05206355311744901,0.17835141615204675,12.834661964525713,0.21834353152551594,4698.0,0.8436125479638577,0.0,0.0,inf,0.9591624460126785,7400.0,0.0
socofing:000206:right_little,irregular,0.699999988079071,3124.0,0.10851585157550811,0.03942547087302178,0.14312396394666796,14.042231110280047,0.406462198267415,4915.0,0.8826628308743238,0.0,0.0,inf,0.9652718493164053,11469.0,0.0,0.04903519906247895,0.1779131635542958,13.094920573057124,0.22564590712288493,3281.0,0.7109819576144218,0.0,0.0,inf,0.9551900717660071,6428.0,0.0
socofing:000214:left_thumb,irregular,0.800000011920929,2021.0,0.11302862635362951,0.05650979373721609,0.1723887962964129,12.478762778897208,0.4233895573335349,3277.0,0.7947499081492424,0.0,0.0,inf,0.9844021545516779,13107.0,0.0,0.08377100410041818,0.24327953643688227,10.76906278963027,0.2137792900431114,2188.0,0.7947499081492424,0.0,0.0,inf,0.9795535715837314,7505.0,0.0
socofing:000214:left_index,central_missing,0.10000000149011612,8372.0,0.981985004201845,0.08870895922534955,0.23851269279715523,10.520325160686054,0.26190159045651934,14746.0,0.8446779837831855,0.0,0.0,inf,0.8396317476844821,1638.0,0.0,0.11512402220093419,0.2846784941284767,9.388340454338964,0.056560005705075744,9518.0,0.8446779837831855,0.0,0.0,inf,0.6709995031508501,43.0,0.0
socofing:000214:left_middle,central_missing,0.20000000298023224,8139.0,0.8850141795066604,0.07025021467161972,0.21179532668896278,11.533523442975099,0.25768247022500873,13107.0,0.8780962806195021,0.0,0.0,inf,0.9250761281360665,3277.0,0.0,0.08793372159932024,0.24764888225231277,10.55844545904274,0.06350992487124292,9038.0,0.8532790523022413,0.0,0.0,inf,0.9458498481726496,228.0,0.0
socofing:000214:left_ring,central_missing,0.30000001192092896,6167.0,0.4903447507512574,0.06676155423890621,0.21026566200564428,11.754735613049036,0.32732456973749563,11469.0,0.864188190549612,0.0,0.0,inf,0.9478710270019879,4915.0,0.0,0.08630906816140495,0.25448871283517105,10.639435722388644,0.06796713118469505,6682.0,0.864188190549612,0.0,0.0,inf,0.9404785174520262,513.0,0.0
socofing:000214:left_little,central_missing,0.4000000059604645,6406.0,0.859077721369695,0.06626168381795657,0.2048035538868575,11.787375321794503,0.2936693101907074,9830.0,0.8699151240289211,0.0,0.0,inf,0.9473521830250642,6554.0,0.0,0.09095277152548835,0.25482477397090003,10.4118406251708,0.09326918655096024,6689.0,0.8699151240289211,0.0,0.0,inf,0.8319196790013323,369.0,0.0
socofing:000214:right_thumb,central_missing,0.5,7375.0,0.35055635767285315,0.07646012095526404,0.20633977391548797,11.165650192889737,0.11454977091950472,8192.0,0.9409973020665348,0.0,0.0,inf,0.9811354756015007,8192.0,0.0,0.08069999235596266,0.21637813688410848,10.931265064150224,0.073011447157958,7757.0,0.9409973020665348,0.0,0.0,inf,0.9600768608301372,2668.0,0.0
socofing:000214:right_index,central_missing,0.6000000238418579,5788.0,0.371793749943392,0.06894835498356548,0.20045440554495778,11.614760910556827,0.16488131170372533,6554.0,0.8993715043179691,0.0,0.0,inf,0.9874510637624394,9830.0,0.0,0.0740326570116879,0.21337584744076044,11.305766636286434,0.1130554247723229,6097.0,0.8993715043179691,0.0,0.0,inf,0.9778641643673348,5030.0,0.0
socofing:000214:right_middle,central_missing,0.699999988079071,3967.0,0.22459555999549083,0.05351681164705859,0.1812581545210018,12.715097682846173,0.17428307089383543,4915.0,0.708180483430624,0.0,0.0,inf,0.982718852525189,11469.0,0.0,0.060995837408855794,0.19509868410762965,12.146998019080566,0.10960126349091573,4074.0,0.708180483430624,0.0,0.0,inf,0.9835678026200917,4436.0,0.0
socofing:000214:right_ring,central_missing,0.800000011920929,3220.0,0.2179667484533122,0.06847448410429653,0.2134600657688924,11.644712310930046,0.0855883628709229,3277.0,0.7360672056674957,0.0,0.0,inf,0.9941730416714997,13107.0,0.0,0.06847448410429653,0.2134600657688924,11.644712310930046,0.0855883628709229,3277.0,0.7360672056674957,0.0,0.0,inf,0.9889457312474087,6909.0,0.0
socofing:000214:right_little,peripheral_only,0.10000000149011612,7142.0,0.5296089606600664,0.05532346763817661,0.1969192506443943,12.570906064201463,0.3892758848768219,14746.0,0.6978449220769107,0.0,0.0,inf,0.6772078066905161,1638.0,0.0,0.07755682506050726,0.24410585388169898,11.103799779188199,0.18900452048770972,9280.0,0.6978449220769107,0.0,0.0,inf,0.7705164242809213,1163.0,0.0
socofing:000217:left_thumb,peripheral_only,0.20000000298023224,8108.0,0.3889549669645214,0.06130281848133758,0.18840849647826965,12.125195577368359,0.3345271522499388,13107.0,0.8235684018582106,0.0,0.0,inf,0.8854009290723803,3277.0,0.0,0.08428038096169566,0.24001249853446896,10.742735099743753,0.10537689264832584,8529.0,0.7793835364282131,0.0,0.0,inf,0.9305207444120049,2471.0,0.0
socofing:000217:left_index,peripheral_only,0.30000001192092896,6114.0,0.29998393634253484,0.0519116057577433,0.17429006682912354,12.847355370825968,0.3973745028588966,11469.0,0.7883168421685696,0.0,0.0,inf,0.8982207038721772,4915.0,0.0,0.08374453784118273,0.24522962198561726,10.770435098170124,0.09493236487316432,6310.0,0.7883168421685696,0.0,0.0,inf,0.9443762269738958,2401.0,0.0
socofing:000217:left_middle,peripheral_only,0.4000000059604645,5642.0,0.4308203540208515,0.05043230706301143,0.16950249225147532,12.97291164265662,0.40507288316767703,9830.0,0.7230067178606987,0.0,0.0,inf,0.9483138242046425,6554.0,0.0,0.07777686483913665,0.23805175917200708,11.09149567109168,0.11841230708752126,5824.0,0.6890507787466049,0.0,0.0,inf,0.9677730231878847,4175.0,0.0
socofing:000217:left_ring,peripheral_only,0.5,4219.0,0.17180292661488472,0.05216174668144207,0.16789240635000624,12.826478743042989,0.43504587484417123,8192.0,0.7430154671892524,0.0,0.0,inf,0.929249435805926,8192.0,0.0,0.09166435356604542,0.25759403563733535,10.377995199386067,0.13408605464903253,4263.0,0.7430154671892524,0.0,0.0,inf,0.9685521543846699,4065.0,0.0
socofing:000217:left_little,peripheral_only,0.6000000238418579,3914.0,0.2273947151683264,0.05099571888593779,0.16661962584139386,12.924662815933278,0.397889786351321,6554.0,0.7185973227024078,0.0,0.0,inf,0.9649603784026308,9830.0,0.0,0.07891376594375868,0.23929704242537425,11.02847230606407,0.12813752217154506,4008.0,0.7185973227024078,0.0,0.0,inf,0.9679229430175502,5507.0,0.0
socofing:000217:right_thumb,peripheral_only,0.699999988079071,3125.0,0.26865197884450376,0.07003559979875326,0.19153510076263852,11.546811476135936,0.3422862024028562,4915.0,0.8768601408228278,0.0,0.0,inf,0.9813867857257287,11469.0,0.0,0.09375759696853687,0.25025175895332596,10.279935322632534,0.15592103606319996,3346.0,0.8768601408228278,0.0,0.0,inf,0.9796590550397984,8966.0,0.0
socofing:000217:right_index,peripheral_only,0.800000011920929,1953.0,0.2348321458414559,0.05545189949432578,0.1688629705866706,12.560835725847067,0.4252567965978322,3277.0,0.724461704492569,0.0,0.0,inf,0.9903947865469828,13107.0,0.0,0.08082583567628594,0.23346204210143637,10.924497964259833,0.19235664232332247,2076.0,0.724461704492569,0.0,0.0,inf,0.9880798081024829,9464.0,0.0
socofing:000217:right_middle,central_only,0.10000000149011612,8518.0,0.8354474107690696,0.060853221187648535,0.19024345605605986,12.157164280009727,0.36011651713875464,14746.0,0.8504626154899597,0.0,0.0,inf,0.9647428898361547,1638.0,0.0,0.08737244600601275,0.24611408629252718,10.58625505972519,0.0845218529924815,8785.0,0.8230361938476562,0.0,0.0,inf,0.9647428898361547,1638.0,0.0
socofing:000217:right_ring,central_only,0.20000000298023224,6407.0,0.7717079192479159,0.051912737628420975,0.17572110319865236,12.847260679123899,0.4295655341239301,13107.0,0.8300982695072889,0.0,0.0,inf,0.9738077710006777,3277.0,0.0,0.07672103320874313,0.2273117047837707,11.150855571169245,0.11282005683408841,6546.0,0.8300982695072889,0.0,0.0,inf,0.9738077710006777,3277.0,0.0
socofing:000217:right_little,central_only,0.30000001192092896,4712.0,0.4982201236652072,0.04577615742141243,0.16662738223659465,13.39360666024019,0.5264172137712189,11469.0,0.7144704461097717,0.0,0.0,inf,0.9825872068909599,4915.0,0.0,0.08116826286418033,0.2413375382668812,10.90613748557642,0.1802210258069324,4863.0,0.7144704461097717,0.0,0.0,inf,0.9825872068909599,4915.0,0.0
socofing:000241:left_thumb,central_only,0.4000000059604645,4023.0,0.5845289192610149,0.043311640151482304,0.15716606726024834,13.633953698316674,0.5274507464190782,9830.0,0.785594567656517,0.0,0.0,inf,0.9863726159068436,6554.0,0.0,0.08061666152624108,0.23743079513520945,10.93575190687459,0.1707253260715785,4142.0,0.7799582444131374,0.0,0.0,inf,0.9863726159068436,6554.0,0.0
socofing:000241:left_index,central_only,0.5,2273.0,0.24664027206044342,0.03070826897602822,0.13111518378485698,15.127446640306312,0.6450183684775621,8192.0,0.8046284317970276,0.0,0.0,inf,0.9759797835468378,8192.0,0.0,0.0690947595225876,0.21065712707216208,11.605548903498036,0.2886417109851513,2314.0,0.8046284317970276,0.0,0.0,inf,0.9864688701780895,8023.0,0.0
socofing:000241:left_middle,central_only,0.6000000238418579,1405.0,0.25077262203166667,0.021622355574791172,0.10732094905554321,16.65096995053979,0.6901345797937047,6554.0,0.5727094262838364,0.0,0.0,inf,0.977301011194295,9830.0,0.0,0.0562385218215909,0.2032008817456081,12.499661028737766,0.3102200773233137,1473.0,0.4892968237400055,0.0,0.0,inf,0.9920689546436883,9128.0,0.0
socofing:000241:left_ring,central_only,0.699999988079071,330.0,0.1918632526666906,0.012312082402006685,0.08101885089099346,19.09668486531269,0.7839345420636021,4915.0,0.5408586114645004,0.0,0.0,inf,0.9758720406207713,11469.0,0.0,0.06574346591916608,0.2290688058657741,11.821474041501826,0.36477244766970673,352.0,0.4775577187538147,0.0,0.0,inf,0.9929193282442867,9723.0,0.0
socofing:000241:left_little,central_only,0.800000011920929,209.0,0.20489871219233846,0.012036452204178398,0.0734043341012928,19.19501504374115,0.7896760847473393,3277.0,0.616510733962059,0.0,0.0,inf,0.9813304031956985,13107.0,0.0,0.0805749583676747,0.26478708226670017,10.937999102114555,0.3971006509617466,222.0,0.46551232039928436,0.0,0.0,inf,0.9975461781093206,8001.0,0.0
socofing:000241:right_thumb,disconnected_fragments,0.10000000149011612,9489.0,0.9880186873500324,0.07658625558650134,0.20738416797425646,11.158491632463301,0.2801448478186887,14746.0,0.94333815574646,0.0,0.0,inf,0.8687876113241627,1638.0,0.0,0.1001628429552552,0.25592639695414077,9.99293357234112,0.08218581689841543,9926.0,0.9393054246902466,0.0,0.0,inf,0.9202891831886003,1350.0,0.0
socofing:000241:right_index,disconnected_fragments,0.20000000298023224,7814.0,0.8035232887372156,0.05462975894380823,0.1829013983809149,12.625707158245149,0.3504303219807627,13107.0,0.7749613514170051,0.0,0.0,inf,0.9066693212451137,3277.0,0.0,0.07854606539388732,0.2373103975518498,11.048755651818865,0.10096556751964236,8009.0,0.7749613514170051,0.0,0.0,inf,0.9457241041761139,1719.0,0.0
socofing:000241:right_middle,disconnected_fragments,0.30000001192092896,6933.0,0.5834795632934524,0.04383786611493465,0.15796021265881954,13.581505940552507,0.3796698388941213,11469.0,0.7632137387990952,0.0,0.0,inf,0.9614572260534895,4915.0,0.0,0.06377398299194834,0.20779353274567797,11.953564583866417,0.10137287296905749,7039.0,0.7632137387990952,0.0,0.0,inf,0.9783895059935318,3671.0,0.0
socofing:000241:right_ring,disconnected_fragments,0.4000000059604645,3805.0,0.7388735882084212,0.04474102273140042,0.15551762477123385,13.492940926236752,0.4984804867378903,9830.0,0.8272954188287258,0.0,0.0,inf,0.9491197220459399,6554.0,0.0,0.07756611528634227,0.2269907191122333,11.103279586132086,0.12970666138917117,4009.0,0.8272954188287258,0.0,0.0,inf,0.9730322440868052,4715.0,0.0
socofing:000241:right_little,disconnected_fragments,0.5,3363.0,0.33139694829417815,0.03291910621758735,0.13521836823719013,14.825519647732337,0.5155159509276122,8192.0,0.6872273609042168,0.0,0.0,inf,0.9818424683552734,8192.0,0.0,0.061008016124860696,0.2075353093119415,12.146130972832111,0.1506316606554288,3638.0,0.6872273609042168,0.0,0.0,inf,0.9891484143416214,5618.0,0.0
socofing:000249:left_thumb,disconnected_fragments,0.6000000238418579,3276.0,0.6031966497885703,0.05099334734341411,0.15572709270869772,12.924864788138713,0.4272553109651379,6554.0,0.7204573005437851,0.0,0.0,inf,0.9901066442307049,9830.0,0.0,0.07838588927304689,0.22820801576285432,11.05762110305444,0.13008863319094202,3529.0,0.7170019000768661,0.0,0.0,inf,0.9928912962904987,7283.0,0.0
socofing:000249:left_index,disconnected_fragments,0.699999988079071,2164.0,0.41037044069821693,0.017233078827041726,0.08984887930711434,17.636371254455014,0.578308375586097,4915.0,0.6253611296415329,0.0,0.0,inf,0.9867920078550321,11469.0,0.0,0.0316320900632007,0.14186842263294946,14.998721115010845,0.21090417146963217,2384.0,0.6253611296415329,0.0,0.0,inf,0.9870674192348429,8170.0,0.0
socofing:000249:left_middle,disconnected_fragments,0.800000011920929,1986.0,0.7757818828542051,0.10806058836485401,0.23724289836409182,9.663326721576059,0.25840291227209805,3277.0,0.7760891765356064,0.0,0.0,inf,0.9949396981376574,13107.0,0.0,0.11569862605819915,0.2716851976224466,9.366717983419884,0.13872435952365902,2142.0,0.7534641474485397,0.0,0.0,inf,0.9935744766166995,7660.0,0.0
socofing:000249:left_ring,stripes,0.10000000149011612,7852.0,0.5541862655918064,0.04092711046780335,0.16072241807497697,13.879889162925924,0.4246965101074633,14746.0,0.7889319211244583,0.0,0.0,inf,0.8710253926373266,1638.0,0.0,0.05908445421555238,0.2027065958272047,12.285267718516648,0.15377233531330986,8514.0,0.7889319211244583,0.0,0.0,inf,0.9171628990595467,653.0,0.0
socofing:000249:left_little,stripes,0.20000000298023224,5782.0,0.5167951107426001,0.07616085072754784,0.22124126031964267,11.182682134652822,0.38763104729349845,13107.0,0.8332763239741325,0.0,0.0,inf,0.8815013217124164,3277.0,0.0,0.1084519849796901,0.27953276882671085,9.647624947531819,0.05041287199340877,6021.0,0.8213747730478644,0.0,0.0,inf,0.9409421469623824,727.0,0.0
socofing:000249:right_thumb,stripes,0.30000001192092896,7908.0,0.6638162030638978,0.07141659866065286,0.20295233200963175,11.462008376784606,0.23170448459844215,11469.0,0.9086734643206,0.0,0.0,inf,0.9299625782005789,4915.0,0.0,0.07685087371019542,0.22619341889796019,11.143511906839539,0.10085042422762035,8416.0,0.8625754108652472,0.0,0.0,inf,0.920696399526622,3613.0,0.0
socofing:000249:right_index,stripes,0.4000000059604645,7549.0,0.5729104547662971,0.04907665452175338,0.17049558696934872,13.091250501068597,0.2225691093600308,9830.0,0.8979132166132331,0.0,0.0,inf,0.97032142515631,6554.0,0.0,0.05234278998268412,0.18836123388635526,12.811431322541942,0.1028751202125645,7934.0,0.856042146217078,0.0,0.0,inf,0.9537093935340681,3247.0,0.0
socofing:000249:right_middle,stripes,0.5,6135.0,0.7896972522950385,0.08215290754084349,0.21304693063393643,10.853770614851722,0.17952112512173873,8192.0,0.7514321655035019,0.0,0.0,inf,0.9907094976535871,8192.0,0.0,0.0890247853885374,0.2372323625899476,10.50489064603288,0.08573430919209665,6331.0,0.7514321655035019,0.0,0.0,inf,0.9823432954873863,3535.0,0.0
socofing:000249:right_ring,stripes,0.6000000238418579,3100.0,0.22070168644306543,0.029637081059148973,0.1282677861759857,15.281645720263505,0.47283055595192697,6554.0,0.7030759006738663,0.0,0.0,inf,0.9852604757313554,9830.0,0.0,0.04765718624553554,0.18204604762737814,13.21871602654921,0.205656999481107,3591.0,0.7030759006738663,0.0,0.0,inf,0.9837164968009972,6679.0,0.0
socofing:000249:right_little,stripes,0.699999988079071,1974.0,0.5058472088970306,0.039958263158293754,0.14217452363680483,13.983933972519136,0.5059586302851442,4915.0,0.6284147202968597,0.0,0.0,inf,0.9801458323039907,11469.0,0.0,0.06262755195728789,0.19094116748700946,12.032345640646218,0.3202891956513614,2052.0,0.6284147202968597,0.0,0.0,inf,0.9905150595726964,5293.0,0.0
socofing:000256:left_thumb,stripes,0.800000011920929,1936.0,0.42773998265564006,0.04556098487881728,0.14857568686670572,13.41406896471501,0.3034236205148948,3277.0,0.8103484436869621,0.0,0.0,inf,0.996516406206963,13107.0,0.0,0.060565555712784,0.19499561032884738,12.177742936014894,0.11345237026815952,2111.0,0.8103484436869621,0.0,0.0,inf,0.995048412308824,9023.0,0.0
socofing:000256:left_index,severe_partial,0.10000000149011612,9192.0,0.6783664603046909,0.07026042188860548,0.20797355131854484,11.532892467537392,0.26154317587030185,14746.0,0.8822696805000305,0.0,0.0,inf,0.7850457288378382,1638.0,0.0,0.09040329702943045,0.2452355773977251,10.438157304142663,0.05525914207474148,9690.0,0.8753774128854275,0.0,0.0,inf,0.8944705142098162,1180.0,0.0
socofing:000256:left_middle,severe_partial,0.20000000298023224,8485.0,0.6709449535838334,0.07531732228637361,0.20689549172459695,11.231051286039131,0.3032053493060648,13107.0,0.8903381209820509,0.0,0.0,inf,0.961593410339712,3277.0,0.0,0.1034537040170437,0.2624769776285455,9.852539554055435,0.09689234570942994,8915.0,0.8870636783540249,0.0,0.0,inf,0.9614098626639888,3201.0,0.0
socofing:000256:left_ring,severe_partial,0.30000001192092896,6936.0,0.4339171454769962,0.054691293384400444,0.17131977792119069,12.620818059530965,0.39133221471409596,11469.0,0.8906428809277713,0.0,0.0,inf,0.9707897393085609,4915.0,0.0,0.08127794196944332,0.2278919058544673,10.900273016476321,0.13047717395308894,7239.0,0.8906428809277713,0.0,0.0,inf,0.9766021336011929,4534.0,0.0
socofing:000256:left_little,random_rectangles,0.10000000149011612,8343.0,0.8498517227035978,0.0645880228116201,0.20398666876906074,11.898480100093515,0.2893089962238206,14746.0,0.8557180743664503,0.0,0.0,inf,0.7654194189808711,1638.0,0.0,0.084222964310017,0.24319139975209045,10.745694772255685,0.07547336283424566,9591.0,0.8557180743664503,0.0,0.0,inf,0.6521915163399652,44.0,0.0
socofing:000256:right_thumb,random_rectangles,0.20000000298023224,10348.0,0.6508894151961948,0.06567839282784028,0.19718074199452312,11.825774830892907,0.17642426063084965,13107.0,0.8144608661532402,0.0,0.0,inf,0.9202028475718744,3277.0,0.0,0.07713894777090577,0.22342564742885782,11.127262895094642,0.05574834904001437,10904.0,0.8144608661532402,0.0,0.0,inf,0.8945719197614184,753.0,0.0
socofing:000256:right_index,random_rectangles,0.30000001192092896,6942.0,0.6473677882423385,0.06470711899765093,0.19828593836645309,11.890479361579542,0.31350548649323057,11469.0,0.8640349470078945,0.0,0.0,inf,0.9362966895727836,4915.0,0.0,0.07895427280431334,0.23239681395099845,11.02624362107581,0.08963270730486665,7386.0,0.8206552248448133,0.0,0.0,inf,0.8991415774030296,1078.0,0.0
socofing:000256:right_middle,random_rectangles,0.4000000059604645,8550.0,0.5849576387186045,0.08110021863431353,0.22776389212322934,10.909779749929385,0.13363219602791385,9830.0,0.9386669984087348,0.0,0.0,inf,0.9708284954426063,6554.0,0.0,0.08558540610869232,0.23979896361047895,10.676002842341862,0.09093500447268617,9170.0,0.9386669984087348,0.0,0.0,inf,0.9521676093876651,3421.0,0.0
socofing:000256:right_ring,random_rectangles,0.5,6733.0,0.5281100183386299,0.05706848646164757,0.1876347168907273,12.436036454126869,0.1955423550134931,8192.0,0.924230336677283,0.0,0.0,inf,0.9637169319311379,8192.0,0.0,0.06279824986959424,0.2064763099456943,12.020524594884247,0.09279006556998051,6999.0,0.896642804145813,0.0,0.0,inf,0.9557904001569268,3011.0,0.0
socofing:000256:right_little,random_rectangles,0.6000000238418579,5377.0,0.30884977662737734,0.06871455984807744,0.2017653206645957,11.629512310377454,0.1924835625541637,6554.0,0.8495701542124152,0.0,0.0,inf,0.9658525894608886,9830.0,0.0,0.07599938880775364,0.22314460749117476,11.191899003308837,0.09511457484980851,5638.0,0.7981992326676846,0.0,0.0,inf,0.9350227382644615,3166.0,0.0
socofing:000263:left_thumb,random_rectangles,0.699999988079071,3167.0,0.7074756212238771,0.03636464932692443,0.15546382578319112,14.39320596078687,0.16584388014344278,4915.0,0.5823908299207687,0.0,0.0,inf,0.9879670921068598,11469.0,0.0,0.038842459698033516,0.1647938539314353,14.106932762032844,0.11420770088313657,4597.0,0.5823908299207687,0.0,0.0,inf,0.9751337037765342,5186.0,0.0
socofing:000263:left_index,random_rectangles,0.800000011920929,2093.0,0.6304424310453425,0.04699542358661138,0.17628165576288685,13.279444315930132,0.12302258731921577,3277.0,0.7329564541578293,0.0,0.0,inf,0.99105345249302,13107.0,0.0,0.04796564523602743,0.17950697446218764,13.190697090057153,0.10887877212629168,3210.0,0.7329564541578293,0.0,0.0,inf,0.9795857734991099,5174.0,0.0
socofing:000263:left_middle,irregular,0.10000000149011612,6109.0,0.7516653472601452,0.03232099204274635,0.14610412302456677,14.905153176970021,0.321611832170756,14746.0,0.717047244310379,0.0,0.0,inf,0.6042610157817567,1638.0,0.0,0.042694567295081635,0.16983836706468175,13.696273836136877,0.09049623342531989,9056.0,0.717047244310379,0.0,0.0,inf,0.6955645594359963,588.0,0.0
socofing:000263:left_ring,irregular,0.20000000298023224,4927.0,0.38042222346334187,0.03143121261061827,0.14085764077794682,15.0263886365498,0.407026667489257,13107.0,0.7435559183359146,0.0,0.0,inf,0.7418147828496044,3277.0,0.0,0.04390822741074622,0.16959005933572668,13.574540951495509,0.16311712510062817,7217.0,0.7435559183359146,0.0,0.0,inf,0.8802281762859544,1792.0,0.0
socofing:000263:left_little,irregular,0.30000001192092896,4213.0,0.5119854068485484,0.026306854677339977,0.13170754574567317,15.799310742986759,0.4087482040783832,11469.0,0.6899616718292236,0.0,0.0,inf,0.8117655718691111,4915.0,0.0,0.036427936749612165,0.15488955717118705,14.3856542616774,0.16354725396507636,6201.0,0.6899616718292236,0.0,0.0,inf,0.863896727801412,1575.0,0.0
socofing:000263:right_thumb,irregular,0.4000000059604645,5728.0,0.25071861526686534,0.03995991692464646,0.1454102633237206,13.983754233290666,0.33654305342114615,9830.0,0.8153799138963223,0.0,0.0,inf,0.9050427887514702,6554.0,0.0,0.049574093258784174,0.1738958860726013,13.047452205681036,0.16863207150965567,7233.0,0.8153799138963223,0.0,0.0,inf,0.8890214505087349,3881.0,0.0
socofing:000263:right_index,irregular,0.5,4752.0,0.13776570771275334,0.03156734811310321,0.12965807005917895,15.007619004714233,0.398074336795581,8192.0,0.6955173909664154,0.0,0.0,inf,0.9359263815059684,8192.0,0.0,0.04277922832296297,0.1634942386341029,13.687670537547119,0.21006247433981212,5701.0,0.6955173909664154,0.0,0.0,inf,0.9386826551300942,5093.0,0.0
socofing:000263:right_middle,irregular,0.6000000238418579,2861.0,0.300540802613072,0.029884418649362296,0.12667452150435426,15.245551882100802,0.3754488188393274,6554.0,0.6991085335612297,0.0,0.0,inf,0.9528167698311311,9830.0,0.0,0.03810557831810115,0.15255090917966824,14.190114428168998,0.21919372593888597,4824.0,0.6477764248847961,0.0,0.0,inf,0.9507445747119958,5741.0,0.0
socofing:000263:right_ring,irregular,0.699999988079071,2590.0,0.2508826910687094,0.028595551083943075,0.12043699779114776,15.437015294579503,0.41829089209708714,4915.0,0.8026655986905098,0.0,0.0,inf,0.9696907337906794,11469.0,0.0,0.03504639999208847,0.14617336930804845,14.553565866522,0.2648462499660693,3430.0,0.8026655986905098,0.0,0.0,inf,0.9569070793572547,6636.0,0.0
socofing:000263:right_little,irregular,0.800000011920929,1484.0,0.4783424042093493,0.019254889708595055,0.09922014634748184,17.154589646593102,0.4749950619834753,3277.0,0.7131199687719345,0.0,0.0,inf,0.9796436674232475,13107.0,0.0,0.028703737545356333,0.13274571062737398,15.42061549619997,0.2610154447407254,2045.0,0.7131199687719345,0.0,0.0,inf,0.9803423127212794,6885.0,0.0
socofing:000274:left_thumb,central_missing,0.10000000149011612,10891.0,0.8359511703168216,0.10212309111315859,0.24804151739983757,9.908760482247157,0.13689841620248622,14746.0,0.9302957644686103,0.0,0.0,inf,0.8954364167725978,1638.0,0.0,0.11931177185034658,0.2804189549687595,9.233167047166651,0.030617454670970767,12216.0,0.9302957644686103,0.0,0.0,inf,0.8907505414232512,270.0,0.0
socofing:000274:left_index,central_missing,0.20000000298023224,10162.0,0.5493642009004529,0.08489073151647622,0.22121044217007102,10.711397240196888,0.1604875860185333,13107.0,0.9340553283691406,0.0,0.0,inf,0.9204185658063886,3277.0,0.0,0.0952145857646,0.2423911960824922,10.212965176673297,0.07557070392916714,11087.0,0.9340553283691406,0.0,0.0,inf,0.8414459878102006,670.0,0.0
socofing:000274:left_middle,central_missing,0.30000001192092896,10367.0,0.49268536695704235,0.1264722229201817,0.28585792904328633,8.98004848062366,0.05524020571708696,11469.0,0.9585180878639221,0.0,0.0,inf,0.9535852188564907,4915.0,0.0,0.12865118902282127,0.29048201888128294,8.905861955891663,0.04176909444489905,11042.0,0.9578879475593567,0.0,0.0,inf,0.9271327706740377,1683.0,0.0
socofing:000274:left_ring,central_missing,0.4000000059604645,9302.0,0.5640194256614318,0.09121368165096147,0.2453098269455165,10.39940014523922,0.05531860448428147,9830.0,0.9664082522504032,0.0,0.0,inf,0.9602766572674465,6554.0,0.0,0.09136903729105884,0.24573432614242208,10.392009510035576,0.04921954730169055,9745.0,0.9664082522504032,0.0,0.0,inf,0.9241938035033661,2656.0,0.0
socofing:000274:left_little,central_missing,0.5,7725.0,0.5637408682411487,0.07239705979910095,0.21540754704022902,11.402790710812356,0.07004265754805178,8192.0,0.9574056854471564,0.0,0.0,inf,0.9760851909271542,8192.0,0.0,0.07322197540053281,0.21764258609036843,11.353585587926677,0.061597944827631,8099.0,0.9574056854471564,0.0,0.0,inf,0.9392696150829734,2868.0,0.0
socofing:000274:right_thumb,central_missing,0.6000000238418579,6322.0,0.3256638563022801,0.10772305598660448,0.2850367506703252,9.676913346209679,0.060029008698453505,6554.0,0.7712204419076443,0.0,0.0,inf,0.9885921580574782,9830.0,0.0,0.10772305598660448,0.2850367506703252,9.676913346209679,0.060029008698453505,6554.0,0.7712204419076443,0.0,0.0,inf,0.9821121253317935,6269.0,0.0
socofing:000274:right_index,central_missing,0.699999988079071,4661.0,0.4897140450627487,0.09139281774101186,0.25793717371362396,10.390879326907566,0.06440675727436951,4915.0,0.6835668236017227,0.0,0.0,inf,0.9923030746727176,11469.0,0.0,0.09139281774101186,0.25793717371362396,10.390879326907566,0.06440675727436951,4915.0,0.6835668236017227,0.0,0.0,inf,0.9870144106239184,6798.0,0.0
socofing:000274:right_middle,central_missing,0.800000011920929,3063.0,0.5556646076399552,0.08589096113924348,0.2548345104580348,10.660525373782608,0.07940624974510979,3277.0,0.6475218525156379,0.0,0.0,inf,0.9942306837031212,13107.0,0.0,0.08589096113924348,0.2548345104580348,10.660525373782608,0.07940624974510979,3277.0,0.6475218525156379,0.0,0.0,inf,0.9918453112581483,9273.0,0.0
socofing:000274:right_ring,peripheral_only,0.10000000149011612,9588.0,0.4208239173217138,0.05911297231301047,0.18561489764797034,12.283172029470869,0.28207772000289016,14746.0,0.8750788564793766,0.0,0.0,inf,0.9067996772641784,1638.0,0.0,0.0777275846124124,0.23021900923101424,11.09424827802032,0.08031792430061872,10490.0,0.8750788564793766,0.0,0.0,inf,0.9087654641094737,1565.0,0.0
socofing:000274:right_little,peripheral_only,0.20000000298023224,7787.0,0.3945256768526774,0.04861347411070161,0.16899909557924023,13.132433414188952,0.3554271578706131,13107.0,0.8808379750698805,0.0,0.0,inf,0.8808297993107543,3277.0,0.0,0.07114549145604819,0.22406492414507334,11.478526162796195,0.10563179685584202,8413.0,0.8808379750698805,0.0,0.0,inf,0.9267916157376712,2541.0,0.0
socofing:000284:left_thumb,peripheral_only,0.30000001192092896,7182.0,0.5012928178296203,0.03234847990732307,0.14021223011735282,14.90146122518383,0.3327920753084723,11469.0,0.5689031779766083,0.0,0.0,inf,0.9617266386331942,4915.0,0.0,0.041471761080340834,0.16988459675916703,13.82247522117657,0.13357171000044002,7610.0,0.5689031779766083,0.0,0.0,inf,0.9620776707753133,4223.0,0.0
socofing:000284:left_index,peripheral_only,0.4000000059604645,5009.0,0.20460523865587127,0.04255751612505509,0.15684867385369353,13.710237276270567,0.4299865982023323,9830.0,0.7280150502920151,0.0,0.0,inf,0.9007336340732114,6554.0,0.0,0.07223684779462212,0.22530634361943028,11.41241213625756,0.11532186768099943,5136.0,0.7280150502920151,0.0,0.0,inf,0.9576178147560932,2664.0,0.0
socofing:000284:left_middle,peripheral_only,0.5,4119.0,0.18072608428993756,0.023630487667904626,0.11183889993571938,16.265273156382797,0.4451493801521993,8192.0,0.6658095717430115,0.0,0.0,inf,0.9677850898857311,8192.0,0.0,0.032979757222609526,0.1440343845770718,14.8175254569784,0.18939568908003834,4744.0,0.6658095717430115,0.0,0.0,inf,0.9683592911960339,6353.0,0.0
socofing:000284:left_ring,peripheral_only,0.6000000238418579,3429.0,0.5566620454107339,0.02317824123573465,0.11336657998081312,16.34919521374755,0.44588969904319575,6554.0,0.5729792714118958,0.0,0.0,inf,0.9683031585808654,9830.0,0.0,0.03767934242431877,0.16289861131206493,14.238966850718818,0.14047255035437559,3755.0,0.5729792714118958,0.0,0.0,inf,0.9774778324707645,5776.0,0.0
socofing:000284:left_little,peripheral_only,0.699999988079071,2006.0,0.22057689676111533,0.020167666982444984,0.10066247214378442,16.953443385375106,0.5315910514057642,4915.0,0.5801890343427658,0.0,0.0,inf,0.9744820989996883,11469.0,0.0,0.036106374774417235,0.155966630491027,14.42416114301017,0.21583222719205059,2466.0,0.5801890343427658,0.0,0.0,inf,0.981777185564359,6522.0,0.0
socofing:000284:right_thumb,peripheral_only,0.800000011920929,1671.0,0.4953137596139322,0.01755797772719702,0.08719685526384535,17.555255062257604,0.4290650325444856,3277.0,0.7881764695048332,0.0,0.0,inf,0.9896563688135905,13107.0,0.0,0.022761370778064824,0.11080120820543038,16.428015865905504,0.18263864987279504,2053.0,0.7289441078901291,0.0,0.0,inf,0.9886578031126061,9696.0,0.0
socofing:000284:right_index,central_only,0.10000000149011612,8461.0,0.4222358105960854,0.02517529717310668,0.12474820909246845,15.990253942647644,0.4191990701819963,14746.0,0.5667231976985931,0.0,0.0,inf,0.9558305828187387,1638.0,0.0,0.02927518919894976,0.1347829133356229,15.33500289499174,0.23396850116761964,9750.0,0.5667231976985931,0.0,0.0,inf,0.9558305828187387,1638.0,0.0
socofing:000284:right_middle,central_only,0.20000000298023224,6942.0,0.7076427014818157,0.03144865791583351,0.13582888769573212,15.023978835155155,0.4361068504484141,13107.0,0.6021939516067505,0.0,0.0,inf,0.9794834792316252,3277.0,0.0,0.03450384453642634,0.14157482000801694,14.621325116533255,0.20075613014375643,7254.0,0.6021939516067505,0.0,0.0,inf,0.9794834792316252,3277.0,0.0
socofing:000284:right_ring,central_only,0.30000001192092896,4492.0,0.39507958987961234,0.02250183219859094,0.11786069943221157,16.47782118273453,0.5531192072382275,11469.0,0.5585602819919586,0.0,0.0,inf,0.9818477082010798,4915.0,0.0,0.028316953110186074,0.13233692035924108,15.479534783347042,0.2497364756849242,5131.0,0.5585602819919586,0.0,0.0,inf,0.9818477082010798,4915.0,0.0
socofing:000284:right_little,central_only,0.4000000059604645,2970.0,0.4750008578900043,0.02556275233098477,0.12528892949845033,15.923923876886443,0.6223375202892987,9830.0,0.5888946354389191,0.0,0.0,inf,0.9826379297182917,6554.0,0.0,0.04003494814086629,0.15931558104775248,13.975607297183245,0.2524334442118038,3233.0,0.5888946354389191,0.0,0.0,inf,0.9826379297182917,6554.0,0.0
socofing:000289:left_thumb,central_only,0.5,2058.0,0.645445068831938,0.027111282513934888,0.12052904444959722,15.668499373973695,0.6513995926220539,8192.0,0.7886551609262824,0.0,0.0,inf,0.9556113141243706,8192.0,0.0,0.06559494180467398,0.2121523764045477,11.831296489020026,0.19294047618087115,2182.0,0.7512857280671597,0.0,0.0,inf,0.9870555901751106,6707.0,0.0
socofing:000289:left_index,central_only,0.6000000238418579,1390.0,0.1488980771221316,0.022715491438528294,0.10698520144890183,16.43677862999375,0.6448505725930368,6554.0,0.6763091087341309,0.0,0.0,inf,0.9713308793886716,9830.0,0.0,0.05844163149474045,0.201346479973317,12.332776685202054,0.2763428942466986,1732.0,0.6763091087341309,0.0,0.0,inf,0.9889936686965733,6907.0,0.0
socofing:000289:left_middle,central_only,0.699999988079071,993.0,0.035915215679954114,0.00789510313404323,0.06603329661430171,21.026421924127078,0.7340968793955358,4915.0,0.6066626161336899,0.0,0.0,inf,0.982301037199589,11469.0,0.0,0.019017157126142256,0.10926853366112127,17.20854405206598,0.42438449553653007,1197.0,0.5993671342730522,0.0,0.0,inf,0.9928820115486877,10419.0,0.0
socofing:000289:left_ring,central_only,0.800000011920929,362.0,0.7233591564044617,0.018581865227718323,0.07725744643130675,17.309106941395882,0.6805356036117873,3277.0,0.7776799201965332,0.0,0.0,inf,0.9883012587897523,13107.0,0.0,0.05668474468433186,0.18835998266728388,12.465338051433054,0.24364069717708622,450.0,0.6869598622433841,0.0,0.0,inf,0.99552352969284,8931.0,0.0
socofing:000289:left_little,disconnected_fragments,0.10000000149011612,6191.0,0.5618483954933056,0.06056316534010122,0.19560429309294583,12.177914344687741,0.3939472916085205,14746.0,0.9040112495422363,0.0,0.0,inf,0.9244803129078013,1638.0,0.0,0.09048935187945945,0.2560278744408324,10.43402522364593,0.1029984574372237,8209.0,0.9040112495422363,0.0,0.0,inf,0.9263784419564383,1551.0,0.0
socofing:000289:right_thumb,disconnected_fragments,0.20000000298023224,3520.0,0.5924712185711795,0.041285175405801705,0.17469446159637184,13.842058659037251,0.5536860946907161,13107.0,0.7131228437647223,0.0,0.0,inf,0.8731654900623206,3277.0,0.0,0.07017823823538645,0.22830433204292816,11.537975385750713,0.12453012752491964,4652.0,0.7131228437647223,0.0,0.0,inf,0.9271384520493811,2495.0,0.0
socofing:000289:right_index,disconnected_fragments,0.30000001192092896,6465.0,0.36174512609233256,0.05493042592016238,0.1731753681093043,12.601870335280836,0.3369688048296077,11469.0,0.9284464120864868,0.0,0.0,inf,0.9742243537904177,4915.0,0.0,0.07389026247539314,0.21960394944591843,11.314127907235132,0.11619494821091902,7708.0,0.9075902681797743,0.0,0.0,inf,0.9767399677700537,4332.0,0.0
socofing:000289:right_middle,disconnected_fragments,0.4000000059604645,5474.0,0.5340667814616208,0.040822402097056856,0.1464954094076387,13.891014438432858,0.40956227691053854,9830.0,0.8674851022660732,0.0,0.0,inf,0.9844930418272877,6554.0,0.0,0.06056396990983515,0.19855800110201996,12.177856649903656,0.14965932829994336,6110.0,0.8674851022660732,0.0,0.0,inf,0.9852553854864143,6014.0,0.0
socofing:000289:right_ring,disconnected_fragments,0.5,3712.0,0.2337510187764906,0.036798973193050234,0.13587950872346255,14.34164299337725,0.39771340966356894,8192.0,0.8354627471417189,0.0,0.0,inf,0.9818235725685908,8192.0,0.0,0.057040322836244904,0.18011175601068716,12.438180251336988,0.11686615882308554,4706.0,0.8354627471417189,0.0,0.0,inf,0.9830569209056916,7343.0,0.0
socofing:000289:right_little,disconnected_fragments,0.6000000238418579,1927.0,0.5268758233735628,0.027490264599717255,0.1292243879090916,15.60821079958493,0.6546278446859946,6554.0,0.6346464147791266,0.0,0.0,inf,0.9954052948431289,9830.0,0.0,0.05407250352100326,0.20900444479910765,12.670235224127826,0.3596341324117851,2821.0,0.6346464147791266,0.0,0.0,inf,0.9948988666830815,7958.0,0.0
socofing:000291:left_thumb,disconnected_fragments,0.699999988079071,3323.0,0.3925435450637326,0.10563054980768462,0.23783160827642766,9.762104596987255,0.24356001704175242,4915.0,0.9468348016962409,0.0,0.0,inf,0.9869498558844257,11469.0,0.0,0.12582001611080162,0.28511159264894914,9.002502635411588,0.1277675982236873,3442.0,0.9468348016962409,0.0,0.0,inf,0.9857344542331907,8437.0,0.0
socofing:000291:left_index,disconnected_fragments,0.800000011920929,889.0,0.05017178793396507,0.017869777412630784,0.07852537649563437,17.47880857067285,0.760065597565572,3277.0,0.7213989458978176,0.0,0.0,inf,0.9940227857961661,13107.0,0.0,0.05642053790823602,0.18084515541314208,12.485627776371384,0.34856967621425633,889.0,0.7213989458978176,0.0,0.0,inf,0.9966460978327136,9127.0,0.0
socofing:000291:left_middle,stripes,0.10000000149011612,8434.0,0.4707655737744326,0.054431962798927945,0.1812799138811964,12.641460048823737,0.3692185933268448,14746.0,0.9033738952130079,0.0,0.0,inf,0.8973800795094322,1638.0,0.0,0.07857232498302391,0.23397735402987402,11.047303957368852,0.08670252822812761,9019.0,0.8653266988694668,0.0,0.0,inf,0.9339694640172291,1014.0,0.0
socofing:000291:left_ring,stripes,0.20000000298023224,8064.0,0.702991562798575,0.06062449904550741,0.19230591564837787,12.173518370522894,0.290974696221028,13107.0,0.8228377029299736,0.0,0.0,inf,0.9396135591141507,3277.0,0.0,0.07690152414040476,0.22926643447295905,11.140650526666064,0.09886991129417805,8568.0,0.7859526202082634,0.0,0.0,inf,0.963344023592529,1344.0,0.0
socofing:000291:left_little,stripes,0.30000001192092896,5487.0,0.37828695814715485,0.05114508258542696,0.17350858936941532,12.91196115787137,0.41876839226787893,11469.0,0.7859342992305756,0.0,0.0,inf,0.9263005072029582,4915.0,0.0,0.08246148581907266,0.2368382811975624,10.83748844198608,0.10049777692751126,5673.0,0.7859342992305756,0.0,0.0,inf,0.9688737386995296,2137.0,0.0
socofing:000291:right_thumb,stripes,0.4000000059604645,6851.0,0.6647818105544538,0.05545757993524064,0.1770562065835845,12.560390861411863,0.22633406226592936,9830.0,0.829964516684413,0.0,0.0,inf,0.9814729049224236,6554.0,0.0,0.06617217882511216,0.2067251303133571,11.793245652786556,0.08715417311825265,7805.0,0.829964516684413,0.0,0.0,inf,0.974975903986209,3828.0,0.0
socofing:000291:right_index,stripes,0.5,6093.0,0.5672900756523533,0.05549939490375525,0.17970534929742144,12.557117518573719,0.26878534767468865,8192.0,0.8764792643487453,0.0,0.0,inf,0.9793777538259958,8192.0,0.0,0.06586617736827015,0.20800242148479325,11.813375406884415,0.1559788442701261,6846.0,0.8764792643487453,0.0,0.0,inf,0.9658486446521073,4186.0,0.0
socofing:000291:right_middle,stripes,0.6000000238418579,3184.0,0.2087406650758504,0.044222745079055326,0.15105143861910786,13.543543025604723,0.48098459620528994,6554.0,0.8905262346379459,0.0,0.0,inf,0.9884986517250536,9830.0,0.0,0.07895426381126312,0.23034503208525461,11.026244115745975,0.16435262923679636,3394.0,0.8905262346379459,0.0,0.0,inf,0.9928590515398991,7611.0,0.0
socofing:000291:right_ring,stripes,0.699999988079071,2794.0,0.4505173908334163,0.046140089725428025,0.15890639487375427,13.359215652717873,0.3922153204284749,4915.0,0.7528192922472954,0.0,0.0,inf,0.987967774416892,11469.0,0.0,0.06912462147821069,0.22126600883251216,11.60367233848178,0.098562409891829,2995.0,0.7171866819262505,0.0,0.0,inf,0.989030729310052,4987.0,0.0
socofing:000291:right_little,stripes,0.800000011920929,1768.0,0.1327552765470323,0.03876951834249861,0.14277962960307378,14.1150959446595,0.4422770540234131,3277.0,0.7989693842828274,0.0,0.0,inf,0.9862248997351148,13107.0,0.0,0.05726895538133722,0.2011760329731734,12.420807385953932,0.17892700524351265,2029.0,0.7989693842828274,0.0,0.0,inf,0.9842490673314802,6068.0,0.0
socofing:000293:left_thumb,severe_partial,0.10000000149011612,7806.0,0.5083198224400318,0.05513590783192407,0.18416005533247823,12.585654702208975,0.3391165724484343,14746.0,0.787951223552227,0.0,0.0,inf,0.88807469356413,1638.0,0.0,0.07588169534353237,0.22769395122105537,11.198629746980293,0.10027670206663805,9359.0,0.7357870787382126,0.0,0.0,inf,0.9295037772306582,1476.0,0.0
socofing:000293:left_index,severe_partial,0.20000000298023224,7756.0,0.6653325849623771,0.04716769971074668,0.1680388086579315,13.263553030481068,0.3643007860003263,13107.0,0.7615510150790215,0.0,0.0,inf,0.8982902242484552,3277.0,0.0,0.06929997531719755,0.2190558393018873,11.592669200722742,0.07924187738803211,8177.0,0.7615510150790215,0.0,0.0,inf,0.9061900206549568,983.0,0.0
socofing:000293:left_middle,severe_partial,0.30000001192092896,6098.0,0.5936014050099598,0.038547096426340334,0.15117739001390515,14.14008329766328,0.4172582715849036,11469.0,0.7270702049136162,0.0,0.0,inf,0.949841212777342,4915.0,0.0,0.05911367680364048,0.20421191836726654,12.28312027186876,0.13798976072846988,6446.0,0.6789105497300625,0.0,0.0,inf,0.9699297193533238,3303.0,0.0
socofing:000293:left_ring,random_rectangles,0.10000000149011612,8810.0,1.0091879495588114,0.09027616602017897,0.23900340664526756,10.444268934537897,0.22664456391125773,14746.0,0.9393753996118903,0.0,0.0,inf,0.6931275500182459,1638.0,0.0,0.10730406756369355,0.26967281624127815,9.693838149680207,0.08294724747263972,10284.0,0.9012686600908637,0.0,0.0,inf,0.5450075316753403,93.0,0.0
socofing:000293:left_little,random_rectangles,0.20000000298023224,6351.0,0.6225355683579501,0.045827211700712446,0.1738354548334918,13.388765660550801,0.36371542442552773,13107.0,0.5898618400096893,0.0,0.0,inf,0.8996309102979871,3277.0,0.0,0.061140934834268384,0.20819671690599664,12.136679252720095,0.1228501188469633,7786.0,0.5898618400096893,0.0,0.0,inf,0.8694018910324527,357.0,0.0
socofing:000293:right_thumb,random_rectangles,0.30000001192092896,9295.0,0.5097134131330457,0.06810503945597428,0.19992533165085968,11.668207511276549,0.17604864621001104,11469.0,0.9078967561945319,0.0,0.0,inf,0.9586441787114206,4915.0,0.0,0.0769589151454784,0.22095605091724546,11.137410629771711,0.08150359015782595,9958.0,0.9078967561945319,0.0,0.0,inf,0.9560182971810524,1327.0,0.0
socofing:000293:right_index,random_rectangles,0.4000000059604645,7648.0,0.58548817718498,0.06245749491898087,0.19610115998904937,12.044154386886083,0.18886884390525488,9830.0,0.8008623104542494,0.0,0.0,inf,0.9660739602331432,6554.0,0.0,0.07253398234861055,0.22047631441160512,11.394584777216561,0.08013964122395588,8263.0,0.8008623104542494,0.0,0.0,inf,0.9491742448619889,1954.0,0.0
socofing:000293:right_middle,random_rectangles,0.5,6766.0,0.3616695856484924,0.05591750577176505,0.18571867018499688,12.524522087523193,0.2160362454776061,8192.0,0.8742199530825019,0.0,0.0,inf,0.9675028569677253,8192.0,0.0,0.06317072104751432,0.20616317540801865,11.994841659239084,0.12214330222683294,7079.0,0.8742199530825019,0.0,0.0,inf,0.9450763016940417,2733.0,0.0
socofing:000293:right_ring,random_rectangles,0.6000000238418579,5271.0,0.39378112077370153,0.031551957666315765,0.13689473673498367,15.009736894372157,0.27083419830311767,6554.0,0.7409114167094231,0.0,0.0,inf,0.9733290884308203,9830.0,0.0,0.03548578734977283,0.14959028666148555,14.499455543108677,0.19325477053905343,5703.0,0.7409114167094231,0.0,0.0,inf,0.9538208587500434,3988.0,0.0
socofing:000293:right_little,random_rectangles,0.699999988079071,2614.0,0.2718605670422278,0.052371400184474684,0.172638427274205,12.809058147893285,0.44611823493757685,4915.0,0.6588660404086113,0.0,0.0,inf,0.9699973850323755,11469.0,0.0,0.07994780807402027,0.2402654645899882,10.971934387896326,0.24458534513244434,3113.0,0.6588660404086113,0.0,0.0,inf,0.9718516755257527,5738.0,0.0
socofing:000302:left_thumb,random_rectangles,0.800000011920929,2907.0,0.3980805856004814,0.08018953030275722,0.21375247370295378,10.95882330326246,0.1074952974390343,3277.0,0.9033064804971218,0.0,0.0,inf,0.9879320508838529,13107.0,0.0,0.08018953030275722,0.21375247370295378,10.95882330326246,0.1074952974390343,3277.0,0.9033064804971218,0.0,0.0,inf,0.9812146296116915,8337.0,0.0
socofing:000302:left_index,irregular,0.10000000149011612,8596.0,0.4621982287031293,0.04955961708089408,0.17601099177471466,13.048720578306224,0.2797311272766839,14746.0,0.7944080159068108,0.0,0.0,inf,0.7996125744218469,1638.0,0.0,0.06061572118552275,0.20413647595138162,12.174147233808304,0.09848324885760422,10237.0,0.7944080159068108,0.0,0.0,inf,0.8157824855965408,859.0,0.0
socofing:000302:left_middle,irregular,0.20000000298023224,6441.0,0.4304192673787038,0.04429031907272025,0.16308475077789478,13.5369119099493,0.3297300538390947,13107.0,0.8393611307255924,0.0,0.0,inf,0.8444264765047157,3277.0,0.0,0.056312050678529846,0.19657999804926787,12.493986569574584,0.13607389120033744,8698.0,0.8393611307255924,0.0,0.0,inf,0.8615525199352544,2052.0,0.0
socofing:000302:left_ring,irregular,0.30000001192092896,6476.0,0.3606567321442932,0.03975394024419879,0.1521884924482042,14.006198194224721,0.3194074424469723,11469.0,0.85296331346035,0.0,0.0,inf,0.8511693690525568,4915.0,0.0,0.04813602145504722,0.17530054128555686,13.175298079438864,0.1800441711690488,8446.0,0.85296331346035,0.0,0.0,inf,0.8196208210427324,3347.0,0.0
socofing:000302:left_little,irregular,0.4000000059604645,4325.0,0.5266255793907396,0.01773329587214973,0.09976036636081134,17.51210539860846,0.46090918532407227,9830.0,0.6584488451480865,0.0,0.0,inf,0.9001111302710649,6554.0,0.0,0.024039731860475814,0.12003239134651734,16.190703807693474,0.2641972202371231,6181.0,0.6584488451480865,0.0,0.0,inf,0.9295696347979778,3515.0,0.0
socofing:000302:right_thumb,irregular,0.5,5678.0,0.1754981815579707,0.05500118714806482,0.1745795477514207,12.59627936573217,0.30047035178245773,8192.0,0.8691353183239698,0.0,0.0,inf,0.9499072498148664,8192.0,0.0,0.06631622870181024,0.20677472856576304,11.783801793902862,0.16177859590731192,6254.0,0.8691353183239698,0.0,0.0,inf,0.9490355386882249,5482.0,0.0
socofing:000302:right_index,irregular,0.6000000238418579,4056.0,0.338634752398467,0.05764429557395457,0.1763004344994038,12.392436636221973,0.2581935628278664,6554.0,0.912712574005127,0.0,0.0,inf,0.9544162623091569,9830.0,0.0,0.06481332211415534,0.19460652048932145,11.883357174934721,0.17320411612274267,5734.0,0.912712574005127,0.0,0.0,inf,0.91960304059484,4771.0,0.0
socofing:000302:right_middle,irregular,0.699999988079071,3243.0,0.16955111183098892,0.054203113762424995,0.17687070511181063,12.659757641812359,0.2712399586176498,4915.0,0.8756106477230787,0.0,0.0,inf,0.9649918241314315,11469.0,0.0,0.06056699309078411,0.19349724822763462,12.177639867873417,0.1918403801211321,4071.0,0.8756106477230787,0.0,0.0,inf,0.9492463329691125,7354.0,0.0
socofing:000302:right_ring,irregular,0.800000011920929,1754.0,0.21392621741133291,0.03270771040079724,0.1203317202188286,14.853498562144322,0.45203226726354123,3277.0,0.8125537596642971,0.0,0.0,inf,0.9837843735724616,13107.0,0.0,0.047884159887943735,0.1654165557689801,13.198081277329818,0.22072572789244632,2182.0,0.8125537596642971,0.0,0.0,inf,0.9837789161534465,9214.0,0.0
socofing:000302:right_little,central_missing,0.10000000149011612,9032.0,0.5757163498430458,0.05015170778639593,0.17846939061108608,12.997142736190398,0.26525279940564683,14746.0,0.8728190623223782,0.0,0.0,inf,0.8642167002795953,1638.0,0.0,0.06328435503199599,0.2093125890096695,11.987036416898375,0.09129505810439381,10973.0,0.8728190623223782,0.0,0.0,inf,0.5961834615698699,53.0,0.0
socofing:000303:left_thumb,central_missing,0.20000000298023224,6460.0,0.7845528593557274,0.04479934842395809,0.16959524140423593,13.487283024736724,0.3386475902366869,13107.0,0.8087106868624687,0.0,0.0,inf,0.8948791965028308,3277.0,0.0,0.06251775573008014,0.20836152721110296,12.039966207286083,0.08593301946584327,8349.0,0.8087106868624687,0.0,0.0,inf,0.8042631809214057,124.0,0.0
socofing:000303:left_index,central_missing,0.30000001192092896,5488.0,0.5586029546778626,0.05247367525541115,0.18249628221109765,12.800585167575136,0.3231159076766697,11469.0,0.6702436804771423,0.0,0.0,inf,0.9174409395450268,4915.0,0.0,0.07615632443243223,0.23146671644918496,11.182940246712828,0.10394150517599711,6976.0,0.6702436804771423,nan,nan,nan,nan,0.0,nan
socofing:000303:left_middle,central_missing,0.4000000059604645,6849.0,0.6495555658171622,0.05619849993361428,0.18432296122119232,12.502752765883828,0.24125004801874514,9830.0,0.8779653869569302,0.0,0.0,inf,0.9344709198460386,6554.0,0.0,0.0709864676879945,0.21505289369170266,11.488244339368336,0.08600832468504593,7512.0,0.8779653869569302,0.0,0.0,inf,0.7867257088849209,567.0,0.0
socofing:000303:left_ring,central_missing,0.5,5229.0,0.6632319947280086,0.056171679053883754,0.18806755182356483,12.504825942307132,0.2643669504721173,8192.0,0.9105293732136488,0.0,0.0,inf,0.9732816822940257,8192.0,0.0,0.07270452862517574,0.22609816711260977,11.384385369309154,0.08963588945141912,5988.0,0.9105293732136488,0.0,0.0,inf,0.9594914520539264,1564.0,0.0
socofing:000303:left_little,central_missing,0.6000000238418579,5643.0,0.18999357024358549,0.035660439523730283,0.1400329128094188,14.478133083408553,0.16726121447662443,6554.0,0.7449865490198135,0.0,0.0,inf,0.9860100158645642,9830.0,0.0,0.038149650616435875,0.14793040615829098,14.18509435062935,0.11922087045002674,6114.0,0.7449865490198135,0.0,0.0,inf,0.9779950050566163,4115.0,0.0
socofing:000303:right_thumb,central_missing,0.699999988079071,4688.0,0.24979025197953866,0.048017504675734166,0.18041887231785064,13.186004126612731,0.08225538751555578,4915.0,0.6453778445720673,0.0,0.0,inf,0.9935291500636092,11469.0,0.0,0.048017504675734166,0.18041887231785064,13.186004126612731,0.08225538751555578,4915.0,0.6453778445720673,0.0,0.0,inf,0.9883439331049997,6367.0,0.0
socofing:000303:right_index,central_missing,0.800000011920929,3008.0,0.37297489672446227,0.048985296395222956,0.18106304119825067,13.099342598224968,0.0876903806247778,3277.0,0.6681093275547028,0.0,0.0,inf,0.9940555824101631,13107.0,0.0,0.048985296395222956,0.18106304119825067,13.099342598224968,0.0876903806247778,3277.0,0.6681093275547028,0.0,0.0,inf,0.9883205694273732,6671.0,0.0
socofing:000303:right_middle,peripheral_only,0.10000000149011612,8480.0,0.44279993722807454,0.0499826080030904,0.17418311683886248,13.011810869090318,0.3576549060260903,14746.0,0.8179888119921088,0.0,0.0,inf,0.8286327396304092,1638.0,0.0,0.07088643131332818,0.22096849437463542,11.494368870975586,0.11285274248890481,9437.0,0.8179888119921088,0.0,0.0,inf,0.8721514295589583,1495.0,0.0
socofing:000303:right_ring,peripheral_only,0.20000000298023224,6019.0,0.49605157642923053,0.047909767663379656,0.1713977820420655,13.195759352315399,0.38636990057725856,13107.0,0.80878871306777,0.0,0.0,inf,0.8289619461112608,3277.0,0.0,0.07247736613001596,0.22241096181913644,11.397975975606089,0.0939758805386296,7159.0,0.80878871306777,0.0,0.0,inf,0.9004084255651931,1684.0,0.0
socofing:000303:right_little,peripheral_only,0.30000001192092896,4632.0,0.44356860104396084,0.04199746004362586,0.1636180031885653,13.767769744209959,0.43912206361396544,11469.0,0.7475728243589401,0.0,0.0,inf,0.8186334268013007,4915.0,0.0,0.0679126788792502,0.2195973005871564,11.68049138042611,0.13039653398676437,5197.0,0.7212423644959927,0.0,0.0,inf,0.9396984965749565,1914.0,0.0
socofing:000308:left_thumb,peripheral_only,0.4000000059604645,5605.0,0.503323019697028,0.030641211032035383,0.13700786326630068,15.136940740871886,0.3219323778087766,9830.0,0.679094523191452,0.0,0.0,inf,0.967235722613673,6554.0,0.0,0.036732369305523094,0.16248382684420531,14.34951057956681,0.1636016291467755,7100.0,0.679094523191452,0.0,0.0,inf,0.9652419576374984,5679.0,0.0
socofing:000308:left_index,peripheral_only,0.5,3881.0,0.35695089437590766,0.015805037447922193,0.0855670378114155,18.01204470820498,0.4404084567283528,8192.0,0.6367442607879639,0.0,0.0,inf,0.9620344137821149,8192.0,0.0,0.020464816217485682,0.10272583761713007,16.8899215114528,0.23841349173182982,5460.0,0.6367442607879639,0.0,0.0,inf,0.9620785302277215,6054.0,0.0
socofing:000308:left_middle,peripheral_only,0.6000000238418579,3591.0,0.3917692083753584,0.01551032108746681,0.09550601045715033,18.093792115305824,0.4419367816155139,6554.0,0.5404258966445923,0.0,0.0,inf,0.9777755117203241,9830.0,0.0,0.016737872599611417,0.10999574267575503,17.76299742099183,0.3042840582062586,4583.0,0.50605908036232,0.0,0.0,inf,0.9769420066547843,7634.0,0.0
socofing:000308:left_ring,peripheral_only,0.699999988079071,2751.0,0.3326159200136572,0.0231535798255726,0.11308138861661039,16.35381852235726,0.37811243330654354,4915.0,0.6270507276058197,0.0,0.0,inf,0.9821941501494519,11469.0,0.0,0.02804089399365317,0.13703288590606255,15.522081444029109,0.18226716563410142,3318.0,0.6270507276058197,0.0,0.0,inf,0.973557213462238,6483.0,0.0
socofing:000308:left_little,peripheral_only,0.800000011920929,852.0,0.5398024996283862,0.01762432359379882,0.09157404781461016,17.538875418609745,0.6106244874839317,3277.0,0.5808977484703064,0.0,0.0,inf,0.9849912154909634,13107.0,0.0,0.03879931295352248,0.1684862309322045,14.111759646927979,0.22050205694375874,1313.0,0.5808977484703064,0.0,0.0,inf,0.9862743867835612,7464.0,0.0
socofing:000308:right_thumb,central_only,0.10000000149011612,9604.0,0.5875248014522654,0.11984353985078945,0.26200550236319475,9.213853715825257,0.1876810864054711,14746.0,0.9022389054298401,0.0,0.0,inf,0.9029242376441311,1638.0,0.0,0.12959697027039682,0.2906145345556853,8.874051513221275,0.06116557939193718,10901.0,0.8973788619041443,0.0,0.0,inf,0.9029242376441311,1638.0,0.0
socofing:000308:right_index,central_only,0.20000000298023224,6820.0,0.5753582700774625,0.06316514483291798,0.188060389807681,11.995225037183864,0.33768324936258876,13107.0,0.7813754044473171,0.0,0.0,inf,0.9439435155522261,3277.0,0.0,0.07508432490373691,0.21078811591901986,11.244507196983795,0.13389741134187605,7421.0,0.773610457777977,0.0,0.0,inf,0.9439435155522261,3277.0,0.0
socofing:000308:right_middle,central_only,0.30000001192092896,5901.0,0.4292578615036464,0.02464495022857,0.11810657178288153,16.082720545828717,0.48176790435659905,11469.0,0.6691114008426666,0.0,0.0,inf,0.9699773620056055,4915.0,0.0,0.03311963037365292,0.14293195353541652,14.799145187343395,0.23639695491639612,6503.0,0.6691114008426666,0.0,0.0,inf,0.9699773620056055,4915.0,0.0
socofing:000308:right_ring,central_only,0.4000000059604645,4417.0,0.35528930135849984,0.034859150316931424,0.14133045206174238,14.576832029163674,0.47012342126471784,9830.0,0.592454582452774,0.0,0.0,inf,0.9801808186645327,6554.0,0.0,0.047498769450480205,0.17913036089870243,13.233176414864747,0.23719463027663396,5032.0,0.563111275434494,0.0,0.0,inf,0.9801808186645327,6554.0,0.0
socofing:000308:right_little,central_only,0.5,1877.0,0.5042990986365855,0.021661174148547693,0.11239159771139384,16.643180060479736,0.6164711495275648,8192.0,0.5746873915195465,0.0,0.0,inf,0.9630579925504755,8192.0,0.0,0.04368596120070078,0.17450889999840466,13.596581042793826,0.20875207233826706,2474.0,0.5746873915195465,0.0,0.0,inf,0.9881735376121531,7206.0,0.0
socofing:000309:left_thumb,central_only,0.6000000238418579,2065.0,0.7264508760054756,0.041188916511977806,0.13252967818987466,13.85219632152789,0.5488086963096946,6554.0,0.8705727448686957,0.0,0.0,inf,0.9805327619380871,9830.0,0.0,0.08409479281902109,0.23704105208099177,10.752308950460698,0.16991047198821488,2216.0,0.8198571796528995,0.0,0.0,inf,0.9887627446247002,9251.0,0.0
socofing:000309:left_index,central_only,0.699999988079071,754.0,0.4743371815455655,0.01916162474375978,0.08566176161550872,17.175676691962348,0.7199169486438107,4915.0,0.7895345017313957,0.0,0.0,inf,0.983047113155078,11469.0,0.0,0.05503596616938309,0.18859421021444903,12.593534049792579,0.3660735551329104,779.0,0.590166624635458,0.0,0.0,inf,0.9953741708319267,10474.0,0.0
socofing:000309:left_middle,central_only,0.800000011920929,459.0,0.39487233832903695,0.021298833806515958,0.0801902677531891,16.71644175211982,0.7435544771426745,3277.0,0.7899407148361206,0.0,0.0,inf,0.992392744333079,13107.0,0.0,0.07578884719852903,0.2312822087456982,11.203946988072882,0.31109729970336014,499.0,0.6932847425341606,0.0,0.0,inf,0.9977347590777323,10961.0,0.0
socofing:000309:left_ring,disconnected_fragments,0.10000000149011612,6560.0,0.6848763930076246,0.06342802737741907,0.20017520929430305,11.977187950257333,0.4065797508495002,14746.0,0.8798199882730842,0.0,0.0,inf,0.861347163127392,1638.0,0.0,0.09714468992277189,0.2597926153121854,10.125809336155726,0.08929510336720826,7305.0,0.8798199882730842,0.0,0.0,inf,0.9244961515700623,1306.0,0.0
socofing:000309:left_little,disconnected_fragments,0.20000000298023224,6168.0,0.8537474446299617,0.0562051668348025,0.18612881279073357,12.502237587245252,0.3997072216027456,13107.0,0.7290577292442322,0.0,0.0,inf,0.878139595013278,3277.0,0.0,0.08938302904822477,0.2546646747071673,10.487449318792947,0.10174608074810652,6438.0,0.7290577292442322,0.0,0.0,inf,0.9461779458468392,1483.0,0.0
socofing:000309:right_thumb,disconnected_fragments,0.30000001192092896,7414.0,0.7872290061747522,0.09839872418904337,0.23066850922409304,10.07010532475675,0.27772664547757553,11469.0,0.9382028570398688,0.0,0.0,inf,0.9679797818961329,4915.0,0.0,0.12523174109852353,0.2883584669547025,9.022855813745723,0.10165135413034605,7599.0,0.9372134204022586,0.0,0.0,inf,0.9679797818961329,4915.0,0.0
socofing:000309:right_index,disconnected_fragments,0.4000000059604645,4777.0,0.22760242656127047,0.04093977656284006,0.14803336228822886,13.878545319175387,0.511127806756752,9830.0,0.8522235136479139,0.0,0.0,inf,0.9784700075150994,6554.0,0.0,0.07353537814253135,0.21749150152643718,11.33503669956324,0.1364900982040701,4935.0,0.8522235136479139,0.0,0.0,inf,0.9817304380426174,5345.0,0.0
socofing:000309:right_middle,disconnected_fragments,0.5,3245.0,0.2584426247153674,0.029035738991149647,0.12253299624069314,15.370671162228975,0.519614913687567,8192.0,0.7543378467671573,0.0,0.0,inf,0.9645259947398307,8192.0,0.0,0.051689641096274004,0.1757620179957271,12.865964833178742,0.2002410996391984,4056.0,0.7543378467671573,0.0,0.0,inf,0.9772354687553064,7165.0,0.0
socofing:000309:right_ring,disconnected_fragments,0.6000000238418579,826.0,0.36676442249840774,0.017585601218978113,0.10180965470585507,17.548427793731292,0.7547675069125543,6554.0,0.7384053431451321,0.0,0.0,inf,0.9613844639199286,9830.0,0.0,0.06542752043777718,0.2033731251105456,11.84239538216019,0.2386874215650132,957.0,0.7384053431451321,0.0,0.0,inf,0.9865936967974189,8206.0,0.0
socofing:000309:right_little,disconnected_fragments,0.699999988079071,303.0,0.1848435605803288,0.026225162905061456,0.11039346666004232,15.812818053822777,0.7705873052136926,4915.0,0.6009778678417206,0.0,0.0,inf,0.9851315780891866,11469.0,0.0,0.17114810551722193,0.3879886483466222,7.666279038177795,0.31740400656045126,303.0,0.6009778678417206,0.0,0.0,inf,0.993225274646217,7939.0,0.0
socofing:000317:left_thumb,disconnected_fragments,0.800000011920929,1649.0,0.3338043424095592,0.08071604559110615,0.18612412718000493,10.930401230351405,0.3680930418547723,3277.0,0.9318180079571903,0.0,0.0,inf,0.9963788957105405,13107.0,0.0,0.12104706531797971,0.2796556245838251,9.170457351909159,0.12402417760514486,1711.0,0.9172466988675296,0.0,0.0,inf,0.995750010695601,10767.0,0.0
socofing:000317:left_index,stripes,0.10000000149011612,9960.0,0.7049357543655393,0.05919838624271003,0.18552762550854732,12.27690132051382,0.2912171232373122,14746.0,0.8976358165964484,0.0,0.0,inf,0.9263664808675935,1638.0,0.0,0.07862197883608368,0.2290887379985627,11.044560296233252,0.06851949638581802,10322.0,0.8976358165964484,0.0,0.0,inf,0.9475283996437407,753.0,0.0
socofing:000317:left_middle,stripes,0.20000000298023224,9175.0,0.8795612569933114,0.10177197038323883,0.24381593874136748,9.92371817127639,0.22487448140215544,13107.0,0.9189021582715213,0.0,0.0,inf,0.9567346834998763,3277.0,0.0,0.12431379260666724,0.2911851943084985,9.054806837424552,0.06892325583251911,9382.0,0.9059256901964545,0.0,0.0,inf,0.9731342157359933,2641.0,0.0
socofing:000317:left_ring,stripes,0.30000001192092896,8681.0,0.6029460894456901,0.06146689636021295,0.19270609164078947,12.113587150987987,0.23338203459656046,11469.0,0.730782225728035,0.0,0.0,inf,0.9817021434498491,4915.0,0.0,0.07260310035084369,0.22263176160172324,11.39044833342412,0.09279813633692112,8966.0,0.730782225728035,0.0,0.0,inf,0.9761940361346846,2703.0,0.0
socofing:000317:left_little,stripes,0.4000000059604645,5809.0,0.4783272365652532,0.05556342908213887,0.18191722607953495,12.552109597397461,0.3600798432636323,9830.0,0.6945865601301193,0.0,0.0,inf,0.9759376480392113,6554.0,0.0,0.0802440013057096,0.23997095159670395,10.955874236857477,0.08918467092643019,5979.0,0.6945865601301193,0.0,0.0,inf,0.9724501494320889,2875.0,0.0
socofing:000317:right_thumb,stripes,0.5,5934.0,0.75554191174592,0.06216485320676224,0.18470549402235292,12.06455087536624,0.18663410991215917,8192.0,0.9143980126827955,0.0,0.0,inf,0.9828006460876778,8192.0,0.0,0.07002291303448785,0.2069588577738309,11.547598260404495,0.07480710071073463,6782.0,0.9143980126827955,0.0,0.0,inf,0.9801095175090839,5368.0,0.0
socofing:000317:right_index,stripes,0.6000000238418579,5399.0,0.5536860877087565,0.10308249923005239,0.2482677955596191,9.868150605454353,0.14457988244194522,6554.0,0.9513955097645521,0.0,0.0,inf,0.9890024874593136,9830.0,0.0,0.11482121701401309,0.2763709151994816,9.39977854266264,0.06302200711356047,5631.0,0.9513955097645521,0.0,0.0,inf,0.9849019245968953,6658.0,0.0
socofing:000317:right_middle,stripes,0.699999988079071,3881.0,0.3662506310516976,0.0756479308438507,0.20558490476714086,11.212029464958837,0.2536957785700513,4915.0,0.843308862298727,0.0,0.0,inf,0.9900463332454464,11469.0,0.0,0.09082782454232362,0.2427643874629221,10.417810876676006,0.11952300961587657,4037.0,0.843308862298727,0.0,0.0,inf,0.9881932526304119,8773.0,0.0
socofing:000317:right_ring,stripes,0.800000011920929,2493.0,0.4557441895569585,0.059056007266646116,0.18180251297298541,12.28735918709917,0.21603745587502196,3277.0,0.8373705074191093,0.0,0.0,inf,0.9941967456823255,13107.0,0.0,0.06335626902970531,0.19986302993793104,11.982104057165436,0.1243804134838543,2678.0,0.8173845373094082,0.0,0.0,inf,0.9932383604531599,9388.0,0.0
socofing:000317:right_little,severe_partial,0.10000000149011612,7820.0,0.4794413341800062,0.05123622023266144,0.18074018200602376,12.904229162545484,0.3947138861638849,14746.0,0.7672373056411743,0.0,0.0,inf,0.872337451126539,1638.0,0.0,0.0735440731935735,0.2282343501921673,11.334523206664322,0.10683933889960859,8192.0,0.7672373056411743,0.0,0.0,inf,0.9390240064528784,1159.0,0.0
socofing:000318:left_thumb,severe_partial,0.20000000298023224,7806.0,0.6540910010404474,0.06732993271134721,0.19458019374212146,11.717918195600541,0.25387579128300347,13107.0,0.9019725322723389,0.0,0.0,inf,0.9625028647137224,3277.0,0.0,0.08662336290383124,0.23633737746776257,10.623649600401752,0.07576856504803953,9430.0,0.9019725322723389,0.0,0.0,inf,0.9625356576185411,3123.0,0.0
socofing:000318:left_index,severe_partial,0.30000001192092896,7376.0,0.6835686707787147,0.06837317497709505,0.1956619414801264,11.651142527309794,0.28370469762778044,11469.0,0.9076898684725165,0.0,0.0,inf,0.9740867880982746,4915.0,0.0,0.09350417260190982,0.24773278846416635,10.291690084050128,0.08810079924719755,7907.0,0.9076898684725165,0.0,0.0,inf,0.9694945403522479,2559.0,0.0
socofing:000318:left_middle,random_rectangles,0.10000000149011612,10172.0,0.5923140576214195,0.06894131708819116,0.20800199063076572,11.615204238774526,0.17856103536401594,14746.0,0.8727824650704861,0.0,0.0,inf,0.8095980930320713,1638.0,0.0,0.08211062134404487,0.23576039828789921,10.856006614828182,0.0572645353343048,11505.0,0.8617735486477613,0.0,0.0,inf,0.6772784941189224,113.0,0.0
socofing:000318:left_ring,random_rectangles,0.20000000298023224,7586.0,0.6286291674761008,0.07162406953287519,0.21588983589543428,11.449410069004726,0.22829070973226848,13107.0,0.7947516366839409,0.0,0.0,inf,0.8249391683449112,3277.0,0.0,0.07028757131768727,0.21342831554007996,11.531214628229307,0.10482718790727852,8747.0,0.7947516366839409,0.0,0.0,inf,0.7599170954144545,273.0,0.0
socofing:000318:left_little,random_rectangles,0.30000001192092896,6811.0,0.8484478068911716,0.055464260807360964,0.18608123698926393,12.559867706390229,0.21479248527859282,11469.0,0.8193246107548475,0.0,0.0,inf,0.898683972864138,4915.0,0.0,0.06664211158171258,0.21118460806752914,11.762512505905068,0.11079251581299751,8963.0,0.8193246107548475,0.0,0.0,inf,0.8933283920146065,475.0,0.0
socofing:000318:right_thumb,random_rectangles,0.4000000059604645,8314.0,0.49069175480831173,0.08969657356899005,0.2358852314563811,10.472241467942847,0.09149780847999842,9830.0,0.9715910544618964,0.0,0.0,inf,0.9510080758458558,6554.0,0.0,0.09168539839645107,0.24218121809372087,10.376998235533097,0.06316038119421488,9302.0,0.9715910544618964,0.0,0.0,inf,0.9443087289262563,3152.0,0.0
socofing:000318:right_index,random_rectangles,0.5,7179.0,0.7085579181802723,0.09470274702157919,0.24418434800224986,10.236374233303003,0.1157158635267297,8192.0,0.931532621383667,0.0,0.0,inf,0.9754713292286636,8192.0,0.0,0.09760737570281286,0.2511624751465925,10.105173636242633,0.09025421099083174,7940.0,0.931532621383667,0.0,0.0,inf,0.9558071629129983,4119.0,0.0
socofing:000318:right_middle,random_rectangles,0.6000000238418579,5177.0,0.4716501110744809,0.07106809093853404,0.20274743281009552,11.483253506050739,0.20525807651671785,6554.0,0.8600975256413221,0.0,0.0,inf,0.9766249448914786,9830.0,0.0,0.07955164698975245,0.2229480244231589,10.993508245509403,0.12398951402102008,5837.0,0.8600975256413221,0.0,0.0,inf,0.9490014290538001,3509.0,0.0
socofing:000318:right_ring,random_rectangles,0.699999988079071,4309.0,0.3829228630049206,0.06652321310977805,0.21490028032782893,11.770267822705335,0.0931329995569988,4915.0,0.8892654767259955,0.0,0.0,inf,0.9898046188175211,11469.0,0.0,0.06712035711276236,0.216502844711409,11.731457415165206,0.08527926357696727,4836.0,0.8892654767259955,0.0,0.0,inf,0.9763672358197576,4613.0,0.0
socofing:000318:right_little,random_rectangles,0.800000011920929,2619.0,0.4662529847058752,0.07174999377335001,0.21793828229569093,11.441781322831666,0.16186833241816342,3277.0,0.8929090425372124,0.0,0.0,inf,0.9906147025205179,13107.0,0.0,0.07340310757215027,0.22266534527445628,11.342855535325887,0.14330395038529062,3203.0,0.8929090425372124,0.0,0.0,inf,0.9848492608317024,7914.0,0.0
socofing:000319:left_thumb,irregular,0.10000000149011612,7999.0,0.6841956538365781,0.06476646016426371,0.20933905675256073,11.886498388290473,0.29740983791110176,14746.0,0.8348177596926689,0.0,0.0,inf,0.731272395929507,1638.0,0.0,0.0869185190542435,0.2542614320884084,10.60887681937906,0.09333191805153844,9781.0,0.8348177596926689,0.0,0.0,inf,0.7926244025609706,978.0,0.0
socofing:000319:left_index,irregular,0.20000000298023224,5266.0,0.6549634541344067,0.047703812639273944,0.17764305352836113,13.214469093869784,0.4316093643802312,13107.0,0.7052450766786933,0.0,0.0,inf,0.7120682070572886,3277.0,0.0,0.08001481341306975,0.24383222974553018,10.968296031580493,0.11281934671671395,6353.0,0.7052450766786933,0.0,0.0,inf,0.8768036209043645,1163.0,0.0
socofing:000319:left_middle,irregular,0.30000001192092896,5729.0,0.5015272681976942,0.0429009344049824,0.16297176152608858,13.67533248549347,0.3191116942899291,11469.0,0.7863590084016323,0.0,0.0,inf,0.8615369619996267,4915.0,0.0,0.05606700497441406,0.19580120723854963,12.512926427213017,0.14213375608424503,8303.0,0.7863590084016323,0.0,0.0,inf,0.8755687240355164,3226.0,0.0
socofing:000319:left_ring,irregular,0.4000000059604645,4627.0,0.3749647348575185,0.03775560478652389,0.15398453962624392,14.230185686128445,0.34141492451448835,9830.0,0.7574218437075615,0.0,0.0,inf,0.8846553860339854,6554.0,0.0,0.05104652511401585,0.18638314152839922,12.920338162640881,0.15513313598667983,6540.0,0.7574218437075615,0.0,0.0,inf,0.9191786350685561,3792.0,0.0
socofing:000319:left_little,irregular,0.5,5279.0,0.3636032536870369,0.05634823249656559,0.17883009389129256,12.491197021383236,0.3467062564979037,8192.0,0.7800208888947964,0.0,0.0,inf,0.9293335482132428,8192.0,0.0,0.07940648068558881,0.23402311690332497,11.001440515888408,0.13601020215962636,5563.0,0.7800208888947964,0.0,0.0,inf,0.9217715365881917,3129.0,0.0
socofing:000319:right_thumb,irregular,0.6000000238418579,4607.0,0.3014012508345825,0.06978807916762773,0.2060795952459393,11.56218754939313,0.2899995573138496,6554.0,0.8534039184451103,0.0,0.0,inf,0.9591938379951188,9830.0,0.0,0.08328882080636518,0.2407049831377138,10.794132865634559,0.1816702514058555,5279.0,0.8534039184451103,0.0,0.0,inf,0.9359519308905216,4646.0,0.0
socofing:000319:right_index,irregular,0.699999988079071,2542.0,0.29679215442730894,0.04003199465074488,0.14257316268044443,13.975927700190516,0.46764257795423764,4915.0,0.7754995208233595,0.0,0.0,inf,0.9701132946546872,11469.0,0.0,0.060596466382135346,0.20064542183806752,12.175527005116688,0.2266068229947057,3140.0,0.7754995208233595,0.0,0.0,inf,0.9701227681068555,8188.0,0.0
socofing:000319:right_middle,irregular,0.800000011920929,2198.0,0.19167855280667548,0.048592129840439376,0.15386993845618935,13.134340649691296,0.4070925247306226,3277.0,0.8242370476946235,0.0,0.0,inf,0.9865807880375502,13107.0,0.0,0.06587419995394238,0.20015980964890673,11.812846462795568,0.2073898902411996,2353.0,0.8242370476946235,0.0,0.0,inf,0.9852025829487481,8156.0,0.0
socofing:000319:right_ring,central_missing,0.10000000149011612,8554.0,0.789070850219387,0.05553218557742632,0.18558904413967794,12.554552336850548,0.3195653838116489,14746.0,0.8728344403207302,0.0,0.0,inf,0.9080133887807182,1638.0,0.0,0.07622399220772495,0.23379005756115673,11.179083089306673,0.060703446577716064,9667.0,0.8728344403207302,0.0,0.0,inf,0.9458035759763435,244.0,0.0
socofing:000319:right_little,central_missing,0.20000000298023224,9506.0,0.7164069096075295,0.09217135539424519,0.2358434962195703,10.354040260946313,0.2121183890075738,13107.0,0.9039049129933119,0.0,0.0,inf,0.8959557885915059,3277.0,0.0,0.11463721510314769,0.27835694510713815,9.406743728551847,0.05337667380388569,10281.0,0.9039049129933119,0.0,0.0,inf,0.8528359538838008,528.0,0.0
socofing:000321:left_thumb,central_missing,0.30000001192092896,10013.0,0.5494392948837842,0.08260463791310005,0.21897687351087342,10.82995568133362,0.11172542419706451,11469.0,0.9646621341817081,0.0,0.0,inf,0.9767334592816411,4915.0,0.0,0.08575657270660637,0.22934497782531849,10.667325840453309,0.057812296122504235,10528.0,0.9619855876080692,0.0,0.0,inf,0.9529881044686046,1573.0,0.0
socofing:000321:left_index,central_missing,0.4000000059604645,8326.0,0.9722582073696897,0.08536040121433057,0.23048475217225745,10.687435522907053,0.04717615432368785,9830.0,0.9689209456555545,0.0,0.0,inf,0.9586994873660576,6554.0,0.0,0.0845531924067722,0.22971583827330963,10.72869990449783,0.04616360027747623,9732.0,0.9689209456555545,0.0,0.0,inf,0.9404839402180213,2713.0,0.0
socofing:000321:left_middle,central_missing,0.5,7167.0,0.599258196153114,0.0904800263195794,0.2501044513875854,10.43447281751407,0.04593797808336435,8192.0,0.9074910245835781,0.0,0.0,inf,0.9797460526677836,8192.0,0.0,0.0904800263195794,0.2501044513875854,10.43447281751407,0.04593797808336435,8192.0,0.9074910245835781,0.0,0.0,inf,0.9576005807066531,3912.0,0.0
socofing:000321:left_ring,central_missing,0.6000000238418579,4662.0,0.22117513210504763,0.07562389226327852,0.21682893903528136,11.213409738266677,0.11950354142014692,6554.0,0.8964945636689663,0.0,0.0,inf,0.9843501469326285,9830.0,0.0,0.08143651241687712,0.2313093773740356,10.891808336141162,0.05934815337933129,6080.0,0.8964945636689663,0.0,0.0,inf,0.9690130306860276,3659.0,0.0
socofing:000321:left_little,central_missing,0.699999988079071,4447.0,0.5146275895770802,0.08035150465761244,0.23371020522288835,10.950059862512301,0.06231665173720472,4915.0,0.858229098841548,0.0,0.0,inf,0.9889805288510832,11469.0,0.0,0.08035150465761244,0.23371020522288835,10.950059862512301,0.06231665173720472,4915.0,0.858229098841548,0.0,0.0,inf,0.9768087175249125,5448.0,0.0
socofing:000321:right_thumb,central_missing,0.800000011920929,2585.0,0.18974760952321731,0.07868732471785565,0.23558987210185553,11.04095219971768,0.07763407203466459,3277.0,0.6852505505084991,0.0,0.0,inf,0.9946537495831028,13107.0,0.0,0.07868732471785565,0.23558987210185553,11.04095219971768,0.07763407203466459,3277.0,0.6852505505084991,0.0,0.0,inf,0.9924555012689202,9288.0,0.0
socofing:000321:right_index,peripheral_only,0.10000000149011612,9619.0,0.5625664681945718,0.06684164835338548,0.1972043680014938,11.749528486955736,0.23936053878382105,14746.0,0.9058843217790127,0.0,0.0,inf,0.9128371707137265,1638.0,0.0,0.08017634667253458,0.23151962086210928,10.959537367623039,0.07710458678436413,10857.0,0.9019201379269361,0.0,0.0,inf,0.9155980784073569,1614.0,0.0
socofing:000321:right_middle,peripheral_only,0.20000000298023224,8443.0,0.43361804873394016,0.04705779466139419,0.16386178063978077,13.273684296638116,0.27843486363357983,13107.0,0.8375068884342909,0.0,0.0,inf,0.9184139182591851,3277.0,0.0,0.05454194739704732,0.19067770361355224,12.632693598176914,0.10409282275053766,9349.0,0.8375068884342909,0.0,0.0,inf,0.9206138993436648,2909.0,0.0
socofing:000321:right_ring,peripheral_only,0.30000001192092896,6523.0,0.43686658996745265,0.04509374923723983,0.15731761545666867,13.45883654572497,0.3420135051831441,11469.0,0.8179655633866787,0.0,0.0,inf,0.9414822266994449,4915.0,0.0,0.06097188413251517,0.20119016392267816,12.148703843497142,0.10525631061633396,7445.0,0.7568489760160446,0.0,0.0,inf,0.9476038101517378,3627.0,0.0
socofing:000321:right_little,peripheral_only,0.4000000059604645,5069.0,0.4215945099810777,0.04610048464020236,0.1584056140514354,13.362945089821686,0.4009988522657433,9830.0,0.8375016413629055,0.0,0.0,inf,0.9383298411049323,6554.0,0.0,0.07037577992524184,0.21935624888279823,11.525767791338202,0.11407745374553514,6031.0,0.8375016413629055,0.0,0.0,inf,0.9485097882197276,3895.0,0.0
socofing:000339:left_thumb,peripheral_only,0.5,4886.0,0.31648014428218685,0.04983862294068163,0.15871157035064698,13.0243396589795,0.3443954925786048,8192.0,0.8233486339449883,0.0,0.0,inf,0.9717553118007656,8192.0,0.0,0.0642434911801012,0.19810887932022225,11.921708662496878,0.13749935087402163,5594.0,0.8132820054888725,0.0,0.0,inf,0.9693717030333338,6739.0,0.0
socofing:000339:left_index,peripheral_only,0.6000000238418579,3511.0,0.3011133927992769,0.048263561411487244,0.16055212512907627,13.16380634265421,0.36162481815931624,6554.0,0.8529508709907532,0.0,0.0,inf,0.9809638940601265,9830.0,0.0,0.06467149081545812,0.21180747909430928,11.892871275256782,0.14247162307172587,4327.0,0.7999951243400574,0.0,0.0,inf,0.9804130247507773,8162.0,0.0
socofing:000339:left_middle,peripheral_only,0.699999988079071,2432.0,0.37547910656920797,0.04126843215619044,0.1409752963520094,13.843820302466227,0.4056073085393743,4915.0,0.7562903687357903,0.0,0.0,inf,0.9860805222682378,11469.0,0.0,0.058996420153441066,0.19294351110972452,12.291743401336987,0.17011624958519755,3245.0,0.6872270107269287,0.0,0.0,inf,0.9851293295667912,9430.0,0.0
socofing:000339:left_ring,peripheral_only,0.800000011920929,1255.0,0.5549564757456054,0.03425578661438729,0.12486198471263983,14.65266055341637,0.4692710370441317,3277.0,0.6748978486284614,0.0,0.0,inf,0.987178529754692,13107.0,0.0,0.057930877603808974,0.19408594699486742,12.370898922569491,0.16380982668709448,1847.0,0.6748978486284614,0.0,0.0,inf,0.9888629216219359,9181.0,0.0
socofing:000339:left_little,central_only,0.10000000149011612,7255.0,0.705021893773283,0.07786597114333839,0.21518245366257718,11.086522955167906,0.31902041598030245,14746.0,0.882661996409297,0.0,0.0,inf,0.9625426642788891,1638.0,0.0,0.0891732788200788,0.23723971657912565,10.497652644528102,0.08558725436933186,8548.0,0.8515841364860535,0.0,0.0,inf,0.9625426642788891,1638.0,0.0
socofing:000339:right_thumb,central_only,0.20000000298023224,8440.0,0.7003212195058683,0.05549221590648391,0.177991328996459,12.557679326602656,0.26008134717683135,13107.0,0.8952361936680973,0.0,0.0,inf,0.9776963865500407,3277.0,0.0,0.06836390414363415,0.20697278397688387,11.65173143440753,0.07969643457022452,9236.0,0.8946579098701477,0.0,0.0,inf,0.9776963865500407,3277.0,0.0
socofing:000339:right_index,central_only,0.30000001192092896,6177.0,0.43550970051034116,0.039782358555307096,0.1489893711511962,14.003094726648072,0.3492237307163849,11469.0,0.8323814831674099,0.0,0.0,inf,0.97795231520043,4915.0,0.0,0.05315168800079049,0.17971199071262034,12.744829385200289,0.12370150092556989,7254.0,0.8323814831674099,0.0,0.0,inf,0.97795231520043,4915.0,0.0
socofing:000339:right_middle,central_only,0.4000000059604645,5634.0,0.562694685251062,0.06818996866291814,0.18329751491475574,11.662795091377813,0.30984133452654145,9830.0,0.9196671242825687,0.0,0.0,inf,0.9857015163822311,6554.0,0.0,0.09349616216209097,0.23603246931203875,10.29206215716085,0.10478374995206748,6045.0,0.9196671242825687,0.0,0.0,inf,0.9857015163822311,6554.0,0.0
socofing:000339:right_ring,central_only,0.5,3612.0,0.32429855364871174,0.04498712235247031,0.145891203674978,13.469117860389856,0.4639665926724366,8192.0,0.8950657211244106,0.0,0.0,inf,0.9847368831634336,8192.0,0.0,0.06831153618245339,0.20036942226451152,11.655059481879412,0.19329783875637369,4039.0,0.881932495161891,0.0,0.0,inf,0.9847368831634336,8192.0,0.0
socofing:000339:right_little,central_only,0.6000000238418579,1707.0,0.34921146278030235,0.01734607565669116,0.09669342568363888,17.60798763721564,0.5569507092036472,6554.0,0.8177737556397915,0.0,0.0,inf,0.9689940904571518,9830.0,0.0,0.026732557933601617,0.12673912909612942,15.7295948331986,0.21133114323669275,2232.0,0.8177737556397915,0.0,0.0,inf,0.9799987258118439,9107.0,0.0
socofing:000345:left_thumb,central_only,0.699999988079071,1298.0,0.6255980976278387,0.02879413129753848,0.10887353579577207,15.406960193523922,0.591370584265469,4915.0,0.6995841711759567,0.0,0.0,inf,0.9889514820508778,11469.0,0.0,0.059483300450886345,0.19658585991958777,12.256049425064797,0.1795722713317608,1500.0,0.6995841711759567,0.0,0.0,inf,0.9923164023536827,9895.0,0.0
socofing:000345:left_index,central_only,0.800000011920929,92.0,0.5946561821387832,0.0071797631519241656,0.05225500447842127,21.438898821517082,0.872528241437707,3277.0,0.6688576340675354,0.0,0.0,inf,0.9870199510827241,13107.0,0.0,0.08113235355148035,0.22877108613745525,10.908059254815925,0.22119812537269073,104.0,0.6688576340675354,0.0,0.0,inf,0.9982103771642747,9038.0,0.0
