sample_id,mask_family,observed_fraction,single_sample_mae,mean_reconstruction_mae,best_of_k_mae,pairwise_diversity_mae,mean_predictive_std,uncertainty_error_spearman,missing_roi_pixels
socofing:000023:left_thumb,random_rectangles,0.10000000149011612,0.11874127388000488,0.14163964986801147,0.11581826955080032,0.12994760622580845,0.11470051854848862,0.4291568244445226,11110.0
socofing:000023:left_index,random_rectangles,0.20000000298023224,0.11877603828907013,0.11922937631607056,0.10939597338438034,0.08179989175664054,0.07061241567134857,0.31414756964725093,9772.0
socofing:000023:left_middle,random_rectangles,0.30000001192092896,0.12879876792430878,0.12433875352144241,0.09128256887197495,0.08825216823154025,0.0808887705206871,0.5387849941135823,9663.0
socofing:000023:left_ring,random_rectangles,0.4000000059604645,0.13542339205741882,0.13113504648208618,0.1159670352935791,0.05873514076487885,0.04990871995687485,0.4628871108025611,5967.0
socofing:000023:left_little,random_rectangles,0.5,0.09192980825901031,0.09135431796312332,0.09085581451654434,0.056274093356397416,0.04846048355102539,0.43239953855352525,5418.0
socofing:000023:right_thumb,random_rectangles,0.6000000238418579,0.10507947951555252,0.10164925456047058,0.09886252135038376,0.02154733687121835,0.01869741454720497,0.31343115337129346,6492.0
socofing:000023:right_index,random_rectangles,0.699999988079071,0.10802976787090302,0.1076991856098175,0.10775604844093323,0.022089209588658478,0.019405007362365723,0.261353241516657,4915.0
socofing:000023:right_middle,random_rectangles,0.800000011920929,0.074759840965271,0.07467193156480789,0.07434529811143875,0.0036112027191039587,0.0030964261386543512,0.13985673307616947,3004.0
socofing:000023:right_ring,irregular,0.10000000149011612,0.09631428122520447,0.09620937705039978,0.09364783763885498,0.03807364660832617,0.03297979757189751,0.3606657164745591,10663.0
socofing:000023:right_little,irregular,0.20000000298023224,0.08989240974187851,0.09146885573863983,0.0886220633983612,0.042123143292135665,0.03764156997203827,0.19580145711230612,8096.0
socofing:000030:left_thumb,irregular,0.30000001192092896,0.1735990196466446,0.16672196984291077,0.15753860771656036,0.040851975046098235,0.03500904515385628,0.24854412834993275,7905.0
socofing:000030:left_index,irregular,0.4000000059604645,0.15193915367126465,0.1518087536096573,0.14667682349681854,0.02576353455790215,0.022440720349550247,0.25754824224655715,6280.0
socofing:000030:left_middle,irregular,0.5,0.13160809874534607,0.12902599573135376,0.12777811288833618,0.015861710036794343,0.013553638011217117,0.3221671554532692,6198.0
socofing:000030:left_ring,irregular,0.6000000238418579,0.1195138692855835,0.11311575770378113,0.11140178889036179,0.018116734797755878,0.015535161830484867,0.2998609404932514,3993.0
socofing:000030:left_little,irregular,0.699999988079071,0.13770771026611328,0.13903948664665222,0.13770771026611328,0.011402197430531185,0.00992720015347004,0.40076595264682874,2565.0
socofing:000030:right_thumb,irregular,0.800000011920929,0.0907144621014595,0.09016697853803635,0.08959533274173737,0.005983832975228628,0.005190742202103138,0.6393577550451829,2001.0
socofing:000030:right_index,central_missing,0.10000000149011612,0.23396995663642883,0.2839811146259308,0.19917654991149902,0.16017916715807384,0.14027878642082214,0.5156160139298995,9506.0
socofing:000030:right_middle,central_missing,0.20000000298023224,0.19496501982212067,0.16877047717571259,0.16111619770526886,0.08278908369441827,0.07263729721307755,0.10060849476965164,10900.0
socofing:000030:right_ring,central_missing,0.30000001192092896,0.16613201797008514,0.12497296929359436,0.11965946108102798,0.09833803038216299,0.08476581424474716,0.1265816402782615,8870.0
socofing:000030:right_little,central_missing,0.4000000059604645,0.18478716909885406,0.14397819340229034,0.1407339721918106,0.11200952161517408,0.09730043262243271,0.10125870435251548,6788.0
socofing:000032:left_thumb,central_missing,0.5,0.1983189880847931,0.19747328758239746,0.1973721981048584,0.04841975608012743,0.043442294001579285,0.4811649508297846,8192.0
socofing:000032:left_index,central_missing,0.6000000238418579,0.18660198152065277,0.18269941210746765,0.17697258293628693,0.05404649676962031,0.047999631613492966,0.31452759254318946,6259.0
socofing:000032:left_middle,central_missing,0.699999988079071,0.19576916098594666,0.20073135197162628,0.19017013907432556,0.07332946372528872,0.06391530483961105,0.3327141411085829,4224.0
socofing:000032:left_ring,central_missing,0.800000011920929,0.14059199392795563,0.1326516717672348,0.13115496933460236,0.028284036978665324,0.024152223020792007,0.36491449012149024,3111.0
socofing:000032:left_little,peripheral_only,0.10000000149011612,0.23490320146083832,0.22091995179653168,0.20755591988563538,0.06932021578152975,0.06047404184937477,0.32965243832782753,6338.0
socofing:000032:right_thumb,peripheral_only,0.20000000298023224,0.18692663311958313,0.19314581155776978,0.1858692616224289,0.056872352874941294,0.04971563443541527,0.4313497613720955,9434.0
socofing:000032:right_index,peripheral_only,0.30000001192092896,0.18823285400867462,0.18529275059700012,0.18372218310832977,0.043246746777246395,0.036376044154167175,0.5243561522265372,6948.0
socofing:000032:right_middle,peripheral_only,0.4000000059604645,0.17427800595760345,0.1741020530462265,0.17140746116638184,0.02313664930148257,0.019833477213978767,0.4029553273560041,6001.0
socofing:000032:right_ring,peripheral_only,0.5,0.1067393571138382,0.10802046209573746,0.1036955937743187,0.022031276621338393,0.01877310685813427,0.4630964925233567,4803.0
socofing:000032:right_little,peripheral_only,0.6000000238418579,0.11892084777355194,0.11888383328914642,0.11622722446918488,0.05348860619382726,0.046598900109529495,0.4259746908893531,3261.0
socofing:000039:left_thumb,peripheral_only,0.699999988079071,0.17052341997623444,0.17044521868228912,0.17040753364562988,0.01330303684808314,0.011733224615454674,0.4905254486034477,2823.0
socofing:000039:left_index,peripheral_only,0.800000011920929,0.16246430575847626,0.16251499950885773,0.16182412207126617,0.008641505350048343,0.007634724024683237,0.41625063696814235,2098.0
socofing:000039:left_middle,central_only,0.10000000149011612,0.21505112946033478,0.19434429705142975,0.1928323209285736,0.11410958857999907,0.0994810089468956,0.1397797527811688,10076.0
socofing:000039:left_ring,central_only,0.20000000298023224,0.2104303538799286,0.18027396500110626,0.18239270150661469,0.13689142242074012,0.12544874846935272,0.2360033995763145,7875.0
socofing:000039:left_little,central_only,0.30000001192092896,0.18332412838935852,0.1773679256439209,0.17828819155693054,0.1025065934492482,0.09301523119211197,0.3630294560212332,3477.0
socofing:000039:right_thumb,central_only,0.4000000059604645,0.2893197536468506,0.22311393916606903,0.21277374029159546,0.10656068962481287,0.09792153537273407,0.44075170585192247,6045.0
socofing:000039:right_index,central_only,0.5,0.1697082370519638,0.17230185866355896,0.16579191386699677,0.07270190748903486,0.06350568681955338,0.5896907352090799,3905.0
socofing:000039:right_middle,central_only,0.6000000238418579,0.10153181105852127,0.10106711834669113,0.10037167370319366,0.04799741376191378,0.045027125626802444,0.644591951922809,2544.0
socofing:000039:right_ring,central_only,0.699999988079071,0.12524141371250153,0.12452508509159088,0.1230442225933075,0.03181909489341908,0.027293134480714798,0.6216972993259084,789.0
socofing:000039:right_little,central_only,0.800000011920929,0.14547058939933777,0.14528335630893707,0.1440015286207199,0.01334459896509846,0.011619693599641323,0.6325432683858752,420.0
socofing:000052:left_thumb,disconnected_fragments,0.10000000149011612,0.16485115885734558,0.15294072031974792,0.15655793249607086,0.11316329712669054,0.0982782244682312,0.4061102955172116,10542.0
socofing:000052:left_index,disconnected_fragments,0.20000000298023224,0.20316053926944733,0.18641097843647003,0.17588751018047333,0.07759005675713221,0.0693560317158699,0.32914155441456194,9174.0
socofing:000052:left_middle,disconnected_fragments,0.30000001192092896,0.13720032572746277,0.12724073231220245,0.11682011187076569,0.05493489661150509,0.04930149391293526,0.37299204976725264,7538.0
socofing:000052:left_ring,disconnected_fragments,0.4000000059604645,0.13484814763069153,0.13677026331424713,0.12721946835517883,0.05669762252105607,0.05237169936299324,0.546514252954617,7024.0
socofing:000052:left_little,disconnected_fragments,0.5,0.12711209058761597,0.13085277378559113,0.1247110515832901,0.05170181801335679,0.04467768222093582,0.42522108178533014,5966.0
socofing:000052:right_thumb,disconnected_fragments,0.6000000238418579,0.25266146659851074,0.1897018402814865,0.16956113278865814,0.08374266247782443,0.07514483481645584,0.5262347007903689,4347.0
socofing:000052:right_index,disconnected_fragments,0.699999988079071,0.11199366301298141,0.1100604236125946,0.11059684306383133,0.03976254014091359,0.03795849531888962,0.5934132074704547,1963.0
socofing:000052:right_middle,disconnected_fragments,0.800000011920929,0.10434262454509735,0.10221448540687561,0.10095009952783585,0.025504472489572234,0.022708354517817497,0.5136323422156939,1168.0
socofing:000052:right_ring,stripes,0.10000000149011612,0.12208188325166702,0.14757835865020752,0.12208188325166702,0.10778721372286479,0.09658227860927582,0.34465378341733244,10886.0
socofing:000052:right_little,stripes,0.20000000298023224,0.12144464254379272,0.10007812082767487,0.1021781787276268,0.057199924604760276,0.049696896225214005,0.13538644460452082,9379.0
socofing:000054:left_thumb,stripes,0.30000001192092896,0.1813810020685196,0.1965600848197937,0.16960126161575317,0.08742063074476189,0.0798368975520134,0.4081811179562511,8917.0
socofing:000054:left_index,stripes,0.4000000059604645,0.16991759836673737,0.14792975783348083,0.1394902765750885,0.05649337000730965,0.05062408000230789,0.35930567092838595,6876.0
socofing:000054:left_middle,stripes,0.5,0.1502034068107605,0.15389563143253326,0.1502034068107605,0.04550245478749275,0.04551852121949196,0.3235479500452445,6092.0
socofing:000054:left_ring,stripes,0.6000000238418579,0.15408077836036682,0.15359632670879364,0.15348508954048157,0.02488575686390201,0.02236866019666195,0.32117737601937163,5426.0
socofing:000054:left_little,stripes,0.699999988079071,0.10515382885932922,0.1040671318769455,0.1032538115978241,0.01368905029570063,0.011862920597195625,0.25152323762054757,3075.0
socofing:000054:right_thumb,stripes,0.800000011920929,0.10094927251338959,0.10022560507059097,0.09820336103439331,0.011547278814638655,0.01074837613850832,0.47446593948545557,2508.0
socofing:000054:right_index,severe_partial,0.10000000149011612,0.2048342227935791,0.18685270845890045,0.17137306928634644,0.1305608326362239,0.11647067219018936,0.30435044776953013,10066.0
socofing:000054:right_middle,severe_partial,0.20000000298023224,0.18244244158267975,0.1855458915233612,0.17705541849136353,0.081907370665835,0.07387389242649078,0.29918689439684504,9388.0
socofing:000054:right_ring,severe_partial,0.30000001192092896,0.17458763718605042,0.1679525077342987,0.163667231798172,0.09625072988371054,0.08575135469436646,0.24179579606624083,6931.0
socofing:000054:right_little,random_rectangles,0.10000000149011612,0.2451094537973404,0.21560180187225342,0.2131696194410324,0.13741611287825636,0.12859521806240082,0.3091943475991652,10576.0
socofing:000057:left_thumb,random_rectangles,0.20000000298023224,0.22269195318222046,0.21525880694389343,0.21436944603919983,0.07560664179424445,0.06422330439090729,0.34978264220919836,11889.0
socofing:000057:left_index,random_rectangles,0.30000001192092896,0.2196291834115982,0.2171308547258377,0.21707066893577576,0.0757286122896605,0.06711626052856445,0.33042865223553325,9460.0
socofing:000057:left_middle,random_rectangles,0.4000000059604645,0.1455134153366089,0.14330561459064484,0.14161396026611328,0.035209622585939036,0.03120378404855728,0.07175564866960644,9240.0
socofing:000057:left_ring,random_rectangles,0.5,0.16361990571022034,0.16445063054561615,0.16361990571022034,0.03886857592086825,0.03465322032570839,0.34322208913977553,8065.0
socofing:000057:left_little,random_rectangles,0.6000000238418579,0.16316236555576324,0.16258490085601807,0.16202136874198914,0.022376498393714427,0.01911378838121891,0.2729155920185278,6212.0
socofing:000057:right_thumb,random_rectangles,0.699999988079071,0.1810891181230545,0.1813642382621765,0.1808081865310669,0.014380644116964604,0.012299611233174801,0.40449183111269577,4432.0
socofing:000057:right_index,random_rectangles,0.800000011920929,0.19412373006343842,0.19430312514305115,0.19412373006343842,0.020880844961437914,0.017744097858667374,0.36990084895672687,3092.0
socofing:000057:right_middle,irregular,0.10000000149011612,0.23710937798023224,0.20494163036346436,0.19932766258716583,0.11760814709381925,0.10185254365205765,0.3082623283473074,10544.0
socofing:000057:right_ring,irregular,0.20000000298023224,0.16917255520820618,0.17362113296985626,0.16917255520820618,0.03955113345550166,0.036099545657634735,0.35794937122080356,9777.0
socofing:000057:right_little,irregular,0.30000001192092896,0.16030706465244293,0.15828640758991241,0.15769149363040924,0.02343339549584521,0.02012339048087597,0.31284060492773424,7827.0
socofing:000061:left_thumb,irregular,0.4000000059604645,0.1535704880952835,0.15308178961277008,0.15285997092723846,0.011547343800258306,0.009920777752995491,0.3391207723820516,5602.0
socofing:000061:left_index,irregular,0.5,0.15782533586025238,0.15741688013076782,0.15609189867973328,0.014624645819680558,0.012580599635839462,0.5282268704608937,4742.0
socofing:000061:left_middle,irregular,0.6000000238418579,0.13567370176315308,0.13657379150390625,0.1349443942308426,0.018953389498508638,0.0167098268866539,0.322140300761926,3763.0
socofing:000061:left_ring,irregular,0.699999988079071,0.11918935179710388,0.1194159984588623,0.11640454828739166,0.019454820164375834,0.017801819369196892,0.2880019334521496,2144.0
socofing:000061:left_little,irregular,0.800000011920929,0.1237274631857872,0.123777374625206,0.12277617305517197,0.006779816099959943,0.006056834477931261,0.5138512879331584,1222.0
socofing:000061:right_thumb,central_missing,0.10000000149011612,0.25060635805130005,0.24198807775974274,0.23506633937358856,0.1309802711009979,0.11478889733552933,0.15700111771304057,11148.0
socofing:000061:right_index,central_missing,0.20000000298023224,0.22745245695114136,0.19648733735084534,0.1460062861442566,0.13880712596906555,0.11974184960126877,0.5940224317110719,10509.0
socofing:000061:right_middle,central_missing,0.30000001192092896,0.26171013712882996,0.25603318214416504,0.22626493871212006,0.07422145824465487,0.06490263342857361,0.30507938126044637,8917.0
socofing:000061:right_ring,central_missing,0.4000000059604645,0.20603565871715546,0.2006830871105194,0.19267408549785614,0.07446311331457561,0.06621874868869781,0.27583071005253207,8123.0
socofing:000061:right_little,central_missing,0.5,0.22850275039672852,0.2315521091222763,0.22308212518692017,0.06304724259922902,0.05359584093093872,0.38157255026487225,4685.0
socofing:000064:left_thumb,central_missing,0.6000000238418579,0.21078377962112427,0.2060644030570984,0.2039940059185028,0.048237837043901284,0.041123922914266586,0.31591867127406376,6554.0
socofing:000064:left_index,central_missing,0.699999988079071,0.20719678699970245,0.205298513174057,0.2050798237323761,0.0366608630762332,0.032044507563114166,0.4002031112291214,4915.0
socofing:000064:left_middle,central_missing,0.800000011920929,0.18301422894001007,0.1824786514043808,0.18042880296707153,0.023638076987117528,0.02030877396464348,0.40763371040982804,3277.0
socofing:000064:left_ring,peripheral_only,0.10000000149011612,0.21321985125541687,0.20397262275218964,0.20095305144786835,0.12432704526517126,0.1127840057015419,0.3793667424675886,8568.0
socofing:000064:left_little,peripheral_only,0.20000000298023224,0.2527271807193756,0.24630458652973175,0.22759224474430084,0.08726034528679318,0.07442750781774521,0.3402395446439562,5762.0
socofing:000064:right_thumb,peripheral_only,0.30000001192092896,0.17551858723163605,0.17287616431713104,0.1658848524093628,0.04918529087056716,0.04375171288847923,0.385357417199563,8423.0
socofing:000064:right_index,peripheral_only,0.4000000059604645,0.18322545289993286,0.18183515965938568,0.18125149607658386,0.025268411512176195,0.02258308418095112,0.3952392597206513,6472.0
socofing:000064:right_middle,peripheral_only,0.5,0.17098036408424377,0.1722438484430313,0.17029564082622528,0.020626837936126522,0.017986614257097244,0.4755676773666894,5242.0
socofing:000064:right_ring,peripheral_only,0.6000000238418579,0.16779981553554535,0.16754411160945892,0.16713528335094452,0.022908570110383962,0.019506972283124924,0.45132874122957967,4087.0
socofing:000064:right_little,peripheral_only,0.699999988079071,0.1543297916650772,0.15484681725502014,0.15417282283306122,0.0087274093232635,0.007483708206564188,0.5845202752076707,3009.0
socofing:000066:left_thumb,peripheral_only,0.800000011920929,0.12946411967277527,0.12950924038887024,0.12874382734298706,0.008031546826370889,0.00692466227337718,0.44563346721994523,1653.0
socofing:000066:left_index,central_only,0.10000000149011612,0.23437772691249847,0.20651046931743622,0.2079549878835678,0.15489347295628653,0.14484529197216034,0.2875039516961797,9859.0
socofing:000066:left_middle,central_only,0.20000000298023224,0.1925995647907257,0.19549432396888733,0.18779356777668,0.12530537694692612,0.11110737174749374,0.32863160839285377,8529.0
socofing:000066:left_ring,central_only,0.30000001192092896,0.18056172132492065,0.16729234158992767,0.16044451296329498,0.12662537731230258,0.11523503065109253,0.49657462559828497,6519.0
socofing:000066:left_little,central_only,0.4000000059604645,0.19964392483234406,0.17672768235206604,0.17422688007354736,0.0841063070214457,0.07339273393154144,0.39760861897564126,2978.0
socofing:000066:right_thumb,central_only,0.5,0.175303652882576,0.16655729711055756,0.1519307941198349,0.08328100202812089,0.07450376451015472,0.5354876104166217,3981.0
socofing:000066:right_index,central_only,0.6000000238418579,0.2028401643037796,0.15445613861083984,0.13637781143188477,0.07758763997505108,0.07063185423612595,0.6224254259415168,1535.0
socofing:000066:right_middle,central_only,0.699999988079071,0.19204413890838623,0.16851459443569183,0.1506199985742569,0.07073096450832154,0.06690236181020737,0.4992932502071822,1192.0
socofing:000066:right_ring,central_only,0.800000011920929,0.028195958584547043,0.0272186491638422,0.02621963433921337,0.005257980253857871,0.004486889578402042,0.8047690522925728,291.0
socofing:000066:right_little,disconnected_fragments,0.10000000149011612,0.21587345004081726,0.2050303965806961,0.20141170918941498,0.0783032158182727,0.07214806973934174,0.16481274925168848,8983.0
socofing:000068:left_thumb,disconnected_fragments,0.20000000298023224,0.1741238236427307,0.18277990818023682,0.17343144118785858,0.08375899232923985,0.07712633162736893,0.3077731132669401,9562.0
socofing:000068:left_index,disconnected_fragments,0.30000001192092896,0.18534301221370697,0.1660354733467102,0.15059249103069305,0.09022029555506177,0.0783323124051094,0.394489821521203,7730.0
socofing:000068:left_middle,disconnected_fragments,0.4000000059604645,0.17416252195835114,0.21502110362052917,0.17416252195835114,0.09677574841512573,0.08535304665565491,0.47489296177997486,7141.0
socofing:000068:left_ring,disconnected_fragments,0.5,0.13506415486335754,0.12191861867904663,0.12136924266815186,0.041560447836915655,0.03915585204958916,0.3604480350605028,3342.0
socofing:000068:left_little,disconnected_fragments,0.6000000238418579,0.2832491993904114,0.2525147497653961,0.2290404736995697,0.040699572312749094,0.03597090393304825,0.6314126905787587,3315.0
socofing:000068:right_thumb,disconnected_fragments,0.699999988079071,0.2083428055047989,0.2097323089838028,0.19460533559322357,0.05302694785512156,0.045840755105018616,0.36896136532724805,3250.0
socofing:000068:right_index,disconnected_fragments,0.800000011920929,0.12735208868980408,0.12829406559467316,0.12700234353542328,0.02793081955363353,0.02553846873342991,0.31552091025461887,1178.0
socofing:000068:right_middle,stripes,0.10000000149011612,0.19846181571483612,0.19292159378528595,0.1891753226518631,0.08041162954436408,0.0694657415151596,0.13357921737972245,11255.0
socofing:000068:right_ring,stripes,0.20000000298023224,0.19131352007389069,0.1858830600976944,0.18300533294677734,0.06802802346646786,0.0599404014647007,0.1946380090417181,9725.0
socofing:000068:right_little,stripes,0.30000001192092896,0.17856204509735107,0.1747194528579712,0.17435374855995178,0.05267120177547137,0.04778929799795151,0.2630964513876606,7214.0
socofing:000077:left_thumb,stripes,0.4000000059604645,0.20535150170326233,0.20622669160366058,0.2039419412612915,0.05373628930085235,0.047246672213077545,0.3030876514896397,8258.0
socofing:000077:left_index,stripes,0.5,0.19555743038654327,0.1946762204170227,0.19419851899147034,0.0322198175618218,0.029000572860240936,0.37493265775050655,5846.0
socofing:000077:left_middle,stripes,0.6000000238418579,0.18138167262077332,0.1803857982158661,0.1804666519165039,0.05003730130071441,0.04911873862147331,0.1802866817435058,5323.0
socofing:000077:left_ring,stripes,0.699999988079071,0.16641083359718323,0.16563211381435394,0.16385480761528015,0.014008671345396174,0.01206303108483553,0.26553612521903486,3713.0
socofing:000077:left_little,stripes,0.800000011920929,0.1858329176902771,0.1864500492811203,0.18572402000427246,0.008535011945706274,0.007332558743655682,0.29738632807337834,2867.0
socofing:000077:right_thumb,severe_partial,0.10000000149011612,0.22252550721168518,0.20907384157180786,0.20918811857700348,0.06515711554222636,0.058443911373615265,0.26634890946373346,10920.0
socofing:000077:right_index,severe_partial,0.20000000298023224,0.21964102983474731,0.199903205037117,0.19492772221565247,0.0687157329171896,0.060994792729616165,0.3012890458743367,9206.0
socofing:000077:right_middle,severe_partial,0.30000001192092896,0.1838509440422058,0.1964346170425415,0.1838509440422058,0.10543712303042412,0.09458290040493011,0.4636680463574712,8006.0
socofing:000077:right_ring,random_rectangles,0.10000000149011612,0.2355286329984665,0.22657305002212524,0.22030781209468842,0.12130319248470996,0.10737617313861847,0.23782308377663933,11878.0
socofing:000077:right_little,random_rectangles,0.20000000298023224,0.36673688888549805,0.26277199387550354,0.21454478800296783,0.15986477418078315,0.1356077939271927,0.15265134412437747,8413.0
socofing:000081:left_thumb,random_rectangles,0.30000001192092896,0.22918124496936798,0.2288765162229538,0.19467538595199585,0.09140233691367838,0.07855580747127533,0.22470216170818733,9900.0
socofing:000081:left_index,random_rectangles,0.4000000059604645,0.2898939549922943,0.2414758801460266,0.23327665030956268,0.12565355338156223,0.11087116599082947,0.2849446015600957,8883.0
socofing:000081:left_middle,random_rectangles,0.5,0.2244555503129959,0.2244042456150055,0.2205485701560974,0.05894373475263516,0.05277416855096817,0.2800148447800382,7670.0
socofing:000081:left_ring,random_rectangles,0.6000000238418579,0.19885209202766418,0.19704324007034302,0.19397053122520447,0.04994414055513011,0.041952945291996,0.15055646845704013,5712.0
socofing:000081:left_little,random_rectangles,0.699999988079071,0.18883167207241058,0.18823395669460297,0.1872650533914566,0.006976187265374594,0.006053206976503134,0.27914692949950987,3958.0
socofing:000081:right_thumb,random_rectangles,0.800000011920929,0.1790449023246765,0.1781577616930008,0.17738761007785797,0.015324426421688662,0.013077906332910061,0.3290556061105465,3277.0
socofing:000081:right_index,irregular,0.10000000149011612,0.18564473092556,0.2038108855485916,0.18564473092556,0.08325657223661741,0.0726303681731224,0.29007487034169227,10146.0
socofing:000081:right_middle,irregular,0.20000000298023224,0.19476409256458282,0.1863667070865631,0.18229761719703674,0.05481788441538811,0.04685024172067642,0.2930631281841685,10240.0
socofing:000081:right_ring,irregular,0.30000001192092896,0.1636074334383011,0.16336435079574585,0.16118592023849487,0.021122813204096424,0.018572358414530754,0.3234552712335254,7758.0
socofing:000081:right_little,irregular,0.4000000059604645,0.18984894454479218,0.2036912888288498,0.18984894454479218,0.036797717627551824,0.03181945160031319,0.3613373309953405,7492.0
socofing:000089:left_thumb,irregular,0.5,0.17346540093421936,0.17404146492481232,0.17337492108345032,0.010889776382181379,0.009298281744122505,0.31449496346052197,6521.0
socofing:000089:left_index,irregular,0.6000000238418579,0.1528700590133667,0.1541118174791336,0.1528700590133667,0.010600551611019506,0.009196839295327663,0.3397661796609532,4262.0
socofing:000089:left_middle,irregular,0.699999988079071,0.15578633546829224,0.1545010209083557,0.1537126749753952,0.012674482860085037,0.010880853049457073,0.2282090932365981,3546.0
socofing:000089:left_ring,irregular,0.800000011920929,0.14030206203460693,0.14072711765766144,0.1400580257177353,0.00727067230683234,0.006365410052239895,0.3515459814176417,1842.0
socofing:000089:left_little,central_missing,0.10000000149011612,0.23301397264003754,0.22869877517223358,0.21826741099357605,0.14553636635343234,0.1300642043352127,0.19892642894385618,10088.0
socofing:000089:right_thumb,central_missing,0.20000000298023224,0.2723776400089264,0.25264406204223633,0.22226420044898987,0.11359055588642757,0.10256907343864441,0.06283558055566109,11259.0
socofing:000089:right_index,central_missing,0.30000001192092896,0.24575436115264893,0.22936464846134186,0.19301792979240417,0.12567340425319143,0.10856997221708298,0.3427964494707319,9973.0
socofing:000089:right_middle,central_missing,0.4000000059604645,0.19162248075008392,0.19439275562763214,0.18771427869796753,0.0848938300791714,0.07526637613773346,0.20784985658900432,8974.0
socofing:000089:right_ring,central_missing,0.5,0.18148110806941986,0.179951012134552,0.1785062998533249,0.05989357531070709,0.053045853972435,0.21673252321975167,8192.0
socofing:000089:right_little,central_missing,0.6000000238418579,0.24513638019561768,0.21721909940242767,0.21152840554714203,0.08548648121456305,0.07258625328540802,0.29539902263564677,6498.0
socofing:000093:left_thumb,central_missing,0.699999988079071,0.19663311541080475,0.20200905203819275,0.19663311541080475,0.03583878923414482,0.032807737588882446,0.37713267980644966,4915.0
socofing:000093:left_index,central_missing,0.800000011920929,0.20234854519367218,0.20120935142040253,0.20053529739379883,0.0170722844855239,0.014425758272409439,0.44244492093151255,3277.0
socofing:000093:left_middle,peripheral_only,0.10000000149011612,0.18836289644241333,0.17657697200775146,0.17220191657543182,0.07004966170837482,0.062072813510894775,0.3861131385940671,10506.0
socofing:000093:left_ring,peripheral_only,0.20000000298023224,0.1709912270307541,0.16701267659664154,0.16464756429195404,0.027065053954720496,0.023470299318432808,0.28366217292268603,8818.0
socofing:000093:left_little,peripheral_only,0.30000001192092896,0.16664540767669678,0.16879057884216309,0.16664540767669678,0.04382280937085549,0.040077075362205505,0.45354881504269795,6477.0
socofing:000093:right_thumb,peripheral_only,0.4000000059604645,0.16779889166355133,0.16858884692192078,0.16779889166355133,0.029381017821530502,0.027044618502259254,0.391684088593241,6776.0
socofing:000093:right_index,peripheral_only,0.5,0.17264971137046814,0.1728084832429886,0.17209941148757935,0.019424686736116806,0.0167708583176136,0.433310576131554,5199.0
socofing:000093:right_middle,peripheral_only,0.6000000238418579,0.15309523046016693,0.15289002656936646,0.1520829200744629,0.020330360743941532,0.017682595178484917,0.32466802986569243,4641.0
socofing:000093:right_ring,peripheral_only,0.699999988079071,0.14846085011959076,0.1485532820224762,0.14846085011959076,0.013774477975029084,0.013046124018728733,0.43680171098897785,3087.0
socofing:000093:right_little,peripheral_only,0.800000011920929,0.1610526442527771,0.1613084375858307,0.16051830351352692,0.005268964458567401,0.004579789936542511,0.4161193334219393,1783.0
socofing:000096:left_thumb,central_only,0.10000000149011612,0.243504136800766,0.2246149480342865,0.21622316539287567,0.12576286958323585,0.1117047369480133,0.2680309134115355,9976.0
socofing:000096:left_index,central_only,0.20000000298023224,0.2186385542154312,0.2037505805492401,0.17471469938755035,0.11102517768740654,0.09822080284357071,0.4437782551963689,6971.0
socofing:000096:left_middle,central_only,0.30000001192092896,0.1480633169412613,0.13394476473331451,0.12071055173873901,0.0920491567088498,0.08229977637529373,0.4770764339426989,5821.0
socofing:000096:left_ring,central_only,0.4000000059604645,0.16313083469867706,0.1416340470314026,0.13874346017837524,0.10382548508544763,0.09397649765014648,0.32672983563043834,4057.0
socofing:000096:left_little,central_only,0.5,0.13335128128528595,0.1317894011735916,0.13152317702770233,0.05929256578286489,0.051657646894454956,0.39808142998448043,1790.0
socofing:000096:right_thumb,central_only,0.6000000238418579,0.14165595173835754,0.12551173567771912,0.11519357562065125,0.035175713234477574,0.03148643672466278,0.5997873780503425,2262.0
socofing:000096:right_index,central_only,0.699999988079071,0.13507719337940216,0.13242587447166443,0.13225147128105164,0.023888780280119842,0.020572032779455185,0.5513245577889475,806.0
socofing:000096:right_middle,central_only,0.800000011920929,0.1899982988834381,0.18015359342098236,0.16763263940811157,0.04253633285148276,0.037093307822942734,0.5187168072103708,806.0
socofing:000096:right_ring,disconnected_fragments,0.10000000149011612,0.21193693578243256,0.18851050734519958,0.17341458797454834,0.08128992956545618,0.07125497609376907,0.26580221323816905,10270.0
socofing:000096:right_little,disconnected_fragments,0.20000000298023224,0.20474660396575928,0.19027887284755707,0.17024637758731842,0.07545831431117322,0.0641116052865982,0.29523438935404084,8364.0
socofing:000097:left_thumb,disconnected_fragments,0.30000001192092896,0.15567301213741302,0.15316282212734222,0.1468162089586258,0.055566110213597614,0.04920152947306633,0.14695094046058058,7000.0
socofing:000097:left_index,disconnected_fragments,0.4000000059604645,0.20309731364250183,0.2083105444908142,0.1975739300251007,0.10381760547558466,0.09174937754869461,0.39943082984966627,5256.0
socofing:000097:left_middle,disconnected_fragments,0.5,0.1761314570903778,0.18205219507217407,0.17419905960559845,0.07577764805820253,0.06578679382801056,0.3390685108079629,4880.0
socofing:000097:left_ring,disconnected_fragments,0.6000000238418579,0.2937370240688324,0.2814422845840454,0.2688574492931366,0.027253540181037452,0.024340858682990074,0.5093686053209928,2006.0
socofing:000097:left_little,disconnected_fragments,0.699999988079071,0.11564725637435913,0.10315945744514465,0.0745026245713234,0.033774227576537266,0.029777545481920242,0.6552671656604582,608.0
socofing:000097:right_thumb,disconnected_fragments,0.800000011920929,0.1792098581790924,0.18287025392055511,0.17168958485126495,0.09573500357154342,0.08524426817893982,0.2830628571107724,1998.0
socofing:000097:right_index,stripes,0.10000000149011612,0.2929721176624298,0.2723652422428131,0.24462130665779114,0.11432681613498263,0.09877700358629227,0.5021371724227738,9968.0
socofing:000097:right_middle,stripes,0.20000000298023224,0.19140653312206268,0.1944691687822342,0.1899072825908661,0.08782685537719065,0.07685144245624542,0.22881627920410436,9893.0
socofing:000097:right_ring,stripes,0.30000001192092896,0.20679564774036407,0.18343839049339294,0.1802816092967987,0.08492936069766681,0.07371115684509277,0.2589745263251749,8687.0
socofing:000097:right_little,stripes,0.4000000059604645,0.17610041797161102,0.17335446178913116,0.1704975813627243,0.03535502548846933,0.030109010636806488,0.37705759865236976,5955.0
socofing:000103:left_thumb,stripes,0.5,0.13967259228229523,0.13463035225868225,0.1330450475215912,0.038571423643993005,0.034252118319272995,0.2774971574079404,5404.0
socofing:000103:left_index,stripes,0.6000000238418579,0.20435751974582672,0.203958198428154,0.1996176391839981,0.04476645485394531,0.039961349219083786,0.2787144527657835,5371.0
socofing:000103:left_middle,stripes,0.699999988079071,0.22535541653633118,0.22718587517738342,0.18722757697105408,0.03457960636458463,0.03112143836915493,0.548881364481191,2207.0
socofing:000103:left_ring,stripes,0.800000011920929,0.1581811010837555,0.1583087146282196,0.15802741050720215,0.016682801933752166,0.014714519493281841,0.24361392200864357,2026.0
socofing:000103:left_little,severe_partial,0.10000000149011612,0.210859477519989,0.2769846022129059,0.20774292945861816,0.15169924232694837,0.1297754943370819,0.5214884206087395,8932.0
socofing:000103:right_thumb,severe_partial,0.20000000298023224,0.16377891600131989,0.16026005148887634,0.14982981979846954,0.10968936731417973,0.10146401822566986,0.461850034200027,9218.0
socofing:000103:right_index,severe_partial,0.30000001192092896,0.25358617305755615,0.2645815908908844,0.22911867499351501,0.09277460794481966,0.09328845143318176,0.4510685217114112,6666.0
socofing:000103:right_middle,random_rectangles,0.10000000149011612,0.2497292309999466,0.24477426707744598,0.24301885068416595,0.11159877354900043,0.10010836273431778,0.20325832161024768,11485.0
socofing:000103:right_ring,random_rectangles,0.20000000298023224,0.26379185914993286,0.22798939049243927,0.20140856504440308,0.1530534939840436,0.13323871791362762,0.3030348990576059,11102.0
socofing:000103:right_little,random_rectangles,0.30000001192092896,0.4391728639602661,0.338778555393219,0.17656971514225006,0.1357412344465653,0.11706184595823288,0.609374494901976,6220.0
socofing:000107:left_thumb,random_rectangles,0.4000000059604645,0.2262076884508133,0.18881143629550934,0.18510013818740845,0.0701770337505473,0.06278373301029205,0.3764798953527579,8957.0
socofing:000107:left_index,random_rectangles,0.5,0.17556266486644745,0.17559941112995148,0.17513079941272736,0.037392222177651195,0.03392505273222923,0.441634552966784,7383.0
socofing:000107:left_middle,random_rectangles,0.6000000238418579,0.17895062267780304,0.16663122177124023,0.16383834183216095,0.04433425549003813,0.0407041534781456,0.36176417148605516,5170.0
socofing:000107:left_ring,random_rectangles,0.699999988079071,0.17951196432113647,0.18667666614055634,0.17739145457744598,0.030303468327555393,0.02632095292210579,0.37601312928071423,3763.0
socofing:000107:left_little,random_rectangles,0.800000011920929,0.15340566635131836,0.1524319350719452,0.15215830504894257,0.016216866315032046,0.013819461688399315,0.26039603250917415,3277.0
socofing:000107:right_thumb,irregular,0.10000000149011612,0.22957667708396912,0.2239791452884674,0.22061964869499207,0.08517970135435463,0.0773620679974556,0.223776248480086,11023.0
socofing:000107:right_index,irregular,0.20000000298023224,0.18759022653102875,0.19737094640731812,0.18026074767112732,0.05543727344936795,0.04809606447815895,0.49426660489405505,8287.0
socofing:000107:right_middle,irregular,0.30000001192092896,0.13791635632514954,0.13790670037269592,0.13685542345046997,0.0211275363754895,0.01906970888376236,0.2916954447364135,8682.0
socofing:000107:right_ring,irregular,0.4000000059604645,0.1607528030872345,0.14753857254981995,0.1436886191368103,0.03703859251820379,0.03429953753948212,0.42930955304154544,4382.0
socofing:000107:right_little,irregular,0.5,0.11120381951332092,0.11714563518762589,0.11120381951332092,0.009514991225053867,0.00844127219170332,0.5091388535660543,3423.0
socofing:000112:left_thumb,irregular,0.6000000238418579,0.1823270469903946,0.15413898229599,0.14740391075611115,0.031432522346989976,0.029176250100135803,0.4260095867351722,4527.0
socofing:000112:left_index,irregular,0.699999988079071,0.14405912160873413,0.14409345388412476,0.14392414689064026,0.006341079180128872,0.005630587227642536,0.37806795400083004,3813.0
socofing:000112:left_middle,irregular,0.800000011920929,0.10926210135221481,0.10889195650815964,0.10810185968875885,0.008065857965913083,0.006990169174969196,0.19538235906455106,1657.0
socofing:000112:left_ring,central_missing,0.10000000149011612,0.20935364067554474,0.17572607100009918,0.17771276831626892,0.18512408861683474,0.158659428358078,0.2255954193418948,8298.0
socofing:000112:left_little,central_missing,0.20000000298023224,0.20867644250392914,0.19307777285575867,0.17069149017333984,0.12628851218356027,0.1079506203532219,0.1872286528692251,7735.0
socofing:000112:right_thumb,central_missing,0.30000001192092896,0.15323950350284576,0.15245851874351501,0.11877713352441788,0.07211788768569628,0.06373757869005203,0.5585356241681324,11036.0
socofing:000112:right_index,central_missing,0.4000000059604645,0.15249989926815033,0.15609778463840485,0.12858946621418,0.08968865726557043,0.07667681574821472,0.43028330470362275,9644.0
socofing:000112:right_middle,central_missing,0.5,0.13761094212532043,0.13444137573242188,0.13336670398712158,0.091793219331238,0.08155421912670135,0.2729459194185473,7338.0
socofing:000112:right_ring,central_missing,0.6000000238418579,0.16508054733276367,0.16204920411109924,0.14958205819129944,0.04807713571935892,0.04092864692211151,0.2507335085506187,6066.0
socofing:000112:right_little,central_missing,0.699999988079071,0.17602865397930145,0.1775984764099121,0.17595189809799194,0.0466564199473295,0.03997808322310448,0.20550757476594603,4915.0
socofing:000115:left_thumb,central_missing,0.800000011920929,0.20722277462482452,0.20471349358558655,0.2042720764875412,0.03151843576795525,0.026514044031500816,0.23631428385704445,3277.0
socofing:000115:left_index,peripheral_only,0.10000000149011612,0.14934426546096802,0.15847091376781464,0.14934426546096802,0.06155313696298334,0.05400044471025467,0.3644975607493541,9489.0
socofing:000115:left_middle,peripheral_only,0.20000000298023224,0.18242445588111877,0.1772652417421341,0.176578551530838,0.04683182102938493,0.039916396141052246,0.48216151804381624,8108.0
socofing:000115:left_ring,peripheral_only,0.30000001192092896,0.18644754588603973,0.1875441074371338,0.18644754588603973,0.05085351071837876,0.04403463751077652,0.39780179576205854,7156.0
socofing:000115:left_little,peripheral_only,0.4000000059604645,0.17221876978874207,0.17260901629924774,0.16572941839694977,0.0353394345069925,0.02981739118695259,0.3238063344145865,5533.0
socofing:000115:right_thumb,peripheral_only,0.5,0.16828808188438416,0.16482317447662354,0.16456812620162964,0.026635481800056166,0.022669242694973946,0.3506188735670619,5567.0
socofing:000115:right_index,peripheral_only,0.6000000238418579,0.17924824357032776,0.1804284006357193,0.17796270549297333,0.013457098406636052,0.011449821293354034,0.3788290502638263,4069.0
socofing:000115:right_middle,peripheral_only,0.699999988079071,0.19554589688777924,0.19158871471881866,0.19085994362831116,0.017717390879988672,0.01536548975855112,0.3078218267443125,3177.0
socofing:000115:right_ring,peripheral_only,0.800000011920929,0.16917777061462402,0.16932342946529388,0.16886010766029358,0.009081373896656765,0.008062038570642471,0.20575293804538963,2215.0
socofing:000115:right_little,central_only,0.10000000149011612,0.2633254826068878,0.23937320709228516,0.21792373061180115,0.10515654037396113,0.09332608431577682,0.26802235769903865,9296.0
socofing:000118:left_thumb,central_only,0.20000000298023224,0.20451466739177704,0.19276952743530273,0.17622770369052887,0.11222692603866259,0.09989730268716812,0.3484720915255662,6666.0
socofing:000118:left_index,central_only,0.30000001192092896,0.1508791446685791,0.1496732532978058,0.1474429965019226,0.05976616189711624,0.051779694855213165,0.3918828515887103,4141.0
socofing:000118:left_middle,central_only,0.4000000059604645,0.21227268874645233,0.2011767029762268,0.1709577739238739,0.029124100589089923,0.02636975795030594,0.6652688953911317,3760.0
socofing:000118:left_ring,central_only,0.5,0.19527287781238556,0.16436581313610077,0.1180276945233345,0.05120988194313314,0.04704080894589424,0.5283017132757226,1655.0
socofing:000118:left_little,central_only,0.6000000238418579,0.1770060658454895,0.18421638011932373,0.13672344386577606,0.03816599101862973,0.036151207983493805,0.7245669273380103,971.0
socofing:000118:right_thumb,central_only,0.699999988079071,0.23095004260540009,0.13231664896011353,0.11087724566459656,0.08897184733715323,0.08376696705818176,0.5968586885064423,1460.0
socofing:000118:right_index,central_only,0.800000011920929,0.151846781373024,0.12582579255104065,0.09269225597381592,0.0625819287987219,0.05411842465400696,0.9023531890994477,661.0
socofing:000118:right_middle,disconnected_fragments,0.10000000149011612,0.14504210650920868,0.14334166049957275,0.1344686895608902,0.08049082743624845,0.06973389536142349,0.2866642895004367,9172.0
socofing:000118:right_ring,disconnected_fragments,0.20000000298023224,0.12791579961776733,0.1227630153298378,0.11667343229055405,0.04769501640564865,0.04092651233077049,0.09563333939545365,5799.0
socofing:000118:right_little,disconnected_fragments,0.30000001192092896,0.16226884722709656,0.16663116216659546,0.15203087031841278,0.1316421696295341,0.11364273726940155,0.459623145878342,5166.0
socofing:000132:left_thumb,disconnected_fragments,0.4000000059604645,0.18861855566501617,0.1896960288286209,0.18861855566501617,0.05277345426794555,0.04690833017230034,0.421962732072654,6719.0
socofing:000132:left_index,disconnected_fragments,0.5,0.18381212651729584,0.1861099749803543,0.18184331059455872,0.06101738971968492,0.05445725470781326,0.4827905093413323,3911.0
socofing:000132:left_middle,disconnected_fragments,0.6000000238418579,0.1897302269935608,0.1903519481420517,0.18904384970664978,0.05994181092828512,0.05353783071041107,0.49973814004906664,4078.0
socofing:000132:left_ring,disconnected_fragments,0.699999988079071,0.18121293187141418,0.20386725664138794,0.16845561563968658,0.1481272113819917,0.12935350835323334,0.38581383229141114,2844.0
socofing:000132:left_little,disconnected_fragments,0.800000011920929,0.04062652960419655,0.039452072232961655,0.038648467510938644,0.0072916560754593875,0.0064705852419137955,0.5652418333777529,589.0
socofing:000132:right_thumb,stripes,0.10000000149011612,0.25733473896980286,0.23883767426013947,0.22301532328128815,0.12330516204237937,0.10981982201337814,0.28818065684237637,11337.0
socofing:000132:right_index,stripes,0.20000000298023224,0.20998722314834595,0.20963385701179504,0.2059290111064911,0.10844504804246956,0.09437251836061478,0.31901521648760534,9313.0
socofing:000132:right_middle,stripes,0.30000001192092896,0.17828263342380524,0.17208638787269592,0.17094403505325317,0.03148192506697443,0.028058703988790512,0.31506222561317077,7662.0
socofing:000132:right_ring,stripes,0.4000000059604645,0.25633177161216736,0.24735622107982635,0.2283925712108612,0.0995270831303464,0.08777856826782227,0.3357650765798478,8119.0
socofing:000132:right_little,stripes,0.5,0.1746429204940796,0.17121650278568268,0.1705896407365799,0.02973899996529023,0.025807436555624008,0.17666718708222884,5905.0
socofing:000138:left_thumb,stripes,0.6000000238418579,0.19088654220104218,0.18309982120990753,0.1748145967721939,0.09814306389954355,0.09201037883758545,0.3449708073579041,3819.0
socofing:000138:left_index,stripes,0.699999988079071,0.15179431438446045,0.152459055185318,0.1515655666589737,0.020490840553409523,0.018438804894685745,0.5766594917385288,3860.0
socofing:000138:left_middle,stripes,0.800000011920929,0.18675003945827484,0.18181338906288147,0.1770910769701004,0.01530588867349757,0.013324810191988945,0.3951805025202658,1966.0
socofing:000138:left_ring,severe_partial,0.10000000149011612,0.25804662704467773,0.2541087567806244,0.2530691623687744,0.12380381387968858,0.1083637923002243,0.3616053011989822,8526.0
socofing:000138:left_little,severe_partial,0.20000000298023224,0.2762519419193268,0.24573710560798645,0.23174552619457245,0.10472071688208315,0.09352406859397888,0.37330446495278785,7153.0
socofing:000138:right_thumb,severe_partial,0.30000001192092896,0.17474615573883057,0.17354314029216766,0.17455464601516724,0.06664111550069518,0.06049421802163124,0.21435906867530674,5084.0
socofing:000138:right_index,random_rectangles,0.10000000149011612,0.28342893719673157,0.26180386543273926,0.2512252926826477,0.16656360328197478,0.1449020504951477,0.0699580953422508,8261.0
socofing:000138:right_middle,random_rectangles,0.20000000298023224,0.24471375346183777,0.24451495707035065,0.2334410697221756,0.12108332812786102,0.10330819338560104,0.3496892686021508,6657.0
socofing:000138:right_ring,random_rectangles,0.30000001192092896,0.3143121004104614,0.2668853998184204,0.2264733612537384,0.11732545441223516,0.09996567666530609,0.3104993025565103,8371.0
socofing:000138:right_little,random_rectangles,0.4000000059604645,0.28093117475509644,0.2816031873226166,0.2654206454753876,0.10620240204864079,0.0928947925567627,0.18418259219276592,6568.0
socofing:000153:left_thumb,random_rectangles,0.5,0.1972910463809967,0.19873866438865662,0.19677132368087769,0.048183070516420734,0.04158295691013336,0.32665337553091667,7859.0
socofing:000153:left_index,random_rectangles,0.6000000238418579,0.18016187846660614,0.17381970584392548,0.16584977507591248,0.04206339501672321,0.03803639113903046,0.391787580051058,5898.0
socofing:000153:left_middle,random_rectangles,0.699999988079071,0.148753359913826,0.1495257467031479,0.148753359913826,0.03738409268359343,0.033075813204050064,0.30501458791136554,4022.0
socofing:000153:left_ring,random_rectangles,0.800000011920929,0.18216253817081451,0.18217799067497253,0.18152593076229095,0.009720186754647229,0.008284228853881359,0.41813831439061033,3221.0
socofing:000153:left_little,irregular,0.10000000149011612,0.2205362170934677,0.2055618315935135,0.1947895586490631,0.07625256358749337,0.06684104353189468,0.19615078102281136,9188.0
socofing:000153:right_thumb,irregular,0.20000000298023224,0.17697446048259735,0.17568239569664001,0.1748528629541397,0.03129445294746094,0.026993855834007263,0.30992271274603217,10118.0
socofing:000153:right_index,irregular,0.30000001192092896,0.14478911459445953,0.14110711216926575,0.14094750583171844,0.03377670095198684,0.02993759885430336,0.3699146256664386,8607.0
socofing:000153:right_middle,irregular,0.4000000059604645,0.1371232271194458,0.13679245114326477,0.13626767694950104,0.021270878954480092,0.018374063074588776,0.17995684586718394,7245.0
socofing:000153:right_ring,irregular,0.5,0.13199733197689056,0.13180989027023315,0.1315486878156662,0.01366470623244014,0.011790105141699314,0.5482937875807908,5151.0
socofing:000153:right_little,irregular,0.6000000238418579,0.14416652917861938,0.15219759941101074,0.14416652917861938,0.014755168055287666,0.01343902014195919,0.32417826605822725,4077.0
socofing:000161:left_thumb,irregular,0.699999988079071,0.1130952462553978,0.11288714408874512,0.11256750673055649,0.007696205429318878,0.0067645893432199955,0.3325192428966184,3615.0
socofing:000161:left_index,irregular,0.800000011920929,0.1229020357131958,0.12302874028682709,0.1228288859128952,0.006378470754457845,0.005488457158207893,0.4253906429219169,2699.0
socofing:000161:left_middle,central_missing,0.10000000149011612,0.21442589163780212,0.18779072165489197,0.18993781507015228,0.1446493212547567,0.1271517276763916,0.20367044571721402,11618.0
socofing:000161:left_ring,central_missing,0.20000000298023224,0.2117399126291275,0.2233559638261795,0.20848339796066284,0.10089108049869537,0.08673741668462753,0.19484349455377853,8669.0
socofing:000161:left_little,central_missing,0.30000001192092896,0.23176209628582,0.22733624279499054,0.19949375092983246,0.12017514838112725,0.10433825105428696,0.23804454816969786,6975.0
socofing:000161:right_thumb,central_missing,0.4000000059604645,0.21115826070308685,0.2064841240644455,0.20418362319469452,0.06318311031079954,0.055074647068977356,0.3289364461690704,9766.0
socofing:000161:right_index,central_missing,0.5,0.1885242909193039,0.1938065141439438,0.18773725628852844,0.06609694862531292,0.05951128154993057,0.37474472261651304,8094.0
socofing:000161:right_middle,central_missing,0.6000000238418579,0.21310997009277344,0.2101426124572754,0.20508447289466858,0.03257535375240776,0.02816750854253769,0.28063768089446356,6554.0
socofing:000161:right_ring,central_missing,0.699999988079071,0.1535501480102539,0.15479235351085663,0.15271373093128204,0.026668335383550987,0.022386575117707253,0.2644891433209853,4915.0
socofing:000161:right_little,central_missing,0.800000011920929,0.19948872923851013,0.19780471920967102,0.1909523755311966,0.026949781339822544,0.022849852219223976,0.32783528145856183,3277.0
socofing:000163:left_thumb,peripheral_only,0.10000000149011612,0.16659748554229736,0.1518593430519104,0.15129098296165466,0.07469294290575716,0.06333745270967484,0.31126049204957523,9278.0
socofing:000163:left_index,peripheral_only,0.20000000298023224,0.1460677683353424,0.1355770230293274,0.13434076309204102,0.04634599257260561,0.04003463312983513,0.2221121959484485,7710.0
socofing:000163:left_middle,peripheral_only,0.30000001192092896,0.1332210749387741,0.1337650716304779,0.13274896144866943,0.031427213094300695,0.027117202058434486,0.2418686746288808,7049.0
socofing:000163:left_ring,peripheral_only,0.4000000059604645,0.14943565428256989,0.149628683924675,0.12706425786018372,0.04819733957863516,0.04319225996732712,0.34806707694169975,4372.0
socofing:000163:left_little,peripheral_only,0.5,0.10662484169006348,0.10978757590055466,0.1010894849896431,0.04331557073940833,0.036707449704408646,0.11491041174995888,3536.0
socofing:000163:right_thumb,peripheral_only,0.6000000238418579,0.1434156894683838,0.14635661244392395,0.14268292486667633,0.027365081467562252,0.023517461493611336,0.3476039415959006,4455.0
socofing:000163:right_index,peripheral_only,0.699999988079071,0.09497267752885818,0.09513957053422928,0.09490007162094116,0.009990696728022563,0.009407890029251575,0.3378188387661749,2971.0
socofing:000163:right_middle,peripheral_only,0.800000011920929,0.12044490873813629,0.11957758665084839,0.11906950920820236,0.007926492768132853,0.006836071144789457,0.19127681576261998,2057.0
socofing:000163:right_ring,central_only,0.10000000149011612,0.17471757531166077,0.16576121747493744,0.14926470816135406,0.1086375791579485,0.09954234957695007,0.23452037115780772,8008.0
socofing:000163:right_little,central_only,0.20000000298023224,0.22601106762886047,0.2372906506061554,0.1921418160200119,0.0603029603138566,0.054034050554037094,0.4856612111519481,5271.0
socofing:000185:left_thumb,central_only,0.30000001192092896,0.19369544088840485,0.18642832338809967,0.16861632466316223,0.0741562370210886,0.06861119717359543,0.3791615083085642,6779.0
socofing:000185:left_index,central_only,0.4000000059604645,0.1377612054347992,0.13870060443878174,0.13214059174060822,0.06133568891220623,0.05206424742937088,0.3947160869237328,2844.0
socofing:000185:left_middle,central_only,0.5,0.15778695046901703,0.13172417879104614,0.11995944380760193,0.06919524177081054,0.06202441453933716,0.4751057567360835,3351.0
socofing:000185:left_ring,central_only,0.6000000238418579,0.15595468878746033,0.11919781565666199,0.11287602037191391,0.05426468609107865,0.05064009875059128,0.4769668085487534,2175.0
socofing:000185:left_little,central_only,0.699999988079071,0.11042121797800064,0.1157808005809784,0.11004580557346344,0.05461879691316022,0.049811575561761856,0.44151026333900384,1305.0
socofing:000185:right_thumb,central_only,0.800000011920929,0.15305155515670776,0.1270446926355362,0.10604636371135712,0.061663761776354575,0.05397532135248184,0.44548662840825565,963.0
socofing:000185:right_index,disconnected_fragments,0.10000000149011612,0.3071865737438202,0.23579135537147522,0.19181151688098907,0.13053485916720498,0.119036003947258,0.3305877408643955,10837.0
socofing:000185:right_middle,disconnected_fragments,0.20000000298023224,0.2724111080169678,0.2628515958786011,0.21164274215698242,0.13072186617387666,0.1156008243560791,0.214561461474334,8282.0
socofing:000185:right_ring,disconnected_fragments,0.30000001192092896,0.20807117223739624,0.1872711479663849,0.17589524388313293,0.060242887338002524,0.05522562563419342,0.4510715931258138,4990.0
socofing:000185:right_little,disconnected_fragments,0.4000000059604645,0.18119598925113678,0.17194977402687073,0.1636287271976471,0.12291505957643191,0.10763292014598846,0.3801830797546838,5577.0
socofing:000200:left_thumb,disconnected_fragments,0.5,0.252297580242157,0.24190647900104523,0.23894575238227844,0.08167158642576801,0.07246188819408417,0.45903440369558063,4587.0
socofing:000200:left_index,disconnected_fragments,0.6000000238418579,0.24910423159599304,0.23875518143177032,0.1795613318681717,0.048209048393699855,0.04377109929919243,0.5127108893266336,3633.0
socofing:000200:left_middle,disconnected_fragments,0.699999988079071,0.2530615031719208,0.23187869787216187,0.20047278702259064,0.04950700805832942,0.04253029450774193,0.5615741489596616,1496.0
socofing:000200:left_ring,disconnected_fragments,0.800000011920929,0.12719324231147766,0.12748239934444427,0.12168460339307785,0.07149418845979703,0.06706712394952774,0.480270558629433,1480.0
socofing:000200:left_little,stripes,0.10000000149011612,0.23381070792675018,0.21821238100528717,0.18590602278709412,0.10457875589943594,0.09119202941656113,0.2352472328790449,7338.0
socofing:000200:right_thumb,stripes,0.20000000298023224,0.22521665692329407,0.20610587298870087,0.19829250872135162,0.07170386471682125,0.0627778023481369,0.25829226590782317,9501.0
socofing:000200:right_index,stripes,0.30000001192092896,0.21183279156684875,0.2075118124485016,0.20306259393692017,0.11019249860611227,0.09834533929824829,0.47400589604232934,7786.0
socofing:000200:right_middle,stripes,0.4000000059604645,0.20947375893592834,0.1613442301750183,0.15112820267677307,0.08460610918700695,0.07655904442071915,0.4455885093517041,6670.0
socofing:000200:right_ring,stripes,0.5,0.20342712104320526,0.2060817927122116,0.1931416243314743,0.05494473961492379,0.05036653205752373,0.46546463850099074,5116.0
socofing:000200:right_little,stripes,0.6000000238418579,0.19347026944160461,0.18803125619888306,0.18183845281600952,0.02597057420967354,0.023659251630306244,0.2705390234181723,4322.0
socofing:000203:left_thumb,stripes,0.699999988079071,0.2538232207298279,0.24719898402690887,0.22986502945423126,0.05656521043015851,0.0492309145629406,0.32354880409780135,2236.0
socofing:000203:left_index,stripes,0.800000011920929,0.1779165118932724,0.17211207747459412,0.16512194275856018,0.015905294494910373,0.01378917321562767,0.574684277323023,2527.0
socofing:000203:left_middle,severe_partial,0.10000000149011612,0.25927895307540894,0.23479041457176208,0.22571921348571777,0.13161588592661752,0.11599500477313995,0.2749510740503949,8379.0
socofing:000203:left_ring,severe_partial,0.20000000298023224,0.27379828691482544,0.24908816814422607,0.23564361035823822,0.11140567004266712,0.09485647827386856,0.24095004750752702,6770.0
socofing:000203:left_little,severe_partial,0.30000001192092896,0.22256052494049072,0.23098433017730713,0.20353955030441284,0.065050868731406,0.05547887459397316,0.4124814521239828,3899.0
socofing:000203:right_thumb,random_rectangles,0.10000000149011612,0.33467569947242737,0.25607526302337646,0.25303566455841064,0.1511027354747057,0.1360969990491867,0.12648393971787353,10757.0
socofing:000203:right_index,random_rectangles,0.20000000298023224,0.2740999162197113,0.275246262550354,0.2499336451292038,0.09276642265419165,0.07893867790699005,0.40187040121925977,7660.0
socofing:000203:right_middle,random_rectangles,0.30000001192092896,0.20997515320777893,0.20884384214878082,0.20931418240070343,0.1444316047347254,0.1257558912038803,0.438591408478391,8402.0
socofing:000203:right_ring,random_rectangles,0.4000000059604645,0.1674933284521103,0.16545316576957703,0.15949372947216034,0.06076300096594625,0.05201435834169388,0.30853517798715585,6339.0
socofing:000203:right_little,random_rectangles,0.5,0.2221878319978714,0.20582276582717896,0.19449009001255035,0.04049246140445272,0.03529483079910278,0.4528094348022354,5213.0
socofing:000206:left_thumb,random_rectangles,0.6000000238418579,0.2553749978542328,0.23127637803554535,0.21641385555267334,0.07185751662279169,0.06196127459406853,0.38553693783983806,5925.0
socofing:000206:left_index,random_rectangles,0.699999988079071,0.1613975614309311,0.16019763052463531,0.1597762256860733,0.02068761499184701,0.017530664801597595,0.36210813951345167,4731.0
socofing:000206:left_middle,random_rectangles,0.800000011920929,0.1786898821592331,0.16745366156101227,0.1630624532699585,0.023455625834564366,0.02160457707941532,0.2622933571903657,2948.0
socofing:000206:left_ring,irregular,0.10000000149011612,0.1898251175880432,0.17919999361038208,0.17786377668380737,0.06198485510216819,0.05476878210902214,0.3909825408425999,10753.0
socofing:000206:left_little,irregular,0.20000000298023224,0.16355536878108978,0.16410474479198456,0.154975026845932,0.028613513201061223,0.024446802213788033,0.5813989086643172,8745.0
socofing:000206:right_thumb,irregular,0.30000001192092896,0.19588510692119598,0.19675776362419128,0.19544395804405212,0.028841002264784442,0.024718083441257477,0.47180998641313343,8771.0
socofing:000206:right_index,irregular,0.4000000059604645,0.15402184426784515,0.15602268278598785,0.15065433084964752,0.0328357605677512,0.028689764440059662,0.39643124721093453,7498.0
socofing:000206:right_middle,irregular,0.5,0.13122889399528503,0.1303500533103943,0.12986131012439728,0.007727150779424442,0.00679991627112031,0.37286557191695036,6590.0
socofing:000206:right_ring,irregular,0.6000000238418579,0.11395382136106491,0.11463449150323868,0.11395382136106491,0.00957760920541154,0.008356173522770405,0.398192899869529,4698.0
socofing:000206:right_little,irregular,0.699999988079071,0.09702419489622116,0.09704902023077011,0.09649956971406937,0.004366814365817441,0.0037635257467627525,0.48355376613532736,3281.0
socofing:000214:left_thumb,irregular,0.800000011920929,0.14111626148223877,0.14137981832027435,0.14111626148223877,0.008050969594882594,0.006948148366063833,0.3097262810137564,2188.0
socofing:000214:left_index,central_missing,0.10000000149011612,0.2701491117477417,0.25444936752319336,0.24655702710151672,0.15700923974315326,0.13911157846450806,0.2814228974198139,9518.0
socofing:000214:left_middle,central_missing,0.20000000298023224,0.27894455194473267,0.22569206357002258,0.22161047160625458,0.11345756592022048,0.1006707176566124,0.3702084343128817,9038.0
socofing:000214:left_ring,central_missing,0.30000001192092896,0.2351287603378296,0.2300022691488266,0.21962065994739532,0.10572114408844047,0.09447348862886429,0.4521327198217353,6682.0
socofing:000214:left_little,central_missing,0.4000000059604645,0.24859759211540222,0.21710801124572754,0.200801283121109,0.1470617838617828,0.1258837878704071,0.21073790902861292,6689.0
socofing:000214:right_thumb,central_missing,0.5,0.20096635818481445,0.18260224163532257,0.17678499221801758,0.09078149269852373,0.07982821017503738,0.4590415425983817,7757.0
socofing:000214:right_index,central_missing,0.6000000238418579,0.2537594139575958,0.22028571367263794,0.18882644176483154,0.0829313185893827,0.07123129814863205,0.5175282173036332,6097.0
socofing:000214:right_middle,central_missing,0.699999988079071,0.18686191737651825,0.1821349561214447,0.16341890394687653,0.049303749721083374,0.041973620653152466,0.61425940250449,4074.0
socofing:000214:right_ring,central_missing,0.800000011920929,0.17177516222000122,0.17062722146511078,0.1697864681482315,0.022079009210897817,0.018689177930355072,0.4663417001125619,3277.0
socofing:000214:right_little,peripheral_only,0.10000000149011612,0.1769111305475235,0.1918485313653946,0.1691059023141861,0.08703306722972128,0.07698623090982437,0.584555987823246,9280.0
socofing:000217:left_thumb,peripheral_only,0.20000000298023224,0.21067219972610474,0.21003134548664093,0.20975477993488312,0.05699807852506637,0.049960434436798096,0.4575545047897805,8529.0
socofing:000217:left_index,peripheral_only,0.30000001192092896,0.20464886724948883,0.2046726495027542,0.2000463902950287,0.036242382497423224,0.033510759472846985,0.35484853742771744,6310.0
socofing:000217:left_middle,peripheral_only,0.4000000059604645,0.19763602316379547,0.19638954102993011,0.19542905688285828,0.027155041818817456,0.02311795949935913,0.4598010772208414,5824.0
socofing:000217:left_ring,peripheral_only,0.5,0.21551093459129333,0.1810164451599121,0.1777513027191162,0.045695319626894264,0.04198785126209259,0.39393371897111495,4263.0
socofing:000217:left_little,peripheral_only,0.6000000238418579,0.18500222265720367,0.1853099763393402,0.18470455706119537,0.02112187732838922,0.018487950786948204,0.4134850397727341,4008.0
socofing:000217:right_thumb,peripheral_only,0.699999988079071,0.17613062262535095,0.17036058008670807,0.16256926953792572,0.01606820768987139,0.013864240609109402,0.3387395712599402,3346.0
socofing:000217:right_index,peripheral_only,0.800000011920929,0.13173118233680725,0.13208280503749847,0.131193608045578,0.009443594727458225,0.008534575812518597,0.33748950924607035,2076.0
socofing:000217:right_middle,central_only,0.10000000149011612,0.26817333698272705,0.2500305771827698,0.22388316690921783,0.12020538888043827,0.11087818443775177,0.36078359002650123,8785.0
socofing:000217:right_ring,central_only,0.20000000298023224,0.1832444667816162,0.1792610138654709,0.17721489071846008,0.11375099221865335,0.10259051620960236,0.5113312832173328,6546.0
socofing:000217:right_little,central_only,0.30000001192092896,0.24731123447418213,0.22394827008247375,0.20563487708568573,0.09645160362124443,0.09033707529306412,0.38177035726624337,4863.0
socofing:000241:left_thumb,central_only,0.4000000059604645,0.194319486618042,0.19456562399864197,0.1901167780160904,0.08098267142971356,0.07261630892753601,0.45995892446968006,4142.0
socofing:000241:left_index,central_only,0.5,0.14402931928634644,0.11555776745080948,0.10863959789276123,0.059915109227101006,0.05337907001376152,0.6505956538393505,2314.0
socofing:000241:left_middle,central_only,0.6000000238418579,0.16141186654567719,0.16571329534053802,0.113212950527668,0.06142776413924164,0.060067418962717056,0.6577772170618535,1473.0
socofing:000241:left_ring,central_only,0.699999988079071,0.0681329295039177,0.06994137167930603,0.06519187241792679,0.0264156982406146,0.0227299015969038,0.696068104783131,352.0
socofing:000241:left_little,central_only,0.800000011920929,0.07484015077352524,0.06953505426645279,0.061034031212329865,0.010285216893276408,0.008751430548727512,0.8537848168602906,222.0
socofing:000241:right_thumb,disconnected_fragments,0.10000000149011612,0.1740630865097046,0.17451636493206024,0.15548989176750183,0.08500062305894163,0.0784391462802887,0.46097104642587244,9926.0
socofing:000241:right_index,disconnected_fragments,0.20000000298023224,0.22845818102359772,0.2008417844772339,0.18898336589336395,0.11548217609524727,0.10250584781169891,0.35691712914050705,8009.0
socofing:000241:right_middle,disconnected_fragments,0.30000001192092896,0.18529371917247772,0.18071164190769196,0.17721980810165405,0.05504358882705371,0.04858514666557312,0.22905185882357118,7039.0
socofing:000241:right_ring,disconnected_fragments,0.4000000059604645,0.2147066593170166,0.19862082600593567,0.18461650609970093,0.032500081012646356,0.02770777978003025,0.45991440786743865,4009.0
socofing:000241:right_little,disconnected_fragments,0.5,0.1951519250869751,0.18661287426948547,0.16005760431289673,0.07910542628831334,0.07217105478048325,0.4690545358189665,3638.0
socofing:000249:left_thumb,disconnected_fragments,0.6000000238418579,0.1518395096063614,0.14778245985507965,0.1013561561703682,0.1477224585496717,0.14465123414993286,0.5048221790632066,3529.0
socofing:000249:left_index,disconnected_fragments,0.699999988079071,0.10614817589521408,0.10568434745073318,0.10500188171863556,0.014824029358310831,0.013265288434922695,0.12294882055478129,2384.0
socofing:000249:left_middle,disconnected_fragments,0.800000011920929,0.10820329189300537,0.14243459701538086,0.08817192912101746,0.07229267124914461,0.06275901198387146,0.5787637754471466,2142.0
socofing:000249:left_ring,stripes,0.10000000149011612,0.13305942714214325,0.148129403591156,0.10250253975391388,0.1601545555724038,0.1410105973482132,0.5369963987237242,8514.0
socofing:000249:left_little,stripes,0.20000000298023224,0.31816914677619934,0.25933483242988586,0.2467038333415985,0.1331890722943677,0.11622785776853561,0.21644909405132107,6021.0
socofing:000249:right_thumb,stripes,0.30000001192092896,0.11017362028360367,0.13338397443294525,0.09537985920906067,0.12289207706020938,0.11936872452497482,0.7685613482852728,8416.0
socofing:000249:right_index,stripes,0.4000000059604645,0.11007871478796005,0.11331912875175476,0.1071682721376419,0.044511587400403285,0.04043479636311531,0.5672941886567147,7934.0
socofing:000249:right_middle,stripes,0.5,0.1728953719139099,0.15871979296207428,0.12341373413801193,0.14074362652997177,0.1375524252653122,0.3683081585859026,6331.0
socofing:000249:right_ring,stripes,0.6000000238418579,0.14680206775665283,0.15055646002292633,0.10902484506368637,0.04482375962866677,0.04239555448293686,0.37139707006679146,3591.0
socofing:000249:right_little,stripes,0.699999988079071,0.2513025999069214,0.18854719400405884,0.10885585099458694,0.06423590911759271,0.0587245337665081,0.5832405243806069,2052.0
socofing:000256:left_thumb,stripes,0.800000011920929,0.16588670015335083,0.1655946522951126,0.16439937055110931,0.040398700204160476,0.034282926470041275,0.2641124211700841,2111.0
socofing:000256:left_index,severe_partial,0.10000000149011612,0.2612263262271881,0.22338640689849854,0.21671871840953827,0.15350833742154968,0.13466806709766388,0.31928135992444195,9690.0
socofing:000256:left_middle,severe_partial,0.20000000298023224,0.24195967614650726,0.23938323557376862,0.21091614663600922,0.08005254848135843,0.07115637511014938,0.4010694576805128,8915.0
socofing:000256:left_ring,severe_partial,0.30000001192092896,0.18201914429664612,0.1832149475812912,0.1794532686471939,0.06146146452261342,0.05543128028512001,0.31476171821939375,7239.0
socofing:000256:left_little,random_rectangles,0.10000000149011612,0.31130465865135193,0.2650386095046997,0.23824940621852875,0.15076196293036143,0.12999227643013,0.2194319638958063,9591.0
socofing:000256:right_thumb,random_rectangles,0.20000000298023224,0.21446946263313293,0.23180104792118073,0.21446946263313293,0.10120373827715715,0.0876518040895462,0.2833150196221396,10904.0
socofing:000256:right_index,random_rectangles,0.30000001192092896,0.23414841294288635,0.22904913127422333,0.22204963862895966,0.09288604263630178,0.08166547119617462,0.3058849331018607,7386.0
socofing:000256:right_middle,random_rectangles,0.4000000059604645,0.20548851788043976,0.196664959192276,0.1946151852607727,0.04846576528830661,0.04159228503704071,0.2800492405035485,9170.0
socofing:000256:right_ring,random_rectangles,0.5,0.16483020782470703,0.16408847272396088,0.16356632113456726,0.04360195704632335,0.037437327206134796,0.2743251839110273,6999.0
socofing:000256:right_little,random_rectangles,0.6000000238418579,0.17667780816555023,0.17604511976242065,0.1758183389902115,0.01845878034623133,0.01600979082286358,0.3565169260206942,5638.0
socofing:000263:left_thumb,random_rectangles,0.699999988079071,0.15229961276054382,0.1508396565914154,0.14935354888439178,0.027168964449730184,0.02315581403672695,0.19458810104240237,4597.0
socofing:000263:left_index,random_rectangles,0.800000011920929,0.1633949875831604,0.16546815633773804,0.1633949875831604,0.013734811528896293,0.01296872366219759,0.24934939272908965,3210.0
socofing:000263:left_middle,irregular,0.10000000149011612,0.16592134535312653,0.15637117624282837,0.156955286860466,0.09429255715674824,0.08182518929243088,0.2899719732140936,9056.0
socofing:000263:left_ring,irregular,0.20000000298023224,0.14477980136871338,0.140468031167984,0.13680994510650635,0.04998479215428233,0.04366036131978035,0.10223427416658344,7217.0
socofing:000263:left_little,irregular,0.30000001192092896,0.13533832132816315,0.13912522792816162,0.13386884331703186,0.03124568582408958,0.02687339298427105,0.17406091305342103,6201.0
socofing:000263:right_thumb,irregular,0.4000000059604645,0.10872157663106918,0.1010599434375763,0.09394078701734543,0.016382976486865018,0.014196155592799187,0.437749220906753,7233.0
socofing:000263:right_index,irregular,0.5,0.13388198614120483,0.13390907645225525,0.13358259201049805,0.009044707644109924,0.008458617143332958,0.18692521786930757,5701.0
socofing:000263:right_middle,irregular,0.6000000238418579,0.13841982185840607,0.13759030401706696,0.13736604154109955,0.008381173087077008,0.007132297847419977,0.1977544895430344,4824.0
socofing:000263:right_ring,irregular,0.699999988079071,0.1078515350818634,0.10735855251550674,0.10688476264476776,0.0063510216410375304,0.005550445057451725,0.4705962102915004,3430.0
socofing:000263:right_little,irregular,0.800000011920929,0.11094014346599579,0.11065966635942459,0.11030338704586029,0.004845080907560057,0.004267523530870676,0.3831462695086766,2045.0
socofing:000274:left_thumb,central_missing,0.10000000149011612,0.31711485981941223,0.2841949462890625,0.27361050248146057,0.1889862780769666,0.16395458579063416,0.0648658941529342,12216.0
socofing:000274:left_index,central_missing,0.20000000298023224,0.21214091777801514,0.210947647690773,0.1991119086742401,0.10629783024390539,0.09973013401031494,0.5223428091345618,11087.0
socofing:000274:left_middle,central_missing,0.30000001192092896,0.24659715592861176,0.24914857745170593,0.23445014655590057,0.06858801771369245,0.060497984290122986,0.2074364323807463,11042.0
socofing:000274:left_ring,central_missing,0.4000000059604645,0.22412459552288055,0.21979260444641113,0.21397677063941956,0.06834564105504089,0.0584041066467762,0.3149677586316298,9745.0
socofing:000274:left_little,central_missing,0.5,0.21444830298423767,0.2045431286096573,0.2012464553117752,0.06771879774621792,0.057762715965509415,0.35339864799209014,8099.0
socofing:000274:right_thumb,central_missing,0.6000000238418579,0.24371694028377533,0.24359130859375,0.24356341361999512,0.034546989099019106,0.03017670474946499,0.38160015294821775,6554.0
socofing:000274:right_index,central_missing,0.699999988079071,0.23416560888290405,0.22737251222133636,0.22587637603282928,0.04337818140370978,0.03722744062542915,0.3421479927387419,4915.0
socofing:000274:right_middle,central_missing,0.800000011920929,0.22424587607383728,0.2247672826051712,0.2239776849746704,0.01565229126976596,0.013536792248487473,0.3229444263480398,3277.0
socofing:000274:right_ring,peripheral_only,0.10000000149011612,0.21784883737564087,0.20943517982959747,0.207504004240036,0.06051407746142811,0.05139121040701866,0.27990358923431785,10490.0
socofing:000274:right_little,peripheral_only,0.20000000298023224,0.19817882776260376,0.1989988386631012,0.19742313027381897,0.03296036142855883,0.028146939352154732,0.36247034428541364,8413.0
socofing:000284:left_thumb,peripheral_only,0.30000001192092896,0.14949080348014832,0.14455458521842957,0.13685242831707,0.0333397450339463,0.02901589497923851,0.40522297677691904,7610.0
socofing:000284:left_index,peripheral_only,0.4000000059604645,0.19531027972698212,0.19230042397975922,0.19113726913928986,0.04999918420281675,0.04301070421934128,0.36250282504532294,5136.0
socofing:000284:left_middle,peripheral_only,0.5,0.10282950848340988,0.10083603858947754,0.09948290139436722,0.017100481813152633,0.014683498069643974,0.3750032779176345,4744.0
socofing:000284:left_ring,peripheral_only,0.6000000238418579,0.12527106702327728,0.127214252948761,0.12527106702327728,0.02100911407938434,0.01953129842877388,0.20679711046386937,3755.0
socofing:000284:left_little,peripheral_only,0.699999988079071,0.0951908528804779,0.09486506879329681,0.09364006668329239,0.008716024717109071,0.007503941655158997,0.25592670219088676,2466.0
socofing:000284:right_thumb,peripheral_only,0.800000011920929,0.076964370906353,0.07724297791719437,0.07690395414829254,0.004995807187838687,0.004484578501433134,0.5271398189803294,2053.0
socofing:000284:right_index,central_only,0.10000000149011612,0.1109435111284256,0.11299368739128113,0.10786172747612,0.104022799183925,0.09892468899488449,0.4197299098438343,9750.0
socofing:000284:right_middle,central_only,0.20000000298023224,0.18118436634540558,0.14015614986419678,0.11799484491348267,0.05795773911393351,0.05150550231337547,0.3533547260758765,7254.0
socofing:000284:right_ring,central_only,0.30000001192092896,0.15364445745944977,0.13230162858963013,0.11860694736242294,0.05623761870794826,0.051081400364637375,0.31217690725044145,5131.0
socofing:000284:right_little,central_only,0.4000000059604645,0.17580167949199677,0.14781881868839264,0.1427014321088791,0.08702744050986237,0.08511998504400253,0.37686980166798445,3233.0
socofing:000289:left_thumb,central_only,0.5,0.13907530903816223,0.14189347624778748,0.1361306607723236,0.08309849597927597,0.08009134232997894,0.5145872568607105,2182.0
socofing:000289:left_index,central_only,0.6000000238418579,0.15964432060718536,0.1560414582490921,0.14505764842033386,0.04617491296182076,0.039662912487983704,0.49905992779100516,1732.0
socofing:000289:left_middle,central_only,0.699999988079071,0.09591910243034363,0.07038714736700058,0.06025489792227745,0.023973875058194,0.020697295665740967,0.6815639645897421,1197.0
socofing:000289:left_ring,central_only,0.800000011920929,0.15879565477371216,0.16013725101947784,0.15853533148765564,0.038374155739115345,0.032643772661685944,0.5564061715531107,450.0
socofing:000289:left_little,disconnected_fragments,0.10000000149011612,0.268838495016098,0.23846490681171417,0.20922628045082092,0.11159342962006728,0.09797339886426926,0.26301738986725737,8209.0
socofing:000289:right_thumb,disconnected_fragments,0.20000000298023224,0.1795676350593567,0.18064002692699432,0.1795676350593567,0.0500430379062891,0.04246152937412262,0.1306332573744962,4652.0
socofing:000289:right_index,disconnected_fragments,0.30000001192092896,0.21874119341373444,0.22964072227478027,0.19192267954349518,0.10441855672332975,0.09245523065328598,0.3023717925038858,7708.0
socofing:000289:right_middle,disconnected_fragments,0.4000000059604645,0.1871827244758606,0.2086953967809677,0.1871827244758606,0.10215939978758494,0.09336620569229126,0.28665109170081876,6110.0
socofing:000289:right_ring,disconnected_fragments,0.5,0.1667749136686325,0.16359859704971313,0.16453321278095245,0.042306243545479245,0.03732176125049591,0.22908463822804134,4706.0
socofing:000289:right_little,disconnected_fragments,0.6000000238418579,0.25884097814559937,0.20288127660751343,0.07343623787164688,0.092152290749881,0.08182604610919952,0.38421961901202106,2821.0
socofing:000291:left_thumb,disconnected_fragments,0.699999988079071,0.20157884061336517,0.2085266262292862,0.19291092455387115,0.04957858468923304,0.04275470972061157,0.41802582345202194,3442.0
socofing:000291:left_index,disconnected_fragments,0.800000011920929,0.11471043527126312,0.138572096824646,0.09000669419765472,0.052593476428753796,0.04755104333162308,0.4854545740239803,889.0
socofing:000291:left_middle,stripes,0.10000000149011612,0.23396286368370056,0.2121928632259369,0.21311648190021515,0.11248762781421344,0.0991135984659195,0.2241937945513753,9019.0
socofing:000291:left_ring,stripes,0.20000000298023224,0.19750364124774933,0.2059977501630783,0.19750364124774933,0.09336263636747996,0.08435312658548355,0.28801502924304645,8568.0
socofing:000291:left_little,stripes,0.30000001192092896,0.21806852519512177,0.21996662020683289,0.19151653349399567,0.0951294805854559,0.08274097740650177,0.2662644577369404,5673.0
socofing:000291:right_thumb,stripes,0.4000000059604645,0.1877269595861435,0.18186941742897034,0.17995911836624146,0.06599494802455107,0.060458697378635406,0.2958802615228254,7805.0
socofing:000291:right_index,stripes,0.5,0.17006300389766693,0.1832251101732254,0.16535943746566772,0.09661092410484949,0.0845460519194603,0.3328467453947472,6846.0
socofing:000291:right_middle,stripes,0.6000000238418579,0.1860669106245041,0.21227002143859863,0.1829623430967331,0.06859841516448392,0.059916235506534576,0.2812863546870916,3394.0
socofing:000291:right_ring,stripes,0.699999988079071,0.18456897139549255,0.18387599289417267,0.18255136907100677,0.015941634432723124,0.013553951866924763,0.22069648612930054,2995.0
socofing:000291:right_little,stripes,0.800000011920929,0.12830062210559845,0.12803764641284943,0.1270572543144226,0.008986559277400375,0.007920533418655396,0.342293701074034,2029.0
socofing:000293:left_thumb,severe_partial,0.10000000149011612,0.2054564654827118,0.21740981936454773,0.2054564654827118,0.12260794854826397,0.11651420593261719,0.3451013778949499,9359.0
socofing:000293:left_index,severe_partial,0.20000000298023224,0.21799124777317047,0.1889791190624237,0.18762627243995667,0.14137314160664877,0.12172507494688034,0.1933168111820308,8177.0
socofing:000293:left_middle,severe_partial,0.30000001192092896,0.20810596644878387,0.19871969521045685,0.18262307345867157,0.09576942833761375,0.08596818149089813,0.4127902456330478,6446.0
socofing:000293:left_ring,random_rectangles,0.10000000149011612,0.2729792892932892,0.25218403339385986,0.20758461952209473,0.11726393672741121,0.1023729220032692,0.34450699283718095,10284.0
socofing:000293:left_little,random_rectangles,0.20000000298023224,0.18927256762981415,0.20587190985679626,0.17385537922382355,0.09291009116503927,0.08049091696739197,0.33566868562936947,7786.0
socofing:000293:right_thumb,random_rectangles,0.30000001192092896,0.19737061858177185,0.20087260007858276,0.19737061858177185,0.07668814646701018,0.06599380075931549,0.31057638186511904,9958.0
socofing:000293:right_index,random_rectangles,0.4000000059604645,0.21403540670871735,0.19705870747566223,0.18313167989253998,0.08158299496604336,0.07147465646266937,0.3202373261213011,8263.0
socofing:000293:right_middle,random_rectangles,0.5,0.16031107306480408,0.155647873878479,0.1519322693347931,0.035895819092790285,0.03082508221268654,0.4154719220744532,7079.0
socofing:000293:right_ring,random_rectangles,0.6000000238418579,0.11497704684734344,0.11779186874628067,0.11410462856292725,0.06156125008645985,0.05536847561597824,0.39544050748911314,5703.0
socofing:000293:right_little,random_rectangles,0.699999988079071,0.13595141470432281,0.1640566736459732,0.13595141470432281,0.037984516782065235,0.035091329365968704,0.31060790178773745,3113.0
socofing:000302:left_thumb,random_rectangles,0.800000011920929,0.1770903319120407,0.17341330647468567,0.1709882616996765,0.013740453475879297,0.011644180864095688,0.4235077632674878,3277.0
socofing:000302:left_index,irregular,0.10000000149011612,0.25011730194091797,0.1803876757621765,0.16582845151424408,0.13240781509213978,0.11955463886260986,0.48731034067177154,10237.0
socofing:000302:left_middle,irregular,0.20000000298023224,0.15521731972694397,0.15385591983795166,0.1487671285867691,0.034426538894573845,0.02952348254621029,0.20995374702411282,8698.0
socofing:000302:left_ring,irregular,0.30000001192092896,0.1276838332414627,0.1277904212474823,0.11968208849430084,0.035751341159145036,0.031308166682720184,0.4686120267028425,8446.0
socofing:000302:left_little,irregular,0.4000000059604645,0.10980582237243652,0.10618450492620468,0.09849116206169128,0.01675750776194036,0.014824535697698593,0.41609623601045426,6181.0
socofing:000302:right_thumb,irregular,0.5,0.15675701200962067,0.15717080235481262,0.15543608367443085,0.012590554325530927,0.011083460412919521,0.29073631409260914,6254.0
socofing:000302:right_index,irregular,0.6000000238418579,0.17402447760105133,0.1726505309343338,0.17232875525951385,0.01316206714966231,0.011708676815032959,0.3264347493009905,5734.0
socofing:000302:right_middle,irregular,0.699999988079071,0.15576864778995514,0.1550842672586441,0.15403132140636444,0.006606680372109016,0.005713801831007004,0.2734393920882116,4071.0
socofing:000302:right_ring,irregular,0.800000011920929,0.13769754767417908,0.1370788812637329,0.13647150993347168,0.006035953780843152,0.005212065763771534,0.23210850220056067,2182.0
socofing:000302:right_little,central_missing,0.10000000149011612,0.2383796125650406,0.2137255221605301,0.19383570551872253,0.12223980791038937,0.11091011017560959,0.21253362999773004,10973.0
socofing:000303:left_thumb,central_missing,0.20000000298023224,0.2646549642086029,0.20357680320739746,0.18677590787410736,0.11469065447648366,0.10261139273643494,-0.07341102416503342,8349.0
socofing:000303:left_index,central_missing,0.30000001192092896,0.2462800294160843,0.26125797629356384,0.196319118142128,0.13230986951125992,0.1150718480348587,0.12975438630400019,6976.0
socofing:000303:left_middle,central_missing,0.4000000059604645,0.19185864925384521,0.19422949850559235,0.19185864925384521,0.1406991197831101,0.1250961720943451,0.16952181788444978,7512.0
socofing:000303:left_ring,central_missing,0.5,0.26127004623413086,0.20635709166526794,0.19589395821094513,0.11196302225192388,0.09838023036718369,0.18026599098380908,5988.0
socofing:000303:left_little,central_missing,0.6000000238418579,0.15386804938316345,0.15172572433948517,0.14569586515426636,0.05450496261732446,0.04642757028341293,0.2600316244404956,6114.0
socofing:000303:right_thumb,central_missing,0.699999988079071,0.1627175211906433,0.15974007546901703,0.1552208960056305,0.043972003190881674,0.03710377961397171,0.31428389766727105,4915.0
socofing:000303:right_index,central_missing,0.800000011920929,0.15907274186611176,0.15794244408607483,0.15791457891464233,0.021878517574320237,0.018462184816598892,0.24396736320425558,3277.0
socofing:000303:right_middle,peripheral_only,0.10000000149011612,0.17112432420253754,0.1660415530204773,0.15937268733978271,0.05157621175878578,0.04617628827691078,0.3152840925147035,9437.0
socofing:000303:right_ring,peripheral_only,0.20000000298023224,0.18809175491333008,0.1877799779176712,0.17941270768642426,0.08098906758758757,0.07170494645833969,0.2701108021498091,7159.0
socofing:000303:right_little,peripheral_only,0.30000001192092896,0.2230711579322815,0.18047599494457245,0.16997291147708893,0.1059599320921633,0.09276890754699707,0.2718166016352121,5197.0
socofing:000308:left_thumb,peripheral_only,0.4000000059604645,0.09945870190858841,0.09805416315793991,0.0967719703912735,0.018064908015852175,0.015772683545947075,0.12284528147968528,7100.0
socofing:000308:left_index,peripheral_only,0.5,0.08793964236974716,0.08729073405265808,0.08289624005556107,0.018722766875806783,0.017713220790028572,0.18551384004614524,5460.0
socofing:000308:left_middle,peripheral_only,0.6000000238418579,0.06428942829370499,0.05869479849934578,0.055649228394031525,0.012721005123522547,0.011032016947865486,0.1751552404098987,4583.0
socofing:000308:left_ring,peripheral_only,0.699999988079071,0.09173628687858582,0.09199725091457367,0.09047520160675049,0.016291382293113405,0.01380443200469017,0.19789941706028127,3318.0
socofing:000308:left_little,peripheral_only,0.800000011920929,0.1443411260843277,0.1463579386472702,0.1443411260843277,0.01089146952662203,0.009265908971428871,0.42525742027157043,1313.0
socofing:000308:right_thumb,central_only,0.10000000149011612,0.3069296181201935,0.2920517027378082,0.1615961492061615,0.14479713696572516,0.13434623181819916,0.47512642780425585,10901.0
socofing:000308:right_index,central_only,0.20000000298023224,0.22851470112800598,0.17134664952754974,0.15201997756958008,0.15333365756604406,0.14770376682281494,0.6542315063020352,7421.0
socofing:000308:right_middle,central_only,0.30000001192092896,0.15202580392360687,0.1440006047487259,0.11996767669916153,0.09402891463703579,0.08545023947954178,0.47906472051306753,6503.0
socofing:000308:right_ring,central_only,0.4000000059604645,0.12773214280605316,0.13885852694511414,0.11135417968034744,0.08809985299077298,0.08072560280561447,0.5860085856680225,5032.0
socofing:000308:right_little,central_only,0.5,0.11579161137342453,0.11789122968912125,0.11551200598478317,0.06981776037977802,0.06285430490970612,0.4075348574447069,2474.0
socofing:000309:left_thumb,central_only,0.6000000238418579,0.1791325807571411,0.18071520328521729,0.1743541657924652,0.07688315860513184,0.06560185551643372,0.45078593686615,2216.0
socofing:000309:left_index,central_only,0.699999988079071,0.14929890632629395,0.14691217243671417,0.1484082043170929,0.04998925267201331,0.04546071216464043,0.6970640221373646,779.0
socofing:000309:left_middle,central_only,0.800000011920929,0.13029049336910248,0.15095913410186768,0.13029049336910248,0.031683087773207164,0.026788102462887764,0.7611573991356206,499.0
socofing:000309:left_ring,disconnected_fragments,0.10000000149011612,0.2377954125404358,0.2414626032114029,0.20761939883232117,0.11200807160801357,0.09855315089225769,0.3402133099572786,7305.0
socofing:000309:left_little,disconnected_fragments,0.20000000298023224,0.27173516154289246,0.22784091532230377,0.21303358674049377,0.10931461519665188,0.0958472266793251,0.2857971955446157,6438.0
socofing:000309:right_thumb,disconnected_fragments,0.30000001192092896,0.24625718593597412,0.21962501108646393,0.19908852875232697,0.09907131269574165,0.0877251848578453,0.40543044612252754,7599.0
socofing:000309:right_index,disconnected_fragments,0.4000000059604645,0.18982774019241333,0.17959155142307281,0.16991391777992249,0.11594308051798079,0.10026433318853378,0.5248384080548383,4935.0
socofing:000309:right_middle,disconnected_fragments,0.5,0.1567951887845993,0.15047603845596313,0.14077763259410858,0.04374064165684912,0.03882311284542084,0.4815473823141314,4056.0
socofing:000309:right_ring,disconnected_fragments,0.6000000238418579,0.12656904757022858,0.12510517239570618,0.12390740215778351,0.013486489757067628,0.011693129315972328,0.5536174834233655,957.0
socofing:000309:right_little,disconnected_fragments,0.699999988079071,0.1787150651216507,0.12440189719200134,0.04943988844752312,0.08540950728994277,0.07704288512468338,0.8435309340222351,303.0
socofing:000317:left_thumb,disconnected_fragments,0.800000011920929,0.20609550178050995,0.20230747759342194,0.14841410517692566,0.10450466480106116,0.09428076446056366,0.5697856687469915,1711.0
socofing:000317:left_index,stripes,0.10000000149011612,0.23141136765480042,0.2066454142332077,0.20563668012619019,0.09196746941241953,0.07933934777975082,0.14555950700266926,10322.0
socofing:000317:left_middle,stripes,0.20000000298023224,0.2613542675971985,0.24381601810455322,0.22164876759052277,0.0890297985325257,0.07868310064077377,0.4039202295302457,9382.0
socofing:000317:left_ring,stripes,0.30000001192092896,0.20058707892894745,0.18900421261787415,0.18523059785366058,0.048713667835626334,0.04192439094185829,0.36766595419362696,8966.0
socofing:000317:left_little,stripes,0.4000000059604645,0.21045562624931335,0.21873068809509277,0.20900331437587738,0.06402640574508243,0.05497393757104874,0.4050483335772146,5979.0
socofing:000317:right_thumb,stripes,0.5,0.18254755437374115,0.18279123306274414,0.1823234111070633,0.04234309107479122,0.03795274347066879,0.25303695310498336,6782.0
socofing:000317:right_index,stripes,0.6000000238418579,0.21236968040466309,0.21213014423847198,0.21060872077941895,0.053730666720204885,0.04672924801707268,0.4515407109024134,5631.0
socofing:000317:right_middle,stripes,0.699999988079071,0.17434066534042358,0.17330509424209595,0.1718241572380066,0.012051018524087138,0.010863241739571095,0.35404903261379017,4037.0
socofing:000317:right_ring,stripes,0.800000011920929,0.16062664985656738,0.1602352410554886,0.16003242135047913,0.014710853698973854,0.012874907813966274,0.23713612245547577,2678.0
socofing:000317:right_little,severe_partial,0.10000000149011612,0.20014014840126038,0.21213766932487488,0.19979552924633026,0.12759027464522255,0.11122108995914459,0.17666107706512324,8192.0
socofing:000318:left_thumb,severe_partial,0.20000000298023224,0.2193649411201477,0.21371889114379883,0.21402569115161896,0.09661104554931323,0.0840429738163948,0.16809466433663142,9430.0
socofing:000318:left_index,severe_partial,0.30000001192092896,0.23031720519065857,0.22488486766815186,0.22405481338500977,0.07700216273466746,0.06970952451229095,0.358894262874768,7907.0
socofing:000318:left_middle,random_rectangles,0.10000000149011612,0.26650387048721313,0.22292554378509521,0.21920625865459442,0.1392312515940931,0.12187080085277557,0.1799988683626916,11505.0
socofing:000318:left_ring,random_rectangles,0.20000000298023224,0.2654593586921692,0.2282581776380539,0.20153741538524628,0.10733503235710992,0.0930410623550415,0.46131413581304104,8747.0
socofing:000318:left_little,random_rectangles,0.30000001192092896,0.18652506172657013,0.2230590432882309,0.18652506172657013,0.14937321038709747,0.13061481714248657,0.42299708793457014,8963.0
socofing:000318:right_thumb,random_rectangles,0.4000000059604645,0.21582907438278198,0.2150275707244873,0.21028000116348267,0.03774038592560424,0.03355199471116066,0.275093610416003,9302.0
socofing:000318:right_index,random_rectangles,0.5,0.20825263857841492,0.19117890298366547,0.18096239864826202,0.05936570902251535,0.05126739293336868,0.33981318122474413,7940.0
socofing:000318:right_middle,random_rectangles,0.6000000238418579,0.1994408220052719,0.19373324513435364,0.19069169461727142,0.040061657730903893,0.03721125051379204,0.25073636232795976,5837.0
socofing:000318:right_ring,random_rectangles,0.699999988079071,0.18093331158161163,0.18196642398834229,0.18046586215496063,0.030847224241329563,0.027792252600193024,0.281964719540864,4836.0
socofing:000318:right_little,random_rectangles,0.800000011920929,0.19085927307605743,0.1912277340888977,0.1906844824552536,0.010107479710131883,0.008628863841295242,0.3564786233704707,3203.0
socofing:000319:left_thumb,irregular,0.10000000149011612,0.21770188212394714,0.20341868698596954,0.18122729659080505,0.08376869666907523,0.0716758519411087,0.3215380692521507,9781.0
socofing:000319:left_index,irregular,0.20000000298023224,0.21020041406154633,0.20613595843315125,0.20500166714191437,0.03589264584912194,0.031891290098428726,0.28469194760497507,6353.0
socofing:000319:left_middle,irregular,0.30000001192092896,0.168077751994133,0.16650696098804474,0.16357362270355225,0.028152474781705274,0.023927681148052216,0.403518134588308,8303.0
socofing:000319:left_ring,irregular,0.4000000059604645,0.13998590409755707,0.13805316388607025,0.13547363877296448,0.017113138921558857,0.014646898955106735,0.320246891125601,6540.0
socofing:000319:left_little,irregular,0.5,0.1748645156621933,0.17472447454929352,0.17457033693790436,0.01576264425077372,0.013756603002548218,0.3284837835443132,5563.0
socofing:000319:right_thumb,irregular,0.6000000238418579,0.18536195158958435,0.18467046320438385,0.18321283161640167,0.017043643279208077,0.014610358513891697,0.4186795992601552,5279.0
socofing:000319:right_index,irregular,0.699999988079071,0.15198996663093567,0.15157079696655273,0.15109173953533173,0.009627836068264312,0.008257961831986904,0.33747825691479594,3140.0
socofing:000319:right_middle,irregular,0.800000011920929,0.13719142973423004,0.13737177848815918,0.13665097951889038,0.007210017399241527,0.006302898284047842,0.3938421820919498,2353.0
socofing:000319:right_ring,central_missing,0.10000000149011612,0.23002728819847107,0.20889900624752045,0.21010790765285492,0.12743246985806359,0.10819713026285172,0.24752552819238752,9667.0
socofing:000319:right_little,central_missing,0.20000000298023224,0.24094419181346893,0.24145576357841492,0.21112902462482452,0.15319016617205408,0.13965407013893127,0.1981093010477055,10281.0
socofing:000321:left_thumb,central_missing,0.30000001192092896,0.20361386239528656,0.21254338324069977,0.20361386239528656,0.07723388733963171,0.06903054565191269,0.3847164533824626,10528.0
socofing:000321:left_index,central_missing,0.4000000059604645,0.19996227324008942,0.19736212491989136,0.1962132453918457,0.08429799760795302,0.07645273953676224,0.2579826623744393,9732.0
socofing:000321:left_middle,central_missing,0.5,0.23142430186271667,0.23492032289505005,0.23107554018497467,0.04212447063376506,0.03644850477576256,0.23543080390439725,8192.0
socofing:000321:left_ring,central_missing,0.6000000238418579,0.24123987555503845,0.22717489302158356,0.22133903205394745,0.077645062117113,0.06532729417085648,0.22355946140573674,6080.0
socofing:000321:left_little,central_missing,0.699999988079071,0.1944625973701477,0.19374597072601318,0.19334760308265686,0.034610171678165595,0.030365940183401108,0.2910045735958507,4915.0
socofing:000321:right_thumb,central_missing,0.800000011920929,0.21294042468070984,0.21250754594802856,0.21079760789871216,0.023623833908802933,0.019861901178956032,0.275995191896747,3277.0
socofing:000321:right_index,peripheral_only,0.10000000149011612,0.2068832665681839,0.21058355271816254,0.1993258148431778,0.05733932409849432,0.05087197944521904,0.2751935257970236,10857.0
socofing:000321:right_middle,peripheral_only,0.20000000298023224,0.16236233711242676,0.15816166996955872,0.15192605555057526,0.04434489007625315,0.038085371255874634,0.32360801485935464,9349.0
socofing:000321:right_ring,peripheral_only,0.30000001192092896,0.18110759556293488,0.1792399287223816,0.1769385188817978,0.038352795379857224,0.033874742686748505,0.3693924033814302,7445.0
socofing:000321:right_little,peripheral_only,0.4000000059604645,0.1961788684129715,0.19196391105651855,0.1857323795557022,0.03256687796157268,0.03105299174785614,0.32431625503785744,6031.0
socofing:000339:left_thumb,peripheral_only,0.5,0.17221103608608246,0.17204569280147552,0.1720813810825348,0.022094072784400648,0.019308218732476234,0.4362091296877095,5594.0
socofing:000339:left_index,peripheral_only,0.6000000238418579,0.1522606909275055,0.14789734780788422,0.14348185062408447,0.01624630923486418,0.014911795035004616,0.3222481055119467,4327.0
socofing:000339:left_middle,peripheral_only,0.699999988079071,0.16500836610794067,0.1649409532546997,0.16445723176002502,0.013801864369048013,0.012186701409518719,0.4326509883169236,3245.0
socofing:000339:left_ring,peripheral_only,0.800000011920929,0.16658534109592438,0.16627444326877594,0.16602633893489838,0.009843096835538745,0.00926358811557293,0.2882989994293594,1847.0
socofing:000339:left_little,central_only,0.10000000149011612,0.256944477558136,0.2433362901210785,0.22060571610927582,0.09303749431338575,0.08813939988613129,0.2991386951458876,8548.0
socofing:000339:right_thumb,central_only,0.20000000298023224,0.18278901278972626,0.17481237649917603,0.17895901203155518,0.0848731532278988,0.07476353645324707,0.36346903778180895,9236.0
socofing:000339:right_index,central_only,0.30000001192092896,0.18106049299240112,0.17401735484600067,0.166122168302536,0.0820113616478112,0.07083126157522202,0.42662995348631455,7254.0
socofing:000339:right_middle,central_only,0.4000000059604645,0.19577433168888092,0.2085040956735611,0.19577433168888092,0.07380707359148396,0.06554519385099411,0.30455719536764636,6045.0
socofing:000339:right_ring,central_only,0.5,0.1856781542301178,0.1531953513622284,0.1469177007675171,0.06858081581691901,0.05915522947907448,0.46475188328133005,4039.0
socofing:000339:right_little,central_only,0.6000000238418579,0.09705161303281784,0.09997494518756866,0.09480306506156921,0.016434054599247044,0.01410199049860239,0.5166250570656556,2232.0
socofing:000345:left_thumb,central_only,0.699999988079071,0.13856570422649384,0.14334239065647125,0.13823924958705902,0.05432622734871176,0.05085701495409012,0.3273421798451327,1500.0
socofing:000345:left_index,central_only,0.800000011920929,0.21059010922908783,0.20276740193367004,0.16751012206077576,0.041539413016289474,0.04001883417367935,0.26357622959564714,104.0
socofing:000345:left_middle,disconnected_fragments,0.10000000149011612,0.21543468534946442,0.19334577023983002,0.1870662122964859,0.09759524522556198,0.08866927027702332,0.2773035851358349,9582.0
socofing:000345:left_ring,disconnected_fragments,0.20000000298023224,0.13244320452213287,0.12228890508413315,0.11858811229467392,0.061332152659694356,0.054887570440769196,0.3076530577696628,6821.0
socofing:000345:left_little,disconnected_fragments,0.30000001192092896,0.1342252492904663,0.13350678980350494,0.1342252492904663,0.06113861381179757,0.053453341126441956,0.04636219946805718,5105.0
socofing:000345:right_thumb,disconnected_fragments,0.4000000059604645,0.22067338228225708,0.22599823772907257,0.21204495429992676,0.08732773106959131,0.07712242007255554,0.3562607191832831,7349.0
socofing:000345:right_index,disconnected_fragments,0.5,0.108861543238163,0.1102185994386673,0.10620441287755966,0.011598649833144414,0.010056110098958015,0.42986794252577304,3165.0
socofing:000345:right_middle,disconnected_fragments,0.6000000238418579,0.18385109305381775,0.17142686247825623,0.169721782207489,0.06077317771398359,0.05258477106690407,0.219545462566981,2986.0
socofing:000345:right_ring,disconnected_fragments,0.699999988079071,0.15007808804512024,0.15484419465065002,0.14765898883342743,0.0784736976855331,0.06852355599403381,0.5513507023561659,2291.0
socofing:000345:right_little,disconnected_fragments,0.800000011920929,0.13401980698108673,0.13525870442390442,0.1303786188364029,0.029418570041242573,0.027388352900743484,0.13191592874569183,1144.0
socofing:000356:left_thumb,stripes,0.10000000149011612,0.21705415844917297,0.2316233068704605,0.21705415844917297,0.1414062534769376,0.12196020036935806,0.35224685521592664,11461.0
socofing:000356:left_index,stripes,0.20000000298023224,0.22286111116409302,0.23457887768745422,0.22286111116409302,0.09411190599203109,0.0838809534907341,0.3383640297748188,10416.0
socofing:000356:left_middle,stripes,0.30000001192092896,0.18120867013931274,0.1871594339609146,0.17808941006660461,0.05555939368075795,0.04918273910880089,0.3196107706467741,9067.0
socofing:000356:left_ring,stripes,0.4000000059604645,0.18493887782096863,0.18379199504852295,0.18202723562717438,0.05537603207760387,0.05094720795750618,0.36048683802137327,7884.0
socofing:000356:left_little,stripes,0.5,0.19344890117645264,0.18757164478302002,0.18278154730796814,0.06599979377869103,0.061411574482917786,0.32406694291663685,5810.0
socofing:000356:right_thumb,stripes,0.6000000238418579,0.2290138155221939,0.21750380098819733,0.2085672914981842,0.041485967218048043,0.03591000288724899,0.3601913924777993,5123.0
socofing:000356:right_index,stripes,0.699999988079071,0.1471511870622635,0.14550910890102386,0.13895612955093384,0.03591627726952235,0.03240184113383293,0.29843373616475977,3305.0
socofing:000356:right_middle,stripes,0.800000011920929,0.13617920875549316,0.1358751505613327,0.13543106615543365,0.012675886570165554,0.011292453855276108,0.3330967150375645,2779.0
socofing:000356:right_ring,severe_partial,0.10000000149011612,0.2005859911441803,0.19871701300144196,0.18364453315734863,0.08727950122621324,0.07624761015176773,0.3718559263864682,10470.0
socofing:000356:right_little,severe_partial,0.20000000298023224,0.20709875226020813,0.20686058700084686,0.19881348311901093,0.06268443245854642,0.055939264595508575,0.3790175914084841,7563.0
socofing:000358:left_thumb,severe_partial,0.30000001192092896,0.22505633533000946,0.2044217437505722,0.2027745097875595,0.11542710396978591,0.09952308982610703,0.36602175498720435,7670.0
socofing:000358:left_index,random_rectangles,0.10000000149011612,0.20344607532024384,0.1995614767074585,0.20344607532024384,0.10445401213235325,0.09072098881006241,0.07833064615522,10758.0
socofing:000358:left_middle,random_rectangles,0.20000000298023224,0.20529517531394958,0.18035875260829926,0.15360578894615173,0.09852659408417012,0.08759938925504684,0.36024037064020864,12001.0
socofing:000358:left_ring,random_rectangles,0.30000001192092896,0.20691955089569092,0.2479146271944046,0.20691955089569092,0.11863594171073702,0.10460299998521805,0.25361894907642907,7871.0
socofing:000358:left_little,random_rectangles,0.4000000059604645,0.19665531814098358,0.19269214570522308,0.17259566485881805,0.06990107831855615,0.062480244785547256,0.3520750852528229,8898.0
socofing:000358:right_thumb,random_rectangles,0.5,0.17746420204639435,0.1775490939617157,0.17682072520256042,0.018926998393403158,0.016480673104524612,0.42370366343959026,7618.0
socofing:000358:right_index,random_rectangles,0.6000000238418579,0.17315472662448883,0.17199313640594482,0.16911467909812927,0.0373615809612804,0.03266574442386627,0.32609816981956946,5996.0
socofing:000358:right_middle,random_rectangles,0.699999988079071,0.18433620035648346,0.18492960929870605,0.18323901295661926,0.015678322066863377,0.013383978977799416,0.3096747063341721,4884.0
socofing:000358:right_ring,random_rectangles,0.800000011920929,0.16291183233261108,0.16208922863006592,0.16041110455989838,0.007786123294176327,0.006664793472737074,0.3568198905389424,3277.0
socofing:000358:right_little,irregular,0.10000000149011612,0.16929563879966736,0.17236441373825073,0.16929563879966736,0.06604956210487418,0.05699798837304115,0.23022137441427987,10362.0
socofing:000377:left_thumb,irregular,0.20000000298023224,0.18689075112342834,0.18402187526226044,0.18314281105995178,0.01748687807056639,0.015290266834199429,0.40139245935609863,10425.0
socofing:000377:left_index,irregular,0.30000001192092896,0.19877196848392487,0.17867864668369293,0.16926361620426178,0.05016636788431141,0.044517163187265396,0.46139442084786647,8423.0
socofing:000377:left_middle,irregular,0.4000000059604645,0.14915822446346283,0.1489141434431076,0.14872893691062927,0.017223271530949408,0.015176979824900627,0.36494244310827295,7203.0
socofing:000377:left_ring,irregular,0.5,0.16633360087871552,0.1660655289888382,0.16568920016288757,0.014138140281041463,0.012578947469592094,0.3179258489479261,5710.0
socofing:000377:left_little,irregular,0.6000000238418579,0.13834716379642487,0.1355135142803192,0.1299160122871399,0.016241297943310605,0.013846597634255886,0.4484151449871084,4385.0
socofing:000377:right_thumb,irregular,0.699999988079071,0.14574012160301208,0.14643895626068115,0.14535444974899292,0.008613331791841322,0.0075116283260285854,0.34157463383994324,4015.0
socofing:000377:right_index,irregular,0.800000011920929,0.10567274689674377,0.10564756393432617,0.10519485920667648,0.005540203799804052,0.004744520876556635,0.4359262329464705,2322.0
socofing:000377:right_middle,central_missing,0.10000000149011612,0.23551659286022186,0.2218942642211914,0.2161913812160492,0.12249924110041724,0.10454515367746353,0.1289474893664166,9594.0
socofing:000377:right_ring,central_missing,0.20000000298023224,0.19346030056476593,0.20172852277755737,0.188925638794899,0.11667655424939262,0.1029004231095314,0.3638144612054425,11016.0
socofing:000377:right_little,central_missing,0.30000001192092896,0.22514459490776062,0.22083334624767303,0.21934330463409424,0.1114760576436917,0.09648316353559494,0.1673713179761342,10600.0
socofing:000380:left_thumb,central_missing,0.4000000059604645,0.23629698157310486,0.24020332098007202,0.22839216887950897,0.06934421021077368,0.06144120171666145,0.24939611555422925,9621.0
socofing:000380:left_index,central_missing,0.5,0.20805364847183228,0.2238185852766037,0.20543240010738373,0.0888530781906512,0.07717724144458771,0.3419578225189947,7715.0
socofing:000380:left_middle,central_missing,0.6000000238418579,0.21820001304149628,0.2187085896730423,0.21820001304149628,0.03855295542420612,0.03429204598069191,0.31679543875611155,6554.0
socofing:000380:left_ring,central_missing,0.699999988079071,0.21375755965709686,0.21376116573810577,0.21301206946372986,0.03008642498817709,0.025386271998286247,0.27487327077474355,4915.0
socofing:000380:left_little,central_missing,0.800000011920929,0.21236442029476166,0.20392747223377228,0.2019912600517273,0.025724281329247686,0.022588325664401054,0.28357724003500034,3277.0
socofing:000380:right_thumb,peripheral_only,0.10000000149011612,0.21909551322460175,0.2196204960346222,0.2189730554819107,0.06509828430910905,0.0575421117246151,0.2937327636773302,10351.0
socofing:000380:right_index,peripheral_only,0.20000000298023224,0.1712515503168106,0.17382384836673737,0.1712515503168106,0.039812662307586934,0.035105109214782715,0.27493842210300745,8464.0
socofing:000380:right_middle,peripheral_only,0.30000001192092896,0.1873503029346466,0.17476502060890198,0.1719164252281189,0.04043968852816356,0.03558581694960594,0.4268298826389634,7811.0
socofing:000380:right_ring,peripheral_only,0.4000000059604645,0.17911550402641296,0.17634449899196625,0.16910403966903687,0.03115857555013564,0.027154624462127686,0.4380623268077643,5805.0
socofing:000380:right_little,peripheral_only,0.5,0.16234707832336426,0.16668930649757385,0.162039652466774,0.04540662784129381,0.03953677788376808,0.3399690073075323,4722.0
socofing:000396:left_thumb,peripheral_only,0.6000000238418579,0.17651019990444183,0.1769597828388214,0.17651019990444183,0.01765498922516902,0.015371827408671379,0.3160516285476345,4255.0
socofing:000396:left_index,peripheral_only,0.699999988079071,0.17577022314071655,0.17530055344104767,0.17421939969062805,0.02041683663200173,0.017203958705067635,0.2866345856646376,2945.0
socofing:000396:left_middle,peripheral_only,0.800000011920929,0.16889232397079468,0.16855290532112122,0.16787534952163696,0.006869957409799099,0.005927056074142456,0.38879308607591256,1877.0
socofing:000396:left_ring,central_only,0.10000000149011612,0.20646804571151733,0.20341582596302032,0.19801299273967743,0.11393601985441314,0.1026243045926094,0.17756868194621328,9417.0
socofing:000396:left_little,central_only,0.20000000298023224,0.28351646661758423,0.23051239550113678,0.1760416328907013,0.10931124393310812,0.1024591475725174,0.5332650698148417,6164.0
socofing:000396:right_thumb,central_only,0.30000001192092896,0.17139935493469238,0.1673751324415207,0.162476047873497,0.08321715249783462,0.07184766232967377,0.3886854775797415,7840.0
socofing:000396:right_index,central_only,0.4000000059604645,0.17650547623634338,0.15740439295768738,0.13531231880187988,0.06890106354322699,0.059736255556344986,0.47269636540177334,4876.0
socofing:000396:right_middle,central_only,0.5,0.23234622180461884,0.18621326982975006,0.1625262051820755,0.07076061156888803,0.06148574873805046,0.5256967573725808,3069.0
socofing:000396:right_ring,central_only,0.6000000238418579,0.12743309140205383,0.130170077085495,0.1246267631649971,0.04921368590245644,0.04305996745824814,0.4707519334141724,2498.0
socofing:000396:right_little,central_only,0.699999988079071,0.12938456237316132,0.12765583395957947,0.1278933733701706,0.03299941064065529,0.029103703796863556,0.7134663596095857,559.0
socofing:000406:left_thumb,central_only,0.800000011920929,0.1210964247584343,0.11721213907003403,0.09300044924020767,0.030790459954490264,0.02636752836406231,0.48171764565812686,207.0
socofing:000406:left_index,disconnected_fragments,0.10000000149011612,0.22239217162132263,0.2786383628845215,0.22239217162132263,0.09967309460043908,0.09273272752761841,0.37006898904547847,9770.0
socofing:000406:left_middle,disconnected_fragments,0.20000000298023224,0.28676116466522217,0.26520150899887085,0.2602519392967224,0.1060153821690215,0.09866143763065338,0.383116722917661,8646.0
socofing:000406:left_ring,disconnected_fragments,0.30000001192092896,0.18114128708839417,0.19562053680419922,0.17932958900928497,0.07933543001612027,0.06946242600679398,0.4440269294689939,6660.0
socofing:000406:left_little,disconnected_fragments,0.4000000059604645,0.2351096123456955,0.24325115978717804,0.2275020331144333,0.13074322102798355,0.11260254681110382,0.32899299628025663,4565.0
socofing:000406:right_thumb,disconnected_fragments,0.5,0.21741104125976562,0.2199796885251999,0.21741104125976562,0.07953120859132873,0.06909743696451187,0.2814110085239438,5214.0
socofing:000406:right_index,disconnected_fragments,0.6000000238418579,0.19736896455287933,0.18110914528369904,0.1741166114807129,0.05275753748913606,0.05455407872796059,0.500998594591569,2293.0
socofing:000406:right_middle,disconnected_fragments,0.699999988079071,0.162932887673378,0.16388021409511566,0.1569947898387909,0.07502217915736967,0.072517991065979,0.45649105467988255,2623.0
socofing:000406:right_ring,disconnected_fragments,0.800000011920929,0.027977092191576958,0.05723108723759651,0.015837397426366806,0.06212673622131762,0.0622381791472435,0.8265762739188651,875.0
socofing:000406:right_little,stripes,0.10000000149011612,0.19449087977409363,0.21526268124580383,0.18773171305656433,0.1468977629724476,0.12944833934307098,0.5629627807303543,8033.0
socofing:000407:left_thumb,stripes,0.20000000298023224,0.26444852352142334,0.2525569200515747,0.25312215089797974,0.10913707142074904,0.09447108954191208,0.24132508873417077,10089.0
socofing:000407:left_index,stripes,0.30000001192092896,0.2600594162940979,0.2371882200241089,0.23504912853240967,0.10481537584629323,0.09251423925161362,0.29121786187343324,8794.0
socofing:000407:left_middle,stripes,0.4000000059604645,0.14598453044891357,0.15208746492862701,0.13860461115837097,0.039267974512444605,0.034567661583423615,0.40064154243194366,7660.0
socofing:000407:left_ring,stripes,0.5,0.2156696766614914,0.18200881779193878,0.17857815325260162,0.07853053592973286,0.06752585619688034,0.211931017647388,5671.0
socofing:000407:left_little,stripes,0.6000000238418579,0.20191174745559692,0.20351773500442505,0.20112217962741852,0.06188096001019908,0.05429481342434883,0.33042232267980787,5181.0
socofing:000407:right_thumb,stripes,0.699999988079071,0.16929250955581665,0.16925419867038727,0.16881217062473297,0.012838824765963687,0.011060169897973537,0.38939622206015995,4176.0
socofing:000407:right_index,stripes,0.800000011920929,0.1724109947681427,0.1724105179309845,0.1719808727502823,0.014508992123107115,0.012345786206424236,0.38358297543747744,2720.0
socofing:000407:right_middle,severe_partial,0.10000000149011612,0.23026296496391296,0.19185331463813782,0.15067817270755768,0.1200273616032468,0.10963184386491776,0.6271369415190258,11005.0
socofing:000407:right_ring,severe_partial,0.20000000298023224,0.2573925852775574,0.23222607374191284,0.19084300100803375,0.10337822549045086,0.09325069189071655,0.41129199532980193,9379.0
socofing:000407:right_little,severe_partial,0.30000001192092896,0.17139701545238495,0.181919664144516,0.17139701545238495,0.1108666786717044,0.09775713086128235,0.3832281234551382,6073.0
socofing:000422:left_thumb,random_rectangles,0.10000000149011612,0.23323668539524078,0.20438066124916077,0.20511387288570404,0.11152360033657815,0.09703569114208221,0.42027937728226983,12052.0
socofing:000422:left_index,random_rectangles,0.20000000298023224,0.2081282138824463,0.21314683556556702,0.2075413316488266,0.06892706780797905,0.05931451544165611,0.3410952955801781,10865.0
socofing:000422:left_middle,random_rectangles,0.30000001192092896,0.17276622354984283,0.16604353487491608,0.1651424616575241,0.05794334455082814,0.05288703367114067,0.25603765987395016,10490.0
socofing:000422:left_ring,random_rectangles,0.4000000059604645,0.15958930552005768,0.15367262065410614,0.15029099583625793,0.05487648138983382,0.04715524613857269,0.37017272902517234,9220.0
socofing:000422:left_little,random_rectangles,0.5,0.14942272007465363,0.14959396421909332,0.1472402811050415,0.024763796664774417,0.021100176498293877,0.266235117194319,7443.0
socofing:000422:right_thumb,random_rectangles,0.6000000238418579,0.15356887876987457,0.15307970345020294,0.15046274662017822,0.022966677457508113,0.019986823201179504,0.43790932237487434,6080.0
socofing:000422:right_index,random_rectangles,0.699999988079071,0.1593879610300064,0.16051533818244934,0.15849541127681732,0.02250346445168058,0.020132051780819893,0.49468646430839214,4265.0
socofing:000422:right_middle,random_rectangles,0.800000011920929,0.13571439683437347,0.13505229353904724,0.13435669243335724,0.006805890089728766,0.005795508623123169,0.3705215286154638,3277.0
socofing:000422:right_ring,irregular,0.10000000149011612,0.17792044579982758,0.17609930038452148,0.1743486076593399,0.04262454265521632,0.03640461713075638,0.29056223805181336,10566.0
socofing:000422:right_little,irregular,0.20000000298023224,0.19024761021137238,0.18971405923366547,0.18835054337978363,0.04833290154735247,0.04199238866567612,0.41771791030284966,9916.0
socofing:000424:left_thumb,irregular,0.30000001192092896,0.1682792603969574,0.16813527047634125,0.1667260378599167,0.014537011697474454,0.012356671504676342,0.3605997292462547,8804.0
socofing:000424:left_index,irregular,0.4000000059604645,0.13112132251262665,0.13226774334907532,0.13112132251262665,0.015301518028395043,0.013471606187522411,0.44101976577249286,7035.0
socofing:000424:left_middle,irregular,0.5,0.14115552604198456,0.14268836379051208,0.14017347991466522,0.015036876758353577,0.012993303127586842,0.4991174559573686,5662.0
socofing:000424:left_ring,irregular,0.6000000238418579,0.18368078768253326,0.18370655179023743,0.18341165781021118,0.007719407318573859,0.006645964924246073,0.3445279282342132,4529.0
socofing:000424:left_little,irregular,0.699999988079071,0.14467935264110565,0.14628291130065918,0.14467935264110565,0.01000589637292756,0.008636649698019028,0.530796976584551,3228.0
socofing:000424:right_thumb,irregular,0.800000011920929,0.13448326289653778,0.1346089243888855,0.13381639122962952,0.0076609831613798935,0.006698236335068941,0.37343743906663485,2531.0
socofing:000424:right_index,central_missing,0.10000000149011612,0.21809141337871552,0.20616985857486725,0.20813296735286713,0.13691808266772165,0.12168695032596588,0.25330847785485094,12549.0
socofing:000424:right_middle,central_missing,0.20000000298023224,0.25579482316970825,0.25196346640586853,0.24414391815662384,0.13050849611560503,0.11427106708288193,0.20932254508498774,11768.0
socofing:000424:right_ring,central_missing,0.30000001192092896,0.21677401661872864,0.19761952757835388,0.19592946767807007,0.07672856011324458,0.06637664139270782,0.2786135884906446,9504.0
socofing:000424:right_little,central_missing,0.4000000059604645,0.20687921345233917,0.19047372043132782,0.1896967887878418,0.11054478097293112,0.09589620679616928,0.29213044774290575,8960.0
socofing:000425:left_thumb,central_missing,0.5,0.1870046854019165,0.14746984839439392,0.14603422582149506,0.0828007950137059,0.07023975253105164,0.2820302363819317,7838.0
socofing:000425:left_index,central_missing,0.6000000238418579,0.10823630541563034,0.11079069972038269,0.10823630541563034,0.029447321759329903,0.02494059130549431,0.11936118302482197,6554.0
socofing:000425:left_middle,central_missing,0.699999988079071,0.09370659291744232,0.09415923804044724,0.09317279607057571,0.01639852695580986,0.013791658915579319,0.2998978975607702,4915.0
socofing:000425:left_ring,central_missing,0.800000011920929,0.06765259802341461,0.06412000954151154,0.06345993280410767,0.017567965134771334,0.015037943609058857,0.19568721062484895,3277.0
socofing:000425:left_little,peripheral_only,0.10000000149011612,0.11022806167602539,0.11263392120599747,0.11022806167602539,0.0698728411561913,0.061249274760484695,0.4150514790253171,9706.0
socofing:000425:right_thumb,peripheral_only,0.20000000298023224,0.1562993824481964,0.1254318505525589,0.11517966538667679,0.04734335461010535,0.04489843547344208,0.567573014819401,9880.0
socofing:000425:right_index,peripheral_only,0.30000001192092896,0.1664128601551056,0.16495126485824585,0.16488952934741974,0.040061106553508176,0.033829133957624435,0.40584064227905664,8047.0
socofing:000425:right_middle,peripheral_only,0.4000000059604645,0.13267265260219574,0.13130535185337067,0.13089634478092194,0.024914090511285597,0.021521946415305138,0.5414051806030423,6476.0
socofing:000425:right_ring,peripheral_only,0.5,0.09834564477205276,0.09806575626134872,0.09720214456319809,0.012831181096326973,0.010851741768419743,0.25351391163004333,5210.0
socofing:000425:right_little,peripheral_only,0.6000000238418579,0.13205231726169586,0.13166023790836334,0.13168714940547943,0.018020908089561596,0.01580594852566719,0.4327405351291625,4243.0
socofing:000429:left_thumb,peripheral_only,0.699999988079071,0.18085286021232605,0.18039819598197937,0.1803988367319107,0.017296153612227902,0.015183644369244576,0.40736118188532416,3312.0
socofing:000429:left_index,peripheral_only,0.800000011920929,0.22159552574157715,0.22143298387527466,0.21911440789699554,0.019236801642303666,0.016418561339378357,0.27361473596008506,2239.0
socofing:000429:left_middle,central_only,0.10000000149011612,0.28157323598861694,0.23206335306167603,0.20996955037117004,0.10618704093827142,0.09418776631355286,0.23078446718654705,10660.0
socofing:000429:left_ring,central_only,0.20000000298023224,0.1902509182691574,0.18655073642730713,0.18192297220230103,0.10705921575427055,0.09281818568706512,0.24065467383689124,8408.0
socofing:000429:left_little,central_only,0.30000001192092896,0.21120285987854004,0.1708351969718933,0.16590122878551483,0.08284062246481577,0.0760873481631279,0.3977922027510775,7335.0
socofing:000429:right_thumb,central_only,0.4000000059604645,0.15297554433345795,0.15747925639152527,0.1515732854604721,0.08328053524924649,0.07571370154619217,0.5053285755622178,5911.0
socofing:000429:right_index,central_only,0.5,0.18516063690185547,0.17303869128227234,0.16795293986797333,0.06967321414914396,0.06134677678346634,0.4807245407278595,4115.0
socofing:000429:right_middle,central_only,0.6000000238418579,0.12299691885709763,0.11600133776664734,0.11027036607265472,0.029923130582190222,0.02666153945028782,0.5677417157606214,2732.0
socofing:000429:right_ring,central_only,0.699999988079071,0.13877710700035095,0.14079149067401886,0.13804495334625244,0.06446937192231417,0.055610429495573044,0.3954513021692605,978.0
socofing:000429:right_little,central_only,0.800000011920929,0.17459534108638763,0.15720771253108978,0.14435456693172455,0.028192547770837944,0.023814724758267403,0.2797794366665505,489.0
socofing:000444:left_thumb,disconnected_fragments,0.10000000149011612,0.2415292114019394,0.22700855135917664,0.22686272859573364,0.08679835254119503,0.07812308520078659,0.1802992815267922,10268.0
socofing:000444:left_index,disconnected_fragments,0.20000000298023224,0.23645475506782532,0.21830718219280243,0.20329385995864868,0.07891854600359996,0.0685160756111145,0.4721231167079224,8142.0
socofing:000444:left_middle,disconnected_fragments,0.30000001192092896,0.15848295390605927,0.15487007796764374,0.1526840180158615,0.04587950176662869,0.040531136095523834,0.32013856059246193,7851.0
socofing:000444:left_ring,disconnected_fragments,0.4000000059604645,0.17324163019657135,0.1569717824459076,0.15191057324409485,0.04196403047276868,0.03585197776556015,0.20116127792808225,4573.0
socofing:000444:left_little,disconnected_fragments,0.5,0.13755753636360168,0.1371767371892929,0.13748279213905334,0.025917968257433838,0.02211497351527214,0.22104470199730908,3970.0
socofing:000444:right_thumb,disconnected_fragments,0.6000000238418579,0.1827206313610077,0.15546967089176178,0.14339029788970947,0.05462575614866283,0.048143744468688965,0.05220734131836442,5226.0
socofing:000444:right_index,disconnected_fragments,0.699999988079071,0.20032872259616852,0.2019338309764862,0.14009754359722137,0.08636117002202405,0.08144649863243103,0.6675039328961813,1831.0
socofing:000444:right_middle,disconnected_fragments,0.800000011920929,0.13146239519119263,0.1303556263446808,0.12732134759426117,0.01696675258378188,0.014950270764529705,0.45323464508544553,1352.0
socofing:000444:right_ring,stripes,0.10000000149011612,0.23220497369766235,0.21727566421031952,0.2119217813014984,0.11739100743499067,0.10206262767314911,0.3137784371940679,10345.0
socofing:000444:right_little,stripes,0.20000000298023224,0.2074991762638092,0.20476162433624268,0.19847196340560913,0.08588400127159225,0.07450632005929947,0.303542124284571,8658.0
socofing:000448:left_thumb,stripes,0.30000001192092896,0.16007398068904877,0.2198115736246109,0.16007398068904877,0.1505209468305111,0.13081789016723633,0.4289518461830641,7400.0
socofing:000448:left_index,stripes,0.4000000059604645,0.22473372519016266,0.19554106891155243,0.18525321781635284,0.07089351970288489,0.06308988481760025,0.5291128899981332,7689.0
socofing:000448:left_middle,stripes,0.5,0.2206149697303772,0.22433790564537048,0.2206149697303772,0.10681981369853019,0.09900977462530136,0.47791525485007064,6199.0
socofing:000448:left_ring,stripes,0.6000000238418579,0.17225560545921326,0.1724587380886078,0.1714290827512741,0.02366318832565513,0.021132715046405792,0.3595566335727802,4577.0
socofing:000448:left_little,stripes,0.699999988079071,0.16796627640724182,0.1590721160173416,0.15383052825927734,0.07334140590909455,0.0659216046333313,0.5172423744370839,3358.0
socofing:000448:right_thumb,stripes,0.800000011920929,0.12756288051605225,0.127378910779953,0.12676410377025604,0.007349174919848641,0.006349618546664715,0.4109406371242471,2878.0
socofing:000448:right_index,severe_partial,0.10000000149011612,0.22647762298583984,0.22502031922340393,0.21964243054389954,0.11841434645983907,0.11256780475378036,0.20551187541578403,10531.0
socofing:000448:right_middle,severe_partial,0.20000000298023224,0.23955541849136353,0.221429705619812,0.19746603071689606,0.1036253574821684,0.08951561152935028,0.25132227749774,9238.0
socofing:000448:right_ring,severe_partial,0.30000001192092896,0.20231829583644867,0.20241901278495789,0.19198086857795715,0.07998366037176716,0.07073167711496353,0.3400899112545339,8536.0
socofing:000448:right_little,random_rectangles,0.10000000149011612,0.2795805037021637,0.2533632814884186,0.24670259654521942,0.11175436998407046,0.09677117317914963,0.3043217328820738,11846.0
socofing:000449:left_thumb,random_rectangles,0.20000000298023224,0.13122853636741638,0.1326194554567337,0.12420421093702316,0.0830569545014037,0.07317645847797394,0.30316899270937564,11058.0
socofing:000449:left_index,random_rectangles,0.30000001192092896,0.11488748341798782,0.1224345713853836,0.1039324477314949,0.10405826498236921,0.095126673579216,0.3543773626294311,9762.0
socofing:000449:left_middle,random_rectangles,0.4000000059604645,0.12892834842205048,0.12820987403392792,0.12855558097362518,0.04463147676239411,0.03805818408727646,0.21229280001030787,8354.0
socofing:000449:left_ring,random_rectangles,0.5,0.13786739110946655,0.11063658446073532,0.09776030480861664,0.038805280667212276,0.033821336925029755,0.38593523689165454,5369.0
socofing:000449:left_little,random_rectangles,0.6000000238418579,0.07878606021404266,0.07975782454013824,0.07656700164079666,0.04290574072963661,0.039459627121686935,0.22147344763725127,5780.0
socofing:000449:right_thumb,random_rectangles,0.699999988079071,0.09681311249732971,0.09726354479789734,0.09632138907909393,0.01821686238464382,0.0160690788179636,0.6827346742345209,4794.0
socofing:000449:right_index,random_rectangles,0.800000011920929,0.08410880714654922,0.08387421071529388,0.08382594585418701,0.0050542815019273095,0.004373630974441767,0.49996138196980056,2671.0
socofing:000449:right_middle,irregular,0.10000000149011612,0.15231011807918549,0.15729156136512756,0.12672880291938782,0.12873004281686412,0.11212128400802612,0.43985579572098404,10720.0
socofing:000449:right_ring,irregular,0.20000000298023224,0.10717087239027023,0.11176645010709763,0.10717087239027023,0.08960948603020774,0.08102358877658844,0.5166266326236602,8027.0
socofing:000449:right_little,irregular,0.30000001192092896,0.1343189775943756,0.11169639229774475,0.10834895819425583,0.08308275240576929,0.07338059693574905,0.4154633396406242,6460.0
socofing:000472:left_thumb,irregular,0.4000000059604645,0.1004505380988121,0.10145293176174164,0.1004505380988121,0.013886173617922597,0.012923073023557663,0.13227019474065407,7401.0
socofing:000472:left_index,irregular,0.5,0.08221589028835297,0.08117818087339401,0.08082994073629379,0.008431646186444494,0.007284635212272406,0.043450231738980515,5864.0
socofing:000472:left_middle,irregular,0.6000000238418579,0.08389633893966675,0.08333973586559296,0.08304793387651443,0.005571282142773271,0.004928929265588522,0.2443286250716143,4238.0
socofing:000472:left_ring,irregular,0.699999988079071,0.08860161900520325,0.08829998224973679,0.08780154585838318,0.0040762112424191504,0.0034850160591304302,0.2910033825819131,2840.0
socofing:000472:left_little,irregular,0.800000011920929,0.06707392632961273,0.06851989030838013,0.06244368106126785,0.009160919834135308,0.008412686176598072,0.5835556526434315,1331.0
socofing:000472:right_thumb,central_missing,0.10000000149011612,0.40674421191215515,0.29548487067222595,0.19503925740718842,0.15397787702580293,0.13591186702251434,0.593670769112219,12014.0
socofing:000472:right_index,central_missing,0.20000000298023224,0.2677183449268341,0.2384042590856552,0.17036308348178864,0.1188678927719593,0.1038890928030014,0.5416223542884064,11206.0
socofing:000472:right_middle,central_missing,0.30000001192092896,0.16570420563220978,0.16565828025341034,0.1648358255624771,0.073787228225006,0.06381101906299591,0.19244000792293242,8769.0
socofing:000472:right_ring,central_missing,0.4000000059604645,0.12576940655708313,0.12023992091417313,0.11194340139627457,0.060455218992299505,0.05271881818771362,0.1141893141957297,8288.0
socofing:000472:right_little,central_missing,0.5,0.1560734659433365,0.12855620682239532,0.12549415230751038,0.0475423448615604,0.040852196514606476,0.21572896337595765,7646.0
socofing:000484:left_thumb,central_missing,0.6000000238418579,0.23854099214076996,0.23852913081645966,0.2379930168390274,0.04266262099974685,0.03858659416437149,0.41939383349752857,6554.0
socofing:000484:left_index,central_missing,0.699999988079071,0.20069347321987152,0.19931943714618683,0.19949093461036682,0.044492547224379245,0.039249394088983536,0.32680247412965735,4915.0
socofing:000484:left_middle,central_missing,0.800000011920929,0.2033526748418808,0.20485933125019073,0.20319655537605286,0.020038575451407168,0.01727311499416828,0.33363194130815405,3277.0
socofing:000484:left_ring,peripheral_only,0.10000000149011612,0.203878253698349,0.19526910781860352,0.18432825803756714,0.08753544613718986,0.07647939026355743,0.43658634000782426,8373.0
socofing:000484:left_little,peripheral_only,0.20000000298023224,0.1989504098892212,0.20044246315956116,0.18235141038894653,0.051034885727696946,0.044708169996738434,0.3336599860419697,6082.0
socofing:000484:right_thumb,peripheral_only,0.30000001192092896,0.2006693035364151,0.19950838387012482,0.1982373297214508,0.03575480565842655,0.03145133703947067,0.3904777750247719,8333.0
socofing:000484:right_index,peripheral_only,0.4000000059604645,0.1737380474805832,0.16607724130153656,0.16412822902202606,0.02231905135429568,0.020061517134308815,0.3655579532201885,6510.0
socofing:000484:right_middle,peripheral_only,0.5,0.17408086359500885,0.17216040194034576,0.1675407886505127,0.028149080762846602,0.024936385452747345,0.34078300058859196,5459.0
socofing:000484:right_ring,peripheral_only,0.6000000238418579,0.1680455505847931,0.16611669957637787,0.16366487741470337,0.016037213823033705,0.013629584573209286,0.4038571200203582,3706.0
socofing:000484:right_little,peripheral_only,0.699999988079071,0.16321030259132385,0.16304035484790802,0.1594744771718979,0.017436441473869815,0.015023902989923954,0.38895276623358677,3011.0
socofing:000493:left_thumb,peripheral_only,0.800000011920929,0.21463996171951294,0.21385088562965393,0.21341420710086823,0.016139278824751576,0.013771284371614456,0.29288825154059445,2203.0
socofing:000493:left_index,central_only,0.10000000149011612,0.2957198917865753,0.2328021377325058,0.20672841370105743,0.12444449621770116,0.10949062556028366,0.3840255819357493,9850.0
socofing:000493:left_middle,central_only,0.20000000298023224,0.21861453354358673,0.17073634266853333,0.14166569709777832,0.139661286605729,0.13387560844421387,0.5160336375749663,8704.0
socofing:000493:left_ring,central_only,0.30000001192092896,0.15777991712093353,0.14685092866420746,0.1284092664718628,0.08730450222889583,0.07653386145830154,0.42796490394665854,5762.0
socofing:000493:left_little,central_only,0.4000000059604645,0.12737995386123657,0.12787333130836487,0.12520526349544525,0.07252498889962831,0.06437188386917114,0.3064699342087782,2429.0
socofing:000493:right_thumb,central_only,0.5,0.15358608961105347,0.13734601438045502,0.13312633335590363,0.051654146963523495,0.046682022511959076,0.5822070458453167,3498.0
socofing:000493:right_index,central_only,0.6000000238418579,0.29249075055122375,0.20240172743797302,0.12348847836256027,0.12466710176732805,0.11410366743803024,0.6570818657320756,2447.0
socofing:000493:right_middle,central_only,0.699999988079071,0.13201144337654114,0.12036741524934769,0.11619381606578827,0.0772511890778939,0.06634636968374252,0.6660073498831798,1138.0
socofing:000493:right_ring,central_only,0.800000011920929,0.10193625837564468,0.10766390711069107,0.09920164942741394,0.02641752977958984,0.022578563541173935,0.5546966502288166,326.0
socofing:000493:right_little,disconnected_fragments,0.10000000149011612,0.2089393138885498,0.22370842099189758,0.2089393138885498,0.10989602340592278,0.09463442862033844,0.18068528585617885,7818.0
socofing:000496:left_thumb,disconnected_fragments,0.20000000298023224,0.1872137486934662,0.18039380013942719,0.17923365533351898,0.05421676081087854,0.04691608250141144,0.28713128006836713,8842.0
socofing:000496:left_index,disconnected_fragments,0.30000001192092896,0.22819502651691437,0.18662315607070923,0.16844546794891357,0.07822965106202497,0.06963604688644409,0.2672632582797371,7503.0
socofing:000496:left_middle,disconnected_fragments,0.4000000059604645,0.20224694907665253,0.20209971070289612,0.19726842641830444,0.044522430499394736,0.03963174670934677,0.21520961893933854,7188.0
socofing:000496:left_ring,disconnected_fragments,0.5,0.17280693352222443,0.18456190824508667,0.17280693352222443,0.05374457927213775,0.04632539302110672,0.23175248407293836,4724.0
socofing:000496:left_little,disconnected_fragments,0.6000000238418579,0.1647307127714157,0.16597692668437958,0.16213923692703247,0.0516891743366917,0.04650629311800003,0.2146017631240497,4119.0
socofing:000496:right_thumb,disconnected_fragments,0.699999988079071,0.2807837426662445,0.21657609939575195,0.17549777030944824,0.09183751199808386,0.08124836534261703,0.48466461931161814,3359.0
socofing:000496:right_index,disconnected_fragments,0.800000011920929,0.15508152544498444,0.14036361873149872,0.14123207330703735,0.053031262279384664,0.04819934070110321,0.5089848974404955,1496.0
socofing:000496:right_middle,stripes,0.10000000149011612,0.21027828752994537,0.22262096405029297,0.1924419403076172,0.14151124672757254,0.12170255929231644,0.3091006200386709,11722.0
socofing:000496:right_ring,stripes,0.20000000298023224,0.21555066108703613,0.19869767129421234,0.19238723814487457,0.08524241037666798,0.07356959581375122,0.32920222413319883,9936.0
socofing:000496:right_little,stripes,0.30000001192092896,0.18425153195858002,0.18106025457382202,0.16144248843193054,0.054103503293461266,0.046977780759334564,0.2547613205744875,6588.0
socofing:000503:left_thumb,stripes,0.4000000059604645,0.20778906345367432,0.19158129394054413,0.178864985704422,0.09228418601883782,0.08231883496046066,0.2722476337823098,5316.0
socofing:000503:left_index,stripes,0.5,0.172596275806427,0.19119204580783844,0.172596275806427,0.08508770424458716,0.07510383427143097,0.5195576865764079,6419.0
socofing:000503:left_middle,stripes,0.6000000238418579,0.1093752309679985,0.11385177820920944,0.1093752309679985,0.020550739578902723,0.01783597841858864,0.6105933068523265,4241.0
socofing:000503:left_ring,stripes,0.699999988079071,0.1781354397535324,0.17816683650016785,0.17779125273227692,0.015412487068937884,0.013460400514304638,0.2575302858632066,3331.0
socofing:000503:left_little,stripes,0.800000011920929,0.11696416139602661,0.15104325115680695,0.11673315614461899,0.059582935832440856,0.05198574811220169,0.5748133963126008,903.0
socofing:000503:right_thumb,severe_partial,0.10000000149011612,0.16194374859333038,0.15462075173854828,0.15916851162910461,0.13560255142963595,0.12741976976394653,0.6261759283664505,9989.0
socofing:000503:right_index,severe_partial,0.20000000298023224,0.19901925325393677,0.20660805702209473,0.16054490208625793,0.10041837605337302,0.08916321396827698,0.42539404704680234,7669.0
socofing:000503:right_middle,severe_partial,0.30000001192092896,0.26590436697006226,0.2830059230327606,0.1693021059036255,0.10517755672335624,0.09935948997735977,0.5514023968647075,6129.0
socofing:000503:right_ring,random_rectangles,0.10000000149011612,0.2823692858219147,0.2840508818626404,0.26268041133880615,0.15259105438987414,0.13334159553050995,0.3595993813579872,10850.0
socofing:000503:right_little,random_rectangles,0.20000000298023224,0.3820444643497467,0.2766442596912384,0.23476770520210266,0.1341006080723471,0.11524464935064316,0.291428906922933,6505.0
socofing:000504:left_thumb,random_rectangles,0.30000001192092896,0.2718476951122284,0.22711554169654846,0.21560336649417877,0.10349712086220582,0.0894501581788063,0.3303696770001823,10602.0
socofing:000504:left_index,random_rectangles,0.4000000059604645,0.18915621936321259,0.18001841008663177,0.17912264168262482,0.03889565494739347,0.0350380465388298,0.3201205525764224,8706.0
socofing:000504:left_middle,random_rectangles,0.5,0.18642625212669373,0.18279960751533508,0.17871789634227753,0.04040090785258346,0.03426991030573845,0.4703217506973101,6764.0
socofing:000504:left_ring,random_rectangles,0.6000000238418579,0.19799362123012543,0.19444091618061066,0.19373838603496552,0.03371638191036052,0.028697455301880836,0.4638508583123732,6340.0
socofing:000504:left_little,random_rectangles,0.699999988079071,0.1603299230337143,0.15936782956123352,0.15758787095546722,0.01152368958832489,0.009844951331615448,0.13263483131955717,4061.0
socofing:000504:right_thumb,random_rectangles,0.800000011920929,0.17454929649829865,0.1748020350933075,0.17454929649829865,0.008413484185520145,0.007173937279731035,0.23920105852145399,3199.0
socofing:000504:right_index,irregular,0.10000000149011612,0.16770896315574646,0.16801059246063232,0.14741915464401245,0.08832946407298246,0.07879449427127838,0.36934777081562475,11227.0
socofing:000504:right_middle,irregular,0.20000000298023224,0.18716950714588165,0.1802070587873459,0.17849357426166534,0.06049167460037602,0.05304323136806488,0.3684654407272089,9384.0
socofing:000504:right_ring,irregular,0.30000001192092896,0.16892386972904205,0.16850939393043518,0.1680694818496704,0.024549343643916977,0.021624770015478134,0.19703443043010024,8370.0
socofing:000504:right_little,irregular,0.4000000059604645,0.1440974473953247,0.1431875079870224,0.14303390681743622,0.012024939981185728,0.01036196481436491,0.2610196531811436,5355.0
socofing:000509:left_thumb,irregular,0.5,0.1260385811328888,0.12391308695077896,0.1235477477312088,0.017356942190478244,0.01492891926318407,0.23435324861262696,6239.0
socofing:000509:left_index,irregular,0.6000000238418579,0.09720634669065475,0.0971476212143898,0.0960659608244896,0.00771045381617215,0.006563219241797924,0.29113600205721396,5256.0
socofing:000509:left_middle,irregular,0.699999988079071,0.0847054123878479,0.08440494537353516,0.08413047343492508,0.009320255291337768,0.008492441847920418,0.1718698523288507,3732.0
socofing:000509:left_ring,irregular,0.800000011920929,0.07860800623893738,0.07821125537157059,0.07786448299884796,0.0039529314807926616,0.0033655702136456966,0.21762352653803183,2975.0
socofing:000509:left_little,central_missing,0.10000000149011612,0.10032361000776291,0.10004354268312454,0.10032361000776291,0.15786140743229124,0.13794438540935516,0.28931859240270186,9950.0
socofing:000509:right_thumb,central_missing,0.20000000298023224,0.27709823846817017,0.2507449984550476,0.15268772840499878,0.09405298199918535,0.08271252363920212,0.6623371852959329,11870.0
socofing:000509:right_index,central_missing,0.30000001192092896,0.16961906850337982,0.16918687522411346,0.15316803753376007,0.09243492376473215,0.07900523394346237,0.4135478003354523,8907.0
socofing:000509:right_middle,central_missing,0.4000000059604645,0.13313151895999908,0.1252744197845459,0.12338940054178238,0.08184332408838801,0.06991703808307648,0.31295292895894666,8969.0
socofing:000509:right_ring,central_missing,0.5,0.1660500466823578,0.13741114735603333,0.1329009085893631,0.09795522135165002,0.08472354710102081,0.2578043562246688,7174.0
socofing:000509:right_little,central_missing,0.6000000238418579,0.1699477583169937,0.16544345021247864,0.1602073311805725,0.08156107922808992,0.07459317892789841,0.3748523057285337,5185.0
socofing:000511:left_thumb,central_missing,0.699999988079071,0.12364716827869415,0.12690302729606628,0.11989739537239075,0.03249619734577007,0.02954968623816967,0.3387801710975828,4915.0
socofing:000511:left_index,central_missing,0.800000011920929,0.11002764850854874,0.11120017617940903,0.10864563286304474,0.015612521405435271,0.013089949265122414,0.26653334624067987,3277.0
socofing:000511:left_middle,peripheral_only,0.10000000149011612,0.23816396296024323,0.21128004789352417,0.17695890367031097,0.06661756932735444,0.05735244229435921,0.4585341856336375,8321.0
socofing:000511:left_ring,peripheral_only,0.20000000298023224,0.16729004681110382,0.16094739735126495,0.16003799438476562,0.03797506661050849,0.032353442162275314,0.4352174589323657,9330.0
socofing:000511:left_little,peripheral_only,0.30000001192092896,0.17404325306415558,0.15832509100437164,0.15487442910671234,0.04568604516486327,0.03991924226284027,0.397712524248917,7514.0
socofing:000511:right_thumb,peripheral_only,0.4000000059604645,0.16876688599586487,0.16863204538822174,0.16773274540901184,0.040894684630135694,0.03585147112607956,0.44166693298346865,6140.0
socofing:000511:right_index,peripheral_only,0.5,0.05839308351278305,0.05691709741950035,0.0535721629858017,0.013268189484046565,0.011479003354907036,0.42306800265530475,5413.0
socofing:000511:right_middle,peripheral_only,0.6000000238418579,0.07194580882787704,0.06516972184181213,0.06414934247732162,0.008929750356926686,0.008202808909118176,0.4327867921094521,3845.0
socofing:000511:right_ring,peripheral_only,0.699999988079071,0.09238884598016739,0.08607686311006546,0.0844443067908287,0.01532053420216673,0.013497735373675823,0.3507849520533175,3296.0
socofing:000511:right_little,peripheral_only,0.800000011920929,0.08590333163738251,0.08583411574363708,0.08357522636651993,0.007783405410332812,0.0071057407185435295,0.29022620014703215,2138.0
socofing:000522:left_thumb,central_only,0.10000000149011612,0.24436917901039124,0.23045331239700317,0.20023080706596375,0.10121992826461793,0.09119527786970139,0.3042597657053361,9459.0
socofing:000522:left_index,central_only,0.20000000298023224,0.19244875013828278,0.17192034423351288,0.17191779613494873,0.09188060673574606,0.08348113298416138,0.4471762172903319,8540.0
socofing:000522:left_middle,central_only,0.30000001192092896,0.2191838175058365,0.21092858910560608,0.19398382306098938,0.08641332011255953,0.07480577379465103,0.38551854970024974,7314.0
socofing:000522:left_ring,central_only,0.4000000059604645,0.18798333406448364,0.19220110774040222,0.18740001320838928,0.10857130413254103,0.09804928302764893,0.42112904155755515,5136.0
socofing:000522:left_little,central_only,0.5,0.18273687362670898,0.1699889749288559,0.14730267226696014,0.05036050375137064,0.0431225523352623,0.6064422899014166,3001.0
socofing:000522:right_thumb,central_only,0.6000000238418579,0.1750551164150238,0.12300021946430206,0.11437345296144485,0.07767349324292606,0.07058776170015335,0.5163920865138568,2785.0
socofing:000522:right_index,central_only,0.699999988079071,0.1548561155796051,0.161646768450737,0.1548561155796051,0.04352043337292141,0.040002431720495224,0.5102777504592269,1406.0
socofing:000522:right_middle,central_only,0.800000011920929,0.13504722714424133,0.13672614097595215,0.1349657028913498,0.029934327102576694,0.02578970603644848,0.768967679174012,609.0
socofing:000522:right_ring,disconnected_fragments,0.10000000149011612,0.20152071118354797,0.1704663336277008,0.16219355165958405,0.10323595924095975,0.09065272659063339,0.23368312863211374,10304.0
socofing:000522:right_little,disconnected_fragments,0.20000000298023224,0.14527247846126556,0.146089106798172,0.14005570113658905,0.05235537170535988,0.04484190419316292,0.26517578259926594,7236.0
socofing:000524:left_thumb,disconnected_fragments,0.30000001192092896,0.23648743331432343,0.23123663663864136,0.23249845206737518,0.09477446443504757,0.08589460700750351,0.41600902888654623,7331.0
socofing:000524:left_index,disconnected_fragments,0.4000000059604645,0.1933496743440628,0.22482210397720337,0.1933496743440628,0.05053844104210536,0.04404251277446747,0.5097756042754716,4663.0
socofing:000524:left_middle,disconnected_fragments,0.5,0.1323164850473404,0.10637962818145752,0.10236780345439911,0.04818072939912478,0.04231274127960205,0.3368083747754844,4396.0
socofing:000524:left_ring,disconnected_fragments,0.6000000238418579,0.13626757264137268,0.13033075630664825,0.12151630222797394,0.03266668901261356,0.028288669884204865,0.31656112373407236,3812.0
socofing:000524:left_little,disconnected_fragments,0.699999988079071,0.21265263855457306,0.1669480800628662,0.1500292867422104,0.14161626435816288,0.1251554936170578,0.3773416221483844,2993.0
socofing:000524:right_thumb,disconnected_fragments,0.800000011920929,0.13200534880161285,0.13163921236991882,0.1305191069841385,0.017923721505535974,0.01544608362019062,0.3622971690976478,1354.0
socofing:000524:right_index,stripes,0.10000000149011612,0.22119665145874023,0.21669763326644897,0.21410143375396729,0.11545989538232486,0.10050270706415176,0.25327993436287743,9777.0
socofing:000524:right_middle,stripes,0.20000000298023224,0.18452188372612,0.20716938376426697,0.18452188372612,0.140878194073836,0.12295033037662506,0.30553242022652843,10067.0
socofing:000524:right_ring,stripes,0.30000001192092896,0.21034273505210876,0.182510107755661,0.1709224283695221,0.05869853856662909,0.05204157531261444,0.4262007813774003,7338.0
socofing:000524:right_little,stripes,0.4000000059604645,0.22114816308021545,0.22590523958206177,0.2199394851922989,0.10896235789275832,0.09822158515453339,0.36849202661466696,5878.0
socofing:000527:left_thumb,stripes,0.5,0.18845075368881226,0.18699373304843903,0.18643435835838318,0.04052165132015943,0.03492412343621254,0.32436159043195695,5750.0
socofing:000527:left_index,stripes,0.6000000238418579,0.1289488822221756,0.12639093399047852,0.12617307901382446,0.020246422135581574,0.0173154529184103,0.1562615363197462,3624.0
socofing:000527:left_middle,stripes,0.699999988079071,0.14425058662891388,0.14468352496623993,0.14425058662891388,0.008257182082161307,0.007171101868152618,0.3734958248347458,3757.0
socofing:000527:left_ring,stripes,0.800000011920929,0.1460077464580536,0.14684835076332092,0.1460077464580536,0.02645699500830637,0.024471433833241463,0.3690083955271491,2042.0
socofing:000527:left_little,severe_partial,0.10000000149011612,0.2260451465845108,0.23423542082309723,0.20021359622478485,0.09174906619720989,0.07972203195095062,0.2608497400031773,6962.0
socofing:000527:right_thumb,severe_partial,0.20000000298023224,0.21335230767726898,0.2245662808418274,0.19872558116912842,0.07545319240954187,0.06743708997964859,0.47026176148848714,8956.0
socofing:000527:right_index,severe_partial,0.30000001192092896,0.18475750088691711,0.17548108100891113,0.1763143390417099,0.11394337043166161,0.10087280720472336,0.281387107261249,7468.0
socofing:000527:right_middle,random_rectangles,0.10000000149011612,0.19654406607151031,0.1918453872203827,0.177536740899086,0.11197392054729992,0.09749230742454529,0.20291514743097613,11331.0
socofing:000527:right_ring,random_rectangles,0.20000000298023224,0.22243621945381165,0.18554013967514038,0.18279919028282166,0.13080562324159675,0.11007186770439148,0.15997905621976943,9325.0
socofing:000527:right_little,random_rectangles,0.30000001192092896,0.3004167377948761,0.21130210161209106,0.1888817995786667,0.13343887598150306,0.11597596853971481,0.2279928914560558,7292.0
socofing:000528:left_thumb,random_rectangles,0.4000000059604645,0.19678054749965668,0.18369358777999878,0.18334579467773438,0.0638873293168015,0.057232700288295746,0.20672726106588063,8583.0
socofing:000528:left_index,random_rectangles,0.5,0.20717096328735352,0.20577529072761536,0.20623645186424255,0.08229076878892051,0.07165452092885971,0.2922901734309738,6627.0
socofing:000528:left_middle,random_rectangles,0.6000000238418579,0.1881641447544098,0.1876230686903,0.18687909841537476,0.027719781992750034,0.024400459602475166,0.4228521619357683,5519.0
socofing:000528:left_ring,random_rectangles,0.699999988079071,0.2086181491613388,0.2049863189458847,0.20385776460170746,0.028921139783536394,0.02577008120715618,0.3731540202987046,4509.0
socofing:000528:left_little,random_rectangles,0.800000011920929,0.15920419991016388,0.15260092914104462,0.14672385156154633,0.021381686984871823,0.01810714229941368,0.27989199630676587,1732.0
socofing:000528:right_thumb,irregular,0.10000000149011612,0.20458905398845673,0.19806283712387085,0.18725967407226562,0.08970628596014446,0.08258680254220963,0.3128488660021648,10721.0
socofing:000528:right_index,irregular,0.20000000298023224,0.1476144641637802,0.14344212412834167,0.13889576494693756,0.042432979266676635,0.03637700527906418,0.26605977785053053,9424.0
socofing:000528:right_middle,irregular,0.30000001192092896,0.15147489309310913,0.1500396877527237,0.1502925455570221,0.019802979700681237,0.01791280135512352,0.4283838905089622,6959.0
socofing:000528:right_ring,irregular,0.4000000059604645,0.1397935003042221,0.13953235745429993,0.13871705532073975,0.008438596776169207,0.007217855658382177,0.36353652566867983,6545.0
socofing:000528:right_little,irregular,0.5,0.15930461883544922,0.15987268090248108,0.15878668427467346,0.01404526124501394,0.012330877594649792,0.35353823000763934,4685.0
socofing:000530:left_thumb,irregular,0.6000000238418579,0.12160325795412064,0.11993443220853806,0.1187756136059761,0.01074295047049721,0.009270001202821732,0.271776816511017,3069.0
socofing:000530:left_index,irregular,0.699999988079071,0.15077392756938934,0.1510528028011322,0.15060867369174957,0.009130429254016942,0.008069261908531189,0.28093332865857645,3060.0
socofing:000530:left_middle,irregular,0.800000011920929,0.17321456968784332,0.17315255105495453,0.17272084951400757,0.007969137001782655,0.006996976677328348,0.22168979662398708,2215.0
socofing:000530:left_ring,central_missing,0.10000000149011612,0.21358738839626312,0.2574266195297241,0.21358738839626312,0.1467583297855324,0.12949994206428528,-0.02121992357668814,10046.0
socofing:000530:left_little,central_missing,0.20000000298023224,0.330925315618515,0.2848176062107086,0.21121378242969513,0.14522333269317944,0.12300698459148407,0.221786817888167,8314.0
socofing:000530:right_thumb,central_missing,0.30000001192092896,0.23932702839374542,0.22834345698356628,0.2223411500453949,0.10941604545546903,0.10385120660066605,0.3345141332805762,11048.0
socofing:000530:right_index,central_missing,0.4000000059604645,0.22778809070587158,0.20139195024967194,0.19638459384441376,0.06764114975101418,0.06038832291960716,0.3330632934499594,9551.0
socofing:000530:right_middle,central_missing,0.5,0.22304004430770874,0.21101397275924683,0.2069479525089264,0.05033720216403405,0.04298930987715721,0.199170550814885,8167.0
socofing:000530:right_ring,central_missing,0.6000000238418579,0.20914292335510254,0.2081872969865799,0.1939377784729004,0.054265832631952234,0.04959266260266304,0.10286548476633592,5926.0
socofing:000530:right_little,central_missing,0.699999988079071,0.1988898515701294,0.19863364100456238,0.1988898515701294,0.07061427649524477,0.06006036698818207,0.19200427228919306,4523.0
socofing:000531:left_thumb,central_missing,0.800000011920929,0.2372741550207138,0.23665417730808258,0.2358228713274002,0.023120061152925094,0.020132899284362793,0.3538666087838983,3277.0
socofing:000531:left_index,peripheral_only,0.10000000149011612,0.21135960519313812,0.2112715095281601,0.21135960519313812,0.07347072271837128,0.06353113055229187,0.36181600274234027,9084.0
socofing:000531:left_middle,peripheral_only,0.20000000298023224,0.18689706921577454,0.18192802369594574,0.1806151270866394,0.05571239511999819,0.04914312809705734,0.4355651457911665,9019.0
socofing:000531:left_ring,peripheral_only,0.30000001192092896,0.16029641032218933,0.162870392203331,0.16029641032218933,0.050540183132721316,0.04590406268835068,0.3874764884545519,7068.0
socofing:000531:left_little,peripheral_only,0.4000000059604645,0.19780652225017548,0.1969267725944519,0.1936364322900772,0.03820260249906116,0.03373005613684654,0.4361644737312787,5172.0
socofing:000531:right_thumb,peripheral_only,0.5,0.23257948458194733,0.2269907295703888,0.22427116334438324,0.04084898645265235,0.03635251522064209,0.4418131254915234,4775.0
socofing:000531:right_index,peripheral_only,0.6000000238418579,0.14777468144893646,0.14787496626377106,0.14674748480319977,0.01337792898217837,0.011769183911383152,0.473222592257819,4176.0
socofing:000531:right_middle,peripheral_only,0.699999988079071,0.13386698067188263,0.13376836478710175,0.13294991850852966,0.01398342824023631,0.012733927927911282,0.4665218719490786,3052.0
socofing:000531:right_ring,peripheral_only,0.800000011920929,0.13089412450790405,0.13048221170902252,0.1299048215150833,0.0077719972210211884,0.006649454589933157,0.5161407215549617,1883.0
socofing:000531:right_little,central_only,0.10000000149011612,0.3013297915458679,0.27581796050071716,0.24585942924022675,0.06941359028634098,0.06517200171947479,0.32074708605197866,6449.0
socofing:000540:left_thumb,central_only,0.20000000298023224,0.19753244519233704,0.17630182206630707,0.17271143198013306,0.1004560853044192,0.09085771441459656,0.2856378166752647,8325.0
socofing:000540:left_index,central_only,0.30000001192092896,0.17434848845005035,0.1620873212814331,0.1504347175359726,0.09023468444744746,0.08187810331583023,0.42070459074046757,5974.0
socofing:000540:left_middle,central_only,0.4000000059604645,0.16454057395458221,0.1731490045785904,0.16260682046413422,0.09166843887004587,0.0829065814614296,0.35466487516888556,4911.0
socofing:000540:left_ring,central_only,0.5,0.28404608368873596,0.1846446692943573,0.17338162660598755,0.07313858320315679,0.07187408953905106,0.2985242284585744,3594.0
socofing:000540:left_little,central_only,0.6000000238418579,0.11847631633281708,0.1034267395734787,0.09984719008207321,0.03294155930893289,0.028622763231396675,0.3887358104531894,1781.0
socofing:000540:right_thumb,central_only,0.699999988079071,0.10738305747509003,0.10360469669103622,0.09559640288352966,0.01586185921397474,0.013893003575503826,0.6804465086835827,1148.0
socofing:000540:right_index,central_only,0.800000011920929,0.05164457485079765,0.05201474577188492,0.04955383390188217,0.01518458847163452,0.01361527293920517,0.2933065475522435,299.0
socofing:000540:right_middle,disconnected_fragments,0.10000000149011612,0.17304590344429016,0.1747446209192276,0.17304590344429016,0.06598432030942705,0.05836745724081993,0.1759843991385345,8577.0
socofing:000540:right_ring,disconnected_fragments,0.20000000298023224,0.18989931046962738,0.19059832394123077,0.1765519380569458,0.11712980477346314,0.10386835038661957,0.27341112566536,7895.0
socofing:000540:right_little,disconnected_fragments,0.30000001192092896,0.21236440539360046,0.19618023931980133,0.17862245440483093,0.09872596081760195,0.08676138520240784,0.47064919740379674,6615.0
socofing:000545:left_thumb,disconnected_fragments,0.4000000059604645,0.19067107141017914,0.19202186167240143,0.19008490443229675,0.023286545390470162,0.019861722365021706,0.35380836238371544,4454.0
socofing:000545:left_index,disconnected_fragments,0.5,0.19842685759067535,0.20248211920261383,0.182527557015419,0.08204903554999166,0.07152675092220306,0.4719435608218428,4281.0
socofing:000545:left_middle,disconnected_fragments,0.6000000238418579,0.20998448133468628,0.2004593312740326,0.17615924775600433,0.09010142139676544,0.08122861385345459,0.5073648822622299,3661.0
socofing:000545:left_ring,disconnected_fragments,0.699999988079071,0.14330443739891052,0.14978288114070892,0.14330443739891052,0.024802346155047415,0.025231948122382164,0.2397079616575307,1111.0
socofing:000545:left_little,disconnected_fragments,0.800000011920929,0.18026593327522278,0.18409176170825958,0.18026593327522278,0.05553285067694055,0.05010855197906494,0.4390738213548685,1499.0
socofing:000545:right_thumb,stripes,0.10000000149011612,0.22160853445529938,0.2362271398305893,0.22160853445529938,0.2004993351797263,0.18515019118785858,0.2947058415314958,11535.0
socofing:000545:right_index,stripes,0.20000000298023224,0.2641714811325073,0.2314651757478714,0.21173779666423798,0.11016767281625006,0.09926345944404602,0.4320506924264615,9719.0
socofing:000545:right_middle,stripes,0.30000001192092896,0.1337287425994873,0.14620180428028107,0.13003474473953247,0.08606685482793384,0.08487346768379211,0.5011967246395113,7674.0
socofing:000545:right_ring,stripes,0.4000000059604645,0.26245421171188354,0.24237850308418274,0.21173255145549774,0.07033745567831728,0.06217511370778084,0.5059181090473789,5438.0
socofing:000545:right_little,stripes,0.5,0.21603785455226898,0.21858379244804382,0.18449193239212036,0.041330618659655254,0.03596839681267738,0.5687632487448714,2923.0
socofing:000553:left_thumb,stripes,0.6000000238418579,0.29010453820228577,0.262546569108963,0.20633505284786224,0.06675497028562757,0.05748787149786949,0.6009511939677417,1942.0
socofing:000553:left_index,stripes,0.699999988079071,0.1635015308856964,0.1631111353635788,0.16024082899093628,0.014404300455417898,0.012370451353490353,0.18753732601806733,2562.0
socofing:000553:left_middle,stripes,0.800000011920929,0.1653045117855072,0.1655556559562683,0.16522149741649628,0.006846776594304376,0.005874840542674065,0.25734811609699837,2917.0
socofing:000553:left_ring,severe_partial,0.10000000149011612,0.23170112073421478,0.21040071547031403,0.2090272158384323,0.09746125278373559,0.08439461886882782,0.13053386517177418,7616.0
socofing:000553:left_little,severe_partial,0.20000000298023224,0.12931440770626068,0.1272071748971939,0.12421423196792603,0.09558409137858284,0.08630718290805817,0.38386968062445076,7863.0
socofing:000553:right_thumb,severe_partial,0.30000001192092896,0.2488628625869751,0.22506655752658844,0.20450766384601593,0.090508552102579,0.08102543652057648,0.2772602512945707,8251.0
socofing:000553:right_index,random_rectangles,0.10000000149011612,0.2705858647823334,0.21827641129493713,0.19689472019672394,0.1399954229179356,0.12679357826709747,0.26438484462469514,11997.0
socofing:000553:right_middle,random_rectangles,0.20000000298023224,0.2788705825805664,0.2564965784549713,0.22376681864261627,0.11279134903517034,0.10462673753499985,0.27394894391573393,11379.0
socofing:000553:right_ring,random_rectangles,0.30000001192092896,0.20888561010360718,0.2135271579027176,0.20548394322395325,0.11133809681567881,0.09527277201414108,0.3110569166331898,10431.0
socofing:000553:right_little,random_rectangles,0.4000000059604645,0.20683971047401428,0.20480088889598846,0.20255789160728455,0.061928502863479985,0.05340874195098877,0.3122968735473394,7332.0
socofing:000554:left_thumb,random_rectangles,0.5,0.2636362314224243,0.2407609522342682,0.21979281306266785,0.0812854819620649,0.06962832063436508,0.31885840644937763,6191.0
socofing:000554:left_index,random_rectangles,0.6000000238418579,0.16647860407829285,0.16497552394866943,0.164830282330513,0.02839890600492557,0.024475140497088432,0.42936376395108533,6064.0
socofing:000554:left_middle,random_rectangles,0.699999988079071,0.1284710168838501,0.12691134214401245,0.12623220682144165,0.027021061753233273,0.0234830304980278,0.2206529525911347,4281.0
socofing:000554:left_ring,random_rectangles,0.800000011920929,0.16686277091503143,0.16616451740264893,0.1654694825410843,0.013638327332834403,0.01162642054259777,0.3533145738877318,2699.0
socofing:000554:left_little,irregular,0.10000000149011612,0.2551141381263733,0.21669726073741913,0.21308507025241852,0.07090234342548582,0.062270719558000565,0.17246996570948503,7283.0
socofing:000554:right_thumb,irregular,0.20000000298023224,0.20101678371429443,0.1954224407672882,0.19268204271793365,0.07540925374875466,0.06775036454200745,0.34329700744870106,9809.0
socofing:000554:right_index,irregular,0.30000001192092896,0.14903143048286438,0.1411067694425583,0.13958939909934998,0.034338261766566174,0.03129541128873825,0.47212885768659973,7821.0
socofing:000554:right_middle,irregular,0.4000000059604645,0.15997354686260223,0.15976135432720184,0.15872089564800262,0.0153930828285714,0.013529522344470024,0.3073902407407712,6306.0
socofing:000554:right_ring,irregular,0.5,0.1591021567583084,0.15890434384346008,0.1585637927055359,0.019194288862248263,0.017338218167424202,0.46129014650349554,5658.0
socofing:000554:right_little,irregular,0.6000000238418579,0.12010728567838669,0.12024746090173721,0.1201065182685852,0.006497354096629554,0.005634179804474115,0.5424093182337979,2783.0
socofing:000558:left_thumb,irregular,0.699999988079071,0.14956636726856232,0.14934632182121277,0.14910979568958282,0.007375354997606741,0.006371340248733759,0.5787047048942585,2837.0
socofing:000558:left_index,irregular,0.800000011920929,0.19827580451965332,0.19794823229312897,0.1957254856824875,0.011251685044003857,0.009740803390741348,0.46879167631506924,1536.0
socofing:000558:left_middle,central_missing,0.10000000149011612,0.3227163851261139,0.2347383052110672,0.18887020647525787,0.15135436993506218,0.13544517755508423,0.25243819013018937,9727.0
socofing:000558:left_ring,central_missing,0.20000000298023224,0.26877257227897644,0.2432859241962433,0.2370462715625763,0.16178019411034053,0.14249485731124878,0.1865834369256062,8823.0
socofing:000558:left_little,central_missing,0.30000001192092896,0.29113343358039856,0.2662663459777832,0.25068533420562744,0.111737870466378,0.09780631214380264,0.08913633581856932,7766.0
socofing:000558:right_thumb,central_missing,0.4000000059604645,0.283883661031723,0.23854610323905945,0.22276081144809723,0.11113296026984851,0.09556326270103455,0.3083864493755505,9220.0
socofing:000558:right_index,central_missing,0.5,0.2458566427230835,0.2348814308643341,0.21836461126804352,0.07031777306563325,0.06403294205665588,0.32917332454616643,7046.0
socofing:000558:right_middle,central_missing,0.6000000238418579,0.18596485257148743,0.1880902796983719,0.18348748981952667,0.03796166985606154,0.03234938904643059,0.24662162208912597,6554.0
socofing:000558:right_ring,central_missing,0.699999988079071,0.2292456030845642,0.22565577924251556,0.22340156137943268,0.03218667933510409,0.02743563801050186,0.354826902963839,4904.0
socofing:000558:right_little,central_missing,0.800000011920929,0.2325509637594223,0.23157016932964325,0.2308659553527832,0.02706535557905833,0.024039987474679947,0.19889032308826154,3277.0
socofing:000564:left_thumb,peripheral_only,0.10000000149011612,0.22100535035133362,0.21702152490615845,0.21638986468315125,0.06228726595226261,0.054944656789302826,0.3202225160764204,9159.0
socofing:000564:left_index,peripheral_only,0.20000000298023224,0.22107474505901337,0.19754107296466827,0.19320808351039886,0.06630038614902231,0.06031852215528488,0.404119076938988,7795.0
socofing:000564:left_middle,peripheral_only,0.30000001192092896,0.19748397171497345,0.19285252690315247,0.18425343930721283,0.042390936116377516,0.036425646394491196,0.26446922105521115,6977.0
socofing:000564:left_ring,peripheral_only,0.4000000059604645,0.19636674225330353,0.1892259418964386,0.18724770843982697,0.05424615435509218,0.04622150957584381,0.30630439025087003,5480.0
socofing:000564:left_little,peripheral_only,0.5,0.19483144581317902,0.19476927816867828,0.19040106236934662,0.02019366505038407,0.018239326775074005,0.3773410563656907,3664.0
socofing:000564:right_thumb,peripheral_only,0.6000000238418579,0.23765605688095093,0.23922650516033173,0.23433175683021545,0.02863426935962505,0.025150634348392487,0.3346860015846309,3783.0
socofing:000564:right_index,peripheral_only,0.699999988079071,0.20749808847904205,0.20741859078407288,0.20695585012435913,0.016275062111930715,0.014271860010921955,0.39741214723903784,3065.0
socofing:000564:right_middle,peripheral_only,0.800000011920929,0.0622282475233078,0.062291521579027176,0.061880648136138916,0.0036546057659304805,0.003119449829682708,0.6465582510442324,1925.0
socofing:000564:right_ring,central_only,0.10000000149011612,0.2445494532585144,0.23992538452148438,0.22994224727153778,0.08942678252028094,0.08411556482315063,0.2325202648229333,6218.0
socofing:000564:right_little,central_only,0.20000000298023224,0.17456172406673431,0.18461455404758453,0.173895463347435,0.08964796604381667,0.08166943490505219,0.26558128980463686,4611.0
socofing:000584:left_thumb,central_only,0.30000001192092896,0.1162606030702591,0.11709912866353989,0.10746321827173233,0.07059130074663295,0.07065888494253159,0.472841171354309,7219.0
socofing:000584:left_index,central_only,0.4000000059604645,0.13587374985218048,0.11036388576030731,0.09218710660934448,0.08261909145447943,0.07446551322937012,0.5097784657616916,5457.0
socofing:000584:left_middle,central_only,0.5,0.08748556673526764,0.08825915306806564,0.08041755110025406,0.05550801019287772,0.05422982573509216,0.45673541868260903,4179.0
socofing:000584:left_ring,central_only,0.6000000238418579,0.07954421639442444,0.08614841848611832,0.07954421639442444,0.059897943254974155,0.05539808049798012,0.45631528493853923,2279.0
socofing:000584:left_little,central_only,0.699999988079071,0.057803135365247726,0.08118866384029388,0.051883406937122345,0.055020847130152914,0.05114755034446716,0.5979051566356276,1109.0
socofing:000584:right_thumb,central_only,0.800000011920929,0.030452044680714607,0.036520909518003464,0.027777675539255142,0.026299985943155156,0.02723233588039875,0.7171796197649533,838.0
socofing:000584:right_index,disconnected_fragments,0.10000000149011612,0.16415336728096008,0.17179037630558014,0.15798787772655487,0.08001833396653334,0.07682333141565323,0.2331453987015401,10512.0
socofing:000584:right_middle,disconnected_fragments,0.20000000298023224,0.16355527937412262,0.16721080243587494,0.1549956053495407,0.06481414710481961,0.058138228952884674,0.44155289302892214,9805.0
socofing:000584:right_ring,disconnected_fragments,0.30000001192092896,0.15674489736557007,0.1269514113664627,0.11621051281690598,0.06528216877745258,0.05781349539756775,0.3358758507705626,7525.0
socofing:000584:right_little,disconnected_fragments,0.4000000059604645,0.14077362418174744,0.1432260423898697,0.11830542236566544,0.05807175545228852,0.04993860423564911,0.379730495256026,5404.0
socofing:000589:left_thumb,disconnected_fragments,0.5,0.15909449756145477,0.16600051522254944,0.1516810953617096,0.06908511846429771,0.058699969202280045,0.40233188155969174,4597.0
socofing:000589:left_index,disconnected_fragments,0.6000000238418579,0.09879391640424728,0.10053841769695282,0.09879391640424728,0.014541404120003184,0.012267125770449638,0.22809883198960604,3731.0
socofing:000589:left_middle,disconnected_fragments,0.699999988079071,0.1685454249382019,0.16088347136974335,0.16195985674858093,0.07724029231402608,0.07274141162633896,0.1947735869534847,3153.0
socofing:000589:left_ring,disconnected_fragments,0.800000011920929,0.21051707863807678,0.20278939604759216,0.17959246039390564,0.0941555538525184,0.09646444022655487,0.5080030456919565,1750.0
socofing:000589:left_little,stripes,0.10000000149011612,0.21255940198898315,0.2035449594259262,0.19809377193450928,0.13508332678013377,0.11757677048444748,0.16556978624096674,8130.0
socofing:000589:right_thumb,stripes,0.20000000298023224,0.19530345499515533,0.2141653448343277,0.19530345499515533,0.10284485651387108,0.09025111794471741,0.3605927238554941,8145.0
socofing:000589:right_index,stripes,0.30000001192092896,0.20656289160251617,0.1867799013853073,0.155305877327919,0.09554709531366826,0.0833636149764061,0.5351631370102694,5807.0
socofing:000589:right_middle,stripes,0.4000000059604645,0.2550506293773651,0.19866856932640076,0.19148939847946167,0.14018653598096636,0.1262844204902649,0.4999166407527231,6433.0
socofing:000589:right_ring,stripes,0.5,0.17177872359752655,0.21228471398353577,0.06739582866430283,0.20025863043136066,0.19216980040073395,0.7237702993914952,6681.0
socofing:000589:right_little,stripes,0.6000000238418579,0.10110507905483246,0.14000532031059265,0.10110507905483246,0.05920309860052334,0.0536547489464283,0.5981391824729273,4119.0
socofing:000594:left_thumb,stripes,0.699999988079071,0.19410008192062378,0.19459891319274902,0.1940973997116089,0.01572519455415507,0.014525414444506168,0.4365974294543992,3830.0
socofing:000594:left_index,stripes,0.800000011920929,0.2193809449672699,0.21648989617824554,0.2139175832271576,0.014778873055345483,0.0126762380823493,0.31423547082143877,2919.0
socofing:000594:left_middle,severe_partial,0.10000000149011612,0.2603418529033661,0.25710245966911316,0.23745515942573547,0.10269277236527867,0.0950007289648056,0.34046095491031636,10180.0
socofing:000594:left_ring,severe_partial,0.20000000298023224,0.22411133348941803,0.20338357985019684,0.18954525887966156,0.07225965588457055,0.06302377581596375,0.3178054214040729,8877.0
socofing:000594:left_little,severe_partial,0.30000001192092896,0.19492585957050323,0.17281311750411987,0.1619647592306137,0.07970190772579776,0.06953301280736923,0.5109358619411506,7589.0
socofing:000594:right_thumb,random_rectangles,0.10000000149011612,0.29777055978775024,0.27987831830978394,0.2703467309474945,0.13412202613221275,0.11927751451730728,0.13338754774387562,11967.0
socofing:000594:right_index,random_rectangles,0.20000000298023224,0.24859978258609772,0.24233296513557434,0.23946906626224518,0.10277745367752181,0.08775708079338074,0.15749703780335192,11299.0
socofing:000594:right_middle,random_rectangles,0.30000001192092896,0.22797760367393494,0.23186998069286346,0.22797760367393494,0.10176456645131111,0.08760466426610947,0.24275675783104556,10101.0
socofing:000594:right_ring,random_rectangles,0.4000000059604645,0.21648627519607544,0.21718814969062805,0.2158585786819458,0.05130553228987588,0.047215696424245834,0.34640726285678863,8326.0
socofing:000594:right_little,random_rectangles,0.5,0.21312925219535828,0.20626762509346008,0.20458750426769257,0.04964339186747869,0.04283434897661209,0.3040650645646475,5786.0
socofing:000598:left_thumb,random_rectangles,0.6000000238418579,0.1700185388326645,0.1697552502155304,0.1671564280986786,0.025845372738937538,0.02285771258175373,0.2932143795237024,6438.0
socofing:000598:left_index,random_rectangles,0.699999988079071,0.20411597192287445,0.20513448119163513,0.20079867541790009,0.027020188524491257,0.023615920916199684,0.3735839252393947,4903.0
socofing:000598:left_middle,random_rectangles,0.800000011920929,0.18991802632808685,0.18453331291675568,0.18183360993862152,0.016455724338690438,0.01419240515679121,0.2548766903835369,2940.0
socofing:000598:left_ring,irregular,0.10000000149011612,0.22892014682292938,0.21143127977848053,0.20702451467514038,0.08098372065772613,0.07166827470064163,0.17987432765724823,11227.0
socofing:000598:left_little,irregular,0.20000000298023224,0.2009975165128708,0.19649776816368103,0.19451385736465454,0.04357857931819227,0.03846457973122597,0.38331636630889493,9594.0
socofing:000598:right_thumb,irregular,0.30000001192092896,0.17530135810375214,0.17382462322711945,0.17301146686077118,0.04846992786559794,0.04157151281833649,0.46257940687181287,8849.0
socofing:000598:right_index,irregular,0.4000000059604645,0.1811816394329071,0.1808125376701355,0.18007151782512665,0.020761786204659276,0.018159879371523857,0.3437731337763823,8458.0
socofing:000598:right_middle,irregular,0.5,0.17623946070671082,0.17476917803287506,0.17427287995815277,0.016373719378477997,0.01453942060470581,0.28703818243737983,6545.0
socofing:000598:right_ring,irregular,0.6000000238418579,0.17521114647388458,0.17533262073993683,0.1749657839536667,0.012548848738272984,0.011049696244299412,0.38514946082970564,5693.0
socofing:000598:right_little,irregular,0.699999988079071,0.14604337513446808,0.14694072306156158,0.14526547491550446,0.020006760406411358,0.01837647147476673,0.2245103153054976,3670.0
