sample_id,mask_family,observed_fraction,selected_dataset_index,plain_pairwise_diversity_mae,plain_mean_predictive_std,plain_uncertainty_error_spearman,plain_best_sample_index,plain_missing_roi_pixels,plain_coverage_50,plain_interval_width_50,plain_coverage_80,plain_interval_width_80,plain_coverage_90,plain_interval_width_90,plain_single_mse,plain_single_mae,plain_single_psnr,plain_single_ssim_map_mean,plain_single_pixels,plain_single_max_absolute_error,plain_single_orientation_error,plain_mean_mse,plain_mean_mae,plain_mean_psnr,plain_mean_ssim_map_mean,plain_mean_pixels,plain_mean_max_absolute_error,plain_mean_orientation_error,plain_best_of_k_mse,plain_best_of_k_mae,plain_best_of_k_psnr,plain_best_of_k_ssim_map_mean,plain_best_of_k_pixels,plain_best_of_k_max_absolute_error,plain_best_of_k_orientation_error,reinjected_pairwise_diversity_mae,reinjected_mean_predictive_std,reinjected_uncertainty_error_spearman,reinjected_best_sample_index,reinjected_missing_roi_pixels,reinjected_coverage_50,reinjected_interval_width_50,reinjected_coverage_80,reinjected_interval_width_80,reinjected_coverage_90,reinjected_interval_width_90,reinjected_single_mse,reinjected_single_mae,reinjected_single_psnr,reinjected_single_ssim_map_mean,reinjected_single_pixels,reinjected_single_max_absolute_error,reinjected_single_orientation_error,reinjected_mean_mse,reinjected_mean_mae,reinjected_mean_psnr,reinjected_mean_ssim_map_mean,reinjected_mean_pixels,reinjected_mean_max_absolute_error,reinjected_mean_orientation_error,reinjected_best_of_k_mse,reinjected_best_of_k_mae,reinjected_best_of_k_psnr,reinjected_best_of_k_ssim_map_mean,reinjected_best_of_k_pixels,reinjected_best_of_k_max_absolute_error,reinjected_best_of_k_orientation_error
socofing:000023:left_thumb,random_rectangles,0.10000000149011612,0,0.4418536005907505,0.39431676268577576,0.05990188083881894,1.0,11110.0,0.5388838883888389,0.4002698881979143,0.9234923492349235,0.7028073897059173,0.957965796579658,0.803653223541918,0.1750322932419325,0.3541451318697496,7.568818171256057,0.024863705166804695,11110.0,0.999997466802597,0.6447218576222162,0.040774207322621284,0.1534243635599385,13.89614473175676,0.07855084442132994,11110.0,0.7610554546117783,0.9732505429647577,0.10167702451732283,0.25862918479768787,9.927771714884262,0.03369359950585534,11110.0,0.9532216489315033,1.2323257931702234,0.45420869765680827,0.39062488079071045,0.10775912828920621,4.0,11110.0,0.7087308730873088,0.4906233422773363,0.9417641764176418,0.730375380712946,0.9596759675967597,0.8102927268581495,0.17142416972237295,0.3478586073344511,7.659279453239561,0.030700596345068693,11110.0,0.9999978542327881,0.7693517838410903,0.034655712719533764,0.1462307503612915,14.602251651482167,0.09297516332771126,11110.0,0.7137254774570465,0.8498345722146378,0.08500666387750719,0.2368321406369162,10.705470275587741,0.058023099156009394,11110.0,0.9418781697750092,0.7611533228705166
socofing:000030:left_thumb,irregular,0.30000001192092896,10,0.4050210133238279,0.3558037281036377,-0.0017829478440023181,2.0,7905.0,0.4232764073371284,0.33387283913927845,0.7152435167615433,0.6409188038996698,0.7760910815939279,0.7432674588198002,0.11040258622275646,0.25246831564342276,9.57020752973518,0.09174721390431706,7905.0,0.9962591528892517,0.9713464222773128,0.06772005630860797,0.21899606516133524,11.692826894510592,0.09298187001760384,7905.0,0.802845686674118,0.7111280524302186,0.09579753469128104,0.23931217074469627,10.186456671610102,0.07993366901537961,7905.0,0.8493929356336594,0.7044595910013345,0.3474162365325563,0.2920282483100891,0.11704022599861667,0.0,7905.0,0.4425047438330171,0.36359660163625446,0.622517394054396,0.5574840149624599,0.6785578747628084,0.6221131527378618,0.0909281018155699,0.23125101953726038,10.413018750034247,0.10806688407579032,7905.0,0.9906007647514343,0.8296278072806677,0.07158656622608597,0.22429418985523958,11.451684687712714,0.10696646493231188,7905.0,0.8089230954647064,0.8240534328733032,0.0909281018155699,0.23125101953726038,10.413018750034247,0.10806688407579032,7905.0,0.9906007647514343,0.8296278072806677
socofing:000032:left_thumb,central_missing,0.5,20,0.49033008258920746,0.4159715473651886,0.1809845315412991,1.0,8192.0,0.6927490234375,0.6147072780840972,0.843017578125,0.7969658516922209,0.890625,0.8577187095615955,0.3601129775950058,0.5241334915651805,4.4356122743087365,0.016532897159187758,8192.0,0.9999973177909851,0.4938910132838098,0.08841776912330729,0.2490325502116093,10.534604470150803,0.05398366139197885,8192.0,0.7651038765907288,0.15873682092626346,0.1564751916608571,0.3100311364408981,8.055545078225865,0.030322971939974637,8192.0,0.9882346382364631,0.13963160077180822,0.38646888736184337,0.3226671814918518,0.30889811980613263,0.0,8192.0,0.5682373046875,0.5087294115764962,0.7100830078125,0.6305762722004147,0.753662109375,0.6711918924083875,0.12088897722703992,0.2759196788405234,9.17613296721633,0.0568539206884419,8192.0,0.9505869746208191,0.16304799417966068,0.07765201119773824,0.23400007196539718,11.098472915031191,0.04898155479871384,8192.0,0.6878224574029446,0.19168363226772003,0.12088897722703992,0.2759196788405234,9.17613296721633,0.0568539206884419,8192.0,0.9505869746208191,0.16304799417966068
socofing:000039:left_thumb,peripheral_only,0.699999988079071,30,0.34988944837694846,0.2918925881385803,0.13158483790537667,0.0,2823.0,0.3669854764434998,0.3704977186803821,0.5487070492383989,0.5618839444334609,0.6308891250442792,0.6256793530178204,0.12909772879502196,0.29882504781965447,8.890813981709597,0.10388121009922835,2823.0,0.9318577609956264,0.2987932364356846,0.09647177434837462,0.26546834584004225,10.15599733680342,0.12395725218767153,2823.0,0.7931218445301056,0.16870936702105804,0.12909772879502196,0.29882504781965447,8.890813981709597,0.10388121009922835,2823.0,0.9318577609956264,0.2987932364356846,0.2849584741116077,0.23842667043209076,0.20203581104189666,0.0,2823.0,0.24831739284449167,0.2803120334183034,0.412327311370882,0.4554689145092418,0.4760892667375133,0.5138545415395547,0.12689074870531597,0.27753929025699753,8.96570040101447,0.13191108403388724,2823.0,0.9714454710483551,0.09345095046413122,0.09500283270527639,0.26172681284436294,10.222634451329489,0.14712446094807624,2823.0,0.7769096475094557,0.07128127500831773,0.12689074870531597,0.27753929025699753,8.96570040101447,0.13191108403388724,2823.0,0.9714454710483551,0.09345095046413122
socofing:000052:left_thumb,disconnected_fragments,0.10000000149011612,40,0.31213579093215815,0.2634313702583313,0.16403576338771986,0.0,10542.0,0.44213621703661543,0.2927991822630512,0.701859229747676,0.49748360462454233,0.7548852210206792,0.5657117454117061,0.08238635453674105,0.2197383577034112,10.841447135472599,0.09022024726575323,10542.0,0.9685577750205994,0.4769918906575995,0.053800471695586286,0.18540721240797434,12.692139166404468,0.07869893171197086,10542.0,0.7974168509244919,0.4934636047715663,0.08238635453674105,0.2197383577034112,10.841447135472599,0.09022024726575323,10542.0,0.9685577750205994,0.4769918906575995,0.2852097085826742,0.24055656790733337,0.18599739739552223,2.0,10542.0,0.37023335230506543,0.2607788855969352,0.6399165243786757,0.4538924514337048,0.6973060140390818,0.5182636400459614,0.07760017281811166,0.21141199155824955,11.101373115527819,0.08935403508825554,10542.0,0.9610258042812347,0.398944355114201,0.05232919699546654,0.18667204455007663,12.812559295659637,0.08210539074170102,10542.0,0.7447274327278137,0.4703226787292451,0.06947431007255685,0.20614217345842575,11.581757573705868,0.08402618116340896,10542.0,0.9902442991733551,0.8796410798473212
socofing:000054:left_index,stripes,0.4000000059604645,51,0.3223107054734244,0.27566877007484436,0.2592350178846698,0.0,6876.0,0.44037230948225714,0.32744073060759976,0.641215823152996,0.5162101312708967,0.696044211751018,0.5791332648253288,0.09827381935505412,0.23080231473034052,10.07562165016549,0.12744280981147876,6876.0,0.9751228094100952,0.8250657114089367,0.0833810878258151,0.22955878510669744,10.789324431786953,0.11117536394726418,6876.0,0.9211024455726147,0.5412358968280387,0.09827381935505412,0.23080231473034052,10.07562165016549,0.12744280981147876,6876.0,0.9751228094100952,0.8250657114089367,0.25227606478837983,0.214853435754776,0.3010580767418964,1.0,6876.0,0.3054101221640489,0.22713379224262797,0.518760907504363,0.4011274764068325,0.5721349621873182,0.459125371128234,0.07418722585238977,0.20218493040746435,11.296708685675757,0.14410415047785383,6876.0,0.9275608062744141,0.4617669755517981,0.05938203862869122,0.19659713955586336,12.263448968377604,0.12600256207396573,6876.0,0.7256907746195793,0.6343440978747462,0.07355780734976963,0.1998774294951121,11.333712249218383,0.11166039778955586,6876.0,0.9164304733276367,0.7655827837042914
socofing:000057:left_index,random_rectangles,0.30000001192092896,61,0.4013460823131162,0.3410842716693878,0.17663555457430694,1.0,9460.0,0.4725158562367865,0.43286327505464534,0.6745243128964059,0.6453054509751388,0.741754756871036,0.7161195096153034,0.20269284066489207,0.359805955948952,6.931615907970854,0.03330560273476834,9460.0,0.9983072280883789,1.1521444757371178,0.09533433137104111,0.25322177220952063,10.207506750171886,0.05441504050994913,9460.0,0.9267371259629726,0.932106528552646,0.15946178697066876,0.3160764569841447,7.973433733973567,0.017566321791587874,9460.0,0.9982333183288574,1.0471398415243194,0.30540671803986547,0.2547287344932556,0.10032173620161902,3.0,9460.0,0.31606765327695563,0.2906715041424205,0.4902748414376321,0.4871772274740403,0.5476744186046512,0.5526791352512468,0.1311743486422201,0.2867338229116962,8.821510836517648,0.0392402352149277,9460.0,0.9876596629619598,0.5156362482834913,0.1129693102787912,0.2730206663073011,9.470395227717114,0.05169507165407083,9460.0,0.914270456880331,0.528376415568306,0.12641757930431477,0.28039626126619643,8.981925299775941,0.038246861846685534,9460.0,0.9909600019454956,0.2586076796095742
socofing:000061:left_index,irregular,0.5,71,0.3847540628879898,0.3264220058917999,0.150737046167283,2.0,4742.0,0.44369464361029104,0.4139351143659996,0.6294812315478701,0.6185246057685846,0.6881062842682413,0.6867211029027795,0.1907963554690771,0.3461722508180872,7.194299253069023,0.13185597379811703,4742.0,0.9999574422836304,0.7380087465642704,0.07994561545462708,0.2388481121429351,10.972053497548544,0.13821861752795328,4742.0,0.828067272901535,0.33851768674176097,0.12717920763105584,0.27295629637597113,8.955838851436624,0.10056927043318144,4742.0,0.9799192845821381,0.20971159883494025,0.3192608144038441,0.2672325074672699,0.18895407251979499,1.0,4742.0,0.3264445381695487,0.32245538035232474,0.5059046815689583,0.5111367596409986,0.5626318009278786,0.5740305527372231,0.20512768755462277,0.36430344766713696,6.8797571583527315,0.1556824399729888,4742.0,0.9985123872756958,0.20920680542081466,0.08133948430877998,0.2415685086640306,10.89698585343789,0.1561762246005118,4742.0,0.7530197463929653,0.18831757030657453,0.11175480153039798,0.25590966016805183,9.517338083896812,0.18410931322499874,4742.0,0.9921351065859199,0.655875564068638
socofing:000064:left_index,central_missing,0.699999988079071,81,0.3563231015981517,0.30356502532958984,0.1431230149641681,1.0,4915.0,0.3877924720244151,0.36377599055017606,0.6087487283825025,0.5708622514522452,0.678942014242116,0.6398910050862682,0.16630681437972472,0.315794443940632,7.790899553091643,0.014191355114930054,4915.0,0.9899224936962128,1.00752224955019,0.08922847839113784,0.2506684619777041,10.494965129533394,0.06495573000261745,4915.0,0.8585847578942776,0.45285981545021103,0.134908092423802,0.28389979969295137,8.699619985149576,0.03237998023447721,4915.0,0.9853858053684235,0.12957916684333387,0.26339783354062635,0.2224520444869995,0.02574134171558903,1.0,4915.0,0.20651068158697863,0.2520134714770293,0.35768056968463885,0.42029809745864255,0.40793489318413023,0.47639297278584686,0.197513285211991,0.3618304508484309,7.044036873782167,0.026437007464881698,4915.0,0.9985571503639221,0.24839228649866754,0.16422093950506275,0.3368193036886093,7.845714676081489,0.05922109937897759,4915.0,0.9742881050333381,0.6211630771838671,0.138629586432068,0.29600374733456924,8.581440723725297,0.04879027682159572,4915.0,0.9944190979003906,1.0194638308735304
socofing:000066:left_index,central_only,0.10000000149011612,91,0.3822259924138266,0.32555171847343445,0.08695080429031399,2.0,9859.0,0.47662034689116545,0.41427658986024773,0.6609189572979004,0.6147666476067647,0.7168069783953748,0.6815966668556036,0.14567256473632928,0.29467376406926205,8.36622233443163,0.06629134768426255,9859.0,0.9992929697036743,0.4215034512947528,0.08845004320295755,0.24540656422141977,10.533019506253549,0.09418235606677969,9859.0,0.9150071982294321,0.49405988346967256,0.12414992673731863,0.2719005004241923,9.060535323928452,0.08216651536798654,9859.0,0.9962568283081055,0.4538628546498738,0.34172822697939625,0.29111194610595703,0.10253581995374694,3.0,9859.0,0.3816817121411908,0.33309080750309367,0.5915407242113805,0.5459014212194038,0.6532102647327315,0.6168382924581738,0.1764576480080341,0.32620271350074687,7.5335951375226395,0.06179813087990762,9859.0,0.9999783039093018,0.34127263129749447,0.08596718504780052,0.24090171071172414,10.656672937831148,0.11108911611107904,9859.0,0.909271202981472,0.47533892524618543,0.1252040414924617,0.2696454837496121,9.02381652199501,0.11896679839951872,9859.0,0.9762397110462189,0.5078292997550291
socofing:000068:left_index,disconnected_fragments,0.30000001192092896,101,0.3062650745690717,0.26354852318763733,0.2885037168541013,0.0,7730.0,0.3072445019404916,0.29797527936960716,0.4851228978007762,0.48919513979056833,0.5469598965071152,0.552935093264222,0.12271864402030898,0.258340368785246,9.110894521055805,0.08505849818700585,7730.0,0.9991284608840942,0.12667787673300077,0.0895965506056246,0.24501998417909568,10.477087100005944,0.10268346963367012,7730.0,0.9333190284669399,0.20595814216263836,0.12271864402030898,0.258340368785246,9.110894521055805,0.08505849818700585,7730.0,0.9991284608840942,0.12667787673300077,0.26437270318474837,0.22543451189994812,0.23433894592902135,3.0,7730.0,0.24864165588615783,0.2434414217920846,0.4011642949547219,0.420903196956331,0.45549805950840877,0.48005712201107986,0.1346972195626268,0.29384885826461343,8.706413689471802,0.08822109731875194,7730.0,0.9995790123939514,0.5103428854696852,0.09189711247310764,0.25233167683420143,10.366981344974278,0.0946405393124258,7730.0,0.9018489085137844,0.2127879574451902,0.1301433112113426,0.2734187713617587,8.855781477902648,0.04893705303062529,7730.0,0.9950079917907715,0.2954215145804924
socofing:000077:left_index,stripes,0.5,111,0.2916221472108115,0.2528609335422516,0.12157023097665087,0.0,5846.0,0.21638727334929866,0.24579702471671266,0.4013000342114266,0.46201292328788857,0.46903865891207663,0.5340848894782806,0.13837951795201578,0.28735665173349145,8.589281866039238,0.10215580595193191,5846.0,0.9982005655765533,0.571830503097189,0.16094094102943396,0.3287451568705145,7.933334636608866,0.0883233005578263,5846.0,0.9514033757150173,0.25380591057379237,0.13837951795201578,0.28735665173349145,8.589281866039238,0.10215580595193191,5846.0,0.9982005655765533,0.571830503097189,0.28064606723579855,0.235703706741333,0.20271555523722087,1.0,5846.0,0.25675675675675674,0.2602117574361755,0.43602463222716387,0.44699027659731533,0.49469722887444406,0.509249782984362,0.16378326550485875,0.3252910670685431,7.857304741883713,0.08338978397322926,5846.0,0.9953017234802246,0.469679369689495,0.09225567114658939,0.2552411591392323,10.350069273698013,0.08781638259000794,5846.0,0.8104798123240471,0.1789286723967574,0.12133208507000312,0.2687842692497046,9.160243390650972,0.0892380945526139,5846.0,0.9919843971729279,0.22401009910965458
socofing:000081:left_index,random_rectangles,0.4000000059604645,121,0.42575428992405834,0.36069992184638977,0.06641849431671533,4.0,8883.0,0.5173927727119216,0.47893695522036406,0.7284701114488349,0.686525130408124,0.8023190363615895,0.7557211888040439,0.21520074193686575,0.37978654487778163,6.671562357076407,0.018462540437483972,8883.0,0.9992601275444031,1.075586483206173,0.10048243879945803,0.2642950083980016,9.979098327600077,0.03686437007239012,8883.0,0.9827697863802314,0.8214331707774555,0.16257783243321472,0.32273201969607684,7.889386709697642,0.026001403581762957,8883.0,0.9999996423721313,1.0372501838086594,0.2787936198829491,0.2324860543012619,0.008786532528072105,4.0,8883.0,0.33648542159180456,0.29859571418729464,0.4898120004502983,0.44805000124315303,0.5347292581335135,0.4978680969284392,0.1444963300055715,0.30876910644057615,8.401431832089528,0.03066232165352707,8883.0,0.9886540165171027,1.102177170964411,0.12027649780088472,0.28085000388187753,9.198192261309982,0.04144276868721094,8883.0,0.9768512835726142,0.8535836693184694,0.1324008716344356,0.29443054383228084,8.781091557967752,0.03130141701634941,8883.0,0.9995942115783691,1.0398244429113608
socofing:000089:left_index,irregular,0.6000000238418579,131,0.3424524867691271,0.2962024509906769,0.21334788414423228,4.0,4262.0,0.339746597841389,0.30451042202647893,0.5710933833880807,0.5441297723563385,0.6349131862975129,0.6240028891329583,0.15117976704593106,0.28931608760217226,8.205063282017507,0.09133663602735301,4262.0,0.9955195779912174,0.5363428072224429,0.0784409113369956,0.22959179174856875,11.05457369283586,0.15875167785474126,4262.0,0.7966172690503299,0.1796558953432101,0.09253971415628996,0.23030451399827895,10.336718463158892,0.14396942885606814,4262.0,0.923514898866415,0.30366694437350283,0.25767488176836084,0.22006739675998688,0.275774882085114,1.0,4262.0,0.2754575316752698,0.2354433306124444,0.4460347254809948,0.4100566557137858,0.502815579540122,0.46826109741423283,0.13570240385225402,0.27476394450176617,8.67412459116073,0.10597246491795517,4262.0,0.991749762557447,0.29519858260303766,0.07599385173197441,0.2208720842629395,11.19221542809843,0.17105358951786603,4262.0,0.8252791091799736,0.158290776455855,0.10528247965750742,0.24143993537344216,9.776438949222687,0.17108022952279728,4262.0,0.9745144844055176,0.09625512089465602
socofing:000093:left_index,central_missing,0.800000011920929,141,0.42711732642185696,0.3727039396762848,0.054587575040272604,2.0,3277.0,0.4662801342691486,0.4428992227224595,0.7125419591089411,0.6849659119050314,0.7958498626792798,0.765654808299222,0.23147829058095107,0.396817173373277,6.354897334711026,0.0649296714944175,3277.0,0.9976899027824402,0.8665740202997823,0.10649030330568111,0.27091728658979514,9.726899360051522,0.07898849447628148,3277.0,0.7922462373971939,0.1907585982088455,0.1591339041015133,0.3228367464032864,7.982372823550026,0.06721080978202174,3277.0,0.97660693526268,0.3777240320189123,0.3153017969985615,0.26294273138046265,0.05971295588579362,4.0,3277.0,0.31827891364052485,0.31743118391555003,0.5129691791272505,0.5046958138893972,0.5810192249008239,0.567117357214013,0.15074350578629733,0.30981721482567914,8.217613887196695,0.059506092140414156,3277.0,0.9897698760032654,0.6617246661292635,0.08673228463605352,0.2503356007805965,10.618192136031867,0.10178371040098806,3277.0,0.7982545420527458,0.24815200158465817,0.13306023951986168,0.2923484351285607,8.759516991218904,0.13047640169224628,3277.0,0.977354465983808,0.41573210245388104
socofing:000096:left_middle,central_only,0.30000001192092896,152,0.3301850706968617,0.2841701805591583,0.13881146769601496,2.0,5821.0,0.3705548874763786,0.35058224929237136,0.5705205291187081,0.5303358309745297,0.6457653324171104,0.5902536915352492,0.22993663758921812,0.3814680270410356,6.383918237063247,0.10494792708841066,5821.0,0.9253931567072868,0.7159826053621101,0.1154813537806607,0.2770834633095929,9.374881335545277,0.10656681085707721,5821.0,0.8150347992777824,0.46937747835242616,0.12351969671570663,0.2696483690049093,9.082637833527105,0.10615159762922508,5821.0,0.9594556391239166,0.2990222949793157,0.27930314819175056,0.24293221533298492,0.038523114564642615,2.0,5821.0,0.2965126266964439,0.24443620294870083,0.4961346847620684,0.4433983425824959,0.5669129015633053,0.5097190557937609,0.16578900445309616,0.31904942224055316,7.8044427634121885,0.0986725175456038,5821.0,0.9073361679911613,0.5577880013231368,0.11545649948131621,0.2720743078636695,9.375816139861337,0.13416657492094267,5821.0,0.8802198693156242,0.44944549957107066,0.1365723364570046,0.2878545860129059,8.646372606893104,0.11836904542954496,5821.0,0.9230351150035858,0.30811727538844175
socofing:000097:left_middle,disconnected_fragments,0.5,162,0.39074409519429093,0.3259871304035187,0.20840856129144228,2.0,4880.0,0.4088114754098361,0.3991043496876955,0.6409836065573771,0.6260265777602059,0.7168032786885246,0.7016673204510426,0.1366897104096645,0.2869464159911674,8.642641765843003,0.05306100656338047,4880.0,0.9978286027908325,0.7339885163713226,0.09241916694649602,0.25449320169530243,10.342379504696668,0.10852306738739882,4880.0,0.8627450913190842,0.3630055749186281,0.1311942237533931,0.27331807502158,8.820852857473332,0.06822434038541747,4880.0,0.9716454148292542,0.3741110612050988,0.261860031414716,0.21777044236660004,0.22574649254402995,2.0,4880.0,0.2346311475409836,0.24226834076594134,0.41454918032786886,0.41701688119866814,0.4805327868852459,0.4752663946762436,0.15526210114747957,0.32236055870889685,8.089345408662673,0.06970423414161467,4880.0,0.9994624853134155,0.7972335086929941,0.08751797268783452,0.2486833644117664,10.579027511190093,0.10293769631991728,4880.0,0.8627450913190842,0.23683028786892715,0.09232069383189068,0.23270916068539038,10.34700940256052,0.07652526899626502,4880.0,0.9638217091560364,0.384252485061766
socofing:000103:left_middle,stripes,0.699999988079071,172,0.39299370664301425,0.33343270421028137,0.24959682311555384,4.0,2207.0,0.3914816492976892,0.4355808453939055,0.5804259175351155,0.633048644503912,0.6402356139555958,0.6988712442072473,0.13548989026203692,0.27453044421382594,8.680931089756406,0.16441252054972313,2207.0,0.9881508941762149,0.32105488755647854,0.10598363644031729,0.2737082616243753,9.747611833415085,0.1747045798906813,2207.0,0.835095539689064,0.26373881238201213,0.11806497809617175,0.25948300516767925,9.278789091199176,0.18043763071785246,2207.0,0.9746687393635511,0.3026241702536588,0.24982503124043903,0.21007858216762543,0.2684518029516417,0.0,2207.0,0.272768463978251,0.2407912148654758,0.42908926144086995,0.3988166683472062,0.4830086089714545,0.45149181950778294,0.09953788243509906,0.23125311311551272,10.020116026570323,0.21997091285143847,2207.0,0.9713602047413588,0.13446743636160127,0.06855783069106906,0.2109291580865201,11.639429328264477,0.23395759355716922,2207.0,0.801771454513073,0.1569013347105425,0.09953788243509906,0.23125311311551272,10.020116026570323,0.21997091285143847,2207.0,0.9713602047413588,0.13446743636160127
socofing:000107:left_middle,random_rectangles,0.6000000238418579,182,0.400920497860392,0.34408339858055115,0.3638000608944766,1.0,5170.0,0.558027079303675,0.4663284826036579,0.7224371373307543,0.6480135950509539,0.7707930367504836,0.7085752992000525,0.1983304737013007,0.3378224747114035,7.026105508299297,0.08401381511648152,5170.0,0.9999650716781616,0.9684847988199659,0.07782409369096469,0.22249464019835788,11.088859282401122,0.1146427144971286,5170.0,0.8305246820673347,0.10677563976973577,0.12963239407973723,0.2684320357012989,8.872864582484562,0.08769203236298784,5170.0,0.9976938366889954,0.08631376796926223,0.20265532808100922,0.17246001958847046,0.39991117305480384,4.0,5170.0,0.27988394584139265,0.2071035419603381,0.41353965183752417,0.32469334631754765,0.44874274661508706,0.36388994776995087,0.18486399286743496,0.3260692375468007,7.331476708949653,0.09002090284602923,5170.0,0.9979318380355835,0.4124679700429006,0.10024336824729146,0.2378178094424545,9.989443491703673,0.12218226953787736,5170.0,0.9328712811693549,0.0941359371300564,0.08951274632419025,0.22275552620968964,10.481151181576994,0.13058986446697685,5170.0,0.9621266108006239,0.07751553372863831
socofing:000112:left_middle,irregular,0.800000011920929,192,0.2740692868747837,0.2389572709798813,0.38119703529557075,2.0,1657.0,0.36451418225709115,0.2535288775981588,0.6336753168376584,0.43645681807199155,0.6940253470126735,0.4974327982299358,0.11373897318392473,0.2605587934819992,9.440906968027571,0.11911850396292188,1657.0,0.9571881294250488,0.21593364117565048,0.0563862331662554,0.17744638068027072,12.488269171114386,0.23255743251101071,1657.0,0.7681206315755844,0.1812845766209476,0.09481783677579861,0.22293811874193245,10.231099571276987,0.16485869551501348,1657.0,0.9877061545848846,0.23722277317634233,0.19290736876630468,0.16245682537555695,0.47997621810453556,2.0,1657.0,0.24622812311406156,0.18684327535839346,0.4544357272178636,0.30804538068529635,0.5075437537718769,0.3484460824609306,0.10078656533320443,0.23102919623372636,9.965973547011004,0.20796536484924433,1657.0,0.9170176908373833,0.33285971256889674,0.04829535686637984,0.16709459191283765,13.160946204749846,0.2821674094675686,1657.0,0.6556543037295341,0.14885556580310005,0.06362227249377615,0.18180476193803582,11.963908225929895,0.24076580302736386,1657.0,0.9635598957538605,0.120022210769159
socofing:000115:left_middle,peripheral_only,0.20000000298023224,202,0.3931872113245311,0.3306109607219696,0.17793518019948934,4.0,8108.0,0.48334977799704,0.4138478920981104,0.710409472126295,0.6311656061966076,0.7789837197829305,0.70360484422944,0.164098107335377,0.32519187554035917,7.848964279569133,0.05296603652500632,8108.0,0.9995176494121552,1.1386651330102449,0.07142705039270568,0.22239174973099024,11.461372838614718,0.09096046160082392,8108.0,0.8150464873760939,0.7951851231615489,0.13598865721142106,0.29187193662763244,8.664973145410068,0.05609025508524669,8108.0,0.9987972974777222,0.8757909212501256,0.28808611662048506,0.24071958661079407,0.24791332822673828,0.0,8108.0,0.3505180069067588,0.2595890276814013,0.587074494326591,0.4580880776988678,0.6540453872718303,0.5242544277046899,0.08222689282884416,0.22333792137338393,10.849861204520506,0.09571014977251875,8108.0,0.9334724508225918,0.9677650870706426,0.06091474101026656,0.19853400081490521,12.152775979297184,0.1045226834645401,8108.0,0.7980869337916374,0.6997467962802335,0.08222689282884416,0.22333792137338393,10.849861204520506,0.09571014977251875,8108.0,0.9334724508225918,0.9677650870706426
socofing:000118:left_middle,central_only,0.4000000059604645,212,0.2873784140560855,0.24733592569828033,0.21027649568839613,0.0,3760.0,0.2853723404255319,0.2729350036683869,0.46170212765957447,0.458361121450967,0.5087765957446808,0.5201698273784937,0.14549943218856043,0.28363361893657674,8.371387015087002,0.17953114953690916,3760.0,0.9999212324619293,0.5257915326427419,0.15495071866905136,0.30555943115862044,8.098064051408677,0.16753549131265108,3760.0,0.9684444293379784,0.25693368540229655,0.14549943218856043,0.28363361893657674,8.371387015087002,0.17953114953690916,3760.0,0.9999212324619293,0.5257915326427419,0.31348402909458956,0.2671014964580536,0.34004749584664573,2.0,3760.0,0.33882978723404256,0.2983124330481316,0.5375,0.5000572869466975,0.5835106382978723,0.5673055715795526,0.13485780426259047,0.2713930218619235,8.701239157286638,0.21175035020091004,3760.0,0.999877393245697,0.3540094344381749,0.09708867493780127,0.24133436103212708,10.12831426105043,0.2000098558941724,3760.0,0.8825835362076759,0.2269902280225082,0.09814318159386116,0.2249884623637859,10.08139867220595,0.22806746737750705,3760.0,0.9626860022544861,0.2803609084288778
socofing:000132:left_middle,disconnected_fragments,0.6000000238418579,222,0.37225513573134866,0.32303547859191895,0.14078356466306416,0.0,4078.0,0.3261402648357038,0.33366033602953543,0.5468366846493379,0.5917487371999767,0.6167238842569888,0.6777782042567901,0.20669946384573737,0.35348082012476334,6.846606498804025,0.1143854090951052,4078.0,0.9991598129272461,0.6037575490891384,0.1287959409577147,0.29423651180849897,8.900978236799638,0.08623331450626472,4078.0,0.9577187891118228,0.4124259116375439,0.20669946384573737,0.35348082012476334,6.846606498804025,0.1143854090951052,4078.0,0.9991598129272461,0.6037575490891384,0.30007038541931097,0.25140848755836487,0.12788367605612025,1.0,4078.0,0.2677783227072094,0.28550926738799115,0.4514467876410005,0.47865650486776556,0.513241785188818,0.5430389173610237,0.2322237065083761,0.382500396029957,6.340934474732301,0.12650739774339648,4078.0,0.999975323677063,0.6549014397207642,0.11072713134065208,0.275488136183423,9.557459514082913,0.09123646827647694,4078.0,0.911639329046011,0.25462974494110957,0.14438067009285702,0.30013919278477785,8.404909468906322,0.15081618112130282,4078.0,0.9947432870976627,0.29690068694098865
socofing:000138:left_middle,stripes,0.800000011920929,232,0.37650947108455496,0.3177300989627838,0.15144510933406014,4.0,1966.0,0.3168870803662258,0.4037061362003383,0.4801627670396745,0.6051348202468663,0.5401831129196337,0.6722777149290423,0.3347814031044704,0.4879168582417446,4.75238674792959,0.061199548092533584,1966.0,0.9969332218170166,1.0926672741241221,0.13227410654854282,0.30726781187911584,8.78525163247791,0.08930094756270639,1966.0,0.8410218954086304,0.7793127973569526,0.1494572585314694,0.30045021246310555,8.254829881950286,0.1060640647364061,1966.0,0.9963346719741821,0.6730788358241359,0.2766725724917341,0.23199351131916046,0.25170312755315494,0.0,1966.0,0.23957273652085453,0.26321092663315765,0.3814852492370295,0.4413299514009169,0.4252288911495422,0.5007029596568366,0.0951922862094386,0.23037998540595075,10.21398242712223,0.14131716852383114,1966.0,0.9773030877113342,0.5061965468256813,0.08685983745478881,0.25032311607657204,10.611809876902798,0.09221260369803325,1966.0,0.7657228633761406,0.34515878666463307,0.0951922862094386,0.23037998540595075,10.21398242712223,0.14131716852383114,1966.0,0.9773030877113342,0.5061965468256813
socofing:000153:left_middle,random_rectangles,0.699999988079071,242,0.36292903052966197,0.31401652097702026,0.30030997097631845,3.0,4022.0,0.4527598209845848,0.37863334732557163,0.6971655892590751,0.5822568805270502,0.7625559423172551,0.6501313915942096,0.1969874861597432,0.3606037827016909,7.055613619825166,0.05330095260916483,4022.0,0.9936454887501895,0.5195216920205614,0.07615280502007758,0.22196303294579792,11.183140951867001,0.12209821559458332,4022.0,0.843310110270977,0.28400902265185685,0.1342464074779961,0.2807799757408253,8.720973274783761,0.05770561644891191,4022.0,0.9897432918660343,1.0175186193349044,0.27266478568152486,0.23053531348705292,0.3114638538770113,4.0,4022.0,0.33838886126305323,0.29032433653932965,0.5119343610144207,0.4380296121762204,0.5619094977623074,0.48726470405518385,0.18114103595012987,0.3390216767414663,7.4198315284511684,0.053854800176742074,4022.0,0.9935194845311344,0.4593786178798448,0.07505794533808831,0.21808865732151675,11.246033282861628,0.11963459838446959,4022.0,0.9037240725010633,0.14326901853243162,0.0892381599941804,0.22465387281226776,10.494493930342381,0.09756071497793872,4022.0,0.9921045298688114,0.21768879027610646
socofing:000161:left_ring,central_missing,0.20000000298023224,253,0.4300271616927865,0.3644556701183319,0.12704545669240036,3.0,8669.0,0.5556580920521398,0.5333704191180219,0.7259199446302919,0.6983777844509819,0.7771369246741262,0.7533802395619684,0.19203373562415174,0.34802344540266855,7.1662246969015255,0.026476642535100726,8669.0,0.999998539686203,0.564777119845076,0.09039144360956759,0.24737278434074836,10.438726775890272,0.04676703479852868,8669.0,0.8311675637960434,0.5691673691573443,0.15415345521166562,0.3138032320894693,8.120467365064448,0.028341439566926453,8669.0,0.9959402675740421,0.6277854428949196,0.36957019625726023,0.3118283152580261,0.09863890229609243,3.0,8669.0,0.39773907025031724,0.39291486505722834,0.606413657861345,0.5936467808916133,0.665590033452532,0.6605574195030747,0.130136418081888,0.28441834607009997,8.856011511036154,0.04100172059699439,8669.0,0.9978961944580078,0.2989722482177439,0.10066180697078465,0.2596470736156131,9.971352778888383,0.05234698144320783,8669.0,0.8141856640577316,0.3580939335074929,0.11972222393401191,0.27654131173747826,9.218252243970083,0.04955466947057776,8669.0,0.959980484098196,0.2851723683963895
socofing:000163:left_ring,peripheral_only,0.4000000059604645,263,0.42249678585197764,0.3585897386074066,0.16060242229425314,0.0,4372.0,0.6068161024702653,0.45077141267328447,0.8451509606587374,0.6788223200452951,0.8888380603842635,0.7548392891692984,0.1213464667011799,0.27697550395481485,9.159728646927428,0.055114568804050475,4372.0,0.9691459834575653,0.15989464153898497,0.049970865547443066,0.18525762755461275,13.01283128059458,0.12539447073596036,4372.0,0.7516540139913559,0.1931196327959001,0.1213464667011799,0.27697550395481485,9.159728646927428,0.055114568804050475,4372.0,0.9691459834575653,0.15989464153898497,0.22556006310188978,0.18877486884593964,0.21444450182975497,0.0,4372.0,0.305352241537054,0.22013717405804775,0.48444647758462944,0.3603538120586395,0.5441445562671546,0.4070926913921699,0.05500463152601049,0.18295127955543974,12.596007402966215,0.1108461622911957,4372.0,0.7944634258747101,0.22866567430330892,0.049701207586812686,0.18411800070186057,13.036330591154028,0.15402814139614587,4372.0,0.6539508551359177,0.2829695961582876,0.05500463152601049,0.18295127955543974,12.596007402966215,0.1108461622911957,4372.0,0.7944634258747101,0.22866567430330892
socofing:000185:left_ring,central_only,0.6000000238418579,273,0.30445156416399727,0.2595885396003723,0.4715083290457211,0.0,2175.0,0.25103448275862067,0.27527075118031996,0.49057471264367813,0.4842044213640279,0.5944827586206897,0.5538489780919305,0.08683776319820585,0.2242075370059445,10.612913718042993,0.12728111594613997,2175.0,0.92677903175354,0.600340774522297,0.09041012127790546,0.2383841436373434,10.437829481851047,0.1500834814328251,2175.0,0.8265654891729355,0.6067068484064326,0.08683776319820585,0.2242075370059445,10.612913718042993,0.12728111594613997,2175.0,0.92677903175354,0.600340774522297,0.2169396272692187,0.18127283453941345,0.43447764727232224,3.0,2175.0,0.2354022988505747,0.24713765385507167,0.34436781609195405,0.3501232062893352,0.3793103448275862,0.3844517237674231,0.062060470457208534,0.19150782344927048,12.07184936515385,0.16509120230202973,2175.0,0.8958820030093193,0.46749963393711685,0.09012268036409993,0.23725208285468063,10.45165900281235,0.16389032574280105,2175.0,0.8547848910093307,0.5835157510170222,0.05805668068934646,0.18490512385022367,12.361477979826317,0.13265078062809174,2175.0,0.8462628573179245,0.3267236268037869
socofing:000200:left_ring,disconnected_fragments,0.800000011920929,283,0.4465647454438983,0.3789333999156952,0.3432517438511755,0.0,1480.0,0.47297297297297297,0.545777631369797,0.6067567567567568,0.7244248813028272,0.6574324324324324,0.7839739646138372,0.16225653069817234,0.28685983141720595,7.897978141633397,0.07601610472279682,1480.0,0.9998587369918823,0.4953159703586236,0.1141753962106389,0.29726782620230036,9.424274726327587,0.07681128835084156,1480.0,0.7480700574815273,0.21113959844024935,0.16225653069817234,0.28685983141720595,7.897978141633397,0.07601610472279682,1480.0,0.9998587369918823,0.4953159703586236,0.322462975620418,0.2756771147251129,0.3073120446035006,4.0,1480.0,0.17567567567567569,0.321882651202582,0.28040540540540543,0.5158827285508851,0.3168918918918919,0.5805494210003196,0.1649148893779258,0.3171841594686329,7.827401322102155,0.12507860358997175,1480.0,0.9870821237564087,0.5322149095718142,0.18985765469291824,0.37909951238024575,7.215718882588289,0.1111341903415054,1480.0,0.8888153415173292,0.27357484943832555,0.12537007753451598,0.25633357284099767,9.01806105549314,0.1738890019640913,1480.0,0.9823908805847168,0.2890780483124722
socofing:000203:left_ring,severe_partial,0.20000000298023224,293,0.4220890486108323,0.35894984006881714,0.19536217257867253,2.0,6770.0,0.43367799113737077,0.46290376003683054,0.6183161004431315,0.6794239489199316,0.6812407680945347,0.7515973452142986,0.20685346102034313,0.35805630021119156,6.843372082010919,0.037383231293460197,6770.0,0.9999638199806213,0.37665076544916354,0.10854872830770622,0.2791873157582902,9.643752601154201,0.06074450288473294,6770.0,0.9177973861806095,0.18874473780326,0.16403864731561046,0.3137301870994545,7.85053820619546,0.0632917859031563,6770.0,0.999755859375,0.26649508383435894,0.3642180042578515,0.3062184751033783,0.1629778169674688,3.0,6770.0,0.3623338257016248,0.383639736915973,0.5197932053175776,0.5846909800783747,0.5759231905465289,0.6517080611325083,0.18285878533315544,0.33725420436704945,7.378841694246249,0.04257330141166956,6770.0,0.9974141418933868,0.3717607969783605,0.1110336089523202,0.27900020698638445,9.545455439769407,0.06802460102621165,6770.0,0.956652223598212,0.1929174448269017,0.13985624316352346,0.29901986639187333,8.543181420135884,0.0588077227810278,6770.0,0.9940277338027954,0.4377266067836979
socofing:000206:left_ring,irregular,0.10000000149011612,303,0.3649014796482777,0.307641863822937,0.2601389055208453,2.0,10753.0,0.39030968101925045,0.3576358487597623,0.5855110201804148,0.5831158043483928,0.6480982051520506,0.658275789544603,0.13548988418491614,0.28904272263365915,8.68093128455028,0.08857790597824865,10753.0,0.9992728233337402,0.4879135491216239,0.0957625518393273,0.2552918162335711,10.188042895547333,0.10624510486870781,10753.0,0.930353282019496,0.18194294429156982,0.12549812370181435,0.2703601367778814,9.013627671872447,0.08846873770253351,10753.0,0.9902257919311523,0.19917070437755185,0.351263784572356,0.2973933815956116,0.2539345713245493,2.0,10753.0,0.357016646517251,0.3231609008910434,0.5737933599925602,0.5592117669476383,0.6420533804519669,0.6378953889665032,0.13918658071156623,0.2889890394204396,8.564026340059907,0.06574544246244592,10753.0,0.9960725898854434,0.5471120771152909,0.08434449201899229,0.24228659168620756,10.739432730495096,0.09902102704834766,10753.0,0.9004422407597303,0.19352016389351195,0.1075291968223258,0.25349246149800914,9.684735980999958,0.0816098844292386,10753.0,0.9721657037734985,0.17747938962534232
socofing:000214:left_ring,central_missing,0.30000001192092896,313,0.4343392975510184,0.36748775839805603,0.059817704204961936,2.0,6682.0,0.37458844657288237,0.5118359878226619,0.5272373540856031,0.7026925451087936,0.5900927865908411,0.7663113975375043,0.24561015212788925,0.41046479755748577,6.097536858940669,0.02619311948263157,6682.0,0.999999463558197,0.6690937534946813,0.14630720546929799,0.3338185968678233,8.347342848213934,0.04666406503941345,6682.0,0.8514980068430305,0.42108130654453846,0.14551239425977142,0.2858970691468756,8.371000133490238,0.06307291807254793,6682.0,0.9993075132369995,0.3677715440628193,0.37094008341962365,0.30689170956611633,0.0020654758129886757,2.0,6682.0,0.3093385214007782,0.4430669926350005,0.4102065249925172,0.6007168243929356,0.4494163424124514,0.6532667683122473,0.18045202756676768,0.3552060368811905,7.436382338255222,0.031912305079086975,6682.0,0.9949288070201874,0.4428829431559361,0.1474174888670798,0.33730324102191833,8.314509909144533,0.04855167030339819,6682.0,0.8157019605860114,0.281991239898624,0.10575720058846493,0.262104901952688,9.756900535569308,0.0643661822740663,6682.0,0.9251800775527954,0.30947208786816893
socofing:000217:left_ring,peripheral_only,0.5,323,0.2829297737171469,0.23789052665233612,0.26954780457737176,1.0,4263.0,0.36547032606145907,0.28709392314949367,0.5336617405582923,0.4531040528906698,0.5880835092657752,0.5084407628043952,0.15165308322564805,0.29485481816671444,8.19148755717488,0.08095902990757486,4263.0,0.986082136631012,0.22148795762402188,0.08587254086512447,0.23518099013384788,10.661456866601783,0.125843226852846,4263.0,0.8957395628094673,0.12809137612934682,0.11959481636785316,0.2717873198890138,9.222876436889507,0.12306346812173423,4263.0,0.9908000221475959,0.48351978919748856,0.21939630042547464,0.18305377662181854,0.24340941539578986,3.0,4263.0,0.21674876847290642,0.20162581034230145,0.3673469387755102,0.3492570316724422,0.41168191414496835,0.398467438782489,0.13276652195968436,0.2893418175651802,8.769114216631701,0.08951076957465036,4263.0,0.9561988692730665,0.09333806740489801,0.08137646920903906,0.23796816970065057,10.895011573961831,0.13339705148042227,4263.0,0.7861575931310654,0.10061377215922036,0.1107801295583727,0.2527332606017782,9.555381312776774,0.13845279207358765,4263.0,0.9870082437992096,0.11566851158148951
socofing:000241:left_ring,central_only,0.699999988079071,333,0.34282147428867493,0.2894773483276367,0.31745960339938584,4.0,352.0,0.2755681818181818,0.3439798125658523,0.4431818181818182,0.5486301926895977,0.5,0.6168469860641793,0.12145295496417857,0.24997854548167775,9.155919142962723,0.30185922617490646,352.0,0.9998351037502289,0.23655682488958052,0.09023785701635649,0.2528389099011706,10.446112269358895,0.3633776505788742,352.0,0.84303018450737,0.2725457672172436,0.11738392126256675,0.22768170875497162,9.30391386778059,0.36038893988239135,352.0,0.8883267641067505,0.3898447889587095,0.24997343547980888,0.2153470665216446,0.26049761552212775,0.0,352.0,0.23295454545454544,0.23683374688367953,0.3693181818181818,0.3986435279080814,0.4034090909090909,0.45258012158288197,0.053855666905124326,0.15781655405986716,12.687685917877857,0.4678369943626475,352.0,0.7706798017024994,0.09781592304835184,0.05994802144631577,0.2041552921714769,12.222251459951078,0.4560959012534383,352.0,0.6769028604030609,0.22927156494413856,0.053855666905124326,0.15781655405986716,12.687685917877857,0.4678369943626475,352.0,0.7706798017024994,0.09781592304835184
socofing:000249:left_ring,stripes,0.10000000149011612,343,0.337584194258846,0.2840587794780731,0.2388904668887103,2.0,8514.0,0.44632370213765565,0.3281305715991265,0.6770025839793282,0.5391893485481817,0.750763448437867,0.6095422741978668,0.1263820101416556,0.27822613648655464,8.983147413403943,0.0715500105112839,8514.0,0.9872097074985504,0.20028345811485102,0.07310359912201812,0.2253623604201286,11.360612408211564,0.10846427139263827,8514.0,0.7803921550512314,0.48818591721815796,0.09012770808536291,0.23032694490307482,10.451416727428601,0.0590601905396577,8514.0,0.9936818778514862,0.7521356236450649,0.3089899754892472,0.2572190463542938,0.2497686307877489,4.0,8514.0,0.2868217054263566,0.28626705346279424,0.5419309372797745,0.4921116685801503,0.6475217289170777,0.5607265402859356,0.07824848481573962,0.21328350463442353,11.065240632707704,0.09701203505738949,8514.0,0.9565832018852234,0.24585888353375238,0.08012399040933985,0.24694904079890487,10.962374297029552,0.12089471829743163,8514.0,0.7803921550512314,0.40814036313570684,0.06642732906287167,0.18987647642394398,11.776532094969777,0.08827071473305546,8514.0,0.9935116171836853,0.5402193827126632
socofing:000256:left_little,random_rectangles,0.10000000149011612,354,0.36321788922351533,0.31352075934410095,0.07889830623642936,0.0,9591.0,0.38786362214576164,0.37611726817889823,0.5955583359399437,0.582438560653163,0.6589510999895736,0.651212324811251,0.16702201083396673,0.32209382265497993,7.772262920031215,0.03102903202520525,9591.0,0.996039270889014,0.3934352182131412,0.10965564480007943,0.26966261068141895,9.599690070103875,0.04684773617160685,9591.0,0.9870730033144355,0.9112832556038012,0.16702201083396673,0.32209382265497993,7.772262920031215,0.03102903202520525,9591.0,0.996039270889014,0.3934352182131412,0.30468080927825747,0.26228582859039307,0.07207166512019693,1.0,9591.0,0.30643311437806275,0.2862633391305883,0.5126681263684705,0.48564754783044506,0.5707434052757794,0.5521089507303972,0.17718403311649378,0.329363713968532,7.515754169965584,0.0409296688709181,9591.0,0.996044575702399,0.4753106134675307,0.11330653539097321,0.271411626504713,9.457450398066761,0.05473698434393962,9591.0,0.9685766091570258,1.0192004198415099,0.1541385021384643,0.3091487094970948,8.1208886564429,0.04056765118076595,9591.0,0.9944670498371124,0.9139870549018667
socofing:000263:left_little,irregular,0.30000001192092896,364,0.29261612986061114,0.24694105982780457,0.030633570922381236,1.0,6201.0,0.3333333333333333,0.2867194966882722,0.548621190130624,0.46759614445974396,0.6099016287695533,0.5278883603835679,0.18501474269407941,0.3563580901161199,7.327936639451728,0.06692161940931907,6201.0,0.9758428931236267,1.0136134734881248,0.08293607340652302,0.23622236629250243,10.81256530079399,0.09837407814448157,6201.0,0.7851492017507553,0.6024009872991248,0.07501636961667928,0.22127385248130146,11.248439571620159,0.09523234664682659,6201.0,0.874941349029541,0.9035635739637303,0.3066817221363174,0.2544214725494385,0.049823155980013474,2.0,6201.0,0.40622480245121756,0.316018071333798,0.6028059990324142,0.491624390337856,0.6592485083051121,0.5501598300058752,0.17382628303722905,0.34501602580337404,7.598845563394,0.08365628496299175,6201.0,0.8580383509397507,0.8573562897696181,0.06271988106243931,0.20700150084455174,12.025947738882747,0.11112282707614729,6201.0,0.6893581002950668,0.5567289511847127,0.07126960060824275,0.21107792696430305,11.470956749637073,0.11226020927103542,6201.0,0.865534782409668,0.7695404301380683
socofing:000274:left_little,central_missing,0.5,374,0.33898604249848246,0.3010455071926117,0.13045132476173985,0.0,8099.0,0.27633041116187185,0.2797028696644467,0.5551302629954316,0.5364493507141685,0.6451413754784542,0.6220315110640755,0.1440360215103509,0.2921569205769159,8.415288829961383,0.08878421303925128,8099.0,0.9947379231452942,0.39235361953021775,0.12237489451046353,0.2841948788437258,9.123076695589248,0.0672421431310695,8099.0,0.9331393223255873,0.405849603988297,0.1440360215103509,0.2921569205769159,8.415288829961383,0.08878421303925128,8099.0,0.9947379231452942,0.39235361953021775,0.32257873237552526,0.28301718831062317,0.17580265506068302,0.0,8099.0,0.27213236202000246,0.2561690880974394,0.536115569823435,0.5094850073730317,0.6213112729966662,0.5939236471315625,0.1396207797509662,0.290353156984828,8.550499408848745,0.09462507619457684,8099.0,0.9805070757865906,0.3335897002446971,0.11167257727358734,0.2718920275505831,9.520534607332273,0.07753699134789123,8099.0,0.8523126170039177,0.29539381121211417,0.1396207797509662,0.290353156984828,8.550499408848745,0.09462507619457684,8099.0,0.9805070757865906,0.3335897002446971
socofing:000284:left_little,peripheral_only,0.699999988079071,384,0.34716679678877876,0.29451897740364075,0.2739231713011299,4.0,2466.0,0.6094890510948905,0.3712993047267368,0.8260340632603407,0.5578801256558419,0.8641524736415247,0.6200737326322101,0.11491687301146182,0.27322948951839143,9.396162000516842,0.06619614829585822,2466.0,0.9988363087177277,0.4590208323393133,0.043528501834745825,0.1621232860980726,13.61226280145604,0.1337244110091121,2466.0,0.7378461360931396,0.5035889859805086,0.10237307651715583,0.24676890145543137,9.898142450931413,0.0967349230042024,2466.0,0.9893649220466614,0.6315210013448483,0.22835584441434048,0.19044800102710724,0.3042342719418051,2.0,2466.0,0.21492295214922952,0.21528245812011557,0.38280616382806165,0.3640620124335223,0.4521492295214923,0.4136551972046579,0.10888675481272152,0.27419887451698216,9.630249454195564,0.056924981422039916,2466.0,0.8062413781881332,0.31783266113036635,0.06445637555799001,0.21817932793959696,11.907341189201775,0.14142131953845943,2466.0,0.7233112305402756,0.4089148378092681,0.05655155165090923,0.17697705208820147,12.475554744841876,0.12495836531379129,2466.0,0.9635753035545349,0.6040961344533958
socofing:000289:left_little,disconnected_fragments,0.10000000149011612,394,0.36932442792441583,0.3109787106513977,-0.02173572195621033,2.0,8209.0,0.32939456693872576,0.37752855520022455,0.516384456084785,0.5917394974066462,0.5748568644171032,0.6631431448087868,0.20416130886954967,0.3626382879130946,6.900265587063805,0.04918808583705355,8209.0,0.993834376335144,0.8476724572233003,0.12415352551575641,0.29933361742052833,9.06040943525449,0.06927576651865,8209.0,0.9511169977486134,0.6184540377104435,0.18658700061952593,0.3480884661855586,7.291186165159093,0.03769338381185223,8209.0,0.9983937740325928,0.8016310572883248,0.31159768953423855,0.26151061058044434,0.025532209472132673,2.0,8209.0,0.2678767206724327,0.3092261066948225,0.42794493848215376,0.49831914497084007,0.483128273845779,0.5613501577295127,0.17912440268200774,0.34062667720653783,7.468452448142251,0.048634138161300765,8209.0,0.9979243576526642,0.780982674567107,0.12506438189893768,0.2995554465118227,9.028663589498485,0.07105474757985333,8209.0,0.9308981886133552,0.4308354712499822,0.1752257481954747,0.3394530327486473,7.564020769487991,0.039033824618480435,8209.0,0.9972614645957947,0.4564749104733753
socofing:000291:left_little,stripes,0.30000001192092896,404,0.36291609712427053,0.3152191936969757,0.11345317345691856,4.0,5673.0,0.35378106821787414,0.393831871745449,0.5453904459721488,0.5837573328609507,0.6173100652212233,0.6470658198994512,0.26715411840287173,0.42855186609416035,5.732381264189192,0.04052120886911974,5673.0,0.9994525909423828,1.1834926731728157,0.1314161075125108,0.30131451006581134,8.81351400567151,0.06939431695051994,5673.0,0.9373846631497145,0.7015282387043819,0.17804539682436085,0.3271993012464657,7.494692500696031,0.03918616952540794,5673.0,0.9999980330467224,0.4461658060142515,0.2878198195728868,0.23987314105033875,0.11808168259096101,3.0,5673.0,0.2723426758328926,0.30784111940291287,0.4267583289264939,0.4625138412996216,0.4711792702273929,0.5140714152651911,0.25423059364548667,0.41917503701024533,5.947721884321348,0.060167728913293125,5673.0,0.9957026238553226,0.7695300806034463,0.11938387257208743,0.28578275498293343,9.230543375786185,0.07345378190214955,5673.0,0.8922074437141418,0.4049813687288046,0.11872993584717784,0.27158121181627,9.254397668574617,0.0632015176212302,5673.0,0.9712092578411102,0.3390281977929709
socofing:000293:left_little,random_rectangles,0.20000000298023224,414,0.3939159980775334,0.33486875891685486,0.14013008470240026,2.0,7786.0,0.48201900847675316,0.41212412602807147,0.6903416388389417,0.6320864097191072,0.7489082969432315,0.7054071709494526,0.2507079406207392,0.4154567602723899,6.008319105046615,0.0005716540158860006,7786.0,0.9999969303607941,0.9295204502906024,0.08518419348057031,0.23940861122827425,10.696409841185341,0.03957660500852621,7786.0,0.8682615682482719,0.680974450068005,0.13197059514237022,0.28135388491598945,8.795228247790787,0.07627511887271084,7786.0,0.9864678969606757,0.9512324509753611,0.325747743375253,0.2726219892501831,0.16238175288803938,2.0,7786.0,0.41471872591831493,0.34025605247592117,0.5961983046493706,0.5226472203104716,0.6511687644490111,0.5834442762553217,0.16221227143903313,0.3307018738211655,7.899162942884543,0.02087295190202247,7786.0,0.9856058359146118,0.7886504429939001,0.07878601076067412,0.23015260872765542,11.035508889671902,0.05114540195405383,7786.0,0.8314574342221022,0.4905786232891297,0.10760244803961107,0.25231249463462646,9.681778480190674,0.08359351880827037,7786.0,0.9759466629475355,0.811153842474999
socofing:000302:left_little,irregular,0.4000000059604645,424,0.4170942866528349,0.3480283319950104,0.12303643296896451,2.0,6181.0,0.6542630642290892,0.5005666168303845,0.8479210483740495,0.6756980916622907,0.8717036078304482,0.7340752499395928,0.18772845103192398,0.3688151321568703,7.264699032454068,0.06427497855857088,6181.0,0.7712424844503403,0.5799166640556138,0.0477311417270828,0.18141621919467868,13.211981772021293,0.13968981846343964,6181.0,0.6987159848213196,0.4064335011237307,0.09948970865096031,0.24716594031984956,10.022218409352355,0.06518961572473589,6181.0,0.9977323412895203,0.7338683250750516,0.27590002838008093,0.22916537523269653,0.18229915451827766,1.0,6181.0,0.3698430674648115,0.2808338218986207,0.5825918136223912,0.4419334247599835,0.6406730302540042,0.4956332923804377,0.0985445839355955,0.2591477275892786,10.063672397916562,0.10584490113558344,6181.0,0.7393991202116013,0.7035125053015833,0.04854713752870916,0.1899200882765684,13.1383637218513,0.15517094786007038,6181.0,0.6621072888374329,0.5672653939742616,0.06636296543978296,0.19322706832264333,11.780742156953066,0.14111573969391214,6181.0,0.92011359333992,0.40283643324491486
socofing:000303:left_little,central_missing,0.6000000238418579,434,0.38813063321957453,0.33330294489860535,0.24193688421127996,3.0,6114.0,0.629375204448806,0.4342286570968291,0.8429833169774289,0.6256188155390446,0.883545960091593,0.6894155350197831,0.11175872865983168,0.2640363057252138,9.517185472943773,0.03947901764557527,6114.0,0.9555247128009796,0.378796423898853,0.04520742213723233,0.17007329172491636,13.447902570332701,0.07699415203470708,6114.0,0.7722301185131073,0.23418771323335763,0.1053387842163809,0.25189084862016137,9.774116984255096,0.0611527173968774,6114.0,0.9568391740322113,0.3816111507562319,0.31499256032976325,0.27021852135658264,0.20096739863614885,0.0,6114.0,0.45976447497546613,0.29102299748720356,0.7260385999345764,0.5015911402433653,0.7849198560680406,0.5717805211620858,0.08751018794889762,0.22838821457220637,10.579413834071312,0.04332298147318254,6114.0,0.9208580255508423,0.21460774891082132,0.04729221350888683,0.17294037725689912,13.252103583847068,0.07291544317692938,6114.0,0.7039041966199875,0.2085812750292048,0.08751018794889762,0.22838821457220637,10.579413834071312,0.04332298147318254,6114.0,0.9208580255508423,0.21460774891082132
socofing:000308:left_little,peripheral_only,0.800000011920929,444,0.39847132479154873,0.3362714946269989,0.06292614984595943,0.0,1313.0,0.5247524752475248,0.4110854655072967,0.7852246763137852,0.6388155337380528,0.8392993145468393,0.7147255564816382,0.10810486102268535,0.26546645265495333,9.661547772042852,0.0958907393315543,1313.0,0.8781170845031738,0.55988086976459,0.059216828963463815,0.20397838756090253,12.275548526127478,0.1389882777263086,1313.0,0.6280140727758408,0.5713958675620187,0.10810486102268535,0.26546645265495333,9.661547772042852,0.0958907393315543,1313.0,0.8781170845031738,0.55988086976459,0.18770555093918515,0.15634234249591827,0.11015346102062466,4.0,1313.0,0.16831683168316833,0.17591310639192562,0.3076923076923077,0.29914963704797026,0.3602437166793602,0.3402284805999852,0.06413070314476282,0.20508131631121596,11.92933998345409,0.15851120408471425,1313.0,0.7357968688011169,0.622496848948905,0.05852937122140021,0.2122628290123914,12.326261414683078,0.14534205925718324,1313.0,0.6013881862163544,0.6449703669968736,0.0641692983272102,0.2038628473616881,11.926727095678837,0.10443179897736725,1313.0,0.6842171996831894,0.7451078286493712
socofing:000309:right_thumb,disconnected_fragments,0.30000001192092896,455,0.4294317226062277,0.36886218190193176,0.06612637306850021,3.0,7599.0,0.46664034741413346,0.49408832683047427,0.6427161468614291,0.6935564165923892,0.6978549809185419,0.7600457798463606,0.36169604465531524,0.5092615281938374,4.416562404608381,0.06769985010369974,7599.0,1.0,0.6990423254956223,0.10603633943550983,0.26995684472566533,9.745452733040814,0.10264555520072238,7599.0,0.9519946570508182,0.26745189922980306,0.14213239781939302,0.289731054372484,8.473069172134293,0.07528645817916822,7599.0,0.999986469745636,0.27348735104337607,0.39621866009222517,0.3371918499469757,0.13742405848622813,3.0,7599.0,0.4120278984076852,0.43028825303020724,0.6057375970522437,0.6373568154413586,0.6636399526253455,0.7063796695784089,0.3333573456103162,0.48231717040526995,4.770899706482768,0.07636825933148776,7599.0,1.0,0.6524955894417678,0.10508955597685979,0.2681229115413054,9.784404429346408,0.11018572096815617,7599.0,0.9792322511784732,0.29049882214441985,0.14300634588904218,0.28875198188693885,8.446446903430175,0.09236010540463944,7599.0,0.9992907643318176,0.33650597527336074
socofing:000317:right_thumb,stripes,0.5,465,0.4253000923320629,0.37195590138435364,0.1850041084591437,2.0,6782.0,0.5812444706576231,0.45174553907311304,0.8040401061633736,0.6831246924054056,0.8509289295193159,0.7602510768495032,0.2578771449401304,0.4158439441242529,5.885871466803003,0.040288821437991694,6782.0,0.9999325275421143,0.6481343326363159,0.06533223254392503,0.21053176884626212,11.84872500773287,0.058272369092324784,6782.0,0.8261541649699211,0.2831280213777344,0.1122180576379894,0.25122765936137326,9.499372526919407,0.06112084828787241,6782.0,0.9906123876571655,0.6792346956850074,0.25705194393465636,0.21955324709415436,0.20228302476129012,1.0,6782.0,0.30595694485402536,0.23247422560482595,0.5112061338838101,0.4088253384624671,0.5650250663521085,0.46760904274834747,0.1731794367682549,0.33039436857251764,7.615036771469472,0.03006989838121502,6782.0,0.9972988367080688,0.38936068098789145,0.07864679110348283,0.2206930564191199,11.043189924873635,0.047087606436777965,6782.0,0.9461575131863356,0.3988110446158108,0.10487458419783231,0.247610304267408,9.7932974803161,0.0574114950689278,6782.0,0.9916846747510135,0.45340395867123884
socofing:000318:right_thumb,random_rectangles,0.4000000059604645,475,0.3894352148237138,0.3333212435245514,0.16883127399802839,4.0,9302.0,0.44356052461836165,0.4423853504615454,0.6277144700064502,0.6283913572817253,0.6820038701354547,0.6903933595551186,0.2814548195763902,0.43214678281486246,5.50591310167715,0.04130801610568442,9302.0,1.0,0.35945554181147116,0.10500864165001489,0.26897730470904924,9.787749593444907,0.08249601426032023,9302.0,0.895982664078474,0.1953620321137877,0.13717203551308124,0.2855683460695378,8.627344167649966,0.07819081454879226,9302.0,0.9935521185398102,0.32820576941468266,0.30666863303034825,0.25651755928993225,0.10746343663160117,4.0,9302.0,0.3228337991829714,0.32172220398138685,0.47753171360997637,0.492175169943661,0.529671038486347,0.5489928252644191,0.1464250453356077,0.3092630506795816,8.34384632835251,0.059457400077055335,9302.0,0.9862716495990753,0.7004469417293394,0.08913946139670333,0.2522624278967406,10.499299943596288,0.07736640261692816,9302.0,0.9100308381021023,0.4314666347280044,0.12516761348762115,0.2771406093047332,9.02508028179257,0.10072186643973527,9302.0,0.9843687415122986,0.2703684228942547
socofing:000319:right_thumb,irregular,0.6000000238418579,485,0.33897843192666516,0.2885524034500122,0.156160509197187,3.0,5279.0,0.312369767001326,0.3059532328138841,0.515627959840879,0.5390629711713861,0.5881795794658079,0.6167662172905535,0.14059672115786576,0.28772223818732123,8.520248073364657,0.08065151346344973,5279.0,0.9919480076059699,0.3967344577037239,0.08953009593714895,0.2521375585725836,10.480309501328897,0.13633004449215239,5279.0,0.89204734377563,0.15845782356431193,0.13079320224044982,0.2641477342515931,8.834148271599108,0.13675341824176424,5279.0,0.9988065361976624,0.32417052735824037,0.23772906689373782,0.19936184585094452,0.10500861376198888,1.0,5279.0,0.24000757719265012,0.23196382530712453,0.38075393066868723,0.3797899828713192,0.43246827050577763,0.42906536872605067,0.12869560933079427,0.2717409234097555,8.904362695364458,0.1086191196700646,5279.0,0.9917758693918586,0.29898027652314235,0.08869702499853721,0.24737105759578384,10.52090946666433,0.14302801487426897,5279.0,0.9044972043484449,0.18301928029109485,0.11184628777576679,0.2592299144104127,9.513784257403916,0.16741621656490674,5279.0,0.9865764081478119,0.1282046136638926
socofing:000321:right_thumb,central_missing,0.800000011920929,495,0.4272919133773911,0.36062416434288025,0.04901633337876997,1.0,3277.0,0.4809276777540433,0.44967808481902655,0.7381751602075068,0.6859056785479892,0.8199572779981691,0.7646482097909769,0.1529313732072316,0.3163064184721115,8.155034118204576,0.08748047366089662,3277.0,0.9766915421932936,0.24704552010573275,0.0836752436686089,0.24235669318711636,10.774030142701175,0.09854690843338458,3277.0,0.8325187861919403,0.26303398892201724,0.15179841391709126,0.3131888573045729,8.187327661918806,0.05777967546415185,3277.0,0.973124772310257,1.3823130924560667,0.3037490967064323,0.25406211614608765,0.09121740297947051,2.0,3277.0,0.3341470857491608,0.2976141669490478,0.5437900518767165,0.48538506175455326,0.6066524259993897,0.5479753600230549,0.14984988690246853,0.313991364269828,8.24343580497131,0.07703144261817374,3277.0,0.9723196607083082,0.22922601548673013,0.08209434077997091,0.23683193590614784,10.85686780185582,0.12722361258380044,3277.0,0.8505703583359718,0.24095410241303306,0.12484664882084527,0.2802878873184583,9.036231106466165,0.1522539872384317,3277.0,0.989776611328125,0.2567580053513433
socofing:000339:right_thumb,central_only,0.20000000298023224,505,0.29609447803111133,0.25696298480033875,0.3260775435093845,1.0,9236.0,0.3434387180597661,0.28491071096329834,0.5530532698137722,0.472632788142997,0.6143352100476397,0.535206813869563,0.2394595115358483,0.3820852250170431,6.207679077318656,0.0681488622140632,9236.0,0.9999996423721313,0.6308423738877648,0.09991148607359521,0.2437369741183101,10.003845813272285,0.08219606007347864,9236.0,0.9969207644462585,0.3525443020384863,0.11699985936231888,0.25590660915841723,9.318146602897833,0.05887507767194971,9236.0,0.9997218251228333,0.3164596233821016,0.27116996621662226,0.23369629681110382,0.29705095416758714,3.0,9236.0,0.33477695972282373,0.2633992897361943,0.516240796881767,0.43309487829855275,0.5709181463837159,0.4896600744860055,0.23885675310731413,0.385781495854242,6.21862475562196,0.07253376444994934,9236.0,0.9999934434890747,0.5808698313657367,0.09511577510869561,0.2371317973160663,10.21747448630429,0.07842617929080417,9236.0,0.9930229187011719,0.2946443764120269,0.11929887198371754,0.2560946275091368,9.233636627300188,0.07124331776069535,9236.0,0.9999892711639404,0.3666363689902004
socofing:000345:right_thumb,disconnected_fragments,0.4000000059604645,515,0.4156979231262453,0.35786664485931396,0.17415408509949606,4.0,7349.0,0.4686351884610151,0.4115477742094753,0.7241801605660634,0.6647016621103156,0.7935773574636005,0.7490862914105957,0.19496573862273783,0.34910073286450355,7.100417006087757,0.0325571987298581,7349.0,0.9999350607395172,0.5786803457673633,0.08642071867836021,0.2411080639300431,10.633821263984487,0.05673005355637514,7349.0,0.9960784311406314,0.38679598751620803,0.15620280507387624,0.309237399923082,8.063111713731404,0.05318438250878072,7349.0,0.9998083114624023,0.27051213063542595,0.2628742210709946,0.2246200293302536,0.2057129708400141,1.0,7349.0,0.2872499659817662,0.24491974455934915,0.47054020955232007,0.41880330606242694,0.5255136753299768,0.4767644932301195,0.12888876181222,0.2805012542676347,8.897849484007768,0.055439278101883725,7349.0,0.9960784311406314,0.6383475035589238,0.10601299749646971,0.2572228027555059,9.746408857262626,0.07181212687218147,7349.0,0.9960784311406314,0.38477886331917516,0.12775190353491872,0.2785064205471545,8.936326200499831,0.07481217409003921,7349.0,0.9960784311406314,0.27682842424523035
socofing:000356:right_thumb,stripes,0.6000000238418579,525,0.2709849504493257,0.23272520303726196,-0.16291612554701138,0.0,5123.0,0.22330665625609994,0.25698913211192376,0.3761467889908257,0.432176338885181,0.42201834862385323,0.4905720744762667,0.20192481103017776,0.3633560706588992,6.948103148776824,0.06055318828641273,5123.0,0.999974250793457,0.31245045348932754,0.196294340288946,0.36395659475015935,7.0709222213567795,0.050472333415367054,5123.0,0.9990106821060181,0.4339344524372797,0.20192481103017776,0.3633560706588992,6.948103148776824,0.06055318828641273,5123.0,0.999974250793457,0.31245045348932754,0.2750391291147932,0.23467609286308289,-0.02289163108403329,0.0,5123.0,0.23267616630880344,0.2609583495558181,0.38785867655670503,0.4386545286277717,0.4405621706031622,0.4978865883184228,0.15183492223739956,0.31138356554576635,8.18628328633537,0.08033870015585295,5123.0,0.9890238638035953,0.27778848607767787,0.15216613030230297,0.3196350453079158,8.176820036740587,0.07315411228562589,5123.0,0.9824200868606567,0.40852063989252035,0.15183492223739956,0.31138356554576635,8.18628328633537,0.08033870015585295,5123.0,0.9890238638035953,0.27778848607767787
socofing:000358:right_thumb,random_rectangles,0.5,535,0.415043348591138,0.36051303148269653,0.2093845537747747,1.0,7618.0,0.5763980047256497,0.5222272170978007,0.7194801785245472,0.6747877445964872,0.7639800472564978,0.7256412537627158,0.17234241685498977,0.31910666577689384,7.636078209910849,0.07311811116321174,7618.0,0.9999991655349731,0.43251226134755844,0.10288631659253496,0.2583805258682545,9.876423805680755,0.07617532967936139,7618.0,0.9667941313236952,0.30678553821730875,0.16347090393455707,0.31124838945616246,7.8655953587928895,0.057497959820370405,7618.0,0.9961884319782257,0.5039311231281378,0.23363663453963773,0.1975988894701004,0.23512582160412995,1.0,7618.0,0.27198739826726176,0.2197085020461712,0.43239695458125493,0.3724258020140737,0.48306642163297453,0.4233315686700413,0.11294884156867677,0.257386165823072,9.471182189526601,0.07810906211495544,7618.0,0.9999573230743408,0.27977279983724035,0.09684688590297189,0.24433943740545533,10.139143393940069,0.09500004459820617,7618.0,0.9679309111088514,0.3097139907301549,0.10948091105934185,0.2561288427060407,9.606615972100457,0.06899402488184442,7618.0,0.9645649790763855,0.6292688165742032
socofing:000377:right_thumb,irregular,0.699999988079071,545,0.4180699100886306,0.3576556146144867,0.139434715309448,1.0,4015.0,0.5170610211706103,0.4662718092816259,0.72453300124533,0.6737320460611085,0.7870485678704857,0.742885458320936,0.19863934950168183,0.35535629889922005,7.019347156660003,0.1499233627458737,4015.0,0.9995599091053009,0.2593356876114068,0.08529119796646614,0.24404917340540092,10.690957856183633,0.19113492346606864,4015.0,0.7702479511499405,0.10318738524412552,0.14983237777454983,0.30450301844867905,8.243943283627406,0.18188605925739895,4015.0,0.9985852241516113,0.06996968456841772,0.27157372780487515,0.22708722949028015,0.10000182260940414,3.0,4015.0,0.2834371108343711,0.26623508211684555,0.4592777085927771,0.43398409991899733,0.5242839352428393,0.48990043918638115,0.12409727644200885,0.28216489238935905,9.062377498404025,0.19816699453524236,4015.0,0.9828006029129028,0.13043104843380116,0.07813907477438507,0.2357683383097703,11.071317354552066,0.2124476734231209,4015.0,0.811519056558609,0.0872178751488861,0.12403229930403174,0.2817669838056859,9.064652052981689,0.15784394165836313,4015.0,0.9748641550540924,0.137965501876288
socofing:000380:right_index,peripheral_only,0.20000000298023224,556,0.3424949817112973,0.2917085886001587,0.19719679110387664,0.0,8464.0,0.4132797731568998,0.35237515043460244,0.6203922495274102,0.5489799876104061,0.6833648393194707,0.6145149333356741,0.1424512211508635,0.2926173577519109,8.46333823456386,0.031432103364542836,8464.0,0.9896887540817261,0.204002662962203,0.08306111715304063,0.23648078323771918,10.806022320253433,0.07949550613651146,8464.0,0.8643132373690605,0.13862669911135458,0.1424512211508635,0.2926173577519109,8.46333823456386,0.031432103364542836,8464.0,0.9896887540817261,0.204002662962203,0.2556477035108834,0.21378396451473236,0.18392261038414123,4.0,8464.0,0.29040642722117205,0.2564530798316791,0.4525047258979206,0.409116863249493,0.5043714555765595,0.460004791055431,0.11584404869574147,0.2663501209436585,9.361262724910864,0.03797873217331437,8464.0,0.976089178584516,0.23155847690583511,0.09525248599457604,0.24908224779605032,10.211236808530009,0.09385314122919804,8464.0,0.9316819305531681,0.13338078813665624,0.09961191150802741,0.2548808383794778,10.016887259046394,0.07702191962613592,8464.0,0.9850818510167301,0.22536793877705072
socofing:000396:right_index,central_only,0.4000000059604645,566,0.26453582303288337,0.222955122590065,0.43703630679301975,4.0,4876.0,0.3716160787530763,0.26914952070107706,0.5440935192780968,0.42371868661943285,0.5943396226415094,0.4752417419255513,0.1273456278218574,0.2683224813594163,8.950159611474566,0.09093558714474342,4876.0,0.9899328351020813,0.7675391182663538,0.06410407143874147,0.19821094307111434,11.93114386281093,0.14417198994101482,4876.0,0.8862745091319084,0.3840515975631645,0.07131883126466125,0.19424411872815542,11.467957824269597,0.18720179970037543,4876.0,0.9592089634388685,0.46464064538564054,0.259245569587145,0.22039692103862762,0.3968259293944648,4.0,4876.0,0.37059064807219033,0.25736946891916884,0.5321985233798195,0.41460530127263445,0.5748564397046759,0.46701724539045625,0.0969396338483158,0.23233132175973237,10.134986249882987,0.09647612020704736,4876.0,0.9610357582569122,0.5700932146735055,0.06396403848978977,0.1948938097691521,11.94064124061793,0.1438963071104471,4876.0,0.8862745091319084,0.34491589809758416,0.07019636553507501,0.19107886244379782,11.53685373182488,0.16906599438335448,4876.0,0.9547768216580153,0.47777591986878915
socofing:000406:right_index,disconnected_fragments,0.6000000238418579,576,0.3118029618881906,0.2700652480125427,0.408665057710689,1.0,2293.0,0.3214129960750109,0.3099042747642502,0.4744875708678587,0.498694870308711,0.5185346707370257,0.5616250688235311,0.224091200042546,0.35838871426446584,6.495751976728901,0.07565932297105377,2293.0,0.9999996423721313,0.5474264177676726,0.10869048763064336,0.2619593283749436,9.638084628161147,0.1077188331116208,2293.0,0.9837443232536316,0.3972175279586166,0.12108880255441179,0.23666726102393706,9.168960155164939,0.12127684329694559,2293.0,0.9953566789627075,0.37083443290205836,0.2485345819658761,0.21098028123378754,0.15663674731945362,1.0,2293.0,0.20540776275621456,0.23487577407681365,0.3235935455734845,0.39628945035649554,0.3610989969472307,0.45009400911638947,0.1980921686502194,0.3354525773684875,7.031326934630897,0.08607096127270743,2293.0,0.9999732971191406,0.6370624714484805,0.15343024405500952,0.3083734777246306,8.140890241448451,0.11867782515069003,2293.0,0.995147705078125,0.3887209786960009,0.1285495828329539,0.26081988402848233,8.909293283843265,0.13195749667654916,2293.0,0.9968077540397644,0.35911866889754107
socofing:000407:right_index,stripes,0.800000011920929,586,0.34602720575735846,0.29570040106773376,0.17739967166632994,0.0,2720.0,0.31286764705882353,0.3314268747673315,0.5272058823529412,0.552183496112771,0.6091911764705882,0.6257690365612506,0.18663911740820563,0.338456291009446,7.289973279308295,0.061829883199422314,2720.0,0.9999888837337494,0.7334159373740796,0.12013238450852406,0.2863086301910431,9.203399025264517,0.0794583185683631,2720.0,0.8301832671277225,0.3694816639358524,0.18663911740820563,0.338456291009446,7.289973279308295,0.061829883199422314,2720.0,0.9999888837337494,0.7334159373740796,0.33118132922798393,0.2803455889225006,0.20483499383719278,3.0,2720.0,0.32536764705882354,0.34883713418727413,0.5011029411764706,0.5316557072607034,0.5705882352941176,0.592595231618513,0.1991922720913489,0.3578426260372747,7.0072751457289595,0.0394070394041783,2720.0,0.9955539703369141,0.39880737769297153,0.12034318948187982,0.2874614665800062,9.195784824901615,0.07999208519738839,2720.0,0.9107610564678907,0.2439526852710907,0.15477088059480526,0.3090222381245386,8.103107464089241,0.10463599725987478,2720.0,0.9872196018695831,0.22364504016809805
socofing:000422:right_index,random_rectangles,0.699999988079071,596,0.33684699045256183,0.28712308406829834,0.1917848127292111,0.0,4265.0,0.264947245017585,0.30600425909859635,0.4623681125439625,0.5358709115887024,0.5308323563892146,0.6124931290854043,0.12716447885472662,0.2614595392943826,8.956341842203212,0.06847225348940154,4265.0,0.9976844191551208,0.1969244899727631,0.1435006992260739,0.31476481395979944,8.431459827677195,0.0728460854007247,4265.0,0.9326847190968692,0.20174984846471328,0.12716447885472662,0.2614595392943826,8.956341842203212,0.06847225348940154,4265.0,0.9976844191551208,0.1969244899727631,0.29114684452205586,0.24690645933151245,0.30926828200021367,3.0,4265.0,0.26471277842907387,0.2764781574780888,0.42696365767878075,0.4643680825308926,0.48112543962485343,0.5269980575484938,0.14404479711409407,0.2933869688820797,8.415024237802808,0.08669975865898062,4265.0,0.999382495880127,0.32281474752360767,0.11116238354140853,0.27307969888984496,9.540421496620002,0.07678743045996107,4265.0,0.9404855365864933,0.14401598081907913,0.11420739925496826,0.2575192821431569,9.423057581610625,0.07241684523988365,4265.0,0.975217878818512,0.1280199247653645
socofing:000424:right_index,central_missing,0.10000000149011612,606,0.17366966013937266,0.15487737953662872,0.24775792345066053,1.0,12549.0,0.15116742369909952,0.12700927081084534,0.2930910829548171,0.27320541729014347,0.33652083831380986,0.32193746611657625,0.22044156646103438,0.3707393906802457,6.567065115325848,0.07585432091376922,12549.0,0.9999312162399292,0.7630439343784077,0.19250144876240433,0.3428459592721362,7.155659976508044,0.06331341702799985,12549.0,0.9855831265449524,0.788865029495216,0.16670635786253876,0.3101897524486159,7.780478366929097,0.048331792176629175,12549.0,0.9998997449874878,0.8726623776797061,0.16468904847566404,0.14136213064193726,0.24276760676180423,1.0,12549.0,0.1971471830424735,0.1393085906078867,0.3044067256355088,0.26096443177428474,0.3378755279305124,0.3015163788297507,0.22217024804089008,0.3728297649550919,6.53314100106199,0.07507718383613202,12549.0,0.9998865723609924,0.6627288250489676,0.1702849097080643,0.3213899092386147,7.688238365993127,0.06420614042630145,12549.0,0.9554516654461622,0.7228659427838018,0.14436897317821076,0.2919532425604545,8.405261324266652,0.046787058847523474,12549.0,0.99781334400177,0.8109896430490979
socofing:000425:right_index,peripheral_only,0.30000001192092896,616,0.3055011376944094,0.26029136776924133,0.27743202156242225,4.0,8047.0,0.363240959363738,0.2950453897492551,0.5505157201441531,0.4877562455165397,0.6122778675282714,0.5519931974389679,0.16146760697808968,0.3040845504728354,7.9191459111442075,0.049908138480671785,8047.0,0.9979605078697205,0.42733119178048007,0.07797102300241245,0.2255074050286383,11.080667676725131,0.0772752468502351,8047.0,0.8784242980182171,0.33359910534095216,0.10638762028516908,0.2448814731326551,9.731089054492344,0.05571740988506089,8047.0,0.9952618479728699,0.328433606528343,0.3087615546386731,0.2597779631614685,0.2417895083616081,4.0,8047.0,0.34820429973903316,0.3014693639582694,0.5256617372934013,0.49328926835383663,0.5743755436808748,0.5572292364856923,0.11931383069183794,0.26379460697679763,9.233092106046394,0.05049660137920895,8047.0,0.98673215508461,0.3474719907064961,0.08265355676821447,0.2346686088006466,10.827384530232917,0.07253387300107607,8047.0,0.8374595604836941,0.32630437509371646,0.10931703198251289,0.2603185572198518,9.613121681531341,0.05978097624435067,8047.0,0.9889414310455322,0.42666679392378715
socofing:000429:right_index,central_only,0.5,626,0.34904436939686795,0.3066778779029846,0.31250436037118845,2.0,4115.0,0.41944106925880925,0.33019914660390065,0.6787363304981774,0.556586468755692,0.7341433778857838,0.6320489094729557,0.23456729916844876,0.3888719779348741,6.297325326321701,0.09044502173080787,4115.0,0.9993386268615723,0.32910155642088035,0.06810714863352157,0.20537588619779826,11.668073014623488,0.15777265655647674,4115.0,0.8789034895598888,0.2529854539412142,0.12766135215935412,0.2645067281381681,8.939405599356965,0.12376050635907038,4115.0,0.984131246805191,0.21026674202900444,0.25172449538223945,0.2136588990688324,0.35420214201395267,2.0,4115.0,0.31300121506682865,0.23683772306540757,0.5151883353584447,0.4012705153798999,0.5720534629404618,0.4560814461513974,0.10377162293134522,0.24382616396017942,9.839213910850363,0.18426631238994085,4115.0,0.9716063439846039,0.22705643361681296,0.0689142152045411,0.20175964722618062,11.61691185231376,0.1845199492860172,4115.0,0.9168868642300367,0.25287593769829336,0.10771904341392544,0.24216569144797045,9.677075119435784,0.14483982648860952,4115.0,0.9729866683483124,0.19309453344995844
socofing:000444:right_index,disconnected_fragments,0.699999988079071,636,0.4022357921532631,0.34867849946022034,0.2688206290957934,3.0,1831.0,0.3970507919169853,0.4163894391268215,0.571818678317859,0.6449926321425768,0.6149645002730748,0.7211936964811618,0.2127541835649455,0.34282385602141746,6.721218912607339,0.14304627490475466,1831.0,0.9999952018260956,0.20492733694405185,0.1374342169116572,0.3003188874994688,8.619051277866753,0.18168889252099063,1831.0,0.9259330406785011,0.16328523505705525,0.15187928019516725,0.2836241186359935,8.185014697888093,0.15405096808130014,1831.0,0.9991744756698608,0.37370418584690707,0.2877190227426511,0.24235986173152924,0.43638550275580046,3.0,1831.0,0.2528672856362643,0.28613371999780707,0.3965046422719825,0.4601919061137574,0.4456581103222283,0.5182113014857408,0.15189348772849565,0.30174844956675523,8.184608456514145,0.1651520071571468,1831.0,0.9968778789043427,0.17711753144354886,0.10019674544640363,0.26135063153889454,9.991463848322766,0.21655866335017745,1831.0,0.8265174925327301,0.22465507654142108,0.09825473396689195,0.23307634328488425,10.076465159024611,0.18459698240201367,1831.0,0.9586000144481659,0.16960564791079596
socofing:000448:right_index,severe_partial,0.10000000149011612,646,0.42287141076464135,0.37486720085144043,0.09217574535723509,2.0,10531.0,0.328838666793277,0.3644349269435204,0.5865539834773525,0.6707506088413141,0.6703067135124869,0.7728558361405786,0.23223434663055853,0.3733469157274708,6.34073549244229,0.036298858283151735,10531.0,0.9999962449073792,0.3502338659170333,0.13529664852592196,0.30568638771041723,8.687129613087025,0.04134382702913154,10531.0,0.9697731137275696,0.30007754278734083,0.18325489160077024,0.33125627623910237,7.369444239617659,0.03612381250671172,10531.0,0.9992558360099792,0.17949025288547413,0.4098622056711389,0.35994845628738403,0.08024186071176805,2.0,10531.0,0.32959832874370903,0.3581858082166731,0.5704111670306714,0.6506118893283758,0.6461874465862691,0.7480872496989432,0.2165737875120232,0.36101309125344483,6.64394108319061,0.03760349884581439,10531.0,0.9999984800815582,0.39248888066074145,0.1332607145100942,0.3034628573759549,8.752978624849671,0.036526320132883164,10531.0,0.9686274491250515,0.3600206698635929,0.1675412919055123,0.31564654908988876,7.758781400499288,0.04136377482821078,10531.0,0.9977205991744995,0.1581487694941151
socofing:000449:right_middle,irregular,0.10000000149011612,657,0.3349569298582735,0.2855861485004425,0.14158982862732708,4.0,10720.0,0.26147388059701493,0.32773987538000543,0.45,0.5352093823254108,0.5331156716417911,0.604365884640546,0.3132298932801891,0.4770596865738339,5.04136797485369,0.04109471069453782,10720.0,0.9819912612438202,0.6842614228903785,0.13936629211979618,0.3149655323663254,8.558422543339761,0.07104919119831353,10720.0,0.8821697197854519,0.5639115220367539,0.08738087703679155,0.2249733818806152,10.585836006160648,0.05331636207118498,10720.0,0.9830152690410614,0.6748831472059226,0.2822285548514173,0.24009977281093597,0.183882297527721,4.0,10720.0,0.17994402985074626,0.27226582913756814,0.322294776119403,0.4505694151908827,0.376865671641791,0.5100039438753209,0.29875261867469066,0.46190039073395084,5.2468827927900685,0.046488361192970395,10720.0,0.9840715527534485,0.6160787383205081,0.16189838790074562,0.34199502814088517,7.90757475701822,0.0788245582436189,10720.0,0.8713794872164726,0.5198432868129391,0.0834590730811223,0.23205445132482408,10.785264429886665,0.08116559893544051,10720.0,0.883529357612133,0.6080409859658942
socofing:000472:right_middle,central_missing,0.30000001192092896,667,0.31159736133380334,0.27437108755111694,0.16308238767165423,4.0,8769.0,0.19158398905234347,0.2794686264738361,0.3998175390580454,0.4953429046480886,0.47177557304139583,0.5673009973728395,0.12578743217052385,0.28930302327518975,9.003627484905278,0.05778643580447054,8769.0,0.9714668970555067,0.9411075521509619,0.176569377093406,0.35246829409109787,7.53084615099101,0.04852203995037091,8769.0,0.9421984516084194,0.634309407516389,0.11684356111082649,0.2625239752886197,9.323952152451048,0.015428948253423466,8769.0,0.9964087903499603,0.5495558008589313,0.31186788506879815,0.273347407579422,0.268807344065634,4.0,8769.0,0.18382939901927245,0.26397259214106844,0.3978788915497776,0.4941990868173042,0.4700650017105713,0.5709412517093827,0.13773348785471534,0.30610342096679244,8.609604546425594,0.0579121212256449,8769.0,0.9689217787235975,0.8557397617293868,0.1754507738718408,0.3506300808578918,7.558447118741723,0.0474419186458427,8769.0,0.9194187484681606,0.5994341958860238,0.09477991682295353,0.2396679861383543,10.232836767650008,0.02362509674149193,8769.0,0.9736842513084412,0.6360337772712493
socofing:000484:right_middle,peripheral_only,0.5,677,0.38878112277348714,0.32764217257499695,0.16226201818517821,4.0,5459.0,0.5013738779996336,0.4397306917329087,0.6917017768822129,0.6271447533335217,0.7510533064663858,0.6896161072003927,0.2125577002615443,0.3739367998577893,6.7252315736106505,0.07872317512664599,5459.0,0.9981842041015625,0.5459969386989971,0.08493641042212946,0.24081740889801995,10.709060970868375,0.09549331708813835,5459.0,0.8543018661439419,0.22770386990031563,0.13630917337853382,0.29004712359350904,8.65474915892266,0.05816476299124767,5459.0,0.9836133420467377,0.4268266876188335,0.31889554184311625,0.2696945071220398,0.1457397315974028,1.0,5459.0,0.29987177138670085,0.30109680863412924,0.5107162483971424,0.5084529936280874,0.583623374244367,0.5775717219594066,0.15194039614892563,0.31609189420727624,8.183267456093162,0.0837602211943304,5459.0,0.9810064430348575,0.4655895193958488,0.10843909122183282,0.2707594482867581,9.648141306986812,0.10718564957085479,5459.0,0.9253222905099392,0.2685414895472777,0.13212489762079482,0.2863374741619682,8.790153362047905,0.06558228224248591,5459.0,0.9765998125076294,0.44871859869029934
socofing:000493:right_middle,central_only,0.699999988079071,687,0.4401504123514692,0.3756416141986847,0.2808342758146652,2.0,1138.0,0.6221441124780316,0.5133532589213081,0.7741652021089631,0.7115609444193346,0.820738137082601,0.7776301729186768,0.1514233212840553,0.31055403874265536,8.19807232332732,0.12452931076482736,1138.0,0.999660849571228,0.6211972095382039,0.07823263945756209,0.24517394484901353,11.066120170310182,0.15991294381176868,1138.0,0.7028372883796692,0.43734921706691926,0.13302241378457774,0.2624735812749059,8.760751758537586,0.17944537922653364,1138.0,0.9940642709843814,0.3034896211670424,0.2973313919898706,0.2510417401790619,0.35248995546479,1.0,1138.0,0.4121265377855888,0.29129065565358986,0.6080843585237259,0.47512615355016485,0.6731107205623902,0.5364046528490232,0.12195011513248687,0.2650994411362777,9.138177853348333,0.1279818495411959,1138.0,0.9656789004802704,0.5855438540179039,0.05782082903287622,0.19459797388068703,12.379156857227409,0.19725853862569528,1138.0,0.7359759211540222,0.37356220158299813,0.08759682904648322,0.2202684310398282,10.575116147513256,0.1944954848608758,1138.0,0.9742231369018555,0.41571006924323595
socofing:000496:right_middle,stripes,0.10000000149011612,697,0.28572840456963805,0.2546088993549347,0.11684989854839639,1.0,11722.0,0.1087698344992322,0.23078367971627506,0.2543934482170278,0.4516709748260846,0.3254564067565262,0.5253000731960211,0.3408859290127512,0.5069891542605127,4.673909250786429,0.03443681053096455,11722.0,0.9999961853027344,0.4450065060772574,0.25245240611700487,0.438151947932861,5.978204856998942,0.039037443609697325,11722.0,0.997878909111023,0.6230693628242363,0.11562829508196087,0.2569657135173244,9.369358779024456,0.04543620210901311,11722.0,0.9974315166473389,0.9684907648206732,0.21527586778750743,0.19122956693172455,0.1094055631904656,1.0,11722.0,0.07114826821361542,0.17526393829301606,0.15679918102712848,0.34044019551056276,0.1974918955809589,0.39549894791641166,0.34284852703821134,0.5110726065869667,4.648977120307517,0.035991384169473506,11722.0,0.9999917149543762,0.4126498581374529,0.29715359797362106,0.47974668360137135,5.27019006881021,0.0392237093398634,11722.0,0.9978912472724915,0.7071965198203182,0.1517661719482661,0.3084121956801427,8.18825020096658,0.035872856971697356,11722.0,0.995695948600769,1.039430496704649
socofing:000503:right_middle,severe_partial,0.30000001192092896,707,0.4382556382546633,0.37081849575042725,0.2142978500728104,4.0,6129.0,0.3799967368249307,0.46659728337664613,0.5712187958883994,0.7040431857196595,0.6448033937020721,0.7831918198339972,0.2584914816445653,0.3876988580897159,5.875537641201971,0.13656438128646983,6129.0,1.0,0.8309203286146103,0.13455642001293366,0.3148434788134842,8.710955761635157,0.09130437274908676,6129.0,0.9411764703691006,0.2601738754304926,0.17884101778288908,0.33420304908663484,7.47532867230338,0.06996050642802779,6129.0,0.9995763897895813,0.2862641364332975,0.3490806699732735,0.29382866621017456,0.37310271268361667,4.0,6129.0,0.20868004568445098,0.292154057785628,0.4080600424212759,0.5528364107384731,0.4968184043073911,0.6397305283894215,0.19755835186390486,0.32680987612371526,7.043046056092807,0.14875996909253242,6129.0,0.9999926686286926,0.877333350277718,0.13427985801590803,0.31618502695687195,8.719891266356743,0.10721850037394774,6129.0,0.9411764703691006,0.32090118833003284,0.15409031647182997,0.3196532503106241,8.122246528778847,0.07154042222088967,6129.0,0.979233056306839,0.26267664354476983
socofing:000504:right_middle,irregular,0.20000000298023224,717,0.3139191979312124,0.2753862142562866,0.16646604018087482,4.0,9384.0,0.31734867860187554,0.2861155553356461,0.54038789428815,0.49949035243038326,0.6028346121057119,0.5706152847952957,0.2317930065625543,0.3863652875921959,6.348996712935172,0.08967475771461009,9384.0,0.9999748468399048,0.5237949076391459,0.11702444085665557,0.2701713284903852,9.31723425256698,0.09542241347336027,9384.0,0.9847900262102485,0.21574143151464037,0.138426272279457,0.28114203158778933,8.587814761858438,0.056085597474009485,9384.0,0.9969008564949036,0.34774075062691706,0.26302549158114197,0.22227689623832703,0.18739330143783947,3.0,9384.0,0.29997868712702475,0.2532469028414871,0.4583333333333333,0.41986292765586175,0.5047953964194374,0.4754016025939866,0.1772761213510529,0.33434174500340486,7.513497588371689,0.09167231257815411,9384.0,0.999045729637146,0.2576040464704174,0.10884870970832047,0.26321135792578154,9.631767147154706,0.0951293123565837,9384.0,0.9620611658319831,0.14386950748467503,0.11902705568599747,0.2679542618775792,9.243543091991711,0.09556500900934056,9384.0,0.9996728897094727,0.37079455608448775
socofing:000509:right_middle,central_missing,0.4000000059604645,727,0.3249817868062705,0.2780425548553467,0.17012700203326567,3.0,8969.0,0.38075593711673544,0.31638794151858646,0.6533615787713234,0.5191114743612645,0.7456795629390122,0.5866859853088237,0.16572487027311059,0.34694133787991704,7.806123122693657,0.056125220205652714,8969.0,0.8461831659078598,1.0003888230606799,0.07244703395546115,0.21883632638759073,11.399793902224086,0.07386601296280484,8969.0,0.7883220165967941,0.8154092972799807,0.09765814921941096,0.2529693672387599,10.10291510559918,0.03920763980758198,8969.0,0.9898750483989716,0.78856701730717,0.15148612872681527,0.13018089532852173,0.2982959106534863,3.0,8969.0,0.0693499832757275,0.13284295588342995,0.1583231129445869,0.2405134886785659,0.18786932768424575,0.2764036662769445,0.13072864486635108,0.2982274981705504,8.836292406952763,0.051955888799844197,8969.0,0.850109800696373,0.5994056026702581,0.15092009871226886,0.33168198031045504,8.212529194120728,0.06505399477188606,8969.0,0.8209856599569321,0.8111608092667736,0.12633088115912436,0.2946449199994414,8.984904746412743,0.055762849667525725,8969.0,0.8408479541540146,0.7461862702447836
socofing:000511:right_middle,peripheral_only,0.6000000238418579,737,0.30002512255787694,0.2634454667568207,0.5437475628815621,0.0,3845.0,0.4387516254876463,0.299156720562316,0.5589076723016905,0.4799533558930471,0.588296488946684,0.5402189010032906,0.06395771978310992,0.13498002754945806,11.941070280913046,0.13882891091906632,3845.0,0.9911816120147705,0.42265523266439997,0.04912790880265572,0.184170494167684,13.086717218166584,0.08175428946436986,3845.0,0.7562268078327179,0.24767036000789994,0.06395771978310992,0.13498002754945806,11.941070280913046,0.13882891091906632,3845.0,0.9911816120147705,0.42265523266439997,0.32314462283652845,0.2871374487876892,0.3332438574410975,0.0,3845.0,0.25825747724317294,0.25278532498059564,0.38881664499349805,0.5099954667528522,0.42990897269180756,0.5957321806769376,0.04778761479437171,0.1467667061405593,13.206846457188782,0.1347051958175484,3845.0,0.91040900349617,0.5690138169777611,0.0718958545179692,0.23338598605107289,11.432961501160573,0.08996299975859093,3845.0,0.7555728536099195,0.4256120481702106,0.04778761479437171,0.1467667061405593,13.206846457188782,0.1347051958175484,3845.0,0.91040900349617,0.5690138169777611
socofing:000522:right_middle,central_only,0.800000011920929,747,0.33037204511451407,0.2988482117652893,0.28148278333569365,4.0,609.0,0.3103448275862069,0.2461177202672598,0.48440065681444994,0.5201698396984971,0.5451559934318555,0.6115205461755763,0.3186546024136108,0.4821902013235467,4.9667980450751115,0.13260488107922788,609.0,0.9989520013332367,0.6876002559507335,0.0631148854244071,0.2094817445988114,11.998682018448129,0.3043381129418695,609.0,0.879152350127697,0.43544280027863097,0.07941701246666327,0.19379851779149623,11.000864543868001,0.3355806000908832,609.0,0.9460741281509399,0.27485600932052995,0.23952036345337802,0.20465008914470673,0.5098933536122724,3.0,609.0,0.27586206896551724,0.22455158036917888,0.41379310344827586,0.38173570321698497,0.458128078817734,0.43413041083292025,0.138928529199867,0.29073017545515434,8.572085620246067,0.22575903557180957,609.0,0.9678956232964993,0.7373856907128394,0.05560797630262235,0.18107279879308638,12.548629095732736,0.3503678266561911,609.0,0.8905195519328117,0.36993442756043277,0.08742987280230931,0.1910043917519877,10.583401534461652,0.37354310722880046,609.0,0.8953720256686211,0.3210151447480738
socofing:000524:right_ring,stripes,0.30000001192092896,758,0.3791096288409276,0.31840550899505615,0.26994379550159175,4.0,7338.0,0.404606159716544,0.40978724784635334,0.5791768874352685,0.6096431680460267,0.6392750068138457,0.6762618081125845,0.1507486930537812,0.3050429695454023,8.217464443751506,0.06576592269930519,7338.0,1.0,0.8667970371159816,0.09087291248203647,0.2568800429051169,10.415655525614667,0.06347742997911546,7338.0,0.8118477459065616,0.40120984418242,0.12978747823700762,0.2750600302309782,8.86767205801409,0.05891568888335761,7338.0,0.9929715096950531,1.1062146156464163,0.3164621833820504,0.26461461186408997,0.30123466600857834,0.0,7338.0,0.3017170891251022,0.3174254176206633,0.4764240937585173,0.5064358168351419,0.5381575361133824,0.5694392832399682,0.12624341340012132,0.27265913547491355,8.987912714160553,0.0557911811302308,7338.0,0.9999997615814209,0.7651319662606301,0.08853355398753811,0.2516813639136507,10.528921016202474,0.06669936947376125,7338.0,0.8370897620916367,0.3038902598465701,0.12624341340012132,0.27265913547491355,8.987912714160553,0.0557911811302308,7338.0,0.9999997615814209,0.7651319662606301
socofing:000527:right_ring,random_rectangles,0.20000000298023224,768,0.48957384841563556,0.41940197348594666,0.11146157825791256,3.0,9325.0,0.7424128686327077,0.6264233724840844,0.8949061662198391,0.7970031098718618,0.9300804289544236,0.8538630223344542,0.20823703425641601,0.3723987201044471,6.814420301429871,0.05335525667961611,9325.0,0.9943832750432193,0.382114928762871,0.06552005072011959,0.21504544114024846,11.836257750532006,0.06935725664292124,9325.0,0.7490392308682203,0.28631492769889755,0.1461393988276258,0.3016190820747123,8.352326835405607,0.04333296103418362,9325.0,0.9745156764984131,0.24954731474484446,0.4233434889559452,0.35627827048301697,0.12553980957280744,3.0,9325.0,0.6046112600536193,0.49566910324083896,0.7927077747989276,0.6845821437580017,0.8401072386058981,0.7475531572637226,0.18361483853434787,0.34369610948837676,7.3609222491480235,0.06329898002238227,9325.0,0.9885074491612613,0.44913559879339465,0.06375642420058977,0.21196155871092354,11.954760484736173,0.0771068233276322,9325.0,0.7235378585755825,0.27912401236519846,0.1093784424131017,0.25762351365460345,9.610682654211665,0.06116221507663672,9325.0,0.9614597521722317,0.2923503428790638
socofing:000528:right_ring,irregular,0.4000000059604645,778,0.3130198720869351,0.26327428221702576,0.1718120546054492,2.0,6545.0,0.29747899159663865,0.2804324226947665,0.5049656226126814,0.4975730503998794,0.5818181818181818,0.569953259634917,0.14610206012484764,0.29868215367132533,8.353436602152897,0.1369735661297788,6545.0,0.9997606575489044,0.19168646646113371,0.08646115918096248,0.24563740367557912,10.63178946196297,0.1607253017991319,6545.0,0.8594088517129421,0.10454257769327324,0.1100471251908534,0.26593628373762596,9.58421298227003,0.14166046266572324,6545.0,0.9485244741663337,0.6340477518288665,0.22038105495746488,0.1845804899930954,0.20595332863642504,2.0,6545.0,0.2047364400305577,0.19563996453518354,0.35920550038197097,0.35013557888971564,0.412987012987013,0.40163411700789303,0.10441856666418735,0.2582253082616239,9.812222725704913,0.18435085182185068,6545.0,0.9581253230571747,0.12245929234648263,0.07750971565701721,0.23313619309681988,11.106438563095578,0.18900236480872581,6545.0,0.7735422775149345,0.07394320112452712,0.09369398500710782,0.24365504576196373,10.282882891770226,0.15576127587991379,6545.0,0.9066642504185438,0.30983674430272656
socofing:000530:right_ring,central_missing,0.6000000238418579,788,0.30512958923848227,0.25405094027519226,0.19416508668499022,3.0,5926.0,0.5160310496118798,0.3723314628331918,0.6535605804927438,0.49492753014104257,0.6954100573742829,0.535792885910326,0.0927528591395497,0.24082513295679497,10.326726942262193,0.08919343184185574,5926.0,0.9287112653255463,0.15730896338304204,0.07877103914958843,0.21912787683989252,11.036334252688409,0.07569532424337333,5926.0,0.864267822355032,0.23614218368480852,0.0912930094917157,0.23805391010790597,10.395624760845939,0.05666113484564907,5926.0,0.9431892596185207,0.3572091190003958,0.2288778452466076,0.19280654191970825,0.18311978243092866,3.0,5926.0,0.3455956800539993,0.22390982171711069,0.5190685116436045,0.36570775004162237,0.5708741140735741,0.412973726149793,0.09369866995742056,0.24315598840216113,10.282665738321004,0.08909234617946275,5926.0,0.9275978207588196,0.3355781664850761,0.07372720603054642,0.21232747595147156,11.323722238279153,0.0678784296445382,5926.0,0.8932094536721706,0.1750973276664532,0.08905784774088069,0.23590458632123706,10.503278046635165,0.054310708899162494,5926.0,0.942730899900198,0.25626875923942344
socofing:000531:right_ring,peripheral_only,0.800000011920929,798,0.3024784488907154,0.2533572316169739,0.17839816223207655,1.0,1883.0,0.29686670207116306,0.2993668382527407,0.46574614976101963,0.48365435716134725,0.5289431757833245,0.5450835301308826,0.15103202830031975,0.3076736857059629,8.209309451629782,0.15386140065327175,1883.0,0.9960429067723453,0.15760266604798398,0.08566800477839345,0.24522858758818555,10.67181347769685,0.12892994390065635,1883.0,0.8112268522381783,0.3062726445852087,0.12020552423643843,0.2682999968917005,9.200755731795953,0.07265841826499526,1883.0,0.9441221356391907,1.0075941065328078,0.27063442068535537,0.22807839512825012,0.2203159720634446,2.0,1883.0,0.2809346787041954,0.2618108136629843,0.46309081253319173,0.43213271239433143,0.5199150292087095,0.4889066786381138,0.11195400705735946,0.26008739107349255,9.509603575404567,0.1710663367529354,1883.0,0.9944655294530094,0.060850510908278324,0.07258327789780898,0.2244648296562574,11.391634227325198,0.12839726370889545,1883.0,0.7985164970159531,0.0471204465396358,0.10599097028895317,0.25518078835675145,9.747311321005217,0.18407284761840992,1883.0,0.9706385135650635,0.048961798414536795
socofing:000540:right_ring,disconnected_fragments,0.20000000298023224,808,0.31976143867249274,0.2720072865486145,0.13577202814474293,2.0,7895.0,0.3731475617479417,0.322390383421582,0.5727675744141862,0.5118811963508973,0.637872070930969,0.5750448006606691,0.2062594020727572,0.35720842787665635,6.8558624556470305,0.03257740400777205,7895.0,0.9999986886978149,0.6464296668337384,0.10719524047648074,0.2597808321661294,9.698244971123618,0.07461915325154973,7895.0,0.9503946006298065,0.4472485218799788,0.14628787919151243,0.29874519266930133,8.347916562281613,0.07139096911126941,7895.0,0.9997483193874359,0.3955354512154108,0.26886791734320975,0.2257423996925354,0.1883421084930781,2.0,7895.0,0.3044965167827739,0.25460493844698473,0.4936035465484484,0.42876236985951305,0.5535148828372387,0.48681484699702243,0.13183081657579337,0.2788046673096556,8.799830578418085,0.06088674682948279,7895.0,0.9938691556453705,0.6643012322607805,0.08435732538560892,0.23289231749244407,10.738771983574601,0.08166516113716059,7895.0,0.8365032598376274,0.420290247618422,0.1230067234674164,0.27366501571377,9.100711496582033,0.08218922667078886,7895.0,0.9868189096450806,0.7523306663588285
socofing:000545:right_ring,stripes,0.4000000059604645,818,0.4183323712757117,0.35568419098854065,0.19555613480378853,0.0,5438.0,0.4429937477013608,0.44544186677924846,0.647480691430673,0.6720427435914924,0.7127620448694373,0.7475763691955737,0.16518254896945397,0.315068515889609,7.820358364744661,0.052591221403165356,5438.0,0.9999994039535522,0.3353494622814307,0.10938722883845645,0.2792935235772293,9.610333797279274,0.06394438733432012,5438.0,0.9180622547864914,0.3058909321909497,0.16518254896945397,0.315068515889609,7.820358364744661,0.052591221403165356,5438.0,0.9999994039535522,0.3353494622814307,0.2555853257090698,0.213983952999115,0.2327492616831117,3.0,5438.0,0.21570430305259286,0.2481709705441697,0.3490253769768297,0.40819508561802154,0.3931592497241633,0.46153645730930554,0.14971706068563478,0.3058675460272673,8.247287077434294,0.09008147102477164,5438.0,0.9769253712147474,0.5281507852290908,0.10230118256938604,0.2698070591245581,9.90119345951668,0.09711661016299972,5438.0,0.8860217295587063,0.3554434001325707,0.12060738753650176,0.27571478801174554,9.186260896413492,0.12354741290105839,5438.0,0.9681759458035231,0.3380289145707765
socofing:000553:right_ring,random_rectangles,0.30000001192092896,828,0.3963944411771476,0.33723217248916626,0.19145390104120683,0.0,10431.0,0.41453360176397275,0.3767141631620749,0.6828683731185888,0.6322630780819289,0.7650273224043715,0.7174460497218803,0.14439156669712758,0.29616966368202857,8.404581713360216,0.05946422985178302,10431.0,0.9914644658565521,0.6023178081461419,0.09137583574562577,0.248576723100667,10.39168637852921,0.059691563535450125,10431.0,0.9334862818941474,0.3719994968602947,0.14439156669712758,0.29616966368202857,8.404581713360216,0.05946422985178302,10431.0,0.9914644658565521,0.6023178081461419,0.3068541265896258,0.2591034173965454,0.1681482193497051,2.0,10431.0,0.29095963953599846,0.29646091977286665,0.48988591697823797,0.48992728186172535,0.553350589588726,0.5544160692246782,0.2151873115077777,0.3798882468711496,6.671833403691095,0.049932310866983784,10431.0,0.9979484677314758,0.6042296222259183,0.12483599188734269,0.28788344520777637,9.036601836878488,0.05265532629314802,10431.0,0.953832327388227,0.5105079982662998,0.11453620486473653,0.2618644175581922,9.410572112489618,0.05757102385723847,10431.0,0.9899448147043586,0.6172235991579234
socofing:000554:right_ring,irregular,0.5,838,0.40986141957087163,0.34690871834754944,0.11071719139960713,1.0,5658.0,0.3614351360904913,0.4514432519979804,0.542948038176034,0.6599364545561054,0.6118769883351007,0.7294341887421472,0.22792440397429012,0.39139731374946835,6.422091722134083,0.09061294717545014,5658.0,0.999702513217926,0.24318486806233258,0.14952412921039757,0.323560680507015,8.252887181264919,0.10943298606726537,5658.0,0.9339357577264309,0.47637614395404076,0.14026451577244045,0.2863045854705655,8.530521832364494,0.11581404507499247,5658.0,0.9907624125480652,0.5432744120762811,0.3174295053712973,0.2637314200401306,0.18725521950815002,1.0,5658.0,0.2948038176033934,0.34807483554307794,0.42506185931424534,0.5109517416112539,0.4673029338989042,0.5652440436339792,0.12756600919650893,0.2847106579263863,8.942650308259497,0.10018801448436933,5658.0,0.9831911325454712,0.17007836137922433,0.12067013124351184,0.29157412680048334,9.184002149184936,0.12169810746165853,5658.0,0.8527952991425991,0.18301024284258033,0.10478295541647417,0.2568479936070195,9.797093563846811,0.1388019398617102,5658.0,0.972645491361618,0.12141730940516396
socofing:000558:right_ring,central_missing,0.699999988079071,848,0.36811445042199253,0.318433940410614,0.1332914815837418,2.0,4904.0,0.3817292006525285,0.3737582589817183,0.592373572593801,0.5895475015311608,0.6610929853181077,0.6614772490476414,0.197314056340697,0.35481055696477026,7.048419751950739,0.03831802866345703,4904.0,0.9997800588607788,0.3275063843942194,0.11297838747311464,0.27455404893406643,9.470046281881668,0.03630951367207322,4904.0,0.9040524326264858,0.20978342741361589,0.14074391820966672,0.2907633886017934,8.51570362693656,0.040643903104204494,4904.0,0.9903753399848938,0.4465088484962022,0.24046898237862555,0.2020169496536255,0.09663462829131028,2.0,4904.0,0.22043230016313214,0.22697072259194503,0.3735725938009788,0.3834005458271329,0.424347471451876,0.435543820238862,0.1932927907857997,0.35494790279196703,7.137843434899783,0.034665858816575704,4904.0,0.9998896718025208,0.1225147641030107,0.1304409638554944,0.2943509494878016,8.845860007616954,0.016324316062081772,4904.0,0.9446009388193488,0.08845794427764085,0.12111279319215494,0.28257304084702617,9.16809979736332,0.04926509653398824,4904.0,0.9743877649307251,0.33886076834871215
socofing:000564:right_little,central_only,0.20000000298023224,859,0.1411779794781411,0.12526610493659973,-0.009153572336289826,4.0,4611.0,0.04380828453697679,0.12883668423758957,0.07764042507048363,0.22465063764097068,0.09000216872695728,0.2565886221087644,0.5164023449507449,0.6474640435360233,2.8701179429706465,0.051143311844883896,4611.0,0.9999924898147583,0.9833526994485957,0.4023257095883657,0.5670160134032093,3.954222140715442,0.05784530966154911,4611.0,0.9962374567985535,0.8479542177700494,0.2932722700410712,0.4682389121417605,5.327289991997459,0.07488416543820425,4611.0,0.9999083876609802,0.7948272713570276,0.16007745034186396,0.136243999004364,-0.018453392518491086,2.0,4611.0,0.05898937323790935,0.15268194744602973,0.09650834959878551,0.2553843702573989,0.11190631099544568,0.289618511194522,0.4498970661210245,0.5945599805562678,3.4688683895624726,0.059198322210160796,4611.0,0.9997192025184631,0.7238965604707731,0.3354605849583587,0.5123494701106339,4.743585000573621,0.06481175176289058,4611.0,0.9769302601926029,0.7373972679519489,0.24918762870437056,0.43096701820081856,6.034735226821844,0.05572492060984885,4611.0,0.9815849056467414,0.6021800091269323
socofing:000584:right_little,disconnected_fragments,0.4000000059604645,869,0.41713005821630744,0.3608858287334442,0.1903457464248056,0.0,5404.0,0.483160621761658,0.40244555789880804,0.8184678016284234,0.6659396431143421,0.8865655070318282,0.7537710048528532,0.07464103904297835,0.21387102572643077,11.270223236092104,0.07503680205516362,5404.0,0.8284077346324921,0.4808023405704355,0.060624724157407876,0.20351218300934282,12.173502244257735,0.12836295063615077,5404.0,0.705202504992485,0.2861986943540275,0.07464103904297835,0.21387102572643077,11.270223236092104,0.07503680205516362,5404.0,0.8284077346324921,0.4808023405704355,0.33419263937533306,0.2834196388721466,0.1513978045029242,0.0,5404.0,0.45743893412287195,0.32894331024894885,0.6939304219096966,0.5341832900878944,0.7518504811250926,0.6025966167008762,0.06167494068675641,0.19688449168838368,12.098912595022195,0.07055003620247759,5404.0,0.7474627941846848,0.8967504267553125,0.05356801282742488,0.19225966377524337,12.710944640264525,0.13649619390017184,5404.0,0.6609358042478561,0.2544212679132942,0.06167494068675641,0.19688449168838368,12.098912595022195,0.07055003620247759,5404.0,0.7474627941846848,0.8967504267553125
socofing:000589:right_little,stripes,0.6000000238418579,879,0.3367123235007113,0.28501832485198975,0.466640031729502,1.0,4119.0,0.34547220199077444,0.3394232176770629,0.5166302500606943,0.5390108070187732,0.570526826899733,0.60554000346601,0.130169938513639,0.28408511910107304,8.854893002920459,0.10165484044738739,4119.0,0.9998507499694824,0.5109376410148819,0.07456505696191322,0.2283588732111386,11.274646460379337,0.14766184281999115,4119.0,0.7966849058866501,0.1182674710856299,0.1687861765711059,0.27318521474971263,7.726631245629761,0.08964526251534502,4119.0,1.0,0.29756186147153424,0.2819064430803835,0.24142779409885406,0.3181200703278442,1.0,4119.0,0.20611798980335033,0.2627193090637264,0.3258072347657198,0.44913159552694787,0.36780772032046616,0.5112690243480216,0.14877182956135723,0.3030857136484365,8.274792961038608,0.10858595624494384,4119.0,0.9998802542686462,0.4719757481746813,0.1292945473184435,0.30089121213864284,8.884197900418382,0.14042910808612796,4119.0,0.9078598013147712,0.17198568971056874,0.12284930373121,0.26781363920341433,9.106273006128813,0.08427015514006737,4119.0,0.9923692047595978,0.20704168104757373
socofing:000594:right_little,random_rectangles,0.5,889,0.3047054833775361,0.26913517713546753,0.2706830314459067,3.0,5786.0,0.3873142067058417,0.2818918015474355,0.58797096439682,0.48524740522104776,0.6519184237815416,0.553032606445585,0.19113508165450196,0.34382735726829505,7.186595935799144,0.03987554092392927,5786.0,0.9969511032104492,0.17157259400822714,0.1054940480043795,0.24961428495472945,9.767720426579828,0.09819259705342957,5786.0,0.9960784311406314,0.1276238987665277,0.13646651235888177,0.27498237296054895,8.649739074658969,0.09464635452631111,5786.0,0.9960784311406314,0.15750386377629014,0.282098767522953,0.23750561475753784,0.2746032006156892,3.0,5786.0,0.3892153473902523,0.3033238616403394,0.5318008987210509,0.4534805374484634,0.5845143449706187,0.5035327627178381,0.13827018846378022,0.2909162208382227,8.592714452072816,0.06197648641451306,5786.0,0.9960784311406314,0.11964655269225644,0.09329742883826292,0.24206212290629972,10.301303247073154,0.09999179181653868,5786.0,0.9960784311406314,0.20149678051981265,0.11717831905595985,0.26035597114371456,9.31152736316189,0.09795195486281194,5786.0,0.9960784311406314,0.13089076318332665
socofing:000598:right_little,irregular,0.699999988079071,899,0.41398733549611777,0.35007524490356445,0.13487776001114798,3.0,3670.0,0.43460490463215257,0.46262306574254985,0.6332425068119891,0.6672433098184315,0.7032697547683924,0.7354500578437254,0.2288632439184118,0.3816748211433101,6.404239506421455,0.1489790776916809,3670.0,0.9999651610851288,0.2864179846480411,0.10778846716509975,0.2792710661493516,9.674277040333113,0.1961452563459157,3670.0,0.8390943706035614,0.1651381169266234,0.16396882244813432,0.3173360121655925,7.8523872223245395,0.1739183602389414,3670.0,0.9869858026504517,0.3507298392763842,0.29013564498125693,0.2425231784582138,0.21882775992570402,3.0,3670.0,0.27602179836512264,0.2796117447458756,0.45694822888283376,0.46316464194647305,0.5171662125340599,0.5243489410133388,0.17357767702313603,0.3331017422853977,7.605061280595377,0.1765229883798212,3670.0,0.9938512146472931,0.16114150948283665,0.08821485276028887,0.2522202674777828,10.544582864240748,0.23882774327884423,3670.0,0.7559369057416916,0.1076181062683075,0.12399381871892384,0.2764525815480381,9.065999645407848,0.2174010053438205,3670.0,0.946129322052002,0.16530472673702765
