sample_id,mask_family,observed_fraction,missing_mse,missing_mae,missing_psnr,missing_ssim_map_mean,missing_pixels,missing_max_absolute_error,observed_mse,observed_mae,observed_psnr,observed_ssim_map_mean,observed_pixels,observed_max_absolute_error,missing_roi_mse,missing_roi_mae,missing_roi_psnr,missing_roi_ssim_map_mean,missing_roi_pixels,missing_roi_max_absolute_error,observed_roi_mse,observed_roi_mae,observed_roi_psnr,observed_roi_ssim_map_mean,observed_roi_pixels,observed_roi_max_absolute_error
socofing:000023:left_thumb,random_rectangles,0.10000000149011612,0.03710939600681144,0.14088227882603366,14.305161141783948,0.26099771325722304,14746.0,0.7360126078128815,0.0,0.0,inf,0.8406058441777761,1638.0,0.0,0.04250056650672511,0.1526412389978002,13.71605281029572,0.11518768807917165,11110.0,0.7360126078128815,0.0,0.0,inf,0.8468598387538624,94.0,0.0
socofing:000023:left_index,random_rectangles,0.20000000298023224,0.03331655367366955,0.12827340357202846,14.773399291715304,0.2653293225367493,13107.0,0.6955387592315674,0.0,0.0,inf,0.9103551689100965,3277.0,0.0,0.03998190605947569,0.14486537355437076,13.981365055810711,0.12122362230597156,9772.0,0.6955387592315674,0.0,0.0,inf,0.8442200343982796,299.0,0.0
socofing:000023:left_middle,random_rectangles,0.30000001192092896,0.037137611502208526,0.13595832139188654,14.30186031257719,0.2516248267182197,11469.0,0.7365037649869919,0.0,0.0,inf,0.9426016362527941,4915.0,0.0,0.04075443522213453,0.14872971987929093,13.898251209685828,0.15289775778267845,9663.0,0.7365037649869919,0.0,0.0,inf,0.8007432636622369,528.0,0.0
socofing:000023:left_ring,random_rectangles,0.4000000059604645,0.041882499308468296,0.1391997984109308,13.779674100044321,0.35658911070326643,9830.0,0.8005156368017197,0.0,0.0,inf,0.9723856497023682,6554.0,0.0,0.04428232568607261,0.14943545325674043,13.537695782606974,0.18426540859976942,5967.0,0.8005156368017197,0.0,0.0,inf,0.9530696847679692,1950.0,0.0
socofing:000023:left_little,random_rectangles,0.5,0.025226145895862313,0.1161604296630685,15.981490968473782,0.42817280869360835,8192.0,0.8217846751213074,0.0,0.0,inf,0.9592926105827971,8192.0,0.0,0.034680759239366934,0.1450369188946391,14.599114034144499,0.25053209184684977,5418.0,0.7855169922113419,0.0,0.0,inf,0.9349337169259608,3011.0,0.0
socofing:000023:right_thumb,random_rectangles,0.6000000238418579,0.04386307954846811,0.1783617193351517,13.579008805482351,0.11524194185525743,6554.0,0.7985925003886223,0.0,0.0,inf,0.9736954610310077,9830.0,0.0,0.0437177471465011,0.17814958636347406,13.593422261151087,0.10844056072914454,6492.0,0.7985925003886223,0.0,0.0,inf,0.9587066172976755,5741.0,0.0
socofing:000023:right_index,random_rectangles,0.699999988079071,0.039124756179327834,0.1486856114149609,14.075483559068992,0.153393887517955,4915.0,0.8481320887804031,0.0,0.0,inf,0.9858591286955458,11469.0,0.0,0.039124756179327834,0.1486856114149609,14.075483559068992,0.153393887517955,4915.0,0.8481320887804031,0.0,0.0,inf,0.9754975596025405,6619.0,0.0
socofing:000023:right_middle,random_rectangles,0.800000011920929,0.025852089108069656,0.11996716223623027,15.875043558022718,0.307717842441664,3277.0,0.807636670768261,0.0,0.0,inf,0.9804241467258606,13107.0,0.0,0.028052011128215745,0.12917975653781397,15.520359974888642,0.2503003944785899,3004.0,0.807636670768261,0.0,0.0,inf,0.9675648161848628,7570.0,0.0
socofing:000023:right_ring,irregular,0.10000000149011612,0.019608903511755142,0.10367171978281131,17.075466904784665,0.34419717425528157,14746.0,0.7028900682926178,0.0,0.0,inf,0.7234607000949907,1638.0,0.0,0.022864724693971262,0.11470752944770655,16.40834023437418,0.17915073852189015,10663.0,0.7028900682926178,0.0,0.0,inf,0.6844807396282635,580.0,0.0
socofing:000023:right_little,irregular,0.20000000298023224,0.019386742632832438,0.10137903303370656,17.124951551000102,0.4465546274481147,13107.0,0.7249343544244766,0.0,0.0,inf,0.8204067546385283,3277.0,0.0,0.026726953754913806,0.11978084768542262,15.730505377949855,0.21074602230210782,8096.0,0.7249343544244766,0.0,0.0,inf,0.8667149803799945,2100.0,0.0
socofing:000030:left_thumb,irregular,0.30000001192092896,0.050059153826217895,0.16500806820035052,13.005164957527695,0.3658625370223765,11469.0,0.7628155648708344,0.0,0.0,inf,0.9169193121362422,4915.0,0.0,0.0694745533508737,0.21064151671398748,11.58174236603479,0.1672300784198879,7905.0,0.7628155648708344,0.0,0.0,inf,0.9375346191260286,3012.0,0.0
socofing:000030:left_index,irregular,0.4000000059604645,0.0350879025558576,0.1394844161568253,14.548425917629984,0.4191019543641962,9830.0,0.7666065096855164,0.0,0.0,inf,0.914184226767311,6554.0,0.0,0.05179718341754209,0.1822548073603754,12.856938553025753,0.20425403793243804,6280.0,0.7666065096855164,0.0,0.0,inf,0.9423482006537958,3528.0,0.0
socofing:000030:left_middle,irregular,0.5,0.03585024905648364,0.13452719441988847,14.455078228837458,0.37331311185176164,8192.0,0.7691228240728378,0.0,0.0,inf,0.9583958593607605,8192.0,0.0,0.045659003129909316,0.1635172862776535,13.404735746658808,0.2310861301059293,6198.0,0.7691228240728378,0.0,0.0,inf,0.9537304953459437,4123.0,0.0
socofing:000030:left_ring,irregular,0.6000000238418579,0.030771420749729154,0.11799589648438111,15.118524514443521,0.5144692831687244,6554.0,0.883378304541111,0.0,0.0,inf,0.9610318369119237,9830.0,0.0,0.04592370587667565,0.16078099134853244,13.379630732047902,0.30800050217994746,3993.0,0.883378304541111,0.0,0.0,inf,0.9643178457243652,5078.0,0.0
socofing:000030:left_little,irregular,0.699999988079071,0.03615215697139823,0.1260086537495119,14.418657859813448,0.5094184800928787,4915.0,0.8570205569267273,0.0,0.0,inf,0.9552089782996374,11469.0,0.0,0.0663525994839903,0.19962790572315048,11.781420581885687,0.22638565895209142,2565.0,0.8570205569267273,0.0,0.0,inf,0.9694525642957361,5534.0,0.0
socofing:000030:right_thumb,irregular,0.800000011920929,0.03084054368019422,0.11957005200368177,15.108779744853145,0.56574019939789,3277.0,0.7560560628771782,0.0,0.0,inf,0.9791763169922673,13107.0,0.0,0.047724364033382934,0.16944681371197753,13.212598502288525,0.35034045986414164,2001.0,0.7560560628771782,0.0,0.0,inf,0.9761323147125314,10324.0,0.0
socofing:000030:right_index,central_missing,0.10000000149011612,0.060005538428440336,0.19407565965071885,12.218086629846347,0.34031185923002527,14746.0,0.7728796000592411,0.0,0.0,inf,0.913556165986866,1638.0,0.0,0.08646860217735318,0.252905494000903,10.631415616276962,0.08480107684697241,9506.0,0.7728796000592411,0.0,0.0,inf,0.9461117358535331,128.0,0.0
socofing:000030:right_middle,central_missing,0.20000000298023224,0.04383316433510424,0.15954380793522688,13.581971763077224,0.22184294557412884,13107.0,0.7630721479654312,0.0,0.0,inf,0.9505203130807771,3277.0,0.0,0.05152058430898812,0.18074395048073194,12.880192201682314,0.0933971600168762,10900.0,0.7630721479654312,0.0,0.0,inf,0.95447633808871,745.0,0.0
socofing:000030:right_ring,central_missing,0.30000001192092896,0.034802700657995775,0.12898381265985154,14.583870538879982,0.3012042122723533,11469.0,0.716988742351532,0.0,0.0,inf,0.971936686531535,4915.0,0.0,0.04431493563580401,0.15374936775179432,13.534498771401044,0.12257985296266184,8870.0,0.716988742351532,0.0,0.0,inf,0.9526035801155756,1200.0,0.0
socofing:000030:right_little,central_missing,0.4000000059604645,0.03541283210152043,0.13433803746861425,14.50839339638991,0.3255701616171669,9830.0,0.7259734272956848,0.0,0.0,inf,0.9722015842738944,6554.0,0.0,0.045479499976772024,0.16031868521450116,13.421843187979022,0.14849891616522662,6788.0,0.7259734272956848,0.0,0.0,inf,0.9265515707178126,1163.0,0.0
socofing:000032:left_thumb,central_missing,0.5,0.08862626718944219,0.23914595614326117,10.524375421677162,0.07339827210467974,8192.0,0.882665827870369,0.0,0.0,inf,0.9818472795844699,8192.0,0.0,0.08862626718944219,0.23914595614326117,10.524375421677162,0.07339827210467974,8192.0,0.882665827870369,0.0,0.0,inf,0.9536137429458215,2999.0,0.0
socofing:000032:left_index,central_missing,0.6000000238418579,0.08071060506467068,0.21360321064457766,10.930693968954463,0.12317401105852342,6554.0,0.861375018954277,0.0,0.0,inf,0.9903620726742085,9830.0,0.0,0.08446975808287778,0.2225415163181983,10.732987496130423,0.09517306121566635,6259.0,0.861375018954277,0.0,0.0,inf,0.983054559995133,3680.0,0.0
socofing:000032:left_middle,central_missing,0.699999988079071,0.0765502223846308,0.2085851904686961,11.160535433030457,0.23915473539316787,4915.0,0.8221257925033569,0.0,0.0,inf,0.9935142184390927,11469.0,0.0,0.08877642774923461,0.23726295918150395,10.51702334417752,0.14628834723707088,4224.0,0.8221257925033569,0.0,0.0,inf,0.9895345447503308,4209.0,0.0
socofing:000032:left_ring,central_missing,0.800000011920929,0.04748906895819517,0.17050974579800238,13.234063448480073,0.18204917364697443,3277.0,0.7402767837047577,0.0,0.0,inf,0.9928605695648277,13107.0,0.0,0.049972908984366224,0.17810829466059733,13.01265369006748,0.15053510957679322,3111.0,0.7402767837047577,0.0,0.0,inf,0.9856556079343807,4863.0,0.0
socofing:000032:left_little,peripheral_only,0.10000000149011612,0.05148159774593717,0.18681521560576395,12.883479831064948,0.41938095347448084,14746.0,0.792318806052208,0.0,0.0,inf,0.6075567276935921,1638.0,0.0,0.08290996867673431,0.2437231218382515,10.813932489308113,0.09733560954171254,6338.0,0.792318806052208,0.0,0.0,inf,0.8608074989702674,631.0,0.0
socofing:000032:right_thumb,peripheral_only,0.20000000298023224,0.05875767920584346,0.18675621137763512,12.309353661833569,0.31916631114570115,13107.0,0.8843142986297607,0.0,0.0,inf,0.9473267563015657,3277.0,0.0,0.07592256088637402,0.231120802426858,11.196291514756034,0.12789583677014,9434.0,0.8843142986297607,0.0,0.0,inf,0.9465889344196712,3025.0,0.0
socofing:000032:right_index,peripheral_only,0.30000001192092896,0.0510912522166945,0.1652310483390851,12.916534528836785,0.43349704922244076,11469.0,0.8684076145291328,0.0,0.0,inf,0.9167764466903748,4915.0,0.0,0.07865419723951371,0.22929346613540644,11.042780970798178,0.17983898907072995,6948.0,0.8684076145291328,0.0,0.0,inf,0.9544327087554167,3380.0,0.0
socofing:000032:right_middle,peripheral_only,0.4000000059604645,0.04979386938603806,0.1616427890899556,13.028241242224194,0.4118533235994356,9830.0,0.8709480613470078,0.0,0.0,inf,0.9559565440692487,6554.0,0.0,0.07731472724277441,0.228920956962062,11.117377719152216,0.1295763444332325,6001.0,0.8709480613470078,0.0,0.0,inf,0.9636961993336444,4197.0,0.0
socofing:000032:right_ring,peripheral_only,0.5,0.03582027095853697,0.1388997683354205,14.45871133301271,0.43301827329822773,8192.0,0.7461654245853424,0.0,0.0,inf,0.9578864124137569,8192.0,0.0,0.05477750352547417,0.19441835001347982,12.613977645212074,0.15490575006262602,4803.0,0.7461654245853424,0.0,0.0,inf,0.9520158250518814,4664.0,0.0
socofing:000032:right_little,peripheral_only,0.6000000238418579,0.029361423188863117,0.11802064869312702,15.322228973905023,0.5081499189287589,6554.0,0.8368686586618423,0.0,0.0,inf,0.946761390118482,9830.0,0.0,0.0541953146757784,0.18435728860212497,12.660382577127224,0.18816656885138067,3261.0,0.8368686586618423,0.0,0.0,inf,0.9682167494246503,4436.0,0.0
socofing:000039:left_thumb,peripheral_only,0.699999988079071,0.05591448228001926,0.1620134862224142,12.524756919399918,0.47616577698352563,4915.0,0.8471070751547813,0.0,0.0,inf,0.9879853849567646,11469.0,0.0,0.09439355503029401,0.2543893159978129,10.250576572944336,0.16661172700924984,2823.0,0.8471070751547813,0.0,0.0,inf,0.9899724303946089,8856.0,0.0
socofing:000039:left_index,peripheral_only,0.800000011920929,0.05011294568731383,0.15892594198400464,13.000500682584022,0.46460070022596645,3277.0,0.8114782869815826,0.0,0.0,inf,0.9939349819732511,13107.0,0.0,0.07426057981576102,0.22303095636236792,11.292416641887383,0.22632018317893307,2098.0,0.8114782869815826,0.0,0.0,inf,0.9939707390354012,8254.0,0.0
socofing:000039:left_middle,central_only,0.10000000149011612,0.04701235804903101,0.16446100983646933,13.277879648934604,0.333184970255936,14746.0,0.9035778939723969,0.0,0.0,inf,0.9773048468116712,1638.0,0.0,0.06305858989235204,0.2018781083193432,12.00255745113924,0.106482474216101,10076.0,0.9035778939723969,0.0,0.0,inf,0.9773048468116712,1638.0,0.0
socofing:000039:left_ring,central_only,0.20000000298023224,0.04094356321207874,0.15282250396338035,13.878143645068066,0.40521538575989496,13107.0,0.842225044965744,0.0,0.0,inf,0.9860917317345272,3277.0,0.0,0.059491261871723974,0.19746264313646253,12.255468191383317,0.138547731291805,7875.0,0.842225044965744,0.0,0.0,inf,0.9860917317345272,3277.0,0.0
socofing:000039:left_little,central_only,0.30000001192092896,0.03597372537561374,0.15796818426539067,14.440145850812605,0.6328927531926972,11469.0,0.760903537273407,0.0,0.0,inf,0.953645866269974,4915.0,0.0,0.07248219036911167,0.22984452552928436,11.397686910094297,0.183779898134904,3477.0,0.760903537273407,0.0,0.0,inf,0.9831452430472682,4688.0,0.0
socofing:000039:right_thumb,central_only,0.4000000059604645,0.06310031793150447,0.17587202297284865,11.999684525538028,0.43062312757708,9830.0,0.889923750422895,0.0,0.0,inf,0.9898219929882711,6554.0,0.0,0.09640217879926159,0.24570698874730637,10.159131504353088,0.1910951355754604,6045.0,0.889923750422895,0.0,0.0,inf,0.9898219929882711,6554.0,0.0
socofing:000039:right_index,central_only,0.5,0.03897003254762631,0.13827838333526188,14.092692314860216,0.581240337529171,8192.0,0.7873175665736198,0.0,0.0,inf,0.9908872811958531,8192.0,0.0,0.06850151916798233,0.21013019597789848,11.642997969899703,0.29720320575934794,3905.0,0.7873175665736198,0.0,0.0,inf,0.9908872811958531,8192.0,0.0
socofing:000039:right_middle,central_only,0.6000000238418579,0.020419679321871633,0.09896436030578594,16.899510825152777,0.651762177210854,6554.0,0.7011353969573975,0.0,0.0,inf,0.9876407689222905,9830.0,0.0,0.03444379954774614,0.14573616708856538,14.628889468930995,0.34501175767058023,2544.0,0.7011353969573975,0.0,0.0,inf,0.9877401458542858,9813.0,0.0
socofing:000039:right_ring,central_only,0.699999988079071,0.015396891243444134,0.07836344242891788,18.125669578718654,0.7837709065816413,4915.0,0.6794367358088493,0.0,0.0,inf,0.9837660247526182,11469.0,0.0,0.06278676839968744,0.1990773342620624,12.021318692636873,0.2616384965865653,789.0,0.6794367358088493,0.0,0.0,inf,0.995499835912837,9632.0,0.0
socofing:000039:right_little,central_only,0.800000011920929,0.015221380308761249,0.07393624630822326,18.175459629861223,0.782582345630281,3277.0,0.707509383559227,0.0,0.0,inf,0.990994605425563,13107.0,0.0,0.05980697250729421,0.19694705808623916,12.232481814811289,0.3678245527745771,420.0,0.6210518479347229,0.0,0.0,inf,0.9986074956345825,9758.0,0.0
socofing:000052:left_thumb,disconnected_fragments,0.10000000149011612,0.03969213065592474,0.14600816446942705,14.012955877324236,0.28377235710217213,14746.0,0.8093129135668278,0.0,0.0,inf,0.9025750726223184,1638.0,0.0,0.04954920393178815,0.17170128057613826,13.049633185915997,0.1197159020622987,10542.0,0.8093129135668278,0.0,0.0,inf,0.9219035021560208,1494.0,0.0
socofing:000052:left_index,disconnected_fragments,0.20000000298023224,0.05207461268967137,0.16657769608967835,12.833739514784217,0.2850209809627527,13107.0,0.8408628851175308,0.0,0.0,inf,0.950269583454115,3277.0,0.0,0.06703382907171773,0.20215629845376834,11.73705972352925,0.0997499419291486,9174.0,0.8408628851175308,0.0,0.0,inf,0.9548433786572835,2876.0,0.0
socofing:000052:left_middle,disconnected_fragments,0.30000001192092896,0.02723350392852484,0.11988413050720088,15.648964776859644,0.3969371824921924,11469.0,0.7618854120373726,0.0,0.0,inf,0.960144624500975,4915.0,0.0,0.03589203601859931,0.14464563677029604,14.450019050949376,0.20658967543546133,7538.0,0.7618854120373726,0.0,0.0,inf,0.9627234749723592,4841.0,0.0
socofing:000052:left_ring,disconnected_fragments,0.4000000059604645,0.03954805748396145,0.1413458445208907,14.028748432589651,0.3578486480362368,9830.0,0.7035931646823883,0.0,0.0,inf,0.9757233498319235,6554.0,0.0,0.0490906270888395,0.1679713930881631,13.090014201412552,0.19434705898273355,7024.0,0.7035931646823883,0.0,0.0,inf,0.9791557148671518,5322.0,0.0
socofing:000052:left_little,disconnected_fragments,0.5,0.03545094805574432,0.1331925765662163,14.503721460980437,0.33045401365030086,8192.0,0.8319142311811447,0.0,0.0,inf,0.9782917858520311,8192.0,0.0,0.04443851365387856,0.16109084132640425,13.522404754448045,0.16544090488085222,5966.0,0.8319142311811447,0.0,0.0,inf,0.978272002096995,5955.0,0.0
socofing:000052:right_thumb,disconnected_fragments,0.6000000238418579,0.09068280096295032,0.20711684511388434,10.424750740774266,0.318776832052133,6554.0,0.965373158454895,0.0,0.0,inf,0.9786076590859399,9830.0,0.0,0.11707493017460735,0.25654295331849697,9.315360925660983,0.1334080977696408,4347.0,0.965373158454895,0.0,0.0,inf,0.977556418127627,8587.0,0.0
socofing:000052:right_index,disconnected_fragments,0.699999988079071,0.026993230025082294,0.10657044919814046,15.687451444120846,0.5884894232183892,4915.0,0.7986892312765121,0.0,0.0,inf,0.990863251892578,11469.0,0.0,0.043063313453925264,0.16268510330004415,13.658925569697367,0.28122343703484437,1963.0,0.6974536329507828,0.0,0.0,inf,0.9913455613269738,10063.0,0.0
socofing:000052:right_middle,disconnected_fragments,0.800000011920929,0.030331652266057343,0.10661770373259989,15.181039315789914,0.6008642192633749,3277.0,0.7744961827993393,0.0,0.0,inf,0.9916338890287948,13107.0,0.0,0.04597521042239302,0.1488115070802351,13.374762743775406,0.33869419519822636,1168.0,0.7576129660010338,0.0,0.0,inf,0.9926459498968916,11344.0,0.0
socofing:000052:right_ring,stripes,0.10000000149011612,0.03489828995883834,0.13316372140013485,14.571958532596025,0.29866575766411424,14746.0,0.911827877163887,0.0,0.0,inf,0.9494673456059038,1638.0,0.0,0.04178401129783146,0.15080214260473174,13.789898697436936,0.1250798279268567,10886.0,0.911827877163887,0.0,0.0,inf,0.9532797548626111,1262.0,0.0
socofing:000052:right_little,stripes,0.20000000298023224,0.02432051645743526,0.10776060426661303,16.140272068568372,0.3517333742796496,13107.0,0.7862175405025482,0.0,0.0,inf,0.9245818621675617,3277.0,0.0,0.02989834154995862,0.12433928360653936,15.243529011631047,0.16432455676091853,9379.0,0.7862175405025482,0.0,0.0,inf,0.9190819677739327,1694.0,0.0
socofing:000054:left_thumb,stripes,0.30000001192092896,0.07050687916910128,0.19112425999023583,11.517685079812164,0.23956022600446408,11469.0,0.9245890937745571,0.0,0.0,inf,0.982333389930616,4915.0,0.0,0.0799901115626194,0.21779928406500168,10.969636974983361,0.10080476132490397,8917.0,0.9056286807172,0.0,0.0,inf,0.9822104258294957,3391.0,0.0
socofing:000054:left_index,stripes,0.4000000059604645,0.034239249268937115,0.13173144808700374,14.654757662475813,0.35554504340685067,9830.0,0.8066518306732178,0.0,0.0,inf,0.9715212033925704,6554.0,0.0,0.04432476867917168,0.15758570806172617,13.533535222046854,0.16165051271787517,6876.0,0.8066518306732178,0.0,0.0,inf,0.9794549674611261,4255.0,0.0
socofing:000054:left_middle,stripes,0.5,0.04564662567075142,0.1514394820369489,13.405913212345382,0.31054317878872595,8192.0,0.8337096869945526,0.0,0.0,inf,0.9813516727022483,8192.0,0.0,0.058099870540365126,0.18472189838048353,12.358248353147932,0.14168054891010276,6092.0,0.8337096869945526,0.0,0.0,inf,0.9809515325944145,5239.0,0.0
socofing:000054:left_ring,stripes,0.6000000238418579,0.05070353734281029,0.16553137645007163,12.949617409650166,0.2579405806227044,6554.0,0.7694511413574219,0.0,0.0,inf,0.9835381933359905,9830.0,0.0,0.06034028059686676,0.19240138340443427,12.19392674582185,0.14055299053570255,5426.0,0.7694511413574219,0.0,0.0,inf,0.9776790665290014,6382.0,0.0
socofing:000054:left_little,stripes,0.699999988079071,0.01720499133867792,0.0937948991268843,17.643455416751543,0.4380258664509221,4915.0,0.707716815173626,0.0,0.0,inf,0.9871641513630303,11469.0,0.0,0.025103667321659626,0.1153399040495477,16.002628290680377,0.19606774215689657,3075.0,0.707716815173626,0.0,0.0,inf,0.9917716028214058,8366.0,0.0
socofing:000054:right_thumb,stripes,0.800000011920929,0.030881314405247603,0.1333087428754578,15.103042230125482,0.2911722950942791,3277.0,0.7521515469998121,0.0,0.0,inf,0.9925863144454837,13107.0,0.0,0.03353416584252137,0.15124795927225718,14.745124922007912,0.12919632907799297,2508.0,0.6747867465019226,0.0,0.0,inf,0.9914641988655676,10397.0,0.0
socofing:000054:right_index,severe_partial,0.10000000149011612,0.047400973513991716,0.1677549123501555,13.242127387602396,0.352633201776618,14746.0,0.8140267208218575,0.0,0.0,inf,0.9492727700998681,1638.0,0.0,0.06454065543684506,0.20946960295418218,11.901666284710098,0.12894552160796421,10066.0,0.8140267208218575,0.0,0.0,inf,0.9492727700998681,1638.0,0.0
socofing:000054:right_middle,severe_partial,0.20000000298023224,0.053595553876303034,0.16776102696118167,12.708712365586692,0.31252343495748625,13107.0,0.9097366314381361,0.0,0.0,inf,0.9682114550964496,3277.0,0.0,0.07047529542902604,0.206205598837575,11.519630949111047,0.107607230026969,9388.0,0.9097366314381361,0.0,0.0,inf,0.9687403511455356,3176.0,0.0
socofing:000054:right_ring,severe_partial,0.30000001192092896,0.037331046208135224,0.1425459743634533,14.279298387355437,0.4152232137981622,11469.0,0.7873381897807121,0.0,0.0,inf,0.97596376745213,4915.0,0.0,0.056057475169680876,0.19148875789185002,12.513664667713911,0.11672702377666545,6931.0,0.7873381897807121,0.0,0.0,inf,0.9779822393396584,4268.0,0.0
socofing:000054:right_little,random_rectangles,0.10000000149011612,0.06083104935286932,0.18964142506608303,12.15874691769364,0.2671937429726868,14746.0,0.801686342805624,0.0,0.0,inf,0.869962609781691,1638.0,0.0,0.07617593306197629,0.2205948140902787,11.181822174966795,0.09134476778399062,10576.0,0.801686342805624,0.0,0.0,inf,0.8455697565208068,332.0,0.0
socofing:000057:left_thumb,random_rectangles,0.20000000298023224,0.08537990013194478,0.2267168954223965,10.6864435752189,0.11395243668386998,13107.0,0.9494627676904202,0.0,0.0,inf,0.9508521708792311,3277.0,0.0,0.09063420920576626,0.24028531501313444,10.42707850169384,0.054282556856685704,11889.0,0.9494627676904202,0.0,0.0,inf,0.935542743943701,718.0,0.0
socofing:000057:left_index,random_rectangles,0.30000001192092896,0.07026469260591936,0.1986476402781801,11.53262849351817,0.1940955005032442,11469.0,0.856696187518537,0.0,0.0,inf,0.9687307330566719,4915.0,0.0,0.0842349071997874,0.23045191534545792,10.7450789825526,0.06457202579932733,9460.0,0.856696187518537,0.0,0.0,inf,0.9417976492134293,1876.0,0.0
socofing:000057:left_middle,random_rectangles,0.4000000059604645,0.05492843056097051,0.19193975833748653,12.602028096523634,0.15783576260215856,9830.0,0.8198231980204582,0.0,0.0,inf,0.961295371193359,6554.0,0.0,0.05708359071994723,0.19950450854169333,12.434887163420466,0.11810499735387102,9240.0,0.8198231980204582,0.0,0.0,inf,0.9268551115344054,3294.0,0.0
socofing:000057:left_ring,random_rectangles,0.5,0.055123967267289645,0.1859031333335679,12.586595338382768,0.10873286349821804,8192.0,0.8164659067988396,0.0,0.0,inf,0.9783812381853001,8192.0,0.0,0.055938045414673405,0.18843485729679954,12.522927128027487,0.09804723253516129,8065.0,0.8164659067988396,0.0,0.0,inf,0.9627951366407005,4384.0,0.0
socofing:000057:left_little,random_rectangles,0.6000000238418579,0.05190311321019154,0.17614175326990628,12.848065918729755,0.1893634320278014,6554.0,0.7283204793930054,0.0,0.0,inf,0.9811823216132014,9830.0,0.0,0.05448356873990938,0.18388988444000226,12.637344533476714,0.1559915693484805,6212.0,0.7283204793930054,0.0,0.0,inf,0.9689484593944317,5065.0,0.0
socofing:000057:right_thumb,random_rectangles,0.699999988079071,0.06355389492665507,0.19414239407896935,11.968578283779646,0.22432442842359762,4915.0,0.7775983214378357,0.0,0.0,inf,0.9920638086865999,11469.0,0.0,0.07044990297068952,0.21355722690318857,11.521196006997368,0.14401677622470976,4432.0,0.7775983214378357,0.0,0.0,inf,0.9883898520322449,7587.0,0.0
socofing:000057:right_index,random_rectangles,0.800000011920929,0.08061035867456137,0.21523451069449487,10.93609146456197,0.18257731614528622,3277.0,0.8478965684771538,0.0,0.0,inf,0.9935183273385262,13107.0,0.0,0.08541324180736785,0.22706350557976565,10.6847479443905,0.13864339334189313,3092.0,0.8478965684771538,0.0,0.0,inf,0.9911648969900609,8512.0,0.0
socofing:000057:right_middle,irregular,0.10000000149011612,0.060191026376276886,0.18473082409897398,12.20468251030536,0.2513050186638334,14746.0,0.9304308285936713,0.0,0.0,inf,0.8115468395480709,1638.0,0.0,0.07600194910527598,0.21991721488117086,11.191752698927395,0.062376800933863545,10544.0,0.8956139674410224,0.0,0.0,inf,0.8191550746062741,735.0,0.0
socofing:000057:right_ring,irregular,0.20000000298023224,0.04769720843285824,0.16456579795406245,13.215070381020812,0.28791483526886097,13107.0,0.7950087711215019,0.0,0.0,inf,0.8927585586841953,3277.0,0.0,0.06084615557204594,0.1980367153646268,12.15766856490462,0.11199822490408652,9777.0,0.7950087711215019,0.0,0.0,inf,0.9030081820883157,2034.0,0.0
socofing:000057:right_little,irregular,0.30000001192092896,0.04346515159617194,0.15622087075854202,13.618588013196932,0.37736763358986547,11469.0,0.8613771181553602,0.0,0.0,inf,0.9147421287339091,4915.0,0.0,0.059891977554448375,0.19520038839011253,12.226313468455704,0.1708614996810149,7827.0,0.8613771181553602,0.0,0.0,inf,0.9211047801813393,3150.0,0.0
socofing:000061:left_thumb,irregular,0.4000000059604645,0.05114109787527975,0.16924873733313212,12.91229952960878,0.45828347471793945,9830.0,0.9006680399179459,0.0,0.0,inf,0.8791568897924071,6554.0,0.0,0.08171343795827049,0.23627508037681375,10.877065168920105,0.23040166683259294,5602.0,0.9006680399179459,0.0,0.0,inf,0.9314608816913199,3798.0,0.0
socofing:000061:left_index,irregular,0.5,0.040527473113072504,0.1434602750503018,13.922504736641825,0.4932347493651966,8192.0,0.8147962084040046,0.0,0.0,inf,0.9416073191275269,8192.0,0.0,0.06705961231189059,0.20852464817201963,11.735389616631384,0.23915161346839525,4742.0,0.8147962084040046,0.0,0.0,inf,0.9740255390712967,5483.0,0.0
socofing:000061:left_middle,irregular,0.6000000238418579,0.03763527581488975,0.13599168055782906,14.244048968358802,0.5054992104812357,6554.0,0.8340554609894753,0.0,0.0,inf,0.9458423991284389,9830.0,0.0,0.06157766911116997,0.19754829845019228,12.105767543954,0.28084154002267564,3763.0,0.8340554609894753,0.0,0.0,inf,0.9718806440686736,5475.0,0.0
socofing:000061:left_ring,irregular,0.699999988079071,0.03132406133022016,0.12295478832797126,15.041219343869232,0.5413877061453484,4915.0,0.8310496211051941,0.0,0.0,inf,0.950048882844672,11469.0,0.0,0.06136713787220223,0.1987772983622237,12.120641314870502,0.2657979384097755,2144.0,0.8310496211051941,0.0,0.0,inf,0.9646615886517228,5472.0,0.0
socofing:000061:left_little,irregular,0.800000011920929,0.033531951049526415,0.11402780651565338,14.74541176502826,0.5996642993647523,3277.0,0.8764090016484261,0.0,0.0,inf,0.9742674406302976,13107.0,0.0,0.08319680131441534,0.22388772844564042,10.798933708030658,0.23080036683184654,1222.0,0.8764090016484261,0.0,0.0,inf,0.9870449276138357,7326.0,0.0
socofing:000061:right_thumb,central_missing,0.10000000149011612,0.07359806336773897,0.20771295862678107,11.331336133767692,0.2422603224377204,14746.0,0.9028140301816165,0.0,0.0,inf,0.8912870990570706,1638.0,0.0,0.09373251168228125,0.24946899723459923,10.281097453428787,0.059851170639749346,11148.0,0.9028140301816165,0.0,0.0,inf,0.9071895966305097,94.0,0.0
socofing:000061:right_index,central_missing,0.20000000298023224,0.07053440122626398,0.20313483251617134,11.515990160753773,0.23910596795819872,13107.0,0.9450033903121948,0.0,0.0,inf,0.9427896898036389,3277.0,0.0,0.08649136728990033,0.23804702984632792,10.630272373381317,0.09023479641525144,10509.0,0.9450033903121948,0.0,0.0,inf,0.8671409882087968,650.0,0.0
socofing:000061:right_middle,central_missing,0.30000001192092896,0.07504624745147276,0.21041846352720556,11.246710189685205,0.258959125418237,11469.0,0.80100017786026,0.0,0.0,inf,0.9616880309977344,4915.0,0.0,0.09551319793213658,0.25615949979974395,10.199366138290877,0.07967591944742644,8917.0,0.80100017786026,0.0,0.0,inf,0.9447340253959273,1092.0,0.0
socofing:000061:right_ring,central_missing,0.4000000059604645,0.055844711668030886,0.18353626221718716,12.53017947027053,0.23372910473782238,9830.0,0.7584660053253174,0.0,0.0,inf,0.9825722940357128,6554.0,0.0,0.06685001737051796,0.21225858956377502,11.748984755535432,0.12136795976729407,8123.0,0.7584660053253174,0.0,0.0,inf,0.9766739801501337,1385.0,0.0
socofing:000061:right_little,central_missing,0.5,0.0875222929387045,0.22135557271434436,10.578813130675194,0.25324760031094057,8192.0,0.8426232635974884,0.0,0.0,inf,0.9817274372779605,8192.0,0.0,0.10014492284866293,0.25006166716655887,9.993710636914493,0.07954193764340331,4685.0,0.8426232635974884,0.0,0.0,inf,0.9775122699463186,2257.0,0.0
socofing:000064:left_thumb,central_missing,0.6000000238418579,0.08476958626917262,0.24014266903798084,10.717599364776301,0.0582900574835308,6554.0,0.8610547110438347,0.0,0.0,inf,0.9900350239940361,9830.0,0.0,0.08476958626917262,0.24014266903798084,10.717599364776301,0.0582900574835308,6554.0,0.8610547110438347,0.0,0.0,inf,0.9827755030528178,5687.0,0.0
socofing:000064:left_index,central_missing,0.699999988079071,0.08786619360957129,0.242463824295724,10.56178186961262,0.07726595419326747,4915.0,0.8928205817937851,0.0,0.0,inf,0.9892334549239495,11469.0,0.0,0.08786619360957129,0.242463824295724,10.56178186961262,0.07726595419326747,4915.0,0.8928205817937851,0.0,0.0,inf,0.975374541286428,4914.0,0.0
socofing:000064:left_middle,central_missing,0.800000011920929,0.08032567098262534,0.22893515709238532,10.951456379789398,0.1087389286333549,3277.0,0.8481882736086845,0.0,0.0,inf,0.9953426833624098,13107.0,0.0,0.08032567098262534,0.22893515709238532,10.951456379789398,0.1087389286333549,3277.0,0.8481882736086845,0.0,0.0,inf,0.9926850270618461,8345.0,0.0
socofing:000064:left_ring,peripheral_only,0.10000000149011612,0.05510300073608087,0.1794207476451273,12.5882475019292,0.3773973469814174,14746.0,0.8166702091693878,0.0,0.0,inf,0.8296256615157719,1638.0,0.0,0.07898187237185827,0.2326064382657586,11.024725749407319,0.09214721402980074,8568.0,0.8166702091693878,0.0,0.0,inf,0.9171340337594531,1010.0,0.0
socofing:000064:left_little,peripheral_only,0.20000000298023224,0.05381548963620325,0.1874775399302661,12.690927039745723,0.44816589443831106,13107.0,0.8224890977144241,0.0,0.0,inf,0.7833716661567165,3277.0,0.0,0.0972890659394957,0.2645638604466252,10.119359661959155,0.10042219271426929,5762.0,0.8224890977144241,0.0,0.0,inf,0.9411286387917903,986.0,0.0
socofing:000064:right_thumb,peripheral_only,0.30000001192092896,0.05612532117980411,0.17907282123165133,12.508411607108027,0.288780296586965,11469.0,0.9279826264828444,0.0,0.0,inf,0.9699625468235773,4915.0,0.0,0.06798134185629581,0.21351056257763704,11.676102673046904,0.11801992405779957,8423.0,0.9279826264828444,0.0,0.0,inf,0.9679339614030715,4258.0,0.0
socofing:000064:right_index,peripheral_only,0.4000000059604645,0.057751919539890624,0.1760746827278957,12.384335762543824,0.3605342020558937,9830.0,0.9057213645428419,0.0,0.0,inf,0.9717399053261851,6554.0,0.0,0.07906183952195384,0.23234745908953935,11.020330851999805,0.1427531845139823,6472.0,0.8824546709656715,0.0,0.0,inf,0.976803134471988,5475.0,0.0
socofing:000064:right_middle,peripheral_only,0.5,0.05012837533959006,0.1606423450414809,12.999163706409822,0.4323689498493602,8192.0,0.8164578080177307,0.0,0.0,inf,0.9773348915863906,8192.0,0.0,0.07347126258136233,0.22155856020899276,11.338824968725538,0.1850397054258182,5242.0,0.8164578080177307,0.0,0.0,inf,0.9784248956562108,5329.0,0.0
socofing:000064:right_ring,peripheral_only,0.6000000238418579,0.04762753301564115,0.15349327714999794,13.221419132488828,0.43819355098185164,6554.0,0.7994355782866478,0.0,0.0,inf,0.9822992636918487,9830.0,0.0,0.07287206828525375,0.21865100697777182,11.374389039742407,0.15843730151567675,4087.0,0.7994355782866478,0.0,0.0,inf,0.9821570505897232,6822.0,0.0
socofing:000064:right_little,peripheral_only,0.699999988079071,0.04664523441569692,0.1423559339303004,13.311927200351164,0.48389696341332883,4915.0,0.9018786698579788,0.0,0.0,inf,0.9882997740816377,11469.0,0.0,0.07427441494614571,0.20916084420160647,11.291607604150588,0.22052768484958113,3009.0,0.9018786698579788,0.0,0.0,inf,0.989610806913818,8052.0,0.0
socofing:000066:left_thumb,peripheral_only,0.800000011920929,0.049536297292274774,0.14589856723255257,13.0507645890543,0.5724414870679257,3277.0,0.8815956637263298,0.0,0.0,inf,0.9913984876878515,13107.0,0.0,0.0939683914052187,0.2510283520961878,10.270182075366552,0.2450307064624643,1653.0,0.8815956637263298,0.0,0.0,inf,0.9927652532002306,9893.0,0.0
socofing:000066:left_index,central_only,0.10000000149011612,0.05539924723402771,0.17918429243687561,12.564961364327441,0.3352834762020801,14746.0,0.849834319204092,0.0,0.0,inf,0.981143093134461,1638.0,0.0,0.07252928954700803,0.22050403390121867,11.394865766031263,0.11374913750912936,9859.0,0.849834319204092,0.0,0.0,inf,0.981143093134461,1638.0,0.0
socofing:000066:left_middle,central_only,0.20000000298023224,0.06565095551853126,0.1932224454131909,11.827589485782251,0.3175515357112905,13107.0,0.9125701561570168,0.0,0.0,inf,0.9784971825320117,3277.0,0.0,0.08508022191532884,0.23837467453414452,10.701713859945428,0.10259199744154966,8529.0,0.9125701561570168,0.0,0.0,inf,0.9784971825320117,3277.0,0.0
socofing:000066:left_ring,central_only,0.30000001192092896,0.0424716313588543,0.1568629501401444,13.719010571976533,0.4322899295770983,11469.0,0.7087299525737762,0.0,0.0,inf,0.9839808189272023,4915.0,0.0,0.05796078240284982,0.19248244277592894,12.368657606931528,0.20652240019653853,6519.0,0.683158993255347,0.0,0.0,inf,0.9839808189272023,4915.0,0.0
socofing:000066:left_little,central_only,0.4000000059604645,0.028296127385688697,0.13150877293259935,15.482729980485088,0.6015406700418754,9830.0,0.7986481785774231,0.0,0.0,inf,0.9455780956190809,6554.0,0.0,0.06108645057564433,0.20320427481490366,12.140551087883535,0.12786088822530797,2978.0,0.7986481785774231,0.0,0.0,inf,0.9901050885256497,5176.0,0.0
socofing:000066:right_thumb,central_only,0.5,0.047944655959607126,0.1517056034028883,13.19259793427521,0.5141271566676614,8192.0,0.9250912060961127,0.0,0.0,inf,0.9910988425581166,8192.0,0.0,0.08194485166057272,0.22877356016278994,10.864783266040366,0.23238267202816157,3981.0,0.9250912060961127,0.0,0.0,inf,0.9910988425581166,8192.0,0.0
socofing:000066:right_index,central_only,0.6000000238418579,0.02690338072566507,0.11056545200673275,15.70193142367588,0.6792021837840803,6554.0,0.6582797761075199,0.0,0.0,inf,0.9782646805432146,9830.0,0.0,0.07641872794985838,0.2364679933176755,11.168001957624373,0.2491981086250524,1535.0,0.6232707500457764,0.0,0.0,inf,0.9937025372253233,9100.0,0.0
socofing:000066:right_middle,central_only,0.699999988079071,0.027396630371798257,0.10457307098533802,15.623028496221655,0.707417419430107,4915.0,0.6984994262456894,0.0,0.0,inf,0.9912855775385903,11469.0,0.0,0.07977736357337362,0.2365672786348193,10.98120320049931,0.2188183435974524,1192.0,0.6984994262456894,0.0,0.0,inf,0.9957453998487351,10467.0,0.0
socofing:000066:right_ring,central_only,0.800000011920929,0.0037484807026967634,0.046833340645854996,24.261447205745405,0.8840753362303794,3277.0,0.47756826877593994,0.0,0.0,inf,0.9930323704099869,13107.0,0.0,0.008283479596919142,0.07314159073370838,20.817871931303024,0.7709332854341306,291.0,0.38988587260246277,0.0,0.0,inf,0.9977779602346191,11572.0,0.0
socofing:000066:right_little,disconnected_fragments,0.10000000149011612,0.055881884161172075,0.18092580133400177,12.527289592685758,0.3439772727942575,14746.0,0.8580698035657406,0.0,0.0,inf,0.8820034322654231,1638.0,0.0,0.07565146359358699,0.22187077990494322,11.211826654667043,0.10299734750932941,8983.0,0.8580698035657406,0.0,0.0,inf,0.9197208552049079,981.0,0.0
socofing:000068:left_thumb,disconnected_fragments,0.20000000298023224,0.061324570939950536,0.1818819156629541,12.123654816713321,0.28112675862386627,13107.0,0.9136257758364081,0.0,0.0,inf,0.9661274781905488,3277.0,0.0,0.07290638967122502,0.21179672767288588,11.372344075208837,0.12120853429021014,9562.0,0.8634446822106838,0.0,0.0,inf,0.9656684468871573,3056.0,0.0
socofing:000068:left_index,disconnected_fragments,0.30000001192092896,0.0461020931996484,0.15808124970286605,13.362793556424752,0.38237205129889984,11469.0,0.9056299887597561,0.0,0.0,inf,0.9648610279623034,4915.0,0.0,0.06361582525198461,0.20350800704332683,11.964348345923131,0.16639855722373215,7730.0,0.9056299887597561,0.0,0.0,inf,0.9714742792826185,4552.0,0.0
socofing:000068:left_middle,disconnected_fragments,0.4000000059604645,0.07858866631620484,0.2040393036045513,11.046400813300552,0.249004640431801,9830.0,0.9360085725784302,0.0,0.0,inf,0.9870990893018697,6554.0,0.0,0.08710939846714481,0.2333988728595903,10.599349852653734,0.1084187651150202,7141.0,0.9003079496324062,0.0,0.0,inf,0.9870360368162773,5521.0,0.0
socofing:000068:left_ring,disconnected_fragments,0.5,0.027140729008670053,0.11642209695668271,15.663784912307925,0.5631380215494235,8192.0,0.7990945540368557,0.0,0.0,inf,0.973372657529854,8192.0,0.0,0.045219106311927895,0.162151291467615,13.446780250873768,0.26978867783081234,3342.0,0.7990945540368557,0.0,0.0,inf,0.9832156108261918,7549.0,0.0
socofing:000068:left_little,disconnected_fragments,0.6000000238418579,0.11760642212267818,0.23250377535964098,9.295689621349824,0.3599772162145705,6554.0,0.8910597637295723,0.0,0.0,inf,0.982545109666618,9830.0,0.0,0.14861173560233282,0.2763027376866145,8.27946893764604,0.17428120371345282,3315.0,0.8910597637295723,0.0,0.0,inf,0.9811850972768065,6939.0,0.0
socofing:000068:right_thumb,disconnected_fragments,0.699999988079071,0.07268560345831986,0.18863907793568996,11.385515995640286,0.30420738192267677,4915.0,0.938905774615705,0.0,0.0,inf,0.994256921283908,11469.0,0.0,0.08813439865253662,0.22946384784034812,10.548545543660987,0.15284853613626032,3250.0,0.8948213420808315,0.0,0.0,inf,0.9939115769217562,9499.0,0.0
socofing:000068:right_index,disconnected_fragments,0.800000011920929,0.01707649192346667,0.08655052251322606,17.67601342942236,0.6806597312405572,3277.0,0.5743998810648918,0.0,0.0,inf,0.9966897309499575,13107.0,0.0,0.03507797904038688,0.1546316529902454,14.549654357418868,0.32608289745475066,1178.0,0.5570136290043592,0.0,0.0,inf,0.9970019574985811,11043.0,0.0
socofing:000068:right_middle,stripes,0.10000000149011612,0.052883618279237994,0.17095791688447856,12.766788382245997,0.26794335206483255,14746.0,0.9190133204683661,0.0,0.0,inf,0.9579445612785188,1638.0,0.0,0.06652189830452201,0.20358578738972036,11.770353660157223,0.08760876055900418,11255.0,0.9190133204683661,0.0,0.0,inf,0.9561283021746867,1181.0,0.0
socofing:000068:right_ring,stripes,0.20000000298023224,0.049932295966820556,0.16475668142539676,13.01618463930956,0.2853396129669134,13107.0,0.8850154839456081,0.0,0.0,inf,0.9642601385232795,3277.0,0.0,0.06486507171093367,0.1993085019128124,11.879890974459586,0.082708904091734,9725.0,0.8850154839456081,0.0,0.0,inf,0.9686638142150938,2593.0,0.0
socofing:000068:right_little,stripes,0.30000001192092896,0.04091294169141775,0.15131836657309466,13.881392930653025,0.392730516479209,11469.0,0.8067874237895012,0.0,0.0,inf,0.9756449196000143,4915.0,0.0,0.060872647151454275,0.1987788523074848,12.155778117959994,0.11155682102534827,7214.0,0.8067874237895012,0.0,0.0,inf,0.9769702682377837,3458.0,0.0
socofing:000077:left_thumb,stripes,0.4000000059604645,0.07402284794190915,0.20922564502837684,11.30634209950681,0.1797153242773603,9830.0,0.7992593040689826,0.0,0.0,inf,0.9780218337785471,6554.0,0.0,0.08512838733616399,0.23646377969009238,10.699255937618515,0.06657357239642513,8258.0,0.7992593040689826,0.0,0.0,inf,0.9704120625803505,4375.0,0.0
socofing:000077:left_index,stripes,0.5,0.06003731313471135,0.17784731794642994,12.21578752086315,0.31260780735546945,8192.0,0.8325766175985336,0.0,0.0,inf,0.9800643392631168,8192.0,0.0,0.0799640096603944,0.22770130835149183,10.971054370436185,0.09842297054306592,5846.0,0.8325766175985336,0.0,0.0,inf,0.9838437886554589,5913.0,0.0
socofing:000077:left_middle,stripes,0.6000000238418579,0.059896171283338864,0.18182054057155744,12.226009379389438,0.22923592906308118,6554.0,0.8506340533494949,0.0,0.0,inf,0.99313333452722,9830.0,0.0,0.07183306087407014,0.21419795252461138,11.436756274773753,0.07121390384094384,5323.0,0.8506340533494949,0.0,0.0,inf,0.9911227073999145,6442.0,0.0
socofing:000077:left_ring,stripes,0.699999988079071,0.049278884818134666,0.1643896648642301,13.07339128822739,0.262347776947067,4915.0,0.8213833495974541,0.0,0.0,inf,0.9906574961038047,11469.0,0.0,0.06026410017991735,0.19785922938250977,12.199413236262293,0.09332889198066584,3713.0,0.7608804553747177,0.0,0.0,inf,0.9878087401748054,6708.0,0.0
socofing:000077:left_little,stripes,0.800000011920929,0.07328555080370505,0.20569557079796383,11.349816437053564,0.23539285962731404,3277.0,0.8031026721000671,0.0,0.0,inf,0.9932010741286826,13107.0,0.0,0.07999385786607588,0.2221511506237074,10.9694335797401,0.1618934041519159,2867.0,0.8031026721000671,0.0,0.0,inf,0.9909702447639396,8845.0,0.0
socofing:000077:right_thumb,severe_partial,0.10000000149011612,0.06305933681994146,0.18984484002642762,12.002506009359484,0.2650262326221093,14746.0,0.8677039733156562,0.0,0.0,inf,0.9533169138868237,1638.0,0.0,0.07907990040654216,0.22725866021492072,11.019338863097616,0.08720757350576865,10920.0,0.8574888631701469,0.0,0.0,inf,0.9533169138868237,1638.0,0.0
socofing:000077:right_index,severe_partial,0.20000000298023224,0.05510824040112788,0.17643151148548175,12.587834557188685,0.34405034571810167,13107.0,0.8480605473741889,0.0,0.0,inf,0.9673890702801565,3277.0,0.0,0.0743055642931524,0.22008381761994328,11.289786633413165,0.1438725353255828,9206.0,0.8480605473741889,0.0,0.0,inf,0.9726155947164296,3091.0,0.0
socofing:000077:right_middle,severe_partial,0.30000001192092896,0.05844629977964906,0.17246127822505009,12.332429787048456,0.3130436035733912,11469.0,0.9295393223874271,0.0,0.0,inf,0.9606325987149137,4915.0,0.0,0.07549837587584819,0.2127565503596902,11.220623908309937,0.11411666986253628,8006.0,0.9295393223874271,0.0,0.0,inf,0.9600344983539585,4582.0,0.0
socofing:000077:right_ring,random_rectangles,0.10000000149011612,0.07162188530664865,0.20524514652157064,11.449542512171941,0.19217653659135128,14746.0,0.9072397314012051,0.0,0.0,inf,0.8739093129066288,1638.0,0.0,0.08459255210759833,0.2326429440897246,10.726678724333262,0.06412457108069648,11878.0,0.9072397314012051,0.0,0.0,inf,0.6946952726328461,80.0,0.0
socofing:000077:right_little,random_rectangles,0.20000000298023224,0.0803548829568488,0.21704595719476275,10.949877271547678,0.2718403888182423,13107.0,0.8174125403165817,0.0,0.0,inf,0.9257563003116082,3277.0,0.0,0.11279560938365642,0.2778382016745819,9.477078051182934,0.07295695216087557,8413.0,0.8174125403165817,0.0,0.0,inf,0.91502160743393,364.0,0.0
socofing:000081:left_thumb,random_rectangles,0.30000001192092896,0.10072606449150917,0.2423789411966657,9.968581342116561,0.15900686201354863,11469.0,0.8954717069864273,0.0,0.0,inf,0.9604482856692231,4915.0,0.0,0.11558168912429696,0.27237893110983113,9.37110962993004,0.06159964651632131,9900.0,0.8954717069864273,0.0,0.0,inf,0.9246594524022417,1191.0,0.0
socofing:000081:left_index,random_rectangles,0.4000000059604645,0.09486776288167034,0.2384024683602338,10.228813405872458,0.13479358508007744,9830.0,0.9754853248596191,0.0,0.0,inf,0.9653494485072652,6554.0,0.0,0.10347869083848527,0.25741789339012855,9.851490744009748,0.06860578635347882,8883.0,0.9754853248596191,0.0,0.0,inf,0.9402546284335607,2545.0,0.0
socofing:000081:left_middle,random_rectangles,0.5,0.08852285682302902,0.23215660033247332,10.529445789013884,0.13441018562758783,8192.0,0.941559012979269,0.0,0.0,inf,0.9771709024334784,8192.0,0.0,0.09445300335390881,0.24625778941794588,10.24784228114913,0.07958575324910701,7670.0,0.941559012979269,0.0,0.0,inf,0.9561485041273247,4163.0,0.0
socofing:000081:left_ring,random_rectangles,0.6000000238418579,0.06997521891836163,0.20008807373424975,11.55055734163869,0.21107191982340115,6554.0,0.8833665065467358,0.0,0.0,inf,0.9848613115733866,9830.0,0.0,0.08011560446801873,0.22483122243750736,10.962828862338137,0.10680020354784424,5712.0,0.8833665065467358,0.0,0.0,inf,0.9818905380330977,6451.0,0.0
socofing:000081:left_little,random_rectangles,0.699999988079071,0.05921191437372121,0.18320839097638097,12.275908975651319,0.3175258957888114,4915.0,0.8895362466573715,0.0,0.0,inf,0.9753198414860086,11469.0,0.0,0.07313837859435923,0.220009943062817,11.35854671771122,0.18269650507479876,3958.0,0.8895362466573715,0.0,0.0,inf,0.9562148608778722,6162.0,0.0
socofing:000081:right_thumb,random_rectangles,0.800000011920929,0.0757860269112821,0.21877903511337332,11.204108602614351,0.09514112551315645,3277.0,0.8222625777125359,0.0,0.0,inf,0.9897806085777922,13107.0,0.0,0.0757860269112821,0.21877903511337332,11.204108602614351,0.09514112551315645,3277.0,0.8222625777125359,0.0,0.0,inf,0.9853065419733567,9116.0,0.0
socofing:000081:right_index,irregular,0.10000000149011612,0.04943700189215241,0.16934630018690514,13.059478749171236,0.3301825870241564,14746.0,0.8433432560414076,0.0,0.0,inf,0.8174620748225951,1638.0,0.0,0.06618713899392549,0.2088682678201442,11.792263913246234,0.11373971819088305,10146.0,0.8433432560414076,0.0,0.0,inf,0.8815163097952783,1120.0,0.0
socofing:000081:right_middle,irregular,0.20000000298023224,0.05257738847219525,0.1720579417545766,12.792009891745352,0.2990423994624975,13107.0,0.856898844242096,0.0,0.0,inf,0.914689249936605,3277.0,0.0,0.06486106944102628,0.20424450653599707,11.880158948781643,0.1455662379113057,10240.0,0.856898844242096,0.0,0.0,inf,0.9023799858374603,2053.0,0.0
socofing:000081:right_ring,irregular,0.30000001192092896,0.051629383109441214,0.17535838918544905,12.871030640631043,0.3236039153120212,11469.0,0.8344549238681793,0.0,0.0,inf,0.8387283720377822,4915.0,0.0,0.07146248680644546,0.21827983393433012,11.459218749580238,0.1533929154411355,7758.0,0.8344549238681793,0.0,0.0,inf,0.8621476234066537,2679.0,0.0
socofing:000081:right_little,irregular,0.4000000059604645,0.0638174820537504,0.186347745116639,11.950603350803725,0.31382202602948334,9830.0,0.8411949276924133,0.0,0.0,inf,0.9331166873125908,6554.0,0.0,0.08076651416523169,0.22660510546523577,10.92768660606022,0.1536898521968668,7492.0,0.8411949276924133,0.0,0.0,inf,0.9304785776945297,3611.0,0.0
socofing:000089:left_thumb,irregular,0.5,0.06595210582629593,0.1937787045303594,11.807713330343798,0.31865023965279926,8192.0,0.9294500942341983,0.0,0.0,inf,0.9593801278192662,8192.0,0.0,0.08002243249900197,0.2290876725503055,10.967882511969961,0.19032544617926003,6521.0,0.9294500942341983,0.0,0.0,inf,0.9501257256606465,5708.0,0.0
socofing:000089:left_index,irregular,0.6000000238418579,0.04623143620146895,0.15051461592914014,13.350626147885142,0.44521402885368094,6554.0,0.8549036346375942,0.0,0.0,inf,0.9664940420605695,9830.0,0.0,0.06850821586561615,0.20306349150877548,11.64257342505536,0.22147166053802836,4262.0,0.8549036346375942,0.0,0.0,inf,0.9739527651660027,7603.0,0.0
socofing:000089:left_middle,irregular,0.699999988079071,0.05177174679986232,0.16441773015073485,12.859071814979028,0.3781767695412732,4915.0,0.8199668824672699,0.0,0.0,inf,0.9831087212397667,11469.0,0.0,0.06770902557166025,0.2089080470157141,11.69353436267501,0.21031693629857423,3546.0,0.8199668824672699,0.0,0.0,inf,0.979939596221348,8761.0,0.0
socofing:000089:left_ring,irregular,0.800000011920929,0.0450356730062236,0.1404702056220343,13.464433428412793,0.49987935229558256,3277.0,0.8149222061038017,0.0,0.0,inf,0.9855859200162466,13107.0,0.0,0.07293116841383541,0.21390663098845222,11.37086828647114,0.26337959701514896,1842.0,0.8149222061038017,0.0,0.0,inf,0.9864221521518277,10333.0,0.0
socofing:000089:left_little,central_missing,0.10000000149011612,0.057402322997483594,0.186747626374642,12.410705319125736,0.2807978435787997,14746.0,0.8393935523927212,0.0,0.0,inf,0.8462246941346657,1638.0,0.0,0.07626665346259509,0.2236793538754729,11.176653097882204,0.06380751281865633,10088.0,0.8393935523927212,0.0,0.0,inf,0.8034762685333613,120.0,0.0
socofing:000089:right_thumb,central_missing,0.20000000298023224,0.0982858929931871,0.23681536184104707,10.07508812125851,0.15319326923695048,13107.0,0.914494751021266,0.0,0.0,inf,0.9578316140667966,3277.0,0.0,0.113371887017211,0.2667259778804268,9.454946246931131,0.04476506914497459,11259.0,0.914494751021266,0.0,0.0,inf,0.9492324172822306,606.0,0.0
socofing:000089:right_index,central_missing,0.30000001192092896,0.07276283209878798,0.20571374819147153,11.380904055274799,0.17210345695377213,11469.0,0.907958623021841,0.0,0.0,inf,0.9485040781496011,4915.0,0.0,0.08251685595622654,0.22710508388310902,10.834573278010946,0.07887986130577586,9973.0,0.907958623021841,0.0,0.0,inf,0.8904489736641992,820.0,0.0
socofing:000089:right_middle,central_missing,0.4000000059604645,0.06986918763199895,0.19703735694652072,11.557143062517563,0.1594207865288441,9830.0,0.9283013921231031,0.0,0.0,inf,0.984674834353619,6554.0,0.0,0.07648243305029175,0.21383150362601436,11.164383047864995,0.08663655331642475,8974.0,0.9283013921231031,0.0,0.0,inf,0.968164590900583,2803.0,0.0
socofing:000089:right_ring,central_missing,0.5,0.06406539897959986,0.2033295032483693,11.93376464856618,0.05261820267796551,8192.0,0.8926988234743476,0.0,0.0,inf,0.9805769479401448,8192.0,0.0,0.06406539897959986,0.2033295032483693,11.93376464856618,0.05261820267796551,8192.0,0.8926988234743476,0.0,0.0,inf,0.9550370837275854,3535.0,0.0
socofing:000089:right_little,central_missing,0.6000000238418579,0.09821201538889501,0.24599363254805243,10.078353767967553,0.068383870052132,6554.0,0.9244446149095893,0.0,0.0,inf,0.9843407484459141,9830.0,0.0,0.0990557457870332,0.2479665507411251,10.0412032788688,0.06152618855620128,6498.0,0.9244446149095893,0.0,0.0,inf,0.9581310002257253,3174.0,0.0
socofing:000093:left_thumb,central_missing,0.699999988079071,0.10086251694659115,0.2623898969660963,9.962701985566495,0.10521519131476144,4915.0,0.8235429376363754,0.0,0.0,inf,0.9932289370913097,11469.0,0.0,0.10086251694659115,0.2623898969660963,9.962701985566495,0.10521519131476144,4915.0,0.8235429376363754,0.0,0.0,inf,0.9897074459244837,7545.0,0.0
socofing:000093:left_index,central_missing,0.800000011920929,0.09249208119308124,0.25075346217918454,10.33895448248694,0.1192583516931749,3277.0,0.8265383690595627,0.0,0.0,inf,0.9954947302524079,13107.0,0.0,0.09249208119308124,0.25075346217918454,10.33895448248694,0.1192583516931749,3277.0,0.8265383690595627,0.0,0.0,inf,0.992828446613834,8234.0,0.0
socofing:000093:left_middle,peripheral_only,0.10000000149011612,0.05106212095849999,0.17485033575598635,12.919011499422187,0.32599142372596035,14746.0,0.8129742704331875,0.0,0.0,inf,0.9011963701485033,1638.0,0.0,0.06722061556214495,0.21394587164565138,11.724975148653694,0.12784940961744642,10506.0,0.8129742704331875,0.0,0.0,inf,0.9130646439732015,1596.0,0.0
socofing:000093:left_ring,peripheral_only,0.20000000298023224,0.04257421795896533,0.15721035746595613,13.708533207987221,0.3412651250513866,13107.0,0.779590304940939,0.0,0.0,inf,0.9086078100418846,3277.0,0.0,0.05844521645698871,0.1956981814660328,12.33251028579955,0.11641279750606091,8818.0,0.779590304940939,0.0,0.0,inf,0.9477308977781382,2648.0,0.0
socofing:000093:left_little,peripheral_only,0.30000001192092896,0.044256693445646124,0.1634153721730905,13.540210366797359,0.4269579129722618,11469.0,0.8293865025043488,0.0,0.0,inf,0.9281613596316417,4915.0,0.0,0.06815852162356274,0.21454755210086027,11.664798381018604,0.16243268501428287,6477.0,0.8293865025043488,0.0,0.0,inf,0.9545016565082003,3223.0,0.0
socofing:000093:right_thumb,peripheral_only,0.4000000059604645,0.05199838138203159,0.16759837519496845,12.840101749766005,0.3945263688821868,9830.0,0.8022817894816399,0.0,0.0,inf,0.9743426849200677,6554.0,0.0,0.07153370794723406,0.2171678337961388,11.454892627329185,0.19351753063037255,6776.0,0.8022817894816399,0.0,0.0,inf,0.9761859386281398,5393.0,0.0
socofing:000093:right_index,peripheral_only,0.5,0.044921180383839465,0.14856714263470394,13.475488404013909,0.44635313634798274,8192.0,0.8244408369064331,0.0,0.0,inf,0.9792920449285973,8192.0,0.0,0.06868286413159268,0.20763793374630485,11.631516026985054,0.18367136221237046,5199.0,0.8244408369064331,0.0,0.0,inf,0.9813570886925991,6613.0,0.0
socofing:000093:right_middle,peripheral_only,0.6000000238418579,0.04264806697617897,0.14955267065546005,13.701006484496535,0.40013554065152945,6554.0,0.8756202384829521,0.0,0.0,inf,0.9842659090873975,9830.0,0.0,0.058271049121540554,0.19345638299197523,12.345471627302674,0.20910873841027694,4641.0,0.8756202384829521,0.0,0.0,inf,0.983875545502508,7839.0,0.0
socofing:000093:right_ring,peripheral_only,0.699999988079071,0.04121655418972834,0.1358210414208449,13.849283191783588,0.43190430388534506,4915.0,0.8131197243928909,0.0,0.0,inf,0.9862999396908652,11469.0,0.0,0.06401541216676726,0.19638695325044742,11.937154539352948,0.1680965019256069,3087.0,0.8131197243928909,0.0,0.0,inf,0.986349654757646,8921.0,0.0
socofing:000093:right_little,peripheral_only,0.800000011920929,0.0491406749516989,0.1438092807122257,13.085588827402416,0.5160906807165044,3277.0,0.8139634132385254,0.0,0.0,inf,0.9880789823412259,13107.0,0.0,0.08750998718896312,0.23606071723374344,10.579423797372021,0.17947158125548074,1783.0,0.8139634132385254,0.0,0.0,inf,0.9886218723788748,8866.0,0.0
socofing:000096:left_thumb,central_only,0.10000000149011612,0.05962393384983032,0.18710026974244368,12.245793736084378,0.32217500347345407,14746.0,0.9236900880932808,0.0,0.0,inf,0.9755734442476209,1638.0,0.0,0.08004070198267063,0.2322063108093203,10.96689111116994,0.09449379273298238,9976.0,0.9236900880932808,0.0,0.0,inf,0.9755734442476209,1638.0,0.0
socofing:000096:left_index,central_only,0.20000000298023224,0.055689562251734166,0.172499407143655,12.542261958722001,0.4392478862691541,13107.0,0.8155208975076675,0.0,0.0,inf,0.9727047834164163,3277.0,0.0,0.07646702767047514,0.2191151332029606,11.165257908284518,0.19447165803093508,6971.0,0.7967893928289413,0.0,0.0,inf,0.9727047834164163,3277.0,0.0
socofing:000096:left_middle,central_only,0.30000001192092896,0.029362845405863994,0.1278645163438503,15.322018614198399,0.4828818287668759,11469.0,0.77399080991745,0.0,0.0,inf,0.9840220516900589,4915.0,0.0,0.04239520782365339,0.16011840287705423,13.726832314583323,0.1927504553788663,5821.0,0.77399080991745,0.0,0.0,inf,0.9840220516900589,4915.0,0.0
socofing:000096:left_ring,central_only,0.4000000059604645,0.021205813469225905,0.1070572468439839,16.735450630571464,0.5674480828641196,9830.0,0.7232813239097595,0.0,0.0,inf,0.9629595470202483,6554.0,0.0,0.03938432279685246,0.15545888090290869,14.046766177106893,0.16181203460260576,4057.0,0.7232813239097595,0.0,0.0,inf,0.9887597716580953,5650.0,0.0
socofing:000096:left_little,central_only,0.5,0.02157414128589173,0.1100122229408953,16.660664814630707,0.6761777799118212,8192.0,0.7726166546344757,0.0,0.0,inf,0.9513071235422845,8192.0,0.0,0.058779681629913,0.1952293233290398,12.307727705387794,0.12417928394536036,1790.0,0.7726166546344757,0.0,0.0,inf,0.9894780817960586,6223.0,0.0
socofing:000096:right_thumb,central_only,0.6000000238418579,0.02262657144332607,0.10242915663890641,16.453812487872707,0.6516776611226236,6554.0,0.8589839898049831,0.0,0.0,inf,0.9887402194667262,9830.0,0.0,0.03679793202385194,0.14361113523669167,14.341765871923906,0.3064231247457377,2262.0,0.7041637748479843,0.0,0.0,inf,0.9911345134805993,9703.0,0.0
socofing:000096:right_index,central_only,0.699999988079071,0.0135417266022239,0.07447230002728204,18.683259585451005,0.7636281072258699,4915.0,0.6681170612573624,0.0,0.0,inf,0.9838371552965017,11469.0,0.0,0.042479553923529145,0.15998738155372108,13.718200524154518,0.3334217882316369,806.0,0.6681170612573624,0.0,0.0,inf,0.9940455126100413,9476.0,0.0
socofing:000096:right_middle,central_only,0.800000011920929,0.03470802842418129,0.11337920248455592,14.595700555541015,0.6564773870930862,3277.0,0.7372477799654007,0.0,0.0,inf,0.9944836732613389,13107.0,0.0,0.08399159891191796,0.24241895956985615,10.757641511840603,0.20268848398673417,806.0,0.656733512878418,0.0,0.0,inf,0.9964861617854469,11723.0,0.0
socofing:000096:right_ring,disconnected_fragments,0.10000000149011612,0.04829219038811151,0.16857417796778362,13.16123095865003,0.3212402151530262,14746.0,0.8490757122635841,0.0,0.0,inf,0.9158857635356475,1638.0,0.0,0.062254255886614075,0.2036369022639412,12.058309535512183,0.1162984294782622,10270.0,0.8490757122635841,0.0,0.0,inf,0.9297654986192139,1595.0,0.0
socofing:000096:right_little,disconnected_fragments,0.20000000298023224,0.04496570254695484,0.16472604519509174,13.47118616753308,0.38529990819095133,13107.0,0.7972042858600616,0.0,0.0,inf,0.9143385877331552,3277.0,0.0,0.06317873723988236,0.20955412943498064,11.994290586339655,0.14796677754418297,8364.0,0.7972042858600616,0.0,0.0,inf,0.9549788821675737,1930.0,0.0
socofing:000097:left_thumb,disconnected_fragments,0.30000001192092896,0.03723471315038248,0.1446003492700961,14.290519875352858,0.4119106129123201,11469.0,0.7949447184801102,0.0,0.0,inf,0.9570988594688874,4915.0,0.0,0.05454276841480267,0.18837576301202977,12.632628224494075,0.1581661835899698,7000.0,0.7949447184801102,0.0,0.0,inf,0.9766204006937506,3939.0,0.0
socofing:000097:left_index,disconnected_fragments,0.4000000059604645,0.050373322590691924,0.16548968199289965,12.977994024237463,0.4194514583712703,9830.0,0.870704248547554,0.0,0.0,inf,0.984425568782196,6554.0,0.0,0.07956805735114851,0.22813895378320986,10.992612450805016,0.14526312100446376,5256.0,0.870704248547554,0.0,0.0,inf,0.9891590869322927,4951.0,0.0
socofing:000097:left_middle,disconnected_fragments,0.5,0.04567296475049639,0.15005221326259743,13.40340796297751,0.39962720623971215,8192.0,0.8230389282107353,0.0,0.0,inf,0.981363894931231,8192.0,0.0,0.06706441933091936,0.2106110191948857,11.735078313457162,0.11045173423661947,4880.0,0.7961592003703117,0.0,0.0,inf,0.9852501835891062,4210.0,0.0
socofing:000097:left_ring,disconnected_fragments,0.6000000238418579,0.09065281411421043,0.1931720081405435,10.426187096566874,0.5245907174379121,6554.0,0.8560493737459183,0.0,0.0,inf,0.9851713403612128,9830.0,0.0,0.14520703843806848,0.28866665989670304,8.380123321157457,0.1837154515716778,2006.0,0.8560493737459183,0.0,0.0,inf,0.9889832728003936,7481.0,0.0
socofing:000097:left_little,disconnected_fragments,0.699999988079071,0.009859285425029205,0.07453575962936526,20.061545604353217,0.8202658172000898,4915.0,0.7700848206877708,0.0,0.0,inf,0.9786928365086465,11469.0,0.0,0.039531700254522885,0.1650874308604551,14.030545062925619,0.5240758066851763,608.0,0.7700848206877708,0.0,0.0,inf,0.9916441871571955,6613.0,0.0
socofing:000097:right_thumb,disconnected_fragments,0.800000011920929,0.04781409668728255,0.14102260880658235,13.20444044581567,0.5150161446309658,3277.0,0.842987410724163,0.0,0.0,inf,0.9982502811239597,13107.0,0.0,0.07654511459672483,0.2080655625382265,11.160825224234665,0.24893054693532018,1998.0,0.842987410724163,0.0,0.0,inf,0.9978411907382545,9634.0,0.0
socofing:000097:right_index,stripes,0.10000000149011612,0.0776051031675966,0.2111647310945581,11.101097194034523,0.2959695925349843,14746.0,0.9015766382217407,0.0,0.0,inf,0.9247050610417112,1638.0,0.0,0.10609333554981784,0.26362762056250183,9.743118962574117,0.07787394283276108,9968.0,0.9015766382217407,0.0,0.0,inf,0.9698587212760776,703.0,0.0
socofing:000097:right_middle,stripes,0.20000000298023224,0.057416186380788325,0.17999484974472005,12.409656569942069,0.2807368777562086,13107.0,0.8492413153871894,0.0,0.0,inf,0.971419315700913,3277.0,0.0,0.07336047370946919,0.22018553751122508,11.345378729658398,0.10320507058590982,9893.0,0.8492413153871894,0.0,0.0,inf,0.9602734856768335,1133.0,0.0
socofing:000097:right_ring,stripes,0.30000001192092896,0.05964762348561372,0.18014449873398827,12.244068550555799,0.2864079884298946,11469.0,0.8914722763001919,0.0,0.0,inf,0.9618121223508074,4915.0,0.0,0.07694527678634137,0.2212956270465227,11.138180337738282,0.09235781067444282,8687.0,0.8914722763001919,0.0,0.0,inf,0.956542541324796,2634.0,0.0
socofing:000097:right_little,stripes,0.4000000059604645,0.04409663798708188,0.15388948108005174,13.555945207207685,0.40495857200063845,9830.0,0.8615759834647179,0.0,0.0,inf,0.9278738662390623,6554.0,0.0,0.06900991980350862,0.21298784996780915,11.610884772877256,0.13555942132294785,5955.0,0.8615759834647179,0.0,0.0,inf,0.9332623291548695,2437.0,0.0
socofing:000103:left_thumb,stripes,0.5,0.03249350704046388,0.1284508822011503,14.882034125046795,0.4000124889257958,8192.0,0.7447884008288383,0.0,0.0,inf,0.9789109068315442,8192.0,0.0,0.04459638795344726,0.161641036110915,13.507003151760184,0.1616092908432006,5404.0,0.7447884008288383,0.0,0.0,inf,0.98157643729867,5867.0,0.0
socofing:000103:left_index,stripes,0.6000000238418579,0.07512285463901974,0.2017722011898776,11.24227917408363,0.2575848566557274,6554.0,0.9431498628109694,0.0,0.0,inf,0.9844722757271296,9830.0,0.0,0.08588078693122081,0.23031521386138679,10.66103984749051,0.1483307258310122,5371.0,0.9431498628109694,0.0,0.0,inf,0.9783297255403466,6574.0,0.0
socofing:000103:left_middle,stripes,0.699999988079071,0.040408772885536126,0.14054281067118307,13.93524337806105,0.5468793013158031,4915.0,0.7230557203292847,0.0,0.0,inf,0.9917906637939867,11469.0,0.0,0.07351640073107203,0.22354810122771027,11.336157636036972,0.2550285166914214,2207.0,0.7230557203292847,0.0,0.0,inf,0.9934538024369094,9404.0,0.0
socofing:000103:left_ring,stripes,0.800000011920929,0.04716312168676088,0.15151099415781896,13.263974570445875,0.44659183561058435,3277.0,0.7829122766852379,0.0,0.0,inf,0.9855543277760812,13107.0,0.0,0.07002434367099405,0.2121151610887136,11.547509530706408,0.2515486884985451,2026.0,0.7829122766852379,0.0,0.0,inf,0.982490530487984,10010.0,0.0
socofing:000103:left_little,severe_partial,0.10000000149011612,0.08137302899494267,0.2199954872267988,10.895195177108425,0.32990550950712827,14746.0,0.7956370562314987,0.0,0.0,inf,0.7586741303985931,1638.0,0.0,0.11685243546599759,0.2789394696254264,9.323622315094863,0.10152529042239186,8932.0,0.7956370562314987,0.0,0.0,inf,0.6766345650397652,152.0,0.0
socofing:000103:right_thumb,severe_partial,0.20000000298023224,0.061544309825787576,0.18216440948940704,12.108120942435963,0.29652599624046533,13107.0,0.8963050227612257,0.0,0.0,inf,0.9523036170501079,3277.0,0.0,0.07783831287320835,0.22258957628231235,11.088065858665864,0.10649207909285949,9218.0,0.8963050227612257,0.0,0.0,inf,0.9511899155578479,3112.0,0.0
socofing:000103:right_index,severe_partial,0.30000001192092896,0.10026403931103657,0.23225654460948875,9.988548030627127,0.31764365419818613,11469.0,0.907124875113368,0.0,0.0,inf,0.9807804906531606,4915.0,0.0,0.11384210191593708,0.2649247776029563,9.436970942829983,0.11495353889691781,6666.0,0.907124875113368,0.0,0.0,inf,0.9787439143617589,4306.0,0.0
socofing:000103:right_middle,random_rectangles,0.10000000149011612,0.07635888651938146,0.21540511269813306,11.171404132015523,0.17662273756845318,14746.0,0.8734517684206367,0.0,0.0,inf,0.8512498838617414,1638.0,0.0,0.09038335125508269,0.2443010736969622,10.439115598336828,0.04915799286999318,11485.0,0.8734517684206367,0.0,0.0,inf,0.7909611988910008,230.0,0.0
socofing:000103:right_ring,random_rectangles,0.20000000298023224,0.07305638353587905,0.20800558734366711,11.3634183019809,0.14982270473311365,13107.0,0.9542807335965335,0.0,0.0,inf,0.9091437866819617,3277.0,0.0,0.07874197421227437,0.2257760831302861,11.03793700813905,0.059561718369929496,11102.0,0.9332990045659244,0.0,0.0,inf,0.8232770662709344,433.0,0.0
socofing:000103:right_little,random_rectangles,0.30000001192092896,0.09510778927576306,0.24781377963433968,10.217839131261846,0.3658277722728536,11469.0,0.732692301273346,0.0,0.0,inf,0.8555373476152154,4915.0,0.0,0.12795966619832733,0.29928207828205117,8.92926901507699,0.21806226879024992,6220.0,0.732692301273346,0.0,0.0,inf,0.8000615076345501,1431.0,0.0
socofing:000107:left_thumb,random_rectangles,0.4000000059604645,0.0701649901922041,0.20094095607111012,11.538795311604158,0.15331320147217123,9830.0,0.9300721874460578,0.0,0.0,inf,0.967280956936836,6554.0,0.0,0.07568811930312055,0.21536805882990281,11.209722859693214,0.08963778412099871,8957.0,0.9300721874460578,0.0,0.0,inf,0.9474158995425254,2450.0,0.0
socofing:000107:left_index,random_rectangles,0.5,0.06046546224759993,0.18930201130677915,12.184926226752573,0.20957141099027446,8192.0,0.8360587954521179,0.0,0.0,inf,0.9806550901207861,8192.0,0.0,0.0670257673615378,0.2075608274368356,11.737582051858322,0.13299472361999182,7383.0,0.8360587954521179,0.0,0.0,inf,0.9639926569340946,3502.0,0.0
socofing:000107:left_middle,random_rectangles,0.6000000238418579,0.053097414484708824,0.16850576720139093,12.749266258556668,0.30814807437056796,6554.0,0.8402295699343085,0.0,0.0,inf,0.9817041482619513,9830.0,0.0,0.06621900813512811,0.20052300735045317,11.790173286378122,0.1748843114173027,5170.0,0.8402295699343085,0.0,0.0,inf,0.9829276500754723,5768.0,0.0
socofing:000107:left_ring,random_rectangles,0.699999988079071,0.060411073331267065,0.18467026886616436,12.18883448036375,0.27800896665631264,4915.0,0.8508532121777534,0.0,0.0,inf,0.9867376438863921,11469.0,0.0,0.07666156593566442,0.22419761638227606,11.15422313828442,0.14673779096721826,3763.0,0.8508532121777534,0.0,0.0,inf,0.9837543458041706,6336.0,0.0
socofing:000107:left_little,random_rectangles,0.800000011920929,0.06596650758776847,0.2041127968110317,11.806765078175257,0.11690537017540985,3277.0,0.8321952670812607,0.0,0.0,inf,0.994697335292825,13107.0,0.0,0.06596650758776847,0.2041127968110317,11.806765078175257,0.11690537017540985,3277.0,0.8321952670812607,0.0,0.0,inf,0.9875999953047382,5605.0,0.0
socofing:000107:right_thumb,irregular,0.10000000149011612,0.07357332017846345,0.20703201458596018,11.33279644900145,0.24845136911595925,14746.0,0.9342219214886427,0.0,0.0,inf,0.8926739215843699,1638.0,0.0,0.09219801124368897,0.2497780798969632,10.352784467902637,0.07628260050056042,11023.0,0.9011120195500553,0.0,0.0,inf,0.9156358454934019,742.0,0.0
socofing:000107:right_index,irregular,0.20000000298023224,0.05378110280682799,0.17846173734424825,12.69370296608636,0.3274776419713176,13107.0,0.8442562185227871,0.0,0.0,inf,0.7956975166618339,3277.0,0.0,0.07671773365286168,0.2297572970931559,11.151042353029082,0.1051382198852602,8287.0,0.8442562185227871,0.0,0.0,inf,0.814906049238197,865.0,0.0
socofing:000107:right_middle,irregular,0.30000001192092896,0.047052555171566084,0.16485285852611947,13.274167873954898,0.321745209362995,11469.0,0.8976713381707668,0.0,0.0,inf,0.9179324719256241,4915.0,0.0,0.057650963953928276,0.19692409138852357,12.39193426680264,0.15970532495821804,8682.0,0.8976713381707668,0.0,0.0,inf,0.9116181821566153,3820.0,0.0
socofing:000107:right_ring,irregular,0.4000000059604645,0.035565852768619635,0.14072853966615145,14.489667736871821,0.4922547270899038,9830.0,0.853709802031517,0.0,0.0,inf,0.904785123953227,6554.0,0.0,0.05948666602805475,0.19887305102638378,12.255803707320005,0.17933092435702952,4382.0,0.853709802031517,0.0,0.0,inf,0.9589707538712142,4326.0,0.0
socofing:000107:right_little,irregular,0.5,0.03306920730230714,0.13620335841386577,14.805762153784032,0.5067587058414531,8192.0,0.7031969130039215,0.0,0.0,inf,0.8905467884957233,8192.0,0.0,0.05999543442052578,0.19995345576200227,12.218817976399396,0.21765781287412006,3423.0,0.7031969130039215,0.0,0.0,inf,0.9323698733960379,3656.0,0.0
socofing:000112:left_thumb,irregular,0.6000000238418579,0.04713437861019752,0.15479307911913817,13.266622140082756,0.3894552441392122,6554.0,0.8005834184587002,0.0,0.0,inf,0.9693736646577807,9830.0,0.0,0.062063496647429245,0.1970544216801769,12.07163759981232,0.2103622737858193,4527.0,0.8005834184587002,0.0,0.0,inf,0.966349719073208,6131.0,0.0
socofing:000112:left_index,irregular,0.699999988079071,0.042272462378618814,0.14203760304619933,13.73942453701627,0.36816960043451913,4915.0,0.8823455199599266,0.0,0.0,inf,0.9746857225230416,11469.0,0.0,0.05414046961709031,0.1745912172038273,12.66477981457526,0.21605978423472694,3813.0,0.8823455199599266,0.0,0.0,inf,0.9654487867520162,6631.0,0.0
socofing:000112:left_middle,irregular,0.800000011920929,0.02539941102378454,0.0975112555748057,15.951763539346295,0.5839036435099116,3277.0,0.7422889396548271,0.0,0.0,inf,0.984418296284484,13107.0,0.0,0.04719596168830629,0.1583195714697053,13.260951600844525,0.27264083550854307,1657.0,0.7422889396548271,0.0,0.0,inf,0.9846947144543688,8540.0,0.0
socofing:000112:left_ring,central_missing,0.10000000149011612,0.03562053339159311,0.14762904335035165,14.482995815799292,0.36723030679874924,14746.0,0.670196570456028,0.0,0.0,inf,0.9094131349316503,1638.0,0.0,0.048508989656590416,0.17757208071331226,13.141777707488506,0.08779379543255363,8298.0,0.670196570456028,0.0,0.0,inf,0.9158821300489198,228.0,0.0
socofing:000112:left_little,central_missing,0.20000000298023224,0.04911618087584975,0.16917503825331648,13.087754099659781,0.3363326221787424,13107.0,0.6908802390098572,0.0,0.0,inf,0.9373471385404346,3277.0,0.0,0.06834060544875094,0.21037814460198725,11.653211779825757,0.08940576962585571,7735.0,0.6908802390098572,0.0,0.0,inf,0.9266496663491501,324.0,0.0
socofing:000112:right_thumb,central_missing,0.30000001192092896,0.07783162245173474,0.2338347505255611,11.088439163006656,0.08928111512953743,11469.0,0.9457210879772902,0.0,0.0,inf,0.9211422498157811,4915.0,0.0,0.07749740247157111,0.23511656063253378,11.10712853766832,0.06792768154552732,11036.0,0.9331768751144409,0.0,0.0,inf,0.8622257130294899,1711.0,0.0
socofing:000112:right_index,central_missing,0.4000000059604645,0.05313209099582586,0.18800947242075366,12.74643092238588,0.09786286319520751,9830.0,0.8700690194964409,0.0,0.0,inf,0.9643558216615938,6554.0,0.0,0.053112361568504594,0.18842675412657595,12.748043878414816,0.08568754821531328,9644.0,0.8700690194964409,0.0,0.0,inf,0.9083139239843057,2082.0,0.0
socofing:000112:right_middle,central_missing,0.5,0.040510985481211806,0.15246125396419075,13.92427191922643,0.18056529638521407,8192.0,0.7577148675918579,0.0,0.0,inf,0.9826994013500461,8192.0,0.0,0.04482983744869586,0.16517119162726632,13.484328358668067,0.10953364595088419,7338.0,0.7577148675918579,0.0,0.0,inf,0.953803716767238,2596.0,0.0
socofing:000112:right_ring,central_missing,0.6000000238418579,0.055648266507828656,0.177302851391755,12.54548359771505,0.12043089287194941,6554.0,0.7975535094738007,0.0,0.0,inf,0.9880495128123855,9830.0,0.0,0.059992976295635776,0.1892326844984649,12.218995918597201,0.08983809461862895,6066.0,0.7975535094738007,0.0,0.0,inf,0.9803602470137505,4560.0,0.0
socofing:000112:right_little,central_missing,0.699999988079071,0.0658872310857328,0.20511376473556214,11.81198743316856,0.059884609515246004,4915.0,0.8235324323177338,0.0,0.0,inf,0.9866763126712905,11469.0,0.0,0.0658872310857328,0.20511376473556214,11.81198743316856,0.059884609515246004,4915.0,0.8235324323177338,0.0,0.0,inf,0.9742571816083273,5936.0,0.0
socofing:000115:left_thumb,central_missing,0.800000011920929,0.08086051270865308,0.2317957138985982,10.922635092819275,0.07209078735451864,3277.0,0.8886732459068298,0.0,0.0,inf,0.9933706235866666,13107.0,0.0,0.08086051270865308,0.2317957138985982,10.922635092819275,0.07209078735451864,3277.0,0.8886732459068298,0.0,0.0,inf,0.98987281624131,8580.0,0.0
socofing:000115:left_index,peripheral_only,0.10000000149011612,0.03630177853899773,0.14616353557196646,14.400720969817701,0.36733161583095314,14746.0,0.8019362073391676,0.0,0.0,inf,0.7977800653239798,1638.0,0.0,0.05095370658673523,0.18308947424623487,12.928242181028072,0.11093034239474583,9489.0,0.8019362073391676,0.0,0.0,inf,0.8482144037999333,1311.0,0.0
socofing:000115:left_middle,peripheral_only,0.20000000298023224,0.042954763512115454,0.15863354957395426,13.669886676345325,0.3818025153831268,13107.0,0.7544607669115067,0.0,0.0,inf,0.8488714376545848,3277.0,0.0,0.06334327836660333,0.2031861035826721,11.982994632299631,0.10803794723207014,8108.0,0.7544607669115067,0.0,0.0,inf,0.8883337694994227,2435.0,0.0
socofing:000115:left_ring,peripheral_only,0.30000001192092896,0.045449406661447686,0.15378103227052428,13.424717820864842,0.3832186871194032,11469.0,0.8554352521896362,0.0,0.0,inf,0.9017320157832943,4915.0,0.0,0.06939528438689026,0.21165693807649927,11.586700401263176,0.11936411074809006,7156.0,0.8554352521896362,0.0,0.0,inf,0.9246758434991788,3495.0,0.0
socofing:000115:left_little,peripheral_only,0.4000000059604645,0.04300519173108166,0.14514560499020102,13.664791117679735,0.4377205929276847,9830.0,0.841350369155407,0.0,0.0,inf,0.9163467994466522,6554.0,0.0,0.07147766844194677,0.21159600785147542,11.458296223570969,0.12286034370636864,5533.0,0.841350369155407,0.0,0.0,inf,0.9274859615515726,3232.0,0.0
socofing:000115:right_thumb,peripheral_only,0.5,0.04698743712486024,0.15429890996512086,13.280182424187434,0.36533485496308027,8192.0,0.8789620921015739,0.0,0.0,inf,0.9766367130911332,8192.0,0.0,0.06598841887016105,0.20363381086569798,11.805322775204472,0.12423694374782282,5567.0,0.8789620921015739,0.0,0.0,inf,0.9744173870575761,6352.0,0.0
socofing:000115:right_index,peripheral_only,0.6000000238418579,0.04560297250652161,0.15138256637141367,13.410068481007949,0.3924191955730534,6554.0,0.8170647919178009,0.0,0.0,inf,0.969304911434949,9830.0,0.0,0.07002251290528479,0.2147531054779415,11.547623077195727,0.1093824673733239,4069.0,0.8170647919178009,0.0,0.0,inf,0.9699050448917174,7341.0,0.0
socofing:000115:right_middle,peripheral_only,0.699999988079071,0.051624291799969454,0.15905720514803368,12.871458930977703,0.3730293200004688,4915.0,0.7735222280025482,0.0,0.0,inf,0.9804645786668778,11469.0,0.0,0.07671781226412829,0.22229482347909613,11.151037902894778,0.1280166347096189,3177.0,0.7735222280025482,0.0,0.0,inf,0.9796719653239316,8616.0,0.0
socofing:000115:right_ring,peripheral_only,0.800000011920929,0.054105157492058624,0.168662033929084,12.66761334457534,0.3606678139133111,3277.0,0.8225666284561157,0.0,0.0,inf,0.9870408796823391,13107.0,0.0,0.07340673216229099,0.21984881698395678,11.342641089277796,0.1516408167566841,2215.0,0.8225666284561157,0.0,0.0,inf,0.98076253952873,6989.0,0.0
socofing:000115:right_little,central_only,0.10000000149011612,0.05587883096809235,0.1876494082595767,12.52752688266829,0.377435700618809,14746.0,0.7991573736071587,0.0,0.0,inf,0.9711573598791886,1638.0,0.0,0.07772461827890394,0.2321340781323457,11.094414021863175,0.12816515116588967,9296.0,0.7991573736071587,0.0,0.0,inf,0.9711573598791886,1638.0,0.0
socofing:000118:left_thumb,central_only,0.20000000298023224,0.04615273768391314,0.15665012047969773,13.35802532433245,0.4574720085692809,13107.0,0.8533918410539627,0.0,0.0,inf,0.9726432411338547,3277.0,0.0,0.07075578176383536,0.19936083016809253,11.50238066255479,0.13686950692233077,6666.0,0.8533918410539627,0.0,0.0,inf,0.9726432411338547,3277.0,0.0
socofing:000118:left_index,central_only,0.30000001192092896,0.03293088590053606,0.13941633783469892,14.823965858219776,0.575236767512598,11469.0,0.8266668915748596,0.0,0.0,inf,0.9581960682629646,4915.0,0.0,0.053268692362365706,0.17128834627214276,12.73527964127114,0.15934245944038397,4141.0,0.8266668915748596,0.0,0.0,inf,0.9736680526779526,4775.0,0.0
socofing:000118:left_middle,central_only,0.4000000059604645,0.05585176445402706,0.1622282934156251,12.529631022163553,0.5469775121783806,9830.0,0.7979265749454498,0.0,0.0,inf,0.9847201282655141,6554.0,0.0,0.08069040018813504,0.20590670305462752,10.931781306225885,0.2852014825902299,3760.0,0.7979265749454498,0.0,0.0,inf,0.9847201282655141,6554.0,0.0
socofing:000118:left_ring,central_only,0.5,0.024429446814870182,0.11334302648083394,16.120863671636656,0.7206347361949113,8192.0,0.8171360939741135,0.0,0.0,inf,0.9515394405604707,8192.0,0.0,0.06211236054315537,0.1937196597096783,12.068219653384789,0.3291673284647511,1655.0,0.801809549331665,0.0,0.0,inf,0.986398446614418,6613.0,0.0
socofing:000118:left_little,central_only,0.6000000238418579,0.05599163791717767,0.13789414212694245,12.518768279508524,0.6753121542303009,6554.0,0.848177582025528,0.0,0.0,inf,0.9675748966475853,9830.0,0.0,0.17364468219898324,0.3229183420983942,7.603385122495663,0.21311689754871832,971.0,0.848177582025528,0.0,0.0,inf,0.9883477648250847,7051.0,0.0
socofing:000118:right_thumb,central_only,0.699999988079071,0.030367882086056657,0.10515107729198413,15.175854955500336,0.6101093896170559,4915.0,0.8517505521886051,0.0,0.0,inf,0.9824792835106506,11469.0,0.0,0.06363995731044296,0.1845725629146989,11.962701203492347,0.22237842998547946,1460.0,0.8517505521886051,0.0,0.0,inf,0.9908552145302338,9897.0,0.0
socofing:000118:right_index,central_only,0.800000011920929,0.02848384463834149,0.08374076914499796,15.454013917020914,0.7749587124581617,3277.0,0.8694332391023636,0.0,0.0,inf,0.993163204327825,13107.0,0.0,0.09340864459312664,0.20279958853061322,10.296129297081805,0.4730003647518198,661.0,0.852705717086792,0.0,0.0,inf,0.9948369823233746,10432.0,0.0
socofing:000118:right_middle,disconnected_fragments,0.10000000149011612,0.03846474908996844,0.13940839457799192,14.149370961704054,0.39532393197744115,14746.0,0.8657092750072479,0.0,0.0,inf,0.8900473296456051,1638.0,0.0,0.04702531000799449,0.1591657723049965,13.276683327405273,0.18943527823994988,9172.0,0.8657092750072479,0.0,0.0,inf,0.890732011081418,1555.0,0.0
socofing:000118:right_ring,disconnected_fragments,0.20000000298023224,0.02933191809791699,0.13326822925920917,15.32659536334015,0.5479375129971942,13107.0,0.7859766930341721,0.0,0.0,inf,0.9083048771321274,3277.0,0.0,0.045829431924108155,0.16291426565960002,13.388555259922672,0.18802611860117224,5799.0,0.7859766930341721,0.0,0.0,inf,0.9470860465634541,2773.0,0.0
socofing:000118:right_little,disconnected_fragments,0.30000001192092896,0.045760233455331825,0.14845386940808245,13.395117685659116,0.4717709105226144,11469.0,0.8021497875452042,0.0,0.0,inf,0.9343670380792168,4915.0,0.0,0.0635601555573959,0.18531386919090315,11.968150485691893,0.11562282883023983,5166.0,0.8021497875452042,0.0,0.0,inf,0.9545170728320127,2389.0,0.0
socofing:000132:left_thumb,disconnected_fragments,0.4000000059604645,0.06823144877539683,0.18764985124215802,11.660154071389655,0.32448190419640716,9830.0,0.9364945888519287,0.0,0.0,inf,0.9786227998532941,6554.0,0.0,0.08785184767613588,0.23202435531240267,10.562491001093601,0.12867070591184257,6719.0,0.9364945888519287,0.0,0.0,inf,0.9807583257945065,5647.0,0.0
socofing:000132:left_index,disconnected_fragments,0.5,0.03670669106373394,0.13597096354254745,14.352547633448598,0.5186447669447243,8192.0,0.8375920802354813,0.0,0.0,inf,0.9794907515695397,8192.0,0.0,0.06971676357019622,0.21475498563981738,11.566627821505307,0.15569924435059354,3911.0,0.8375920802354813,0.0,0.0,inf,0.9867778656401183,6463.0,0.0
socofing:000132:left_middle,disconnected_fragments,0.6000000238418579,0.05234280989902998,0.1611212210828904,12.811429670058864,0.4281493062175854,6554.0,0.8482474163174629,0.0,0.0,inf,0.9860966412774949,9830.0,0.0,0.07773733761778916,0.22439877618704396,11.093703373567035,0.2005089122923745,4078.0,0.8482474163174629,0.0,0.0,inf,0.9866276330530204,7902.0,0.0
socofing:000132:left_ring,disconnected_fragments,0.699999988079071,0.07170783211347637,0.18484699981474711,11.444334069835184,0.3904357604506674,4915.0,0.866861991584301,0.0,0.0,inf,0.9927362858662837,11469.0,0.0,0.11447408577049041,0.27916857968713255,9.412928162118542,0.11876937428904805,2844.0,0.866861991584301,0.0,0.0,inf,0.9946723560844181,8688.0,0.0
socofing:000132:left_little,disconnected_fragments,0.800000011920929,0.005287348812710242,0.05117274248767343,22.767620377245912,0.7505867405574802,3277.0,0.48692137002944946,0.0,0.0,inf,0.990915104238599,13107.0,0.0,0.0103015257901845,0.0740477793892697,19.870984458596556,0.4848901433922193,589.0,0.47127577662467957,0.0,0.0,inf,0.9957982972038247,10627.0,0.0
socofing:000132:right_thumb,stripes,0.10000000149011612,0.07204586554428512,0.20564490271377012,11.42390936748984,0.21149395278940258,14746.0,0.9316503666341305,0.0,0.0,inf,0.8488496779915318,1638.0,0.0,0.08963270330070623,0.24057964233375473,10.475335051626494,0.055362641792805874,11337.0,0.9316503666341305,0.0,0.0,inf,0.8858706234760424,612.0,0.0
socofing:000132:right_index,stripes,0.20000000298023224,0.060895769679962075,0.18569720277985233,12.154128759789693,0.29062759098759017,13107.0,0.8781528454273939,0.0,0.0,inf,0.953657458714136,3277.0,0.0,0.08238193531375121,0.23102389546734242,10.841680098278852,0.07484131015687895,9313.0,0.8781528454273939,0.0,0.0,inf,0.9606305569428439,2325.0,0.0
socofing:000132:right_middle,stripes,0.30000001192092896,0.04532893016368305,0.160790357011069,13.43624530874952,0.372948924567276,11469.0,0.8652809849008918,0.0,0.0,inf,0.9528840299857178,4915.0,0.0,0.06212028018256229,0.19998299351987445,12.067665941304346,0.14818105678362611,7662.0,0.8652809849008918,0.0,0.0,inf,0.9615147232724424,3718.0,0.0
socofing:000132:right_ring,stripes,0.4000000059604645,0.0909872796940639,0.232831353877528,10.41019319160439,0.18761693922476894,9830.0,0.9489125008694828,0.0,0.0,inf,0.9854302406167836,6554.0,0.0,0.10737099619152236,0.269164953496794,9.691130174736056,0.07867536101008246,8119.0,0.9489125008694828,0.0,0.0,inf,0.9829908018823575,3675.0,0.0
socofing:000132:right_little,stripes,0.5,0.04958334345471477,0.15666341735811784,13.046641916671158,0.33004548508475035,8192.0,0.8457715064287186,0.0,0.0,inf,0.9811176295506676,8192.0,0.0,0.06773360234506079,0.20282262759070266,11.691958262542848,0.10405990230159522,5905.0,0.8457715064287186,0.0,0.0,inf,0.971590433031062,4805.0,0.0
socofing:000138:left_thumb,stripes,0.6000000238418579,0.04242908232600157,0.1485533664814547,13.723363612351182,0.44897051725909065,6554.0,0.7590537220239639,0.0,0.0,inf,0.986312568227034,9830.0,0.0,0.06680229350396011,0.20963158394066403,11.752086267607531,0.19942047345276587,3819.0,0.7590537220239639,0.0,0.0,inf,0.9869182970788077,5584.0,0.0
socofing:000138:left_index,stripes,0.699999988079071,0.05205068760516009,0.16632717329239433,12.835735289554759,0.391366022397004,4915.0,0.8516204208135605,0.0,0.0,inf,0.9869381312287945,11469.0,0.0,0.06525228617425925,0.2003169032083969,11.85404267813863,0.26887509534574094,3860.0,0.8516204208135605,0.0,0.0,inf,0.9848503183038501,6974.0,0.0
socofing:000138:left_middle,stripes,0.800000011920929,0.05059262244869695,0.15686194466124012,12.959128085242249,0.40057401927356046,3277.0,0.7884386628866196,0.0,0.0,inf,0.9915534316208631,13107.0,0.0,0.07927109916187576,0.22647698199928815,11.008851198988443,0.11877728056004652,1966.0,0.7884386628866196,0.0,0.0,inf,0.9911793649889412,7099.0,0.0
socofing:000138:left_ring,severe_partial,0.10000000149011612,0.07334037308133967,0.21142948168381936,11.346568851205074,0.3885207993255,14746.0,0.9339444674551487,0.0,0.0,inf,0.8579839037059052,1638.0,0.0,0.1121075602160119,0.2799517029429188,9.503650988289053,0.09524437082164527,8526.0,0.9339444674551487,0.0,0.0,inf,0.8886690927215014,1149.0,0.0
socofing:000138:left_little,severe_partial,0.20000000298023224,0.06990597639334749,0.20725187062178332,11.554856940153826,0.34983134974919683,13107.0,0.8313577212393284,0.0,0.0,inf,0.8992859213026089,3277.0,0.0,0.10150628947440919,0.2643849246239574,9.935070474118037,0.09930035187386031,7153.0,0.8313577212393284,0.0,0.0,inf,0.9552725361550131,1784.0,0.0
socofing:000138:right_thumb,severe_partial,0.30000001192092896,0.04061204405870378,0.15886319163711352,13.913451513354936,0.5321032464306921,11469.0,0.7845992427319288,0.0,0.0,inf,0.9451262318784078,4915.0,0.0,0.0748594316162427,0.22921846089074951,11.257534746683843,0.1314859656949937,5084.0,0.7845992427319288,0.0,0.0,inf,0.9688574701667618,4075.0,0.0
socofing:000138:right_index,random_rectangles,0.10000000149011612,0.07772244040025104,0.21662092098977484,11.094535714829165,0.3132180667164455,14746.0,0.8218565434217453,0.0,0.0,inf,0.8782437977928322,1638.0,0.0,0.10289895742038498,0.2664176888419267,9.875890255181073,0.0867492015825454,8261.0,0.8218565434217453,0.0,0.0,inf,0.7301294574148788,15.0,0.0
socofing:000138:right_middle,random_rectangles,0.20000000298023224,0.06110549135978402,0.19589154372075457,12.139197593140931,0.3530163656925504,13107.0,0.7998594027012587,0.0,0.0,inf,0.9181530111804066,3277.0,0.0,0.08324280516936182,0.2412539870568869,10.796532930802162,0.08385483136118539,6657.0,0.7998594027012587,0.0,0.0,inf,0.898245433422766,645.0,0.0
socofing:000138:right_ring,random_rectangles,0.30000001192092896,0.07660013908785142,0.20972470971689502,11.157704417899609,0.27886282974944704,11469.0,0.933752654120326,0.0,0.0,inf,0.9357588331035953,4915.0,0.0,0.10134247323573568,0.25794233257030413,9.942085010762769,0.09893729150621584,8371.0,0.933752654120326,0.0,0.0,inf,0.8496470650207278,881.0,0.0
socofing:000138:right_little,random_rectangles,0.4000000059604645,0.07324004311421203,0.20411883702786832,11.352514087141579,0.31124552230737895,9830.0,0.8788704862818122,0.0,0.0,inf,0.9509322018065886,6554.0,0.0,0.10531556535900795,0.26836154369395465,9.775074365072946,0.11471011399664764,6568.0,0.8788704862818122,0.0,0.0,inf,0.9246217189447609,1404.0,0.0
socofing:000153:left_thumb,random_rectangles,0.5,0.08637986331431674,0.22995793294302302,10.635874875064522,0.12281403120507602,8192.0,0.9692543130367994,0.0,0.0,inf,0.9755919128854099,8192.0,0.0,0.08899365410950671,0.23644833905542492,10.506409605852276,0.09715945056025124,7859.0,0.9692543130367994,0.0,0.0,inf,0.9604853814876267,4694.0,0.0
socofing:000153:left_index,random_rectangles,0.6000000238418579,0.06268404115050379,0.19309084117277572,12.028430129566326,0.22971207106219282,6554.0,0.8511198088526726,0.0,0.0,inf,0.984071931266163,9830.0,0.0,0.06951545725913133,0.21164565761390444,11.579186161876025,0.16302786890807822,5898.0,0.8511198088526726,0.0,0.0,inf,0.9781696289840118,5942.0,0.0
socofing:000153:left_middle,random_rectangles,0.699999988079071,0.048420795859825304,0.16003779848887834,13.149680766313786,0.28230853814116263,4915.0,0.911543246358633,0.0,0.0,inf,0.9892197897056749,11469.0,0.0,0.05768075781414463,0.18589562467521234,12.389690424575015,0.1462702612848122,4022.0,0.911543246358633,0.0,0.0,inf,0.9849624923424846,7515.0,0.0
socofing:000153:left_ring,random_rectangles,0.800000011920929,0.08127195296176916,0.23364576204518764,10.900593040428014,0.1379291256901463,3277.0,0.8176684826612473,0.0,0.0,inf,0.9862401009121968,13107.0,0.0,0.08127401841637084,0.23394916290420206,10.900482669739821,0.13256311197728174,3221.0,0.8176684826612473,0.0,0.0,inf,0.9797230688014236,8139.0,0.0
socofing:000153:left_little,irregular,0.10000000149011612,0.05606153660326865,0.1847905672998033,12.513350027374388,0.3249362118404328,14746.0,0.8831061106175184,0.0,0.0,inf,0.6278704006530665,1638.0,0.0,0.0801709156912553,0.23321026263453032,10.959831559761655,0.11227960946457542,9188.0,0.8831061106175184,0.0,0.0,inf,0.7520514668402934,694.0,0.0
socofing:000153:right_thumb,irregular,0.20000000298023224,0.05518292987386824,0.17598288262343517,12.581952448812261,0.2866690570196456,13107.0,0.9169264426454902,0.0,0.0,inf,0.9025091165192697,3277.0,0.0,0.06614537677751932,0.2047879161223155,11.795005053718572,0.14394613332654196,10118.0,0.8892228566110134,0.0,0.0,inf,0.8911177944898971,2300.0,0.0
socofing:000153:right_index,irregular,0.30000001192092896,0.042090431349802004,0.15374053373662594,13.758166235064593,0.3297886209848297,11469.0,0.839471816085279,0.0,0.0,inf,0.9086694642517298,4915.0,0.0,0.053274132552631075,0.18396399159188281,12.734836130482554,0.1615529743069565,8607.0,0.839471816085279,0.0,0.0,inf,0.8872343130968089,2970.0,0.0
socofing:000153:right_middle,irregular,0.4000000059604645,0.03896070711536409,0.1463974595891306,14.093731695163722,0.35356152331745827,9830.0,0.7286131232976913,0.0,0.0,inf,0.9421858327383422,6554.0,0.0,0.050380532454744525,0.179854819219652,12.977372469027044,0.1754866215298771,7245.0,0.7286131232976913,0.0,0.0,inf,0.9395778275039245,4809.0,0.0
socofing:000153:right_ring,irregular,0.5,0.029778542674888962,0.12331295936655806,15.260965598995138,0.4400855430424647,8192.0,0.7763183079659939,0.0,0.0,inf,0.9376749626348279,8192.0,0.0,0.04303429684377292,0.16013725777233492,13.661852887681277,0.22837755325954945,5151.0,0.7763183079659939,0.0,0.0,inf,0.9480250104750598,6311.0,0.0
socofing:000153:right_little,irregular,0.6000000238418579,0.046977553343407884,0.15251811053372263,13.281096056326282,0.4363423677685561,6554.0,0.8171112835407257,0.0,0.0,inf,0.963089506300557,9830.0,0.0,0.07236930925775067,0.2152181493841625,11.40445572558124,0.21649365591835198,4077.0,0.8171112835407257,0.0,0.0,inf,0.9617411523079608,5708.0,0.0
socofing:000161:left_thumb,irregular,0.699999988079071,0.03912563950388778,0.14280628391739553,14.075385508962338,0.3854030323268317,4915.0,0.7741200253367424,0.0,0.0,inf,0.9803503808870085,11469.0,0.0,0.05022546578708559,0.17713220803502477,12.990760269475976,0.2179619008905813,3615.0,0.6561046242713928,0.0,0.0,inf,0.9776204745711636,8795.0,0.0
socofing:000161:left_index,irregular,0.800000011920929,0.043823535624193596,0.15446085285416414,13.582925870643464,0.3391917531587991,3277.0,0.7687797248363495,0.0,0.0,inf,0.9820416706840562,13107.0,0.0,0.05161818133437217,0.17696055077915585,12.871973010389652,0.22254703342153234,2699.0,0.7687797248363495,0.0,0.0,inf,0.9758973486555722,7934.0,0.0
socofing:000161:left_middle,central_missing,0.10000000149011612,0.05222277667531076,0.17523899302470766,12.82140040542444,0.21353496631143729,14746.0,0.881747780367732,0.0,0.0,inf,0.8798963512053185,1638.0,0.0,0.06360143285200041,0.2007831994919172,11.965331001895175,0.06514285952893073,11618.0,0.881747780367732,0.0,0.0,inf,0.9232548218158599,153.0,0.0
socofing:000161:left_ring,central_missing,0.20000000298023224,0.0565748034622752,0.18330017459645107,12.473769460855205,0.2909214837998518,13107.0,0.8423156701028347,0.0,0.0,inf,0.9444139136221169,3277.0,0.0,0.07374008737141674,0.22165919940606918,11.322963521529877,0.07751351243898291,8669.0,0.8423156701028347,0.0,0.0,inf,0.968598138899383,522.0,0.0
socofing:000161:left_little,central_missing,0.30000001192092896,0.06343015864583593,0.19262532623268241,11.977042023826883,0.27760730818766655,11469.0,0.7851462438702583,0.0,0.0,inf,0.9646746614272336,4915.0,0.0,0.08489125867501955,0.23871015150967892,10.71137027125322,0.0668473047031027,6975.0,0.7851462438702583,0.0,0.0,inf,0.9413211283412732,416.0,0.0
socofing:000161:right_thumb,central_missing,0.4000000059604645,0.08740083389929655,0.23576215307899995,10.584844237027223,0.06072821756331776,9830.0,0.838526900857687,0.0,0.0,inf,0.9756604664401137,6554.0,0.0,0.08795093617474889,0.23709916617954388,10.557595334280814,0.05633020191292875,9766.0,0.838526900857687,0.0,0.0,inf,0.9475180674389242,2727.0,0.0
socofing:000161:right_index,central_missing,0.5,0.0747382491492489,0.2137509766997141,11.264570803387537,0.09131760425383091,8192.0,0.8896816931664944,0.0,0.0,inf,0.9877700275368912,8192.0,0.0,0.07564150985883795,0.21620265989815657,11.212398109108506,0.08091550140219056,8094.0,0.8896816931664944,0.0,0.0,inf,0.9724883001077211,3450.0,0.0
socofing:000161:right_middle,central_missing,0.6000000238418579,0.09273154627112801,0.2500427416306237,10.327724984245217,0.04602689145701707,6554.0,0.8287903051823378,0.0,0.0,inf,0.9885424392408968,9830.0,0.0,0.09273154627112801,0.2500427416306237,10.327724984245217,0.04602689145701707,6554.0,0.8287903051823378,0.0,0.0,inf,0.9811596148775534,5978.0,0.0
socofing:000161:right_ring,central_missing,0.699999988079071,0.0503383100219362,0.18013504333187763,12.981013688525689,0.07480571613305395,4915.0,0.7609744034707546,0.0,0.0,inf,0.9908745457703917,11469.0,0.0,0.0503383100219362,0.18013504333187763,12.981013688525689,0.07480571613305395,4915.0,0.7609744034707546,0.0,0.0,inf,0.984635960869146,6812.0,0.0
socofing:000161:right_little,central_missing,0.800000011920929,0.08767040597648243,0.2377939956571917,10.57146982347934,0.08089933796800754,3277.0,0.8723675236105919,0.0,0.0,inf,0.9928471327888746,13107.0,0.0,0.08767040597648243,0.2377939956571917,10.57146982347934,0.08089933796800754,3277.0,0.8723675236105919,0.0,0.0,inf,0.9851891578931721,6330.0,0.0
socofing:000163:left_thumb,peripheral_only,0.10000000149011612,0.03849056163453868,0.152595149506367,14.146457518567875,0.3617869442622372,14746.0,0.7704224437475204,0.0,0.0,inf,0.833727763660368,1638.0,0.0,0.051756035592009086,0.18168651655145307,12.860389971471795,0.10703652553627804,9278.0,0.7704224437475204,0.0,0.0,inf,0.8907831956016053,1106.0,0.0
socofing:000163:left_index,peripheral_only,0.20000000298023224,0.03146836076659075,0.1330193304381807,15.021258795388322,0.4075174613821424,13107.0,0.8552416190505028,0.0,0.0,inf,0.8834545450931268,3277.0,0.0,0.04520103238921779,0.16742573879664008,13.448516458120658,0.12551853591503911,7710.0,0.8552416190505028,0.0,0.0,inf,0.9377082327831473,2138.0,0.0
socofing:000163:left_middle,peripheral_only,0.30000001192092896,0.026711028405776303,0.12149885035577856,15.733093908121807,0.40141508012116517,11469.0,0.7497620433568954,0.0,0.0,inf,0.928741198116791,4915.0,0.0,0.039168224415313826,0.15634422004282325,14.070661155624114,0.11853378652717032,7049.0,0.7497620433568954,0.0,0.0,inf,0.9529343221478982,3145.0,0.0
socofing:000163:left_ring,peripheral_only,0.4000000059604645,0.028670613879753677,0.12647326557261307,15.425630080742565,0.4789841286315652,9830.0,0.8317614570260048,0.0,0.0,inf,0.9221900139430206,6554.0,0.0,0.04994578219446208,0.17839293175782542,13.015011810518736,0.1345514410381708,4372.0,0.8317614570260048,0.0,0.0,inf,0.9481233093991392,2978.0,0.0
socofing:000163:left_little,peripheral_only,0.5,0.017189029397953595,0.10144382688304177,17.64748645652314,0.5191256774325422,8192.0,0.8317042514681816,0.0,0.0,inf,0.9146585527321351,8192.0,0.0,0.029121178429786985,0.13321242536253788,15.357910546612466,0.17260680865112735,3536.0,0.8317042514681816,0.0,0.0,inf,0.9454926625981306,3034.0,0.0
socofing:000163:right_thumb,peripheral_only,0.6000000238418579,0.037723816270486814,0.1349964593731118,14.233843789946864,0.378548178178705,6554.0,0.8931278567761183,0.0,0.0,inf,0.9790316086145605,9830.0,0.0,0.05072164083591509,0.17266924434752276,12.94806705551064,0.1400137885467389,4455.0,0.8931278567761183,0.0,0.0,inf,0.9766327675498692,7943.0,0.0
socofing:000163:right_index,peripheral_only,0.699999988079071,0.019326929956461576,0.09850125208588001,17.138371272884964,0.4576714931314098,4915.0,0.683298870921135,0.0,0.0,inf,0.9785451339206455,11469.0,0.0,0.02744916502150013,0.1341876864968697,15.61470861853974,0.186292953399993,2971.0,0.683298870921135,0.0,0.0,inf,0.9756184199115496,7931.0,0.0
socofing:000163:right_middle,peripheral_only,0.800000011920929,0.023726883015306278,0.1046043931099316,16.24759311010027,0.3992178312628054,3277.0,0.7899115979671478,0.0,0.0,inf,0.9925229470458664,13107.0,0.0,0.03369384962064473,0.13962550423305897,14.724493667721648,0.1463952407092181,2057.0,0.7899115979671478,0.0,0.0,inf,0.9913105011089124,8942.0,0.0
socofing:000163:right_ring,central_only,0.10000000149011612,0.04513031139096845,0.16447523186557025,13.455316699163099,0.42167552788080065,14746.0,0.7739023268222809,0.0,0.0,inf,0.9242818057645442,1638.0,0.0,0.06563303883885271,0.20683366985438945,11.828774872501295,0.14144086174154816,8008.0,0.7739023268222809,0.0,0.0,inf,0.9242818057645442,1638.0,0.0
socofing:000163:right_little,central_only,0.20000000298023224,0.052687394263348446,0.1746543331657657,12.782932796020557,0.5210043357520038,13107.0,0.83051697909832,0.0,0.0,inf,0.9589427899999258,3277.0,0.0,0.08727118370856739,0.23518930478479125,10.59129133410927,0.1466402131351025,5271.0,0.83051697909832,0.0,0.0,inf,0.9589427899999258,3277.0,0.0
socofing:000185:left_thumb,central_only,0.30000001192092896,0.04531977809479223,0.15644110570916622,13.437122252967953,0.38605230351428227,11469.0,0.8528607469052076,0.0,0.0,inf,0.9778503882910643,4915.0,0.0,0.06283006103569405,0.19783506457816008,12.018325183924127,0.12179342916935794,6779.0,0.790896950289607,0.0,0.0,inf,0.9778503882910643,4915.0,0.0
socofing:000185:left_index,central_only,0.4000000059604645,0.022678855759954052,0.12070029162553576,16.44378861140417,0.657559602475609,9830.0,0.6864589434117079,0.0,0.0,inf,0.9474899857422402,6554.0,0.0,0.04650246066004337,0.17265638429589658,13.325240659744644,0.1735955608051508,2844.0,0.6864589434117079,0.0,0.0,inf,0.98502265738512,5211.0,0.0
socofing:000185:left_middle,central_only,0.5,0.025542336740337745,0.10989145573262249,15.927393738301642,0.5822889017593881,8192.0,0.8270967528223991,0.0,0.0,inf,0.9892140513241994,8192.0,0.0,0.038972787323915056,0.15498535883796638,14.092385324647761,0.27515854551095903,3351.0,0.7811971828341484,0.0,0.0,inf,0.9892140513241994,8192.0,0.0
socofing:000185:left_ring,central_only,0.6000000238418579,0.02311852537060114,0.09719668094929607,16.360398711094344,0.6016759039740869,6554.0,0.7541679665446281,0.0,0.0,inf,0.9809267584417393,9830.0,0.0,0.03529743480476347,0.14569817426646578,14.522568552528664,0.2503179017376501,2175.0,0.7349761575460434,0.0,0.0,inf,0.9920162405519205,7671.0,0.0
socofing:000185:left_little,central_only,0.699999988079071,0.015360547806995977,0.08454475368715118,18.135932956773495,0.6898450747388664,4915.0,0.6373758912086487,0.0,0.0,inf,0.9860059270741318,11469.0,0.0,0.035815354781725206,0.15009019368031987,14.45930742425717,0.24059793669175808,1305.0,0.6373758912086487,0.0,0.0,inf,0.9883897418835059,6301.0,0.0
socofing:000185:right_thumb,central_only,0.800000011920929,0.021572664742061057,0.0928730103317995,16.66096205787869,0.6517205148238658,3277.0,0.7681979462504387,0.0,0.0,inf,0.9949547398935308,13107.0,0.0,0.038080328497680324,0.15286535772457255,14.192993138559839,0.2790828163239004,963.0,0.7681979462504387,0.0,0.0,inf,0.9968028097995202,11524.0,0.0
socofing:000185:right_index,disconnected_fragments,0.10000000149011612,0.07394923906850477,0.2003964838886624,11.31066290498052,0.26412984053086935,14746.0,0.9271389227360487,0.0,0.0,inf,0.9169413916766699,1638.0,0.0,0.09385171746269247,0.24470848723259617,10.27557775490739,0.08777852306278511,10837.0,0.9271389227360487,0.0,0.0,inf,0.9424842787154123,1510.0,0.0
socofing:000185:right_middle,disconnected_fragments,0.20000000298023224,0.08065667619562465,0.21101440428127693,10.933596789269835,0.30092128710144334,13107.0,0.9278891067951918,0.0,0.0,inf,0.8939690630286549,3277.0,0.0,0.10894259471031525,0.2741119181503967,9.628022852502145,0.0558637350811162,8282.0,0.927817820571363,0.0,0.0,inf,0.9124191683753228,886.0,0.0
socofing:000185:right_ring,disconnected_fragments,0.30000001192092896,0.04182221646896305,0.15106131702584208,13.78592954427676,0.48292558889554976,11469.0,0.8206295371055603,0.0,0.0,inf,0.9461775577981633,4915.0,0.0,0.07195023099626258,0.21409688919133138,11.429678074224261,0.11378757655969554,4990.0,0.8206295371055603,0.0,0.0,inf,0.9692304710452616,3475.0,0.0
socofing:000185:right_little,disconnected_fragments,0.4000000059604645,0.04246120733001789,0.14473453766850153,13.720076613873983,0.44825266195539415,9830.0,0.8598876595497131,0.0,0.0,inf,0.976024246487757,6554.0,0.0,0.06942368761922203,0.20868523342771028,11.58492321374136,0.14922411564061744,5577.0,0.8598876595497131,0.0,0.0,inf,0.9755709384895779,4233.0,0.0
socofing:000200:left_thumb,disconnected_fragments,0.5,0.07918000581081933,0.202606238270846,11.01384470712045,0.3617985747575821,8192.0,0.9316070042550564,0.0,0.0,inf,0.9894583431287585,8192.0,0.0,0.11976153322094824,0.28760431272633324,9.216826526688868,0.09496883136449509,4587.0,0.9316070042550564,0.0,0.0,inf,0.991245140621605,6556.0,0.0
socofing:000200:left_index,disconnected_fragments,0.6000000238418579,0.049476795674383026,0.15468157347826572,13.055984348714603,0.48067001091969475,6554.0,0.8505235463380814,0.0,0.0,inf,0.9800337522433322,9830.0,0.0,0.08276641149472563,0.23346219819957867,10.821458741091588,0.18630302963910558,3633.0,0.8505235463380814,0.0,0.0,inf,0.986396320917357,6734.0,0.0
socofing:000200:left_middle,disconnected_fragments,0.699999988079071,0.0976009522120425,0.20786241400439295,10.105459452593495,0.4804098896045294,4915.0,0.8265299201011658,0.0,0.0,inf,0.9953573031142643,11469.0,0.0,0.181216085818708,0.3378380462879011,7.418032543841841,0.19345798227791858,1496.0,0.8265299201011658,0.0,0.0,inf,0.9948961621505493,8708.0,0.0
socofing:000200:left_ring,disconnected_fragments,0.800000011920929,0.05724852246269774,0.15748395692036443,12.42235717626988,0.4525199632771421,3277.0,0.910093367099762,0.0,0.0,inf,0.9933336707020392,13107.0,0.0,0.09174380372203986,0.22685513835639468,10.374232578682253,0.18286159972114077,1480.0,0.910093367099762,0.0,0.0,inf,0.9905948880895061,7921.0,0.0
socofing:000200:left_little,stripes,0.10000000149011612,0.05464198338476788,0.1798178242906591,12.624735450983575,0.42986831887634835,14746.0,0.8113588914275169,0.0,0.0,inf,0.8981824545168134,1638.0,0.0,0.0830020775305866,0.22998350620330443,10.809110371567222,0.10987624734803753,7338.0,0.8113588914275169,0.0,0.0,inf,0.9209217078953152,1067.0,0.0
socofing:000200:right_thumb,stripes,0.20000000298023224,0.06091201900815113,0.18795549268870887,12.152970050041326,0.3022805998781687,13107.0,0.8776425709947944,0.0,0.0,inf,0.9520270163423596,3277.0,0.0,0.08007352977779222,0.2315067870525939,10.965110266292207,0.10104961830163889,9501.0,0.8776425709947944,0.0,0.0,inf,0.9653735137451365,2086.0,0.0
socofing:000200:right_index,stripes,0.30000001192092896,0.04757936173431645,0.16999099735092324,13.225813882155999,0.32992405945018694,11469.0,0.8622036539018154,0.0,0.0,inf,0.9842541954309748,4915.0,0.0,0.06410565096599675,0.21511224799884224,11.931036853770095,0.1236284891114619,7786.0,0.8622036539018154,0.0,0.0,inf,0.9820603351725528,3871.0,0.0
socofing:000200:right_middle,stripes,0.4000000059604645,0.04606298768134902,0.15652256966952238,13.366478967790146,0.3508504015078934,9830.0,0.7951174378395081,0.0,0.0,inf,0.9410606625260507,6554.0,0.0,0.06169630893415751,0.19638777492851342,12.097408174493822,0.1417755670448639,6670.0,0.7951174378395081,0.0,0.0,inf,0.9469151993197213,3893.0,0.0
socofing:000200:right_ring,stripes,0.5,0.0877937781120956,0.20521278562284806,10.56536261170558,0.3265444509217459,8192.0,0.8789253812283278,0.0,0.0,inf,0.9810788911231592,8192.0,0.0,0.10074564630668266,0.24096063228658648,9.96773712688966,0.13938205362358816,5116.0,0.8789253812283278,0.0,0.0,inf,0.9755429432932851,5412.0,0.0
socofing:000200:right_little,stripes,0.6000000238418579,0.06039583566324559,0.17477104834992543,12.189930052666522,0.3305737274572736,6554.0,0.8708223104476929,0.0,0.0,inf,0.9851940422852976,9830.0,0.0,0.08205364242503416,0.2284527791553892,10.859021355129963,0.1021945686052624,4322.0,0.8708223104476929,0.0,0.0,inf,0.9775575744795671,4530.0,0.0
socofing:000203:left_thumb,stripes,0.699999988079071,0.05687796513487729,0.15821782514985389,12.450559493124354,0.5155356785854076,4915.0,0.8998683243989944,0.0,0.0,inf,0.9930392951347424,11469.0,0.0,0.11709454495852717,0.2809614973646307,9.314633367772817,0.12920426921427267,2236.0,0.8998683243989944,0.0,0.0,inf,0.9940451593343407,7479.0,0.0
socofing:000203:left_index,stripes,0.800000011920929,0.0657154838133617,0.1841856194166981,11.823322903728574,0.2833815291723251,3277.0,0.8362414762377739,0.0,0.0,inf,0.9910906921962325,13107.0,0.0,0.07925012222463529,0.2185772307779895,11.010000593128137,0.15069876731319404,2527.0,0.8362414762377739,0.0,0.0,inf,0.9881190320960933,6520.0,0.0
socofing:000203:left_middle,severe_partial,0.10000000149011612,0.05772921354605057,0.1867941096726634,12.386043589215493,0.36590936874491203,14746.0,0.8560102432966232,0.0,0.0,inf,0.8402130535071037,1638.0,0.0,0.08897297947440354,0.2521815333227084,10.507418657920098,0.07639337396393893,8379.0,0.8560102432966232,0.0,0.0,inf,0.9344442834263739,957.0,0.0
socofing:000203:left_ring,severe_partial,0.20000000298023224,0.057359485010895966,0.18072746250411223,12.413947565370858,0.42808279180355685,13107.0,0.8422822505235672,0.0,0.0,inf,0.9143108205957331,3277.0,0.0,0.0970870979521883,0.25938606953751875,10.128384802924895,0.09765133857155787,6770.0,0.8422822505235672,0.0,0.0,inf,0.967572812411221,2059.0,0.0
socofing:000203:left_little,severe_partial,0.30000001192092896,0.047235954172114486,0.177550413010468,13.257273074169376,0.5292853230401278,11469.0,0.7973687052726746,0.0,0.0,inf,0.8796981818467282,4915.0,0.0,0.09156720498624864,0.2623806507225146,10.382600420933844,0.1501669501141689,3899.0,0.7973687052726746,0.0,0.0,inf,0.9661745791624227,2849.0,0.0
socofing:000203:right_thumb,random_rectangles,0.10000000149011612,0.083542191935864,0.2203453437153113,10.780941341324013,0.2121483716184952,14746.0,0.8754923343658447,0.0,0.0,inf,0.8492186679289682,1638.0,0.0,0.1090685344449879,0.26868618495695334,9.623005224446487,0.04006554767582739,10757.0,0.853609740268439,0.0,0.0,inf,0.6366244526817744,9.0,0.0
socofing:000203:right_index,random_rectangles,0.20000000298023224,0.07046114730306442,0.20714755566401175,11.52050289577522,0.2834472553512673,13107.0,0.8954209685325623,0.0,0.0,inf,0.9271397190236939,3277.0,0.0,0.09689078469013014,0.25497013517064543,10.13717526855764,0.07109641787957294,7660.0,0.8954209685325623,0.0,0.0,inf,0.9167702112162803,670.0,0.0
socofing:000203:right_middle,random_rectangles,0.30000001192092896,0.06567517526531902,0.18925571138976643,11.825987595520274,0.2514048079512168,11469.0,0.9119943375699222,0.0,0.0,inf,0.9559502292809904,4915.0,0.0,0.08593132431618056,0.2315528849431887,10.658484950994394,0.07133314109089378,8402.0,0.9119943375699222,0.0,0.0,inf,0.9419205261944874,1450.0,0.0
socofing:000203:right_ring,random_rectangles,0.4000000059604645,0.04363064674764337,0.15688403232860648,13.602083493131815,0.3695606993690002,9830.0,0.8454849682748318,0.0,0.0,inf,0.9525103875625058,6554.0,0.0,0.06351597877639413,0.2061608789251692,11.97117005078817,0.11332740896187239,6339.0,0.8454849682748318,0.0,0.0,inf,0.9556757977268071,2273.0,0.0
socofing:000203:right_little,random_rectangles,0.5,0.06396575335699718,0.18824617627768703,11.94052480841638,0.33654192605571676,8192.0,0.8788879066705704,0.0,0.0,inf,0.9672509527495499,8192.0,0.0,0.09155385917047264,0.24496215976602828,10.38323344632445,0.14822437267027586,5213.0,0.8788879066705704,0.0,0.0,inf,0.9574349784003703,3372.0,0.0
socofing:000206:left_thumb,random_rectangles,0.6000000238418579,0.12286355657534732,0.2710955195263344,9.10576917156684,0.15725780378458512,6554.0,0.975946307182312,0.0,0.0,inf,0.9778069383878806,9830.0,0.0,0.13184727112597788,0.29097933005722326,8.79928854472701,0.10054509218910092,5925.0,0.975946307182312,0.0,0.0,inf,0.9763512111272479,5370.0,0.0
socofing:000206:left_index,random_rectangles,0.699999988079071,0.058778639776620824,0.19710547494998587,12.307804683543036,0.15726401396359116,4915.0,0.8333131819963455,0.0,0.0,inf,0.9888094904204615,11469.0,0.0,0.061057210861241905,0.204273941957466,12.142630384788603,0.1263524121078191,4731.0,0.8333131819963455,0.0,0.0,inf,0.982706922505797,7248.0,0.0
socofing:000206:left_middle,random_rectangles,0.800000011920929,0.04555466829467209,0.17324956996024773,13.414671113203791,0.18870381302681274,3277.0,0.6888919472694397,0.0,0.0,inf,0.995752646070857,13107.0,0.0,0.04745053625925977,0.18299692595397152,13.237588750571023,0.12110861486226127,2948.0,0.6888919472694397,0.0,0.0,inf,0.9941909473590567,9323.0,0.0
socofing:000206:left_ring,irregular,0.10000000149011612,0.052857954843633516,0.17628655228102558,12.768896444072462,0.29850868730846086,14746.0,0.7724204044789076,0.0,0.0,inf,0.8913686419115026,1638.0,0.0,0.06713131074119107,0.21150384472392408,11.730748731173415,0.12136798004374266,10753.0,0.7724204044789076,0.0,0.0,inf,0.904075461580675,1131.0,0.0
socofing:000206:left_little,irregular,0.20000000298023224,0.048913983606781224,0.16918743952434187,13.105669663344662,0.35498802172729044,13107.0,0.7935477048158646,0.0,0.0,inf,0.8211329608031223,3277.0,0.0,0.06517408731545335,0.21094927705245028,11.85925041887868,0.14749592224441715,8745.0,0.7935477048158646,0.0,0.0,inf,0.8360804384786086,2379.0,0.0
socofing:000206:right_thumb,irregular,0.30000001192092896,0.07772686299871535,0.21376586257527913,11.094288597593227,0.27146521168405563,11469.0,0.8790398798882961,0.0,0.0,inf,0.9471618514954925,4915.0,0.0,0.09499799235190272,0.25405355145453534,10.222855728132942,0.13730780726173158,8771.0,0.8790398798882961,0.0,0.0,inf,0.9452557376276045,4030.0,0.0
socofing:000206:right_index,irregular,0.4000000059604645,0.05592102955737618,0.1772480529487618,12.524248414295567,0.3326106193290847,9830.0,0.8624502345919609,0.0,0.0,inf,0.9609876245901209,6554.0,0.0,0.06787811659449068,0.21050338617670822,11.682702165012032,0.19167053384328253,7498.0,0.8624502345919609,0.0,0.0,inf,0.9575782565212738,4609.0,0.0
socofing:000206:right_middle,irregular,0.5,0.05026952874771836,0.17081133816168403,12.98695186051511,0.3456839423326235,8192.0,0.8345471601933241,0.0,0.0,inf,0.9594606534389959,8192.0,0.0,0.05986236922109409,0.19844518319247162,12.228460987339545,0.21648206198534378,6590.0,0.8345471601933241,0.0,0.0,inf,0.9500015094793278,5682.0,0.0
socofing:000206:right_ring,irregular,0.6000000238418579,0.037995142272457844,0.14195175498521065,14.202719249390665,0.42610393907501476,6554.0,0.8093894049525261,0.0,0.0,inf,0.9666158315249677,9830.0,0.0,0.04857595492134041,0.17571321548933697,13.13578653147275,0.2653742634444312,4698.0,0.8093894049525261,0.0,0.0,inf,0.9594271498923502,7400.0,0.0
socofing:000206:right_little,irregular,0.699999988079071,0.03644586127665907,0.14067240619950475,14.383517822091427,0.4535676041198336,4915.0,0.7515935152769089,0.0,0.0,inf,0.9655718007285591,11469.0,0.0,0.04882367278090159,0.18005593078459606,13.113695537086201,0.2693008942138565,3281.0,0.7515935152769089,0.0,0.0,inf,0.9545515286599484,6428.0,0.0
socofing:000214:left_thumb,irregular,0.800000011920929,0.04689216051844814,0.15655139245622618,13.288997570324451,0.5535529072027491,3277.0,0.8625909239053726,0.0,0.0,inf,0.9879885303438889,13107.0,0.0,0.06891714245192457,0.21504448883582786,11.616727382334266,0.40366721715390946,2188.0,0.8625909239053726,0.0,0.0,inf,0.9861409996212129,7505.0,0.0
socofing:000214:left_index,central_missing,0.10000000149011612,0.09048635013817408,0.23268241505694362,10.434169291569075,0.2590032865127433,14746.0,0.8568849544972181,0.0,0.0,inf,0.8394305194881374,1638.0,0.0,0.11321330173319452,0.27310803243917803,9.461025437312903,0.05909414221051443,9518.0,0.8568849544972181,0.0,0.0,inf,0.6648921793038639,43.0,0.0
socofing:000214:left_middle,central_missing,0.20000000298023224,0.06632268074383446,0.20181718937062995,11.783379280439497,0.24281853689247665,13107.0,0.8968313317745924,0.0,0.0,inf,0.9406990470008111,3277.0,0.0,0.08433464498675589,0.2389952479274319,10.739939789262905,0.06026568526854857,9038.0,0.8968313317745924,0.0,0.0,inf,0.9473187021648751,228.0,0.0
socofing:000214:left_ring,central_missing,0.30000001192092896,0.07256513050719889,0.20680906609115215,11.392720193300379,0.2705422337130893,11469.0,0.8641042076051235,0.0,0.0,inf,0.9629783348712494,4915.0,0.0,0.08938960002026998,0.244460283417689,10.487130059976188,0.061403787290137145,6682.0,0.8641042076051235,0.0,0.0,inf,0.9417577199415172,513.0,0.0
socofing:000214:left_little,central_missing,0.4000000059604645,0.058434644827134966,0.18706463762556155,12.333295913104765,0.2763569233195407,9830.0,0.8876467309892178,0.0,0.0,inf,0.9613968678939521,6554.0,0.0,0.08139472166334127,0.23837458206729684,10.894037576023328,0.07966013259461789,6689.0,0.8876467309892178,0.0,0.0,inf,0.8543260798126103,369.0,0.0
socofing:000214:right_thumb,central_missing,0.5,0.06880710174656016,0.19845391126523282,11.623667348724673,0.12150673327126144,8192.0,0.92921709921211,0.0,0.0,inf,0.9812994859022033,8192.0,0.0,0.07261327327456038,0.2079965350024457,11.38983985594573,0.08063500420558274,7757.0,0.92921709921211,0.0,0.0,inf,0.9566694171289087,2668.0,0.0
socofing:000214:right_index,central_missing,0.6000000238418579,0.07527575153326718,0.20784057220331825,11.233448999118936,0.16650684256119636,6554.0,0.855793415568769,0.0,0.0,inf,0.9882847504182294,9830.0,0.0,0.0808708141736859,0.22173307112466842,10.922081845713524,0.11121453497886703,6097.0,0.855793415568769,0.0,0.0,inf,0.9796313872858833,5030.0,0.0
socofing:000214:right_middle,central_missing,0.699999988079071,0.0501660886168763,0.17606999097071732,12.99589759014662,0.17966506525327433,4915.0,0.7500578016042709,0.0,0.0,inf,0.9827411079677982,11469.0,0.0,0.057518895045738996,0.1929539758995519,12.40189465465013,0.1088952763720206,4074.0,0.7500578016042709,0.0,0.0,inf,0.9745881382689029,4436.0,0.0
socofing:000214:right_ring,central_missing,0.800000011920929,0.0733376627865345,0.21605314837520284,11.3467293477745,0.11526635501495398,3277.0,0.9037668779492378,0.0,0.0,inf,0.9951550493079674,13107.0,0.0,0.0733376627865345,0.21605314837520284,11.3467293477745,0.11526635501495398,3277.0,0.9037668779492378,0.0,0.0,inf,0.9908086888521537,6909.0,0.0
socofing:000214:right_little,peripheral_only,0.10000000149011612,0.06283489284340993,0.207624508532711,12.01799121214204,0.3611030213067932,14746.0,0.8733339458703995,0.0,0.0,inf,0.6562462712306595,1638.0,0.0,0.08701329663724075,0.2526029247865342,10.604143770946923,0.17529042918093105,9280.0,0.8733339458703995,0.0,0.0,inf,0.7409546100905046,1163.0,0.0
socofing:000217:left_thumb,peripheral_only,0.20000000298023224,0.06589169701442386,0.19038106831602233,11.811693072269469,0.35963633363438213,13107.0,0.8930148929357529,0.0,0.0,inf,0.8988493286034656,3277.0,0.0,0.09120482006083258,0.24388142573348118,10.399822091441033,0.13106410804283425,8529.0,0.8930148929357529,0.0,0.0,inf,0.9398794125242044,2471.0,0.0
socofing:000217:left_index,peripheral_only,0.30000001192092896,0.05226965748375608,0.17039529371835152,12.817503457679864,0.439132571707791,11469.0,0.8798612132668495,0.0,0.0,inf,0.9102816927987352,4915.0,0.0,0.08519240484048529,0.24015392079822448,10.695991221687372,0.1463076898208645,6310.0,0.8798612132668495,0.0,0.0,inf,0.9543862240778065,2401.0,0.0
socofing:000217:left_middle,peripheral_only,0.4000000059604645,0.05119449170552059,0.16472652605237365,12.907767646216026,0.45345048785734127,9830.0,0.818577766418457,0.0,0.0,inf,0.9583049813115523,6554.0,0.0,0.07959715060539266,0.23322620086073184,10.991024787259473,0.1752454307318484,5824.0,0.818577766418457,0.0,0.0,inf,0.9752305759994233,4175.0,0.0
socofing:000217:left_ring,peripheral_only,0.5,0.046059448400950526,0.15289340811830243,13.366812673673987,0.468729652847283,8192.0,0.8489536643028259,0.0,0.0,inf,0.9329367006495651,8192.0,0.0,0.08099352157763051,0.2343786867576189,10.915497176103235,0.1793538518373609,4263.0,0.8489536643028259,0.0,0.0,inf,0.9736044645580048,4065.0,0.0
socofing:000217:left_little,peripheral_only,0.6000000238418579,0.05585019108593338,0.16716484594054243,12.529753366499932,0.4044375013787404,6554.0,0.8483299687504768,0.0,0.0,inf,0.9668515223779737,9830.0,0.0,0.08619200800324997,0.23992910336479062,10.645330014722532,0.13963602796116167,4008.0,0.8483299687504768,0.0,0.0,inf,0.9722916812755683,5507.0,0.0
socofing:000217:right_thumb,peripheral_only,0.699999988079071,0.07013418364164703,0.19569128159308544,11.540702538106329,0.33872404066818135,4915.0,0.8944229446351528,0.0,0.0,inf,0.9830365365276224,11469.0,0.0,0.09084779445683551,0.24862192299003222,10.416856117445317,0.15383314083537733,3346.0,0.803550511598587,0.0,0.0,inf,0.9808135766735474,8966.0,0.0
socofing:000217:right_index,peripheral_only,0.800000011920929,0.0564821092949434,0.16853253014694342,12.48089093152258,0.46157260201042655,3277.0,0.8268659859895706,0.0,0.0,inf,0.9912165378858442,13107.0,0.0,0.0831686611292003,0.23294749977457407,10.800402898461854,0.24207636935919685,2076.0,0.8268659859895706,0.0,0.0,inf,0.989506019762442,9464.0,0.0
socofing:000217:right_middle,central_only,0.10000000149011612,0.05916611099737805,0.1867235926369974,12.279269760649838,0.3577306700692867,14746.0,0.9211695939302444,0.0,0.0,inf,0.9622388628836354,1638.0,0.0,0.08732220425195367,0.2464162067992016,10.588753100405699,0.06325153444517159,8785.0,0.9211695939302444,0.0,0.0,inf,0.9622388628836354,1638.0,0.0
socofing:000217:right_ring,central_only,0.20000000298023224,0.04514226018556954,0.16504218219806077,13.454167004300011,0.4530706779678612,13107.0,0.8084828779101372,0.0,0.0,inf,0.9747557181053732,3277.0,0.0,0.07089351148880416,0.22417883802792346,11.49393511693649,0.12213099965938432,6546.0,0.7933258265256882,0.0,0.0,inf,0.9747557181053732,3277.0,0.0
socofing:000217:right_little,central_only,0.30000001192092896,0.0487414453798613,0.16712931225027433,13.12101596382507,0.5398165563829674,11469.0,0.8146629333496094,0.0,0.0,inf,0.9871966579744201,4915.0,0.0,0.08322726220117352,0.24018536757470194,10.797343914475421,0.2135615898224053,4863.0,0.8146629333496094,0.0,0.0,inf,0.9871966579744201,4915.0,0.0
socofing:000241:left_thumb,central_only,0.4000000059604645,0.04414010160924546,0.1583910613773639,13.55166671439796,0.5464343554963133,9830.0,0.8923098035156727,0.0,0.0,inf,0.9856759899585363,6554.0,0.0,0.08303831478260826,0.24090241582997643,10.807214731762597,0.17801015159948202,4142.0,0.8923098035156727,0.0,0.0,inf,0.9856759899585363,6554.0,0.0
socofing:000241:left_index,central_only,0.5,0.031444706166872324,0.13019582579494227,15.024524591546154,0.6636808854020768,8192.0,0.7947602719068527,0.0,0.0,inf,0.9760769455976765,8192.0,0.0,0.07104016945422773,0.21190956274152942,11.484960112926837,0.3134693693959425,2314.0,0.7947602719068527,0.0,0.0,inf,0.9874234036039128,8023.0,0.0
socofing:000241:left_middle,central_only,0.6000000238418579,0.0250273170674048,0.1110181806925633,16.015857043379643,0.6972517274837842,6554.0,0.692989856004715,0.0,0.0,inf,0.9772066522932065,9830.0,0.0,0.06805065267486261,0.21544561104169932,11.671677051155767,0.33258038086724134,1473.0,0.692989856004715,0.0,0.0,inf,0.9929010631736985,9128.0,0.0
socofing:000241:left_ring,central_only,0.699999988079071,0.01074564230458074,0.07489585818254814,19.68767620098265,0.8323519098425937,4915.0,0.6820324808359146,0.0,0.0,inf,0.9795075536361036,11469.0,0.0,0.0559916327321848,0.20087032911198383,12.518768681678203,0.406057280109436,352.0,0.5682713836431503,0.0,0.0,inf,0.9943143363925869,9723.0,0.0
socofing:000241:left_little,central_only,0.800000011920929,0.009423831164949777,0.06347300642677876,20.25772503200807,0.8369665737770448,3277.0,0.6158119142055511,0.0,0.0,inf,0.9856814991927341,13107.0,0.0,0.06635791175735828,0.22717028057521527,11.781072894126861,0.45599254660655225,222.0,0.6158119142055511,0.0,0.0,inf,0.9981368015587269,8001.0,0.0
socofing:000241:right_thumb,disconnected_fragments,0.10000000149011612,0.06476272687367601,0.19222250495376422,11.886748733025758,0.3019724506514907,14746.0,0.9314867253415287,0.0,0.0,inf,0.8804210442215425,1638.0,0.0,0.08573974807158165,0.24231083000373602,10.66817796907526,0.08924488480566944,9926.0,0.9314867253415287,0.0,0.0,inf,0.9174414203912912,1350.0,0.0
socofing:000241:right_index,disconnected_fragments,0.20000000298023224,0.04976462107437053,0.1723121630695171,13.03079298455554,0.3784348091071175,13107.0,0.8237580955028534,0.0,0.0,inf,0.9310052986653629,3277.0,0.0,0.07307459806487837,0.22741377962161755,11.362335647311891,0.12469084727269655,8009.0,0.8237580955028534,0.0,0.0,inf,0.9605123543801453,1719.0,0.0
socofing:000241:right_middle,disconnected_fragments,0.30000001192092896,0.04193989462705,0.15256685688874058,13.7737266502347,0.4071369455074595,11469.0,0.8300600722432137,0.0,0.0,inf,0.9647684333355514,4915.0,0.0,0.06237308066851074,0.20284569701506666,12.050028051825752,0.11999070698972955,7039.0,0.8300600722432137,0.0,0.0,inf,0.9816624927423406,3671.0,0.0
socofing:000241:right_ring,disconnected_fragments,0.4000000059604645,0.05090719632847825,0.15835756710796814,12.932208207116311,0.5110095079607081,9830.0,0.7745638787746429,0.0,0.0,inf,0.9557222850396209,6554.0,0.0,0.0851254527047459,0.23330082232759786,10.699405654562476,0.14021657130621631,4009.0,0.7745638787746429,0.0,0.0,inf,0.978363922914208,4715.0,0.0
socofing:000241:right_little,disconnected_fragments,0.5,0.03451878909564731,0.1339380718833354,14.619444475542313,0.5032558582375823,8192.0,0.7037473022937775,0.0,0.0,inf,0.9813599615804078,8192.0,0.0,0.06458167999231719,0.20807259010996848,11.89890661674028,0.14698899989790856,3638.0,0.7037473022937775,0.0,0.0,inf,0.988452687270111,5618.0,0.0
socofing:000249:left_thumb,disconnected_fragments,0.6000000238418579,0.02278746255598159,0.09517670604737113,16.423040319625926,0.5013144970289594,6554.0,0.7633652687072754,0.0,0.0,inf,0.9928545314696728,9830.0,0.0,0.034443369339673374,0.13204042835714763,14.628943713283052,0.18118955560680589,3529.0,0.7633652687072754,0.0,0.0,inf,0.9932369448996552,7283.0,0.0
socofing:000249:left_index,disconnected_fragments,0.699999988079071,0.022353652973435004,0.09574567752824917,16.50651495504291,0.5638371472663417,4915.0,0.7275261878967285,0.0,0.0,inf,0.9863833514699292,11469.0,0.0,0.04190710243220692,0.15252509787084922,13.777123663960996,0.1737171603305575,2384.0,0.7275261878967285,0.0,0.0,inf,0.9858261648315132,8170.0,0.0
socofing:000249:left_middle,disconnected_fragments,0.800000011920929,0.07886359076706032,0.19174470695467177,11.031234527913576,0.2748308154420623,3277.0,0.7781696952879429,0.0,0.0,inf,0.9952625845861927,13107.0,0.0,0.07950025705587405,0.21089845067316215,10.996314670948863,0.1433465670347586,2142.0,0.7781696952879429,0.0,0.0,inf,0.9933398565080068,7660.0,0.0
socofing:000249:left_ring,stripes,0.10000000149011612,0.0342680974980685,0.14284282353744931,14.651100061340685,0.4401055803457166,14746.0,0.7107873857021332,0.0,0.0,inf,0.8573792842823483,1638.0,0.0,0.05077504029483455,0.1807701144588856,12.943497232689488,0.1609230019053145,8514.0,0.7107873857021332,0.0,0.0,inf,0.8959489154809827,653.0,0.0
socofing:000249:left_little,stripes,0.20000000298023224,0.08794706449909952,0.2299890865152144,10.55778651864494,0.3938567409786313,13107.0,0.89078239351511,0.0,0.0,inf,0.8982723004235308,3277.0,0.0,0.12099498862704132,0.2895015436378545,9.172326169289502,0.07439625332729874,6021.0,0.89078239351511,0.0,0.0,inf,0.9485013463068067,727.0,0.0
socofing:000249:right_thumb,stripes,0.30000001192092896,0.062406342720170246,0.19812844407698663,12.047712681960697,0.24585578798107338,11469.0,0.9166277041658759,0.0,0.0,inf,0.918864963270933,4915.0,0.0,0.06975439222485588,0.23078871997435818,11.564284409724788,0.08768365289910808,8416.0,0.8399768453091383,0.0,0.0,inf,0.8972003372582993,3613.0,0.0
socofing:000249:right_index,stripes,0.4000000059604645,0.049574846096968536,0.18003700456097874,13.047386253695798,0.20909753798285607,9830.0,0.7944757901132107,0.0,0.0,inf,0.9612053469730535,6554.0,0.0,0.05608408127589453,0.20436313207038706,12.511603899931373,0.07634896355267581,7934.0,0.7820581775158644,0.0,0.0,inf,0.9296703826150943,3247.0,0.0
socofing:000249:right_middle,stripes,0.5,0.045699249104657266,0.14586105664875504,13.40090935868509,0.22961182658761758,8192.0,0.8465170711278915,0.0,0.0,inf,0.992186238166753,8192.0,0.0,0.04888025246616304,0.15977922325435737,13.108665596317394,0.11059839660468442,6331.0,0.8465170711278915,0.0,0.0,inf,0.983564159337196,3535.0,0.0
socofing:000249:right_ring,stripes,0.6000000238418579,0.0550972079190165,0.14823246306063637,12.588704086997186,0.4219849345276228,6554.0,0.8442110642790794,0.0,0.0,inf,0.9842300001031041,9830.0,0.0,0.07837898246809616,0.19610405640287076,11.058003789206804,0.1901707604658513,3591.0,0.8442110642790794,0.0,0.0,inf,0.9795257153000068,6679.0,0.0
socofing:000249:right_little,stripes,0.699999988079071,0.0454882349248574,0.13543490397223742,13.42100914725701,0.5162110282894579,4915.0,0.7774046659469604,0.0,0.0,inf,0.9795991613286992,11469.0,0.0,0.08364685004073724,0.2001493054607313,10.775504089835216,0.2968169868078846,2052.0,0.7774046659469604,0.0,0.0,inf,0.9822693297294005,5293.0,0.0
socofing:000256:left_thumb,stripes,0.800000011920929,0.04480018068541877,0.15219230983556362,13.487202344277021,0.3634505517772705,3277.0,0.8010845109820366,0.0,0.0,inf,0.9967890576768189,13107.0,0.0,0.06230868182776368,0.2026262896846625,12.054514363713642,0.14397562874809472,2111.0,0.8010845109820366,0.0,0.0,inf,0.9955555570386543,9023.0,0.0
socofing:000256:left_index,severe_partial,0.10000000149011612,0.0701968286676686,0.20781339026629955,11.536825078594084,0.26083878065559946,14746.0,0.9164853692054749,0.0,0.0,inf,0.7803992501102092,1638.0,0.0,0.09030070557570484,0.24589591465998054,10.443088562597167,0.05550307576770452,9690.0,0.8521811347454786,0.0,0.0,inf,0.8796645238021313,1180.0,0.0
socofing:000256:left_middle,severe_partial,0.20000000298023224,0.06294025758424633,0.18959012791835425,12.010714840604233,0.350106015644824,13107.0,0.8907003365457058,0.0,0.0,inf,0.9725978104389028,3277.0,0.0,0.0861076452047429,0.24241603702501055,10.649582873055701,0.14107168836164147,8915.0,0.8907003365457058,0.0,0.0,inf,0.9726560803560984,3201.0,0.0
socofing:000256:left_ring,severe_partial,0.30000001192092896,0.04890080413855216,0.16210364387640647,13.106839991572707,0.40698985378015534,11469.0,0.889649152290076,0.0,0.0,inf,0.974411061872699,4915.0,0.0,0.07225656656531176,0.2159464911758176,11.411226787653053,0.14570258209838172,7239.0,0.889649152290076,0.0,0.0,inf,0.979897180646889,4534.0,0.0
socofing:000256:left_little,random_rectangles,0.10000000149011612,0.07994836188853806,0.21966104074249923,10.971904303549824,0.24029493154591197,14746.0,0.8887498374097049,0.0,0.0,inf,0.7487628558138851,1638.0,0.0,0.10803398143867517,0.2681278760205869,9.664396183089023,0.049879549669085095,9591.0,0.8887498374097049,0.0,0.0,inf,0.6936400552478079,44.0,0.0
socofing:000256:right_thumb,random_rectangles,0.20000000298023224,0.07662892731843911,0.20825398419529287,11.156072538240178,0.18159738905069592,13107.0,0.8472152873873711,0.0,0.0,inf,0.9320809413250981,3277.0,0.0,0.0906988737764581,0.23817089721898707,10.42398105615829,0.06086832127545472,10904.0,0.8472152873873711,0.0,0.0,inf,0.8973720655931031,753.0,0.0
socofing:000256:right_index,random_rectangles,0.30000001192092896,0.0716678203816652,0.2027962962777749,11.446758034362727,0.25571074401966476,11469.0,0.8848184272646904,0.0,0.0,inf,0.9498269327726759,4915.0,0.0,0.08700722624883156,0.2378954903057817,10.604446762358107,0.07533443015037442,7386.0,0.8848184272646904,0.0,0.0,inf,0.910143536781191,1078.0,0.0
socofing:000256:right_middle,random_rectangles,0.4000000059604645,0.07508079124082427,0.21801662307127453,11.244711592031534,0.1804713650293218,9830.0,0.9322757702320814,0.0,0.0,inf,0.9730239080716434,6554.0,0.0,0.07964256744275802,0.2300576537066,10.988547480387814,0.13442937489881832,9170.0,0.9322757702320814,0.0,0.0,inf,0.9573520358619951,3421.0,0.0
socofing:000256:right_ring,random_rectangles,0.5,0.05057335653693944,0.1773643658601145,12.960782214298314,0.22024552847983722,8192.0,0.8000137200579047,0.0,0.0,inf,0.9754710954691037,8192.0,0.0,0.05678680240394588,0.196826890687341,12.457525852242515,0.12195725987923264,6999.0,0.8000137200579047,0.0,0.0,inf,0.964455165306875,3011.0,0.0
socofing:000256:right_little,random_rectangles,0.6000000238418579,0.06498966189718969,0.19534224872267045,11.871557224046288,0.23691976215164248,6554.0,0.9023737870156765,0.0,0.0,inf,0.9760011876722955,9830.0,0.0,0.0736882007875907,0.2177382078673096,11.32602047325227,0.13505325003785232,5638.0,0.9023737870156765,0.0,0.0,inf,0.9536438111798768,3166.0,0.0
socofing:000263:left_thumb,random_rectangles,0.699999988079071,0.053029636803041416,0.17760454263397904,12.754813473293932,0.14218594337164317,4915.0,0.9344208538532257,0.0,0.0,inf,0.9843506435427934,11469.0,0.0,0.0566902445395335,0.18922677377394057,12.46491669628523,0.08497399362451527,4597.0,0.9344208538532257,0.0,0.0,inf,0.965717228200808,5186.0,0.0
socofing:000263:left_index,random_rectangles,0.800000011920929,0.06386088900124622,0.19923793234307344,11.947650399831026,0.08277861649033322,3277.0,0.8158251494169235,0.0,0.0,inf,0.9884032138972854,13107.0,0.0,0.06518028546905436,0.20292238340251775,11.858837417941093,0.06872174767972491,3210.0,0.8158251494169235,0.0,0.0,inf,0.9730268778090994,5174.0,0.0
socofing:000263:left_middle,irregular,0.10000000149011612,0.034207384413899054,0.14849756959860239,14.658801318376717,0.3132985369705215,14746.0,0.8285979330539703,0.0,0.0,inf,0.5894101383196843,1638.0,0.0,0.044554975127340773,0.16897336429861406,13.511037944393788,0.08770788522814967,9056.0,0.8285979330539703,0.0,0.0,inf,0.7076164040600496,588.0,0.0
socofing:000263:left_ring,irregular,0.20000000298023224,0.03060322091891152,0.1382662814772114,15.142328626133331,0.40874339939801646,13107.0,0.7787981107831001,0.0,0.0,inf,0.7420537720532473,3277.0,0.0,0.04330399961126712,0.16694828428892483,13.63471989815585,0.1623555378211504,7217.0,0.7787981107831001,0.0,0.0,inf,0.8751362922438485,1792.0,0.0
socofing:000263:left_little,irregular,0.30000001192092896,0.02899123319014354,0.13499132834413233,15.377333108166587,0.41570213274641316,11469.0,0.7439344525337219,0.0,0.0,inf,0.8059814187173459,4915.0,0.0,0.04332766158601287,0.16561638656808395,13.632347494077129,0.16535534601663515,6201.0,0.7439344525337219,0.0,0.0,inf,0.8450634624140171,1575.0,0.0
socofing:000263:right_thumb,irregular,0.4000000059604645,0.03934971201461893,0.1526972408351012,14.050584417272683,0.34967793020983207,9830.0,0.8320020399987698,0.0,0.0,inf,0.9023478861211698,6554.0,0.0,0.05074039387103665,0.18894487141416386,12.946461659011646,0.16354727127282254,7233.0,0.8320020399987698,0.0,0.0,inf,0.8691052829806212,3881.0,0.0
socofing:000263:right_index,irregular,0.5,0.03387563749316314,0.1326282781552095,14.701125232125067,0.40227606748733025,8192.0,0.7869594655930996,0.0,0.0,inf,0.9394908332283928,8192.0,0.0,0.04643266918636366,0.16875303744832948,13.331763501570105,0.21192132742518693,5701.0,0.7869594655930996,0.0,0.0,inf,0.9377139388733211,5093.0,0.0
socofing:000263:right_middle,irregular,0.6000000238418579,0.03563860736205301,0.13212146882078904,14.480792750838887,0.3785259865237701,6554.0,0.768085889518261,0.0,0.0,inf,0.9545678327247332,9830.0,0.0,0.04655500233312137,0.16274873394421402,13.320336472508378,0.20840519203683813,4824.0,0.768085889518261,0.0,0.0,inf,0.9447450617334935,5741.0,0.0
socofing:000263:right_ring,irregular,0.699999988079071,0.03068231862433478,0.126321979469524,15.131118243936669,0.42167520969675704,4915.0,0.8203005772083998,0.0,0.0,inf,0.9642408328269122,11469.0,0.0,0.04086932135169613,0.15978988723927137,13.886025738289149,0.24385125348728054,3430.0,0.8203005772083998,0.0,0.0,inf,0.9470369438526325,6636.0,0.0
socofing:000263:right_little,irregular,0.800000011920929,0.030264164116618156,0.11443836524000356,15.190713166152463,0.46874238198235973,3277.0,0.8469250053167343,0.0,0.0,inf,0.979604324681211,13107.0,0.0,0.047054388446813825,0.1637713937330217,13.273998666180553,0.21861622083477628,2045.0,0.8469250053167343,0.0,0.0,inf,0.9738423998034055,6885.0,0.0
socofing:000274:left_thumb,central_missing,0.10000000149011612,0.10720220515328555,0.2513016783116972,9.69796281097971,0.1374071223362367,14746.0,0.9214035267941654,0.0,0.0,inf,0.8970192083384679,1638.0,0.0,0.12581727496263567,0.2852628337836199,9.002597252987346,0.028007825401485078,12216.0,0.9214035267941654,0.0,0.0,inf,0.8866497154100533,270.0,0.0
socofing:000274:left_index,central_missing,0.20000000298023224,0.08976467830331795,0.22497273780314003,10.468945211907474,0.17055758874078003,13107.0,0.9355164766311646,0.0,0.0,inf,0.9254640094791794,3277.0,0.0,0.10238419884618438,0.2509442685067632,9.897670637061143,0.06828775454329769,11087.0,0.9355164766311646,0.0,0.0,inf,0.854522475142954,670.0,0.0
socofing:000274:left_middle,central_missing,0.30000001192092896,0.11087579357088535,0.2658434363541419,9.5516325877489,0.05247629321987337,11469.0,0.960811018012464,0.0,0.0,inf,0.9531201365633624,4915.0,0.0,0.1125727265351143,0.2697022421743665,9.485668150798832,0.03787272708405682,11042.0,0.960811018012464,0.0,0.0,inf,0.9247014975031038,1683.0,0.0
socofing:000274:left_ring,central_missing,0.4000000059604645,0.09336453042756979,0.24470184597396125,10.298180827129336,0.06429644288517347,9830.0,0.9739271397702396,0.0,0.0,inf,0.9639394546532266,6554.0,0.0,0.09365336412748765,0.24524040728503538,10.284766176933005,0.058201599966661195,9745.0,0.9739271397702396,0.0,0.0,inf,0.932435478532378,2656.0,0.0
socofing:000274:left_little,central_missing,0.5,0.07801722606185026,0.2184706464981332,11.078094952886243,0.09414286202109097,8192.0,0.9734153151512146,0.0,0.0,inf,0.9794634963711243,8192.0,0.0,0.07891052584869927,0.22081357300329132,11.028650625306229,0.08563813499173296,8099.0,0.9734153151512146,0.0,0.0,inf,0.9457098180281565,2868.0,0.0
socofing:000274:right_thumb,central_missing,0.6000000238418579,0.11159687906622577,0.2810596286662083,9.523479507682346,0.11378884660119226,6554.0,0.8796582743525505,0.0,0.0,inf,0.9889530090058254,9830.0,0.0,0.11159687906622577,0.2810596286662083,9.523479507682346,0.11378884660119226,6554.0,0.8796582743525505,0.0,0.0,inf,0.9826779515915243,6269.0,0.0
socofing:000274:right_index,central_missing,0.699999988079071,0.09987047867941316,0.25608307445764783,10.005628685443217,0.11179756550365935,4915.0,0.8710945844650269,0.0,0.0,inf,0.993119479817277,11469.0,0.0,0.09987047867941316,0.25608307445764783,10.005628685443217,0.11179756550365935,4915.0,0.8710945844650269,0.0,0.0,inf,0.9883917790562444,6798.0,0.0
socofing:000274:right_middle,central_missing,0.800000011920929,0.096530230867662,0.25666803783453773,10.153366551231457,0.13535454010554848,3277.0,0.877341739833355,0.0,0.0,inf,0.9951429961642325,13107.0,0.0,0.096530230867662,0.25666803783453773,10.153366551231457,0.13535454010554848,3277.0,0.877341739833355,0.0,0.0,inf,0.9931348269949957,9273.0,0.0
socofing:000274:right_ring,peripheral_only,0.10000000149011612,0.05984247280669537,0.18325797001379404,12.229904688850064,0.30583391511412883,14746.0,0.8677939623594284,0.0,0.0,inf,0.9224384364325307,1638.0,0.0,0.07940226667528072,0.22979035165433456,11.001670997074658,0.09801436447335887,10490.0,0.8677939623594284,0.0,0.0,inf,0.9233302294872683,1565.0,0.0
socofing:000274:right_little,peripheral_only,0.20000000298023224,0.05784699810902253,0.17806237614515721,12.377191732465997,0.3785828080637268,13107.0,0.930118840187788,0.0,0.0,inf,0.8950360265553913,3277.0,0.0,0.08553092505992001,0.24004139411129774,10.67876830832492,0.13341943036604895,8413.0,0.930118840187788,0.0,0.0,inf,0.9334631544643514,2541.0,0.0
socofing:000284:left_thumb,peripheral_only,0.30000001192092896,0.035986934356135966,0.13741385518587923,14.438551483157227,0.3409420091296434,11469.0,0.7936678975820541,0.0,0.0,inf,0.9589566506928541,4915.0,0.0,0.04762687606069959,0.16835209176007968,13.2214790377276,0.1448079679451421,7610.0,0.7936678975820541,0.0,0.0,inf,0.958887121671037,4223.0,0.0
socofing:000284:left_index,peripheral_only,0.4000000059604645,0.04311585033211665,0.15294119162126876,13.653630443098528,0.4652967526004473,9830.0,0.8669502884149551,0.0,0.0,inf,0.910574998672094,6554.0,0.0,0.07462594782988742,0.22368484617767978,11.271101398200184,0.15909265743494175,5136.0,0.8669502884149551,0.0,0.0,inf,0.9628505275262877,2664.0,0.0
socofing:000284:left_middle,peripheral_only,0.5,0.02500945194111584,0.10725670644342244,16.018958253249597,0.45895537724285795,8192.0,0.8540792167186737,0.0,0.0,inf,0.9662411826761061,8192.0,0.0,0.03496971862316728,0.13867387042457824,14.563078621402095,0.20660691725498417,4744.0,0.8540792167186737,0.0,0.0,inf,0.9663785607797094,6353.0,0.0
socofing:000284:left_ring,peripheral_only,0.6000000238418579,0.02777997112726077,0.11227264269211051,15.562682099762952,0.46346402195727443,6554.0,0.8734533116221428,0.0,0.0,inf,0.9757634295331639,9830.0,0.0,0.046439960967878564,0.16793326572099634,13.331081539515965,0.12849775984854933,3755.0,0.8734533116221428,0.0,0.0,inf,0.9754577306968166,5776.0,0.0
socofing:000284:left_little,peripheral_only,0.699999988079071,0.018803442617518446,0.09091319247686123,17.257626309002802,0.557736624456983,4915.0,0.7679553180932999,0.0,0.0,inf,0.9761233759956812,11469.0,0.0,0.03230438464817145,0.13661064820126945,14.90738527227089,0.24761133154733736,2466.0,0.7679553180932999,0.0,0.0,inf,0.9765500797486405,6522.0,0.0
socofing:000284:right_thumb,peripheral_only,0.800000011920929,0.01851216332150553,0.09751849840709194,17.325428268605766,0.4357507161454657,3277.0,0.8044840022921562,0.0,0.0,inf,0.9853219541898031,13107.0,0.0,0.025039187765906266,0.12745334671631536,16.013797631016313,0.18309118667045404,2053.0,0.768431656062603,0.0,0.0,inf,0.9827642648608022,9696.0,0.0
socofing:000284:right_index,central_only,0.10000000149011612,0.023884221019541775,0.11243513621193825,16.218889186021627,0.42517170148252326,14746.0,0.821487195789814,0.0,0.0,inf,0.9310310700020381,1638.0,0.0,0.02767640090742815,0.1215488415494179,15.57890387035781,0.23835934240770482,9750.0,0.821487195789814,0.0,0.0,inf,0.9310310700020381,1638.0,0.0
socofing:000284:right_middle,central_only,0.20000000298023224,0.03628848426111383,0.1367151867429894,14.402311715288983,0.4385991299641957,13107.0,0.7511076331138611,0.0,0.0,inf,0.9658795370366599,3277.0,0.0,0.0422981781712781,0.14809707184043577,13.736783377597046,0.2051599325249986,7254.0,0.7511076331138611,0.0,0.0,inf,0.9658795370366599,3277.0,0.0
socofing:000284:right_ring,central_only,0.30000001192092896,0.026295460537668187,0.11903366115525961,15.801192185673326,0.5853533585002559,11469.0,0.7000104188919067,0.0,0.0,inf,0.9724390054703522,4915.0,0.0,0.03574041719156896,0.13752919241395395,14.468403823581076,0.27258701842831395,5131.0,0.7000104188919067,0.0,0.0,inf,0.9724390054703522,4915.0,0.0
socofing:000284:right_little,central_only,0.4000000059604645,0.0311478188147727,0.12959877906569933,15.065723602367498,0.6432666471871065,9830.0,0.7253788113594055,0.0,0.0,inf,0.9798440845177515,6554.0,0.0,0.055482623853878595,0.17909435070693916,12.558430086961668,0.25392103210794525,3233.0,0.7253788113594055,0.0,0.0,inf,0.9798440845177515,6554.0,0.0
socofing:000289:left_thumb,central_only,0.5,0.021325704197258866,0.10643675475881764,16.7109661906153,0.7001469927302779,8192.0,0.7302026730030775,0.0,0.0,inf,0.9586407832130013,8192.0,0.0,0.05524847552582943,0.19271124557824165,12.576797009886304,0.25983287849421016,2182.0,0.7079042159020901,0.0,0.0,inf,0.9896717015991404,6707.0,0.0
socofing:000289:left_index,central_only,0.6000000238418579,0.03172166215020515,0.11037660653044708,14.986440646157895,0.6367669355331587,6554.0,0.8350843414664268,0.0,0.0,inf,0.9743652640798377,9830.0,0.0,0.07633589540544133,0.20927337571031115,11.172711958500043,0.24376048082277424,1732.0,0.7860586494207382,0.0,0.0,inf,0.9894027970062833,6907.0,0.0
socofing:000289:left_middle,central_only,0.699999988079071,0.008577748724752284,0.0659250308588026,20.66626680066156,0.743044146121939,4915.0,0.6809992119669914,0.0,0.0,inf,0.9873136506780897,11469.0,0.0,0.018683564836713826,0.09953897594456361,17.285402565209914,0.450733510699113,1197.0,0.6809992119669914,0.0,0.0,inf,0.9940334879481035,10419.0,0.0
socofing:000289:left_ring,central_only,0.800000011920929,0.019151365439624216,0.07830077585422338,17.178002565907146,0.6945300615051075,3277.0,0.82280826382339,0.0,0.0,inf,0.9899380319835835,13107.0,0.0,0.05974136751397982,0.1900485841660864,12.237248403696892,0.23989238872701715,450.0,0.6868567988276482,0.0,0.0,inf,0.9958256419466239,8931.0,0.0
socofing:000289:left_little,disconnected_fragments,0.10000000149011612,0.06905659453704875,0.20424689560768367,11.60794842294624,0.37250382610876764,14746.0,0.8696614280343056,0.0,0.0,inf,0.9320210544709632,1638.0,0.0,0.1004935007930012,0.2672054679203905,9.97862024422659,0.09837016819112929,8209.0,0.8696614280343056,0.0,0.0,inf,0.9325156565494626,1551.0,0.0
socofing:000289:right_thumb,disconnected_fragments,0.20000000298023224,0.04961164028581684,0.18815099521067374,13.044164138567282,0.5593511299239988,13107.0,0.8217828422784805,0.0,0.0,inf,0.8594169786453999,3277.0,0.0,0.08876276198978597,0.2537486909929525,10.5176919248937,0.12106144332063078,4652.0,0.8217828422784805,0.0,0.0,inf,0.912854388456683,2495.0,0.0
socofing:000289:right_index,disconnected_fragments,0.30000001192092896,0.06740592882773126,0.19258588545454935,11.713019025162218,0.33400074847366934,11469.0,0.9060652852058411,0.0,0.0,inf,0.9752720637154666,4915.0,0.0,0.09216449062743788,0.24961505925480265,10.354363728183934,0.1105094565305789,7708.0,0.8879337888211012,0.0,0.0,inf,0.9764311177221757,4332.0,0.0
socofing:000289:right_middle,disconnected_fragments,0.4000000059604645,0.0506332001572848,0.1650681178281624,12.955646231419136,0.41738438388077576,9830.0,0.8684896193444729,0.0,0.0,inf,0.9871435602423456,6554.0,0.0,0.07701418800462902,0.23020846716359977,11.134292591845847,0.1565463015615336,6110.0,0.8684896193444729,0.0,0.0,inf,0.9876445018034046,6014.0,0.0
socofing:000289:right_ring,disconnected_fragments,0.5,0.03658655554989641,0.13648563705095285,14.366784753476962,0.4252232789451683,8192.0,0.8337163291871548,0.0,0.0,inf,0.983034102767556,8192.0,0.0,0.05664134197737483,0.18082667333711155,12.468664656561314,0.1477741978926025,4706.0,0.8337163291871548,0.0,0.0,inf,0.984661536076632,7343.0,0.0
socofing:000289:right_little,disconnected_fragments,0.6000000238418579,0.03697896203307675,0.14475531170490263,14.320452832696972,0.613448866289399,6554.0,0.8967951387166977,0.0,0.0,inf,0.9938841861434521,9830.0,0.0,0.07646410980738566,0.24865933713720745,11.165423631479907,0.3086763261153789,2821.0,0.8967951387166977,0.0,0.0,inf,0.993010027849855,7958.0,0.0
socofing:000291:left_thumb,disconnected_fragments,0.699999988079071,0.0810492131480693,0.20715958154689243,10.912511970660567,0.3443118842084926,4915.0,0.9468358755111694,0.0,0.0,inf,0.990557661309263,11469.0,0.0,0.09893513280767698,0.24993489115587708,10.046494589077817,0.21333971190468415,3442.0,0.9468358755111694,0.0,0.0,inf,0.9894758648439974,8437.0,0.0
socofing:000291:left_index,disconnected_fragments,0.800000011920929,0.016497810494768148,0.0799046019214408,17.82573689309496,0.7773463806061155,3277.0,0.7245450606569648,0.0,0.0,inf,0.994962090437266,13107.0,0.0,0.05013051191039578,0.17889453413088557,12.998978605430406,0.43142474557188226,889.0,0.7245450606569648,0.0,0.0,inf,0.9973549614255828,9127.0,0.0
socofing:000291:left_middle,stripes,0.10000000149011612,0.05076768911882135,0.1729899590256009,12.944126046825575,0.3711551307358036,14746.0,0.8975136857479811,0.0,0.0,inf,0.907202451562902,1638.0,0.0,0.07332675580950693,0.22425124381892636,11.347375290395265,0.08591274630605675,9019.0,0.7843663059175014,0.0,0.0,inf,0.9451251803839485,1014.0,0.0
socofing:000291:left_ring,stripes,0.20000000298023224,0.06202819943825153,0.18729875194198148,12.074108254025202,0.28644494712959806,13107.0,0.8422187492251396,0.0,0.0,inf,0.9633010561456992,3277.0,0.0,0.07462776817112246,0.2201888169572092,11.27099546259271,0.10382642982463786,8568.0,0.742657333612442,0.0,0.0,inf,0.9668506059431714,1344.0,0.0
socofing:000291:left_little,stripes,0.30000001192092896,0.05193030339003556,0.17218861763657656,12.845791401387503,0.41035014427701455,11469.0,0.8284737467765808,0.0,0.0,inf,0.9305632113620524,4915.0,0.0,0.08743934579930758,0.24487066525276754,10.582931003357281,0.10680506087680418,5673.0,0.8284737467765808,0.0,0.0,inf,0.9710435797550561,2137.0,0.0
socofing:000291:right_thumb,stripes,0.4000000059604645,0.060781123641415115,0.18358720617140487,12.162312755170905,0.24793289032794658,9830.0,0.923297225497663,0.0,0.0,inf,0.9820075203185367,6554.0,0.0,0.07460826037976669,0.21689603680913014,11.272130862170206,0.0943207160507898,7805.0,0.923297225497663,0.0,0.0,inf,0.9753332211116054,3828.0,0.0
socofing:000291:right_index,stripes,0.5,0.06352803607961752,0.18897984787855648,11.970345703371537,0.29708535405265857,8192.0,0.7921445816755295,0.0,0.0,inf,0.980780790301633,8192.0,0.0,0.0749594428467319,0.21774949117377565,11.251736501017238,0.19112720914697223,6846.0,0.7921445816755295,0.0,0.0,inf,0.9701540750225396,4186.0,0.0
socofing:000291:right_middle,stripes,0.6000000238418579,0.052796340292555144,0.16475348219539496,12.773961806069769,0.4906425689983283,6554.0,0.9279741044156253,0.0,0.0,inf,0.9906452351059847,9830.0,0.0,0.09333368908414404,0.2523390800892729,10.299615680168763,0.20401425770160708,3394.0,0.9279741044156253,0.0,0.0,inf,0.9950715470290041,7611.0,0.0
socofing:000291:right_ring,stripes,0.699999988079071,0.052220077566650855,0.16050523812413625,12.82162487420324,0.42979617338927956,4915.0,0.8043480813503265,0.0,0.0,inf,0.9910542250640563,11469.0,0.0,0.08292713742968547,0.23535089976074974,10.813033258144527,0.13470985593603715,2995.0,0.8043480813503265,0.0,0.0,inf,0.9880721705660023,4987.0,0.0
socofing:000291:right_little,stripes,0.800000011920929,0.039129599103635615,0.13940407576049096,14.074946015746779,0.46484304182996744,3277.0,0.7674875520169735,0.0,0.0,inf,0.9867666992082759,13107.0,0.0,0.06153921904153582,0.2004712037198216,12.108480194324612,0.20159568984241794,2029.0,0.7674875520169735,0.0,0.0,inf,0.9841309660424311,6068.0,0.0
socofing:000293:left_thumb,severe_partial,0.10000000149011612,0.06928644866559795,0.1970562626614095,11.593516982200633,0.3348292861122683,14746.0,0.8323456048965454,0.0,0.0,inf,0.8920074324841132,1638.0,0.0,0.09246650307388087,0.24293466225269045,10.340155663404389,0.10018472168914211,9359.0,0.8323456048965454,0.0,0.0,inf,0.9253180397205915,1476.0,0.0
socofing:000293:left_index,severe_partial,0.20000000298023224,0.040314928709838306,0.15476663643089233,13.945341038405978,0.3707639886349822,13107.0,0.7599516473710537,0.0,0.0,inf,0.9047763542120836,3277.0,0.0,0.059028131392012635,0.20032826133972834,12.289409646863529,0.08543075099172713,8177.0,0.7599516473710537,0.0,0.0,inf,0.9194755845005744,983.0,0.0
socofing:000293:left_middle,severe_partial,0.30000001192092896,0.044487467239310116,0.15689456011571834,13.51762318803598,0.4246881671326049,11469.0,0.8149110674858093,0.0,0.0,inf,0.9576102250866592,4915.0,0.0,0.06883742660183226,0.2167840432797553,11.62175373578556,0.13938909664096025,6446.0,0.8149110674858093,0.0,0.0,inf,0.9740259852189093,3303.0,0.0
socofing:000293:left_ring,random_rectangles,0.10000000149011612,0.07857091516965432,0.21999375105542573,11.047381882981986,0.22471592002637836,14746.0,0.9357902398332953,0.0,0.0,inf,0.7113791124656912,1638.0,0.0,0.09456269076410208,0.2507404079608248,10.242801785168007,0.08138548889276516,10284.0,0.926635205745697,0.0,0.0,inf,0.5658230569347684,93.0,0.0
socofing:000293:left_little,random_rectangles,0.20000000298023224,0.04889849728835007,0.17555280212140842,13.107044870809862,0.3487485374124885,13107.0,0.7704382687807083,0.0,0.0,inf,0.9150621865054289,3277.0,0.0,0.0686610681877366,0.2154305406735223,11.632894443645212,0.12227756127623833,7786.0,0.7704382687807083,0.0,0.0,inf,0.8558750308791402,357.0,0.0
socofing:000293:right_thumb,random_rectangles,0.30000001192092896,0.06644889037018813,0.19368269018063444,11.775122669428882,0.1966235330056619,11469.0,0.8865444641560316,0.0,0.0,inf,0.9747521760250473,4915.0,0.0,0.07560369009456133,0.21557146578264572,11.21457006766053,0.09594882193637912,9958.0,0.8865444641560316,0.0,0.0,inf,0.9626387411240257,1327.0,0.0
socofing:000293:right_index,random_rectangles,0.4000000059604645,0.05531818959944038,0.18076079748656187,12.571320415026893,0.2011467352092332,9830.0,0.811466034501791,0.0,0.0,inf,0.9703021763294408,6554.0,0.0,0.06463177953363236,0.20549422187932873,11.895538863023418,0.09053879248361008,8263.0,0.811466034501791,0.0,0.0,inf,0.9517213750013657,1954.0,0.0
socofing:000293:right_middle,random_rectangles,0.5,0.05247405114327616,0.17552738303834303,12.800554057606163,0.2502133882434359,8192.0,0.8715150943025947,0.0,0.0,inf,0.9726688840804634,8192.0,0.0,0.05942417781699182,0.19562181961230765,12.26036818384195,0.15745969983602406,7079.0,0.8715150943025947,0.0,0.0,inf,0.9560541055397102,2733.0,0.0
socofing:000293:right_ring,random_rectangles,0.6000000238418579,0.03666905452775317,0.151153385621144,14.357002877125131,0.24988939963761525,6554.0,0.6659731268882751,0.0,0.0,inf,0.9713701998249167,9830.0,0.0,0.04153492728095645,0.16669544964882116,13.81586545557646,0.1728703307180964,5703.0,0.6659731268882751,0.0,0.0,inf,0.9452567721565149,3988.0,0.0
socofing:000293:right_little,random_rectangles,0.699999988079071,0.06862246376098155,0.18571465874217746,11.635336934703052,0.43172285807213706,4915.0,0.853897899389267,0.0,0.0,inf,0.9702957283448826,11469.0,0.0,0.10593790211513776,0.26532646517128405,9.749486316348984,0.21455624633736153,3113.0,0.853897899389267,0.0,0.0,inf,0.9684764629437135,5738.0,0.0
socofing:000302:left_thumb,random_rectangles,0.800000011920929,0.08163656186436873,0.22339096695152308,10.881152939458573,0.14545191537389587,3277.0,0.8996296487748623,0.0,0.0,inf,0.9885061295630401,13107.0,0.0,0.08163656186436873,0.22339096695152308,10.881152939458573,0.14545191537389587,3277.0,0.8996296487748623,0.0,0.0,inf,0.9821296321390317,8337.0,0.0
socofing:000302:left_index,irregular,0.10000000149011612,0.05412146688644164,0.18100981303160638,12.666304409721644,0.2814077068566863,14746.0,0.8563843667507172,0.0,0.0,inf,0.8127076366225355,1638.0,0.0,0.06857451347028067,0.21701282626793045,11.638372649909787,0.09697432175278217,10237.0,0.8563843667507172,0.0,0.0,inf,0.8105721408873676,859.0,0.0
socofing:000302:left_middle,irregular,0.20000000298023224,0.04305837090612539,0.16264742006367056,13.659424055358517,0.3501359624867933,13107.0,0.7654247432947159,0.0,0.0,inf,0.8602866689186083,3277.0,0.0,0.05824590512700001,0.20364421783082587,12.347346015166977,0.1362765678660529,8698.0,0.7654247432947159,0.0,0.0,inf,0.8580812214640627,2052.0,0.0
socofing:000302:left_ring,irregular,0.30000001192092896,0.04659535844703639,0.16541515809233476,13.316573429932033,0.3239554628296035,11469.0,0.7739804238080978,0.0,0.0,inf,0.8441009623076036,4915.0,0.0,0.0573099843735494,0.19815355517488858,12.417697099593187,0.16714978776595826,8446.0,0.7739804238080978,0.0,0.0,inf,0.7954967528308116,3347.0,0.0
socofing:000302:left_little,irregular,0.4000000059604645,0.0212964477239671,0.10327874177636717,16.716928314221626,0.44937908409337396,9830.0,0.7993843406438828,0.0,0.0,inf,0.8949631551286377,6554.0,0.0,0.03027439456056282,0.12853318038780007,15.18924533292618,0.24171340718277257,6181.0,0.7993843406438828,0.0,0.0,inf,0.9095259935482477,3515.0,0.0
socofing:000302:right_thumb,irregular,0.5,0.05306119562676961,0.17097400610833802,12.752229682952985,0.3481224999133996,8192.0,0.8678562622517347,0.0,0.0,inf,0.9561072278684816,8192.0,0.0,0.06533000147634585,0.20416561435220978,11.848873319958779,0.212327101234841,6254.0,0.8678562622517347,0.0,0.0,inf,0.953959823927159,5482.0,0.0
socofing:000302:right_index,irregular,0.6000000238418579,0.06274680370362677,0.18426798209593467,12.024083920657658,0.2669036522979325,6554.0,0.8917739912867546,0.0,0.0,inf,0.9543222402341254,9830.0,0.0,0.07075747566089693,0.20391955505967216,11.502276693476531,0.18197126696183163,5734.0,0.8917739912867546,0.0,0.0,inf,0.9196621474092077,4771.0,0.0
socofing:000302:right_middle,irregular,0.699999988079071,0.05787053935825428,0.1827498792619506,12.375424699567912,0.30689658432877226,4915.0,0.8764556609094143,0.0,0.0,inf,0.9680610824831333,11469.0,0.0,0.06524421767200678,0.2011082010016301,11.854579720267218,0.2253403564438635,4071.0,0.8426891528069973,0.0,0.0,inf,0.9535061326703788,7354.0,0.0
socofing:000302:right_ring,irregular,0.800000011920929,0.040541876994199026,0.13518972053122358,13.92096148357546,0.42827247332659996,3277.0,0.8177289329469204,0.0,0.0,inf,0.9813033019606225,13107.0,0.0,0.05978095091767667,0.18703300581125015,12.234371810495794,0.1882233663345232,2182.0,0.8177289329469204,0.0,0.0,inf,0.9805234639614604,9214.0,0.0
socofing:000302:right_little,central_missing,0.10000000149011612,0.057286993678701416,0.18313967545821083,12.419439681677162,0.25305415409441956,14746.0,0.881804820150137,0.0,0.0,inf,0.8733527140790561,1638.0,0.0,0.07352162736297227,0.21907117892608216,11.33584888633139,0.07410589247168586,10973.0,0.881804820150137,0.0,0.0,inf,0.6002950272339321,53.0,0.0
socofing:000303:left_thumb,central_missing,0.20000000298023224,0.04398174663194148,0.1650169145438385,13.567275276457186,0.32832638787879387,13107.0,0.8301016613841057,0.0,0.0,inf,0.9103801028288417,3277.0,0.0,0.06151825730476638,0.20328153545747032,12.109959757691005,0.08355161672869359,8349.0,0.7071450799703598,0.0,0.0,inf,0.8561525467591461,124.0,0.0
socofing:000303:left_index,central_missing,0.30000001192092896,0.06331305838970287,0.1915297746737986,11.985067070173056,0.3103460145374775,11469.0,0.7815905064344406,0.0,0.0,inf,0.9334638754450141,4915.0,0.0,0.092025168640799,0.24940136645461589,10.36093378013854,0.10362811997251585,6976.0,0.7815905064344406,nan,nan,nan,nan,0.0,nan
socofing:000303:left_middle,central_missing,0.4000000059604645,0.05650608499962361,0.17869991257475046,12.479047815706164,0.24309745385406886,9830.0,0.8938765488564968,0.0,0.0,inf,0.9491781584950431,6554.0,0.0,0.07235969134517589,0.21366373866892452,11.405032943187582,0.08977717060184141,7512.0,0.8938765488564968,0.0,0.0,inf,0.7980799884395612,567.0,0.0
socofing:000303:left_ring,central_missing,0.5,0.04730602680087799,0.16282340687496344,13.250835265004842,0.27443484405680785,8192.0,0.8059081882238388,0.0,0.0,inf,0.9839226478725449,8192.0,0.0,0.06052573354196756,0.19931346375284295,12.180599384199217,0.09466306418226268,5988.0,0.8059081882238388,0.0,0.0,inf,0.9568836615384295,1564.0,0.0
socofing:000303:left_little,central_missing,0.6000000238418579,0.05101284990858448,0.15968781964882395,12.923204132851518,0.1808931819831288,6554.0,0.7858241200447083,0.0,0.0,inf,0.9886385859488489,9830.0,0.0,0.05464352524499041,0.169569741303298,12.624612905662618,0.133518498642783,6114.0,0.7858241200447083,0.0,0.0,inf,0.9776951368678909,4115.0,0.0
socofing:000303:right_thumb,central_missing,0.699999988079071,0.051610783435510614,0.18206667204217897,12.872595484259444,0.10317945248905752,4915.0,0.7732720971107483,0.0,0.0,inf,0.9933553460468647,11469.0,0.0,0.051610783435510614,0.18206667204217897,12.872595484259444,0.10317945248905752,4915.0,0.7732720971107483,0.0,0.0,inf,0.9880308565747592,6367.0,0.0
socofing:000303:right_index,central_missing,0.800000011920929,0.06554133837835384,0.2000197186606527,11.83484694409257,0.09652444922137662,3277.0,0.8135521411895752,0.0,0.0,inf,0.9940732389038902,13107.0,0.0,0.06554133837835384,0.2000197186606527,11.83484694409257,0.09652444922137662,3277.0,0.8135521411895752,0.0,0.0,inf,0.9883552604277155,6671.0,0.0
socofing:000303:right_middle,peripheral_only,0.10000000149011612,0.04171996349048371,0.1567791792770367,13.796560803003581,0.3771202465650374,14746.0,0.7919114818796515,0.0,0.0,inf,0.8442895071187648,1638.0,0.0,0.05876989828299871,0.1974185033899428,12.30845060947514,0.11546390824143171,9437.0,0.7919114818796515,0.0,0.0,inf,0.8782577091404234,1495.0,0.0
socofing:000303:right_ring,peripheral_only,0.20000000298023224,0.045215399546148276,0.16465178748945594,13.447136271600463,0.3979482271966977,13107.0,0.8449911624193192,0.0,0.0,inf,0.8389091047458969,3277.0,0.0,0.0694459603605587,0.21381131452733979,11.583530119010721,0.09195489817788507,7159.0,0.8449911624193192,0.0,0.0,inf,0.8995255926961147,1684.0,0.0
socofing:000303:right_little,peripheral_only,0.30000001192092896,0.039304913142972187,0.15679708468354311,14.055531591025414,0.4497480212943871,11469.0,0.7735519111156464,0.0,0.0,inf,0.8199178023904672,4915.0,0.0,0.06702258553780283,0.2159232776730318,11.737788223506218,0.13179968880400528,5197.0,0.7559462860226631,0.0,0.0,inf,0.9273226158331398,1914.0,0.0
socofing:000308:left_thumb,peripheral_only,0.4000000059604645,0.027143125955851187,0.11487010580166371,15.6634013798799,0.3456177615128029,9830.0,0.8770685940980911,0.0,0.0,inf,0.9658596923353118,6554.0,0.0,0.03365887242245241,0.13666552485662029,14.729004370503098,0.16357803798201587,7100.0,0.8770685940980911,0.0,0.0,inf,0.9628568564783416,5679.0,0.0
socofing:000308:left_index,peripheral_only,0.5,0.02680963260978629,0.1029554842862126,15.717091374022662,0.4222818862127031,8192.0,0.7999469339847565,0.0,0.0,inf,0.9605688887219388,8192.0,0.0,0.03450448427359465,0.12780296128966434,14.621244594565294,0.2079224943710773,5460.0,0.7999469339847565,0.0,0.0,inf,0.954611020411268,6054.0,0.0
socofing:000308:left_middle,peripheral_only,0.6000000238418579,0.021437403544638068,0.1036856435168265,16.688278166714948,0.40048792504857733,6554.0,0.8534821048378944,0.0,0.0,inf,0.9667718970921237,9830.0,0.0,0.025872812689626434,0.12373389691698052,15.87156355621154,0.23556949743423286,4583.0,0.8534821048378944,0.0,0.0,inf,0.9611104738247924,7634.0,0.0
socofing:000308:left_ring,peripheral_only,0.699999988079071,0.03556995722452136,0.1349806422233157,14.48916657084827,0.36458656189907174,4915.0,0.8817829415202141,0.0,0.0,inf,0.9706701000238142,11469.0,0.0,0.048895412708423146,0.17674310266244045,13.107318837980566,0.12562449602902168,3318.0,0.8817829415202141,0.0,0.0,inf,0.9516596206956627,6483.0,0.0
socofing:000308:left_little,peripheral_only,0.800000011920929,0.022962992720765248,0.0936216676876581,16.389715118570145,0.6320000519382967,3277.0,0.8213193938136101,0.0,0.0,inf,0.984456746116526,13107.0,0.0,0.05310208027581571,0.18471653826012696,12.748884650840491,0.20655147008246932,1313.0,0.8213193938136101,0.0,0.0,inf,0.980809608541766,7464.0,0.0
socofing:000308:right_thumb,central_only,0.10000000149011612,0.13307951967321438,0.27757661922419363,8.75888775308843,0.20289278272775846,14746.0,0.9583534598350525,0.0,0.0,inf,0.8490945859621757,1638.0,0.0,0.15001783768546384,0.32066765621739546,8.238570986257436,0.05927801835254098,10901.0,0.9583534598350525,0.0,0.0,inf,0.8490945859621757,1638.0,0.0
socofing:000308:right_index,central_only,0.20000000298023224,0.06185776433006017,0.1824104562615293,12.086057803668506,0.3570662795013632,13107.0,0.881355345249176,0.0,0.0,inf,0.9208281764127856,3277.0,0.0,0.079466808565553,0.22661360095683905,10.998142281584062,0.11875678132954365,7421.0,0.8407834619283676,0.0,0.0,inf,0.9208281764127856,3277.0,0.0
socofing:000308:right_middle,central_only,0.30000001192092896,0.023165466753141597,0.1127039701869093,16.351589449202844,0.5207293580612179,11469.0,0.7825333550572395,0.0,0.0,inf,0.961835800940317,4915.0,0.0,0.032675785400239875,0.1407172070690417,14.857739648525161,0.26476757497062026,6503.0,0.7825333550572395,0.0,0.0,inf,0.961835800940317,4915.0,0.0
socofing:000308:right_ring,central_only,0.4000000059604645,0.026304346235515936,0.1138287591070528,15.799724876260388,0.5109350661527973,9830.0,0.7547042369842529,0.0,0.0,inf,0.9758171567644149,6554.0,0.0,0.03427336213063602,0.13818925814310737,14.650432902838313,0.2676029667410185,5032.0,0.7521266788244247,0.0,0.0,inf,0.9758171567644149,6554.0,0.0
socofing:000308:right_little,central_only,0.5,0.020218848501202584,0.09948317292537467,16.94243581871321,0.6560832459989808,8192.0,0.789332240819931,0.0,0.0,inf,0.9621016822066236,8192.0,0.0,0.046054736515385546,0.16347017908798608,13.367256980032206,0.21645058354770338,2474.0,0.789332240819931,0.0,0.0,inf,0.9851093720495743,7206.0,0.0
socofing:000309:left_thumb,central_only,0.6000000238418579,0.047080682051835764,0.13972074691319045,13.271572542142646,0.5626292624112701,6554.0,0.8843584647402167,0.0,0.0,inf,0.9837582977090791,9830.0,0.0,0.09773217091333185,0.25294760303779434,10.099624541898065,0.1499674813180813,2216.0,0.8843584647402167,0.0,0.0,inf,0.9902541947791507,9251.0,0.0
socofing:000309:left_index,central_only,0.699999988079071,0.018778687881549336,0.08494688877741127,17.26334756356948,0.7454139920091171,4915.0,0.8255512677133083,0.0,0.0,inf,0.9873884059205066,11469.0,0.0,0.05642652680983629,0.18314699353817587,12.48516680790462,0.3945879526512921,779.0,0.8095065802335739,0.0,0.0,inf,0.9962564129664772,10474.0,0.0
socofing:000309:left_middle,central_only,0.800000011920929,0.0211720391149867,0.08149200363148904,16.74237312328267,0.7518976549977374,3277.0,0.8341711759567261,0.0,0.0,inf,0.9930381109860655,13107.0,0.0,0.07676950326220411,0.2301647890777232,11.148112694906075,0.34089037471249056,499.0,0.7356417737901211,0.0,0.0,inf,0.9979580029110906,10961.0,0.0
socofing:000309:left_ring,disconnected_fragments,0.10000000149011612,0.06301682473432774,0.20012176810998974,12.005434836612528,0.3850951773689902,14746.0,0.8923485279083252,0.0,0.0,inf,0.8648201932850802,1638.0,0.0,0.09320474091063953,0.2528206702370852,10.305619964554156,0.10250639589403555,7305.0,0.8923485279083252,0.0,0.0,inf,0.9320362969468561,1306.0,0.0
socofing:000309:left_little,disconnected_fragments,0.20000000298023224,0.06982943945447793,0.1986637388997944,11.559614441798654,0.4041225228842209,13107.0,0.8476367741823196,0.0,0.0,inf,0.8854909951343234,3277.0,0.0,0.11306622605323381,0.28032980573987953,9.466671035555823,0.11574955605727671,6438.0,0.8476367741823196,0.0,0.0,inf,0.9537397192133253,1483.0,0.0
socofing:000309:right_thumb,disconnected_fragments,0.30000001192092896,0.06998406073153819,0.19473817008137,11.550008617654498,0.34428657757102227,11469.0,0.9315338130109012,0.0,0.0,inf,0.976105227781574,4915.0,0.0,0.08952902846604373,0.24556780515012155,10.480361282751613,0.15798636137501998,7599.0,0.9315338130109012,0.0,0.0,inf,0.976105227781574,4915.0,0.0
socofing:000309:right_index,disconnected_fragments,0.4000000059604645,0.03779731864162353,0.1390801336252465,14.225390081112131,0.5361282317102585,9830.0,0.8594857449643314,0.0,0.0,inf,0.9802977233519411,6554.0,0.0,0.068186651269435,0.20573549035232677,11.663006377694343,0.18564615936778583,4935.0,0.8594857449643314,0.0,0.0,inf,0.9844670143007639,5345.0,0.0
socofing:000309:right_middle,disconnected_fragments,0.5,0.02818514890761177,0.120725366585134,15.499796663756975,0.5174121400459032,8192.0,0.786526856943965,0.0,0.0,inf,0.965876487654365,8192.0,0.0,0.049827565515563034,0.172338518951248,13.02530331150944,0.2120838770965395,4056.0,0.786526856943965,0.0,0.0,inf,0.9778757094381431,7165.0,0.0
socofing:000309:right_ring,disconnected_fragments,0.6000000238418579,0.014987700358502254,0.09448779861919916,18.242649981209304,0.7720449745605663,6554.0,0.84615358710289,0.0,0.0,inf,0.9617596412990526,9830.0,0.0,0.057034492294003175,0.19026830862641195,12.438624200743593,0.2822875404171142,957.0,0.84615358710289,0.0,0.0,inf,0.9883487199479071,8206.0,0.0
socofing:000309:right_little,disconnected_fragments,0.699999988079071,0.03142322252445957,0.11047770428629487,15.027492791042604,0.7462570815931157,4915.0,0.9627179987728596,0.0,0.0,inf,0.9833122013794926,11469.0,0.0,0.26216892868119807,0.461805197527085,5.814187806165897,0.24193699781195968,303.0,0.9627179987728596,0.0,0.0,inf,0.9918442564233813,7939.0,0.0
socofing:000317:left_thumb,disconnected_fragments,0.800000011920929,0.0446209472487417,0.14094225815072461,13.50461214407742,0.43759512976344833,3277.0,0.8178868219256401,0.0,0.0,inf,0.9973987523717243,13107.0,0.0,0.06496518973909823,0.20808023573805684,11.873192888003608,0.14929929250295168,1711.0,0.7148950081318617,0.0,0.0,inf,0.9969004440212188,10767.0,0.0
socofing:000317:left_index,stripes,0.10000000149011612,0.05445458530593495,0.17776777421187565,12.639655449399413,0.29198932441651987,14746.0,0.8760494580492377,0.0,0.0,inf,0.9354980565647938,1638.0,0.0,0.07309137795881189,0.22125369948861015,11.361338504806843,0.0649000293256459,10322.0,0.8760494580492377,0.0,0.0,inf,0.9600502209609542,753.0,0.0
socofing:000317:left_middle,stripes,0.20000000298023224,0.08014001107716727,0.2123405714678486,10.96150601873967,0.2449116356888897,13107.0,0.9475213880650699,0.0,0.0,inf,0.9676015645696259,3277.0,0.0,0.09580509484343015,0.25106376660824936,10.186113948509654,0.08555490396113573,9382.0,0.9061515927314758,0.0,0.0,inf,0.9834993762375082,2641.0,0.0
socofing:000317:left_ring,stripes,0.30000001192092896,0.05889198983394209,0.18280792977650825,12.299437715539687,0.24162799538261961,11469.0,0.8024056553840637,0.0,0.0,inf,0.9816562157141844,4915.0,0.0,0.07068711246396049,0.212156122032511,11.50659758706241,0.09279418550119924,8966.0,0.8024056553840637,0.0,0.0,inf,0.9727557584116756,2703.0,0.0
socofing:000317:left_little,stripes,0.4000000059604645,0.06778315634225225,0.19262307181491092,11.688782119797969,0.35273057491796045,9830.0,0.8236964493989944,0.0,0.0,inf,0.9823108283571231,6554.0,0.0,0.0909125443908153,0.24660242183237077,10.413761873629658,0.11285163449653023,5979.0,0.8236964493989944,0.0,0.0,inf,0.9784519512902062,2875.0,0.0
socofing:000317:right_thumb,stripes,0.5,0.05725479611073854,0.17602462289431742,12.421881275525308,0.2102631929696883,8192.0,0.8999849539250135,0.0,0.0,inf,0.9863227966736858,8192.0,0.0,0.06704199503968633,0.20112687064230658,11.736530704243922,0.0838555154404915,6782.0,0.8999849539250135,0.0,0.0,inf,0.9818455894841241,5368.0,0.0
socofing:000317:right_index,stripes,0.6000000238418579,0.09843632204309943,0.23911117505169052,10.068446215664226,0.16659661848871077,6554.0,0.9625635733827949,0.0,0.0,inf,0.9907067265606917,9830.0,0.0,0.11001942327086235,0.26617554064184795,9.585306359808586,0.08610825356627298,5631.0,0.9625635733827949,0.0,0.0,inf,0.9871471985352013,6658.0,0.0
socofing:000317:right_middle,stripes,0.699999988079071,0.06444936162804371,0.18994974148775226,11.907813799830539,0.2947079043102011,4915.0,0.8679092489182949,0.0,0.0,inf,0.9923173780067578,11469.0,0.0,0.07743508230244658,0.22384691612731786,11.110622357193805,0.16801576420640657,4037.0,0.8679092489182949,0.0,0.0,inf,0.9909689356986983,8773.0,0.0
socofing:000317:right_ring,stripes,0.800000011920929,0.05502022351821372,0.17800545089741443,12.594776496328192,0.251893124070871,3277.0,0.8691062293946743,0.0,0.0,inf,0.9955325597032859,13107.0,0.0,0.059452563992714,0.19539567090962515,12.258294109548675,0.16713737928289454,2678.0,0.8203386664390564,0.0,0.0,inf,0.9949492287508559,9388.0,0.0
socofing:000317:right_little,severe_partial,0.10000000149011612,0.06533566324779627,0.1971368650781304,11.848496958486091,0.36133899455998925,14746.0,0.9082891792058945,0.0,0.0,inf,0.8649478925881583,1638.0,0.0,0.09125975852780378,0.24590252289721093,10.397206846996838,0.0782389406446542,8192.0,0.9082891792058945,0.0,0.0,inf,0.9356201101997347,1159.0,0.0
socofing:000318:left_thumb,severe_partial,0.20000000298023224,0.05667448080236761,0.17756974099519715,12.46612449775765,0.27907996083244396,13107.0,0.9324407572858036,0.0,0.0,inf,0.9666173518059181,3277.0,0.0,0.07322244472486156,0.21573898851741125,11.353557751431984,0.08341880238290116,9430.0,0.9324407572858036,0.0,0.0,inf,0.9661262102953769,3123.0,0.0
socofing:000318:left_index,severe_partial,0.30000001192092896,0.0712069492379443,0.19708859940778214,11.474776205707201,0.2864829386220396,11469.0,0.9326224913820624,0.0,0.0,inf,0.9825286304570638,4915.0,0.0,0.09516778789835705,0.24867417515622176,10.215100254106408,0.09274499098556788,7907.0,0.9326224913820624,0.0,0.0,inf,0.978505155000209,2559.0,0.0
socofing:000318:left_middle,random_rectangles,0.10000000149011612,0.06660152549532236,0.20009797931870854,11.765158232829538,0.18172358684916934,14746.0,0.9094908824190497,0.0,0.0,inf,0.8105158107037015,1638.0,0.0,0.07946387641968036,0.2275031190384576,10.998302529401894,0.06537819529757673,11505.0,0.9094908824190497,0.0,0.0,inf,0.7042132605707131,113.0,0.0
socofing:000318:left_ring,random_rectangles,0.20000000298023224,0.0715122553497845,0.21275617311770945,11.45619524986392,0.2305044368649942,13107.0,0.802182249724865,0.0,0.0,inf,0.8316210129991142,3277.0,0.0,0.0758848969688821,0.21882341625156143,11.198446511895215,0.09125311901190436,8747.0,0.802182249724865,0.0,0.0,inf,0.7826212397975832,273.0,0.0
socofing:000318:left_little,random_rectangles,0.30000001192092896,0.06572157673752659,0.19444175955349555,11.822920258792013,0.22213206843985958,11469.0,0.8460033535957336,0.0,0.0,inf,0.9035688781102398,4915.0,0.0,0.07856216229050296,0.22184291135107853,11.047865718363,0.12537685051413233,8963.0,0.8460033535957336,0.0,0.0,inf,0.8978383189243202,475.0,0.0
socofing:000318:right_thumb,random_rectangles,0.4000000059604645,0.08907133639929402,0.23521994614958505,10.502620316128324,0.13078224247099215,9830.0,0.9559876285493374,0.0,0.0,inf,0.9584202221938392,6554.0,0.0,0.09252653477426924,0.2432555325271334,10.337337023585684,0.09489224276793518,9302.0,0.9559876285493374,0.0,0.0,inf,0.9519388764243012,3152.0,0.0
socofing:000318:right_index,random_rectangles,0.5,0.07137772662120055,0.21061899624453417,11.46437288428421,0.1405732154107266,8192.0,0.897797878831625,0.0,0.0,inf,0.9775432282872963,8192.0,0.0,0.07344483521837082,0.21639364710258277,11.340387392205898,0.11584168118503507,7940.0,0.897797878831625,0.0,0.0,inf,0.960500862951457,4119.0,0.0
socofing:000318:right_middle,random_rectangles,0.6000000238418579,0.07363226238415388,0.2014268442185105,11.329318554263363,0.23490471702624757,6554.0,0.8780150040984154,0.0,0.0,inf,0.9806122884870251,9830.0,0.0,0.08257325205792965,0.22317697709114834,10.831606108503596,0.15234017937559688,5837.0,0.8780150040984154,0.0,0.0,inf,0.9528094909740664,3509.0,0.0
socofing:000318:right_ring,random_rectangles,0.699999988079071,0.06875649207026176,0.20990444218137302,11.626862889569328,0.13575612117974503,4915.0,0.9474425306543708,0.0,0.0,inf,0.9908408453408142,11469.0,0.0,0.06937717380805658,0.21152316812282188,11.587833958252583,0.1281629198489183,4836.0,0.9474425306543708,0.0,0.0,inf,0.978570338791659,4613.0,0.0
socofing:000318:right_little,random_rectangles,0.800000011920929,0.08767068427025132,0.23209975674824587,10.571456037612261,0.19795766946327048,3277.0,0.8779810592532158,0.0,0.0,inf,0.9917875459858075,13107.0,0.0,0.08969108306449652,0.23713707987130703,10.472507316312784,0.18046125725237647,3203.0,0.8779810592532158,0.0,0.0,inf,0.9868758541154861,7914.0,0.0
socofing:000319:left_thumb,irregular,0.10000000149011612,0.0826183538102259,0.2283113833880182,10.829234626910424,0.2892393824443788,14746.0,0.8774080611765385,0.0,0.0,inf,0.7487209585723719,1638.0,0.0,0.11037239494856875,0.2774833627679779,9.57139533677686,0.10372044331603986,9781.0,0.8774080611765385,0.0,0.0,inf,0.8104881088622521,978.0,0.0
socofing:000319:left_index,irregular,0.20000000298023224,0.051558811957212076,0.18221027501088885,12.87697098424366,0.42300038556610603,13107.0,0.8403915613889694,0.0,0.0,inf,0.7082145238312186,3277.0,0.0,0.0867752060853566,0.2480665794647755,10.616043462347482,0.11373471606335524,6353.0,0.8403915613889694,0.0,0.0,inf,0.8748735017958165,1163.0,0.0
socofing:000319:left_middle,irregular,0.30000001192092896,0.0514589651355059,0.17515390413044377,12.885389519083862,0.3258527031541947,11469.0,0.8581264540553093,0.0,0.0,inf,0.8618857385130466,4915.0,0.0,0.06712030860647111,0.2100853634022686,11.731460553709628,0.15576447383947334,8303.0,0.8581264540553093,0.0,0.0,inf,0.8765311070516396,3226.0,0.0
socofing:000319:left_ring,irregular,0.4000000059604645,0.04581532579951488,0.1652638030962285,13.38989220756102,0.3539618179720037,9830.0,0.9089528247714043,0.0,0.0,inf,0.8865113713519807,6554.0,0.0,0.0631879579401997,0.20365675962330712,11.993656796040952,0.1714162793692041,6540.0,0.9089528247714043,0.0,0.0,inf,0.9139163579674082,3792.0,0.0
socofing:000319:left_little,irregular,0.5,0.057482352432194114,0.17674711010545252,12.40465466922372,0.3942479782617859,8192.0,0.8234969303011894,0.0,0.0,inf,0.9331754556572645,8192.0,0.0,0.08229043081104553,0.2347233295675053,10.846506640293132,0.19894363675623922,5563.0,0.8234969303011894,0.0,0.0,inf,0.9253180545362534,3129.0,0.0
socofing:000319:right_thumb,irregular,0.6000000238418579,0.07965328437773785,0.21540901212173472,10.987963120446425,0.3324126279878666,6554.0,0.8993302211165428,0.0,0.0,inf,0.9595003434391816,9830.0,0.0,0.09646243109744781,0.2544770655386308,10.156417969558957,0.22580579792327884,5279.0,0.8993302211165428,0.0,0.0,inf,0.9309394158195682,4646.0,0.0
socofing:000319:right_index,irregular,0.699999988079071,0.04010656955111155,0.14158283007423092,13.967844830878057,0.4801333515521222,4915.0,0.7958949133753777,0.0,0.0,inf,0.9722634474626501,11469.0,0.0,0.06042591750667078,0.19781570596395026,12.18776746546145,0.25164368869262727,3140.0,0.7958949133753777,0.0,0.0,inf,0.9730815309760332,8188.0,0.0
socofing:000319:right_middle,irregular,0.800000011920929,0.04835696724416408,0.15561916030557452,13.155409441724226,0.4233936028156537,3277.0,0.7580204978585243,0.0,0.0,inf,0.9876123470661804,13107.0,0.0,0.06622087625958954,0.20267681215734992,11.790050767976831,0.23829366859973042,2353.0,0.7580204978585243,0.0,0.0,inf,0.9860243735312962,8156.0,0.0
socofing:000319:right_ring,central_missing,0.10000000149011612,0.05164606647247995,0.17319373255843143,12.869627501240284,0.3096967825543205,14746.0,0.8077412806451321,0.0,0.0,inf,0.9314898280454816,1638.0,0.0,0.07204201519810269,0.22007582859431254,11.424141473631206,0.06272653402571723,9667.0,0.8077412806451321,0.0,0.0,inf,0.9552605198631623,244.0,0.0
socofing:000319:right_little,central_missing,0.20000000298023224,0.07957499331690261,0.2146724965662802,10.992233891811338,0.2183939941741501,13107.0,0.9100350132212043,0.0,0.0,inf,0.9138340242009215,3277.0,0.0,0.09908003235988251,0.2529576698982759,10.04013860244092,0.05862618741753053,10281.0,0.9100350132212043,0.0,0.0,inf,0.8703329269000598,528.0,0.0
socofing:000321:left_thumb,central_missing,0.30000001192092896,0.07716073768021921,0.21195951886681344,11.126036290204135,0.10810208202704152,11469.0,0.9329962115734816,0.0,0.0,inf,0.9779745361932943,4915.0,0.0,0.08093401068595935,0.22304825705840037,10.918689376054441,0.051800596021492944,10528.0,0.9329962115734816,0.0,0.0,inf,0.9491942383889561,1573.0,0.0
socofing:000321:left_index,central_missing,0.4000000059604645,0.08242869807835314,0.2277237444371364,10.839215595746198,0.05638825132492553,9830.0,0.9166144127957523,0.0,0.0,inf,0.9594405971709539,6554.0,0.0,0.08176500379635858,0.22712076179536983,10.874325387522784,0.05475936135415965,9732.0,0.9166144127957523,0.0,0.0,inf,0.9388563035647666,2713.0,0.0
socofing:000321:left_middle,central_missing,0.5,0.10989322505523075,0.2706291885071437,9.590290811144897,0.03791238165093117,8192.0,0.8920440664514899,0.0,0.0,inf,0.9814024940170061,8192.0,0.0,0.10989322505523075,0.2706291885071437,9.590290811144897,0.03791238165093117,8192.0,0.8920440664514899,0.0,0.0,inf,0.9610698046600644,3912.0,0.0
socofing:000321:left_ring,central_missing,0.6000000238418579,0.09643118008782517,0.24158007353100883,10.157825184766176,0.12472204731336607,6554.0,0.9088009558618069,0.0,0.0,inf,0.986373588399091,9830.0,0.0,0.10392937111716632,0.2592423149929872,9.832617006476454,0.06168963372612531,6080.0,0.9088009558618069,0.0,0.0,inf,0.9675591392762836,3659.0,0.0
socofing:000321:left_little,central_missing,0.699999988079071,0.0801355407291959,0.2287500031162641,10.96174828244549,0.06748422578329052,4915.0,0.9214378073811531,0.0,0.0,inf,0.9914543596386617,11469.0,0.0,0.0801355407291959,0.2287500031162641,10.96174828244549,0.06748422578329052,4915.0,0.9214378073811531,0.0,0.0,inf,0.9820162040881051,5448.0,0.0
socofing:000321:right_thumb,central_missing,0.800000011920929,0.08928423237972309,0.24059259850329467,10.492252308662607,0.11976076750912464,3277.0,0.8436241075396538,0.0,0.0,inf,0.994839519212153,13107.0,0.0,0.08928423237972309,0.24059259850329467,10.492252308662607,0.11976076750912464,3277.0,0.8436241075396538,0.0,0.0,inf,0.9927176548572015,9288.0,0.0
socofing:000321:right_index,peripheral_only,0.10000000149011612,0.0622790695341019,0.18875873898135523,12.056578845307603,0.27672525601367476,14746.0,0.9330458040349185,0.0,0.0,inf,0.9271015700141607,1638.0,0.0,0.07687189496783106,0.22542702476191637,11.14232413012575,0.10645899664351532,10857.0,0.9297280902974308,0.0,0.0,inf,0.9283270506863831,1614.0,0.0
socofing:000321:right_middle,peripheral_only,0.20000000298023224,0.04635548137393192,0.16282174445119144,13.338989046758677,0.3102722265942064,13107.0,0.9371777754276991,0.0,0.0,inf,0.9181640188094718,3277.0,0.0,0.05553078461089328,0.19442585233950796,12.554661902087933,0.1224068835399153,9349.0,0.9371777754276991,0.0,0.0,inf,0.9165330876507558,2909.0,0.0
socofing:000321:right_ring,peripheral_only,0.30000001192092896,0.044697880045005606,0.15484598709093497,13.49713074330904,0.3734207798483045,11469.0,0.8638054691255093,0.0,0.0,inf,0.9450535393115587,4915.0,0.0,0.06308669179575799,0.20383000029182177,12.000622459735874,0.12187979305394325,7445.0,0.7872538417577744,0.0,0.0,inf,0.9450883841785659,3627.0,0.0
socofing:000321:right_little,peripheral_only,0.4000000059604645,0.04734808332947333,0.15501261332559296,13.246975967300019,0.43442395003592693,9830.0,0.8798673003911972,0.0,0.0,inf,0.9476904158340407,6554.0,0.0,0.07348622781447897,0.21864464966215216,11.337940451962504,0.15369372726540004,6031.0,0.8798673003911972,0.0,0.0,inf,0.9579727583233332,3895.0,0.0
socofing:000339:left_thumb,peripheral_only,0.5,0.049504852273416076,0.15702512837162885,13.053522311211694,0.38313113203996396,8192.0,0.8479157388210297,0.0,0.0,inf,0.9744572202118049,8192.0,0.0,0.06777056673614267,0.20207992471484176,11.689588825265629,0.1645568588475387,5594.0,0.8479157388210297,0.0,0.0,inf,0.9718245252775367,6739.0,0.0
socofing:000339:left_index,peripheral_only,0.6000000238418579,0.0402480248583342,0.14467240441475446,13.952554274495006,0.40244571259411166,6554.0,0.8831869941204786,0.0,0.0,inf,0.9840826896978296,9830.0,0.0,0.053752497871709326,0.18871308303669934,12.696013493343303,0.18903316463411868,4327.0,0.8186469972133636,0.0,0.0,inf,0.9839290985488184,8162.0,0.0
socofing:000339:left_middle,peripheral_only,0.699999988079071,0.045253892604621766,0.14600935568436146,13.443440581383818,0.4293979334226459,4915.0,0.8454374819993973,0.0,0.0,inf,0.9886049572000328,11469.0,0.0,0.0660261966824449,0.20157689676234047,11.802837187409148,0.19161232825272997,3245.0,0.8454374819993973,0.0,0.0,inf,0.987703143501488,9430.0,0.0
socofing:000339:left_ring,peripheral_only,0.800000011920929,0.04200916838180547,0.1377198456337253,13.766559157190363,0.46769765571624206,3277.0,0.7478078901767731,0.0,0.0,inf,0.9876373967541293,13107.0,0.0,0.07169776588579124,0.21594583593222197,11.444943768090399,0.15632343761748352,1847.0,0.7478078901767731,0.0,0.0,inf,0.9877797816307536,9181.0,0.0
socofing:000339:left_little,central_only,0.10000000149011612,0.09498764598386472,0.23284855504866594,10.223328750261398,0.2964248736778206,14746.0,0.899993060156703,0.0,0.0,inf,0.9615858626875776,1638.0,0.0,0.0972256922290905,0.24467722510820483,10.122189560724646,0.07969524659707207,8548.0,0.8592637032270432,0.0,0.0,inf,0.9615858626875776,1638.0,0.0
socofing:000339:right_thumb,central_only,0.20000000298023224,0.04716919997751882,0.16347262308531876,13.263414896286976,0.29678706456267784,13107.0,0.8826213469728827,0.0,0.0,inf,0.982050025486604,3277.0,0.0,0.05913316656382408,0.19168073450798598,12.281688640353375,0.10249483249418063,9236.0,0.8648374076001346,0.0,0.0,inf,0.982050025486604,3277.0,0.0
socofing:000339:right_index,central_only,0.30000001192092896,0.03956163856239902,0.15046418757981886,14.027257291104737,0.37085399147515974,11469.0,0.8335664831101894,0.0,0.0,inf,0.9804515212378491,4915.0,0.0,0.053297505428454225,0.18174796740368865,12.732931175027005,0.13548416797829302,7254.0,0.8335664831101894,0.0,0.0,inf,0.9804515212378491,4915.0,0.0
socofing:000339:right_middle,central_only,0.4000000059604645,0.05703569462922692,0.166711418813716,12.43853264876719,0.35821045112544503,9830.0,0.93740278435871,0.0,0.0,inf,0.9879604692687838,6554.0,0.0,0.07933338640442736,0.21618829668731396,11.005440071361473,0.14492268255584684,6045.0,0.93740278435871,0.0,0.0,inf,0.9879604692687838,6554.0,0.0
socofing:000339:right_ring,central_only,0.5,0.0383526926773947,0.13454479739982617,14.16204139566844,0.49309391528286683,8192.0,0.8866292219609022,0.0,0.0,inf,0.9854791848677962,8192.0,0.0,0.0581808130612495,0.18509561518715859,12.352202138977118,0.20687119039423021,4039.0,0.8866292219609022,0.0,0.0,inf,0.9854791848677962,8192.0,0.0
socofing:000339:right_little,central_only,0.6000000238418579,0.017133860091312892,0.09502404042548618,17.66144783706846,0.57665360984248,6554.0,0.8427289687097073,0.0,0.0,inf,0.9733671834459025,9830.0,0.0,0.027897131300023786,0.1279012637595082,15.544404535229788,0.23490868379867968,2232.0,0.8427289687097073,0.0,0.0,inf,0.985699644000569,9107.0,0.0
socofing:000345:left_thumb,central_only,0.699999988079071,0.024132202662449313,0.09701865048489759,16.17403036131456,0.6365491732574522,4915.0,0.7423699423670769,0.0,0.0,inf,0.9906572541810126,11469.0,0.0,0.05435447236721045,0.17822206405301888,12.647647157085114,0.2028487715329098,1500.0,0.7423699423670769,0.0,0.0,inf,0.9931555582419016,9895.0,0.0
socofing:000345:left_index,central_only,0.800000011920929,0.00797170069866374,0.052383898038088565,20.984490154606252,0.8842832062450724,3277.0,0.8020909875631332,0.0,0.0,inf,0.9880221789003657,13107.0,0.0,0.0834246712924481,0.22933737188577652,10.787054958647452,0.28765752270264733,104.0,0.7270070910453796,0.0,0.0,inf,0.9985564168128775,9038.0,0.0
