sample_id,mask_family,observed_fraction,missing_mse,missing_mae,missing_psnr,missing_ssim_map_mean,missing_pixels,missing_max_absolute_error,observed_mse,observed_mae,observed_psnr,observed_ssim_map_mean,observed_pixels,observed_max_absolute_error,missing_roi_mse,missing_roi_mae,missing_roi_psnr,missing_roi_ssim_map_mean,missing_roi_pixels,missing_roi_max_absolute_error,observed_roi_mse,observed_roi_mae,observed_roi_psnr,observed_roi_ssim_map_mean,observed_roi_pixels,observed_roi_max_absolute_error
socofing:000023:left_thumb,random_rectangles,0.10000000149011612,0.03259071824432161,0.13715816825622218,14.869060683133675,0.24026348343817852,14746.0,0.7927079200744629,0.0,0.0,inf,0.8576022620248708,1638.0,0.0,0.036733984433414704,0.14786033831623951,14.349319623817596,0.12557846264406936,11110.0,0.7927079200744629,0.0,0.0,inf,0.8927183043049921,94.0,0.0
socofing:000023:left_index,random_rectangles,0.20000000298023224,0.029021782290537312,0.12438980698417251,15.37275920114089,0.28625612572119885,13107.0,0.6981992721557617,0.0,0.0,inf,0.8736744119083326,3277.0,0.0,0.03578118029136652,0.14354514121411524,14.46345337732505,0.12891769405991602,9772.0,0.6981992721557617,0.0,0.0,inf,0.8547657448737843,299.0,0.0
socofing:000023:left_middle,random_rectangles,0.30000001192092896,0.03664095917244584,0.1395726481244541,14.36033166067286,0.2240496554731848,11469.0,0.6979319155216217,0.0,0.0,inf,0.9442063274547451,4915.0,0.0,0.04083905907001048,0.15323154534363886,13.889242725941822,0.13104852390996052,9663.0,0.6979319155216217,0.0,0.0,inf,0.830431190062249,528.0,0.0
socofing:000023:left_ring,random_rectangles,0.4000000059604645,0.032135572176213205,0.12830184433734307,14.930139630397228,0.3416100745722605,9830.0,0.7229743003845215,0.0,0.0,inf,0.964607163705649,6554.0,0.0,0.03717298083978015,0.14145348003676975,14.297726121525344,0.1475035984359491,5967.0,0.7229743003845215,0.0,0.0,inf,0.9651809742728358,1950.0,0.0
socofing:000023:left_little,random_rectangles,0.5,0.021408386061995174,0.10907795592902403,16.694160721165684,0.3915364816838409,8192.0,0.7216913998126984,0.0,0.0,inf,0.9531546484542519,8192.0,0.0,0.0285199420341187,0.12983279589160687,15.44851361509091,0.23942566185951258,5418.0,0.7216913998126984,0.0,0.0,inf,0.9436303764251646,3011.0,0.0
socofing:000023:right_thumb,random_rectangles,0.6000000238418579,0.058093965404280544,0.21006735073020844,12.358689782419592,0.07798028480007337,6554.0,0.8375747129321098,0.0,0.0,inf,0.9668120414787507,9830.0,0.0,0.057997118684190004,0.20999262658803128,12.365935817929225,0.0710978971737263,6492.0,0.8375747129321098,0.0,0.0,inf,0.9474564657561987,5741.0,0.0
socofing:000023:right_index,random_rectangles,0.699999988079071,0.0322402323423196,0.1381197586519187,14.916018370709258,0.12791773191032763,4915.0,0.6915441900491714,0.0,0.0,inf,0.9873378314689426,11469.0,0.0,0.0322402323423196,0.1381197586519187,14.916018370709258,0.12791773191032763,4915.0,0.6915441900491714,0.0,0.0,inf,0.9780597656922952,6619.0,0.0
socofing:000023:right_middle,random_rectangles,0.800000011920929,0.02675545134019513,0.11771897411415552,15.725877184739574,0.2642015928471086,3277.0,0.7560847997665405,0.0,0.0,inf,0.981105799751349,13107.0,0.0,0.028680134376149097,0.12573100926575267,15.424188181826429,0.20693568617052455,3004.0,0.7560847997665405,0.0,0.0,inf,0.9712153962265768,7570.0,0.0
socofing:000023:right_ring,irregular,0.10000000149011612,0.023147690767514727,0.11307002598753005,16.35492328056332,0.3133141378938346,14746.0,0.6768966913223267,0.0,0.0,inf,0.7314550305098754,1638.0,0.0,0.025967951070985443,0.12191262471455633,15.855623158180993,0.17521579548574234,10663.0,0.6768966913223267,0.0,0.0,inf,0.7473004382463726,580.0,0.0
socofing:000023:right_little,irregular,0.20000000298023224,0.0194723574068908,0.1032581823765936,17.105814677491807,0.394487118324252,13107.0,0.7047454416751862,0.0,0.0,inf,0.8226031828274836,3277.0,0.0,0.02630795111519113,0.1203055885517344,15.799129738077056,0.17297823911555005,8096.0,0.7047454416751862,0.0,0.0,inf,0.8711920373186212,2100.0,0.0
socofing:000030:left_thumb,irregular,0.30000001192092896,0.05276824086771377,0.16990297006608635,12.77627383635632,0.3148259082869037,11469.0,0.7760581821203232,0.0,0.0,inf,0.8973623961313054,4915.0,0.0,0.07263534951659266,0.21449226535889712,11.388519693319006,0.11433168967289022,7905.0,0.7760581821203232,0.0,0.0,inf,0.9112625794710275,3012.0,0.0
socofing:000030:left_index,irregular,0.4000000059604645,0.03617634173754426,0.14190405529913316,14.415753524437417,0.3537246635036301,9830.0,0.7139535844326019,0.0,0.0,inf,0.9026714756134033,6554.0,0.0,0.053076328653260035,0.18504455566501163,12.75099125385104,0.14198562149777588,6280.0,0.7139535844326019,0.0,0.0,inf,0.9228173144881732,3528.0,0.0
socofing:000030:left_middle,irregular,0.5,0.03775989889813148,0.14114169943786692,14.229691771928879,0.3389514420084103,8192.0,0.7361536026000977,0.0,0.0,inf,0.9530864470644542,8192.0,0.0,0.04808784881405727,0.1720323704060488,13.179646504387886,0.19398772690656527,6198.0,0.7361536026000977,0.0,0.0,inf,0.9493713473906157,4123.0,0.0
socofing:000030:left_ring,irregular,0.6000000238418579,0.027057802706831755,0.1179578367996987,15.677074742219146,0.46329032154691074,6554.0,0.6863324046134949,0.0,0.0,inf,0.9572740699772218,9830.0,0.0,0.03980010359083503,0.1569554253558064,14.00115797552707,0.25125148377166595,3993.0,0.6863324046134949,0.0,0.0,inf,0.9607511594792434,5078.0,0.0
socofing:000030:left_little,irregular,0.699999988079071,0.03747144144815544,0.13132793665356698,14.262996001824499,0.46734566619148576,4915.0,0.7441187798976898,0.0,0.0,inf,0.949837652279225,11469.0,0.0,0.06762371778834042,0.20338517972948955,11.699009564543594,0.18495386248566525,2565.0,0.7441187798976898,0.0,0.0,inf,0.9695029274405479,5534.0,0.0
socofing:000030:right_thumb,irregular,0.800000011920929,0.04243716714730142,0.14812041197692863,13.722536147178605,0.4969519028216421,3277.0,0.7942767590284348,0.0,0.0,inf,0.9734157034336706,13107.0,0.0,0.06572446596241202,0.21001755502000488,11.822729340237274,0.2734472799967012,2001.0,0.7942767590284348,0.0,0.0,inf,0.9696094988046813,10324.0,0.0
socofing:000030:right_index,central_missing,0.10000000149011612,0.06526991550582184,0.2059372357831679,11.852869495129873,0.31023099127804227,14746.0,0.854307590983808,0.0,0.0,inf,0.9182636604792596,1638.0,0.0,0.09388711221640059,0.269923332541148,10.273940187822078,0.08040134812204322,9506.0,0.854307590983808,0.0,0.0,inf,0.924040507977008,128.0,0.0
socofing:000030:right_middle,central_missing,0.20000000298023224,0.04438565368027292,0.16455925710171296,13.527573797569879,0.21406261377240185,13107.0,0.7365590035915375,0.0,0.0,inf,0.939885565173939,3277.0,0.0,0.05205518501819962,0.18602928375193012,12.835360055839713,0.09710069688035249,10900.0,0.7365590035915375,0.0,0.0,inf,0.9397463283796639,745.0,0.0
socofing:000030:right_ring,central_missing,0.30000001192092896,0.03094052932030692,0.12812817544953348,15.094722608072368,0.306264519197779,11469.0,0.7032192200422287,0.0,0.0,inf,0.9684408159802086,4915.0,0.0,0.03911775288365041,0.15106822832528471,14.076261011814921,0.14443022374193307,8870.0,0.7032192200422287,0.0,0.0,inf,0.9495683934253001,1200.0,0.0
socofing:000030:right_little,central_missing,0.4000000059604645,0.03250124468678929,0.1347635087698304,14.881000067056382,0.28203288224966544,9830.0,0.7066549062728882,0.0,0.0,inf,0.9594871550345053,6554.0,0.0,0.040649050106240786,0.15724145234043835,13.909495986169748,0.11740877269162063,6788.0,0.7066549062728882,0.0,0.0,inf,0.9296260157766578,1163.0,0.0
socofing:000032:left_thumb,central_missing,0.5,0.08461506951139006,0.2373824682393888,10.725522844452948,0.06678822950735792,8192.0,0.7794667482376099,0.0,0.0,inf,0.978208537302791,8192.0,0.0,0.08461506951139006,0.2373824682393888,10.725522844452948,0.06678822950735792,8192.0,0.7794667482376099,0.0,0.0,inf,0.9433795255526637,2999.0,0.0
socofing:000032:left_index,central_missing,0.6000000238418579,0.056813176874703844,0.19063478325933292,12.455509251994549,0.10774730893940297,6554.0,0.7261153161525726,0.0,0.0,inf,0.9868383440666486,9830.0,0.0,0.05943540286519675,0.1982438719201548,12.259547892119397,0.08019728621516659,6259.0,0.7261153161525726,0.0,0.0,inf,0.9769140167404712,3680.0,0.0
socofing:000032:left_middle,central_missing,0.699999988079071,0.06702686742602498,0.20274486247817716,11.73751077359702,0.18724348050402598,4915.0,0.7055806815624237,0.0,0.0,inf,0.9899041808082432,11469.0,0.0,0.07762718087301071,0.2287922947840398,11.099861854909243,0.08632365497070503,4224.0,0.7055806815624237,0.0,0.0,inf,0.985996284532251,4209.0,0.0
socofing:000032:left_ring,central_missing,0.800000011920929,0.05070295488558468,0.17992443816215117,12.949667299544487,0.14148622331930186,3277.0,0.6341997385025024,0.0,0.0,inf,0.9915927758372446,13107.0,0.0,0.0533340174553103,0.18762262289124032,12.72995701279475,0.10777933957682612,3111.0,0.6341997385025024,0.0,0.0,inf,0.9846952337269008,4863.0,0.0
socofing:000032:left_little,peripheral_only,0.10000000149011612,0.04791112873029477,0.18084551548412497,13.195635975500315,0.3607227897651354,14746.0,0.8255566209554672,0.0,0.0,inf,0.6198737673342506,1638.0,0.0,0.07909680179355254,0.23924589638922125,11.018410764453382,0.0803779216359496,6338.0,0.8255566209554672,0.0,0.0,inf,0.8617750547386139,631.0,0.0
socofing:000032:right_thumb,peripheral_only,0.20000000298023224,0.06773749350429971,0.20250494201993255,11.691708776263056,0.2690748339596362,13107.0,0.8580214376561344,0.0,0.0,inf,0.93615067212425,3277.0,0.0,0.08589437273188583,0.24766840786521693,10.660352875254837,0.09404520552201283,9434.0,0.8245983105152845,0.0,0.0,inf,0.9364808729698891,3025.0,0.0
socofing:000032:right_index,peripheral_only,0.30000001192092896,0.052580324024489304,0.17386750543660742,12.791767418961813,0.3641452965716687,11469.0,0.7434353828430176,0.0,0.0,inf,0.9005043401742818,4915.0,0.0,0.08076802928204273,0.24020079389732185,10.92760513656689,0.11049434635349537,6948.0,0.7434353828430176,0.0,0.0,inf,0.9391169923810511,3380.0,0.0
socofing:000032:right_middle,peripheral_only,0.4000000059604645,0.049623498980237817,0.1670104860346139,13.043126166411005,0.37905992824677875,9830.0,0.8020957703702152,0.0,0.0,inf,0.9493801085753723,6554.0,0.0,0.07633534056897166,0.23385054325105098,11.17274352468415,0.11410473548286909,6001.0,0.8020957703702152,0.0,0.0,inf,0.9577719476724765,4197.0,0.0
socofing:000032:right_ring,peripheral_only,0.5,0.046232047455568685,0.16257513957378933,13.350568727534522,0.38510308756811773,8192.0,0.7113233804702759,0.0,0.0,inf,0.9528786534197707,8192.0,0.0,0.0720748169252592,0.2318219377803914,11.422164520746929,0.1053165004314009,4803.0,0.7113233804702759,0.0,0.0,inf,0.9447348878323975,4664.0,0.0
socofing:000032:right_little,peripheral_only,0.6000000238418579,0.03341709670882926,0.13621459467239055,14.76031284487698,0.4626013383415382,6554.0,0.7444555312395096,0.0,0.0,inf,0.9415988430417599,9830.0,0.0,0.05902573425661575,0.20656303218667268,12.289586017653198,0.1888094304427937,3261.0,0.7444555312395096,0.0,0.0,inf,0.9684006463507875,4436.0,0.0
socofing:000039:left_thumb,peripheral_only,0.699999988079071,0.053505395332159617,0.16622109398395504,12.716024227480794,0.42765280881003387,4915.0,0.7558408081531525,0.0,0.0,inf,0.9834248516645975,11469.0,0.0,0.08909699750511213,0.2547362055297937,10.501369310802161,0.13126199443620054,2823.0,0.7558408081531525,0.0,0.0,inf,0.9868308360154291,8856.0,0.0
socofing:000039:left_index,peripheral_only,0.800000011920929,0.05432987832940104,0.17416225736028593,12.649612675583812,0.35822642827967305,3277.0,0.7447171211242676,0.0,0.0,inf,0.9907754602313414,13107.0,0.0,0.08003210735020064,0.2411910253490372,10.967357474129999,0.09840828686504598,2098.0,0.7447171211242676,0.0,0.0,inf,0.9896263598882437,8254.0,0.0
socofing:000039:left_middle,central_only,0.10000000149011612,0.058259318600780256,0.18183861162049791,12.346345991737081,0.2753512303139053,14746.0,0.8335831724107265,0.0,0.0,inf,0.969604360757125,1638.0,0.0,0.07689369219344741,0.2218808354908318,11.141092851392433,0.08588702746644114,10076.0,0.8335831724107265,0.0,0.0,inf,0.969604360757125,1638.0,0.0
socofing:000039:left_ring,central_only,0.20000000298023224,0.04880498567942909,0.1651573763455264,13.115358103238268,0.3500815848663404,13107.0,0.8398563489317894,0.0,0.0,inf,0.9780298548766111,3277.0,0.0,0.0711000340115292,0.21296984420669457,11.481301915203614,0.11658826169020567,7875.0,0.8398563489317894,0.0,0.0,inf,0.9780298548766111,3277.0,0.0
socofing:000039:left_little,central_only,0.30000001192092896,0.03936131376102648,0.16092469482640825,14.049304145688854,0.525222545699313,11469.0,0.7377045452594757,0.0,0.0,inf,0.9483356966774524,4915.0,0.0,0.0842479395467946,0.24568948790491021,10.744407118738323,0.10868495433039826,3477.0,0.7377045452594757,0.0,0.0,inf,0.9776468950784011,4688.0,0.0
socofing:000039:right_thumb,central_only,0.4000000059604645,0.07978832663874119,0.20331942444091183,10.98060643075576,0.35174445493170836,9830.0,0.951997279189527,0.0,0.0,inf,0.982959393848427,6554.0,0.0,0.11942441381279588,0.27802863559447616,9.22906881746454,0.11032140859976594,6045.0,0.951997279189527,0.0,0.0,inf,0.982959393848427,6554.0,0.0
socofing:000039:right_index,central_only,0.5,0.050651469796565485,0.1570890587151439,12.954079478303262,0.4873010745754789,8192.0,0.8586158081889153,0.0,0.0,inf,0.9828366724362343,8192.0,0.0,0.089677586986606,0.23929371392967302,10.473160861010928,0.18563039269055623,3905.0,0.8586158081889153,0.0,0.0,inf,0.9828366724362343,8192.0,0.0
socofing:000039:right_middle,central_only,0.6000000238418579,0.03304493783446935,0.12121966185918158,14.808950608058773,0.5761869719927457,6554.0,0.8195583820343018,0.0,0.0,inf,0.9822291590887231,9830.0,0.0,0.05638137014521377,0.18696792801507492,12.488643743800697,0.24679341169851893,2544.0,0.801978169940412,0.0,0.0,inf,0.9823764187748357,9813.0,0.0
socofing:000039:right_ring,central_only,0.699999988079071,0.015768353152316644,0.08253031442489471,18.022136620426103,0.7276364966993811,4915.0,0.7180668637156487,0.0,0.0,inf,0.9795647794563238,11469.0,0.0,0.05981020295410302,0.20109021250295472,12.23224723892901,0.2355443729313079,789.0,0.7180668637156487,0.0,0.0,inf,0.994648103190464,9632.0,0.0
socofing:000039:right_little,central_only,0.800000011920929,0.01680359735198298,0.07844719897784,17.745977335793572,0.7260393633534479,3277.0,0.7045193761587143,0.0,0.0,inf,0.9900642262364118,13107.0,0.0,0.07181731400125757,0.21914619018456766,11.437708417084982,0.2231778476710375,420.0,0.7045193761587143,0.0,0.0,inf,0.9971261888683881,9758.0,0.0
socofing:000052:left_thumb,disconnected_fragments,0.10000000149011612,0.04085391380230051,0.1491855973862622,13.887663317552585,0.22828795175570998,14746.0,0.7493880391120911,0.0,0.0,inf,0.8876491711696982,1638.0,0.0,0.050825080108833735,0.17301482894975395,12.939219281685855,0.07381583748133956,10542.0,0.7493880391120911,0.0,0.0,inf,0.9025211668110735,1494.0,0.0
socofing:000052:left_index,disconnected_fragments,0.20000000298023224,0.04611850370316098,0.16374103146736432,13.361247916635952,0.241579583833594,13107.0,0.6882656514644623,0.0,0.0,inf,0.9287864640086155,3277.0,0.0,0.05898060966359925,0.19516537168920234,12.292907425985895,0.07359252951942731,9174.0,0.6882656514644623,0.0,0.0,inf,0.9316142385832652,2876.0,0.0
socofing:000052:left_middle,disconnected_fragments,0.30000001192092896,0.032507252487886704,0.13454610823010263,14.880197355107699,0.32832773685155936,11469.0,0.636005699634552,0.0,0.0,inf,0.9614260411066973,4915.0,0.0,0.042777653138881454,0.16146917587196077,13.687830453089383,0.14658260615382535,7538.0,0.636005699634552,0.0,0.0,inf,0.9630374817846302,4841.0,0.0
socofing:000052:left_ring,disconnected_fragments,0.4000000059604645,0.04099476827215049,0.14798407693633228,13.872715641464204,0.3175797892683298,9830.0,0.662953108549118,0.0,0.0,inf,0.974091594139896,6554.0,0.0,0.051289623872462296,0.17532370988160778,12.899704857795003,0.15934283016041578,7024.0,0.662953108549118,0.0,0.0,inf,0.9779170345987938,5322.0,0.0
socofing:000052:left_little,disconnected_fragments,0.5,0.04944576626604664,0.1604163789033919,13.058708884148146,0.2980236675728246,8192.0,0.7048736214637756,0.0,0.0,inf,0.9765767632949891,8192.0,0.0,0.06321791801516714,0.1955791189517305,11.991598110812742,0.1402036370331686,5966.0,0.7048736214637756,0.0,0.0,inf,0.9767730406562911,5955.0,0.0
socofing:000052:right_thumb,disconnected_fragments,0.6000000238418579,0.13354236317161725,0.2684024625196644,8.743809427400059,0.23747727081656503,6554.0,0.9813304543495178,0.0,0.0,inf,0.9677719372331344,9830.0,0.0,0.1740459134481756,0.33646236399729823,7.593361693790764,0.08042109835231591,4347.0,0.9813304543495178,0.0,0.0,inf,0.9673944675999858,8587.0,0.0
socofing:000052:right_index,disconnected_fragments,0.699999988079071,0.0346224784582136,0.12091670107439403,14.606418462758073,0.5367015073897677,4915.0,0.7615009509027004,0.0,0.0,inf,0.9866883812464279,11469.0,0.0,0.05793528703813849,0.19244450816677783,12.370568369986783,0.21545953675668225,1963.0,0.7615009509027004,0.0,0.0,inf,0.987288479625473,10063.0,0.0
socofing:000052:right_middle,disconnected_fragments,0.800000011920929,0.030806720006425207,0.11558233371341523,15.113545385847122,0.5436766982025794,3277.0,0.6466781497001648,0.0,0.0,inf,0.9891014335332978,13107.0,0.0,0.04520564270136036,0.16205951429852475,13.448073518896734,0.31647913631736263,1168.0,0.614113062620163,0.0,0.0,inf,0.9898422367940553,11344.0,0.0
socofing:000052:right_ring,stripes,0.10000000149011612,0.0342261822537452,0.137462470227256,14.656415413704568,0.28305250384204,14746.0,0.759562149643898,0.0,0.0,inf,0.9572691498269219,1638.0,0.0,0.04086043920275254,0.15410246959443086,13.886969695120213,0.13464830651005646,10886.0,0.759562149643898,0.0,0.0,inf,0.9553962601311177,1262.0,0.0
socofing:000052:right_little,stripes,0.20000000298023224,0.020728711600259422,0.10168176269589459,16.83427690780563,0.32723124612266713,13107.0,0.7370399534702301,0.0,0.0,inf,0.9113280644724802,3277.0,0.0,0.025908848029564682,0.11691741607205447,15.86551896374475,0.14868786531894876,9379.0,0.7370399534702301,0.0,0.0,inf,0.9313860163887937,1694.0,0.0
socofing:000054:left_thumb,stripes,0.30000001192092896,0.07949043044297009,0.2084279360929474,10.996851512927792,0.20513212887093618,11469.0,0.9298295374028385,0.0,0.0,inf,0.9734668333225062,4915.0,0.0,0.09228356413784358,0.23819562821353754,10.348756406842458,0.07548438698372317,8917.0,0.9298295374028385,0.0,0.0,inf,0.9762789282679305,3391.0,0.0
socofing:000054:left_index,stripes,0.4000000059604645,0.03335624015652878,0.13473170503162962,14.768229080132027,0.32572761620800605,9830.0,0.7494045794010162,0.0,0.0,inf,0.9681477065186438,6554.0,0.0,0.04363557308726222,0.1613316226890392,13.601593158585697,0.1433085235462301,6876.0,0.7494045794010162,0.0,0.0,inf,0.9783238757078989,4255.0,0.0
socofing:000054:left_middle,stripes,0.5,0.047110981897931475,0.1617024394854525,13.268778440018533,0.26578997726594916,8192.0,0.743347629904747,0.0,0.0,inf,0.9782171485983093,8192.0,0.0,0.05867497730998494,0.19422116324804523,12.31547069673984,0.1099893592386129,6092.0,0.743347629904747,0.0,0.0,inf,0.9789853460612364,5239.0,0.0
socofing:000054:left_ring,stripes,0.6000000238418579,0.0442185199996129,0.1638882155173484,13.543957974144234,0.23294398700084065,6554.0,0.6708026826381683,0.0,0.0,inf,0.9841723531016833,9830.0,0.0,0.05241856750334994,0.1891059056102922,12.805148516437319,0.11776910898594986,5426.0,0.6708026826381683,0.0,0.0,inf,0.9784786283388018,6382.0,0.0
socofing:000054:left_little,stripes,0.699999988079071,0.016648028757189834,0.09323554853032345,17.78637182611538,0.4345928784958707,4915.0,0.6779990047216415,0.0,0.0,inf,0.9864841462966605,11469.0,0.0,0.024086782028315146,0.11465971306572116,16.182212174652104,0.20153499984944462,3075.0,0.6779990047216415,0.0,0.0,inf,0.990189453517534,8366.0,0.0
socofing:000054:right_thumb,stripes,0.800000011920929,0.0585667836081489,0.1739762506195079,12.323486260589195,0.24190321623344793,3277.0,0.9562871437519789,0.0,0.0,inf,0.9910946557863176,13107.0,0.0,0.06414140646606632,0.19854272934708422,11.928615212745157,0.10336972250144959,2508.0,0.9432412981987,0.0,0.0,inf,0.9901565066207367,10397.0,0.0
socofing:000054:right_index,severe_partial,0.10000000149011612,0.057828129082747,0.18544602498996215,12.37860858226975,0.2934162586948867,14746.0,0.8300693621858954,0.0,0.0,inf,0.9341783562204578,1638.0,0.0,0.07885894003504929,0.23173202752579242,11.031490646965116,0.09493656315136388,10066.0,0.8300693621858954,0.0,0.0,inf,0.9341783562204578,1638.0,0.0
socofing:000054:right_middle,severe_partial,0.20000000298023224,0.059808734405834486,0.18214544582101735,12.23235387462124,0.26887260670559665,13107.0,0.8997122049331665,0.0,0.0,inf,0.958552288027318,3277.0,0.0,0.077394909579093,0.22082185656452114,11.112876028107944,0.0830757651906846,9388.0,0.8997122049331665,0.0,0.0,inf,0.958932249095816,3176.0,0.0
socofing:000054:right_ring,severe_partial,0.30000001192092896,0.04736874200643168,0.16030885374592693,13.245081488781151,0.3727792155096273,11469.0,0.8282164316624403,0.0,0.0,inf,0.9667964133877374,4915.0,0.0,0.07005880652722186,0.21580145200825995,11.545372652920442,0.09921337341721241,6931.0,0.8282164316624403,0.0,0.0,inf,0.9697468393522526,4268.0,0.0
socofing:000054:right_little,random_rectangles,0.10000000149011612,0.06488979937197399,0.19876006020351897,11.878235686025238,0.23120967618149987,14746.0,0.7683113068342209,0.0,0.0,inf,0.8716829049803585,1638.0,0.0,0.07723347303019346,0.22549551484710784,11.12194435394245,0.06964350299873283,10576.0,0.7683113068342209,0.0,0.0,inf,0.8477183983428555,332.0,0.0
socofing:000057:left_thumb,random_rectangles,0.20000000298023224,0.08474234314731495,0.22785947005591814,10.718995318162616,0.09957384131313116,13107.0,0.9567746501415968,0.0,0.0,inf,0.9430943314719532,3277.0,0.0,0.09003491502372853,0.24164096426245538,10.45589040987114,0.04460912613010254,11889.0,0.9567746501415968,0.0,0.0,inf,0.9088123941023116,718.0,0.0
socofing:000057:left_index,random_rectangles,0.30000001192092896,0.07083506293950612,0.2023846150726052,11.49751715873389,0.1820838092189256,11469.0,0.8872076268307865,0.0,0.0,inf,0.9586534912210967,4915.0,0.0,0.08481927532192353,0.23407682801383187,10.715054423813106,0.05357811859875322,9460.0,0.8872076268307865,0.0,0.0,inf,0.9338153273340608,1876.0,0.0
socofing:000057:left_middle,random_rectangles,0.4000000059604645,0.08183493977943991,0.23716744023445324,10.87061232837069,0.10744509233374341,9830.0,0.910882830619812,0.0,0.0,inf,0.9545683621769375,6554.0,0.0,0.08480069413315858,0.2464548144408389,10.716005928262263,0.07492226297688519,9240.0,0.910882830619812,0.0,0.0,inf,0.9143504905356573,3294.0,0.0
socofing:000057:left_ring,random_rectangles,0.5,0.06092133434175156,0.20138231034093224,12.152305930097747,0.10545220075582584,8192.0,0.9114801865071058,0.0,0.0,inf,0.9758897231131511,8192.0,0.0,0.06181133004767965,0.20405542775249524,12.089319112188333,0.09480191470410611,8065.0,0.9114801865071058,0.0,0.0,inf,0.9588004061294784,4384.0,0.0
socofing:000057:left_little,random_rectangles,0.6000000238418579,0.05471691738915221,0.18466750575309954,12.618783776364694,0.16421402092895665,6554.0,0.8124025389552116,0.0,0.0,inf,0.9778583122057248,9830.0,0.0,0.05716323801945687,0.1923686842442654,12.42883178513801,0.13090985370930225,6212.0,0.8124025389552116,0.0,0.0,inf,0.9651450414286593,5065.0,0.0
socofing:000057:right_thumb,random_rectangles,0.699999988079071,0.06399130179286597,0.19855488865908202,11.938790547674994,0.18573714778804704,4915.0,0.7785335630178452,0.0,0.0,inf,0.9899147030836715,11469.0,0.0,0.07093617043952859,0.21850459588000665,11.491322610554157,0.10219602709620709,4432.0,0.7785335630178452,0.0,0.0,inf,0.9854502915389917,7587.0,0.0
socofing:000057:right_index,random_rectangles,0.800000011920929,0.09688291837508238,0.2379343042729623,10.13752787545589,0.13179078102163053,3277.0,0.9144216738641262,0.0,0.0,inf,0.9915160364351231,13107.0,0.0,0.10264880080515518,0.25092489664237416,9.886461199100085,0.08647937915850964,3092.0,0.9144216738641262,0.0,0.0,inf,0.9889546444903689,8512.0,0.0
socofing:000057:right_middle,irregular,0.10000000149011612,0.057625148503271245,0.1829448426992121,12.393879423993774,0.23173642837384906,14746.0,0.9135715356096625,0.0,0.0,inf,0.8197940192888108,1638.0,0.0,0.0732856459440553,0.21688439591741118,11.349810798984144,0.05433041423441937,10544.0,0.9135715356096625,0.0,0.0,inf,0.8340608349113497,735.0,0.0
socofing:000057:right_ring,irregular,0.20000000298023224,0.045727092719938675,0.16417660530024325,13.39826409724173,0.2639942950258432,13107.0,0.8865150194615126,0.0,0.0,inf,0.8815847451574829,3277.0,0.0,0.05754434500777534,0.1941754619897283,12.39997348881956,0.09999419476369904,9777.0,0.8289536200463772,0.0,0.0,inf,0.8950874937599228,2034.0,0.0
socofing:000057:right_little,irregular,0.30000001192092896,0.043142560884292365,0.15754218053922728,13.650940793329724,0.34545550932832114,11469.0,0.8590495549142361,0.0,0.0,inf,0.9077324720496404,4915.0,0.0,0.05917546335916151,0.19721611894589092,12.278583327476058,0.14367500815108822,7827.0,0.8590495549142361,0.0,0.0,inf,0.9126770104469555,3150.0,0.0
socofing:000061:left_thumb,irregular,0.4000000059604645,0.0590195267077514,0.17839441342101198,12.290042775374497,0.4121045276222627,9830.0,0.7878714799880981,0.0,0.0,inf,0.8704102026690963,6554.0,0.0,0.09631938701990278,0.25568201259873813,10.162862899434021,0.16466520230266407,5602.0,0.7878714799880981,0.0,0.0,inf,0.9034436438844123,3798.0,0.0
socofing:000061:left_index,irregular,0.5,0.045623884171478196,0.1552024873751634,13.408077439950997,0.41570746403564135,8192.0,0.8375197043642402,0.0,0.0,inf,0.9334517534992954,8192.0,0.0,0.07536359924966345,0.22628440710710843,11.228383684829499,0.14210915082292191,4742.0,0.8375197043642402,0.0,0.0,inf,0.9606933331845261,5483.0,0.0
socofing:000061:left_middle,irregular,0.6000000238418579,0.03985197787886492,0.1443732441882559,13.99550119423185,0.4499807983828531,6554.0,0.7604940980672836,0.0,0.0,inf,0.9369614322866555,9830.0,0.0,0.06467098273415126,0.20774932587697484,11.892905395047732,0.22447527994667796,3763.0,0.7604940980672836,0.0,0.0,inf,0.9654466622721725,5475.0,0.0
socofing:000061:left_ring,irregular,0.699999988079071,0.028908738966303194,0.12511183352466382,15.389708523598033,0.520039689823493,4915.0,0.7045720778405666,0.0,0.0,inf,0.9431748409984377,11469.0,0.0,0.055561364199902534,0.20010735746212444,12.552270995575965,0.2467730161530656,2144.0,0.7045720778405666,0.0,0.0,inf,0.961465068392411,5472.0,0.0
socofing:000061:left_little,irregular,0.800000011920929,0.03076558724917134,0.11778408936845854,15.119347907452838,0.5654199687739282,3277.0,0.7172026624903083,0.0,0.0,inf,0.9730056105770877,13107.0,0.0,0.07462615780661953,0.22970266546672988,11.271089178374446,0.23686692675695947,1222.0,0.7172026624903083,0.0,0.0,inf,0.9863005284745583,7326.0,0.0
socofing:000061:right_thumb,central_missing,0.10000000149011612,0.07292461115675042,0.20992753849553406,11.371258779131594,0.21511426674351236,14746.0,0.8908264618366957,0.0,0.0,inf,0.8903604110666511,1638.0,0.0,0.09187424076375543,0.24928347868767173,10.368062368435192,0.0553680762012139,11148.0,0.8908264618366957,0.0,0.0,inf,0.9131511927715708,94.0,0.0
socofing:000061:right_index,central_missing,0.20000000298023224,0.07999397713478079,0.22353456592256352,10.969427104530231,0.21939154430539679,13107.0,0.924016475211829,0.0,0.0,inf,0.9342388337868232,3277.0,0.0,0.09814483673763282,0.26354142804086406,10.081325430872841,0.07905642407131679,10509.0,0.924016475211829,0.0,0.0,inf,0.8597385057021958,650.0,0.0
socofing:000061:right_middle,central_missing,0.30000001192092896,0.09093270797391821,0.23688439356316782,10.412798754406143,0.22575972823520346,11469.0,0.8257004003971815,0.0,0.0,inf,0.9525866540954396,4915.0,0.0,0.11569102295927783,0.2885772480611211,9.367003388054197,0.06554967171619135,8917.0,0.8257004003971815,0.0,0.0,inf,0.9429369972938332,1092.0,0.0
socofing:000061:right_ring,central_missing,0.4000000059604645,0.06942527255893179,0.20542556660354994,11.584824065635498,0.21307364722042407,9830.0,0.7895171623677015,0.0,0.0,inf,0.9753553774113948,6554.0,0.0,0.08356731547451213,0.2399236845293635,10.7796354893169,0.08435876923294348,8123.0,0.7895171623677015,0.0,0.0,inf,0.9696501460415541,1385.0,0.0
socofing:000061:right_little,central_missing,0.5,0.06646694635827466,0.20127344359269728,11.773942732375097,0.265622349510033,8192.0,0.7956987768411636,0.0,0.0,inf,0.9722696524907577,8192.0,0.0,0.08243099500421755,0.23974364263889167,10.83909457863041,0.09018887494110192,4685.0,0.7956987768411636,0.0,0.0,inf,0.9735977716153945,2257.0,0.0
socofing:000064:left_thumb,central_missing,0.6000000238418579,0.09559778951507501,0.25684587579730106,10.195521496957003,0.05707414533253872,6554.0,0.9173930874094367,0.0,0.0,inf,0.9867453476790534,9830.0,0.0,0.09559778951507501,0.25684587579730106,10.195521496957003,0.05707414533253872,6554.0,0.9173930874094367,0.0,0.0,inf,0.9770892856840329,5687.0,0.0
socofing:000064:left_index,central_missing,0.699999988079071,0.10714864809478172,0.26971284168007825,9.700133041245346,0.06231531532425687,4915.0,0.9133963566273451,0.0,0.0,inf,0.9853697802317627,11469.0,0.0,0.10714864809478172,0.26971284168007825,9.700133041245346,0.06231531532425687,4915.0,0.9133963566273451,0.0,0.0,inf,0.966443486116535,4914.0,0.0
socofing:000064:left_middle,central_missing,0.800000011920929,0.07439722515358008,0.22802920976518984,11.284432623433924,0.08666083736913041,3277.0,0.7449399828910828,0.0,0.0,inf,0.9946344767238386,13107.0,0.0,0.07439722515358008,0.22802920976518984,11.284432623433924,0.08666083736913041,3277.0,0.7449399828910828,0.0,0.0,inf,0.9915726886062736,8345.0,0.0
socofing:000064:left_ring,peripheral_only,0.10000000149011612,0.055612303118329195,0.18322903434349339,12.548291187538938,0.3261358031057336,14746.0,0.7958494983613491,0.0,0.0,inf,0.8083673978122634,1638.0,0.0,0.07965704742841513,0.2337970423538683,10.987757952065184,0.07435040064604621,8568.0,0.7958494983613491,0.0,0.0,inf,0.9040838063946448,1010.0,0.0
socofing:000064:left_little,peripheral_only,0.20000000298023224,0.05715081201540976,0.1879677204265986,12.429775946421664,0.3685692226234619,13107.0,0.8665213286876678,0.0,0.0,inf,0.7691850846540341,3277.0,0.0,0.1067440769039341,0.27480750638920154,9.716562140950193,0.07343420224777691,5762.0,0.8665213286876678,0.0,0.0,inf,0.9082230285300752,986.0,0.0
socofing:000064:right_thumb,peripheral_only,0.30000001192092896,0.06495566458261566,0.19396530686427718,11.873829694608467,0.2377418781903752,11469.0,0.9492977242916822,0.0,0.0,inf,0.9603847182332506,4915.0,0.0,0.0794146825591408,0.23000613815337684,11.000991957477765,0.07880310226093842,8423.0,0.9492977242916822,0.0,0.0,inf,0.9591523357244262,4258.0,0.0
socofing:000064:right_index,peripheral_only,0.4000000059604645,0.05922887715244838,0.1830633736460916,12.274665005368044,0.3177762288294108,9830.0,0.8003816003911197,0.0,0.0,inf,0.9631114854017357,6554.0,0.0,0.08124728382207652,0.2404685374014068,10.901911490051097,0.1095566943998835,6472.0,0.7895823111757636,0.0,0.0,inf,0.9682442449159091,5475.0,0.0
socofing:000064:right_middle,peripheral_only,0.5,0.055783176664314864,0.17330300087206751,12.534967577555186,0.3711160034957177,8192.0,0.8925421796739101,0.0,0.0,inf,0.9708537314302361,8192.0,0.0,0.07970408952015016,0.23622292211262927,10.98519394909152,0.1242992281875407,5242.0,0.8783758282661438,0.0,0.0,inf,0.9702702749456589,5329.0,0.0
socofing:000064:right_ring,peripheral_only,0.6000000238418579,0.04922768050601811,0.16191408794515658,13.077906266925828,0.38922098631503455,6554.0,0.7340250611305237,0.0,0.0,inf,0.9768540164049299,9830.0,0.0,0.07369256077040266,0.22753593271027622,11.325763517533359,0.11859308860329339,4087.0,0.7340250611305237,0.0,0.0,inf,0.9756198762878604,6822.0,0.0
socofing:000064:right_little,peripheral_only,0.699999988079071,0.04405965185793142,0.1435631414684955,13.559589387961601,0.4490952961278711,4915.0,0.79469895362854,0.0,0.0,inf,0.9851334129685908,11469.0,0.0,0.06943754012798753,0.20811740426382563,11.584056727359966,0.1844798167440679,3009.0,0.79469895362854,0.0,0.0,inf,0.9858325545879452,8052.0,0.0
socofing:000066:left_thumb,peripheral_only,0.800000011920929,0.053408176677112576,0.1539018652029563,12.723922483290348,0.5380797066121092,3277.0,0.7172147631645203,0.0,0.0,inf,0.9887967633106268,13107.0,0.0,0.09965003993845249,0.2642492899523019,10.015225229038244,0.2146521412818318,1653.0,0.7172147631645203,0.0,0.0,inf,0.9896734377170012,9893.0,0.0
socofing:000066:left_index,central_only,0.10000000149011612,0.06102851112738318,0.19015837978412117,12.144672251122113,0.2767670125077389,14746.0,0.8943445663899183,0.0,0.0,inf,0.963716819215311,1638.0,0.0,0.0817889374672425,0.23436974447968908,10.87305433759388,0.0778289524025723,9859.0,0.8840378513559699,0.0,0.0,inf,0.963716819215311,1638.0,0.0
socofing:000066:left_middle,central_only,0.20000000298023224,0.06053528984700178,0.18317583466714393,12.179913738161181,0.3088904493993641,13107.0,0.8713618507608771,0.0,0.0,inf,0.9769060666877925,3277.0,0.0,0.08004964473044601,0.22771835929406978,10.966405911893943,0.11244236579385021,8529.0,0.8185598831623793,0.0,0.0,inf,0.9769060666877925,3277.0,0.0
socofing:000066:left_ring,central_only,0.30000001192092896,0.03969345724171556,0.15193510334305377,14.01281073035133,0.3936054899257267,11469.0,0.7875864487141371,0.0,0.0,inf,0.9799121853858691,4915.0,0.0,0.05691547089776113,0.1874201199260397,12.44769666605493,0.1718713620427196,6519.0,0.7875864487141371,0.0,0.0,inf,0.9799121853858691,4915.0,0.0
socofing:000066:left_little,central_only,0.4000000059604645,0.02924244115146789,0.13472418449231682,15.339863754091482,0.5301835827612743,9830.0,0.7519377917051315,0.0,0.0,inf,0.9451481058746701,6554.0,0.0,0.06303228675052869,0.21372027067271174,12.004369368039248,0.13221383606759216,2978.0,0.7519377917051315,0.0,0.0,inf,0.9866113874482938,5176.0,0.0
socofing:000066:right_thumb,central_only,0.5,0.06309351109635575,0.1700176637034474,12.000153038296531,0.4433176615631505,8192.0,0.9452109327539802,0.0,0.0,inf,0.9869495171579717,8192.0,0.0,0.10624277343683979,0.25463908883263175,9.737006006963714,0.18199074735298384,3981.0,0.9452109327539802,0.0,0.0,inf,0.9869495171579717,8192.0,0.0
socofing:000066:right_index,central_only,0.6000000238418579,0.02464045148143401,0.10986332833379857,16.083513389548877,0.6205791333965658,6554.0,0.7784163951873779,0.0,0.0,inf,0.970530152707104,9830.0,0.0,0.06767071425015508,0.22715671945375418,11.695992396054326,0.19210629255391826,1535.0,0.6738091073930264,0.0,0.0,inf,0.9897470395572789,9100.0,0.0
socofing:000066:right_middle,central_only,0.699999988079071,0.032808064265285194,0.11169906982399773,14.840193930124698,0.6578984709376239,4915.0,0.8342514000833035,0.0,0.0,inf,0.9881345283474272,11469.0,0.0,0.09685460532317176,0.25286678153702724,10.138797242593803,0.16198909162430275,1192.0,0.8240566845051944,0.0,0.0,inf,0.9937849457660607,10467.0,0.0
socofing:000066:right_ring,central_only,0.800000011920929,0.004813549606461699,0.04935998763112641,23.175345481655132,0.838456677226967,3277.0,0.6383498758077621,0.0,0.0,inf,0.9932064342966308,13107.0,0.0,0.013746137909854317,0.0816553425543087,18.618193032911897,0.7136122838224757,291.0,0.6383498758077621,0.0,0.0,inf,0.9975705372252863,11572.0,0.0
socofing:000066:right_little,disconnected_fragments,0.10000000149011612,0.053930700713537186,0.17942083464338834,12.681639369518594,0.31030605867173544,14746.0,0.8634673915803432,0.0,0.0,inf,0.8805653067684677,1638.0,0.0,0.07337008962523751,0.21919277491218836,11.344809504124509,0.10716463342244138,8983.0,0.8634673915803432,0.0,0.0,inf,0.9043894523922879,981.0,0.0
socofing:000068:left_thumb,disconnected_fragments,0.20000000298023224,0.069047715159352,0.19658314361625448,11.608506879775026,0.22710842993886762,13107.0,0.9181414227932692,0.0,0.0,inf,0.9521607926950577,3277.0,0.0,0.08218966029166774,0.22739015476817304,10.851828145854876,0.07995921306893006,9562.0,0.8945959769189358,0.0,0.0,inf,0.9506310562071767,3056.0,0.0
socofing:000068:left_index,disconnected_fragments,0.30000001192092896,0.060965568678639726,0.18173768267179863,12.149153708031466,0.3276509795687852,11469.0,0.8918201923370361,0.0,0.0,inf,0.9513646897017837,4915.0,0.0,0.08363361405826061,0.23276358243122572,10.776191356479906,0.12756503649102593,7730.0,0.8918201923370361,0.0,0.0,inf,0.9591364477994443,4552.0,0.0
socofing:000068:left_middle,disconnected_fragments,0.4000000059604645,0.0868391252608837,0.21668627209239474,10.61284559886948,0.22120774013722644,9830.0,0.8968833088874817,0.0,0.0,inf,0.9832093709101639,6554.0,0.0,0.09853326920390142,0.24883705884974125,10.064171076531746,0.09182162018207193,7141.0,0.8871458163484931,0.0,0.0,inf,0.9837731355050668,5521.0,0.0
socofing:000068:left_ring,disconnected_fragments,0.5,0.027276107812479543,0.12275933783342907,15.642176016167426,0.4666054938819557,8192.0,0.8018452487885952,0.0,0.0,inf,0.965845532089559,8192.0,0.0,0.046049876441903156,0.16814509999310182,13.367715307368748,0.17581749567624327,3342.0,0.8018452487885952,0.0,0.0,inf,0.9760900313028625,7549.0,0.0
socofing:000068:left_little,disconnected_fragments,0.6000000238418579,0.08424375668210085,0.20676259266055988,10.744622748955845,0.35462712801872126,6554.0,0.8013854622840881,0.0,0.0,inf,0.9781275542622969,9830.0,0.0,0.11846233224678555,0.27249754948462857,9.264197213663678,0.1492314514305665,3315.0,0.8013854622840881,0.0,0.0,inf,0.9769916030385283,6939.0,0.0
socofing:000068:right_thumb,disconnected_fragments,0.699999988079071,0.08587301068990703,0.21052056747703743,10.661433105600853,0.22657907516082076,4915.0,0.9321451764553785,0.0,0.0,inf,0.9910942386579317,11469.0,0.0,0.10657147716936693,0.25590390900493815,9.72359014497779,0.08734863727418059,3250.0,0.9321451764553785,0.0,0.0,inf,0.9904700729375095,9499.0,0.0
socofing:000068:right_index,disconnected_fragments,0.800000011920929,0.023261433598583674,0.09707912437840592,16.33363523280474,0.6075982033901048,3277.0,0.7547119241207838,0.0,0.0,inf,0.9953679357412143,13107.0,0.0,0.048680354231456675,0.17492329972718665,13.126462702076418,0.2110344268569363,1178.0,0.7547119241207838,0.0,0.0,inf,0.9954956054360923,11043.0,0.0
socofing:000068:right_middle,stripes,0.10000000149011612,0.05332116866773321,0.17610853365976775,12.73100340496258,0.21799388616183998,14746.0,0.917231141589582,0.0,0.0,inf,0.9453616191477638,1638.0,0.0,0.06618287084909241,0.20664278069111386,11.792543981480998,0.05496545680712558,11255.0,0.917231141589582,0.0,0.0,inf,0.9385597636231093,1181.0,0.0
socofing:000068:right_ring,stripes,0.20000000298023224,0.04845433282133119,0.16487806614976086,13.146673819514964,0.25123710631585267,13107.0,0.8585749231278896,0.0,0.0,inf,0.9635987074069492,3277.0,0.0,0.06227354163638459,0.1969520349163265,12.056964342721773,0.05950118724751229,9725.0,0.8585749231278896,0.0,0.0,inf,0.964929522395619,2593.0,0.0
socofing:000068:right_little,stripes,0.30000001192092896,0.04065032930872678,0.15199424239820392,13.909359318316943,0.3628424445068362,11469.0,0.8687342386692762,0.0,0.0,inf,0.9744832544156243,4915.0,0.0,0.06072622826101799,0.20104551575920437,12.16623692305659,0.08667850930892308,7214.0,0.8687342386692762,0.0,0.0,inf,0.976226102184242,3458.0,0.0
socofing:000077:left_thumb,stripes,0.4000000059604645,0.07901305330378833,0.2164428970539641,11.023011554246212,0.16504217007878347,9830.0,0.8496547900140285,0.0,0.0,inf,0.973878677884301,6554.0,0.0,0.09071362905802645,0.24266133863294168,10.423274584743357,0.06182105558625506,8258.0,0.8496547900140285,0.0,0.0,inf,0.9668242747765612,4375.0,0.0
socofing:000077:left_index,stripes,0.5,0.05925861490779205,0.17994318425269284,12.272485037998228,0.2720672693356318,8192.0,0.8972243051975965,0.0,0.0,inf,0.974472933713306,8192.0,0.0,0.07849733237389668,0.23010859259407745,11.051451019169367,0.07208231701529635,5846.0,0.8972243051975965,0.0,0.0,inf,0.9800190785424246,5913.0,0.0
socofing:000077:left_middle,stripes,0.6000000238418579,0.0765289600978451,0.20952541232597893,11.161741879750815,0.22870220662892318,6554.0,0.8873888235539198,0.0,0.0,inf,0.9903260612874404,9830.0,0.0,0.09188813733085471,0.2478252760719535,10.36740551990257,0.07645428219576429,5323.0,0.8873888235539198,0.0,0.0,inf,0.9875421750589899,6442.0,0.0
socofing:000077:left_ring,stripes,0.699999988079071,0.05831244786266758,0.17979925449962214,12.342387272132346,0.24528261289741826,4915.0,0.8450366817414761,0.0,0.0,inf,0.9896773890699047,11469.0,0.0,0.06940362923118094,0.21406599277629948,11.586178189707239,0.08847183053297923,3713.0,0.8450366817414761,0.0,0.0,inf,0.9863620869103203,6708.0,0.0
socofing:000077:left_little,stripes,0.800000011920929,0.07198793517373092,0.21095686054327842,11.427402831037629,0.18105004263105354,3277.0,0.8606659732758999,0.0,0.0,inf,0.9911516839720143,13107.0,0.0,0.07971647461550566,0.23043897515162826,10.984519158030439,0.10196068586307735,2867.0,0.8606659732758999,0.0,0.0,inf,0.9879209694664014,8845.0,0.0
socofing:000077:right_thumb,severe_partial,0.10000000149011612,0.06439005163149718,0.19350600008615687,11.911812266664512,0.22984228404684348,14746.0,0.8861649623140693,0.0,0.0,inf,0.9495545058483476,1638.0,0.0,0.08012264915822954,0.22740026933888158,10.962446997206934,0.07245515349413714,10920.0,0.8861649623140693,0.0,0.0,inf,0.9495545058483476,1638.0,0.0
socofing:000077:right_index,severe_partial,0.20000000298023224,0.06430498499956475,0.19226488229794697,11.917553587416252,0.2859118906851023,13107.0,0.8932231059297919,0.0,0.0,inf,0.9556902065420271,3277.0,0.0,0.08545232595616079,0.2360351599102717,10.682761115719412,0.11202379550939452,9206.0,0.8932231059297919,0.0,0.0,inf,0.9603092327176458,3091.0,0.0
socofing:000077:right_middle,severe_partial,0.30000001192092896,0.07324309039067183,0.19794528184603805,11.352333395300839,0.27474582857150603,11469.0,0.9110850687138736,0.0,0.0,inf,0.9554842873384997,4915.0,0.0,0.09375192588832086,0.2430688530586375,10.280198020633943,0.090465031902547,8006.0,0.9110850687138736,0.0,0.0,inf,0.9546143583864573,4582.0,0.0
socofing:000077:right_ring,random_rectangles,0.10000000149011612,0.06720968249395923,0.20201096382339723,11.725681562499748,0.1719245343614984,14746.0,0.9063966851681471,0.0,0.0,inf,0.8531653874004143,1638.0,0.0,0.07918602276886373,0.2280367950790131,11.013514695475754,0.06119126811802496,11878.0,0.8826962690800428,0.0,0.0,inf,0.6435061959920981,80.0,0.0
socofing:000077:right_little,random_rectangles,0.20000000298023224,0.06974557577726266,0.20755945842330414,11.564833361039925,0.24368655757925645,13107.0,0.7740073651075363,0.0,0.0,inf,0.8975684401241737,3277.0,0.0,0.09700623851945946,0.2615008296241434,10.132003351414392,0.07030165919209967,8413.0,0.7740073651075363,0.0,0.0,inf,0.9325292407306917,364.0,0.0
socofing:000081:left_thumb,random_rectangles,0.30000001192092896,0.08568127340740692,0.22546155029599738,10.671140875811915,0.15399872092461656,11469.0,0.8580474779009819,0.0,0.0,inf,0.9523685401935497,4915.0,0.0,0.09805922440028758,0.2519165280348424,10.085115461296875,0.06260384298316138,9900.0,0.8580474779009819,0.0,0.0,inf,0.9162120947246595,1191.0,0.0
socofing:000081:left_index,random_rectangles,0.4000000059604645,0.0893192330635864,0.23650669963279075,10.490550146386916,0.12066886267174431,9830.0,0.9678467502817512,0.0,0.0,inf,0.9686779312709152,6554.0,0.0,0.09717539388849472,0.2541466170405988,10.12443690333917,0.05454222855143759,8883.0,0.9678467502817512,0.0,0.0,inf,0.9502480586649096,2545.0,0.0
socofing:000081:left_middle,random_rectangles,0.5,0.08904871379326412,0.23419348756056024,10.50372349042086,0.12407165861077737,8192.0,0.9397947769612074,0.0,0.0,inf,0.9732109333488046,8192.0,0.0,0.09494360542076691,0.24778152895627503,10.225342802581343,0.07110088478722479,7670.0,0.9397947769612074,0.0,0.0,inf,0.9492117395822516,4163.0,0.0
socofing:000081:left_ring,random_rectangles,0.6000000238418579,0.07508830295812616,0.21198483256820383,11.244277108838576,0.1873295451075353,6554.0,0.8373222276568413,0.0,0.0,inf,0.9836700615787963,9830.0,0.0,0.08570822329565563,0.23602120022332498,10.669775075914497,0.0945584857200178,5712.0,0.8373222276568413,0.0,0.0,inf,0.9805966624646866,6451.0,0.0
socofing:000081:left_little,random_rectangles,0.699999988079071,0.05236879160037464,0.17557507107680473,12.809274472431394,0.30505059546338015,4915.0,0.8404514715075493,0.0,0.0,inf,0.9754339651842331,11469.0,0.0,0.06469149802260438,0.21067178465553973,11.891527920436483,0.1723825641474916,3958.0,0.8404514715075493,0.0,0.0,inf,0.9577738394672152,6162.0,0.0
socofing:000081:right_thumb,random_rectangles,0.800000011920929,0.06604874167575162,0.20512798466007198,11.801354519099103,0.10666747371882918,3277.0,0.8070031329989433,0.0,0.0,inf,0.9907078807006459,13107.0,0.0,0.06604874167575162,0.20512798466007198,11.801354519099103,0.10666747371882918,3277.0,0.8070031329989433,0.0,0.0,inf,0.9866397753777276,9116.0,0.0
socofing:000081:right_index,irregular,0.10000000149011612,0.055879309921113555,0.18107114610254382,12.527489658238364,0.2758941613951743,14746.0,0.8456180673092604,0.0,0.0,inf,0.8082133262999728,1638.0,0.0,0.07359492282256024,0.22047425155821992,11.3315214580113,0.07937422293289889,10146.0,0.8456180673092604,0.0,0.0,inf,0.8661960234733205,1120.0,0.0
socofing:000081:right_middle,irregular,0.20000000298023224,0.056392528465008425,0.18076447122784672,12.487784325657021,0.2626630571096214,13107.0,0.8435186073184013,0.0,0.0,inf,0.8972661618457053,3277.0,0.0,0.06907660190327615,0.21201099751451694,11.606690348995203,0.11614612425732276,10240.0,0.8435186073184013,0.0,0.0,inf,0.8799863821897622,2053.0,0.0
socofing:000081:right_ring,irregular,0.30000001192092896,0.05032210094737715,0.17147371087292151,12.982412353925683,0.2997470849588252,11469.0,0.8351258784532547,0.0,0.0,inf,0.8384379213165715,4915.0,0.0,0.06887124140461268,0.21034054918940723,11.619620887830244,0.1521321073493181,7758.0,0.8351258784532547,0.0,0.0,inf,0.8525953652919166,2679.0,0.0
socofing:000081:right_little,irregular,0.4000000059604645,0.059760482817437136,0.185715743886413,12.235859024225494,0.2839671956699178,9830.0,0.8648933731019497,0.0,0.0,inf,0.9224309772840487,6554.0,0.0,0.07487085376039565,0.2235732582619402,11.256872145370519,0.13096806896229732,7492.0,0.8648933731019497,0.0,0.0,inf,0.9235485296388491,3611.0,0.0
socofing:000089:left_thumb,irregular,0.5,0.0768592163801014,0.2081675631161488,11.143040477084218,0.25197685076467713,8192.0,0.9539814586751163,0.0,0.0,inf,0.9506658884704315,8192.0,0.0,0.09206576868770909,0.24334252081642044,10.359018164206564,0.13476074651690093,6521.0,0.9539814586751163,0.0,0.0,inf,0.9409180135216851,5708.0,0.0
socofing:000089:left_index,irregular,0.6000000238418579,0.04699418991945613,0.15413900308761727,13.279558323173715,0.41406608829770836,6554.0,0.8696168027818203,0.0,0.0,inf,0.9666539630267055,9830.0,0.0,0.06909501533960416,0.20719325260933558,11.605532824172517,0.1899965717102649,4262.0,0.8696168027818203,0.0,0.0,inf,0.9701060810830638,7603.0,0.0
socofing:000089:left_middle,irregular,0.699999988079071,0.06333822784354531,0.1824310419220754,11.983340920303554,0.3551798122674216,4915.0,0.8605883084237576,0.0,0.0,inf,0.9794603549653921,11469.0,0.0,0.08365180919668566,0.23331924936525603,10.775246618069005,0.18744906609342865,3546.0,0.8605883084237576,0.0,0.0,inf,0.9751236745688874,8761.0,0.0
socofing:000089:left_ring,irregular,0.800000011920929,0.046414569342483024,0.14533019778033082,13.333456747927197,0.4526599205807514,3277.0,0.8355451747775078,0.0,0.0,inf,0.9834261379641932,13107.0,0.0,0.07397648648595533,0.21715916034459146,11.309062993520309,0.2248653541747096,1842.0,0.8355451747775078,0.0,0.0,inf,0.984166644742853,10333.0,0.0
socofing:000089:left_little,central_missing,0.10000000149011612,0.05743604683320763,0.18692360944758202,12.408154590443994,0.25089424237241964,14746.0,0.8547538444399834,0.0,0.0,inf,0.8441969728838485,1638.0,0.0,0.07576902097176064,0.22435999774785076,11.205083243291504,0.07397182355000974,10088.0,0.8547538444399834,0.0,0.0,inf,0.7841560854379708,120.0,0.0
socofing:000089:right_thumb,central_missing,0.20000000298023224,0.08380023341515043,0.22194955366080057,10.767547716946561,0.14888645147459587,13107.0,0.9031071029603481,0.0,0.0,inf,0.9493877504981892,3277.0,0.0,0.09626731604387541,0.2479166727298339,10.165211362515565,0.04765804702640187,11259.0,0.9031071029603481,0.0,0.0,inf,0.9607227512823242,606.0,0.0
socofing:000089:right_index,central_missing,0.30000001192092896,0.06609425583948167,0.20038453210802984,11.798362828081077,0.13627408282010128,11469.0,0.9101097546517849,0.0,0.0,inf,0.9413876169188228,4915.0,0.0,0.0746345871976663,0.21908447694936972,11.27059864913031,0.05904054691650645,9973.0,0.9101097546517849,0.0,0.0,inf,0.8713995098961757,820.0,0.0
socofing:000089:right_middle,central_missing,0.4000000059604645,0.06805287406556362,0.19812453263363444,11.671535285876528,0.14172878292017208,9830.0,0.938798425719142,0.0,0.0,inf,0.9834630062729759,6554.0,0.0,0.07445815860867133,0.21457553294102066,11.280877083268875,0.07319672239846309,8974.0,0.938798425719142,0.0,0.0,inf,0.9673665746549511,2803.0,0.0
socofing:000089:right_ring,central_missing,0.5,0.06937645116785968,0.214456264268847,11.58787919507432,0.04017686085716287,8192.0,0.8653383776545525,0.0,0.0,inf,0.9801554637621948,8192.0,0.0,0.06937645116785968,0.214456264268847,11.58787919507432,0.04017686085716287,8192.0,0.8653383776545525,0.0,0.0,inf,0.954064583615558,3535.0,0.0
socofing:000089:right_little,central_missing,0.6000000238418579,0.10641180521528988,0.2598936034082715,9.730101891889136,0.072903625249045,6554.0,0.9558811774477363,0.0,0.0,inf,0.9824487145152773,9830.0,0.0,0.10731565860062225,0.2618073191508512,9.693369048030277,0.06739221460372993,6498.0,0.9558811774477363,0.0,0.0,inf,0.9588787409619732,3174.0,0.0
socofing:000093:left_thumb,central_missing,0.699999988079071,0.08394948312084087,0.24357113534705913,10.759819734801631,0.06853115154102582,4915.0,0.7333410680294037,0.0,0.0,inf,0.9918107946664285,11469.0,0.0,0.08394948312084087,0.24357113534705913,10.759819734801631,0.06853115154102582,4915.0,0.7333410680294037,0.0,0.0,inf,0.9875517566639189,7545.0,0.0
socofing:000093:left_index,central_missing,0.800000011920929,0.08235100486517327,0.24407855734819656,10.843310971045824,0.09476830134886953,3277.0,0.7143378555774689,0.0,0.0,inf,0.9948400325248851,13107.0,0.0,0.08235100486517327,0.24407855734819656,10.843310971045824,0.09476830134886953,3277.0,0.7143378555774689,0.0,0.0,inf,0.9917862893251966,8234.0,0.0
socofing:000093:left_middle,peripheral_only,0.10000000149011612,0.049090011552719366,0.17410611879950466,13.090068656943519,0.2765023168006703,14746.0,0.7246390134096146,0.0,0.0,inf,0.878999335683847,1638.0,0.0,0.06469912752168533,0.21227719218854174,11.891015758239192,0.0900924801251274,10506.0,0.7246390134096146,0.0,0.0,inf,0.8890800422103985,1596.0,0.0
socofing:000093:left_ring,peripheral_only,0.20000000298023224,0.03985326352873062,0.15382890192072882,13.995361090361008,0.3039692033924753,13107.0,0.8047954998910427,0.0,0.0,inf,0.8990929893392193,3277.0,0.0,0.053794016642884225,0.18849592657428574,12.692660270006623,0.09482478237026379,8818.0,0.8047954998910427,0.0,0.0,inf,0.9400611488863565,2648.0,0.0
socofing:000093:left_little,peripheral_only,0.30000001192092896,0.04186326411680344,0.15912164126333878,13.781669123411147,0.38772593340834205,11469.0,0.7726702615618706,0.0,0.0,inf,0.9222135801818285,4915.0,0.0,0.06521467745372629,0.21059328472567873,11.856546493632932,0.13964683030616182,6477.0,0.7726702615618706,0.0,0.0,inf,0.9485081315596169,3223.0,0.0
socofing:000093:right_thumb,peripheral_only,0.4000000059604645,0.05130891636781352,0.16987004497781064,12.898071574445687,0.31939372446265224,9830.0,0.8462418839335442,0.0,0.0,inf,0.965538373470843,6554.0,0.0,0.06884087205696388,0.21613938461884982,11.621536367882822,0.12260669585399672,6776.0,0.8462418839335442,0.0,0.0,inf,0.966255517003703,5393.0,0.0
socofing:000093:right_index,peripheral_only,0.5,0.04595949455430748,0.15340107159028094,13.376247561691791,0.39234947004100185,8192.0,0.8958533369004726,0.0,0.0,inf,0.9735859114840213,8192.0,0.0,0.06989874805984775,0.21388895988185264,11.555306027316991,0.13007470468777343,5199.0,0.8958533369004726,0.0,0.0,inf,0.9761272588085773,6613.0,0.0
socofing:000093:right_middle,peripheral_only,0.6000000238418579,0.04298061930283861,0.15543627153998504,13.667273310998635,0.34540792644526846,6554.0,0.8165940009057522,0.0,0.0,inf,0.9805535282191874,9830.0,0.0,0.05819985798978436,0.19807998735282673,12.350780750464736,0.15927546160668055,4641.0,0.8165940009057522,0.0,0.0,inf,0.981264049172918,7839.0,0.0
socofing:000093:right_ring,peripheral_only,0.699999988079071,0.03938950752305087,0.13975573858873405,14.046194490298658,0.3838844623364143,4915.0,0.7083817720413208,0.0,0.0,inf,0.9832430564672404,11469.0,0.0,0.060361042837603976,0.19874864896432962,12.192432656707252,0.1226351952492384,3087.0,0.7083817720413208,0.0,0.0,inf,0.983489457326416,8921.0,0.0
socofing:000093:right_little,peripheral_only,0.800000011920929,0.04336796275495551,0.1449664487167545,13.628309787057928,0.4922061124704876,3277.0,0.7616831585764885,0.0,0.0,inf,0.9875259529558518,13107.0,0.0,0.07568455219685985,0.22849559021979962,11.209927543213736,0.17516559766836923,1783.0,0.7616831585764885,0.0,0.0,inf,0.9886990739455811,8866.0,0.0
socofing:000096:left_thumb,central_only,0.10000000149011612,0.06957413117892497,0.2023532231605542,11.575522083004891,0.26671485097948333,14746.0,0.884894073009491,0.0,0.0,inf,0.9705242374757224,1638.0,0.0,0.09334170627666737,0.24904861322879707,10.299242645204123,0.07510048433058342,9976.0,0.884894073009491,0.0,0.0,inf,0.9705242374757224,1638.0,0.0
socofing:000096:left_index,central_only,0.20000000298023224,0.04460620645628589,0.1651161035336014,13.506047098486443,0.4042088478170153,13107.0,0.7648755013942719,0.0,0.0,inf,0.9642397505161012,3277.0,0.0,0.06500245889587196,0.2118447761675534,11.870702146692878,0.1633585705077483,6971.0,0.7348066568374634,0.0,0.0,inf,0.9642397505161012,3277.0,0.0
socofing:000096:left_middle,central_only,0.30000001192092896,0.026340216414078868,0.1263074662582831,15.793806611489444,0.44868014231238246,11469.0,0.7333750575780869,0.0,0.0,inf,0.9794036763441957,4915.0,0.0,0.03953315590378227,0.16173111614792787,14.03038514852832,0.18001343403591455,5821.0,0.7333750575780869,0.0,0.0,inf,0.9794036763441957,4915.0,0.0
socofing:000096:left_ring,central_only,0.4000000059604645,0.026206945535928342,0.12054767323277003,15.815835938642945,0.5002746858561341,9830.0,0.6635532826185226,0.0,0.0,inf,0.9528941417404074,6554.0,0.0,0.04997073710465561,0.1773584603341395,13.012842443512193,0.12236591039263474,4057.0,0.6635532826185226,0.0,0.0,inf,0.9843682221141594,5650.0,0.0
socofing:000096:left_little,central_only,0.5,0.02264983242999287,0.11444592579937307,16.449350066753716,0.6102971514758804,8192.0,0.6323154270648956,0.0,0.0,inf,0.9489556397161136,8192.0,0.0,0.057238860923746006,0.1939936152633342,12.423090174603718,0.15962322510645596,1790.0,0.6323154270648956,0.0,0.0,inf,0.9871521281601754,6223.0,0.0
socofing:000096:right_thumb,central_only,0.6000000238418579,0.02540410571344058,0.10522487537111481,15.950960887109357,0.5914761033056445,6554.0,0.9087235908955336,0.0,0.0,inf,0.9850146849081988,9830.0,0.0,0.04204489451656393,0.14619979920247808,13.762867327531058,0.2684950812923104,2262.0,0.8826551432721317,0.0,0.0,inf,0.9882480299920887,9703.0,0.0
socofing:000096:right_index,central_only,0.699999988079071,0.014806748886229756,0.08065764235023747,18.2954028893111,0.7239026555287498,4915.0,0.7129768058657646,0.0,0.0,inf,0.9846401755498011,11469.0,0.0,0.04380717557306428,0.16323415358971444,13.584547466523402,0.36015225179063526,806.0,0.6991651635617018,0.0,0.0,inf,0.9942508706499804,9476.0,0.0
socofing:000096:right_middle,central_only,0.800000011920929,0.035207901107572534,0.11343872730330606,14.53359864295596,0.6210133475517778,3277.0,0.7886678539216518,0.0,0.0,inf,0.9939015056184526,13107.0,0.0,0.09109087122066208,0.24856443571853487,10.405251441811599,0.18123164562896737,806.0,0.7886678539216518,0.0,0.0,inf,0.9960594003975551,11723.0,0.0
socofing:000096:right_ring,disconnected_fragments,0.10000000149011612,0.059401861061554755,0.1874391192796875,12.261999483504166,0.2726907705954776,14746.0,0.8976526847109199,0.0,0.0,inf,0.8968619489646126,1638.0,0.0,0.0774259689398387,0.22738702418690704,11.111133510006601,0.09122666604504057,10270.0,0.8976526847109199,0.0,0.0,inf,0.9067019804749136,1595.0,0.0
socofing:000096:right_little,disconnected_fragments,0.20000000298023224,0.05072553390935211,0.17573715663051254,12.947733731232972,0.3115845479149291,13107.0,0.9042508564889431,0.0,0.0,inf,0.8921190303462603,3277.0,0.0,0.07198892526106647,0.22558411640743758,11.427343100680247,0.09835542668184384,8364.0,0.9042508564889431,0.0,0.0,inf,0.9413519770104231,1930.0,0.0
socofing:000097:left_thumb,disconnected_fragments,0.30000001192092896,0.04201829735228887,0.15474440091366642,13.765615498712185,0.3643628386540684,11469.0,0.7473051846027374,0.0,0.0,inf,0.948951318416595,4915.0,0.0,0.061108480707104305,0.2009524734374801,12.13898513673779,0.12940528926305223,7000.0,0.7473051846027374,0.0,0.0,inf,0.9683378525760394,3939.0,0.0
socofing:000097:left_index,disconnected_fragments,0.4000000059604645,0.0439599208004884,0.15804652041155895,13.569430986858046,0.3994803062991858,9830.0,0.798229843378067,0.0,0.0,inf,0.9791824146546931,6554.0,0.0,0.07150357612693004,0.2217038449675555,11.456722371729885,0.11723563498278139,5256.0,0.798229843378067,0.0,0.0,inf,0.984279801052394,4951.0,0.0
socofing:000097:left_middle,disconnected_fragments,0.5,0.05172707103906379,0.16292712265567388,12.86282112110635,0.36845516440682613,8192.0,0.877619557082653,0.0,0.0,inf,0.9770339978538172,8192.0,0.0,0.07551319458856681,0.2266035809199761,11.219771564987704,0.10110604600833202,4880.0,0.8684245273470879,0.0,0.0,inf,0.9842726541741169,4210.0,0.0
socofing:000097:left_ring,disconnected_fragments,0.6000000238418579,0.04589480762580391,0.14893120428117268,13.382364462060707,0.516303334621735,6554.0,0.7875019311904907,0.0,0.0,inf,0.9800543322426996,9830.0,0.0,0.09343818003751136,0.25397642138172666,10.294756292145912,0.17757625006678726,2006.0,0.7875019311904907,0.0,0.0,inf,0.987102430849954,7481.0,0.0
socofing:000097:left_little,disconnected_fragments,0.699999988079071,0.024088506931698606,0.10802200695657051,16.181901178688097,0.6480324884806412,4915.0,0.6747916638851166,0.0,0.0,inf,0.9756115299173587,11469.0,0.0,0.09807339351146789,0.2689077957398503,10.084487970890097,0.2554092048453245,608.0,0.6747916638851166,0.0,0.0,inf,0.9820721651727623,6613.0,0.0
socofing:000097:right_thumb,disconnected_fragments,0.800000011920929,0.058611146593783636,0.16632990461473202,12.320197825514562,0.4149870677717085,3277.0,0.9504470219835639,0.0,0.0,inf,0.997100225268982,13107.0,0.0,0.09071742518234534,0.2368297800671093,10.42309284784595,0.13383722757244326,1998.0,0.9504470219835639,0.0,0.0,inf,0.9965112020845857,9634.0,0.0
socofing:000097:right_index,stripes,0.10000000149011612,0.07385649233601775,0.20975329541699386,11.3161132212893,0.2536587050269535,14746.0,0.9071633219718933,0.0,0.0,inf,0.909395193433549,1638.0,0.0,0.0995606416173509,0.2591863735841496,10.019123132488893,0.06511703953362011,9968.0,0.9071633219718933,0.0,0.0,inf,0.9699825176431914,703.0,0.0
socofing:000097:right_middle,stripes,0.20000000298023224,0.06094257904622475,0.19000947745663982,12.150791706935314,0.2530503753751544,13107.0,0.8911515437066555,0.0,0.0,inf,0.9672192137595619,3277.0,0.0,0.0782536604914319,0.23195226921280174,11.064953382026294,0.08275983080100234,9893.0,0.8911515437066555,0.0,0.0,inf,0.9515327506106592,1133.0,0.0
socofing:000097:right_ring,stripes,0.30000001192092896,0.05821768845727073,0.18349041931137244,12.349450422874785,0.2665076410226543,11469.0,0.8408254943788052,0.0,0.0,inf,0.9562620988326352,4915.0,0.0,0.07460496545934349,0.22498842006774591,11.272322663634224,0.09086349197574103,8687.0,0.8408254943788052,0.0,0.0,inf,0.9530091801809564,2634.0,0.0
socofing:000097:right_little,stripes,0.4000000059604645,0.043155913523399966,0.15712415711221875,13.649596858209351,0.3588410927765765,9830.0,0.7281462997198105,0.0,0.0,inf,0.919374262882166,6554.0,0.0,0.06673960044521379,0.2155449059177237,11.756163976955847,0.11510011699543454,5955.0,0.7281462997198105,0.0,0.0,inf,0.9274731644576382,2437.0,0.0
socofing:000103:left_thumb,stripes,0.5,0.035278152988297055,0.136210766213253,14.524941607281065,0.3680700600238982,8192.0,0.731171129271388,0.0,0.0,inf,0.9712509351142885,8192.0,0.0,0.04861044622082113,0.17147239488054916,13.13270392289974,0.13482258665114172,5404.0,0.731171129271388,0.0,0.0,inf,0.9740118705885971,5867.0,0.0
socofing:000103:left_index,stripes,0.6000000238418579,0.080218524688557,0.21671638584181072,10.957253294587169,0.212636352294388,6554.0,0.9257908458821476,0.0,0.0,inf,0.9818928018548437,9830.0,0.0,0.09291529903931599,0.24763111439655777,10.31912771029898,0.09971238904924218,5371.0,0.9257908458821476,0.0,0.0,inf,0.9750517317717655,6574.0,0.0
socofing:000103:left_middle,stripes,0.699999988079071,0.038447920592502856,0.13852169130865336,14.151271434990143,0.4740513790751944,4915.0,0.7506679818034172,0.0,0.0,inf,0.9897941710696313,11469.0,0.0,0.0694987406478009,0.21749961455080424,11.580230649734276,0.17718222034316508,2207.0,0.7506679818034172,0.0,0.0,inf,0.9906689153547447,9404.0,0.0
socofing:000103:left_ring,stripes,0.800000011920929,0.04498471452333771,0.14902698859370062,13.469350312442012,0.38663588022115886,3277.0,0.8570996485650539,0.0,0.0,inf,0.9869363355935545,13107.0,0.0,0.0684730138532752,0.21048615493803394,11.64480556154289,0.16515094585239756,2026.0,0.8570996485650539,0.0,0.0,inf,0.983929671607727,10010.0,0.0
socofing:000103:left_little,severe_partial,0.10000000149011612,0.08228650100155671,0.2181402538399628,10.84671404415678,0.27852245414250765,14746.0,0.7791319787502289,0.0,0.0,inf,0.7346486357875393,1638.0,0.0,0.11849557068946477,0.27637044290922946,9.26297883080677,0.10686719592010921,8932.0,0.7791319787502289,0.0,0.0,inf,0.6793502623242265,152.0,0.0
socofing:000103:right_thumb,severe_partial,0.20000000298023224,0.08605800571254023,0.2187898359157357,10.652087223723862,0.25531899813127024,13107.0,0.9260199069976807,0.0,0.0,inf,0.9529692774434377,3277.0,0.0,0.11065924017007056,0.2684989202785089,9.560123161486011,0.07990253322322917,9218.0,0.9260199069976807,0.0,0.0,inf,0.952663702703291,3112.0,0.0
socofing:000103:right_index,severe_partial,0.30000001192092896,0.08400990967481929,0.2185928306021985,10.756694822327411,0.2820598705227956,11469.0,0.9308059215545654,0.0,0.0,inf,0.9784280790542481,4915.0,0.0,0.11078705029238685,0.2662387279630995,9.55511000575413,0.09527536425361535,6666.0,0.9308059215545654,0.0,0.0,inf,0.9763069194942018,4306.0,0.0
socofing:000103:right_middle,random_rectangles,0.10000000149011612,0.07478993023207985,0.21555994348130614,11.261568719087592,0.16097984761910372,14746.0,0.8818444572389126,0.0,0.0,inf,0.8372145004004264,1638.0,0.0,0.08878249278120738,0.24301739072530137,10.516726652813155,0.047698038156334714,11485.0,0.8818444572389126,0.0,0.0,inf,0.7990188629776549,230.0,0.0
socofing:000103:right_ring,random_rectangles,0.20000000298023224,0.07677673546975841,0.21670253467657616,11.147703579337882,0.1343521742623035,13107.0,0.9494921546429396,0.0,0.0,inf,0.8745220987294045,3277.0,0.0,0.08274518483124159,0.23398901558239726,10.822572696013843,0.05605357322213456,11102.0,0.9478448629379272,0.0,0.0,inf,0.7650569055725949,433.0,0.0
socofing:000103:right_little,random_rectangles,0.30000001192092896,0.13058528942862824,0.28343898433552384,8.841057440395584,0.2477041785887938,11469.0,0.8405130058526993,0.0,0.0,inf,0.8415852352071509,4915.0,0.0,0.1761335669688249,0.35020885870962665,7.541578696991781,0.1291526139164634,6220.0,0.8405130058526993,0.0,0.0,inf,0.8273466093525267,1431.0,0.0
socofing:000107:left_thumb,random_rectangles,0.4000000059604645,0.08335372094190395,0.2222987368096534,10.790750083318756,0.12327907257470802,9830.0,0.9406775827519596,0.0,0.0,inf,0.9581251921778658,6554.0,0.0,0.08964646723219774,0.23759422537397507,10.474668203437714,0.06201043928585297,8957.0,0.9406775827519596,0.0,0.0,inf,0.9392674586618701,2450.0,0.0
socofing:000107:left_index,random_rectangles,0.5,0.06449734954380221,0.20326238976502964,11.904581319097264,0.17057155434614446,8192.0,0.824401255697012,0.0,0.0,inf,0.9734623294720777,8192.0,0.0,0.07142774487134065,0.22208391547577208,11.461330612767359,0.09936612527689415,7383.0,0.824401255697012,0.0,0.0,inf,0.9556087576940789,3502.0,0.0
socofing:000107:left_middle,random_rectangles,0.6000000238418579,0.059517380404663464,0.18034779356610967,12.253561920595553,0.2516649000288775,6554.0,0.9167870879173279,0.0,0.0,inf,0.9739647730551202,9830.0,0.0,0.07387622648787066,0.21266011552051128,11.31495295924661,0.12509292243550468,5170.0,0.9167870879173279,0.0,0.0,inf,0.9758335624660777,5768.0,0.0
socofing:000107:left_ring,random_rectangles,0.699999988079071,0.0571368027845671,0.18362176098859853,12.430840651760349,0.2599751681470535,4915.0,0.7905276399105787,0.0,0.0,inf,0.9832815008695985,11469.0,0.0,0.07334833640012339,0.2242651166699514,11.346097318607775,0.10928596750792086,3763.0,0.7905276399105787,0.0,0.0,inf,0.9815601237294338,6336.0,0.0
socofing:000107:left_little,random_rectangles,0.800000011920929,0.05553018918990993,0.19888689782033364,12.554708468949114,0.07890557345360863,3277.0,0.6720552891492844,0.0,0.0,inf,0.9942799499840367,13107.0,0.0,0.05553018918990993,0.19888689782033364,12.554708468949114,0.07890557345360863,3277.0,0.6720552891492844,0.0,0.0,inf,0.9866239615416182,5605.0,0.0
socofing:000107:right_thumb,irregular,0.10000000149011612,0.07148906285002268,0.20740031730339425,11.457603960620325,0.21687492328327668,14746.0,0.9316657176241279,0.0,0.0,inf,0.8843048543453379,1638.0,0.0,0.08884965909935282,0.24717996941279013,10.51344234167672,0.05900094160692416,11023.0,0.9306489820592105,0.0,0.0,inf,0.9039794777201432,742.0,0.0
socofing:000107:right_index,irregular,0.20000000298023224,0.05754985571460064,0.18677610508921216,12.399557608687907,0.2962851504630497,13107.0,0.8843515510670841,0.0,0.0,inf,0.7905104109197706,3277.0,0.0,0.08043537981079378,0.2375902464275943,10.945528831312828,0.09112135489635483,8287.0,0.8843515510670841,0.0,0.0,inf,0.8058068681833258,865.0,0.0
socofing:000107:right_middle,irregular,0.30000001192092896,0.057021785132753314,0.18096010316097852,12.439591907240564,0.28016784220856955,11469.0,0.9362690444104373,0.0,0.0,inf,0.9029285231806997,4915.0,0.0,0.06984551293239732,0.21552088473859357,11.558614889240816,0.12331435408834314,8682.0,0.9362690444104373,0.0,0.0,inf,0.894830822431347,3820.0,0.0
socofing:000107:right_ring,irregular,0.4000000059604645,0.041808502914680384,0.15350778631653755,13.787353834549407,0.44936759401199444,9830.0,0.790497540961951,0.0,0.0,inf,0.8920377435830852,6554.0,0.0,0.07254130562416015,0.22548298938516553,11.394146320990446,0.14717520040417753,4382.0,0.765242516528815,0.0,0.0,inf,0.9534441403299669,4326.0,0.0
socofing:000107:right_little,irregular,0.5,0.035548407268629616,0.14514341356988325,14.491798528791113,0.4543752899358247,8192.0,0.7236725613474846,0.0,0.0,inf,0.8848880707033003,8192.0,0.0,0.061433590237442486,0.20944173947485992,12.115941033561985,0.1810026322874576,3423.0,0.7236725613474846,0.0,0.0,inf,0.921424571834111,3656.0,0.0
socofing:000112:left_thumb,irregular,0.6000000238418579,0.05437270829605112,0.1676009969753411,12.64619034319666,0.3419994298872354,6554.0,0.8318309178575873,0.0,0.0,inf,0.9665751614463217,9830.0,0.0,0.07150925077227996,0.21226652458545478,11.456377721922319,0.16609634517833738,4527.0,0.8318309178575873,0.0,0.0,inf,0.9634142706447494,6131.0,0.0
socofing:000112:left_index,irregular,0.699999988079071,0.03716398570195399,0.14108109297439275,14.298777156810388,0.3621553643652571,4915.0,0.7616933435201645,0.0,0.0,inf,0.9735574097362563,11469.0,0.0,0.047094790736643355,0.16996203275415006,13.270271285281755,0.23019695599718115,3813.0,0.7616933435201645,0.0,0.0,inf,0.9675337948715258,6631.0,0.0
socofing:000112:left_middle,irregular,0.800000011920929,0.021357267645508767,0.09566798383755985,16.704543098074353,0.5619143389168361,3277.0,0.6517598479986191,0.0,0.0,inf,0.9835895103687982,13107.0,0.0,0.038612518042272996,0.14656874024875205,14.132718757598933,0.28408144214818787,1657.0,0.6517598479986191,0.0,0.0,inf,0.9857538545361707,8540.0,0.0
socofing:000112:left_ring,central_missing,0.10000000149011612,0.04340805118419712,0.16146952295002615,13.624297114879052,0.3318880346696665,14746.0,0.7256172746419907,0.0,0.0,inf,0.9127769674162995,1638.0,0.0,0.057675660358647525,0.19384564528011447,12.390074243148899,0.09637014685270942,8298.0,0.7256172746419907,0.0,0.0,inf,0.8934242371485153,228.0,0.0
socofing:000112:left_little,central_missing,0.20000000298023224,0.04470995839142378,0.16511803210643405,13.495957343006879,0.31059840256803045,13107.0,0.7352539300918579,0.0,0.0,inf,0.9269636770595153,3277.0,0.0,0.06426708313951857,0.20808064239539095,11.920114107657852,0.0872322241268809,7735.0,0.7352539300918579,0.0,0.0,inf,0.9118685565911041,324.0,0.0
socofing:000112:right_thumb,central_missing,0.30000001192092896,0.11728141952486758,0.290991743325837,9.307707861537827,0.0552312243526238,11469.0,0.9747977843508124,0.0,0.0,inf,0.9198505734300493,4915.0,0.0,0.11824695391491909,0.29438085643214756,9.272100380318513,0.03430058248011532,11036.0,0.956601261626929,0.0,0.0,inf,0.8612661813377788,1711.0,0.0
socofing:000112:right_index,central_missing,0.4000000059604645,0.07592146811757686,0.2313770844779685,11.196354024090345,0.07728852282399397,9830.0,0.9440317153930664,0.0,0.0,inf,0.960529401947151,6554.0,0.0,0.07634303910078111,0.23264667037031403,11.172305554371176,0.06532766477677897,9644.0,0.9440317153930664,0.0,0.0,inf,0.8987654170221965,2082.0,0.0
socofing:000112:right_middle,central_missing,0.5,0.05011854782437737,0.1711892219431661,13.000015210976077,0.1660544913642151,8192.0,0.8700300380587578,0.0,0.0,inf,0.9768347137241604,8192.0,0.0,0.055798838308891374,0.18727765568041133,12.533748426625994,0.08358469815420304,7338.0,0.8700300380587578,0.0,0.0,inf,0.9445640241160411,2596.0,0.0
socofing:000112:right_ring,central_missing,0.6000000238418579,0.03725332656175962,0.14776027339284964,14.288349405556637,0.12887153089233394,6554.0,0.7526939511299133,0.0,0.0,inf,0.9886679761058987,9830.0,0.0,0.040130055678962294,0.1573661698165549,13.965302376982741,0.09948270777231755,6066.0,0.7526939511299133,0.0,0.0,inf,0.9815766227490579,4560.0,0.0
socofing:000112:right_little,central_missing,0.699999988079071,0.05183953568152859,0.1873435702080159,12.853388970266037,0.07791651457466947,4915.0,0.6538654267787933,0.0,0.0,inf,0.9902680916139445,11469.0,0.0,0.05183953568152859,0.1873435702080159,12.853388970266037,0.07791651457466947,4915.0,0.6538654267787933,0.0,0.0,inf,0.9811968906200015,5936.0,0.0
socofing:000115:left_thumb,central_missing,0.800000011920929,0.06954504904599725,0.2224601947102522,11.57733782257668,0.07126881092877495,3277.0,0.7413060963153839,0.0,0.0,inf,0.994212856867231,13107.0,0.0,0.06954504904599725,0.2224601947102522,11.57733782257668,0.07126881092877495,3277.0,0.7413060963153839,0.0,0.0,inf,0.9911594306478785,8580.0,0.0
socofing:000115:left_index,peripheral_only,0.10000000149011612,0.04113647026377728,0.15787517078185223,13.857729759064817,0.3157196513675198,14746.0,0.8919022064656019,0.0,0.0,inf,0.790170386802758,1638.0,0.0,0.056550025941328415,0.19353494315992836,12.475671915135356,0.09624626408451793,9489.0,0.8919022064656019,0.0,0.0,inf,0.8484811195338637,1311.0,0.0
socofing:000115:left_middle,peripheral_only,0.20000000298023224,0.04162371682403413,0.15792910480190234,13.806591417097934,0.3412806023225673,13107.0,0.7370732352137566,0.0,0.0,inf,0.8425453235571171,3277.0,0.0,0.06034052920417319,0.1991372326511056,12.193908852540966,0.11414687388858244,8108.0,0.7370732352137566,0.0,0.0,inf,0.8930659150871801,2435.0,0.0
socofing:000115:left_ring,peripheral_only,0.30000001192092896,0.04450010319439644,0.15556731116145522,13.516389819021025,0.35337300602012084,11469.0,0.8138508647680283,0.0,0.0,inf,0.8953450789165789,4915.0,0.0,0.06695871711296451,0.20951042985718005,11.741928757450491,0.11261865104592421,7156.0,0.8138508647680283,0.0,0.0,inf,0.9221436469622096,3495.0,0.0
socofing:000115:left_little,peripheral_only,0.4000000059604645,0.038859377091489955,0.14487847622710404,14.105041653393467,0.3899870604837262,9830.0,0.7903377935290337,0.0,0.0,inf,0.9054377864384041,6554.0,0.0,0.06239214029091543,0.20194862579143144,12.048701161392943,0.10429610778597254,5533.0,0.7903377935290337,0.0,0.0,inf,0.9211770228100474,3232.0,0.0
socofing:000115:right_thumb,peripheral_only,0.5,0.04442839816532207,0.15138557089659344,13.523393446592484,0.34961205072480844,8192.0,0.8576326295733452,0.0,0.0,inf,0.9750911561416122,8192.0,0.0,0.060995175189987656,0.19607997640292507,12.147045169767182,0.1236521981076959,5567.0,0.8576326295733452,0.0,0.0,inf,0.9742844314822829,6352.0,0.0
socofing:000115:right_index,peripheral_only,0.6000000238418579,0.03705939360755004,0.14139213178904775,14.311016911976246,0.40026760256544386,6554.0,0.6490732133388519,0.0,0.0,inf,0.9726228592443065,9830.0,0.0,0.05582449757296536,0.19602953520566627,12.531751769402796,0.1473466224787718,4069.0,0.6490732133388519,0.0,0.0,inf,0.9752940169428338,7341.0,0.0
socofing:000115:right_middle,peripheral_only,0.699999988079071,0.044326100482909706,0.15139510550726648,13.533404733757251,0.37268992195934203,4915.0,0.7388210594654083,0.0,0.0,inf,0.9817820532068297,11469.0,0.0,0.06504305950234981,0.20794949300591867,11.867990385434924,0.1443199998340959,3177.0,0.7388210594654083,0.0,0.0,inf,0.9816032114563351,8616.0,0.0
socofing:000115:right_ring,peripheral_only,0.800000011920929,0.0458515419950796,0.16025194741255777,13.386460543517934,0.3362439550841605,3277.0,0.804519884288311,0.0,0.0,inf,0.9891570866075657,13107.0,0.0,0.06037422919633079,0.2027571404794269,12.191484008850209,0.15168352767341095,2215.0,0.804519884288311,0.0,0.0,inf,0.9856914082002667,6989.0,0.0
socofing:000115:right_little,central_only,0.10000000149011612,0.045857245356007874,0.17252751486227508,13.385920368851103,0.3367182343481501,14746.0,0.8214119598269463,0.0,0.0,inf,0.9681088846977506,1638.0,0.0,0.06282536619336739,0.20801222782794238,12.018649713339496,0.12829460279797458,9296.0,0.8214119598269463,0.0,0.0,inf,0.9681088846977506,1638.0,0.0
socofing:000118:left_thumb,central_only,0.20000000298023224,0.04235987988358121,0.15271388471895092,13.73045280055861,0.40548813922816684,13107.0,0.8572483211755753,0.0,0.0,inf,0.969228533747699,3277.0,0.0,0.0643687610699831,0.19142047313600555,11.913248498215962,0.13432113866148043,6666.0,0.8572483211755753,0.0,0.0,inf,0.969228533747699,3277.0,0.0
socofing:000118:left_index,central_only,0.30000001192092896,0.0343310695323593,0.13836961502675577,14.64312666578138,0.5100385721973827,11469.0,0.8336271494626999,0.0,0.0,inf,0.9571113370070137,4915.0,0.0,0.05622513930491924,0.1719772268398837,12.500694598712936,0.173352295482747,4141.0,0.8336271494626999,0.0,0.0,inf,0.972749728976184,4775.0,0.0
socofing:000118:left_middle,central_only,0.4000000059604645,0.04485643498219774,0.15118694365070043,13.481752454450477,0.4959879474574439,9830.0,0.7543360739946365,0.0,0.0,inf,0.9804004190005945,6554.0,0.0,0.07007955856893006,0.19821720397733944,11.54408642451871,0.24626727284206418,3760.0,0.7543360739946365,0.0,0.0,inf,0.9804004190005945,6554.0,0.0
socofing:000118:left_ring,central_only,0.5,0.024746105721440703,0.11534421255964844,16.06493135993396,0.6473155425701911,8192.0,0.7795373946428299,0.0,0.0,inf,0.9495087755952403,8192.0,0.0,0.06660443478222815,0.2015216330837267,11.764968528517954,0.21524498378883833,1655.0,0.7795373946428299,0.0,0.0,inf,0.9847104401311222,6613.0,0.0
socofing:000118:left_little,central_only,0.6000000238418579,0.044137354981887256,0.1305298924327879,13.551936963485769,0.6184585359292591,6554.0,0.7965847104787827,0.0,0.0,inf,0.9644204978801435,9830.0,0.0,0.1408423689616339,0.2830061278124671,8.512666787288557,0.21877960640640667,971.0,0.7965847104787827,0.0,0.0,inf,0.989512413793037,7051.0,0.0
socofing:000118:right_thumb,central_only,0.699999988079071,0.03745908476168333,0.12159337498814186,14.264428379540107,0.5535365547846401,4915.0,0.8380754571408033,0.0,0.0,inf,0.9789371761961911,11469.0,0.0,0.07773638261119126,0.21175881284097695,11.093756727162102,0.18067513910059263,1460.0,0.8380754571408033,0.0,0.0,inf,0.9880937341035487,9897.0,0.0
socofing:000118:right_index,central_only,0.800000011920929,0.02136140419729189,0.08711448711319521,16.703702022478303,0.7388397438078054,3277.0,0.7613110095262527,0.0,0.0,inf,0.9908143367066526,13107.0,0.0,0.07021105085626668,0.2064794488011686,11.53594526784973,0.40585764082973874,661.0,0.7613110095262527,0.0,0.0,inf,0.9925299393849154,10432.0,0.0
socofing:000118:right_middle,disconnected_fragments,0.10000000149011612,0.03321168809597421,0.13538439324885812,14.787090493599319,0.3834032983709893,14746.0,0.8190471827983856,0.0,0.0,inf,0.8993056091845786,1638.0,0.0,0.04273836475411651,0.1555131585432669,13.691820987337165,0.2119716312327589,9172.0,0.8190471827983856,0.0,0.0,inf,0.9001148571536195,1555.0,0.0
socofing:000118:right_ring,disconnected_fragments,0.20000000298023224,0.026625451170966843,0.1279044100032606,15.747030243268709,0.48164673352484005,13107.0,0.7092408537864685,0.0,0.0,inf,0.9125653828583048,3277.0,0.0,0.04116430387414261,0.15542203510171443,13.854792245054632,0.16773899898451625,5799.0,0.7092408537864685,0.0,0.0,inf,0.9490662081255956,2773.0,0.0
socofing:000118:right_little,disconnected_fragments,0.30000001192092896,0.03983917686908273,0.1454102216433477,13.99689643263104,0.42169037505239837,11469.0,0.74764284491539,0.0,0.0,inf,0.926037155921514,4915.0,0.0,0.05816276592270079,0.18610577112798585,12.353549488408373,0.10850789198889871,5166.0,0.74764284491539,0.0,0.0,inf,0.9569710752013392,2389.0,0.0
socofing:000132:left_thumb,disconnected_fragments,0.4000000059604645,0.07308407044669345,0.1950299993125174,11.361772724400726,0.277055825834442,9830.0,0.9561031460762024,0.0,0.0,inf,0.9715262547282535,6554.0,0.0,0.09518565460449696,0.24178900609825826,10.214284990478168,0.08249687859449474,6719.0,0.9561031460762024,0.0,0.0,inf,0.9731773664765654,5647.0,0.0
socofing:000132:left_index,disconnected_fragments,0.5,0.039651594180945736,0.1417752972433277,14.01739347310565,0.48861703631255954,8192.0,0.8759695286862552,0.0,0.0,inf,0.9743227605894748,8192.0,0.0,0.07531589205364285,0.22550143493573738,11.231133756852165,0.1257559711754572,3911.0,0.8759695286862552,0.0,0.0,inf,0.9824826996465326,6463.0,0.0
socofing:000132:left_middle,disconnected_fragments,0.6000000238418579,0.06180789687015861,0.1763777833335047,12.08956033842641,0.3384102287285452,6554.0,0.8643951993435621,0.0,0.0,inf,0.9819685879877019,9830.0,0.0,0.09088297361511287,0.2456203754066365,10.415174716472793,0.10117872585736758,4078.0,0.8592816581949592,0.0,0.0,inf,0.9822346563356846,7902.0,0.0
socofing:000132:left_ring,disconnected_fragments,0.699999988079071,0.05900418765783343,0.1728754518947745,12.29117164423112,0.35443486831716936,4915.0,0.8847088143229485,0.0,0.0,inf,0.9895622311926975,11469.0,0.0,0.0923933456815294,0.24833904230101336,10.343593062458996,0.10662571142229268,2844.0,0.8847088143229485,0.0,0.0,inf,0.9921662471928036,8688.0,0.0
socofing:000132:left_little,disconnected_fragments,0.800000011920929,0.006866359441261698,0.05851575609002129,21.63273465799492,0.6822567045760363,3277.0,0.5279263556003571,0.0,0.0,inf,0.9893806414361593,13107.0,0.0,0.012743737265569013,0.07977965646162502,18.947031908549008,0.398029119568103,589.0,0.5279263556003571,0.0,0.0,inf,0.9939392699539286,10627.0,0.0
socofing:000132:right_thumb,stripes,0.10000000149011612,0.07237217011023309,0.20749991889743652,11.4042840467436,0.18676128497430952,14746.0,0.920351741835475,0.0,0.0,inf,0.8351044254422072,1638.0,0.0,0.08962390408447034,0.24064060650740265,10.475761418176116,0.04928888523693699,11337.0,0.920351741835475,0.0,0.0,inf,0.8851759962020179,612.0,0.0
socofing:000132:right_index,stripes,0.20000000298023224,0.057976716507996615,0.18474156098464306,12.367463844076905,0.26605944911497686,13107.0,0.8825488667935133,0.0,0.0,inf,0.9458858934576408,3277.0,0.0,0.07709399728189117,0.22687771558720796,11.129794358120773,0.07837406187352636,9313.0,0.8825488667935133,0.0,0.0,inf,0.9530938864923484,2325.0,0.0
socofing:000132:right_middle,stripes,0.30000001192092896,0.055192210232830434,0.17603511152601742,12.581222137857646,0.2990278620995805,11469.0,0.8991703353822231,0.0,0.0,inf,0.9419256841128363,4915.0,0.0,0.0761933695879252,0.22190476315209307,11.180828196927315,0.08305832777433424,7662.0,0.8991703353822231,0.0,0.0,inf,0.9463410417158835,3718.0,0.0
socofing:000132:right_ring,stripes,0.4000000059604645,0.08679526001471202,0.22489510257467854,10.615039914786195,0.16736118487739587,9830.0,0.9366239290684462,0.0,0.0,inf,0.9838924233114659,6554.0,0.0,0.1023867958919905,0.2591265248579115,9.89756047666813,0.06040592344940174,8119.0,0.9366239290684462,0.0,0.0,inf,0.9815856815244931,3675.0,0.0
socofing:000132:right_little,stripes,0.5,0.04253194454233848,0.15062033819924636,13.712847610738452,0.3240155976213718,8192.0,0.7680384367704391,0.0,0.0,inf,0.9827407452079668,8192.0,0.0,0.0576061606394236,0.19125437659876238,12.395310688574234,0.12113049675017153,5905.0,0.7680384367704391,0.0,0.0,inf,0.976267131061043,4805.0,0.0
socofing:000138:left_thumb,stripes,0.6000000238418579,0.045853021573647026,0.1544387153925179,13.386320403751181,0.39746935770154423,6554.0,0.8359075747430325,0.0,0.0,inf,0.9809957934734049,9830.0,0.0,0.07388539628282162,0.2229317892291594,11.314413930061924,0.12168155477025845,3819.0,0.8359075747430325,0.0,0.0,inf,0.9819575103360055,5584.0,0.0
socofing:000138:left_index,stripes,0.699999988079071,0.060858318535528026,0.18435125285314277,12.156800510056156,0.30798558411379606,4915.0,0.8546391716226935,0.0,0.0,inf,0.9832902597319676,11469.0,0.0,0.07649717953660146,0.2224330234336498,11.163545770590812,0.18270473192190737,3860.0,0.8546391716226935,0.0,0.0,inf,0.9801531293366661,6974.0,0.0
socofing:000138:left_middle,stripes,0.800000011920929,0.04451891647987192,0.15652030256460597,13.51455414250605,0.38378263171401933,3277.0,0.7185267200693488,0.0,0.0,inf,0.9906890539302236,13107.0,0.0,0.06961806921242396,0.22603441800070417,11.572780256081481,0.1216904691322182,1966.0,0.7185267200693488,0.0,0.0,inf,0.9911992674110132,7099.0,0.0
socofing:000138:left_ring,severe_partial,0.10000000149011612,0.07550710658332317,0.21242466827195275,11.220121714876697,0.3250949095950872,14746.0,0.8305993676185608,0.0,0.0,inf,0.8478819989264954,1638.0,0.0,0.11506212834568541,0.2830131806333471,9.390675969345603,0.0864870369809101,8526.0,0.8305993676185608,0.0,0.0,inf,0.8758150521325151,1149.0,0.0
socofing:000138:left_little,severe_partial,0.20000000298023224,0.06611724602795402,0.19915962580775048,11.796852443288369,0.3093826892479174,13107.0,0.8244260847568512,0.0,0.0,inf,0.9001135614293855,3277.0,0.0,0.10105229528767469,0.2670145864406668,9.954538175326409,0.08654591012473034,7153.0,0.8244260847568512,0.0,0.0,inf,0.9500320778341356,1784.0,0.0
socofing:000138:right_thumb,severe_partial,0.30000001192092896,0.03878730488006531,0.15395330629049295,14.113103961251245,0.45905591353805464,11469.0,0.7299755793064833,0.0,0.0,inf,0.9395912519830234,4915.0,0.0,0.07269100579098157,0.22886963396876858,11.385193219744277,0.10930335473981731,5084.0,0.7299755793064833,0.0,0.0,inf,0.9624563055045352,4075.0,0.0
socofing:000138:right_index,random_rectangles,0.10000000149011612,0.07624922440252507,0.2160365522963739,11.177645695472968,0.2742876035863771,14746.0,0.724145382642746,0.0,0.0,inf,0.8444804633365455,1638.0,0.0,0.10446908653696545,0.2718004792043821,9.810122026878004,0.07780493304102558,8261.0,0.724145382642746,0.0,0.0,inf,0.7277460660927222,15.0,0.0
socofing:000138:right_middle,random_rectangles,0.20000000298023224,0.06165973215229778,0.19857286261381119,12.099983661653281,0.30787056188418094,13107.0,0.8201420898549259,0.0,0.0,inf,0.9027236147007925,3277.0,0.0,0.08968883149101835,0.255349604470063,10.472616341444125,0.07230894087282642,6657.0,0.8201420898549259,0.0,0.0,inf,0.8494907606831733,645.0,0.0
socofing:000138:right_ring,random_rectangles,0.30000001192092896,0.08563500176482197,0.22723500684507197,10.673486889874118,0.23316486344155002,11469.0,0.9448322048410773,0.0,0.0,inf,0.9089342635513235,4915.0,0.0,0.11229629404850221,0.278971564056951,9.49634575892086,0.07906189273890178,8371.0,0.9448322048410773,0.0,0.0,inf,0.8015733318430022,881.0,0.0
socofing:000138:right_little,random_rectangles,0.4000000059604645,0.0835338269397272,0.223063778576497,10.78137621781806,0.2641976879804094,9830.0,0.8594366293400526,0.0,0.0,inf,0.9377429084177484,6554.0,0.0,0.1182308290612859,0.29056862025371677,9.272692650330274,0.09345928868901475,6568.0,0.8594366293400526,0.0,0.0,inf,0.9137170872671353,1404.0,0.0
socofing:000153:left_thumb,random_rectangles,0.5,0.08100088733659222,0.22367960587502012,10.915102235500562,0.10709151197709046,8192.0,0.9641778450459242,0.0,0.0,inf,0.9710532451343592,8192.0,0.0,0.08319944056539105,0.2289690369450268,10.79879593903753,0.08363602232358673,7859.0,0.9641778450459242,0.0,0.0,inf,0.9543993189676975,4694.0,0.0
socofing:000153:left_index,random_rectangles,0.6000000238418579,0.06854604113626028,0.20376664238625516,11.640176227464615,0.1922955550439384,6554.0,0.8652377687394619,0.0,0.0,inf,0.9786209931711316,9830.0,0.0,0.07601654831869434,0.22344372416647493,11.19091854282736,0.1253929318738281,5898.0,0.8652377687394619,0.0,0.0,inf,0.9688508294976615,5942.0,0.0
socofing:000153:left_middle,random_rectangles,0.699999988079071,0.05668196062055799,0.17644957254222943,12.465551359834539,0.23900332695333412,4915.0,0.8720241170376539,0.0,0.0,inf,0.9862591042360812,11469.0,0.0,0.06705864818034318,0.20310338037871176,11.735452056601801,0.10645435363617924,4022.0,0.8720241170376539,0.0,0.0,inf,0.9808412577756601,7515.0,0.0
socofing:000153:left_ring,random_rectangles,0.800000011920929,0.0717981185244086,0.22110825853190946,11.438869363311447,0.11543241594317413,3277.0,0.7759054750204086,0.0,0.0,inf,0.9867715766587661,13107.0,0.0,0.07089746510183541,0.22006441352039446,11.493692924892285,0.1120001637781961,3221.0,0.7578143402934074,0.0,0.0,inf,0.9812152407319744,8139.0,0.0
socofing:000153:left_little,irregular,0.10000000149011612,0.05209931907299202,0.17878362903057307,12.83167952799797,0.2775080118878558,14746.0,0.8064207956194878,0.0,0.0,inf,0.638149821482053,1638.0,0.0,0.0733904449670978,0.22249542348569118,11.343604791600336,0.10380499221009395,9188.0,0.8064207956194878,0.0,0.0,inf,0.7660095397963267,694.0,0.0
socofing:000153:right_thumb,irregular,0.20000000298023224,0.05500523632110808,0.1782837227093326,12.595959651036557,0.23633071009650883,13107.0,0.8797529302537441,0.0,0.0,inf,0.8860377055203713,3277.0,0.0,0.06562048001764803,0.20531291467240542,11.82960597048824,0.10311732065130644,10118.0,0.8797529302537441,0.0,0.0,inf,0.871455708837278,2300.0,0.0
socofing:000153:right_index,irregular,0.30000001192092896,0.0448901671508642,0.16034616629903028,13.478487774773221,0.29516971711146506,11469.0,0.8385786935687065,0.0,0.0,inf,0.8958930976330273,4915.0,0.0,0.056440520819203886,0.19021821919444742,12.48408987336848,0.137987021055832,8607.0,0.8385786935687065,0.0,0.0,inf,0.8749847013025274,2970.0,0.0
socofing:000153:right_middle,irregular,0.4000000059604645,0.0441119525088342,0.15792284143827134,13.554437188018296,0.3231752547805612,9830.0,0.7755604945123196,0.0,0.0,inf,0.9349044920806636,6554.0,0.0,0.056554840379909536,0.1926461070559384,12.475302190263474,0.15975861446993916,7245.0,0.7755604945123196,0.0,0.0,inf,0.9341770014554367,4809.0,0.0
socofing:000153:right_ring,irregular,0.5,0.035531101781772705,0.13604779458819394,14.493913252907111,0.3863919660952736,8192.0,0.8475344767794013,0.0,0.0,inf,0.92485630190834,8192.0,0.0,0.051007950097273116,0.17585426103323698,12.92362129504127,0.17544105382975717,5151.0,0.8467429243028164,0.0,0.0,inf,0.9366666949132675,6311.0,0.0
socofing:000153:right_little,irregular,0.6000000238418579,0.043015435154860136,0.15034168931814168,13.66375679309856,0.3960252807403808,6554.0,0.7543631121516228,0.0,0.0,inf,0.9608246342840288,9830.0,0.0,0.0660855736270075,0.2106857856615431,11.798933359453208,0.17150837055810708,4077.0,0.7543631121516228,0.0,0.0,inf,0.9603754205688319,5708.0,0.0
socofing:000161:left_thumb,irregular,0.699999988079071,0.04547274547281272,0.15606443896995797,13.422488239409782,0.3591242683412773,4915.0,0.7747064158320427,0.0,0.0,inf,0.9767909129501141,11469.0,0.0,0.05777172680658204,0.19196944840814026,12.382846511298384,0.20011203370494082,3615.0,0.7205520793795586,0.0,0.0,inf,0.9730631530494713,8795.0,0.0
socofing:000161:left_index,irregular,0.800000011920929,0.03899033534321821,0.14990460735253777,14.090430295700823,0.33862866221617954,3277.0,0.6938815042376518,0.0,0.0,inf,0.9818131073647225,13107.0,0.0,0.04567540928776727,0.17028437091400636,13.403175523361812,0.23473597494674803,2699.0,0.6938815042376518,0.0,0.0,inf,0.9766568925414087,7934.0,0.0
socofing:000161:left_middle,central_missing,0.10000000149011612,0.05247530085217658,0.1773898166660045,12.80045062834831,0.1956744127599841,14746.0,0.8249105177819729,0.0,0.0,inf,0.8816216425987539,1638.0,0.0,0.06362336471954022,0.20231955125483025,11.963833669719918,0.061970933162086954,11618.0,0.8249105177819729,0.0,0.0,inf,0.9145050296013738,153.0,0.0
socofing:000161:left_ring,central_missing,0.20000000298023224,0.05706805568309201,0.1866484234968438,12.436069236747771,0.25421457191358593,13107.0,0.8233827911317348,0.0,0.0,inf,0.950864004057213,3277.0,0.0,0.07275395783481274,0.22222996128710992,11.381433759631516,0.06171804654266926,8669.0,0.8233827911317348,0.0,0.0,inf,0.9580885647161531,522.0,0.0
socofing:000161:left_little,central_missing,0.30000001192092896,0.05448528394244653,0.18300177878953958,12.637207814959641,0.2669197129491818,11469.0,0.696088433265686,0.0,0.0,inf,0.9615134792222697,4915.0,0.0,0.07107496717324158,0.22198983389577132,11.48283332221176,0.07797227007606522,6975.0,0.696088433265686,0.0,0.0,inf,0.9408605441909412,416.0,0.0
socofing:000161:right_thumb,central_missing,0.4000000059604645,0.08464766319836944,0.23387279854386303,10.723850266166117,0.06267277392952937,9830.0,0.8912217002362013,0.0,0.0,inf,0.9724874782767198,6554.0,0.0,0.08501688057916411,0.2348627998507344,10.704948341149498,0.058843948482023914,9766.0,0.8912217002362013,0.0,0.0,inf,0.9443263116366051,2727.0,0.0
socofing:000161:right_index,central_missing,0.5,0.07070843915315332,0.2125911192945864,11.505287494432476,0.09246751355859528,8192.0,0.8765331469476223,0.0,0.0,inf,0.9867764311752518,8192.0,0.0,0.0715608245057212,0.21496374390206768,11.453246642446569,0.08264052621131207,8094.0,0.8765331469476223,0.0,0.0,inf,0.9713661713966523,3450.0,0.0
socofing:000161:right_middle,central_missing,0.6000000238418579,0.07625218951937414,0.23363366133751115,11.177476813906196,0.07057467076625722,6554.0,0.7926978431642056,0.0,0.0,inf,0.9900552453789296,9830.0,0.0,0.07625218951937414,0.23363366133751115,11.177476813906196,0.07057467076625722,6554.0,0.7926978431642056,0.0,0.0,inf,0.9836472168074403,5978.0,0.0
socofing:000161:right_ring,central_missing,0.699999988079071,0.05041619286640688,0.18673781356598995,12.974299527797227,0.06413198806754251,4915.0,0.7479167571291327,0.0,0.0,inf,0.9895725158188716,11469.0,0.0,0.05041619286640688,0.18673781356598995,12.974299527797227,0.06413198806754251,4915.0,0.7479167571291327,0.0,0.0,inf,0.9824438026903461,6812.0,0.0
socofing:000161:right_little,central_missing,0.800000011920929,0.06453362528763248,0.21094935829957237,11.90213936966488,0.07019082260346927,3277.0,0.7608092948794365,0.0,0.0,inf,0.9921583771811949,13107.0,0.0,0.06453362528763248,0.21094935829957237,11.90213936966488,0.07019082260346927,3277.0,0.7608092948794365,0.0,0.0,inf,0.9837630094334789,6330.0,0.0
socofing:000163:left_thumb,peripheral_only,0.10000000149011612,0.03876725317758365,0.1545468006916137,14.115349694874826,0.2923832789363911,14746.0,0.7917612791061401,0.0,0.0,inf,0.8077766554521553,1638.0,0.0,0.051935467631794394,0.18147196794720938,12.845359535975279,0.08322587418863127,9278.0,0.7917612791061401,0.0,0.0,inf,0.8572056896987663,1106.0,0.0
socofing:000163:left_index,peripheral_only,0.20000000298023224,0.030922557705066103,0.1350116171417433,15.097245913624949,0.35910239907025227,13107.0,0.7141076028347015,0.0,0.0,inf,0.8807849489993708,3277.0,0.0,0.04352318830625923,0.16520735417841784,13.612792977515873,0.1085705533831642,7710.0,0.7141076028347015,0.0,0.0,inf,0.9395460358281686,2138.0,0.0
socofing:000163:left_middle,peripheral_only,0.30000001192092896,0.025274367365502523,0.12110945293435411,15.973197062853242,0.36829577535422353,11469.0,0.6139569282531738,0.0,0.0,inf,0.9301031482399146,4915.0,0.0,0.035822865483345415,0.15186222864940904,14.458396777323518,0.11344914981430275,7049.0,0.6139569282531738,0.0,0.0,inf,0.956691145239123,3145.0,0.0
socofing:000163:left_ring,peripheral_only,0.4000000059604645,0.024576408195658414,0.12147806334638038,16.09481588283927,0.4497699751329921,9830.0,0.6285420656204224,0.0,0.0,inf,0.9190079086103903,6554.0,0.0,0.04019439956187091,0.16262585243886749,13.958344545974803,0.13420102866154446,4372.0,0.6285420656204224,0.0,0.0,inf,0.9514948431699677,2978.0,0.0
socofing:000163:left_little,peripheral_only,0.5,0.01928231046063536,0.10932589846379415,17.148409289297714,0.4431198915275714,8192.0,0.6049637794494629,0.0,0.0,inf,0.9083165295492706,8192.0,0.0,0.0307501341698433,0.13904173158496888,15.121529849586308,0.15111176400554457,3536.0,0.6049637794494629,0.0,0.0,inf,0.9527540700611343,3034.0,0.0
socofing:000163:right_thumb,peripheral_only,0.6000000238418579,0.04851782833307396,0.15700627450372537,13.14098646471372,0.33057227703810127,6554.0,0.9137423615902662,0.0,0.0,inf,0.9743896282698379,9830.0,0.0,0.061905040791219786,0.1985786244220923,12.082739858962249,0.11359215615598685,4455.0,0.9137423615902662,0.0,0.0,inf,0.9717852114094075,7943.0,0.0
socofing:000163:right_index,peripheral_only,0.699999988079071,0.027585710485366503,0.12185082842699145,15.593158260654747,0.4228062935199412,4915.0,0.7256510239094496,0.0,0.0,inf,0.971934591231919,11469.0,0.0,0.03848302037662909,0.16634036285049764,14.147308492790886,0.16929677473370947,2971.0,0.5785358510911465,0.0,0.0,inf,0.9691575793947518,7931.0,0.0
socofing:000163:right_middle,peripheral_only,0.800000011920929,0.025976126234556737,0.1211056325349901,15.854256138631834,0.3524640059224814,3277.0,0.6631984859704971,0.0,0.0,inf,0.9917712754477391,13107.0,0.0,0.03591577005035213,0.15893802197136647,14.44714817660766,0.11740455348028592,2057.0,0.6631984859704971,0.0,0.0,inf,0.9909668204012715,8942.0,0.0
socofing:000163:right_ring,central_only,0.10000000149011612,0.04032180961593516,0.15639636949640462,13.944599852783233,0.37032684728160437,14746.0,0.766774982213974,0.0,0.0,inf,0.9405473471190041,1638.0,0.0,0.05762646866503125,0.1919111679498847,12.39377993055816,0.1250669699397605,8008.0,0.766774982213974,0.0,0.0,inf,0.9405473471190041,1638.0,0.0
socofing:000163:right_little,central_only,0.20000000298023224,0.04241706029750341,0.1614099703442089,13.724594334340782,0.44810317514700954,13107.0,0.8202207386493683,0.0,0.0,inf,0.9594488565090656,3277.0,0.0,0.07059922050301701,0.2112250810634296,11.512000940347011,0.15373259179946075,5271.0,0.8202207386493683,0.0,0.0,inf,0.9594488565090656,3277.0,0.0
socofing:000185:left_thumb,central_only,0.30000001192092896,0.053156027780037245,0.16945941364793785,12.744474802813349,0.33384012963601156,11469.0,0.8316149106249213,0.0,0.0,inf,0.97804645567421,4915.0,0.0,0.0751839515933478,0.21337401409288487,11.23874851938445,0.09737906180528878,6779.0,0.8316149106249213,0.0,0.0,inf,0.97804645567421,4915.0,0.0
socofing:000185:left_index,central_only,0.4000000059604645,0.023720526377581135,0.12297933822519516,16.248756778565767,0.6044544846924076,9830.0,0.812793729826808,0.0,0.0,inf,0.944868793350016,6554.0,0.0,0.04939004710698615,0.17991783468785622,13.063605596190877,0.1608435779467116,2844.0,0.700023053213954,0.0,0.0,inf,0.9827412072314697,5211.0,0.0
socofing:000185:left_middle,central_only,0.5,0.03573394261826037,0.12790075160523884,14.469190643211434,0.5180723614645866,8192.0,0.8610179405659437,0.0,0.0,inf,0.9849648847071948,8192.0,0.0,0.058692274361461634,0.18541555989770453,12.314190609840484,0.2150655016398619,3351.0,0.8610179405659437,0.0,0.0,inf,0.9849648847071948,8192.0,0.0
socofing:000185:left_ring,central_only,0.6000000238418579,0.024749799618012953,0.10556289521989526,16.064283128978282,0.5395902178512203,6554.0,0.8574177604168653,0.0,0.0,inf,0.9758990974764278,9830.0,0.0,0.040167006729617594,0.15604780431023274,13.96130530958039,0.20340293668835424,2175.0,0.7173635214567184,0.0,0.0,inf,0.9908325791879025,7671.0,0.0
socofing:000185:left_little,central_only,0.699999988079071,0.01948155954104682,0.09805723010256341,17.10376279851626,0.6263485312490791,4915.0,0.6858401745557785,0.0,0.0,inf,0.9792028636365857,11469.0,0.0,0.04082445595181426,0.16048128011161855,13.89079594189563,0.22084835308550094,1305.0,0.6503932327032089,0.0,0.0,inf,0.9835471875029501,6301.0,0.0
socofing:000185:right_thumb,central_only,0.800000011920929,0.03500228007632168,0.11383895172763402,14.559036644408067,0.5646577768589991,3277.0,0.858860544860363,0.0,0.0,inf,0.9929110286467806,13107.0,0.0,0.0700803046947038,0.19973429066186088,11.5440401861308,0.17975336404627104,963.0,0.858860544860363,0.0,0.0,inf,0.9950254113148733,11524.0,0.0
socofing:000185:right_index,disconnected_fragments,0.10000000149011612,0.0978653947271116,0.23492956368776086,10.093708478889788,0.21143071624459758,14746.0,0.9324370021931827,0.0,0.0,inf,0.8850567511540145,1638.0,0.0,0.12533407687705989,0.28644446444083127,9.01930833334717,0.053136570394081185,10837.0,0.9252594094723463,0.0,0.0,inf,0.9119155246258754,1510.0,0.0
socofing:000185:right_middle,disconnected_fragments,0.20000000298023224,0.07492595845887168,0.2043585838782548,11.253676928169295,0.2733306060642722,13107.0,0.9251644005998969,0.0,0.0,inf,0.8719630738924188,3277.0,0.0,0.10039653951726378,0.26141152411783186,9.982812562592994,0.06674436524739068,8282.0,0.9186903834342957,0.0,0.0,inf,0.9188787264391195,886.0,0.0
socofing:000185:right_ring,disconnected_fragments,0.30000001192092896,0.04683552833519949,0.16282762613347906,13.29424576282272,0.43393688358577687,11469.0,0.8789417129009962,0.0,0.0,inf,0.9385570308762262,4915.0,0.0,0.07662922716046917,0.2266168235142329,11.15605554472495,0.09368616101590085,4990.0,0.8789417129009962,0.0,0.0,inf,0.9631922715309688,3475.0,0.0
socofing:000185:right_little,disconnected_fragments,0.4000000059604645,0.046905071294620106,0.15344493859314898,13.287801995833474,0.4094007207453077,9830.0,0.9041891694068909,0.0,0.0,inf,0.9687504231238546,6554.0,0.0,0.07616025992197124,0.21923284078865538,11.182715824480935,0.13575757556126852,5577.0,0.9041891694068909,0.0,0.0,inf,0.9712247120832879,4233.0,0.0
socofing:000200:left_thumb,disconnected_fragments,0.5,0.0744533441912194,0.1962814718399386,11.281157904413563,0.33495160251419903,8192.0,0.9294747114181519,0.0,0.0,inf,0.9828354989753547,8192.0,0.0,0.11841256624847055,0.28623734031348497,9.266022067112473,0.0747253494616598,4587.0,0.9294747114181519,0.0,0.0,inf,0.9881681570272635,6556.0,0.0
socofing:000200:left_index,disconnected_fragments,0.6000000238418579,0.043348573289259104,0.15351251898211793,13.630251916779308,0.42736924554727346,6554.0,0.7880039140582085,0.0,0.0,inf,0.9762909875194602,9830.0,0.0,0.07194386332603324,0.22730813411000614,11.430062446363786,0.14661897092989554,3633.0,0.7880039140582085,0.0,0.0,inf,0.9823924789663832,6734.0,0.0
socofing:000200:left_middle,disconnected_fragments,0.699999988079071,0.0608662183305602,0.1700772341857129,12.156236804909472,0.4525074843727365,4915.0,0.7606711536645889,0.0,0.0,inf,0.9934722391332517,11469.0,0.0,0.12154843953839975,0.2927643424264195,9.152506123386415,0.13916457666192894,1496.0,0.7606711536645889,0.0,0.0,inf,0.9935800684852781,8708.0,0.0
socofing:000200:left_ring,disconnected_fragments,0.800000011920929,0.04124581700228573,0.1491335487052307,13.846200894156587,0.4369861734731814,3277.0,0.7724399119615555,0.0,0.0,inf,0.9933985851794079,13107.0,0.0,0.07099863572269953,0.22816415256254274,11.487499964048112,0.16401623191142586,1480.0,0.7724399119615555,0.0,0.0,inf,0.9908789860037656,7921.0,0.0
socofing:000200:left_little,stripes,0.10000000149011612,0.05624997423147867,0.18492719263615076,12.498776721700075,0.36499232257300757,14746.0,0.7827636748552322,0.0,0.0,inf,0.8909070385542673,1638.0,0.0,0.08363606254265726,0.2368207006570171,10.776064212901442,0.10815483802363189,7338.0,0.7827636748552322,0.0,0.0,inf,0.9249955643551792,1067.0,0.0
socofing:000200:right_thumb,stripes,0.20000000298023224,0.06586698454216623,0.19587270880357185,11.81332218548383,0.2515062657532001,13107.0,0.8918066583573818,0.0,0.0,inf,0.9394869543168516,3277.0,0.0,0.0863060263207776,0.2408913985692077,10.639588786013048,0.05911688231570539,9501.0,0.8918066583573818,0.0,0.0,inf,0.9538463760762437,2086.0,0.0
socofing:000200:right_index,stripes,0.30000001192092896,0.0561921144637553,0.18676732580373756,12.50324625448018,0.29454236028371905,11469.0,0.9037458281964064,0.0,0.0,inf,0.9772104167689277,4915.0,0.0,0.0777678341999222,0.2413043641095209,11.091999957873231,0.08998827267743077,7786.0,0.9037458281964064,0.0,0.0,inf,0.9738542205559471,3871.0,0.0
socofing:000200:right_middle,stripes,0.4000000059604645,0.05547349370405576,0.1752971180531813,12.559144815231406,0.31249948989620496,9830.0,0.8818019032478333,0.0,0.0,inf,0.931344387528829,6554.0,0.0,0.07533814349273675,0.22288251471736453,11.22985086028081,0.1202670935166858,6670.0,0.8295946717262268,0.0,0.0,inf,0.9381637694102806,3893.0,0.0
socofing:000200:right_ring,stripes,0.5,0.060608422477867394,0.18567852412832053,12.174670197034569,0.31562787075048787,8192.0,0.8539454899728298,0.0,0.0,inf,0.9731698240197436,8192.0,0.0,0.08456080469900173,0.24331338440246103,10.728308928402566,0.11942445852608038,5116.0,0.8539454899728298,0.0,0.0,inf,0.966792988419725,5412.0,0.0
socofing:000200:right_little,stripes,0.6000000238418579,0.05731829434332308,0.18119672867259182,12.417067416575314,0.32239684165956173,6554.0,0.7979687452316284,0.0,0.0,inf,0.9860630896859538,9830.0,0.0,0.08044911763460273,0.24017692701828575,10.944787148778733,0.10704632341424472,4322.0,0.7979687452316284,0.0,0.0,inf,0.9814154192287176,4530.0,0.0
socofing:000203:left_thumb,stripes,0.699999988079071,0.05534145707035885,0.15437855580575302,12.56949410621772,0.5057068722169684,4915.0,0.8992539029568434,0.0,0.0,inf,0.9926761060489858,11469.0,0.0,0.11474932937425453,0.2769353639374842,9.402498439162937,0.13695483088987032,2236.0,0.8992539029568434,0.0,0.0,inf,0.9949749309743621,7479.0,0.0
socofing:000203:left_index,stripes,0.800000011920929,0.05933914325201421,0.1908180130894876,12.266587283866976,0.23862549765679247,3277.0,0.8454354996792972,0.0,0.0,inf,0.9887185061209283,13107.0,0.0,0.07324298102949096,0.22840783406999132,11.35233987987059,0.10499418037931318,2527.0,0.8454354996792972,0.0,0.0,inf,0.9844779983023297,6520.0,0.0
socofing:000203:left_middle,severe_partial,0.10000000149011612,0.06093542068364858,0.19432730918688146,12.15130186256254,0.32143358445225984,14746.0,0.8526340685784817,0.0,0.0,inf,0.8259693102000223,1638.0,0.0,0.09201450319069208,0.25734704766873334,10.361437144015202,0.07575594419659787,8379.0,0.8526340685784817,0.0,0.0,inf,0.9269345296751322,957.0,0.0
socofing:000203:left_ring,severe_partial,0.20000000298023224,0.06455539029141247,0.19445534494951422,11.900674888572135,0.3620610476511236,13107.0,0.8759483685716987,0.0,0.0,inf,0.9062900563878574,3277.0,0.0,0.10479411887114262,0.271583080666203,9.796630896183133,0.06405816540838581,6770.0,0.8759483685716987,0.0,0.0,inf,0.9606951519317151,2059.0,0.0
socofing:000203:left_little,severe_partial,0.30000001192092896,0.05089836045762589,0.17869132639287574,12.93296206969214,0.4456192905193508,11469.0,0.7947344481945038,0.0,0.0,inf,0.8786327457297732,4915.0,0.0,0.10515732562427034,0.2814768389190797,9.781604674628895,0.08923758858015919,3899.0,0.7947344481945038,0.0,0.0,inf,0.952418940521599,2849.0,0.0
socofing:000203:right_thumb,random_rectangles,0.10000000149011612,0.07993708480987882,0.21832600722751808,10.972516938801242,0.19946269135429526,14746.0,0.9200709452852607,0.0,0.0,inf,0.8130977827128534,1638.0,0.0,0.10435326890468208,0.2661272500569957,9.81493941950427,0.038666228706384184,10757.0,0.91303217317909,0.0,0.0,inf,0.5715970063123774,9.0,0.0
socofing:000203:right_index,random_rectangles,0.20000000298023224,0.06563198331190584,0.20402901936288345,11.828844717387774,0.2774733211466274,13107.0,0.8600786319002509,0.0,0.0,inf,0.8918842820456512,3277.0,0.0,0.09415716917056749,0.259853607569347,10.26146607004922,0.06588918937432699,7660.0,0.8600786319002509,0.0,0.0,inf,0.9273300157254296,670.0,0.0
socofing:000203:right_middle,random_rectangles,0.30000001192092896,0.05898614135900573,0.18438236724142087,12.292500127357844,0.25257659314468145,11469.0,0.8994979257695377,0.0,0.0,inf,0.9410902618322994,4915.0,0.0,0.07829824880749173,0.22912897064170532,11.06247951118914,0.06534478996687969,8402.0,0.8994979257695377,0.0,0.0,inf,0.9408439291878936,1450.0,0.0
socofing:000203:right_ring,random_rectangles,0.4000000059604645,0.04322776400417383,0.15903371309819853,13.642372281666361,0.3545985407995559,9830.0,0.8057479253038764,0.0,0.0,inf,0.9393189187794314,6554.0,0.0,0.06272772011011422,0.20937573528246364,12.02540496961156,0.11119724008379997,6339.0,0.8057479253038764,0.0,0.0,inf,0.950399167563531,2273.0,0.0
socofing:000203:right_little,random_rectangles,0.5,0.0635284700902957,0.1936179312753552,11.97031603335332,0.2899684336906133,8192.0,0.8194712549448013,0.0,0.0,inf,0.9568565109674011,8192.0,0.0,0.09052308499731056,0.24967980536209008,10.43240653850335,0.10449222302541289,5213.0,0.8194712549448013,0.0,0.0,inf,0.9440934912219283,3372.0,0.0
socofing:000206:left_thumb,random_rectangles,0.6000000238418579,0.1578691970553448,0.30971339071222925,8.017025999087293,0.12855959202232298,6554.0,0.9748640656471252,0.0,0.0,inf,0.9707983235629709,9830.0,0.0,0.17015790404411738,0.3323505041475569,7.691478725862883,0.07430136194670411,5925.0,0.9748640656471252,0.0,0.0,inf,0.9738698812919043,5370.0,0.0
socofing:000206:left_index,random_rectangles,0.699999988079071,0.07132125226572461,0.22675104896705656,11.467810400435205,0.09588082076268366,4915.0,0.7948289476335049,0.0,0.0,inf,0.9848313776890053,11469.0,0.0,0.0740909144338901,0.23523536879426374,11.302350450996006,0.062368897322442406,4731.0,0.7948289476335049,0.0,0.0,inf,0.9763731204690278,7248.0,0.0
socofing:000206:left_middle,random_rectangles,0.800000011920929,0.07231501109511927,0.22791756076273856,11.407715428285425,0.133675976925634,3277.0,0.7110892534255981,0.0,0.0,inf,0.9926451413452811,13107.0,0.0,0.07670223483516626,0.24280748400111207,11.151919820426627,0.06830725384219213,2948.0,0.7110892534255981,0.0,0.0,inf,0.9898977704572781,9323.0,0.0
socofing:000206:left_ring,irregular,0.10000000149011612,0.05301313119630514,0.18021709397594976,12.756165436114062,0.2542200126029241,14746.0,0.796364601701498,0.0,0.0,inf,0.8747486430498108,1638.0,0.0,0.06670290042807121,0.2140702564216212,11.758552813380273,0.0916947934498734,10753.0,0.7787010660395026,0.0,0.0,inf,0.8741964439588454,1131.0,0.0
socofing:000206:left_little,irregular,0.20000000298023224,0.049369726856238194,0.1748809713991152,13.065392755586068,0.3128182885759059,13107.0,0.7406703792512417,0.0,0.0,inf,0.80549800617887,3277.0,0.0,0.06729785885531453,0.22039847413004468,11.719987530436951,0.10954130071563284,8745.0,0.7406703792512417,0.0,0.0,inf,0.8182988842807756,2379.0,0.0
socofing:000206:right_thumb,irregular,0.30000001192092896,0.07868725779099894,0.21680240505199164,11.040955893575239,0.23825756684553973,11469.0,0.9463011617772281,0.0,0.0,inf,0.9349044880566763,4915.0,0.0,0.09588744016240777,0.2548649819479562,10.182382752629628,0.10936994045895668,8771.0,0.9463011617772281,0.0,0.0,inf,0.9308832255362618,4030.0,0.0
socofing:000206:right_index,irregular,0.4000000059604645,0.07408770478137618,0.20366350010772627,11.302538593439664,0.26834939973645155,9830.0,0.9327284093014896,0.0,0.0,inf,0.9402694086605782,6554.0,0.0,0.0887254713243136,0.24058290347707836,10.519516849304411,0.13287909601514472,7498.0,0.9327284093014896,0.0,0.0,inf,0.9365495865325647,4609.0,0.0
socofing:000206:right_middle,irregular,0.5,0.06209590697470391,0.19276937880863443,12.069370252160647,0.2759457127558218,8192.0,0.9158097486943007,0.0,0.0,inf,0.9456058536840479,8192.0,0.0,0.07256922548862255,0.2221611482233985,11.392475119992401,0.14976561997196924,6590.0,0.8944723005406559,0.0,0.0,inf,0.9347881507657634,5682.0,0.0
socofing:000206:right_ring,irregular,0.6000000238418579,0.05443697633787179,0.17328495227484225,12.641060053688866,0.34909075039933607,6554.0,0.8826784454286098,0.0,0.0,inf,0.9532818024530216,9830.0,0.0,0.06777584869583578,0.21100972978106397,11.689250354352591,0.20160187357912485,4698.0,0.8826784454286098,0.0,0.0,inf,0.9439677819084004,7400.0,0.0
socofing:000206:right_little,irregular,0.699999988079071,0.05012994800278438,0.16883371235122516,12.999027458580318,0.3688145731232626,4915.0,0.8792588110081851,0.0,0.0,inf,0.9572455467021125,11469.0,0.0,0.06396385418560685,0.21249577230812186,11.940653754275113,0.2014484617902794,3281.0,0.7899929881095886,0.0,0.0,inf,0.9443361048493348,6428.0,0.0
socofing:000214:left_thumb,irregular,0.800000011920929,0.06591868770975305,0.1849564815739833,11.809914470343292,0.3741944035185262,3277.0,0.8037195727229118,0.0,0.0,inf,0.9808535889219968,13107.0,0.0,0.09738670729156267,0.2581865520708576,10.115003176993383,0.17514024928922223,2188.0,0.8037195727229118,0.0,0.0,inf,0.9746441316887429,7505.0,0.0
socofing:000214:left_index,central_missing,0.10000000149011612,0.09447393077606137,0.2400564561354783,10.246880145809314,0.20683641059628644,14746.0,0.9063851232640445,0.0,0.0,inf,0.8469690945839091,1638.0,0.0,0.11114660508262092,0.27209522908148,9.54103798069816,0.04598216766585118,9518.0,0.9063851232640445,0.0,0.0,inf,0.6608988355972629,43.0,0.0
socofing:000214:left_middle,central_missing,0.20000000298023224,0.06887851099361646,0.20803857772224754,11.619162499726016,0.21070392177156083,13107.0,0.9310734253376722,0.0,0.0,inf,0.9381407946045124,3277.0,0.0,0.08536041529086649,0.24217663255154767,10.687434806724694,0.0552426204682003,9038.0,0.8521366696804762,0.0,0.0,inf,0.944451809401489,228.0,0.0
socofing:000214:left_ring,central_missing,0.30000001192092896,0.06474399192377694,0.2018775403128016,11.888005267897803,0.27039558609898506,11469.0,0.8947709165513515,0.0,0.0,inf,0.9569824234566686,4915.0,0.0,0.08396805059423629,0.24567175933758656,10.758859292959382,0.06100089986838653,6682.0,0.8947709165513515,0.0,0.0,inf,0.9363796794998959,513.0,0.0
socofing:000214:left_little,central_missing,0.4000000059604645,0.05904361667257878,0.18995750175446977,12.288270479865599,0.2440875454476129,9830.0,0.8533489098772407,0.0,0.0,inf,0.9503301392217103,6554.0,0.0,0.08056339680430451,0.23694909000429532,10.938622308573018,0.09122105837754563,6689.0,0.8533489098772407,0.0,0.0,inf,0.8518222679306569,369.0,0.0
socofing:000214:right_thumb,central_missing,0.5,0.0890721787099858,0.22367855153038363,10.502579246894312,0.11086290565412313,8192.0,0.9591132397763431,0.0,0.0,inf,0.9762773474199735,8192.0,0.0,0.09401650976288631,0.23463309112760006,10.26795875449984,0.06908078833912377,7757.0,0.9591132397763431,0.0,0.0,inf,0.9470843653907169,2668.0,0.0
socofing:000214:right_index,central_missing,0.6000000238418579,0.08986380308500318,0.22447612485962049,10.464152057754767,0.14863313971633613,6554.0,0.962583779823035,0.0,0.0,inf,0.9844884620861905,9830.0,0.0,0.0965510379184691,0.23951195873683956,10.152430532171504,0.09402998737808607,6097.0,0.962583779823035,0.0,0.0,inf,0.9748146690009485,5030.0,0.0
socofing:000214:right_middle,central_missing,0.699999988079071,0.0550760797991807,0.18483063244807513,12.590369794930607,0.19496863727107855,4915.0,0.844738956540823,0.0,0.0,inf,0.9777791429167689,11469.0,0.0,0.06498439685282009,0.20761405042371273,11.871909075752686,0.10355599773006566,4074.0,0.844738956540823,0.0,0.0,inf,0.968611679544164,4436.0,0.0
socofing:000214:right_ring,central_missing,0.800000011920929,0.09246396533296516,0.2452624147137764,10.340274857054387,0.08087786182297918,3277.0,0.8783271294087172,0.0,0.0,inf,0.9925261937057682,13107.0,0.0,0.09246396533296516,0.2452624147137764,10.340274857054387,0.08087786182297918,3277.0,0.8783271294087172,0.0,0.0,inf,0.9858215112029967,6909.0,0.0
socofing:000214:right_little,peripheral_only,0.10000000149011612,0.056126701598192344,0.1927379357639135,12.50830479244689,0.28971534088779344,14746.0,0.7734809368848801,0.0,0.0,inf,0.688567238811339,1638.0,0.0,0.07724336456749192,0.23371125134179802,11.121388174758703,0.13455589512539004,9280.0,0.7734809368848801,0.0,0.0,inf,0.7827681624771797,1163.0,0.0
socofing:000217:left_thumb,peripheral_only,0.20000000298023224,0.0652912363589685,0.19097830526290008,11.851451074899796,0.3076316186464931,13107.0,0.833813663572073,0.0,0.0,inf,0.8757146179708458,3277.0,0.0,0.09049740111141927,0.2438166779223015,10.433638926088983,0.09431572797732933,8529.0,0.833813663572073,0.0,0.0,inf,0.9153224457163426,2471.0,0.0
socofing:000217:left_index,peripheral_only,0.30000001192092896,0.05402843881654171,0.17387379513072038,12.673775814735171,0.37165878498463845,11469.0,0.8410896025598049,0.0,0.0,inf,0.8968014688890594,4915.0,0.0,0.08757702950623436,0.2444054860280747,10.576097895724088,0.10171239161137756,6310.0,0.8410896025598049,0.0,0.0,inf,0.9366159068460781,2401.0,0.0
socofing:000217:left_middle,peripheral_only,0.4000000059604645,0.05117653520850884,0.16825612065451465,12.909291203785306,0.39805176608667947,9830.0,0.714264988899231,0.0,0.0,inf,0.9463060551521403,6554.0,0.0,0.07932095327402469,0.2376325980839793,11.00612075112714,0.12698448975078985,5824.0,0.714264988899231,0.0,0.0,inf,0.9641231032399993,4175.0,0.0
socofing:000217:left_ring,peripheral_only,0.5,0.057965291734367264,0.1749282346219161,12.36831974026768,0.4014935582057021,8192.0,0.8248296938836575,0.0,0.0,inf,0.9233306405118036,8192.0,0.0,0.1007791370796039,0.26481140460954455,9.96629364606672,0.1174144027059217,4263.0,0.8248296938836575,0.0,0.0,inf,0.9673317124537814,4065.0,0.0
socofing:000217:left_little,peripheral_only,0.6000000238418579,0.05515039952496866,0.173187091519947,12.584513370613104,0.364257320700626,6554.0,0.7389753758907318,0.0,0.0,inf,0.9601212145164131,9830.0,0.0,0.08471546964747248,0.24410433964195016,10.720372771653413,0.10997283104708895,4008.0,0.7389753758907318,0.0,0.0,inf,0.9651982475627602,5507.0,0.0
socofing:000217:right_thumb,peripheral_only,0.699999988079071,0.07752787682982086,0.20527757722789675,11.105421094100725,0.32448580955250655,4915.0,0.9162646527402103,0.0,0.0,inf,0.9787668997710448,11469.0,0.0,0.10063581394049954,0.26086909272326675,9.97247436488949,0.1530262542851745,3346.0,0.9143820982426405,0.0,0.0,inf,0.9777029311818716,8966.0,0.0
socofing:000217:right_index,peripheral_only,0.800000011920929,0.06537511961630699,0.18601737318442255,11.845875034989783,0.3823895388843791,3277.0,0.824862714856863,0.0,0.0,inf,0.9895737636950953,13107.0,0.0,0.09319727174300803,0.2531954596240364,10.305968009968723,0.15156155034384397,2076.0,0.7877900302410126,0.0,0.0,inf,0.987287466623226,9464.0,0.0
socofing:000217:right_middle,central_only,0.10000000149011612,0.07072106205341694,0.20412634833992865,11.504512259294419,0.30588952354177185,14746.0,0.9067078214138746,0.0,0.0,inf,0.9669804443557375,1638.0,0.0,0.10096949139371303,0.26294109587094866,9.958098313748328,0.07633376416081789,8785.0,0.9052814841270447,0.0,0.0,inf,0.9669804443557375,1638.0,0.0
socofing:000217:right_ring,central_only,0.20000000298023224,0.05264458230703724,0.1767813044092072,12.786463157457735,0.395554083543162,13107.0,0.8722959160804749,0.0,0.0,inf,0.9707951208072862,3277.0,0.0,0.08480531980203457,0.2432814409768962,10.71576903778629,0.11351644536819276,6546.0,0.8493300080299377,0.0,0.0,inf,0.9707951208072862,3277.0,0.0
socofing:000217:right_little,central_only,0.30000001192092896,0.059288153051998575,0.18134610233273807,12.270320786113373,0.44216366043649963,11469.0,0.8201653361320496,0.0,0.0,inf,0.9807557917741714,4915.0,0.0,0.10013425943479547,0.2597975638667675,9.994173097540951,0.16160789897494868,4863.0,0.8201653361320496,0.0,0.0,inf,0.9807557917741714,4915.0,0.0
socofing:000241:left_thumb,central_only,0.4000000059604645,0.04502258745978618,0.15812794982142073,13.465695496016819,0.47698057156151097,9830.0,0.8566166153177619,0.0,0.0,inf,0.9828182466881061,6554.0,0.0,0.08577392132434476,0.2443575584576998,10.666447348378686,0.15561911898072014,4142.0,0.8566166153177619,0.0,0.0,inf,0.9828182466881061,6554.0,0.0
socofing:000241:left_index,central_only,0.5,0.028791577906198632,0.12819945106224395,15.407345332053984,0.6124383344714233,8192.0,0.7055035829544067,0.0,0.0,inf,0.9780025905541894,8192.0,0.0,0.06440054536059224,0.20316453022353492,11.911104549058244,0.2899804275528992,2314.0,0.7055035829544067,0.0,0.0,inf,0.9876298165596867,8023.0,0.0
socofing:000241:left_middle,central_only,0.6000000238418579,0.02151004994544079,0.10653002545587675,16.673585811976537,0.6485246274879432,6554.0,0.5614336580038071,0.0,0.0,inf,0.9766309742005297,9830.0,0.0,0.05801260806875308,0.20039803470002496,12.36477609546938,0.2668143881183802,1473.0,0.5614336580038071,0.0,0.0,inf,0.9913307375718883,9128.0,0.0
socofing:000241:left_ring,central_only,0.699999988079071,0.012108424635752317,0.08039755527297696,19.169123569812136,0.7566187763964726,4915.0,0.581730842590332,0.0,0.0,inf,0.978789910510696,11469.0,0.0,0.05351733861396035,0.19570168351161887,12.71505491914561,0.4219072233722322,352.0,0.5275242626667023,0.0,0.0,inf,0.9930170208953797,9723.0,0.0
socofing:000241:left_little,central_only,0.800000011920929,0.011572234774045988,0.07456147702121502,19.365827640978207,0.7465978410449651,3277.0,0.5233682990074158,0.0,0.0,inf,0.9837326103935228,13107.0,0.0,0.06460920739469893,0.22786308482692047,11.897055867143582,0.35994019235163466,222.0,0.5085630118846893,0.0,0.0,inf,0.9971756111846309,8001.0,0.0
socofing:000241:right_thumb,disconnected_fragments,0.10000000149011612,0.07555478204872729,0.21116474458856704,11.217380428848552,0.2577840513675042,14746.0,0.9545119404792786,0.0,0.0,inf,0.872437672229147,1638.0,0.0,0.10107936482974392,0.265426682180759,9.953374957964837,0.07580418748007545,9926.0,0.9545119404792786,0.0,0.0,inf,0.9108687865232996,1350.0,0.0
socofing:000241:right_index,disconnected_fragments,0.20000000298023224,0.05293986205876943,0.18111575258161894,12.762171946401356,0.3003291989821703,13107.0,0.8111380329355597,0.0,0.0,inf,0.9155583194844906,3277.0,0.0,0.07554575997541067,0.23462903164424823,11.217899055268932,0.08661211368234656,8009.0,0.8111380329355597,0.0,0.0,inf,0.949477168741626,1719.0,0.0
socofing:000241:right_middle,disconnected_fragments,0.30000001192092896,0.04391870166775154,0.15940297528375738,13.573505070567247,0.3655338542046702,11469.0,0.8311121454462409,0.0,0.0,inf,0.9587106306537234,4915.0,0.0,0.06484526647956684,0.2123677435013902,11.881217206875947,0.09717400928952143,7039.0,0.8311121454462409,0.0,0.0,inf,0.9753992580967193,3671.0,0.0
socofing:000241:right_ring,disconnected_fragments,0.4000000059604645,0.04008798288423234,0.14846049852509124,13.969857956897725,0.46746467244832646,9830.0,0.7296064477413893,0.0,0.0,inf,0.9437754278434219,6554.0,0.0,0.0732144294681502,0.22301092990991178,11.354033175642373,0.13485751843244356,4009.0,0.7296064477413893,0.0,0.0,inf,0.9717689366452507,4715.0,0.0
socofing:000241:right_little,disconnected_fragments,0.5,0.034004975336417984,0.1373855680810152,14.684575358085809,0.4851783719253142,8192.0,0.7245132178068161,0.0,0.0,inf,0.9800477553844732,8192.0,0.0,0.06420815399588437,0.21230866138796706,11.924098160035424,0.1433002611210207,3638.0,0.7245132178068161,0.0,0.0,inf,0.9881234458785694,5618.0,0.0
socofing:000249:left_thumb,disconnected_fragments,0.6000000238418579,0.03479764085831574,0.12169209610912943,14.584501984943772,0.44287331118728895,6554.0,0.7447560280561447,0.0,0.0,inf,0.9904472722209903,9830.0,0.0,0.0534833131368248,0.17429754960744703,12.717816972875262,0.13092308504564198,3529.0,0.7447560280561447,0.0,0.0,inf,0.99259310256366,7283.0,0.0
socofing:000249:left_index,disconnected_fragments,0.699999988079071,0.01595446677788919,0.08588345708403194,17.971177059982118,0.556142310407831,4915.0,0.6148038804531097,0.0,0.0,inf,0.9870256749529523,11469.0,0.0,0.0290433805632362,0.13289433107055074,15.369528344419452,0.18576686637123047,2384.0,0.6148038804531097,0.0,0.0,inf,0.9873017799848303,8170.0,0.0
socofing:000249:left_middle,disconnected_fragments,0.800000011920929,0.09870107224175004,0.22843255284522268,10.05678129334964,0.20245461335482648,3277.0,0.7728267759084702,0.0,0.0,inf,0.9940970908762298,13107.0,0.0,0.10418779350804895,0.2517219002173394,9.82183159372644,0.09609966092614897,2142.0,0.7627072781324387,0.0,0.0,inf,0.9926346858674162,7660.0,0.0
socofing:000249:left_ring,stripes,0.10000000149011612,0.039078203092901984,0.15668323094516115,14.080654143693057,0.38793261417390307,14746.0,0.7974437028169632,0.0,0.0,inf,0.8755621194745106,1638.0,0.0,0.059036620819572734,0.20190692069050514,12.288785089325206,0.1458104794903206,8514.0,0.7974437028169632,0.0,0.0,inf,0.904029540243019,653.0,0.0
socofing:000249:left_little,stripes,0.20000000298023224,0.08687407692055749,0.22729560270160976,10.611097969680232,0.31655085787160275,13107.0,0.801086544059217,0.0,0.0,inf,0.890656184312778,3277.0,0.0,0.12718624664679676,0.29788098890604126,8.955598488160582,0.05330218821480838,6021.0,0.801086544059217,0.0,0.0,inf,0.9350651976216363,727.0,0.0
socofing:000249:right_thumb,stripes,0.30000001192092896,0.09809949661022613,0.24835611527471563,10.083332211619675,0.20354764125473662,11469.0,0.9552000751718879,0.0,0.0,inf,0.9145397596835164,4915.0,0.0,0.11483473700462264,0.29497132640800744,9.399267198870227,0.06221711742092648,8416.0,0.9276145687326789,0.0,0.0,inf,0.8984790148986713,3613.0,0.0
socofing:000249:right_index,stripes,0.4000000059604645,0.07415662737180993,0.21933108947892593,11.298500300383086,0.19122804443283287,9830.0,0.9008712167851627,0.0,0.0,inf,0.9583753908964621,6554.0,0.0,0.0815484441786442,0.24738046253128915,10.885843202285507,0.0711410117481757,7934.0,0.8837868571281433,0.0,0.0,inf,0.9267506949529879,3247.0,0.0
socofing:000249:right_middle,stripes,0.5,0.07422419842587254,0.19640231872654113,11.294544838107338,0.17640541697517395,8192.0,0.7673448771238327,0.0,0.0,inf,0.9904079986048593,8192.0,0.0,0.08225851580434373,0.22069470333490038,10.848191307592366,0.06947326745592045,6331.0,0.7673448771238327,0.0,0.0,inf,0.9807325002995854,3535.0,0.0
socofing:000249:right_ring,stripes,0.6000000238418579,0.028379718439515953,0.1185579788318341,15.469919175737923,0.44710561533884896,6554.0,0.7180724143981934,0.0,0.0,inf,0.9837850422810909,9830.0,0.0,0.04744337519283398,0.1741011003678106,13.238244221842379,0.18848871975610879,3591.0,0.7180724143981934,0.0,0.0,inf,0.9834222373842452,6679.0,0.0
socofing:000249:right_little,stripes,0.699999988079071,0.036136963706852446,0.13912972591718847,14.420483404512174,0.4638611803244938,4915.0,0.6754769086837769,0.0,0.0,inf,0.9755180061901125,11469.0,0.0,0.06243450633974805,0.20615374178536686,12.04575317834106,0.25147343411072964,2052.0,0.6754769086837769,0.0,0.0,inf,0.9846111128959896,5293.0,0.0
socofing:000256:left_thumb,stripes,0.800000011920929,0.04720278469040729,0.15561102821355527,13.260323797556596,0.30059775330893435,3277.0,0.8672989532351494,0.0,0.0,inf,0.9958131240300261,13107.0,0.0,0.06549136476696084,0.20604954793747499,11.838159592645193,0.0867835187189732,2111.0,0.8672989532351494,0.0,0.0,inf,0.9941781880505646,9023.0,0.0
socofing:000256:left_index,severe_partial,0.10000000149011612,0.06676094127349938,0.2004294471894365,11.754775487602425,0.22853448205365998,14746.0,0.8757243119180202,0.0,0.0,inf,0.8026925765093602,1638.0,0.0,0.08871385525125852,0.24435314696236016,10.520085471439513,0.05378445444557264,9690.0,0.8757243119180202,0.0,0.0,inf,0.8978523061328973,1180.0,0.0
socofing:000256:left_middle,severe_partial,0.20000000298023224,0.07344588423336312,0.2041470244776054,11.340325362225474,0.2695477628782558,13107.0,0.9034607401117682,0.0,0.0,inf,0.9536985873567728,3277.0,0.0,0.10001627814770785,0.2565580094985317,9.999293106560506,0.07798018785348981,8915.0,0.9034607401117682,0.0,0.0,inf,0.953268708884451,3201.0,0.0
socofing:000256:left_ring,severe_partial,0.30000001192092896,0.051778100812860044,0.16629999186349104,12.858538832488,0.35844491482868174,11469.0,0.8857254381291568,0.0,0.0,inf,0.9672937490577688,4915.0,0.0,0.07628458283360404,0.21917978525224782,11.17563224389005,0.11398163923684308,7239.0,0.8857254381291568,0.0,0.0,inf,0.9741091424560454,4534.0,0.0
socofing:000256:left_little,random_rectangles,0.10000000149011612,0.07506817792509726,0.21425235260796005,11.24544125317567,0.2282056853791112,14746.0,0.9030054803006351,0.0,0.0,inf,0.7373114413774468,1638.0,0.0,0.09747803196975449,0.25599557271160434,10.110932475761912,0.051712849154731184,9591.0,0.9030054803006351,0.0,0.0,inf,0.7639353409470341,44.0,0.0
socofing:000256:right_thumb,random_rectangles,0.20000000298023224,0.06847389230601336,0.20068676770820576,11.644749845471969,0.1611493301688397,13107.0,0.8381306491792202,0.0,0.0,inf,0.9081882963856621,3277.0,0.0,0.08050745502327619,0.2270365890567495,10.941639019232912,0.053361107095830064,10904.0,0.8381306491792202,0.0,0.0,inf,0.8901029148312113,753.0,0.0
socofing:000256:right_index,random_rectangles,0.30000001192092896,0.06718216840204806,0.2008548224263971,11.727459827830405,0.2617228031083549,11469.0,0.871339678298682,0.0,0.0,inf,0.9347190211017278,4915.0,0.0,0.08219753822417332,0.2356731696164671,10.851411891712281,0.08719144337628011,7386.0,0.871339678298682,0.0,0.0,inf,0.8992507692569295,1078.0,0.0
socofing:000256:right_middle,random_rectangles,0.4000000059604645,0.09896574780545862,0.2472753264825215,10.045150893722353,0.13277502892543763,9830.0,0.9723290205001831,0.0,0.0,inf,0.9707401578257886,6554.0,0.0,0.10543150327978265,0.2617704539843647,9.770296011130425,0.08313255202289438,9170.0,0.9723290205001831,0.0,0.0,inf,0.9512245089256289,3421.0,0.0
socofing:000256:right_ring,random_rectangles,0.5,0.06252880162255589,0.19421682337980428,12.039198945833398,0.2036389317822408,8192.0,0.90654849819839,0.0,0.0,inf,0.9651556086205324,8192.0,0.0,0.06950421339018334,0.21618966745257384,11.579888674006458,0.10076350340624324,6999.0,0.90654849819839,0.0,0.0,inf,0.9555688684410372,3011.0,0.0
socofing:000256:right_little,random_rectangles,0.6000000238418579,0.06564675095956685,0.19839587485976745,11.827867634853803,0.19590184281869344,6554.0,0.853146068751812,0.0,0.0,inf,0.9688140673314344,9830.0,0.0,0.07337854004964,0.21944690932111394,11.344309332817977,0.1003851490901078,5638.0,0.853146068751812,0.0,0.0,inf,0.9428792064881677,3166.0,0.0
socofing:000263:left_thumb,random_rectangles,0.699999988079071,0.04061405342457912,0.15934823191178052,13.913236642386366,0.1472268074222473,4915.0,0.6668595373630524,0.0,0.0,inf,0.9876259349422256,11469.0,0.0,0.043397708330882835,0.16926324156177597,13.625332033337891,0.09708112118789308,4597.0,0.6668595373630524,0.0,0.0,inf,0.9738118144795964,5186.0,0.0
socofing:000263:left_index,random_rectangles,0.800000011920929,0.04954556021034747,0.17966247167094956,13.04995256668847,0.1067710835118426,3277.0,0.7097391337156296,0.0,0.0,inf,0.9894559727555513,13107.0,0.0,0.05054250612008006,0.1826023013806812,12.96343227648838,0.09503500435212936,3210.0,0.7097391337156296,0.0,0.0,inf,0.9783095280842093,5174.0,0.0
socofing:000263:left_middle,irregular,0.10000000149011612,0.03509413493701202,0.14961410372309708,14.547654583867589,0.2649367712277519,14746.0,0.8132657408714294,0.0,0.0,inf,0.575465112628944,1638.0,0.0,0.04532438783485937,0.16922544697951608,13.436680529078641,0.08628571506237712,9056.0,0.8132657408714294,0.0,0.0,inf,0.6720732882450929,588.0,0.0
socofing:000263:left_ring,irregular,0.20000000298023224,0.03229219576057754,0.1417882539785033,14.90902423416389,0.361496223702444,13107.0,0.6793855875730515,0.0,0.0,inf,0.746504870625818,3277.0,0.0,0.04543749324922751,0.1733625803924932,13.425856363211997,0.13698284202663205,7217.0,0.6793855875730515,0.0,0.0,inf,0.8699113310676638,1792.0,0.0
socofing:000263:left_little,irregular,0.30000001192092896,0.030438220824309182,0.1358625718927319,15.165807365521534,0.35188411619271986,11469.0,0.752969816327095,0.0,0.0,inf,0.8123888224164745,4915.0,0.0,0.04502959465125782,0.1684481947256411,13.465019624644338,0.1466819079598511,6201.0,0.752969816327095,0.0,0.0,inf,0.8501217247645114,1575.0,0.0
socofing:000263:right_thumb,irregular,0.4000000059604645,0.0582989177513802,0.18818423948364402,12.343395073158783,0.30954155465749106,9830.0,0.8772122226655483,0.0,0.0,inf,0.8855538144356058,6554.0,0.0,0.07526144191584777,0.23295628835665896,11.234274653930179,0.13691421415178134,7233.0,0.8772122226655483,0.0,0.0,inf,0.855528998427401,3881.0,0.0
socofing:000263:right_index,irregular,0.5,0.03282580936644463,0.13563934553445733,14.837845569659073,0.3724897484458968,8192.0,0.8039986453950405,0.0,0.0,inf,0.933196370346372,8192.0,0.0,0.04466665007410024,0.1705114981630865,13.500166176845871,0.19380007054033713,5701.0,0.8039986453950405,0.0,0.0,inf,0.9359440777938076,5093.0,0.0
socofing:000263:right_middle,irregular,0.6000000238418579,0.03249414686850857,0.12971236149929372,14.88194860917648,0.3746429411773993,6554.0,0.76177828758955,0.0,0.0,inf,0.9543815143448363,9830.0,0.0,0.04224878650941902,0.15833967598956342,13.74185760556458,0.21816704707214715,4824.0,0.76177828758955,0.0,0.0,inf,0.9497366960223605,5741.0,0.0
socofing:000263:right_ring,irregular,0.699999988079071,0.03273746693791346,0.13966606804449205,14.849549271673679,0.393368043237841,4915.0,0.7550787888467312,0.0,0.0,inf,0.9592308218661603,11469.0,0.0,0.043377839947802796,0.17692332406590744,13.627320780043144,0.21909465448021145,3430.0,0.7550787888467312,0.0,0.0,inf,0.9397541341628071,6636.0,0.0
socofing:000263:right_little,irregular,0.800000011920929,0.022457374518658983,0.10274489061622166,16.4864101827528,0.4447122058511567,3277.0,0.6795314699411392,0.0,0.0,inf,0.9785529835574758,13107.0,0.0,0.03399945955454814,0.13889005046456251,14.685279863207732,0.22620034462792724,2045.0,0.6795314699411392,0.0,0.0,inf,0.9786390113531357,6885.0,0.0
socofing:000274:left_thumb,central_missing,0.10000000149011612,0.10421530934775022,0.24994580843331154,9.820684779955158,0.13205064199490554,14746.0,0.9441421022638679,0.0,0.0,inf,0.9104980241038858,1638.0,0.0,0.12219717629334527,0.2828408460885322,9.129388295630825,0.02811331950767903,12216.0,0.9441421022638679,0.0,0.0,inf,0.879644765424772,270.0,0.0
socofing:000274:left_index,central_missing,0.20000000298023224,0.09695332128553262,0.2428969887599771,10.134373089032412,0.1455985302241091,13107.0,0.9471600046381354,0.0,0.0,inf,0.9107278797496162,3277.0,0.0,0.11066866975905308,0.27020310864485536,9.55975310255711,0.057445158987808886,11087.0,0.9471600046381354,0.0,0.0,inf,0.8126973354582204,670.0,0.0
socofing:000274:left_middle,central_missing,0.30000001192092896,0.13234501473336813,0.29257532260766805,8.782924133695563,0.05270646786113117,11469.0,0.9698284259065986,0.0,0.0,inf,0.9535355292749209,4915.0,0.0,0.13484781953154476,0.29692740714522625,8.70156071629141,0.04165759791187562,11042.0,0.9698284259065986,0.0,0.0,inf,0.9262560309987137,1683.0,0.0
socofing:000274:left_ring,central_missing,0.4000000059604645,0.10024532985607897,0.2547325818541735,9.989358507773892,0.054427883668233326,9830.0,0.95515340520069,0.0,0.0,inf,0.9624858010892984,6554.0,0.0,0.10066584305438324,0.2554287721074663,9.971178649916492,0.048074367308668285,9745.0,0.95515340520069,0.0,0.0,inf,0.927265180882801,2656.0,0.0
socofing:000274:left_little,central_missing,0.5,0.07550822902727732,0.2213690583766379,11.220057155709435,0.05849967552524975,8192.0,0.9757705917581916,0.0,0.0,inf,0.9757925851371367,8192.0,0.0,0.0763696798542753,0.22366718429128443,11.170790299789527,0.05011122545997972,8099.0,0.9757705917581916,0.0,0.0,inf,0.9379842799790693,2868.0,0.0
socofing:000274:right_thumb,central_missing,0.6000000238418579,0.11250295769154374,0.28760127100187216,9.488360598438929,0.04878821807894029,6554.0,0.8945513349026442,0.0,0.0,inf,0.9882141555370746,9830.0,0.0,0.11250295769154374,0.28760127100187216,9.488360598438929,0.04878821807894029,6554.0,0.8945513349026442,0.0,0.0,inf,0.9815194048380034,6269.0,0.0
socofing:000274:right_index,central_missing,0.699999988079071,0.09501486148099525,0.25913016676205464,10.222084604543051,0.05860071858181481,4915.0,0.7227174043655396,0.0,0.0,inf,0.9919366422242406,11469.0,0.0,0.09501486148099525,0.25913016676205464,10.222084604543051,0.05860071858181481,4915.0,0.7227174043655396,0.0,0.0,inf,0.9863961973624323,6798.0,0.0
socofing:000274:right_middle,central_missing,0.800000011920929,0.09497268319411858,0.2622901926677973,10.22401292016805,0.04934533457307899,3277.0,0.717992901802063,0.0,0.0,inf,0.9942161185649907,13107.0,0.0,0.09497268319411858,0.2622901926677973,10.22401292016805,0.04934533457307899,3277.0,0.717992901802063,0.0,0.0,inf,0.9918247240409072,9273.0,0.0
socofing:000274:right_ring,peripheral_only,0.10000000149011612,0.06031928055017286,0.18709707963872166,12.195438470944048,0.2596026423258369,14746.0,0.9203296890482306,0.0,0.0,inf,0.9033665707751742,1638.0,0.0,0.07973100359390141,0.2328535860051464,10.983727692999661,0.06179094709671153,10490.0,0.9203296890482306,0.0,0.0,inf,0.9062279698357714,1565.0,0.0
socofing:000274:right_little,peripheral_only,0.20000000298023224,0.05510911399490702,0.17747259035243523,12.587765711958316,0.3244667577947188,13107.0,0.8949606996029615,0.0,0.0,inf,0.8745280597990193,3277.0,0.0,0.08055835052479242,0.235754065600659,10.938894347746288,0.09549527523948641,8413.0,0.8949606996029615,0.0,0.0,inf,0.9184108852881476,2541.0,0.0
socofing:000284:left_thumb,peripheral_only,0.30000001192092896,0.033280246308382805,0.13443593213386487,14.778134681392567,0.31848482665567807,11469.0,0.7421594560146332,0.0,0.0,inf,0.9595548438041894,4915.0,0.0,0.04399093128509911,0.16397456154912593,13.566368439404254,0.13305575263973515,7610.0,0.7421594560146332,0.0,0.0,inf,0.9595586873695243,4223.0,0.0
socofing:000284:left_index,peripheral_only,0.4000000059604645,0.04670636277112092,0.159794143811702,13.306239518074069,0.4032601083244528,9830.0,0.7586229369044304,0.0,0.0,inf,0.9020134881410334,6554.0,0.0,0.07974400663556816,0.23030152758641453,10.983019475549389,0.11404135366521913,5136.0,0.7586229369044304,0.0,0.0,inf,0.9503114276402467,2664.0,0.0
socofing:000284:left_middle,peripheral_only,0.5,0.02325806140891883,0.10892568406779901,16.33426487135335,0.41515724170488444,8192.0,0.6993709951639175,0.0,0.0,inf,0.9649172910601956,8192.0,0.0,0.03330069650833081,0.1423783433540374,14.77546682813162,0.1688534459505197,4744.0,0.6993709951639175,0.0,0.0,inf,0.9676049596387238,6353.0,0.0
socofing:000284:left_ring,peripheral_only,0.6000000238418579,0.023377870536036516,0.1083000969502087,16.3119505076903,0.4211949601618312,6554.0,0.6834657043218613,0.0,0.0,inf,0.9708809363968213,9830.0,0.0,0.03785224715706633,0.1560549837573073,14.219083328364428,0.12249489912018545,3755.0,0.6834657043218613,0.0,0.0,inf,0.9760036200609866,5776.0,0.0
socofing:000284:left_little,peripheral_only,0.699999988079071,0.02370773698611932,0.10486368503296484,16.251098994737927,0.5019754186856517,4915.0,0.6828304827213287,0.0,0.0,inf,0.9731713452041424,11469.0,0.0,0.04179835569304621,0.16103818434360834,13.788408026145023,0.19294823195631694,2466.0,0.6828304827213287,0.0,0.0,inf,0.9793127473525344,6522.0,0.0
socofing:000284:right_thumb,peripheral_only,0.800000011920929,0.027130479626377223,0.12121384957027137,15.66542528492448,0.3899866870157558,3277.0,0.822878472507,0.0,0.0,inf,0.9829430998870268,13107.0,0.0,0.03730277563083544,0.1631306150208667,14.282588519364278,0.13796994882935587,2053.0,0.7922501489520073,0.0,0.0,inf,0.9798265311480154,9696.0,0.0
socofing:000284:right_index,central_only,0.10000000149011612,0.021579948244046937,0.1107918683696671,16.659496012356744,0.38696206513908826,14746.0,0.7021834254264832,0.0,0.0,inf,0.9463291410980937,1638.0,0.0,0.024926798419238394,0.11837175077734849,16.033334983974367,0.22209945003753978,9750.0,0.7021834254264832,0.0,0.0,inf,0.9463291410980937,1638.0,0.0
socofing:000284:right_middle,central_only,0.20000000298023224,0.027803108591606996,0.12419161131002815,15.55906644056522,0.3977268615360074,13107.0,0.7099917978048325,0.0,0.0,inf,0.974827206915281,3277.0,0.0,0.03344330906275151,0.13539480947847532,14.756907576506862,0.18633683637283008,7254.0,0.7099917978048325,0.0,0.0,inf,0.974827206915281,3277.0,0.0
socofing:000284:right_ring,central_only,0.30000001192092896,0.026774892417938286,0.12235363059954818,15.722722654966528,0.5155457727172651,11469.0,0.7423789501190186,0.0,0.0,inf,0.9767617711731063,4915.0,0.0,0.034535971626302474,0.13784832226976831,14.617283211546997,0.23971838910523216,5131.0,0.6939946711063385,0.0,0.0,inf,0.9767617711731063,4915.0,0.0
socofing:000284:right_little,central_only,0.4000000059604645,0.028502809054202383,0.12753626211249816,15.451123366012467,0.5787535581483252,9830.0,0.7028893828392029,0.0,0.0,inf,0.9799930863351647,6554.0,0.0,0.050659509165572415,0.1731929866164379,12.953390223566847,0.24259116299883005,3233.0,0.7028893828392029,0.0,0.0,inf,0.9799930863351647,6554.0,0.0
socofing:000289:left_thumb,central_only,0.5,0.026875922174242818,0.11851212007883305,15.706366251855854,0.612363577623708,8192.0,0.8412339668720961,0.0,0.0,inf,0.9504853095086162,8192.0,0.0,0.07169754365647174,0.22108915476422966,11.444957229195577,0.15434087991791742,2182.0,0.832089003175497,0.0,0.0,inf,0.9837759644549278,6707.0,0.0
socofing:000289:left_index,central_only,0.6000000238418579,0.029036782527104243,0.11744527737888558,15.370515080868996,0.5943259753836323,6554.0,0.7008378207683563,0.0,0.0,inf,0.9686145965738276,9830.0,0.0,0.07135154040913252,0.22168169472787064,11.465966464601308,0.21730015850341006,1732.0,0.6935884803533554,0.0,0.0,inf,0.9876256464431095,6907.0,0.0
socofing:000289:left_middle,central_only,0.699999988079071,0.008957032669021977,0.06917433414441493,20.47835841778604,0.6828488701081835,4915.0,0.72424381878227,0.0,0.0,inf,0.9871196361994725,11469.0,0.0,0.018071901168184065,0.09903203127026533,17.429961571557357,0.3891356013011292,1197.0,0.72424381878227,0.0,0.0,inf,0.9933007978111211,10419.0,0.0
socofing:000289:left_ring,central_only,0.800000011920929,0.02096038930762619,0.08940298392215439,16.786006552482508,0.6291829167142954,3277.0,0.8251802306622267,0.0,0.0,inf,0.9877462850850419,13107.0,0.0,0.0645795793200058,0.20461617313946287,11.899047883618302,0.20196204210735477,450.0,0.6612784191966057,0.0,0.0,inf,0.9944562344452427,8931.0,0.0
socofing:000289:left_little,disconnected_fragments,0.10000000149011612,0.059451227910624474,0.19157022192304207,12.258391709981694,0.3326591312945038,14746.0,0.9175816774368286,0.0,0.0,inf,0.9149382822911444,1638.0,0.0,0.08867346402399504,0.25226039655984467,10.52206325513822,0.0847362337809202,8209.0,0.9175816774368286,0.0,0.0,inf,0.9163256338331738,1551.0,0.0
socofing:000289:right_thumb,disconnected_fragments,0.20000000298023224,0.04778411344047661,0.18238381510443416,13.20716467235651,0.43474778610352877,13107.0,0.8411666136234999,0.0,0.0,inf,0.8586310245797694,3277.0,0.0,0.08720247131780712,0.25246977564171663,10.59471206988555,0.09608274651858745,4652.0,0.8411666136234999,0.0,0.0,inf,0.9144012796558753,2495.0,0.0
socofing:000289:right_index,disconnected_fragments,0.30000001192092896,0.05937269787989599,0.1800834542332086,12.264132163976573,0.31245036124125025,11469.0,0.9341848492622375,0.0,0.0,inf,0.971816334860376,4915.0,0.0,0.08025782986590885,0.22907862163744006,10.955125875625928,0.10840500662866215,7708.0,0.9169494505040348,0.0,0.0,inf,0.974088657317024,4332.0,0.0
socofing:000289:right_middle,disconnected_fragments,0.4000000059604645,0.04384814625416927,0.1541546654354095,13.580487623572953,0.37596386255321085,9830.0,0.8301832042634487,0.0,0.0,inf,0.9830278916462205,6554.0,0.0,0.06535826605195436,0.2085681731214384,11.846994781105419,0.1281476603766848,6110.0,0.8301832042634487,0.0,0.0,inf,0.983741935997829,6014.0,0.0
socofing:000289:right_ring,disconnected_fragments,0.5,0.03981742250585353,0.14243859734409625,13.999268565063705,0.37355430739991546,8192.0,0.8552380129694939,0.0,0.0,inf,0.9815590953335248,8192.0,0.0,0.06171805514003608,0.18983605108223855,12.095877678852737,0.11981987613096971,4706.0,0.8505793176591396,0.0,0.0,inf,0.9824918252898013,7343.0,0.0
socofing:000289:right_little,disconnected_fragments,0.6000000238418579,0.02480732647178251,0.12063926115969117,16.054200378687266,0.5601209774434074,6554.0,0.6213000118732452,0.0,0.0,inf,0.9921249533205332,9830.0,0.0,0.04696083848470833,0.1843974359365869,13.282641573730691,0.2671626555306402,2821.0,0.6213000118732452,0.0,0.0,inf,0.9909102825307056,7958.0,0.0
socofing:000291:left_thumb,disconnected_fragments,0.699999988079071,0.12619080451306827,0.26173390945597785,8.989722908504717,0.2156206817951195,4915.0,0.9745180010795593,0.0,0.0,inf,0.98473306308406,11469.0,0.0,0.15560950823356745,0.31629701844526953,8.079638697678623,0.10132921489626844,3442.0,0.9745180010795593,0.0,0.0,inf,0.9829471911599083,8437.0,0.0
socofing:000291:left_index,disconnected_fragments,0.800000011920929,0.018373815358140286,0.08264134108206285,17.358006522441958,0.7238425372685865,3277.0,0.7620751243084669,0.0,0.0,inf,0.9939328576642913,13107.0,0.0,0.05576914583281554,0.18004351098999732,12.53606007165883,0.3279340044121108,889.0,0.7459070077165961,0.0,0.0,inf,0.9963830311550601,9127.0,0.0
socofing:000291:left_middle,stripes,0.10000000149011612,0.048500083474428746,0.17267784686471999,13.142575139244872,0.3305000174805483,14746.0,0.8588185291737318,0.0,0.0,inf,0.8996432731290218,1638.0,0.0,0.06983385581932125,0.22421274561694585,11.559339780817986,0.0827779826585008,9019.0,0.7513715550303459,0.0,0.0,inf,0.9324993437269049,1014.0,0.0
socofing:000291:left_ring,stripes,0.20000000298023224,0.05394673623791237,0.18222182811776969,12.680348248780344,0.2577844088771273,13107.0,0.7659388110041618,0.0,0.0,inf,0.9350656080241532,3277.0,0.0,0.0711126801074264,0.22355663983341972,11.480529532830593,0.09394805991045406,8568.0,0.7659388110041618,0.0,0.0,inf,0.9600696096801687,1344.0,0.0
socofing:000291:left_little,stripes,0.30000001192092896,0.04949514126146617,0.1702856397542822,13.054374319129368,0.37551477041769166,11469.0,0.7623506039381027,0.0,0.0,inf,0.9235265808822679,4915.0,0.0,0.07543390548838437,0.22787242224860246,11.224334066928293,0.10636153469831233,5673.0,0.7623506039381027,0.0,0.0,inf,0.9698062662421021,2137.0,0.0
socofing:000291:right_thumb,stripes,0.4000000059604645,0.058492427369011085,0.18565014383494133,12.329003555371248,0.2076585094787541,9830.0,0.8608519993722439,0.0,0.0,inf,0.979853460451745,6554.0,0.0,0.07070284310333266,0.2165594608848109,11.505631219985355,0.0664551890392474,7805.0,0.8608519993722439,0.0,0.0,inf,0.9713874720276,3828.0,0.0
socofing:000291:right_index,stripes,0.5,0.06635176559962094,0.1950492978722309,11.781475162061694,0.22374194549214593,8192.0,0.9013212900608778,0.0,0.0,inf,0.9746279242796336,8192.0,0.0,0.07832401669622246,0.2235486894452674,11.061050486784335,0.11670891926979655,6846.0,0.9013212900608778,0.0,0.0,inf,0.9583228594998757,4186.0,0.0
socofing:000291:right_middle,stripes,0.6000000238418579,0.04153243093879257,0.1428654651298379,13.81612648413215,0.4510679587908779,6554.0,0.9176283474080265,0.0,0.0,inf,0.9892942008036117,9830.0,0.0,0.07482448681181404,0.21691933228073418,11.259562531120494,0.1404361310934374,3394.0,0.9176283474080265,0.0,0.0,inf,0.992869673459952,7611.0,0.0
socofing:000291:right_ring,stripes,0.699999988079071,0.04838124811875052,0.15709304423009862,13.153229320862877,0.3970084706959334,4915.0,0.7443898320198059,0.0,0.0,inf,0.9878653916496041,11469.0,0.0,0.07633172627813971,0.22708802691991992,11.172949157319534,0.1012056099402834,2995.0,0.7443898320198059,0.0,0.0,inf,0.9884793244753317,4987.0,0.0
socofing:000291:right_little,stripes,0.800000011920929,0.04536567103245296,0.1573683632362087,13.432726608136798,0.41810917508804063,3277.0,0.7777256928384304,0.0,0.0,inf,0.9835110168416197,13107.0,0.0,0.06874918680049058,0.2210713468802778,11.627324345180392,0.1771614295108393,2029.0,0.7777256928384304,0.0,0.0,inf,0.9822060458331245,6068.0,0.0
socofing:000293:left_thumb,severe_partial,0.10000000149011612,0.05932166320751035,0.18976165332099318,12.267866811143566,0.28873454399979515,14746.0,0.7444330379366875,0.0,0.0,inf,0.8888312067705989,1638.0,0.0,0.08146607450613681,0.2340174378035207,10.890232099370163,0.08074570983901513,9359.0,0.7420206665992737,0.0,0.0,inf,0.9230296990295199,1476.0,0.0
socofing:000293:left_index,severe_partial,0.20000000298023224,0.04050408322040382,0.15604252532310542,13.925011933111959,0.3370308852526059,13107.0,0.7417544052004814,0.0,0.0,inf,0.8914101960456079,3277.0,0.0,0.05949217380374172,0.20432799297265442,12.255401619588522,0.07561825773711123,8177.0,0.7417544052004814,0.0,0.0,inf,0.9023547542511181,983.0,0.0
socofing:000293:left_middle,severe_partial,0.30000001192092896,0.04062095184573018,0.15328330872738755,13.912499042570381,0.3843177276395395,11469.0,0.8004218861460686,0.0,0.0,inf,0.9391306985228705,4915.0,0.0,0.06258228220090344,0.20845524284652292,12.035486033952179,0.11768218691758323,6446.0,0.8004218861460686,0.0,0.0,inf,0.96505603811232,3303.0,0.0
socofing:000293:left_ring,random_rectangles,0.10000000149011612,0.08663306527334627,0.23116242706114531,10.623163190103387,0.16535430692968875,14746.0,0.9455386991612613,0.0,0.0,inf,0.6744925214607965,1638.0,0.0,0.10410434584135538,0.26244746089414145,9.82531140465208,0.04542779387115951,10284.0,0.9340128293260932,0.0,0.0,inf,0.508616826184575,93.0,0.0
socofing:000293:left_little,random_rectangles,0.20000000298023224,0.051344963170036624,0.17977759378238947,12.895021533276337,0.29570074771069305,13107.0,0.6997044086456299,0.0,0.0,inf,0.8771369897237925,3277.0,0.0,0.07259262795787931,0.22653091378406412,11.391074812252057,0.08781426950734718,7786.0,0.6997044086456299,0.0,0.0,inf,0.790168932551279,357.0,0.0
socofing:000293:right_thumb,random_rectangles,0.30000001192092896,0.07166333882451391,0.2045410327498938,11.447029617394994,0.16138580072247832,11469.0,0.944220601581037,0.0,0.0,inf,0.9504561106734671,4915.0,0.0,0.08139255428320781,0.22595809975424438,10.894153221576916,0.07062949336293511,9958.0,0.944220601581037,0.0,0.0,inf,0.9525290951669191,1327.0,0.0
socofing:000293:right_index,random_rectangles,0.4000000059604645,0.06043848201942817,0.19225347244236637,12.186864519912655,0.1784669475348886,9830.0,0.8149402718991041,0.0,0.0,inf,0.9627368639773783,6554.0,0.0,0.07074214767602138,0.21826292180247595,11.503217594818768,0.07519486576344306,8263.0,0.8149402718991041,0.0,0.0,inf,0.9498198989446552,1954.0,0.0
socofing:000293:right_middle,random_rectangles,0.5,0.05631012947903719,0.18449549972456225,12.494134740447713,0.20008994734383145,8192.0,0.9087898721918464,0.0,0.0,inf,0.9660672984404675,8192.0,0.0,0.06340910546213928,0.205134725355497,11.978483735374837,0.10802496795765072,7079.0,0.9087898721918464,0.0,0.0,inf,0.9413564339765219,2733.0,0.0
socofing:000293:right_ring,random_rectangles,0.6000000238418579,0.04132260311539765,0.1642235718304584,13.838123279306425,0.22172486638522942,6554.0,0.7213498344644904,0.0,0.0,inf,0.9647202713123842,9830.0,0.0,0.04666155087166353,0.18081816357073646,13.310408308270393,0.14792473882726692,5703.0,0.7213498344644904,0.0,0.0,inf,0.9351671450823238,3988.0,0.0
socofing:000293:right_little,random_rectangles,0.699999988079071,0.05951156405546782,0.17909751388917952,12.253986356580256,0.39253511511597067,4915.0,0.736166775226593,0.0,0.0,inf,0.9657484500503705,11469.0,0.0,0.09225644636372661,0.2560489075360093,10.350032780428137,0.1884066663770038,3113.0,0.736166775226593,0.0,0.0,inf,0.9644411833260657,5738.0,0.0
socofing:000302:left_thumb,random_rectangles,0.800000011920929,0.0870050678150541,0.22593622421447915,10.604554501398521,0.09582823965310039,3277.0,0.9410163126885891,0.0,0.0,inf,0.9871448552007815,13107.0,0.0,0.0870050678150541,0.22593622421447915,10.604554501398521,0.09582823965310039,3277.0,0.9410163126885891,0.0,0.0,inf,0.9800078146856116,8337.0,0.0
socofing:000302:left_index,irregular,0.10000000149011612,0.05476981429789968,0.18750816610841733,12.61458731584163,0.24417954783456627,14746.0,0.8431878071278334,0.0,0.0,inf,0.7815077517193372,1638.0,0.0,0.07024357325229641,0.22487720303579325,11.533934042163702,0.07715235720601858,10237.0,0.8431878071278334,0.0,0.0,inf,0.8039106388065331,859.0,0.0
socofing:000302:left_middle,irregular,0.20000000298023224,0.04313732159221094,0.16519020623382158,13.651468238564357,0.3215429539341977,13107.0,0.7539741918444633,0.0,0.0,inf,0.8473630310333395,3277.0,0.0,0.05822094052596741,0.208033438696423,12.34920783061783,0.12887343482814345,8698.0,0.6807060237042606,0.0,0.0,inf,0.8530764017447443,2052.0,0.0
socofing:000302:left_ring,irregular,0.30000001192092896,0.051790696969829575,0.18031466295046178,12.857482444539286,0.29517762129925146,11469.0,0.8064367920160294,0.0,0.0,inf,0.8368518844018752,4915.0,0.0,0.06539935030375256,0.21951747642225306,11.844265660625323,0.1419653581058312,8446.0,0.8064367920160294,0.0,0.0,inf,0.7917776155617916,3347.0,0.0
socofing:000302:left_little,irregular,0.4000000059604645,0.0187127019248568,0.09918813440619019,17.278635002425897,0.42723717116918003,9830.0,0.693548172712326,0.0,0.0,inf,0.8931086183092825,6554.0,0.0,0.026195658266577205,0.12047895071450955,15.81770683761172,0.2377813108931413,6181.0,0.693548172712326,0.0,0.0,inf,0.9186847210653021,3515.0,0.0
socofing:000302:right_thumb,irregular,0.5,0.06040433905155639,0.1828754765097642,12.189318633910602,0.28727753054136873,8192.0,0.9125950913876295,0.0,0.0,inf,0.945313238490986,8192.0,0.0,0.07342036217267563,0.21623640766283625,11.341834775110492,0.1567602798524151,6254.0,0.9125950913876295,0.0,0.0,inf,0.9436295319865444,5482.0,0.0
socofing:000302:right_index,irregular,0.6000000238418579,0.06354895899275194,0.18819784195789585,11.968915593099167,0.2527275613004785,6554.0,0.9236887693405151,0.0,0.0,inf,0.9530640226225228,9830.0,0.0,0.07165734560052868,0.20806521928237695,11.447392834207355,0.16610030190431657,5734.0,0.9236887693405151,0.0,0.0,inf,0.9178668551319613,4771.0,0.0
socofing:000302:right_middle,irregular,0.699999988079071,0.056557159068961936,0.18274215144396116,12.475124137737524,0.27695660889756896,4915.0,0.8472742438316345,0.0,0.0,inf,0.9655705621635075,11469.0,0.0,0.06354798622778113,0.20050583589967094,11.968982072503263,0.19908478654010503,4071.0,0.8472742438316345,0.0,0.0,inf,0.9492734945336456,7354.0,0.0
socofing:000302:right_ring,irregular,0.800000011920929,0.03293780019390097,0.12242215162078882,14.82305409281387,0.46069362113442797,3277.0,0.8671978674829006,0.0,0.0,inf,0.9831553408954788,13107.0,0.0,0.048506390625131394,0.168233080798253,13.142010401524843,0.24075548536562427,2182.0,0.8671978674829006,0.0,0.0,inf,0.9835582380778048,9214.0,0.0
socofing:000302:right_little,central_missing,0.10000000149011612,0.06063268051613191,0.1902818290286714,12.17293231573186,0.22000700419046493,14746.0,0.8189375959336758,0.0,0.0,inf,0.8804071355854947,1638.0,0.0,0.07729015694070522,0.22531386168840328,11.118758108491601,0.06220615047023863,10973.0,0.8189375959336758,0.0,0.0,inf,0.5170984952303601,53.0,0.0
socofing:000303:left_thumb,central_missing,0.20000000298023224,0.04595786017778737,0.16710386424375642,13.37640200493185,0.30283422362151724,13107.0,0.7529549449682236,0.0,0.0,inf,0.8980586981191435,3277.0,0.0,0.06592318025890104,0.21172124376849139,11.809618496183418,0.09135517947432883,8349.0,0.7529549449682236,0.0,0.0,inf,0.8377006647878806,124.0,0.0
socofing:000303:left_index,central_missing,0.30000001192092896,0.06306169375133691,0.1924165589690656,12.00234368872275,0.2578376677317121,11469.0,0.8025042414665222,0.0,0.0,inf,0.9193301421250774,4915.0,0.0,0.08932435388887602,0.24526804927935442,10.490301165026361,0.09915873975496463,6976.0,0.8025042414665222,nan,nan,nan,nan,0.0,nan
socofing:000303:left_middle,central_missing,0.4000000059604645,0.055560529620839474,0.1817361750064412,12.552336230799979,0.18292416133084688,9830.0,0.908352430909872,0.0,0.0,inf,0.9415753374034115,6554.0,0.0,0.06975026202615951,0.2127792666327378,11.56454156566172,0.06805234002522899,7512.0,0.908352430909872,0.0,0.0,inf,0.8158993020915726,567.0,0.0
socofing:000303:left_ring,central_missing,0.5,0.046522232062155465,0.16651757395482036,13.323394566903099,0.24169249001351412,8192.0,0.8327988963574171,0.0,0.0,inf,0.9749544908334942,8192.0,0.0,0.06140619202813303,0.20467958414728668,12.117878336135302,0.0767124006077088,5988.0,0.8327988963574171,0.0,0.0,inf,0.9581909085813299,1564.0,0.0
socofing:000303:left_little,central_missing,0.6000000238418579,0.037421113673763384,0.1447227245681545,14.26883291791301,0.16406838343774285,6554.0,0.7316711992025375,0.0,0.0,inf,0.9868482798729926,9830.0,0.0,0.04006899914026467,0.15347070216835226,13.97191505415786,0.11453473709647871,6114.0,0.7316711992025375,0.0,0.0,inf,0.9771565617189119,4115.0,0.0
socofing:000303:right_thumb,central_missing,0.699999988079071,0.06131685180347835,0.20122029010286044,12.124201512650854,0.07442220681132168,4915.0,0.7958093276247382,0.0,0.0,inf,0.9923675268576704,11469.0,0.0,0.06131685180347835,0.20122029010286044,12.124201512650854,0.07442220681132168,4915.0,0.7958093276247382,0.0,0.0,inf,0.9862514788017313,6367.0,0.0
socofing:000303:right_index,central_missing,0.800000011920929,0.05217106602766905,0.1857093643966345,12.825702891123159,0.0769865773099706,3277.0,0.6586762964725494,0.0,0.0,inf,0.9938447289103224,13107.0,0.0,0.05217106602766905,0.1857093643966345,12.825702891123159,0.0769865773099706,3277.0,0.6586762964725494,0.0,0.0,inf,0.9879062901855188,6671.0,0.0
socofing:000303:right_middle,peripheral_only,0.10000000149011612,0.04393799556880329,0.16408292283404458,13.571597592785945,0.32814946231280123,14746.0,0.775430254638195,0.0,0.0,inf,0.8507877530165133,1638.0,0.0,0.06124691956298437,0.20597160313790827,12.129157494195962,0.11075775546936988,9437.0,0.775430254638195,0.0,0.0,inf,0.8825350365930842,1495.0,0.0
socofing:000303:right_ring,peripheral_only,0.20000000298023224,0.04778770735012799,0.16953254744630503,13.20683804571743,0.3394746544026435,13107.0,0.8759487234055996,0.0,0.0,inf,0.8319106904288227,3277.0,0.0,0.07190991987924268,0.2193330622609626,11.432111951296232,0.08740062101918798,7159.0,0.8759487234055996,0.0,0.0,inf,0.8973269539339831,1684.0,0.0
socofing:000303:right_little,peripheral_only,0.30000001192092896,0.04335919889366753,0.16350772063003355,13.629187504381576,0.3874712196144823,11469.0,0.7399247288703918,0.0,0.0,inf,0.8190997292150711,4915.0,0.0,0.06865767184310306,0.21844772028017984,11.633109274298763,0.13325396207471898,5197.0,0.7399247288703918,0.0,0.0,inf,0.926815232793681,1914.0,0.0
socofing:000308:left_thumb,peripheral_only,0.4000000059604645,0.027203912191257222,0.12057113706125733,15.653686356386059,0.31495447671869375,9830.0,0.6937502920627594,0.0,0.0,inf,0.9657212169818783,6554.0,0.0,0.031880972878991616,0.13889854760027268,14.9646843415388,0.16176712493016274,7100.0,0.6937502920627594,0.0,0.0,inf,0.9638497740722567,5679.0,0.0
socofing:000308:left_index,peripheral_only,0.5,0.01672293819697194,0.08725577717086708,17.766874152567137,0.40083938567150257,8192.0,0.7072116732597351,0.0,0.0,inf,0.9596571861726898,8192.0,0.0,0.021678939749542374,0.10502917004319337,16.6396196162548,0.1937316490955619,5460.0,0.7072116732597351,0.0,0.0,inf,0.9574784330598944,6054.0,0.0
socofing:000308:left_middle,peripheral_only,0.6000000238418579,0.014837873903659074,0.0815897280322476,18.286283239935514,0.3992663796733786,6554.0,0.601317748427391,0.0,0.0,inf,0.9748028650096703,9830.0,0.0,0.014949201643284114,0.08794225307562298,18.25382000060248,0.25751805231756686,4583.0,0.601317748427391,0.0,0.0,inf,0.972793760615137,7634.0,0.0
socofing:000308:left_ring,peripheral_only,0.699999988079071,0.02813473913746127,0.11824174458473648,15.507571072271135,0.36157431539448104,4915.0,0.6149927973747253,0.0,0.0,inf,0.9780167353906242,11469.0,0.0,0.03555328443451005,0.14437817259859506,14.491202726868039,0.16118496916869127,3318.0,0.6149927973747253,0.0,0.0,inf,0.9647863586828135,6483.0,0.0
socofing:000308:left_little,peripheral_only,0.800000011920929,0.01879272771754407,0.0929985839326752,17.260101785636476,0.6066948474833981,3277.0,0.6317203640937805,0.0,0.0,inf,0.985869185713189,13107.0,0.0,0.04033395493683796,0.16606720185697488,13.943291912571357,0.2535992640938631,1313.0,0.6317203640937805,0.0,0.0,inf,0.9883586899921369,7464.0,0.0
socofing:000308:right_thumb,central_only,0.10000000149011612,0.14502197532592748,0.30093702059217675,8.38566183698378,0.17011997389411315,14746.0,0.9344629044644535,0.0,0.0,inf,0.8727147438200613,1638.0,0.0,0.1676474847469888,0.3497478650068136,7.756029580043099,0.04328759255139603,10901.0,0.9344629044644535,0.0,0.0,inf,0.8727147438200613,1638.0,0.0
socofing:000308:right_index,central_only,0.20000000298023224,0.05040271091194855,0.1778767731911073,12.97546104379115,0.3215520940856663,13107.0,0.7825036570429802,0.0,0.0,inf,0.9262594005958327,3277.0,0.0,0.07111118633752744,0.23117586891190084,11.480620760279345,0.09995871623848712,7421.0,0.7726212106645107,0.0,0.0,inf,0.9262594005958327,3277.0,0.0
socofing:000308:right_middle,central_only,0.30000001192092896,0.03211917323536587,0.13364417057905673,14.932356422208654,0.43399073813773964,11469.0,0.7301504015922546,0.0,0.0,inf,0.9664345053467687,4915.0,0.0,0.04418806733966344,0.16468877483153002,13.54694992827264,0.19566728927921,6503.0,0.7301504015922546,0.0,0.0,inf,0.9664345053467687,4915.0,0.0
socofing:000308:right_ring,central_only,0.4000000059604645,0.02716369077176965,0.11789345265283711,15.66011222133966,0.47676514602337,9830.0,0.6947446465492249,0.0,0.0,inf,0.9805243612790296,6554.0,0.0,0.03828936779010592,0.14770782635279225,14.169218043897141,0.2547401572534925,5032.0,0.6947446465492249,0.0,0.0,inf,0.9805243612790296,6554.0,0.0
socofing:000308:right_little,central_only,0.5,0.02122906026091604,0.10527330809964042,16.73069230164269,0.5958332475905066,8192.0,0.7020007520914078,0.0,0.0,inf,0.9608140377759311,8192.0,0.0,0.04504682505840314,0.16424847015977,13.463358130801765,0.19874093050788857,2474.0,0.7020007520914078,0.0,0.0,inf,0.9877027525513953,7206.0,0.0
socofing:000309:left_thumb,central_only,0.6000000238418579,0.04626425965741761,0.1407065540132234,13.347543832267858,0.523622281990399,6554.0,0.9336017360910773,0.0,0.0,inf,0.978216448107472,9830.0,0.0,0.09507857384538418,0.24899289674955227,10.219173412026413,0.1433458113131429,2216.0,0.8403636179864407,0.0,0.0,inf,0.9879054779847812,9251.0,0.0
socofing:000309:left_index,central_only,0.699999988079071,0.02195743712305873,0.08964355490610974,16.584183522123006,0.684527413718965,4915.0,0.8738446813076735,0.0,0.0,inf,0.9842621644387454,11469.0,0.0,0.060733781132111475,0.18857431488795462,12.165696799560958,0.370270514012026,779.0,0.8358911238610744,0.0,0.0,inf,0.9953862267381546,10474.0,0.0
socofing:000309:left_middle,central_only,0.800000011920929,0.024686416966189107,0.08563236742336411,16.075419398264376,0.7073760218251206,3277.0,0.8122625332325697,0.0,0.0,inf,0.9916904301983228,13107.0,0.0,0.09120585197698095,0.24126360052916593,10.399772954459735,0.24799991753724773,499.0,0.810072235763073,0.0,0.0,inf,0.9968906988022654,10961.0,0.0
socofing:000309:left_ring,disconnected_fragments,0.10000000149011612,0.06953864633940256,0.2067049485974549,11.57773767679936,0.31521342253828255,14746.0,0.8875113120302558,0.0,0.0,inf,0.8648970542310842,1638.0,0.0,0.09984086122891951,0.2600522365658828,10.006916814141128,0.07938125136219414,7305.0,0.8875113120302558,0.0,0.0,inf,0.9262754547109722,1306.0,0.0
socofing:000309:left_little,disconnected_fragments,0.20000000298023224,0.05596257798204795,0.18237204951062705,12.5210228743272,0.36214312826319506,13107.0,0.790473148226738,0.0,0.0,inf,0.8675618894371494,3277.0,0.0,0.09306780721369184,0.25697693148442424,10.312005184521613,0.1111918832642494,6438.0,0.790473148226738,0.0,0.0,inf,0.9433199016057671,1483.0,0.0
socofing:000309:right_thumb,disconnected_fragments,0.30000001192092896,0.08002721603650986,0.20792814508897065,10.967622909532434,0.2903070978340866,11469.0,0.9455578913912177,0.0,0.0,inf,0.9687407688688627,4915.0,0.0,0.10315490090049208,0.2611118459461642,9.865101338228879,0.1179341101803757,7599.0,0.9455578913912177,0.0,0.0,inf,0.9687407688688627,4915.0,0.0
socofing:000309:right_index,disconnected_fragments,0.4000000059604645,0.040405975398888044,0.14815284570912135,13.935544049173869,0.46894451660339903,9830.0,0.8598229270428419,0.0,0.0,inf,0.9753117497349686,6554.0,0.0,0.07296704970422319,0.22176091917276217,11.368732133345468,0.11918136654473262,4935.0,0.8598229270428419,0.0,0.0,inf,0.979741170087759,5345.0,0.0
socofing:000309:right_middle,disconnected_fragments,0.5,0.02959115950962612,0.1255623691257597,15.288380169696065,0.4759203942986022,8192.0,0.8226379747502506,0.0,0.0,inf,0.9635134030361134,8192.0,0.0,0.051828076459860456,0.17926066904627264,12.854349092073583,0.17441923397918707,4056.0,0.8226379747502506,0.0,0.0,inf,0.9736709271112328,7165.0,0.0
socofing:000309:right_ring,disconnected_fragments,0.6000000238418579,0.016945397252589894,0.1001481203367177,17.70948245499637,0.6887442993157155,6554.0,0.7077136002480984,0.0,0.0,inf,0.9559785751499495,9830.0,0.0,0.06198195470341907,0.20673059371359406,12.0773473168624,0.21564622440879377,957.0,0.7077136002480984,0.0,0.0,inf,0.9853954683385747,8206.0,0.0
socofing:000309:right_little,disconnected_fragments,0.699999988079071,0.029731956528930365,0.11265896898301153,15.267765108502353,0.6726390733374054,4915.0,0.6897531747817993,0.0,0.0,inf,0.981718200704522,11469.0,0.0,0.2144125475898107,0.43820526556299366,6.687498029831724,0.2278831956701105,303.0,0.6897531747817993,0.0,0.0,inf,0.9918811336772713,7939.0,0.0
socofing:000317:left_thumb,disconnected_fragments,0.800000011920929,0.11240749878175471,0.21881208004532818,9.492047157161839,0.3523846448391533,3277.0,0.9554826021194458,0.0,0.0,inf,0.99603669714509,13107.0,0.0,0.18023190412854762,0.342281908815817,7.441683290031811,0.11157846254169644,1711.0,0.9554826021194458,0.0,0.0,inf,0.9953373215509229,10767.0,0.0
socofing:000317:left_index,stripes,0.10000000149011612,0.05441951593974153,0.1809096514944871,12.642453255778365,0.26783460512302654,14746.0,0.849216996692121,0.0,0.0,inf,0.9222814006011746,1638.0,0.0,0.07243922287385447,0.22294593806927304,11.400262174331736,0.05869296214771634,10322.0,0.849216996692121,0.0,0.0,inf,0.9408551923953539,753.0,0.0
socofing:000317:left_middle,stripes,0.20000000298023224,0.08506709850158772,0.2224329898160946,10.70238380010891,0.21564346366125217,13107.0,0.9204884758219123,0.0,0.0,inf,0.9601523849157036,3277.0,0.0,0.10423337476892619,0.265703050387625,9.819932008328621,0.06881392471737847,9382.0,0.8989508133381605,0.0,0.0,inf,0.9733788698054184,2641.0,0.0
socofing:000317:left_ring,stripes,0.30000001192092896,0.06167588177073328,0.19236982347714432,12.098846327514606,0.23607913155945578,11469.0,0.7654139990918338,0.0,0.0,inf,0.9794761482328256,4915.0,0.0,0.0754786559964541,0.22809278663749943,11.221758416618538,0.08499914516183357,8966.0,0.7654139990918338,0.0,0.0,inf,0.9709395290204588,2703.0,0.0
socofing:000317:left_little,stripes,0.4000000059604645,0.056768727111251804,0.18140168148689806,12.458908435719627,0.31910962348713745,9830.0,0.8095009289681911,0.0,0.0,inf,0.9761949967309562,6554.0,0.0,0.08203013478161111,0.24095932602088604,10.860265748703153,0.07067866017262585,5979.0,0.8095009289681911,0.0,0.0,inf,0.9703172934725447,2875.0,0.0
socofing:000317:right_thumb,stripes,0.5,0.058773875076302814,0.17972535399138678,12.308156744587372,0.20029552549681645,8192.0,0.9115872364491224,0.0,0.0,inf,0.9853397446004746,8192.0,0.0,0.06762034698451456,0.2031352715349098,11.699226050421021,0.08292348809337344,6782.0,0.9115872364491224,0.0,0.0,inf,0.981915076535231,5368.0,0.0
socofing:000317:right_index,stripes,0.6000000238418579,0.10665774036769758,0.25221042347751355,9.720076214428975,0.1309234200987587,6554.0,0.9669187655672431,0.0,0.0,inf,0.9888605805527886,9830.0,0.0,0.11894263391105067,0.27973820560040685,9.24662448547607,0.05747092090622498,5631.0,0.9669187655672431,0.0,0.0,inf,0.9847897027724845,6658.0,0.0
socofing:000317:right_middle,stripes,0.699999988079071,0.08597811806666501,0.21683860204901664,10.656120651762986,0.2570206341079354,4915.0,0.9347605090588331,0.0,0.0,inf,0.9901851916050772,11469.0,0.0,0.10371537188675219,0.25655298861625364,9.841568710859681,0.1274967123291688,4037.0,0.9347605090588331,0.0,0.0,inf,0.988341326122138,8773.0,0.0
socofing:000317:right_ring,stripes,0.800000011920929,0.06695862819521993,0.20208939484345875,11.741934524662456,0.18865885966866985,3277.0,0.8698608241975307,0.0,0.0,inf,0.993347210890347,13107.0,0.0,0.07232575432782673,0.22295615736160726,11.407070281437981,0.09426780391755557,2678.0,0.8698608241975307,0.0,0.0,inf,0.9922756370867226,9388.0,0.0
socofing:000317:right_little,severe_partial,0.10000000149011612,0.05405472054746467,0.1838915493473131,12.671663735294334,0.3392615718337893,14746.0,0.7917584925889969,0.0,0.0,inf,0.8760653590019013,1638.0,0.0,0.07931730345131839,0.23448592568200866,11.006320589160447,0.09960667179994309,8192.0,0.7917584925889969,0.0,0.0,inf,0.9294715745887363,1159.0,0.0
socofing:000318:left_thumb,severe_partial,0.20000000298023224,0.06603216471256369,0.1933112483641241,11.802444651484453,0.2380683336834713,13107.0,0.925286054611206,0.0,0.0,inf,0.9598746612102647,3277.0,0.0,0.0846969405365437,0.23204456455116718,10.721322771792634,0.06431074577195653,9430.0,0.925286054611206,0.0,0.0,inf,0.9601165212243857,3123.0,0.0
socofing:000318:left_index,severe_partial,0.30000001192092896,0.06886148542088967,0.1968817044748988,11.620236133023043,0.2602289412256489,11469.0,0.9288744907826185,0.0,0.0,inf,0.9698217411433268,4915.0,0.0,0.0941265319972359,0.2505478367318503,10.262879421853325,0.0766982854539829,7907.0,0.9288744907826185,0.0,0.0,inf,0.9634703493740663,2559.0,0.0
socofing:000318:left_middle,random_rectangles,0.10000000149011612,0.06713549446957519,0.20238707670803632,11.73047808048671,0.1540676631137989,14746.0,0.9281370635144413,0.0,0.0,inf,0.7978077865472453,1638.0,0.0,0.0796279159228257,0.22706942171913153,10.989346507821093,0.05797200956175778,11505.0,0.9281370635144413,0.0,0.0,inf,0.6237723455798773,113.0,0.0
socofing:000318:left_ring,random_rectangles,0.20000000298023224,0.08114253374664383,0.22242065363991279,10.907514351946032,0.16646146432310505,13107.0,0.8188041374087334,0.0,0.0,inf,0.7905407907777888,3277.0,0.0,0.08215170684140238,0.2241214492538846,10.853834089288355,0.08441834358944571,8747.0,0.8188041374087334,0.0,0.0,inf,0.7010796612722139,273.0,0.0
socofing:000318:left_little,random_rectangles,0.30000001192092896,0.06586168282258426,0.19753010727762196,11.81367176885188,0.17644266923322294,11469.0,0.7680153846740723,0.0,0.0,inf,0.8821428413382282,4915.0,0.0,0.07872631947544102,0.2254178128903498,11.03880051731738,0.09396631521090891,8963.0,0.7680153846740723,0.0,0.0,inf,0.8795026290724678,475.0,0.0
socofing:000318:right_thumb,random_rectangles,0.4000000059604645,0.08886949372234222,0.23620784834040554,10.512472939424466,0.0992479069900215,9830.0,0.9605037560686469,0.0,0.0,inf,0.9535952979039204,6554.0,0.0,0.091962748005937,0.24353943320792798,10.363880597387372,0.06423574005614985,9302.0,0.9605037560686469,0.0,0.0,inf,0.9464544756692994,3152.0,0.0
socofing:000318:right_index,random_rectangles,0.5,0.09491347676741305,0.24381221380042462,10.22672117707839,0.1110131809804716,8192.0,0.9396959533914924,0.0,0.0,inf,0.9750022874027024,8192.0,0.0,0.097670627087731,0.25051781892464486,10.102360239135862,0.08609196495545242,7940.0,0.9396959533914924,0.0,0.0,inf,0.9573703390680158,4119.0,0.0
socofing:000318:right_middle,random_rectangles,0.6000000238418579,0.07375424990902119,0.2062327435327825,11.322129494669772,0.2001864406213434,6554.0,0.8585385642945766,0.0,0.0,inf,0.9725189436446594,9830.0,0.0,0.08268797015289181,0.22800511620845917,10.825576691202627,0.11566592889202433,5837.0,0.8585385642945766,0.0,0.0,inf,0.937198281874071,3509.0,0.0
socofing:000318:right_ring,random_rectangles,0.699999988079071,0.06552489196127739,0.2110247506890806,11.83593686454002,0.10887675343870079,4915.0,0.8971562944352627,0.0,0.0,inf,0.9902461908235124,11469.0,0.0,0.0660101696209677,0.21256127631562516,11.803891512757493,0.10113426362537259,4836.0,0.8971562944352627,0.0,0.0,inf,0.9773853841930306,4613.0,0.0
socofing:000318:right_little,random_rectangles,0.800000011920929,0.07400275027158025,0.21990812546637525,11.307521396531367,0.16928002992241353,3277.0,0.9069772288203239,0.0,0.0,inf,0.9893651219091856,13107.0,0.0,0.07570199666029255,0.2245376319215958,11.208926657164175,0.15203561009932878,3203.0,0.9069772288203239,0.0,0.0,inf,0.9833395074039181,7914.0,0.0
socofing:000319:left_thumb,irregular,0.10000000149011612,0.0865387631580677,0.23111291269201567,10.627893161798731,0.25059585234501286,14746.0,0.8829004727303982,0.0,0.0,inf,0.7234289635680121,1638.0,0.0,0.11747990562444331,0.28452898279068006,9.300364110324512,0.08079828483541014,9781.0,0.8829004727303982,0.0,0.0,inf,0.7624272767754239,978.0,0.0
socofing:000319:left_index,irregular,0.20000000298023224,0.05049819798484789,0.1790101405472175,12.967241192912443,0.36313100236175805,13107.0,0.8459731927141547,0.0,0.0,inf,0.7000862033731252,3277.0,0.0,0.08569873577532704,0.2478744861338972,10.670255847261494,0.09334935370738849,6353.0,0.8459731927141547,0.0,0.0,inf,0.855899434850488,1163.0,0.0
socofing:000319:left_middle,irregular,0.30000001192092896,0.04944461337597962,0.17204422839750044,13.05881014653508,0.2871905196190661,11469.0,0.8389105759561062,0.0,0.0,inf,0.8496962873267329,4915.0,0.0,0.06400018011334993,0.20410437620087102,11.938188037954266,0.1230989768655045,8303.0,0.8389105759561062,0.0,0.0,inf,0.8536595921754657,3226.0,0.0
socofing:000319:left_ring,irregular,0.4000000059604645,0.04613958754429089,0.1655595344011904,13.359262920871215,0.31342519869589563,9830.0,0.8061826219782233,0.0,0.0,inf,0.8841556063199825,6554.0,0.0,0.06384700249436452,0.20711308367427905,11.948594872919537,0.13647669895712544,6540.0,0.8061826219782233,0.0,0.0,inf,0.9035516892053926,3792.0,0.0
socofing:000319:left_little,irregular,0.5,0.060892107705599774,0.1831287293623518,12.154389931146488,0.3413962955034719,8192.0,0.7892767749726772,0.0,0.0,inf,0.9272813088555971,8192.0,0.0,0.08663559173936271,0.2420787550120576,10.623036539355509,0.13563173818345733,5563.0,0.7892767749726772,0.0,0.0,inf,0.9139974635691748,3129.0,0.0
socofing:000319:right_thumb,irregular,0.6000000238418579,0.08344158465258618,0.22707138653232997,10.786174567466865,0.2714018870765085,6554.0,0.8851920329034328,0.0,0.0,inf,0.9558880112705593,9830.0,0.0,0.10068266063124603,0.26674182739362495,9.970453163437696,0.16815112072722593,5279.0,0.8851920329034328,0.0,0.0,inf,0.924425744701726,4646.0,0.0
socofing:000319:right_index,irregular,0.699999988079071,0.03872821295389044,0.14470927551036297,14.119725423160087,0.47289356892969797,4915.0,0.7382188960909843,0.0,0.0,inf,0.9711239140932262,11469.0,0.0,0.057881199480242375,0.19780070486887816,12.374624775140791,0.2567466579017778,3140.0,0.7382188960909843,0.0,0.0,inf,0.9709280237974822,8188.0,0.0
socofing:000319:right_middle,irregular,0.800000011920929,0.05455933381453482,0.1665114158755103,12.631309411821821,0.35688605892276637,3277.0,0.8524394622072577,0.0,0.0,inf,0.9850993801507585,13107.0,0.0,0.07394375604193888,0.21443566244077358,11.31098492810014,0.16444204215104896,2353.0,0.8524394622072577,0.0,0.0,inf,0.9838329819065323,8156.0,0.0
socofing:000319:right_ring,central_missing,0.10000000149011612,0.04963596950011796,0.17569638217192926,13.042034909711404,0.28701235681484855,14746.0,0.7584249898791313,0.0,0.0,inf,0.9328638303479915,1638.0,0.0,0.0690342996216036,0.22254234779462545,11.609350768683147,0.0628118645782397,9667.0,0.7584249898791313,0.0,0.0,inf,0.9489211465762448,244.0,0.0
socofing:000319:right_little,central_missing,0.20000000298023224,0.07650138578747612,0.21138190696901446,11.163306977300046,0.20959118976380064,13107.0,0.9077942352741957,0.0,0.0,inf,0.91270220920027,3277.0,0.0,0.0953824164500353,0.24986642723929875,10.205316792011406,0.0611503117728814,10281.0,0.9077942352741957,0.0,0.0,inf,0.8751196910688231,528.0,0.0
socofing:000321:left_thumb,central_missing,0.30000001192092896,0.09200980323750894,0.23280997735542622,10.361658980333752,0.09902788256848102,11469.0,0.9511703844182193,0.0,0.0,inf,0.9730903859076061,4915.0,0.0,0.09609285923231364,0.2437714002220159,10.173088840403677,0.047203507695341554,10528.0,0.9358527651056647,0.0,0.0,inf,0.9466525461755587,1573.0,0.0
socofing:000321:left_index,central_missing,0.4000000059604645,0.09374829862269429,0.2478658045684712,10.280366052587006,0.04504325897385745,9830.0,0.9677841062657535,0.0,0.0,inf,0.9575501336275581,6554.0,0.0,0.09308391394540544,0.24733513222120784,10.311253640063295,0.04404534973188688,9732.0,0.9677841062657535,0.0,0.0,inf,0.9366015580005809,2713.0,0.0
socofing:000321:left_middle,central_missing,0.5,0.09668789083135745,0.25538423688993817,10.146279134498077,0.046046285165779854,8192.0,0.9118884764611721,0.0,0.0,inf,0.9816958850354383,8192.0,0.0,0.09668789083135745,0.25538423688993817,10.146279134498077,0.046046285165779854,8192.0,0.9118884764611721,0.0,0.0,inf,0.9616852040350738,3912.0,0.0
socofing:000321:left_ring,central_missing,0.6000000238418579,0.08583900135136788,0.22839372945570882,10.66315343583032,0.12382062985410998,6554.0,0.8983179293572903,0.0,0.0,inf,0.984335449087094,9830.0,0.0,0.09249309647172702,0.24458152144108777,10.338906810568677,0.06274302460984253,6080.0,0.8983179293572903,0.0,0.0,inf,0.9659057725199894,3659.0,0.0
socofing:000321:left_little,central_missing,0.699999988079071,0.09352608986350829,0.24819205287959528,10.290672222481765,0.05661837330843086,4915.0,0.9461489301174879,0.0,0.0,inf,0.9885391102080631,11469.0,0.0,0.09352608986350829,0.24819205287959528,10.290672222481765,0.05661837330843086,4915.0,0.9461489301174879,0.0,0.0,inf,0.9758800538538366,5448.0,0.0
socofing:000321:right_thumb,central_missing,0.800000011920929,0.08512622445001772,0.23947455332809728,10.699366281709464,0.08384203972387941,3277.0,0.7922587841749191,0.0,0.0,inf,0.9941800316313487,13107.0,0.0,0.08512622445001772,0.23947455332809728,10.699366281709464,0.08384203972387941,3277.0,0.7922587841749191,0.0,0.0,inf,0.9917870020017321,9288.0,0.0
socofing:000321:right_index,peripheral_only,0.10000000149011612,0.06425338998425019,0.1951757503609203,11.921039541816452,0.2272101320750558,14746.0,0.9087071418762207,0.0,0.0,inf,0.9075430542929138,1638.0,0.0,0.07817283669898144,0.23018599886494714,11.06944128283873,0.07373118558074104,10857.0,0.9087071418762207,0.0,0.0,inf,0.9112316714315905,1614.0,0.0
socofing:000321:right_middle,peripheral_only,0.20000000298023224,0.05485042840801335,0.17934729247029604,12.608199760289306,0.2577632463734287,13107.0,0.8760471865534782,0.0,0.0,inf,0.9131814992923036,3277.0,0.0,0.06452716046957278,0.21238798700039535,11.902574456867503,0.08673342591962407,9349.0,0.8760471865534782,0.0,0.0,inf,0.9131020177535385,2909.0,0.0
socofing:000321:right_ring,peripheral_only,0.30000001192092896,0.046598137641038796,0.16206668559409862,13.316314401422446,0.3372218771755844,11469.0,0.8475544415414333,0.0,0.0,inf,0.9326902545021202,4915.0,0.0,0.06350793471651171,0.2100079633850952,11.971720103251151,0.10522729496207324,7445.0,0.7971414253115654,0.0,0.0,inf,0.9368029767475229,3627.0,0.0
socofing:000321:right_little,peripheral_only,0.4000000059604645,0.04992282377495099,0.16318861167799276,13.017008577167422,0.3878804455629563,9830.0,0.8609541617333889,0.0,0.0,inf,0.9339639761630735,6554.0,0.0,0.07655619288430769,0.22748376472527757,11.160196720239012,0.11339239193720708,6031.0,0.8609541617333889,0.0,0.0,inf,0.9454476769615786,3895.0,0.0
socofing:000339:left_thumb,peripheral_only,0.5,0.051804937892111935,0.1649202810336874,12.856288426275553,0.32734617250169884,8192.0,0.9032307248562574,0.0,0.0,inf,0.9670047705228791,8192.0,0.0,0.0672084074261599,0.20522211387475123,11.725763955414221,0.12789317757276153,5594.0,0.9032307248562574,0.0,0.0,inf,0.9648295780749301,6739.0,0.0
socofing:000339:left_index,peripheral_only,0.6000000238418579,0.05487746691109858,0.17057398976031993,12.606059434369019,0.34550715575932384,6554.0,0.9179456792771816,0.0,0.0,inf,0.9812987359819342,9830.0,0.0,0.0741045361411282,0.22364625715221653,11.301552068551564,0.13654768493215197,4327.0,0.9053022256121039,0.0,0.0,inf,0.9808462762707358,8162.0,0.0
socofing:000339:left_middle,peripheral_only,0.699999988079071,0.041536201081986225,0.14152358643964524,13.815732267363128,0.40908081375108046,4915.0,0.7145050689578056,0.0,0.0,inf,0.9871864183956569,11469.0,0.0,0.05949313995936965,0.19246974317285193,12.255331090538405,0.17860708572029713,3245.0,0.6719874739646912,0.0,0.0,inf,0.9861916767635079,9430.0,0.0
socofing:000339:left_ring,peripheral_only,0.800000011920929,0.03408967192928696,0.12680167765952,14.673771782954837,0.46019019200906425,3277.0,0.6785203777253628,0.0,0.0,inf,0.9888076474981033,13107.0,0.0,0.056793035539078246,0.1912268101115185,12.457049180283004,0.16618050601116402,1847.0,0.6785203777253628,0.0,0.0,inf,0.9889451280311676,9181.0,0.0
socofing:000339:left_little,central_only,0.10000000149011612,0.07293125544909512,0.21000378598742264,11.370863103651326,0.27847749415806694,14746.0,0.8586440673097968,0.0,0.0,inf,0.9601408224144977,1638.0,0.0,0.08928537463660413,0.23959447035851864,10.492196747599484,0.08003627425971398,8548.0,0.8586440673097968,0.0,0.0,inf,0.9601408224144977,1638.0,0.0
socofing:000339:right_thumb,central_only,0.20000000298023224,0.05287012551822782,0.17277089801210602,12.767896585411906,0.24852073409690625,13107.0,0.9242342710494995,0.0,0.0,inf,0.9750921316759672,3277.0,0.0,0.06630814340562852,0.20046818053672327,11.78433131942895,0.07719847967057691,9236.0,0.9242342710494995,0.0,0.0,inf,0.9750921316759672,3277.0,0.0
socofing:000339:right_index,central_only,0.30000001192092896,0.04974460737521634,0.16599763884698834,13.032539925891085,0.3112956192051036,11469.0,0.8746980391442776,0.0,0.0,inf,0.9773609058413293,4915.0,0.0,0.06661663963815155,0.19834045316120916,11.764172783307545,0.11799100054736457,7254.0,0.8746980391442776,0.0,0.0,inf,0.9773609058413293,4915.0,0.0
socofing:000339:right_middle,central_only,0.4000000059604645,0.06846739588156782,0.18377601695559645,11.645161899619882,0.29635746336690333,9830.0,0.943250774871558,0.0,0.0,inf,0.9834484624550672,6554.0,0.0,0.09601602992030264,0.23743425117531364,10.176562552440728,0.11075209014932673,6045.0,0.943250774871558,0.0,0.0,inf,0.9834484624550672,6554.0,0.0
socofing:000339:right_ring,central_only,0.5,0.04546806830384788,0.14677088843279762,13.422934962633338,0.44545322387687003,8192.0,0.9022768102586269,0.0,0.0,inf,0.9842980181876158,8192.0,0.0,0.07141139916700773,0.20449305705953963,11.462324576890204,0.1919940258350057,4039.0,0.9022768102586269,0.0,0.0,inf,0.9842980181876158,8192.0,0.0
socofing:000339:right_little,central_only,0.6000000238418579,0.018331999480480702,0.10065548285137979,17.3679016373493,0.5288925437350542,6554.0,0.830219205468893,0.0,0.0,inf,0.9720331230967654,9830.0,0.0,0.027995687238189043,0.1258504531641681,15.529088669762887,0.24126342017977623,2232.0,0.830219205468893,0.0,0.0,inf,0.9848976018662567,9107.0,0.0
socofing:000345:left_thumb,central_only,0.699999988079071,0.03344051642484976,0.11756748803725442,14.757270243331778,0.5756842401111956,4915.0,0.7518886774778366,0.0,0.0,inf,0.9883475220092899,11469.0,0.0,0.07647763986828521,0.21938849069178104,11.16465523033159,0.15758332313058215,1500.0,0.7518886774778366,0.0,0.0,inf,0.9917155447826315,9895.0,0.0
socofing:000345:left_index,central_only,0.800000011920929,0.009048244807406387,0.06436289562924737,20.43435657743582,0.82754874854563,3277.0,0.6019854247570038,0.0,0.0,inf,0.9850981316500536,13107.0,0.0,0.06835759824910062,0.22239568206266716,11.652132046623368,0.2261452209859998,104.0,0.545212060213089,0.0,0.0,inf,0.9985088395573737,9038.0,0.0
