sample_id,mask_family,observed_fraction,selected_dataset_index,observed_fraction_canvas,missing_fraction_canvas,observed_fraction_fingerprint_roi,missing_fraction_fingerprint_roi,fingerprint_roi_pixels,plain_pairwise_diversity_mae,plain_mean_predictive_std,plain_uncertainty_error_spearman,plain_best_sample_index,plain_missing_roi_pixels,plain_coverage_50,plain_interval_width_50,plain_coverage_80,plain_interval_width_80,plain_coverage_90,plain_interval_width_90,plain_single_mse,plain_single_mae,plain_single_psnr,plain_single_ssim_map_mean,plain_single_pixels,plain_single_max_absolute_error,plain_single_orientation_error,plain_mean_mse,plain_mean_mae,plain_mean_psnr,plain_mean_ssim_map_mean,plain_mean_pixels,plain_mean_max_absolute_error,plain_mean_orientation_error,plain_best_of_k_mse,plain_best_of_k_mae,plain_best_of_k_psnr,plain_best_of_k_ssim_map_mean,plain_best_of_k_pixels,plain_best_of_k_max_absolute_error,plain_best_of_k_orientation_error,reinjected_pairwise_diversity_mae,reinjected_mean_predictive_std,reinjected_uncertainty_error_spearman,reinjected_best_sample_index,reinjected_missing_roi_pixels,reinjected_coverage_50,reinjected_interval_width_50,reinjected_coverage_80,reinjected_interval_width_80,reinjected_coverage_90,reinjected_interval_width_90,reinjected_single_mse,reinjected_single_mae,reinjected_single_psnr,reinjected_single_ssim_map_mean,reinjected_single_pixels,reinjected_single_max_absolute_error,reinjected_single_orientation_error,reinjected_mean_mse,reinjected_mean_mae,reinjected_mean_psnr,reinjected_mean_ssim_map_mean,reinjected_mean_pixels,reinjected_mean_max_absolute_error,reinjected_mean_orientation_error,reinjected_best_of_k_mse,reinjected_best_of_k_mae,reinjected_best_of_k_psnr,reinjected_best_of_k_ssim_map_mean,reinjected_best_of_k_pixels,reinjected_best_of_k_max_absolute_error,reinjected_best_of_k_orientation_error
socofing:000023:left_thumb,random_rectangles,0.10000000149011612,0,0.0999755859375,0.9000244140625,0.008389860764012852,0.9916101392359872,11204.0,0.40128968445488616,0.36747226119041443,-0.03269462067886896,1.0,11110.0,0.3786678667866787,0.33742035518456537,0.8326732673267326,0.6356765622007857,0.8971197119711971,0.7350952978728592,0.19794792685259185,0.3848182475937046,7.0344904233912855,0.019583421063652365,11110.0,0.9999980032444,0.6334557230346642,0.056455774398358076,0.18212699137211455,12.482916310448019,0.07384262993838035,11110.0,0.8314470127224922,1.0157796378621151,0.10045326572434758,0.26008474963350836,9.980359398215642,0.033259813402399696,11110.0,0.9782030880451202,1.1518114962803647,0.3012063314402887,0.25147709250450134,0.13850218708001272,1.0,11110.0,0.5473447344734473,0.3014125586763145,0.781998199819982,0.48195075302806445,0.816021602160216,0.5421301511453144,0.13751877107418298,0.30472995352895277,8.6163801734257,0.03160468393087454,11110.0,0.9972224831581116,0.6854039592713944,0.0392059294195366,0.15138968275633619,14.066482462589182,0.09057699515779863,11110.0,0.78328737616539,0.7021739682065633,0.06053653129043679,0.18482763676038205,12.179824674987213,0.07578932105704148,11110.0,0.7450470626354218,1.157121387674472
socofing:000030:left_thumb,irregular,0.30000001192092896,10,0.29998779296875,0.70001220703125,0.27589997251992304,0.724100027480077,10917.0,0.40412065347714343,0.3440108001232147,-0.076237824662349,3.0,7905.0,0.403921568627451,0.3800161319582768,0.620999367488931,0.6441825934115428,0.6717267552182163,0.7322380805626313,0.15687038867879083,0.3095309635455815,8.044590273950629,0.07096234387308482,7905.0,0.999319463968277,0.9710553259490955,0.09708471556819735,0.2621989234801262,10.128491374131327,0.07802335299830275,7905.0,0.8763536363840103,0.7015737038399846,0.11090977287280519,0.25768803890787445,9.550301840786886,0.02330260651887761,7905.0,0.9737149178981781,0.24502944418857509,0.21141186559298308,0.1767941564321518,0.06063885193580389,3.0,7905.0,0.2223908918406072,0.20103211785177125,0.3597722960151803,0.3372210101746517,0.4030360531309298,0.3826173076156119,0.0836902337427637,0.22767636631954177,10.77325219176328,0.14056580729701937,7905.0,0.8755206763744354,0.23956680485830814,0.09031188067389893,0.24894066654678237,10.442551137870861,0.13023010050672315,7905.0,0.8427611887454987,0.2758587943841616,0.08026703543690387,0.22712978368918402,10.954627768534202,0.07830219708494042,7905.0,0.8800571858882904,0.18109024026672532
socofing:000032:left_thumb,central_missing,0.5,20,0.5,0.5,0.2679832007863462,0.7320167992136538,11191.0,0.48729431494139136,0.4221448004245758,0.051944658002922806,1.0,8192.0,0.612548828125,0.5813678236954729,0.785400390625,0.7890782547816344,0.84326171875,0.858315065143688,0.3939319402443698,0.5555512005190621,4.045788048991307,0.013205709766620152,8192.0,0.9999991357326508,0.616736960573939,0.11114967981097737,0.27729885780206587,9.540917840358496,0.04883897075447483,8192.0,0.8182164579629898,0.16684068578653233,0.14176108475903096,0.29373524504705983,8.48442972213099,0.018247094868039933,8192.0,0.9882034650072455,0.10909607489181432,0.2244912555834162,0.18628297746181488,0.09067701639801475,1.0,8192.0,0.269287109375,0.23735384384781355,0.3994140625,0.3604722677599057,0.44384765625,0.4015117423972697,0.11531644685325523,0.2738291874014749,9.381087476209586,0.06355887717269397,8192.0,0.9025133550167084,0.35729935338077845,0.08350331446441206,0.24164172889356905,10.782962858932073,0.04828217775947651,8192.0,0.7466205656528473,0.35142641439739597,0.09199850391314912,0.24851546133538704,10.362192351277798,0.03203384046829776,8192.0,0.8878992162644863,0.2834404227302185
socofing:000039:left_thumb,peripheral_only,0.699999988079071,30,0.70001220703125,0.29998779296875,0.7582840996660672,0.24171590033393275,11679.0,0.2816852246051218,0.24000480771064758,0.06129458164842636,0.0,2823.0,0.33581296493092455,0.283715171137052,0.4962805526036132,0.4508993540213879,0.5657102373361672,0.5066274149828333,0.12855143057101395,0.2849956877492342,8.90923085993969,0.1053513609967347,2823.0,0.9609993994235992,0.3524578242529007,0.12050867822973749,0.2805078451701823,9.189816769764269,0.1041976168742543,2823.0,0.9059210829436779,0.28292823275558254,0.12855143057101395,0.2849956877492342,8.90923085993969,0.1053513609967347,2823.0,0.9609993994235992,0.3524578242529007,0.23878792187359332,0.19997981190681458,0.27791639275306035,0.0,2823.0,0.22352107686857953,0.23003285751670463,0.359192348565356,0.3811851685620604,0.40949344668792065,0.43156927224384567,0.11447261724515825,0.26122890460792186,9.41298387573572,0.18461152083058402,2823.0,0.9558418388478458,0.06381575387737302,0.08855727344554296,0.24706372703708315,10.527757632425217,0.19851980975336325,2823.0,0.8130074292421341,0.05753178088079164,0.11447261724515825,0.26122890460792186,9.41298387573572,0.18461152083058402,2823.0,0.9558418388478458,0.06381575387737302
socofing:000052:left_thumb,disconnected_fragments,0.10000000149011612,40,0.0999755859375,0.9000244140625,0.12412761714855433,0.8758723828514456,12036.0,0.31405475583797476,0.2686401307582855,0.006050247019275985,1.0,10542.0,0.4194649971542402,0.2911782326168635,0.6647694934547524,0.5001999570186485,0.7189337886549042,0.5698738651525768,0.1176412632486213,0.26877282350955756,9.294403206239966,0.08715215869158938,10542.0,0.9932360351085663,0.42879061212014935,0.07828172764772734,0.20981079247378887,11.063395981954994,0.07657882613697957,10542.0,0.9215153940021992,0.5301708254883285,0.10895711600773605,0.26228466026981107,9.627444006451503,0.051808741593395144,10542.0,0.9131048619747162,0.5187160206454736,0.16343298504891282,0.13722309470176697,0.16522770523816166,3.0,10542.0,0.27660785429709733,0.14491952643338382,0.4630999810282679,0.25964143021670766,0.5129007778410168,0.2978820648111489,0.07105200232013736,0.2007623751884709,11.484236786888903,0.09433418842967631,10542.0,0.8915166854858398,0.5510461118638363,0.051767670166264296,0.1715246775485978,12.859413802509799,0.09971163837667249,10542.0,0.7868751287460327,0.41274499786771573,0.05896927526420508,0.18449518601585896,12.293742096936315,0.10074763929102008,10542.0,0.7773336470127106,0.39749954224117023
socofing:000054:left_index,stripes,0.4000000059604645,51,0.4000244140625,0.5999755859375,0.38226574431767135,0.6177342556823286,11131.0,0.24126306277087012,0.20985643565654755,0.21112768996000433,0.0,6876.0,0.18179173938336243,0.22849433183878087,0.337696335078534,0.3847440273401833,0.39267015706806285,0.4368272591739841,0.12390301502992279,0.269280021745276,9.069181254647223,0.11065880896479627,6876.0,0.9871800541877747,0.6023647040326274,0.15571799453433205,0.32378915102131545,8.07661198122908,0.09331739607688853,6876.0,0.964399540796876,0.44298281950670126,0.12390301502992279,0.269280021745276,9.069181254647223,0.11065880896479627,6876.0,0.9871800541877747,0.6023647040326274,0.17586392553619618,0.14759504795074463,0.24054970054045244,1.0,6876.0,0.1909540430482839,0.1514951761046976,0.33187899941826643,0.278945405914764,0.3797265852239674,0.3214288158514529,0.0705996933751452,0.20807191705978093,11.511971851489275,0.1628880168383251,6876.0,0.8388068675994873,0.14023922478187698,0.06104919343069794,0.20427004722558686,12.143200694899605,0.14771773639757793,6876.0,0.7406325340270996,0.19314890994056844,0.07256550413815147,0.19755305729561537,11.392697831948295,0.13331259584169478,6876.0,0.8606075942516327,0.2469915435981022
socofing:000057:left_index,random_rectangles,0.30000001192092896,61,0.29998779296875,0.70001220703125,0.16549047282992238,0.8345095271700776,11336.0,0.39599232583103927,0.3352227210998535,0.23321438708399228,4.0,9460.0,0.5058139534883721,0.43935428578997265,0.7157505285412262,0.6379239173255562,0.7824524312896406,0.704113794504084,0.15411348100358935,0.30710925146898976,8.121593699162839,0.04620048597854656,9460.0,0.9850668907165527,1.0420888852572217,0.07884491896786258,0.23417593356665917,11.032262888324855,0.06550874024153225,9460.0,0.8268741928040981,0.8743966777638023,0.1521895661958339,0.3041157593814278,8.176151208827973,0.0603195334596077,9460.0,0.9990114867687225,0.9406969796879242,0.19811967881108944,0.1663431078195572,0.18376764022038136,0.0,9460.0,0.1938689217758985,0.17121819855672865,0.3422832980972516,0.31430133807230703,0.3938689217758985,0.3619957179108331,0.08993382362079547,0.24325883308938462,10.460769417571022,0.05344632233932228,9460.0,0.9245190545916557,0.37065224874599634,0.07671248584384231,0.23226791553550752,11.151339438506447,0.0710961047732637,9460.0,0.8854390308260918,0.5324467578032523,0.08993382362079547,0.24325883308938462,10.460769417571022,0.05344632233932228,9460.0,0.9245190545916557,0.37065224874599634
socofing:000061:left_index,irregular,0.5,71,0.5,0.5,0.5362347188264058,0.46376528117359417,10225.0,0.340058725847317,0.2962309718132019,0.1198889469693401,0.0,4742.0,0.39519190215099115,0.33369477618625526,0.5898355124420076,0.5434575663896012,0.6499367355546183,0.613378496457383,0.14569616690253714,0.2993356968264026,8.365518738647017,0.1320586457078112,4742.0,0.9995428919792175,0.6469052738775958,0.09845264585409973,0.25535882219694983,10.067726079728423,0.11945957994558366,4742.0,0.9300709739327431,0.43841592158019926,0.14569616690253714,0.2993356968264026,8.365518738647017,0.1320586457078112,4742.0,0.9995428919792175,0.6469052738775958,0.2368350141627132,0.19829986989498138,0.22656092587985463,1.0,4742.0,0.2532686630113876,0.22854492298941328,0.40594685786587936,0.37810701354301113,0.45782370307886966,0.4279610437275437,0.12228031468892457,0.27595630112975733,9.126434522857624,0.19678489665117344,4742.0,0.9659978728741407,0.1291450120422771,0.07529150826133672,0.22682818093500914,11.232540028591378,0.19005157000308523,4742.0,0.8269403278827667,0.1030385906532661,0.08839250501754341,0.2247498824635465,10.535845581489099,0.26511280061023296,4742.0,0.9874228229746222,0.08965912816450095
socofing:000064:left_index,central_missing,0.699999988079071,81,0.70001220703125,0.29998779296875,0.4999491301251399,0.50005086987486,9829.0,0.3048745502241994,0.2653467357158661,0.13297187065479113,3.0,4915.0,0.3639877924720244,0.29440454672699906,0.5709053916581892,0.486752280008999,0.6376398779247202,0.5508681911029991,0.18482103452511553,0.3333622783442366,7.332486031465992,0.01536685149802967,4915.0,0.9990651905536652,0.8096176010399798,0.09100420377412667,0.24322375769026783,10.409385457696885,0.07282720313890953,4915.0,0.9220745451748371,0.3717591113126631,0.13924627450053245,0.2900848788099358,8.562164154397273,0.0814191401095094,4915.0,0.9973006248474121,0.48075462932043,0.2278329661952394,0.18998263776302338,0.12569403453756978,1.0,4915.0,0.21281790437436418,0.21733936956673405,0.3483214649033571,0.3634833862495325,0.3898270600203459,0.41219805847713203,0.12838174719204387,0.2874799471737917,8.914967181462096,0.040531913999452364,4915.0,0.9931943416595459,0.12154771624465605,0.10845511716941222,0.2744213379247802,9.647499521236487,0.07306897995926112,4915.0,0.8618542514741421,0.7022732158659977,0.1221339321694874,0.280017494832356,9.131636603248346,0.05398789075223849,4915.0,0.9781466703861952,1.3181064812217724
socofing:000066:left_index,central_only,0.10000000149011612,91,0.0999755859375,0.9000244140625,0.14247194920414022,0.8575280507958598,11497.0,0.32440664379842654,0.2787279784679413,0.07187798818477165,2.0,9859.0,0.34952834973121005,0.33068254088542925,0.5325083679886399,0.5196782197861827,0.5925550258646921,0.5826767794197671,0.14935145550143814,0.3005296385754268,8.25790540631578,0.05459905596563705,9859.0,0.9999116361141205,0.3900895914419369,0.12217044212154331,0.28285725687116875,9.130338544556071,0.09766543561614283,9859.0,0.9741084687411785,0.39973751933790186,0.12902965571545863,0.2774002472139844,8.893104615348639,0.07291730858927314,9859.0,0.9723014831542969,0.4340922638080182,0.27912375896621977,0.23699386417865753,0.13783310540934007,3.0,9859.0,0.3128106298813267,0.2661266535239428,0.5030936200426007,0.4452983038017239,0.560705953950705,0.505022187227651,0.13353175042513601,0.28475477808426325,8.744154579326242,0.0901829587100573,9859.0,0.9871623516082764,0.25644192255264936,0.09373608533029458,0.2448111465143513,10.280931877365662,0.14282566542733574,9859.0,0.9606865271925926,0.20516282395757224,0.11514359443101242,0.2571818810825855,9.387602173232285,0.14361345648810986,9859.0,0.9934116303920746,0.23143282674331367
socofing:000068:left_index,disconnected_fragments,0.30000001192092896,101,0.29998779296875,0.70001220703125,0.3706236769255822,0.6293763230744178,12282.0,0.2910612596669759,0.2515859305858612,0.3564405262295673,0.0,7730.0,0.3529107373868047,0.28583308639532534,0.555627425614489,0.4651751981399963,0.610608020698577,0.5249559020548866,0.11883755687504836,0.24411563278756612,9.250462852308077,0.10150235667370364,7730.0,0.9996079802513123,0.15165545269284395,0.07578105763251335,0.21775495814090837,11.204393378211318,0.1031247603683784,7730.0,0.8355235420167446,0.22030056503186726,0.11883755687504836,0.24411563278756612,9.250462852308077,0.10150235667370364,7730.0,0.9996079802513123,0.15165545269284395,0.20780570279503235,0.1744934469461441,0.28441231382531473,0.0,7730.0,0.1998706338939198,0.18869666697368276,0.3336351875808538,0.3305782208899169,0.38758085381630014,0.37787207219532826,0.09522530286664818,0.24438525461230334,10.212476373794878,0.11111439376964986,7730.0,0.9534041248261929,0.17763709193003305,0.07394265573996653,0.22590761229903095,11.311049552708889,0.12052475530441484,7730.0,0.8009107108227909,0.239532226948794,0.09522530286664818,0.24438525461230334,10.212476373794878,0.11111439376964986,7730.0,0.9534041248261929,0.17763709193003305
socofing:000077:left_index,stripes,0.5,111,0.5,0.5,0.5028488817076282,0.4971511182923718,11759.0,0.3581171629926826,0.3024641275405884,0.1942560359252824,1.0,5846.0,0.36349640780020526,0.35233577468543686,0.574580910023948,0.5724093219575677,0.6529250769757099,0.6457671710482779,0.16665525880583867,0.3110929734130612,7.781809776270755,0.07516269267408489,5846.0,0.9999792873859406,0.4787926884871259,0.09450706583294315,0.2565102459051306,10.245357201940141,0.10951183664777404,5846.0,0.8577792607247829,0.1413449218952225,0.14087026625421825,0.2940060250225961,8.511806645516092,0.08853979821778092,5846.0,0.9845263357274234,0.12805654207525002,0.19946469650707382,0.16757245361804962,0.18775813815694944,4.0,5846.0,0.19671570304481698,0.18128908741894217,0.3280875812521382,0.317325953502505,0.37529934998289427,0.3626715755303592,0.10863761995730817,0.2665601370015331,9.64019757521694,0.10284435048413218,5846.0,0.9094690084457397,0.43822372032846235,0.07790572041983224,0.23289381220456937,11.084306520122183,0.11649636539797717,5846.0,0.7652789354324341,0.3166346043943811,0.09389922406330078,0.24418041619239295,10.273379965136453,0.10066522676350825,5846.0,0.9626579275354743,0.4189577242761416
socofing:000081:left_index,random_rectangles,0.4000000059604645,121,0.4000244140625,0.5999755859375,0.22269863493174658,0.7773013650682534,11428.0,0.43012953663978115,0.3701496720314026,0.08044001528683879,4.0,8883.0,0.47641562535179555,0.4686317390235013,0.7103456039626252,0.692057478862022,0.7853202746819768,0.766532725474862,0.2713618577567039,0.4323364612353888,5.664511962116928,0.02215768410809966,8883.0,0.9999745786190033,0.9011193590709474,0.10671273328951963,0.27265159771074715,9.717837561384764,0.04305107266533484,8883.0,0.9185966840013862,0.7040915838287063,0.16124917585387158,0.32062412490925657,7.925024963704033,0.034469643402373434,8883.0,0.9999922513961792,1.0039756660696222,0.1894996678011919,0.1597759872674942,0.0699612691885024,3.0,8883.0,0.18405943937858832,0.18099538174537633,0.3035010694585163,0.3023490398763255,0.3493189237870089,0.34280025925330854,0.11282617029565593,0.2789524811952002,9.475901530410573,0.04257104455985926,8883.0,0.9880776396021247,0.39639919781847255,0.09368388387305975,0.25826655871031545,10.283351129220948,0.07204142214016326,8883.0,0.9045070372521877,0.28630401332151073,0.1144161402294951,0.27616071454212104,9.415127070274872,0.08124228476350359,8883.0,0.9999492168426514,0.40910200945898345
socofing:000089:left_index,irregular,0.6000000238418579,131,0.5999755859375,0.4000244140625,0.6407922461019806,0.3592077538980194,11865.0,0.35220491730764064,0.2988988161087036,0.1398500378341501,4.0,4262.0,0.31698732989206946,0.3377550089725694,0.505631159080244,0.562082876858718,0.5692163303613327,0.6368588328207675,0.15497381848961095,0.30534242018152613,8.097416659968651,0.09299490958816364,4262.0,0.9920395007357001,0.42176986253296656,0.10503381745743297,0.2719795396208417,9.786708497817102,0.15879116549518452,4262.0,0.9020774364471436,0.20255362991232687,0.10851205262670187,0.2519769525189951,9.645220212757113,0.14307673181140845,4262.0,0.9494903981685638,0.29905851752322943,0.22043624526874828,0.18669606745243073,0.33942677771412205,1.0,4262.0,0.2332238385734397,0.20455461289473176,0.38667292351008914,0.35110982919259565,0.4387611450023463,0.39996156795855026,0.11163258434603113,0.2518603511529191,9.522090210240199,0.16645803561171035,4262.0,0.9607831835746765,0.10687022467576135,0.07037898610605287,0.21159293288356265,11.52556993990145,0.24318209454968753,4262.0,0.8769042044878006,0.1109447503760072,0.09566299760641506,0.2312371881942233,10.192560146042586,0.2390503894010674,4262.0,0.9500023126602173,0.08833886242889086
socofing:000093:left_index,central_missing,0.800000011920929,141,0.79998779296875,0.20001220703125,0.7153157849013987,0.2846842150986013,11511.0,0.342831885616409,0.3184811770915985,0.05687223436515328,0.0,3277.0,0.2773878547451938,0.26716543268895493,0.5559963381141287,0.5409643716935091,0.652731156545621,0.6322306846950269,0.17036990380609593,0.33291724146416807,7.686071218072648,0.06401055779934137,3277.0,0.994885444175452,0.7499037885627406,0.15049897928651682,0.3126943482404082,8.224664455301816,0.06761335759336895,3277.0,0.8733185976743698,0.18842840583858156,0.17036990380609593,0.33291724146416807,7.686071218072648,0.06401055779934137,3277.0,0.994885444175452,0.7499037885627406,0.26928616505335634,0.22493697702884674,0.11971786786798061,4.0,3277.0,0.274641440341776,0.26339275989002814,0.4488861763808361,0.4302685235690373,0.5151052792187977,0.4858937781287069,0.1365418952669942,0.2927100613170727,8.647340732267997,0.10877948438421556,3277.0,0.9820041060447693,0.5631918402400219,0.08263466041042239,0.24206410504597348,10.828377533133306,0.15077666316833105,3277.0,0.812453418970108,0.3942739203277813,0.11273874299389179,0.26918841063334564,9.479268117533673,0.1584645377404774,3277.0,0.9369503557682037,0.5434004906426785
socofing:000096:left_middle,central_only,0.30000001192092896,152,0.29998779296875,0.70001220703125,0.45780551415797316,0.5421944858420269,10736.0,0.39208259412849544,0.3318049907684326,0.28051454844288887,2.0,5821.0,0.5143446143274352,0.4508578975295676,0.7278818072496135,0.6332096809457001,0.794193437553685,0.6939936087510774,0.17742379713406775,0.3276188195800017,7.509881304406715,0.09826178674072028,5821.0,0.9087229296565056,0.6619283892041524,0.07773137603510098,0.23497698258040922,11.094036441540045,0.107297936632829,5821.0,0.7691157460212708,0.414210778159587,0.10439109873084193,0.24640047047245628,9.813365313805654,0.101931332809364,5821.0,0.9937102794647217,0.2675240216482995,0.2500361867437164,0.21100179851055145,0.23270990279418413,2.0,5821.0,0.2862051193952929,0.23053207474360246,0.4688197904140182,0.3981074875899349,0.5294622917024566,0.4539659585387124,0.14271662386381917,0.29484852576899356,8.455254366132449,0.12517255685524917,5821.0,0.9058424159884453,0.3967691266248651,0.07454156815705164,0.22556916677969477,11.276014750810981,0.16437602650785296,5821.0,0.7497529834508896,0.3965963334869707,0.08509034450236079,0.22543681967728962,10.701197180264765,0.14834103918934308,5821.0,0.8833538815379143,0.2453933070605079
socofing:000097:left_middle,disconnected_fragments,0.5,162,0.5,0.5,0.46314631463146316,0.5368536853685368,9090.0,0.36956033376030256,0.3104056715965271,0.21208558145184758,4.0,4880.0,0.4610655737704918,0.37436340776745414,0.6979508196721311,0.5917768414171992,0.7756147540983607,0.6642479859671143,0.12771956135747892,0.2726023576017202,8.937425816793635,0.05233524336751961,4880.0,0.9869353175163269,0.6629897321200408,0.06698724981465201,0.2166964938088328,11.740078519571988,0.11902489468954143,4880.0,0.8627450913190842,0.2886606080373325,0.10382078312938546,0.2551385211432925,9.837156995229758,0.10139072287382957,4880.0,0.9537895917892456,0.19779249302367874,0.1656989023492473,0.13861574232578278,0.22072723008706796,2.0,4880.0,0.18442622950819673,0.15244034210555865,0.3012295081967213,0.26379238773442687,0.34364754098360656,0.3009097362773829,0.08535419208855917,0.2350686341740733,10.687751440721575,0.14256323521409645,4880.0,0.9577894797548652,0.6502874952838356,0.0634450428010269,0.2116987662911835,11.976023052992051,0.13865012023937345,4880.0,0.8627450913190842,0.43082439347745544,0.07389443886340172,0.21581529676484815,11.31388244444359,0.11785793657586263,4880.0,0.9127732217311859,0.3778329662878398
socofing:000103:left_middle,stripes,0.699999988079071,172,0.70001220703125,0.29998779296875,0.8099216260442683,0.19007837395573168,11611.0,0.32687079754953857,0.28654950857162476,0.17351112017969547,4.0,2207.0,0.22972360670593567,0.3160309349593935,0.40326234707748077,0.5219092898202472,0.4626189397371998,0.5905354081071984,0.16833720678956726,0.3234212329532271,7.738198833258677,0.11562899664590325,2207.0,0.9975608885288239,0.373573948608656,0.1932795879349546,0.37111238266185675,7.138140089580007,0.13097013255484438,2207.0,0.9487056322395802,0.3046439528805581,0.14123417695270693,0.293880838708168,8.500601965850084,0.15391061770164108,2207.0,0.9898209273815155,0.3599013035169581,0.2676488393942155,0.2246989756822586,0.3790863818770784,4.0,2207.0,0.25373810602628,0.2579420810648906,0.43271409152695967,0.4272674671978123,0.4916175804259175,0.48370926257545277,0.11272154099813696,0.25823596032846113,9.479930826877977,0.2020100938568257,2207.0,0.96360575966537,0.1757445511592197,0.0886566507965304,0.24347892336485766,10.522886791731556,0.25241998540681787,2207.0,0.8139931708574295,0.18141229909355136,0.11121281079545844,0.25644126738006806,9.538451827420872,0.24194114408166742,2207.0,0.9260595440864563,0.1981731162727223
socofing:000107:left_middle,random_rectangles,0.6000000238418579,182,0.5999755859375,0.4000244140625,0.5273358932163101,0.47266410678368986,10938.0,0.43871467283892673,0.3729839622974396,0.3166590900165419,0.0,5170.0,0.627852998065764,0.563301525309653,0.760541586073501,0.7144021617893554,0.8054158607350097,0.764769040615923,0.1545995142196242,0.29577263705495466,8.107918750494408,0.07989518923101706,5170.0,0.9994524717330933,1.0584858532838275,0.07969595675929646,0.23535924381576478,10.985637112471572,0.11722469164684222,5170.0,0.7927569895982742,0.18333822855908458,0.1545995142196242,0.29577263705495466,8.107918750494408,0.07989518923101706,5170.0,0.9994524717330933,1.0584858532838275,0.2151451677130085,0.1795436143875122,0.3561980767529101,4.0,5170.0,0.33636363636363636,0.22817418483631755,0.46421663442940037,0.3455351700531445,0.5098646034816248,0.3846554984587535,0.1042075864701815,0.24638046906888125,9.821006625892563,0.12918098743150694,5170.0,0.9555760016664863,0.1839278467847723,0.060199842332914776,0.19404091967667886,12.204046461846133,0.17852488623307677,5170.0,0.8129458390176296,0.09719279280024705,0.08576703389115403,0.2186306423728302,10.666796090080288,0.17635272281369405,5170.0,0.9415745735168457,0.10339450799438574
socofing:000112:left_middle,irregular,0.800000011920929,192,0.79998779296875,0.20001220703125,0.8375012258507404,0.16249877414925962,10197.0,0.32280805564171294,0.27648159861564636,0.34584920352226683,4.0,1657.0,0.5546167773083887,0.32873000459060947,0.7501508750754375,0.5170850839216304,0.791792395896198,0.5798701103653041,0.16123458377753502,0.3229116841602124,7.925417991758782,0.11239978356856878,1657.0,0.9959569275379181,0.19918775439869182,0.04615699713441455,0.17117275549441702,13.357624531100045,0.22241115755670965,1657.0,0.7659333124756813,0.14002456427208734,0.0897819675251185,0.21605817451128848,10.468108814924067,0.22545994119290305,1657.0,0.9009325429797173,0.2594749428342722,0.15462690179939362,0.13017095625400543,0.4278898395009852,2.0,1657.0,0.22027761013880506,0.1434292871871481,0.39891369945684974,0.24628328141780526,0.4411587205793603,0.2805679461613576,0.062053262357230764,0.18129989618124123,12.072353811838013,0.25430387858256176,1657.0,0.8865235969424248,0.18702307585178257,0.04049811847641238,0.1528006019222499,13.925651534345473,0.2828444539016925,1657.0,0.6326882690191269,0.07583780509823693,0.05357530035512522,0.1675525027887607,12.710353855272379,0.2436400616620955,1657.0,0.9722016453742981,0.13438785532539185
socofing:000115:left_middle,peripheral_only,0.20000000298023224,202,0.20001220703125,0.79998779296875,0.23095893009579815,0.7690410699042018,10543.0,0.3840172749415195,0.3288278579711914,0.0787571947259195,2.0,8108.0,0.36914158855451407,0.3874811721505293,0.599161322150962,0.6147740296273322,0.6789590527873705,0.690538315452933,0.2429542918242738,0.4123851713566725,6.144754246555699,0.04494429401138106,8108.0,0.9999710619449615,1.02581919586202,0.10917082216542776,0.2782781628703333,9.618934190101783,0.07884427209854428,8108.0,0.8721580281853676,0.7157463862765514,0.13733107566172917,0.2853817356109769,8.622311782669579,0.06846069511015049,8108.0,0.9998385906219482,0.5893667265373768,0.1540097822130579,0.12917189300060272,0.0842879542959122,0.0,8108.0,0.1755056734089788,0.13352638601036454,0.3219042920572274,0.24436731192062333,0.36827824370991613,0.2813142872240429,0.0730425272352127,0.21853042363523875,11.364242088401383,0.09549085231627426,8108.0,0.8673053346574306,0.5366607987957371,0.065301406983988,0.20983723440873986,11.850774613160551,0.10575928095141393,8108.0,0.7260102480649948,0.41900299461764456,0.0730425272352127,0.21853042363523875,11.364242088401383,0.09549085231627426,8108.0,0.8673053346574306,0.5366607987957371
socofing:000118:left_middle,central_only,0.4000000059604645,212,0.4000244140625,0.5999755859375,0.6354469652898972,0.3645530347101028,10314.0,0.24535084648018185,0.21558590233325958,-0.06479037422034917,0.0,3760.0,0.14920212765957447,0.22146343436646967,0.2781914893617021,0.3901726131569198,0.3295212765957447,0.4464090060870698,0.19616859450602406,0.3425086843999142,7.073705195068315,0.12837121099272464,3760.0,0.9999927580356598,0.4996387641986265,0.24998116515667645,0.41593118037714527,6.020927120346483,0.11013068644646148,3760.0,0.9986208856571466,0.27212677879268765,0.19616859450602406,0.3425086843999142,7.073705195068315,0.12837121099272464,3760.0,0.9999927580356598,0.4996387641986265,0.20491680479271618,0.1730351597070694,0.3132947507591071,2.0,3760.0,0.22180851063829787,0.18250116343669434,0.39122340425531915,0.3256253235327437,0.42659574468085104,0.3733333768980934,0.12251391821643987,0.2623059739299277,9.118145703914033,0.25138400077006795,3760.0,0.9677183628082275,0.2413261965430812,0.12080098194223558,0.2620658380009155,9.17929535496665,0.2016967042024456,3760.0,0.9222771674394608,0.17470022682448497,0.10070802530326839,0.23476058090145283,9.96935919654427,0.21673355220707297,3760.0,0.971185714006424,0.24058612413364952
socofing:000132:left_middle,disconnected_fragments,0.6000000238418579,222,0.5999755859375,0.4000244140625,0.6595993322203673,0.34040066777963274,11980.0,0.36565188914756674,0.30765822529792786,0.21650571170739422,0.0,4078.0,0.36709171162334475,0.3710699558126511,0.5605689063266307,0.5855848293026151,0.6309465424227563,0.6570897871326032,0.15012619671199473,0.29085515352932517,8.235435176516901,0.13877365235928854,4078.0,0.9936538930051029,0.20572158887329073,0.10501505290395471,0.2710417092685524,9.787484445056299,0.08471949956239491,4078.0,0.8924972265958786,0.23221807619069246,0.15012619671199473,0.29085515352932517,8.235435176516901,0.13877365235928854,4078.0,0.9936538930051029,0.20572158887329073,0.23257986468067937,0.19517743587493896,0.29737188933563574,1.0,4078.0,0.2192251103482099,0.21940557898377133,0.3504168710152035,0.37081035491939623,0.3965179009318293,0.4212786135646045,0.12122641740946712,0.265262552547301,9.164027293034966,0.19740629675670682,4078.0,0.9852485056035221,0.3594903626127578,0.08972496212166806,0.2483287024034928,10.470867163366453,0.1551540698162831,4078.0,0.8700669556856155,0.22303080025152885,0.10868380106137765,0.2570590710510875,9.638351811566633,0.22434431299025975,4078.0,0.9423137288540602,0.13372521318791322
socofing:000138:left_middle,stripes,0.800000011920929,232,0.79998779296875,0.20001220703125,0.7831218974076117,0.21687810259238827,9065.0,0.38031307877868503,0.32150766253471375,0.21189914179309785,4.0,1966.0,0.4104781281790437,0.4191166227977128,0.5681586978636826,0.6123812804477988,0.6276703967446592,0.6768028329978276,0.27881759537958056,0.4340670732110985,5.546798226287816,0.0649702485758343,1966.0,0.9957244987599552,0.958652491640633,0.09332753694436088,0.25963043677146874,10.299901957122744,0.09236361855057912,1966.0,0.7474744911305606,0.5578693906534147,0.11812753838489067,0.26331249000679885,9.276488460407222,0.09607699076696474,1966.0,0.9946671724319458,0.42180828712981605,0.24466691899699816,0.20587347447872162,0.25414876579872486,0.0,1966.0,0.20549338758901323,0.22861400848426994,0.349440488301119,0.38986177934392424,0.3967446592065107,0.4436110362971423,0.09310417591557953,0.2304817326861933,10.310308395726732,0.14543970554917499,1966.0,0.9602666199207306,0.73898019240155,0.08079636056023214,0.24111046237347122,10.926082014061855,0.11668471102826047,1966.0,0.7711581289768219,0.5585762380122489,0.09310417591557953,0.2304817326861933,10.310308395726732,0.14543970554917499,1966.0,0.9602666199207306,0.73898019240155
socofing:000153:left_middle,random_rectangles,0.699999988079071,242,0.70001220703125,0.29998779296875,0.6513825084510705,0.3486174915489295,11537.0,0.3313369671809976,0.28467145562171936,0.32863951569543376,4.0,4022.0,0.5293386374937842,0.37412564455721875,0.7230233714569866,0.5344180152272182,0.7727498756837394,0.5878488054505514,0.12548585970050632,0.2755302493423427,9.0140520964135,0.07195423309311672,4022.0,0.9803921561688185,0.27878508384860584,0.05830858745267079,0.19256298359801177,12.342674793977022,0.15372756695327758,4022.0,0.776978388428688,0.15251017740563502,0.1053279710748739,0.24110420588297424,9.774562815177603,0.08457880982771615,4022.0,0.9896852965466678,0.23054107713668107,0.21792963897482429,0.18382079899311066,0.34042004981342194,4.0,4022.0,0.28269517652909,0.20503663217203347,0.46369965191447043,0.3473981216794398,0.5248632521133765,0.3948519515152419,0.10776498949922758,0.25234604813413225,9.675223090647906,0.1113987298092787,4022.0,0.9763287883251905,0.25657523553935613,0.05731975259480945,0.1903289238399442,12.41695692785177,0.18035750408260007,4022.0,0.8258492331951857,0.18300978273811422,0.08247248114390436,0.21423226253957126,10.836909397051173,0.12778172115782369,4022.0,0.9641452394425869,0.16955844514387106
socofing:000161:left_ring,central_missing,0.20000000298023224,253,0.20001220703125,0.79998779296875,0.056794690458056796,0.9432053095419433,9191.0,0.46199890055009024,0.3865859806537628,0.13508709192693613,3.0,8669.0,0.6637443765140154,0.6046473361901559,0.8012458184334986,0.753463084444151,0.8428884531087784,0.8030683338621494,0.2269368348223131,0.3865801858095189,6.440950067077134,0.02954253011528871,8669.0,0.9999996423721313,0.5094161723748738,0.07920709151135241,0.23365880957424207,11.01235933734052,0.05288115287871265,8669.0,0.7849536389112473,0.34090183263982876,0.12849940845889665,0.2842281719945046,8.910988715827125,0.030206613209168124,8669.0,0.9868081207387149,0.39365337137163986,0.2223919358120367,0.1861608475446701,0.11066402046820889,3.0,8669.0,0.22482408582304764,0.18720297394553495,0.4047756373284116,0.35230820111260863,0.4681047410312608,0.4073432768349664,0.10236959192143744,0.25894659004450377,9.898290279491416,0.04020380142665766,8669.0,0.9499360285699368,0.2459321087889161,0.07640396892356605,0.23063763782607832,11.168840807327737,0.05757598097430094,8669.0,0.7984813433140516,0.2742662275847396,0.08399129867690025,0.2386301570871263,10.757657036089004,0.05860788622444304,8669.0,0.9284733533859253,0.24595993938467647
socofing:000163:left_ring,peripheral_only,0.4000000059604645,263,0.4000244140625,0.5999755859375,0.4051700680272109,0.5948299319727891,7350.0,0.4252560946337149,0.3582576513290405,0.23646457524612835,3.0,4372.0,0.6633119853613907,0.4879851333067598,0.8334858188472095,0.6866826552812484,0.8668801463860933,0.7529151626060778,0.15965685145625486,0.3268063206852764,7.968124395686469,0.05285852941463353,4372.0,0.9993277192115784,0.1980320705063494,0.055493140651557187,0.187334675217441,12.557606954589815,0.12525505590015754,4372.0,0.7867417484521866,0.18701470705834722,0.10558799196153783,0.26236580981475055,9.763854693151972,0.1011293356474343,4372.0,0.8423648923635483,0.9629681815340203,0.14330016971043455,0.12001681327819824,0.1479393066074304,0.0,4372.0,0.19533394327538883,0.12971830331913833,0.3387465690759378,0.22792208489756574,0.3856358645928637,0.26065667875704146,0.04845104224293584,0.17290902420476228,13.14696876291495,0.13271899492514003,4372.0,0.749902993440628,0.24117952429985956,0.041085668758172454,0.16747095578495833,13.863096395502756,0.15438739596336795,4372.0,0.5945990532636642,0.22373835080256485,0.04845104224293584,0.17290902420476228,13.14696876291495,0.13271899492514003,4372.0,0.749902993440628,0.24117952429985956
socofing:000185:left_ring,central_only,0.6000000238418579,273,0.5999755859375,0.4000244140625,0.779098110907983,0.22090188909201702,9846.0,0.3111795291845826,0.2614055871963501,0.334621972994324,4.0,2175.0,0.41793103448275865,0.3050403245016076,0.6487356321839081,0.4972733262270347,0.7149425287356321,0.5613509934688437,0.10892504083185177,0.2577097146341513,9.628722685917072,0.11039664847444211,2175.0,0.9366464018821716,0.7084177803970567,0.048064616682749875,0.17587878452892275,13.18174516854046,0.16885996181911134,2175.0,0.7058795988559723,0.45638764139163074,0.05685336307372774,0.18194870029244273,12.452438401906242,0.15114757005030335,2175.0,0.7898311018943787,0.3498018590730154,0.15831024865994509,0.1319129765033722,0.3481542290681617,0.0,2175.0,0.19540229885057472,0.1526821734165323,0.31632183908045974,0.25273359033157083,0.35908045977011493,0.2860840626365837,0.04729410882384581,0.16878861157630368,13.251929536520146,0.21161585044094652,2175.0,0.8312980979681015,0.42343751815170916,0.04718720155256899,0.17486197451322244,13.261757778237126,0.21756381940360556,2175.0,0.7099582403898239,0.4355961131342677,0.04729410882384581,0.16878861157630368,13.251929536520146,0.21161585044094652,2175.0,0.8312980979681015,0.42343751815170916
socofing:000200:left_ring,disconnected_fragments,0.800000011920929,283,0.79998779296875,0.20001220703125,0.8425699393681523,0.15743006063184772,9401.0,0.36841467100623493,0.3209823668003082,0.5016076116457127,0.0,1480.0,0.47702702702702704,0.4150079654076615,0.6135135135135135,0.5941228030501186,0.6601351351351351,0.6538277489309375,0.17564501232888932,0.28818096639336765,7.553641780598037,0.055800142437997746,1480.0,0.9999871850013733,0.41060283923318924,0.0945072363619415,0.25163293049684127,10.245349365516958,0.08608757354359606,1480.0,0.8464239239692688,0.20756383202058437,0.17564501232888932,0.28818096639336765,7.553641780598037,0.055800142437997746,1480.0,0.9999871850013733,0.41060283923318924,0.2982395473485058,0.2510928511619568,0.2803257052029027,4.0,1480.0,0.20202702702702702,0.296611039481453,0.3141891891891892,0.4770204249709039,0.3635135135135135,0.5371568868007208,0.1274596123065212,0.2766638253909863,8.94627406846225,0.13847901423238565,1480.0,0.9675717353820801,0.307442690976235,0.12458923354708829,0.30648977786390663,9.04519485871993,0.14891626590567336,1480.0,0.8744880855083466,0.21449902069452606,0.09856706577280186,0.22704005893068135,10.062681716960004,0.2199733439926155,1480.0,0.9477246701717377,0.22751847025800803
socofing:000203:left_ring,severe_partial,0.20000000298023224,293,0.20001220703125,0.79998779296875,0.23320874391210783,0.7667912560878922,8829.0,0.4289068575421323,0.3680918514728546,0.24674439192319372,2.0,6770.0,0.4502215657311669,0.47988020505211376,0.6425406203840472,0.6913483068184099,0.7045790251107829,0.7618376740738417,0.24041308666065372,0.3847181131072794,6.190418956134803,0.03524301505131659,6770.0,0.9999942481517792,0.33057482182423187,0.10398777917667304,0.27525258591670976,9.830176967396092,0.06368017416616738,6770.0,0.8288308377377689,0.2019277375527159,0.15985070408955346,0.310471468848318,7.962854464643333,0.06604389036054942,6770.0,0.9970064759254456,0.23817631255500651,0.16543378709250048,0.13839878141880035,0.18080395302150887,4.0,6770.0,0.12141802067946825,0.14831182229906276,0.22038404726735597,0.262981862868657,0.2531757754800591,0.3012052097251883,0.12841184179744755,0.2953618557518417,8.913949249420012,0.07222588741156437,6770.0,0.881735771894455,0.15030070533563034,0.09803020748906477,0.27134304005250975,10.086400781407857,0.07074370850791156,6770.0,0.777135610114783,0.1955395756440451,0.1034556639726277,0.2663407413646623,9.852457276688952,0.05201999383182963,6770.0,0.9078228455036879,0.1853272148233973
socofing:000206:left_ring,irregular,0.10000000149011612,303,0.0999755859375,0.9000244140625,0.09516997643890945,0.9048300235610905,11884.0,0.3990595518395278,0.3413522243499756,0.27611301429414886,1.0,10753.0,0.43550637031526085,0.3770235759496002,0.6740444527108714,0.6362916853542518,0.7500232493257696,0.7227143884891355,0.1307007634050713,0.28116531346581713,8.83721875758081,0.07909409497678982,10753.0,0.9960784311406314,0.40262022035695644,0.07582967105442995,0.23105259257424435,11.201608279585223,0.10700817207977167,10753.0,0.8428262453526258,0.18756664269840642,0.12050745479451073,0.26383520421396817,9.189860860685592,0.07099657340769973,10753.0,0.9918240904808044,0.4787277966737093,0.25502562789454475,0.21494005620479584,0.21684174486834437,1.0,10753.0,0.24597786664186738,0.22657145030008718,0.4334604296475402,0.4051955868718259,0.4980935552868967,0.46473696572907214,0.12764423898426663,0.28496003033292583,8.939987815945813,0.09022334872736104,10753.0,0.999884307384491,0.6503637276272611,0.07467729791230909,0.2287356869906456,11.26811404742834,0.11459729302015009,10753.0,0.8902227859944105,0.33130354899189923,0.09407766069937896,0.24309027018806745,10.265134901410466,0.08938368728024249,10753.0,0.9601786136627197,0.43725928925348595
socofing:000214:left_ring,central_missing,0.30000001192092896,313,0.29998779296875,0.70001220703125,0.07129951355107714,0.9287004864489229,7195.0,0.4615152209551169,0.38527870178222656,0.14558038815205676,2.0,6682.0,0.48443579766536965,0.5712417813385364,0.6299012271774918,0.7493970095665289,0.6881173301406764,0.8087820856425262,0.22547710132593335,0.3866107929582281,6.468975569911251,0.018642338202722857,6682.0,0.9999955296516418,0.5676233605990354,0.11475330692567073,0.296822007742229,9.402347902449323,0.03995019055862812,6682.0,0.7873287200927734,0.3637506895927518,0.1842192957736329,0.3184910704796692,7.346648822329824,0.039882087393057084,6682.0,0.9999652206897736,0.40611852939830323,0.20212399570911957,0.16743138432502747,0.1345380122362096,2.0,6682.0,0.14172403472014367,0.19517153022942946,0.22837473810236456,0.32270314658662225,0.2608500448967375,0.3652136853723531,0.16466914161509524,0.34591395657910134,7.833877783767765,0.050363008170517386,6682.0,0.9714227318763733,0.736044139707314,0.10668234328248727,0.28981385890939976,9.719074535794896,0.062348704348780475,6682.0,0.8315902948379517,0.6185129626267519,0.10840083626132876,0.26992810309493276,9.649673674075986,0.04948491511138144,6682.0,0.9598162770271301,0.700354536914363
socofing:000217:left_ring,peripheral_only,0.5,323,0.5,0.5,0.4881123919308357,0.5118876080691643,8328.0,0.21677705578308498,0.18718816339969635,0.24942406445513843,1.0,4263.0,0.31550551254984754,0.2032728503909772,0.468918601923528,0.3454928687137252,0.5188834154351396,0.39289954148797457,0.15587494197233948,0.29668398611199476,8.072236951884449,0.07125731137318346,4263.0,0.9944677948951721,0.18722807515926673,0.11005887659716664,0.24937712302262807,9.583749244718138,0.11493938555528871,4263.0,0.9607887212187052,0.13869126735001283,0.10679980864306136,0.24832144775586265,9.714295254473218,0.10888399231432377,4263.0,0.9776771664619446,0.5793572948627919,0.1460238926320632,0.122557133436203,0.25335192681420826,1.0,4263.0,0.1508327468918602,0.12840133986505523,0.2406755805770584,0.23187597293460033,0.2716396903589022,0.2663675172911153,0.09315014505733017,0.2468838138632964,10.308164644655486,0.14246733045290916,4263.0,0.8551750481128693,0.12554600808249622,0.07647931789648503,0.22983601414245702,11.164559940990282,0.15030467353759433,4263.0,0.8200836405158043,0.10435790687730978,0.08517804075967318,0.23593201177247583,10.696723536617593,0.16127594551065694,4263.0,0.8340656161308289,0.1468795092305879
socofing:000241:left_ring,central_only,0.699999988079071,333,0.70001220703125,0.29998779296875,0.9650620347394541,0.03493796526054593,10075.0,0.3745871893892234,0.31538522243499756,0.1608921062686227,4.0,352.0,0.20170454545454544,0.37284792798825284,0.33238636363636365,0.5991655768826605,0.39204545454545453,0.6746047931807961,0.21037365557625637,0.3648330087731169,6.770086464299231,0.24836057530169525,352.0,0.9999752640724182,0.32522751951689327,0.16969969918709554,0.3567465575073253,7.703189275202752,0.29053601851522143,352.0,0.9153917580842972,0.40732543722197667,0.11672139332900187,0.2255183018701659,9.328495368146966,0.41205066338926666,352.0,0.9634585678577423,0.2388744184597622,0.20592835740270937,0.17311006784439087,0.29042911101777985,2.0,352.0,0.1534090909090909,0.21068060643632303,0.23863636363636365,0.3299605967476964,0.2755681818181818,0.3697205935181542,0.07705919754577319,0.21225403632376005,11.131755178153256,0.3735502093266026,352.0,0.7988416254520416,0.109011326104444,0.08345611388064092,0.24133855546824634,10.785418420001458,0.4164960849607968,352.0,0.6877735555171967,0.24412298402744886,0.07091348629091529,0.19060492496514184,11.492711630574437,0.43565607211753593,352.0,0.8058855980634689,0.19431641825167154
socofing:000249:left_ring,stripes,0.10000000149011612,343,0.0999755859375,0.9000244140625,0.07123377331733391,0.9287662266826661,9167.0,0.30762983889108764,0.26487866044044495,0.28841154259774077,2.0,8514.0,0.5357058961710125,0.27835897699485007,0.7986845196147522,0.4892806560361164,0.8380314775663613,0.5595878823832052,0.08364198924821666,0.2206352807735442,10.775756469537166,0.08250416296477245,8514.0,0.9983093738555908,0.16953961098629144,0.041237446368959214,0.1566010444953496,13.847082362645498,0.11692812376452777,8514.0,0.7938682436943054,0.2381506596314441,0.0702366060520069,0.2025731495186242,11.534364824165479,0.061475549567291135,8514.0,0.9996102452278137,0.6136196768730152,0.15073545193809396,0.12930214405059814,0.38185180213051384,4.0,8514.0,0.11651397697909326,0.10687932532061034,0.22609819121447028,0.23679111043920195,0.284707540521494,0.2800950388120659,0.04330743390301248,0.17149710067934432,13.63437548774847,0.14685862527895005,8514.0,0.7803921550512314,0.4155954002671819,0.04498837924308927,0.18348431820432737,13.46899652499288,0.15472961634777135,8514.0,0.7803921550512314,0.36991823329167767,0.04314912707492947,0.15023481297432073,13.650279858207522,0.11141659836046627,8514.0,0.8065951764583588,0.3938025773658624
socofing:000256:left_little,random_rectangles,0.10000000149011612,354,0.0999755859375,0.9000244140625,0.004566683964711988,0.9954333160352881,9635.0,0.3995271711730569,0.3414090573787689,0.1423161480650557,4.0,9591.0,0.44979668439161713,0.4287993504442745,0.664789907204671,0.6421706918040128,0.72953810864352,0.713294472257259,0.1569995543725061,0.31114411501162637,8.041015802903601,0.027079153342651954,9591.0,0.9956492776982486,0.36467456401522375,0.09679420586415381,0.25751404652689336,10.141506389368445,0.05012232932221853,9591.0,0.9458916177973151,0.7769059469161597,0.1509596157954882,0.304149789469659,8.211392181565309,0.038200001367168834,9591.0,0.9930146331898868,0.3428941227773653,0.1695687827570771,0.14347366988658905,0.12682730998771757,4.0,9591.0,0.16244395787717653,0.1459349060926158,0.2912105098529872,0.2689466647448772,0.33885934730476486,0.309950584295631,0.09988261988521069,0.26082732093253136,10.005100747831646,0.04849798486914686,9591.0,0.9959886665455997,0.4773049448626006,0.09265238803789294,0.2535022794725025,10.331433826233997,0.060857874210549154,9591.0,0.8551412783563137,0.8145023040422701,0.09479412623292573,0.2557529483795785,10.23218572194205,0.05346374972987107,9591.0,0.9682515226304531,0.8225059167651941
socofing:000263:left_little,irregular,0.30000001192092896,364,0.29998779296875,0.70001220703125,0.2025462962962963,0.7974537037037037,7776.0,0.368150849511327,0.30614352226257324,0.07543370885073013,2.0,6201.0,0.5128205128205128,0.38342233028378797,0.7385905499113047,0.5905685072953692,0.781486856958555,0.6596172329658962,0.167904478304855,0.33562973743628116,7.749377203172841,0.060620296602972204,6201.0,0.9839138686656952,0.9783625070282411,0.06078541860605961,0.2026202174645819,12.162005881353263,0.10123081900070934,6201.0,0.753181979060173,0.5677017748563938,0.08938194826145146,0.23663127382682841,10.487501832404822,0.09952867612260961,6201.0,0.8367553651332855,0.745824208969645,0.19510072311976712,0.16407732665538788,0.06548516648568747,4.0,6201.0,0.21561038542170619,0.16920333654241126,0.4009030801483632,0.3095714183338918,0.45218513143041444,0.35636077893105195,0.08221655164489966,0.2349384342315908,10.850407425033428,0.10596377768657289,6201.0,0.8254264444112778,0.6339952560054295,0.05856184414610374,0.20140331290533728,12.323852555516776,0.12290402742731162,6201.0,0.6716373413801193,0.4395261355108433,0.06653387930537026,0.2102019498447625,11.76957153965654,0.08119166420167775,6201.0,0.7555110305547714,0.512986426708597
socofing:000274:left_little,central_missing,0.5,374,0.5,0.5,0.2615118081517279,0.7384881918482721,10967.0,0.3885862293228984,0.33469897508621216,0.12262262505032845,4.0,8099.0,0.4383257192245956,0.3878294824854741,0.6883565872329918,0.6216622922328949,0.7670082726262502,0.6996065621487019,0.1867726260124878,0.33856190907576755,7.2868677501642,0.06531262644318156,8099.0,0.9988623261451721,0.35661665676989185,0.08489910004799345,0.23923203297039206,10.71096913363373,0.0830217066352807,8099.0,0.8743966743350029,0.3027093097343213,0.13069642664256828,0.2849559231755784,8.837362862574762,0.0672569185861647,8099.0,0.9999993443489075,0.24425517307710265,0.23400244057171138,0.19626475870609283,0.11212754829282313,4.0,8099.0,0.2716384738856649,0.21626483069730254,0.43215211754537597,0.3726301439272974,0.48425731571798986,0.42475191500396225,0.10090968649973664,0.2539890700487685,9.960671430646817,0.0926843378888459,8099.0,0.9292833507061005,0.5257338281035494,0.08026408686667762,0.23475877020342692,10.954787307414955,0.08389727378322502,8099.0,0.8071403503417969,0.5068194510777206,0.09193155093870616,0.2444087062041955,10.365354130211134,0.06879792454881413,8099.0,0.9947929382324219,0.3705863505505179
socofing:000284:left_little,peripheral_only,0.699999988079071,384,0.70001220703125,0.29998779296875,0.725634178905207,0.274365821094793,8988.0,0.27330846770304734,0.23732854425907135,0.0651331260322252,2.0,2466.0,0.43309002433090027,0.2748990233773056,0.7035685320356854,0.43745260389230156,0.7506082725060828,0.4916371307306336,0.1409336494630353,0.3103313422236903,8.509853019128133,0.06177333361340153,2466.0,0.9999663531780243,0.5752591757596442,0.05609037916534124,0.17072230118983225,12.51111624193392,0.14305848935994764,2466.0,0.8668449223041534,0.47135361410537385,0.07448208091575859,0.20957400861882816,11.27948198331672,0.10156238725139909,2466.0,0.9322628378868103,0.41655031838195966,0.14811248702434437,0.12441540509462357,0.3812977954243594,2.0,2466.0,0.15287915652879155,0.13229212897247353,0.2733171127331711,0.2353979434337639,0.3146796431467964,0.26976654825419405,0.05999159734789104,0.20095542184434476,12.219095742995991,0.11558072833336727,2466.0,0.7676524966955185,0.2838821128536556,0.039680436061735526,0.16963989554095443,14.014235638826541,0.1778689090196746,2466.0,0.5237914770841599,0.27842279092591576,0.04590288438390651,0.16233871956956358,13.381600239909176,0.16274547305568948,2466.0,0.7538137286901474,0.42247035369309693
socofing:000289:left_little,disconnected_fragments,0.10000000149011612,394,0.0999755859375,0.9000244140625,0.1589139344262295,0.8410860655737705,9760.0,0.3447645433732661,0.2933906614780426,-0.09702381082691164,0.0,8209.0,0.3002801802899257,0.33693274826570146,0.48422463150201,0.5508400898864694,0.548909733219637,0.622142537093392,0.191038666927752,0.35290319371511525,7.188787210571174,0.041531256509871786,8209.0,0.9969771206378937,0.7174507764384507,0.14459783246655084,0.3183593254373928,8.398382171028414,0.052396541300744545,8209.0,0.9851793050765991,0.5270675165853099,0.191038666927752,0.35290319371511525,7.188787210571174,0.041531256509871786,8209.0,0.9969771206378937,0.7174507764384507,0.2071469534792524,0.17378993332386017,0.015401780753942967,0.0,8209.0,0.161651845535388,0.1878372992649048,0.28018028992569133,0.3295041601453691,0.32123279327567306,0.3767264471055239,0.13125804444690262,0.2993523772745346,8.818740703841833,0.06409033926331299,8209.0,0.9770791521295905,0.2886135901526547,0.12045854209108853,0.29452754389190605,9.19162397396776,0.0782904618444461,8209.0,0.9727876782417297,0.34322683063537895,0.13125804444690262,0.2993523772745346,8.818740703841833,0.06409033926331299,8209.0,0.9770791521295905,0.2886135901526547
socofing:000291:left_little,stripes,0.30000001192092896,404,0.29998779296875,0.70001220703125,0.2736235595390525,0.7263764404609475,7810.0,0.3832381357428848,0.3238169252872467,0.1482670340144991,1.0,5673.0,0.4487925260003525,0.4319583002734642,0.6462189317821259,0.6180530336416737,0.7116164286973383,0.6800846114310768,0.22839614276678652,0.39123189309102996,6.413112348799785,0.04203508202317574,5673.0,0.995969473849982,1.1344302618441076,0.10602891428523185,0.2675616059920337,9.745756856581826,0.07027250452486976,5673.0,0.8668464124202728,0.6133000565577269,0.1609959093611422,0.326227859842888,7.9318515852996825,0.041700009384127025,5673.0,0.9804366221651435,0.4383967848667722,0.1459338049198949,0.1225813776254654,0.15005656784165783,3.0,5673.0,0.13996121981315002,0.12762006454297145,0.24219989423585406,0.23166271383413958,0.27956989247311825,0.2663435969311956,0.10702903362894553,0.2713589468602667,9.70498395824578,0.0857629411425328,5673.0,0.9371526166796684,0.39354991926861094,0.08847614094594818,0.24455251728671934,10.531738282006536,0.09627647969054555,5673.0,0.8450590297579765,0.4876494371187509,0.0927417687348354,0.24268360865252642,10.327246256662876,0.09006082024844944,5673.0,0.8758598566055298,0.3663406315787726
socofing:000293:left_little,random_rectangles,0.20000000298023224,414,0.20001220703125,0.79998779296875,0.04384133611691023,0.9561586638830898,8143.0,0.42758557913834955,0.35854023694992065,0.1489524332584697,2.0,7786.0,0.5089904957616235,0.4730236158904091,0.7034420755201644,0.6886807302965653,0.7636783971230413,0.7605664350986175,0.3338600914930784,0.4972868732358177,4.7643549193755135,0.0061416336093615504,7786.0,0.9999993741512299,0.6493421093924694,0.09143238168172377,0.25205430808245527,10.388999673396345,0.0403653719448071,7786.0,0.8004879280924797,0.5185458955103458,0.13456060594078328,0.28094414440440596,8.710820658673132,0.08028121746784236,7786.0,0.9787374716252089,0.793518699391261,0.15712460313224869,0.1328216791152954,0.0876501856452916,2.0,7786.0,0.1645260724377087,0.14308621603282656,0.26945800154122784,0.24999552630165567,0.3072180837400462,0.285631963057932,0.13040039918996593,0.3010325619216813,8.847210791122729,0.03631554914461357,7786.0,0.8431141376495361,0.7478681956573668,0.08687732250388105,0.24852075946128302,10.61093572190176,0.07143388630962047,7786.0,0.6998848021030426,0.5286764189939585,0.0942890042017317,0.24375815181146074,10.255389508782702,0.1018808533125197,7786.0,0.8140433952212334,0.7667205890644595
socofing:000302:left_little,irregular,0.4000000059604645,424,0.4000244140625,0.5999755859375,0.36252062706270627,0.6374793729372937,9696.0,0.4114024484076559,0.34607207775115967,0.12225342173384615,2.0,6181.0,0.6919592298980748,0.497059250775712,0.8453324704740334,0.6668095976890551,0.8666882381491668,0.7233930466601696,0.1494289549251357,0.3179242454590949,8.255652409021259,0.05166978350773722,6181.0,0.8907938003540039,0.337319768748135,0.05159158159898746,0.1682445226573786,12.874211581281612,0.13881789978976425,6181.0,0.826214537024498,0.2670978217811319,0.11894618105951424,0.26573692111738717,9.246494970601272,0.06204157093749242,6181.0,0.9999360740184784,0.510857824840474,0.1384415054519939,0.11600109934806824,0.24629036471919594,3.0,6181.0,0.21145445720757158,0.12377275566301807,0.38197702637113734,0.22003953374429266,0.4376314512214852,0.2521284597713842,0.047917584336577064,0.16742349152396438,13.195050841024383,0.14809539401950822,6181.0,0.7600213885307312,0.26468229164272933,0.03798749088270129,0.1525197239769564,14.203593911461038,0.19198697946270324,6181.0,0.6661725640296936,0.32742395496439947,0.049431778597323395,0.162965914311966,13.059937629742532,0.158734855641419,6181.0,0.8191215693950653,0.36138661927730525
socofing:000303:left_little,central_missing,0.6000000238418579,434,0.5999755859375,0.4000244140625,0.4022876136474729,0.5977123863525271,10229.0,0.3276618455988463,0.28499358892440796,0.2803958155998542,2.0,6114.0,0.45878312070657506,0.3485350606437208,0.6987242394504416,0.5263462744626416,0.7626758259731763,0.5856166790689484,0.10647207568590528,0.2546290267742671,9.727642792271212,0.044698884935983174,6114.0,0.9755028188228607,0.3134412916243879,0.07024942624080885,0.20226492789474346,11.53357218490046,0.08015833834869299,6114.0,0.8509727567434311,0.18314645702529386,0.09263691555224329,0.2451728189270852,10.332159136872484,0.051293514828974575,6114.0,0.837426170706749,0.28488811088273414,0.2080137934751436,0.17557871341705322,0.2023172533289191,0.0,6114.0,0.3267909715407262,0.18477165450896163,0.543179587831207,0.3304978556636115,0.6023879620543016,0.37907325604849484,0.06565363244952736,0.19596488323790168,11.827412404938665,0.06322356381128413,6114.0,0.9091120660305023,0.15440151465877303,0.050227284830657734,0.17377052672809348,12.990602981481183,0.09471953193000436,6114.0,0.8084355592727661,0.21948224129431013,0.06565363244952736,0.19596488323790168,11.827412404938665,0.06322356381128413,6114.0,0.9091120660305023,0.15440151465877303
socofing:000308:left_little,peripheral_only,0.800000011920929,444,0.79998779296875,0.20001220703125,0.8504044662185257,0.14959553378147428,8777.0,0.40071442002843377,0.3385588228702545,0.15022459318845605,1.0,1313.0,0.5597867479055598,0.41482702884979133,0.7882711348057883,0.6425543329276298,0.8332063975628332,0.7184634342869092,0.12597103701287038,0.2866560301409363,8.997292954489907,0.09156240433655505,1313.0,0.958685040473938,0.6253984343689312,0.060639117591129124,0.19355160929120777,12.172471271004701,0.13695603895250938,1313.0,0.7508423328399658,0.6440254015550673,0.12016083814678008,0.27855206907975794,9.202370510352122,0.10894611792391878,1313.0,0.9186056852340698,0.8510474999050396,0.14944794507582315,0.12513883411884308,0.19330902383975065,4.0,1313.0,0.14394516374714394,0.13406000401532478,0.26580350342726583,0.23757791801526726,0.31226199543031224,0.2720838893485814,0.05716291363531672,0.18676631173057948,12.42885643011032,0.20348585563095334,1313.0,0.7376749515533447,0.637186918401034,0.04820078400689834,0.18736980955335628,13.169458977134202,0.1907117150416168,1313.0,0.5812588334083557,0.6223213756783073,0.05299834824037199,0.18498880482546173,12.757376655175188,0.14104118047352165,1313.0,0.686025083065033,0.8177208564177553
socofing:000309:right_thumb,disconnected_fragments,0.30000001192092896,455,0.29998779296875,0.70001220703125,0.3927601086782803,0.6072398913217196,12514.0,0.44323185969848566,0.3820028007030487,0.052259820693303254,3.0,7599.0,0.5274378207658903,0.5062156367386653,0.7065403342545071,0.7154693532215951,0.7641794973022766,0.7852205920492383,0.32867313159139616,0.4778762957066369,4.8323579722209455,0.07005306375559707,7599.0,1.0,0.5907083669740085,0.08880626857488151,0.2505388816439031,10.515563775615478,0.10286356624943332,7599.0,0.8945720191113651,0.33961078080074236,0.15265361311386375,0.2974509383743703,8.16292912054193,0.08390049473609448,7599.0,0.9998011589050293,0.3676933487626333,0.3293920974093591,0.279744952917099,0.17752898474291498,3.0,7599.0,0.32780629030135544,0.30983193078893223,0.5223055665219107,0.525071339192932,0.5816554809843401,0.5968178086609319,0.27626107889116647,0.4251929568886048,5.586802964568052,0.09669339318012993,7599.0,0.9999823570251465,0.5128839027063563,0.0937025041121509,0.25034457974040036,10.282488028415965,0.14563824421372118,7599.0,0.9958356018178165,0.25375821937432325,0.13197595320890823,0.2762637910402964,8.795051925823632,0.1145761110499373,7599.0,0.995672523509711,0.2331864826071742
socofing:000317:right_thumb,stripes,0.5,465,0.5,0.5,0.44181069958847735,0.5581893004115226,12150.0,0.4317915855871474,0.38012659549713135,0.21560047843907315,2.0,6782.0,0.6102919492774993,0.48772990103317765,0.8121498083161309,0.6964603684840389,0.8608080212326747,0.7660371909676593,0.2060635559745758,0.3646417548645846,6.859988099610279,0.03575742299981713,6782.0,0.9991199970245361,0.42272963862296153,0.07061802357271214,0.21926924237928982,11.510844414525659,0.059228831930208926,6782.0,0.8252590149641037,0.3518392217599578,0.12357727000055813,0.2662838868438001,9.080614032045379,0.052823723455359024,6782.0,0.9884116053581238,0.5290500121283417,0.19937428183012113,0.16781748831272125,0.24048016624956142,2.0,6782.0,0.24992627543497492,0.1859065313468954,0.4087289884989679,0.31765207587987115,0.45797699793571217,0.36156725739086315,0.0957780593542523,0.2471731446278442,10.187339668369273,0.0481515120583073,6782.0,0.9565286035649478,0.6695087225251326,0.06607726159894832,0.20651547972790443,11.799479635252773,0.06366500895816442,6782.0,0.8817690592259169,0.4057717220625125,0.08497622862959615,0.22389453104507662,10.707025474486809,0.0833099124432676,6782.0,0.9803667645901442,0.4221693287248565
socofing:000318:right_thumb,random_rectangles,0.4000000059604645,475,0.4000244140625,0.5999755859375,0.25309137626465394,0.7469086237353461,12454.0,0.3096580053434349,0.27078405022621155,0.12371714136682534,1.0,9302.0,0.29488282089873147,0.31588662167924164,0.47871425499892495,0.49607567018307663,0.5368737905826704,0.5561386863510215,0.31307541340298983,0.4607864832852502,5.0435103727825386,0.03201582429188905,9302.0,1.0,0.49162940394777166,0.14728690400104746,0.3106876955602858,8.318358666870719,0.07153271649817852,9302.0,0.9649016559123993,0.25005069467044333,0.14534734343267078,0.2999798751413046,8.37592901582411,0.06012903727092811,9302.0,0.9932974278926849,0.1586657366719291,0.22714999438972533,0.18954238295555115,0.14052634223375488,4.0,9302.0,0.2125349387228553,0.22247411049558025,0.3469146420124704,0.36297240263414604,0.3958288540098903,0.40980516668033456,0.13614526099784272,0.2982307739694102,8.659974711679844,0.06466190681649808,9302.0,0.9843021612614393,0.7726017961419357,0.0860584346856972,0.2485915526052966,10.65206557551007,0.08138021224843775,9302.0,0.9311335645616055,0.6590368986059731,0.09692674470302769,0.24849877520516422,10.135563728528346,0.11150551380977368,9302.0,0.9842611532658339,0.3607129190443694
socofing:000319:right_thumb,irregular,0.6000000238418579,485,0.5999755859375,0.4000244140625,0.46811083123425695,0.531889168765743,9925.0,0.37482231769242913,0.3153092563152313,0.10370699864677571,3.0,5279.0,0.2947527940897897,0.36950185363164884,0.47660541769274484,0.5991836619018085,0.5506724758476984,0.6757442646585284,0.16626607019370954,0.32157193122327193,7.791963679246563,0.06368080213804267,5279.0,0.9979383945465088,0.3661977787679485,0.11933012726540856,0.29796382481338846,9.232498962013144,0.11239959928630702,5279.0,0.8231056891381741,0.18605500041984555,0.12073824456729339,0.26035538238227485,9.18155142713786,0.12435044608256418,5279.0,0.9973186254501343,0.23709442094107822,0.1983212579310584,0.1657993644475937,0.14787148468898506,1.0,5279.0,0.17200227315779504,0.18863572196360676,0.2949422239060428,0.31634545909294826,0.3447622655806024,0.3589153714693954,0.10932781914527287,0.261971796543725,9.612693150491923,0.1472460199824642,5279.0,0.9875406017526984,0.19933911634407916,0.08747266644346864,0.24896736747270679,10.581276346037624,0.18804758744154498,5279.0,0.8598041525110602,0.18681653612739238,0.09957117288283761,0.25133701269849174,10.018663771386391,0.2217786760988484,5279.0,0.94987618830055,0.11159552188729553
socofing:000321:right_thumb,central_missing,0.800000011920929,495,0.79998779296875,0.20001220703125,0.7391961798647035,0.26080382013529646,12565.0,0.3540292718168945,0.31267881393432617,0.0552749985710645,0.0,3277.0,0.3790051876716509,0.3172156855777738,0.6502898992981385,0.5627654762831191,0.7268843454379005,0.6446154065182341,0.15555194176442913,0.315656898583595,8.081245631967871,0.09302660780378248,3277.0,0.9896149933338165,0.22842148101901744,0.10478977447233498,0.26019760673660486,9.796810943265903,0.10398629178864012,3277.0,0.9228176921606064,0.23428696284979592,0.15555194176442913,0.315656898583595,8.081245631967871,0.09302660780378248,3277.0,0.9896149933338165,0.22842148101901744,0.26464306732340126,0.22255735099315643,0.11381437641030122,2.0,3277.0,0.2898992981385414,0.2515711596290768,0.4882514494964907,0.42212171694800954,0.5495880378394873,0.4789719027209871,0.1321135206692495,0.2924596237520033,8.790527338497812,0.09635170430552946,3277.0,0.9836565852165222,0.4321672005816544,0.08691052107095616,0.240256080621621,10.609276462615654,0.11972857904258871,3277.0,0.9042408168315887,0.36920416519989885,0.11473587957070032,0.2673711863030652,9.403007506871468,0.15491362309431086,3277.0,0.9838601052761078,0.4903217844413651
socofing:000339:right_thumb,central_only,0.20000000298023224,505,0.20001220703125,0.79998779296875,0.261887636857668,0.738112363142332,12513.0,0.35861711815457775,0.30533793568611145,0.2749952474375965,2.0,9236.0,0.446838458207016,0.3683801729049761,0.6472498917280208,0.5747636945223643,0.7085318319618883,0.6435582017281604,0.22762549879495472,0.3755328596735272,6.427790895280106,0.07275086570828673,9236.0,0.9999977350234985,0.43240066864594634,0.08109428564489217,0.22855216350369906,10.910097475191344,0.07864251765988421,9236.0,0.9654784202575684,0.33001752761779574,0.1232100134130975,0.2645081525213025,9.0935399514778,0.04841452277197996,9236.0,0.9959542150609195,0.2739534881399352,0.25622710598307596,0.21637007594108582,0.32287569414989314,1.0,9236.0,0.3100909484625379,0.2401095518931882,0.4888479861411867,0.40835161416393284,0.5402771762667822,0.4644323015875143,0.21801500573527816,0.3664551335995478,6.615136133506832,0.09076863639613486,9236.0,0.9999973773956299,0.490987707047913,0.07954802571377961,0.22027939042489292,10.993705945497844,0.08415413403960441,9236.0,0.9356805067509413,0.3315228160715038,0.09408138677704753,0.23192355804033005,10.26496289639742,0.05902810324103257,9236.0,0.9955552215687931,0.2547112923166524
socofing:000345:right_thumb,disconnected_fragments,0.4000000059604645,515,0.4000244140625,0.5999755859375,0.4032480714575721,0.5967519285424279,12315.0,0.41362391312295266,0.3638743758201599,0.20401913430484772,1.0,7349.0,0.4327119335964077,0.37697409600088394,0.7221390665396653,0.6581332792845173,0.8096339638045993,0.7518530070457284,0.22276867505920256,0.37744514373290644,6.521458781544131,0.037385832995706865,7349.0,0.9999571740627289,0.6110365527759489,0.08620771257712756,0.24372085600615903,10.644538782605498,0.06493667772216101,7349.0,0.9960784311406314,0.41481891409269994,0.13747865458520356,0.2883050989920768,8.61764726673604,0.07398033930592592,7349.0,0.9996655285358429,0.4444787251279615,0.191985683063858,0.16078302264213562,0.1545804132208066,1.0,7349.0,0.21894135256497482,0.17264132848287508,0.35991291332154035,0.3052426574440745,0.40876309702000274,0.3494431004311409,0.10884276417133808,0.259480226202757,9.632004374075727,0.08874068349292329,7349.0,0.9960784311406314,0.4743814133304163,0.07678139959270219,0.2262586118225837,11.147439757058821,0.09781975033171438,7349.0,0.9960784311406314,0.48134096132476106,0.09391592865826087,0.24538186006045232,10.272607427529385,0.09000886571421035,7349.0,0.9960784311406314,0.47169396675785347
socofing:000356:right_thumb,stripes,0.6000000238418579,525,0.5999755859375,0.4000244140625,0.5986682334508422,0.4013317665491578,12765.0,0.3160990094559141,0.2713952958583832,0.0934068508093737,0.0,5123.0,0.2984579348038259,0.30297709787099036,0.47628342767909426,0.5044462239709703,0.5438219793089987,0.5716025993376301,0.1531928762237742,0.30680951094451187,8.147614297989659,0.07839337615757286,5123.0,0.9931996460072696,0.23796093165871599,0.1297273125264011,0.2951706945964321,8.869685788060652,0.07896458071977955,5123.0,0.9609978776425123,0.26534559810196334,0.1531928762237742,0.30680951094451187,8.147614297989659,0.07839337615757286,5123.0,0.9931996460072696,0.23796093165871599,0.2716977866790082,0.2299780398607254,0.1842227492127828,0.0,5123.0,0.24146008198321295,0.2680852092873787,0.39878977161819246,0.43435520094725016,0.4497364825297677,0.4897785315005406,0.1263715423399818,0.2819295822209714,8.983507139980487,0.1142220454999289,5123.0,0.9889652128331363,0.15193796673777948,0.1168631758301995,0.28269914104011495,9.323223156400761,0.09343270797363643,5123.0,0.8992957454174757,0.29795272332220646,0.1263715423399818,0.2819295822209714,8.983507139980487,0.1142220454999289,5123.0,0.9889652128331363,0.15193796673777948
socofing:000358:right_thumb,random_rectangles,0.5,535,0.5,0.5,0.3831578947368421,0.6168421052631579,12350.0,0.46131440134976726,0.3961534798145294,0.22261414221424497,0.0,7618.0,0.6997899711210291,0.6204342254701328,0.812417957469152,0.754015024571664,0.8452349698083487,0.7985419576055078,0.14269415352447015,0.2866571933835139,8.455938204668277,0.07089191106633229,7618.0,0.9999983310699463,0.3591397823544489,0.08715210803677464,0.24618440874862998,10.597221037041129,0.08404125553257412,7618.0,0.9141142927110195,0.3440241849967824,0.14269415352447015,0.2866571933835139,8.455938204668277,0.07089191106633229,7618.0,0.9999983310699463,0.3591397823544489,0.16822670899560427,0.14184002578258514,0.2313494756845655,3.0,7618.0,0.16959831976896822,0.1472657857979649,0.3122866894197952,0.2670666420732029,0.36098713573116303,0.3070002608316155,0.09534753957211434,0.2430072362552673,10.206905093724657,0.1037616794363297,7618.0,0.9999933242797852,0.4483423950542331,0.07703338829789792,0.22584310600094704,11.133209993643273,0.11103547793390992,7618.0,0.9142872076481581,0.39553510973720973,0.08504780667226193,0.22842633362325732,10.703368820798234,0.11760142948761076,7618.0,0.9674459095112979,0.3042870176767868
socofing:000377:right_thumb,irregular,0.699999988079071,545,0.70001220703125,0.29998779296875,0.6744242620823873,0.32557573791761274,12332.0,0.3357187038845618,0.2975456416606903,0.07899091225844446,1.0,4015.0,0.3514321295143213,0.3242126573364286,0.575840597758406,0.5359993215604857,0.6438356164383562,0.6065948763018378,0.2509456618297527,0.4120688128669005,6.004203076913678,0.10757170478113516,4015.0,0.9999817311763763,0.44480313954485384,0.12348723663967176,0.28286025866310566,9.083779277760573,0.1542403877017244,4015.0,0.8999292030930519,0.15724514824533714,0.1518646083220717,0.30545147719304744,8.185434256191678,0.1630303435789007,4015.0,0.9975491166114807,0.0926222392576328,0.223479434364611,0.18698933720588684,0.1742698567067939,0.0,4015.0,0.24906600249066002,0.2170964877231332,0.4107098381070984,0.35692880031922986,0.46376089663760894,0.4035395711845954,0.1039408032470776,0.2540641366087763,9.832139313035626,0.2575540307585934,4015.0,0.9548823237419128,0.09529751982870388,0.07375869250925937,0.2247716006065532,11.32186790450179,0.27151410687302685,4015.0,0.7672093436121941,0.07885237956335077,0.1039408032470776,0.2540641366087763,9.832139313035626,0.2575540307585934,4015.0,0.9548823237419128,0.09529751982870388
socofing:000380:right_index,peripheral_only,0.20000000298023224,556,0.20001220703125,0.79998779296875,0.2176726129956558,0.7823273870043442,10819.0,0.322532301071489,0.2767789959907532,0.2160238172020748,2.0,8464.0,0.3775992438563327,0.3291123893872495,0.5841209829867675,0.5167096905459586,0.6513468809073724,0.5792421242655281,0.14879880829632863,0.3000038702292667,8.274005469648781,0.030341848189043112,8464.0,0.994847297668457,0.1696980216553515,0.0870385309142,0.2423592204351996,10.60288447853165,0.06574278083485902,8464.0,0.8873371630907059,0.13570914964164957,0.13901190946267422,0.2873470007478469,8.569479911677902,0.047737546857163304,8464.0,0.9963647723197937,0.4085741074297164,0.14187434264273857,0.11880824714899063,0.21973677735261293,0.0,8464.0,0.1430765595463138,0.1276929622871664,0.24810964083175804,0.22558081019282455,0.28898865784499056,0.25821009282804386,0.08141679735374438,0.23140071398111603,10.892859852156748,0.09287554440584514,8464.0,0.9010566771030426,0.18195658350937444,0.06883430252878105,0.22089847540894403,11.621950837644599,0.12150996976140432,8464.0,0.8403718466870487,0.12828816000808357,0.08141679735374438,0.23140071398111603,10.892859852156748,0.09287554440584514,8464.0,0.9010566771030426,0.18195658350937444
socofing:000396:right_index,central_only,0.4000000059604645,566,0.4000244140625,0.5999755859375,0.573403324584427,0.426596675415573,11430.0,0.2801207662790012,0.2355802059173584,0.4306210889634054,3.0,4876.0,0.35479901558654636,0.2832505570768919,0.5455291222313372,0.4485062051261909,0.6105414273995078,0.5035914211426239,0.1646030257957396,0.30844710423094257,7.835621856831962,0.07593781819852291,4876.0,0.9985502660274506,0.6629119574000691,0.07584622543288193,0.21477176873171908,11.200660274607756,0.13885793012369926,4876.0,0.8862745091319084,0.38557280335064664,0.07953285013445491,0.20731773058216488,10.994534539173264,0.13050192257778453,4876.0,0.996058642398566,0.3663001668275177,0.23367025799517557,0.19696228206157684,0.34263958798915284,4.0,4876.0,0.3303937653814602,0.22544805218417494,0.48995077932731745,0.3730501922111809,0.5303527481542247,0.4222509055535162,0.11058397257468197,0.2534725081794983,9.563078126946778,0.10321730407671048,4876.0,0.9548839032649994,0.42797699474804934,0.06351671231996821,0.19657128693914488,11.971119894576614,0.1535513825676533,4876.0,0.8862745091319084,0.34636043686403645,0.0801653781237485,0.20760277135882502,10.960131546115974,0.17685626466266613,4876.0,0.952011376619339,0.2962691206169303
socofing:000406:right_index,disconnected_fragments,0.6000000238418579,576,0.5999755859375,0.4000244140625,0.7743554418421571,0.2256445581578429,10162.0,0.2698194909423291,0.23690344393253326,0.49371027053092503,1.0,2293.0,0.29568251199302226,0.268782742032306,0.4478848669864806,0.4316075106167243,0.49280418665503706,0.48588243347819693,0.18725073719260715,0.3165076581888775,7.275764638391706,0.06907257197200106,2293.0,0.9999994039535522,0.42546008735288576,0.09757951753513464,0.24152247397723778,10.106413335115857,0.11441048629094178,2293.0,0.9185042381286621,0.3567161074350388,0.10836652709247116,0.21973299035803295,9.651048445868883,0.12478093683199118,2293.0,0.9704909026622772,0.35570897310571054,0.22129565834791132,0.18684129416942596,0.2876964225586572,1.0,2293.0,0.22154382904491932,0.20816549882325242,0.3358046227649368,0.35276003740419226,0.36371565634539904,0.4009582169311721,0.12153660630784816,0.26962924937807375,9.152928947153118,0.09599419552374715,2293.0,0.9675722122192383,0.5102883374682617,0.09629727978832013,0.24935809977156037,10.163859806803227,0.14930000247712502,2293.0,0.8386239404790103,0.3849642096661822,0.09147985887550975,0.22770069358806214,10.386745140438052,0.14743656319916068,2293.0,0.858527421951294,0.27005790279756786
socofing:000407:right_index,stripes,0.800000011920929,586,0.79998779296875,0.20001220703125,0.772879091516366,0.22712090848363398,11976.0,0.35344104798620235,0.29905185103416443,0.13393479636493102,4.0,2720.0,0.3698529411764706,0.36083517456975056,0.569485294117647,0.5662450894362786,0.6408088235294118,0.6347150610584547,0.22646986037538314,0.3817210630946861,6.449895876627253,0.058368035182154436,2720.0,0.9999996423721313,0.6196794145179344,0.10689775960951366,0.2716536296896212,9.710313967502634,0.07934700554656161,2720.0,0.9660077802836895,0.30939992542033645,0.15465400419994446,0.3110446362518226,8.106388310476268,0.050943886221808,2720.0,0.9769538035616279,0.1586607408461098,0.28605064999531293,0.24087364971637726,0.24547432537469804,3.0,2720.0,0.2786764705882353,0.2837086538181585,0.45845588235294116,0.45744684037478534,0.5172794117647059,0.5153595692269941,0.15904357687311488,0.31678989661039153,7.984838656002577,0.06941113773968559,2720.0,0.9968160092830658,0.21301358765737935,0.10392743642433801,0.2670023917927585,9.832697853135217,0.09746248802506594,2720.0,0.912090502679348,0.2025228607815771,0.13966481442939063,0.29031378159741184,8.549129913363902,0.13854134145054842,2720.0,0.9878875017166138,0.14259888942567286
socofing:000422:right_index,random_rectangles,0.699999988079071,596,0.70001220703125,0.29998779296875,0.6358435792349727,0.3641564207650273,11712.0,0.3188249844948544,0.26883023977279663,0.3047606431699873,0.0,4265.0,0.3280187573270809,0.3122088950166669,0.5043376318874561,0.5094583662439482,0.5688159437280188,0.5752081899863754,0.13312633489393805,0.26048780029065305,8.757360244065609,0.056322452674260906,4265.0,0.9994876980781555,0.2771794258563624,0.08886366167835168,0.24756466919907827,10.512757953722279,0.09667463681234584,4265.0,0.8038725252263248,0.12096940347640962,0.13312633489393805,0.26048780029065305,8.757360244065609,0.056322452674260906,4265.0,0.9994876980781555,0.2771794258563624,0.2306729414454658,0.19388775527477264,0.31459884740894895,3.0,4265.0,0.22813599062133647,0.21568496287358185,0.3697538100820633,0.3675779084555569,0.41781946072684645,0.4182088903162152,0.10549791830020024,0.24852622087896395,9.76756109841697,0.11183624030385396,4265.0,0.9735838174819946,0.298025274992851,0.08000087495984601,0.232454583633381,10.969052631561183,0.11194695608413839,4265.0,0.7890458032488823,0.19416070976582017,0.09917389293441908,0.23829092497065016,10.036026388009397,0.12694471755893827,4265.0,0.957202821969986,0.11138745661110491
socofing:000424:right_index,central_missing,0.10000000149011612,606,0.0999755859375,0.9000244140625,0.022739662020091894,0.9772603379799081,12841.0,0.24043443156424837,0.20836293697357178,0.2236833282871008,0.0,12549.0,0.25842696629213485,0.19927974126378667,0.433819427842856,0.38057962147275126,0.48322575504024223,0.4410129148757394,0.139900203742557,0.2832605961932266,8.541816530263725,0.08673240491391393,12549.0,0.9983710050582886,0.7363886633781311,0.12905626542634166,0.27859352455976943,8.89220906470478,0.05974111841281318,12549.0,0.9554608445614576,0.7116335583839326,0.139900203742557,0.2832605961932266,8.541816530263725,0.08673240491391393,12549.0,0.9983710050582886,0.7363886633781311,0.13652013565346638,0.11544529348611832,0.1815843110425549,0.0,12549.0,0.20503625786915292,0.13330077007383226,0.2930910829548171,0.21811028048758274,0.3234520678938561,0.24638011729216627,0.08590645971789096,0.22978877932850308,10.65974178260078,0.08167104090666624,12549.0,0.9885700335726142,0.44404527369332825,0.0805121235347223,0.22995550373190785,10.941387185415127,0.07647584417204413,12549.0,0.9529411755502224,0.3800756078883521,0.08590645971789096,0.22978877932850308,10.65974178260078,0.08167104090666624,12549.0,0.9885700335726142,0.44404527369332825
socofing:000425:right_index,peripheral_only,0.30000001192092896,616,0.29998779296875,0.70001220703125,0.3502624142107388,0.6497375857892612,12385.0,0.2635197480806019,0.22820454835891724,0.28748487613515755,4.0,8047.0,0.29688082515223063,0.24967126687357882,0.47769355039145023,0.4202467488082607,0.5409469367466136,0.477105242786488,0.1961158005784911,0.33911662232481443,7.074874148604642,0.053534432701257566,8047.0,0.9993556141853333,0.469731792881226,0.09802068669762823,0.2465166987699316,10.086822593020056,0.08479158226330696,8047.0,0.9175233421847224,0.4252004691830836,0.11511745955774881,0.2512865424107233,9.388588030900852,0.059791664465094096,8047.0,0.9894447028636932,0.34551521331210816,0.19975597303417642,0.16789691150188446,0.23656294366806643,4.0,8047.0,0.20989188517459922,0.17281699807611003,0.3656020877345595,0.31691565935887567,0.41307319497949546,0.3649485464531308,0.08960729667990996,0.23496584525925346,10.476566245030948,0.08316678091244073,8047.0,0.903606504201889,0.6325722113991261,0.06966077468491415,0.21596566937919148,11.570117001403053,0.09994393943202921,8047.0,0.8224919885396957,0.37931777873522293,0.08485448139332644,0.2283563710856436,10.713252164812634,0.08688349226818574,8047.0,0.9287136774510145,0.31082726803314376
socofing:000429:right_index,central_only,0.5,626,0.5,0.5,0.6656374421061184,0.3343625578938816,12307.0,0.3531417046630368,0.3116072118282318,0.23973348129926975,1.0,4115.0,0.42114216281895506,0.32431555218713976,0.6746051032806805,0.5621441122132692,0.7302551640340219,0.6414202988886456,0.2943034164467163,0.44844627066901266,5.312046963259939,0.07483220806459076,4115.0,0.9999822378158569,0.3216270464305861,0.07553351268206443,0.21870004700877016,11.218603179909808,0.16333954781006185,4115.0,0.9242529384791851,0.24060592361661196,0.122440746194403,0.2598584525534976,9.120740323324279,0.09452263124458231,4115.0,0.9974870681762695,0.3423068735481241,0.2519721753107676,0.21556705236434937,0.3662003852849978,1.0,4115.0,0.30984204131227217,0.22988456658575399,0.5292831105710815,0.40094671962472683,0.5861482381530985,0.45796743730438433,0.1079750225274667,0.2486039401140666,9.666766966710314,0.20049641218237135,4115.0,0.9617421617731452,0.24081434854366351,0.062489219400688654,0.19339123296869393,12.041949003940559,0.2154733954925821,4115.0,0.8424418941140175,0.21160398427559493,0.10434944570859622,0.2425466713282808,9.815098535111996,0.15049633331349302,4115.0,0.9996341466903687,0.19554102108845892
socofing:000444:right_index,disconnected_fragments,0.699999988079071,636,0.70001220703125,0.29998779296875,0.8426705619522254,0.15732943804777455,11638.0,0.32900129018553875,0.2961401045322418,0.2547267533840203,1.0,1831.0,0.2708902239213545,0.28257985259261303,0.4756963407973785,0.5217599205375695,0.5412342981977062,0.6014866098525548,0.278377887504145,0.40370329251896403,5.553652651689953,0.10175123325107403,1831.0,0.9999995529651642,0.25479611964309884,0.1877303528475701,0.3406432001509565,7.26465503572089,0.16076203480348422,1831.0,0.9786625560373068,0.1805617050617165,0.17242985673627859,0.3213807649128159,7.633875326345959,0.17377596977742416,1831.0,0.985004186630249,0.24742466147928707,0.23809221121602078,0.20198290050029755,0.3886035446327689,3.0,1831.0,0.2184598580010923,0.21910570886602562,0.3424358274167122,0.37904888771063383,0.3844893500819224,0.4323632806588365,0.15630249368759486,0.3048248852260822,8.060340930868731,0.16486272128312668,1831.0,0.9935683906078339,0.11968663663589792,0.11742857976840876,0.27074199996162296,9.302261916303909,0.21173850815735726,1831.0,0.8814228177070618,0.1780067441146199,0.10167485935556468,0.2375043683844567,9.927864196722748,0.21070945523786128,1831.0,0.948440819978714,0.13799281724444154
socofing:000448:right_index,severe_partial,0.10000000149011612,646,0.0999755859375,0.9000244140625,0.13460432245870654,0.8653956775412934,12169.0,0.4374984444076322,0.38302916288375854,0.09238195735156093,2.0,10531.0,0.3846738201500332,0.3907781197478907,0.632038742759472,0.6953254785862373,0.7144620643813503,0.7968412648656861,0.26680146496175755,0.4028468417718228,5.738117901113328,0.030484865483630573,10531.0,0.9999919533729553,0.41450042510718554,0.11142658320825552,0.28017897558332305,9.530111865105829,0.04228263077084614,10531.0,0.9686274491250515,0.3185231763899605,0.15909507710080967,0.30694111800074186,7.983432585748579,0.03554176517195794,10531.0,0.9956198930740356,0.1745966045608791,0.30283863915075837,0.2603307068347931,0.1353500849885821,2.0,10531.0,0.23739435951001805,0.23323783107818605,0.44506694520938184,0.47758174183395635,0.5110625771531668,0.5590297120858796,0.1726258642738936,0.32478403380050813,7.628941340559294,0.03540720638504464,10531.0,0.9991995096206665,0.8777175624463365,0.10729021477932481,0.2711582865163011,9.694398853139125,0.050524258695194196,10531.0,0.9686274491250515,0.7731569483811543,0.12910620757027064,0.281555987863096,8.89052875869116,0.05219973733129063,10531.0,0.9955091471783817,0.5881516028125162
socofing:000449:right_middle,irregular,0.10000000149011612,657,0.0999755859375,0.9000244140625,0.1136100545725153,0.8863899454274847,12094.0,0.36134298469482073,0.3041800558567047,0.24938552385493554,4.0,10720.0,0.4392723880597015,0.36751984032565976,0.6494402985074627,0.5787664610747971,0.7414179104477612,0.6491820013245095,0.24495042715529058,0.4120615517755331,6.109217988652384,0.03810160120866987,10720.0,0.9879645705223083,0.6733100077685397,0.07807755133463255,0.23452782088216506,11.074738154557696,0.07497008966123984,10720.0,0.8296843692660332,0.44387971585452907,0.07001272156440629,0.1965235077908068,11.548230399393889,0.05505186824035194,10720.0,0.997763067483902,0.46643881726882147,0.232107311493314,0.19384369254112244,0.3477239854907278,4.0,10720.0,0.240205223880597,0.2193554343933712,0.38470149253731345,0.37009651067930815,0.4528917910447761,0.42034353610795383,0.15910567120005104,0.32203406792815165,7.983143399826325,0.08360281540013968,10720.0,0.923471562564373,0.28716378689281385,0.07484855087744534,0.22746991461017796,11.258166034975668,0.10871554681957783,10720.0,0.8584694787859917,0.22292974489922926,0.0511764152599628,0.17199230892514225,12.909301382874707,0.10021671824438269,10720.0,0.8615609407424927,0.3494569536944735
socofing:000472:right_middle,central_missing,0.30000001192092896,667,0.29998779296875,0.70001220703125,0.14698443579766537,0.8530155642023346,10280.0,0.391364203942843,0.33740144968032837,0.19106494403983296,0.0,8769.0,0.3674307218611016,0.41494307490544685,0.5972174706351921,0.6285406134048092,0.6794389326034895,0.6997397929045966,0.09436400170315809,0.2404432529938302,10.251936502286927,0.05111148322382201,8769.0,0.9682930093258619,0.8436517036226129,0.11577968486588697,0.287372389196443,9.36367636848958,0.04951552205476654,8769.0,0.8658797107636929,0.5793442220881011,0.09436400170315809,0.2404432529938302,10.251936502286927,0.05111148322382201,8769.0,0.9682930093258619,0.8436517036226129,0.21190232616871651,0.17805379629135132,-0.014881689087981737,4.0,8769.0,0.16877637130801687,0.16842532061717572,0.34644771353632114,0.33469602131479237,0.41418633823697115,0.3901195882139979,0.08534466278385162,0.24834445377888045,10.688236332604212,0.07236280747267287,8769.0,0.8614343330264091,0.5651648285423015,0.07631772853362552,0.23974605149913727,11.173745641424393,0.07768190965358546,8769.0,0.6738735362887383,0.3243983573657291,0.09686420116339947,0.24751823891410094,10.138366987985165,0.05633029232132749,8769.0,0.9365091025829315,0.5044290825027833
socofing:000484:right_middle,peripheral_only,0.5,677,0.5,0.5,0.5389358108108108,0.46106418918918923,11840.0,0.37293636127910584,0.31840062141418457,0.15853433362422195,2.0,5459.0,0.5209745374610735,0.4177092341663506,0.7191793368748856,0.601175465335294,0.7781644989924895,0.6623308757249416,0.15875830515408285,0.3176836317011353,7.992635461100395,0.08786542698173062,5459.0,0.9940078253857791,0.4158152343988569,0.07920305960685252,0.2303726715372678,11.01258041330868,0.10517052829934527,5459.0,0.939879734069109,0.169187726119194,0.15528255493914303,0.3044745350931468,8.08877331903291,0.072241225839916,5459.0,0.9853343665599823,0.3323908265337143,0.25112260381235135,0.20989161729812622,0.17512273159378913,4.0,5459.0,0.2861329913903645,0.24296041198496549,0.45795933321121085,0.40097994691702366,0.5092507785308664,0.45365312522770956,0.11356553247628766,0.27206722169859976,9.447534584727364,0.115802808198676,5459.0,0.951263964176178,0.45958255107582857,0.07571306106832797,0.22741301094795496,11.208291949964515,0.1339503000564564,5459.0,0.8114416562020779,0.28544622221322574,0.1020484882687757,0.2536689886416579,9.911934244745321,0.13311013456228085,5459.0,0.9288439149968326,0.3259503120859853
socofing:000493:right_middle,central_only,0.699999988079071,687,0.70001220703125,0.29998779296875,0.9045862329169112,0.0954137670830888,11927.0,0.40271695473596375,0.3499692976474762,0.2838566942355995,1.0,1138.0,0.5140597539543058,0.4703870045122656,0.664323374340949,0.6511141325551721,0.7161687170474517,0.7113565085694743,0.23715990545482812,0.40331888978323704,6.249587314610535,0.09192569872520241,1138.0,0.9999973773956299,0.5081173952884153,0.11444255581623446,0.2941699507699458,9.414124517712413,0.1305738195226766,1138.0,0.7494593113660812,0.4241009188953592,0.09719340439734128,0.22536957711889777,10.12363205557557,0.2664274714329525,1138.0,0.983270525932312,0.3082495872137077,0.24972477884724187,0.21094375848770142,0.29487109007975043,1.0,1138.0,0.3585237258347979,0.23599805472081492,0.5483304042179262,0.39818697374294426,0.6124780316344464,0.45224994675032076,0.10070805947776967,0.2446785767612609,9.969357722799277,0.13848590678700487,1138.0,0.9451596736907959,0.49849704044066656,0.05607709864288725,0.18938647531527822,12.512144642992446,0.2186133345103601,1138.0,0.6828280091285706,0.3613207910961782,0.07535778186857216,0.2051678866844441,11.22871893341727,0.190255380354117,1138.0,0.8908507823944092,0.3349246620833247
socofing:000496:right_middle,stripes,0.10000000149011612,697,0.0999755859375,0.9000244140625,0.06664543355362688,0.9333545664463732,12559.0,0.3367902222254886,0.2918868660926819,0.12714603591192214,1.0,11722.0,0.218648694761986,0.3133171614455884,0.3910595461525337,0.5365170494827918,0.47142125917079,0.6109170121618596,0.28851871171295723,0.45266324788771506,5.3982601567926425,0.03727256589156174,11722.0,0.9999557733535767,0.38979246525683847,0.18276167059059356,0.3638246359768063,7.38114880792737,0.04540376930975076,11722.0,0.9826747179031372,0.38532172473273946,0.10472919386317144,0.237487183131228,9.799322393681326,0.05157439283049656,11722.0,0.9988608956336975,0.7468566411412811,0.1976076702949761,0.16598476469516754,0.09011507106302648,1.0,11722.0,0.16004094864357618,0.17095428701401816,0.2766592731615765,0.313506934143866,0.3186316328271626,0.36102448318714864,0.14395669439683417,0.30923642212908914,8.417681343843437,0.04536223462628144,11722.0,0.9937816853635013,0.37014343229979624,0.12485081327766209,0.2956905500113445,9.036086243110274,0.051483658592443055,11722.0,0.960784312337637,0.43087225082208735,0.10137795554079038,0.2490229678781685,9.940564713125198,0.040899949842242135,11722.0,0.9778493028134108,0.8905759041589338
socofing:000503:right_middle,severe_partial,0.30000001192092896,707,0.29998779296875,0.70001220703125,0.33532154863897623,0.6646784513610238,9221.0,0.4272619704580517,0.3701930344104767,0.343669680074077,0.0,6129.0,0.3574808288464676,0.4133611157436825,0.5552292380486213,0.6822290672614458,0.624898025779083,0.7718517177673668,0.23046937134236886,0.35981160288591224,6.37386782815963,0.13323591191184228,6129.0,1.0,0.6371086955523847,0.16390236870978017,0.338093191300935,7.854147699795116,0.09529828585883526,6129.0,0.9411764703691006,0.2756252037364538,0.23046937134236886,0.35981160288591224,6.37386782815963,0.13323591191184228,6129.0,1.0,0.6371086955523847,0.1785886214547337,0.1504354029893875,0.206238868141802,0.0,6129.0,0.11225322238538098,0.14279315035093043,0.20688529939631262,0.28216224721719363,0.24310654266601403,0.3286186128392813,0.13113406939238625,0.30311436420250343,8.822844614229137,0.09690661624013742,6129.0,0.999963104724884,0.36213941226470575,0.14450963578622583,0.3232644430505588,8.401031935353567,0.12821932544459835,6129.0,0.9411764703691006,0.3138718784502809,0.13113406939238625,0.30311436420250343,8.822844614229137,0.09690661624013742,6129.0,0.999963104724884,0.36213941226470575
socofing:000504:right_middle,irregular,0.20000000298023224,717,0.20001220703125,0.79998779296875,0.21643286573146292,0.7835671342685371,11976.0,0.3344593315338438,0.2890274226665497,0.21106524618677794,4.0,9384.0,0.401001705029838,0.3208283620544305,0.6156223358908781,0.5337718335062088,0.6791346973572038,0.6047529906568014,0.18345831431205936,0.33449453072246677,7.364626012804777,0.09978427396313877,9384.0,0.9994160532951355,0.4848099736039304,0.08628624922672845,0.23524320412866648,10.640584089287657,0.09714694923945857,9384.0,0.9729887833818793,0.19524852771916854,0.12880468287205055,0.2737171455071179,8.900683473137786,0.04186938996226869,9384.0,0.9965128302574158,0.307940072996281,0.19173658410466743,0.16109701991081238,0.14856974064057568,3.0,9384.0,0.22357203751065644,0.17641396566793538,0.35198209718670076,0.3052462727237947,0.39215686274509803,0.3481903750757478,0.08913917373806919,0.2354151316975896,10.499313958574291,0.13715004319412047,9384.0,0.9676713906228542,0.1834551048401103,0.07923900001034309,0.22959595038583352,11.010610138595165,0.12744815736260204,9384.0,0.8967363825067878,0.1450058853426203,0.08309360387246958,0.23006735252309155,10.804324047333369,0.12225784330142041,9384.0,0.9775184392929077,0.18737918026702083
socofing:000509:right_middle,central_missing,0.4000000059604645,727,0.4000244140625,0.5999755859375,0.1789637495422922,0.8210362504577078,10924.0,0.3713356609653637,0.3120538592338562,0.22866959773215934,0.0,8969.0,0.636414315977255,0.39091073623042744,0.8723380532946817,0.5960945650710884,0.9121418218307503,0.6644891746846419,0.09126707160686225,0.24807755954788738,10.39685884008956,0.06738441707310665,8969.0,0.8327169865369797,0.9272967852672167,0.03697049060533617,0.15382342487540396,14.321447862195207,0.09220140296597805,8969.0,0.6890996992588043,0.6640493083429853,0.09126707160686225,0.24807755954788738,10.39685884008956,0.06738441707310665,8969.0,0.8327169865369797,0.9272967852672167,0.16894040087192058,0.14199289679527283,0.27552093901981267,3.0,8969.0,0.21117181402608987,0.14682737626828987,0.3704983833203256,0.2680933389347098,0.4217861523023749,0.3085153264901831,0.060395650776385666,0.19720701692873638,12.189943347534465,0.07542171485383506,8969.0,0.78115014731884,0.39723287576050614,0.045108489761380516,0.1746401662647239,13.457417128995914,0.10543044457568203,8969.0,0.7085404843091965,0.3061446669571735,0.044381607042962096,0.1649434116505662,13.527969761631686,0.06582399277422277,8969.0,0.7675624340772629,0.33869137192367077
socofing:000511:right_middle,peripheral_only,0.6000000238418579,737,0.5999755859375,0.4000244140625,0.645197010242687,0.35480298975731295,10837.0,0.2117318853212736,0.18941830098628998,0.6421352110827624,3.0,3845.0,0.40598179453836153,0.20025637539682525,0.5492847854356306,0.33762346552159295,0.5776332899869961,0.38341249556318213,0.07571604967224735,0.1422838119275248,11.20812052530454,0.11787390392256672,3845.0,0.9978914558887482,0.44783735101923533,0.036641831316133695,0.13851844870130517,14.360228289284148,0.11683231806821977,3845.0,0.789057694375515,0.18628138194188026,0.049692260309164515,0.13105835407810051,13.03711248425091,0.12301782206741678,3845.0,0.9879982173442841,0.26351931580022864,0.21690161471094052,0.190097376704216,0.46805175210363276,0.0,3845.0,0.23979193758127437,0.18418213838253591,0.37347204161248376,0.34377063590466433,0.4096228868660598,0.3969668017453738,0.04986541043729046,0.14468422835155043,13.022006019738036,0.15059028103805386,3845.0,0.9341671466827393,0.40246278382546313,0.048123953610572937,0.17751085853521434,13.17638700519176,0.0984709382777376,3845.0,0.815348669886589,0.41864657090572754,0.04986541043729046,0.14468422835155043,13.022006019738036,0.15059028103805386,3845.0,0.9341671466827393,0.40246278382546313
socofing:000522:right_middle,central_only,0.800000011920929,747,0.79998779296875,0.20001220703125,0.95027759634226,0.049722403657740055,12248.0,0.3716795914180956,0.32495802640914917,0.17014785208060568,3.0,609.0,0.3054187192118227,0.32422326532099244,0.45977011494252873,0.5899417136592428,0.5024630541871922,0.6785145297719928,0.44857728809633474,0.5920941797031583,3.4816271894773303,0.06961722751940895,609.0,0.9999712407588959,0.6732373948284348,0.08360368884628648,0.25254924700416514,10.77774559759037,0.262244368982876,609.0,0.8010159060359001,0.47142916334238316,0.09137614711886434,0.19507088122984215,10.39167157949095,0.349078100147132,609.0,0.9329023938626051,0.46867152347217217,0.24974119723919777,0.21230186522006989,0.4123625791763036,3.0,609.0,0.27257799671592775,0.2470339849860406,0.40558292282430214,0.3993151943574007,0.4433497536945813,0.45007559748118736,0.16973337082698367,0.3324858540002324,7.702327638035377,0.21790954244048277,609.0,0.9674712382256985,0.5967971968555954,0.06390295460338813,0.20319726256797419,11.94479061430284,0.31563175655911757,609.0,0.8353932425379753,0.36061139632451306,0.0824976366625627,0.18483927631704825,10.835584926514004,0.4066369203093466,609.0,0.9078571796417236,0.27394502641544854
socofing:000524:right_ring,stripes,0.30000001192092896,758,0.29998779296875,0.70001220703125,0.33652802893309225,0.6634719710669077,11060.0,0.3639209842155532,0.3071683645248413,0.4028078795857647,0.0,7338.0,0.39670209866448625,0.3892546106047642,0.5810847642409376,0.5848069373838062,0.6467702371218316,0.6499910463101535,0.12129114623425534,0.2686161958997951,9.16170899726531,0.060284526397227936,7338.0,0.9999997615814209,0.7552654504576122,0.09180414428485092,0.25167731027414325,10.371377131406227,0.06702889325987635,7338.0,0.8227697014808655,0.38179805286185203,0.12129114623425534,0.2686161958997951,9.16170899726531,0.060284526397227936,7338.0,0.9999997615814209,0.7552654504576122,0.25160526518244675,0.21120816469192505,0.3065496172793803,2.0,7338.0,0.24802398473698556,0.2389955134556189,0.39833742164077407,0.4013074491192321,0.45339329517579724,0.45541142767376974,0.13107101332032015,0.2758619907675968,8.824933429929688,0.04574210666753583,7338.0,0.9999459981918335,0.23395071690327224,0.08679525843715666,0.24432184371626897,10.615039993721798,0.0797452178429153,7338.0,0.893979974091053,0.27428441034330303,0.10951957646812069,0.25665266394967245,9.60508244365609,0.11267045881217053,7338.0,0.9805901637300849,0.2272773025142439
socofing:000527:right_ring,random_rectangles,0.20000000298023224,768,0.20001220703125,0.79998779296875,0.05079397394136808,0.9492060260586319,9824.0,0.4767638410799625,0.405936062335968,0.023234636778939464,3.0,9325.0,0.688686327077748,0.6109065197460134,0.8376407506702412,0.7762364135945451,0.8776407506702413,0.8313463782107222,0.16072063591008157,0.3216111953413219,7.9392835791925815,0.06183416666809853,9325.0,0.9916060562245548,0.3285104897006105,0.07517992419255523,0.22978019382020623,11.238981165414874,0.06924138590865712,9325.0,0.8043453991413116,0.25967959174165095,0.15429738678067034,0.3138425407589141,8.116414291950848,0.04447632980506153,9325.0,0.988825112581253,0.17181382090237332,0.22144136180762636,0.18514689803123474,0.0476011935220252,3.0,9325.0,0.2561930294906166,0.20792433746059202,0.40890080428954423,0.3529544764574987,0.456514745308311,0.4012978561231342,0.09481303100345892,0.2524235855514838,10.23131969582035,0.07233936823257776,9325.0,0.8978791162371635,0.4662371686381504,0.06844468985225236,0.22249802085298834,11.646602401132249,0.07415026811699241,9325.0,0.6331230849027634,0.4579503212255122,0.07381887898483595,0.22284713690511224,11.318325542960988,0.055845773642436654,9325.0,0.8626876324415207,0.4150413996600219
socofing:000528:right_ring,irregular,0.4000000059604645,778,0.4000244140625,0.5999755859375,0.36885245901639346,0.6311475409836065,10370.0,0.28981579665194224,0.24502526223659515,0.18567561220207013,2.0,6545.0,0.30970206264323913,0.269261889092516,0.5176470588235295,0.461649883887165,0.5844155844155844,0.5257792154853812,0.1733706437259488,0.32498697541622806,7.610244382736742,0.10536435346768125,6545.0,0.9999625086784363,0.15392716470079365,0.08132270099917756,0.23476141429128447,10.897882054206429,0.1657578056824343,6545.0,0.8629472106695175,0.1048262669468078,0.09386167071105594,0.24404181441088685,10.275117197364064,0.15007425677067487,6545.0,0.9139397107064724,0.6171335627540416,0.16146740428175607,0.1352178007364273,0.24203943952911777,2.0,6545.0,0.15874713521772346,0.1447705842321205,0.27288006111535523,0.2566781648458462,0.31077158135981664,0.29398069171708807,0.0857089204298051,0.23576630125572154,10.669739751383043,0.24537868643140012,6545.0,0.8984703719615936,0.08313913510626232,0.06745078102124562,0.21656899637136412,11.710130172114479,0.25473955333504766,6545.0,0.7597409784793854,0.07709345653969543,0.07878632740093928,0.22308974140832405,11.035491435451002,0.23849352453978487,6545.0,0.852193295955658,0.0684788123710993
socofing:000530:right_ring,central_missing,0.6000000238418579,788,0.5999755859375,0.4000244140625,0.37660424994740166,0.6233957500525984,9506.0,0.3799614502506163,0.3157142698764801,0.23219038635664074,3.0,5926.0,0.6589605129935876,0.4871122077826588,0.7882213972325346,0.6186533961541903,0.8243334458319271,0.6625004589447009,0.14806321676426198,0.30779912345539784,8.295528195371421,0.0877751809097617,5926.0,0.9862577319145203,0.1253065814122768,0.06288904036198079,0.20362778672631962,12.014250322181228,0.08959711576827474,5926.0,0.8179587051272392,0.17941615790090706,0.09867441834819546,0.2484891644501892,10.057954249417058,0.05919258043862305,5926.0,0.937593549489975,0.2919027422662631,0.17314423374678292,0.14432357251644135,0.13233811951866387,1.0,5926.0,0.25548430644616943,0.16021042405915267,0.3987512656091799,0.27573739302608963,0.4409382382720216,0.31424638268173527,0.09249539605184054,0.24436645502285229,10.338798836830374,0.09936328314668993,5926.0,0.8510494157671928,0.25267313511980477,0.06540150808442585,0.20681817424320154,11.844122372232388,0.09529738499661831,5926.0,0.7793456166982651,0.17759108345058167,0.08073354997518273,0.2217474582507154,10.92945950517499,0.0600248901294776,5926.0,0.959209619089961,0.35923110311730716
socofing:000531:right_ring,peripheral_only,0.800000011920929,798,0.79998779296875,0.20001220703125,0.8194111441450082,0.18058885585499185,10427.0,0.23780580698905696,0.20324166119098663,0.2072688350889619,0.0,1883.0,0.2894317578332448,0.2266722192994724,0.4641529474243229,0.37937593241353273,0.5183218268720128,0.4302771701182194,0.10183954647033518,0.24043404805957203,9.920835434261743,0.17620701824481086,1883.0,0.9951698179356754,0.14170460999975684,0.06714366604683979,0.20861155275575444,11.729949499446256,0.1390860721894185,1883.0,0.8733125571161509,0.2580588063669814,0.10183954647033518,0.24043404805957203,9.920835434261743,0.17620701824481086,1883.0,0.9951698179356754,0.14170460999975684,0.22844145685133627,0.1929628998041153,0.22303525687598652,0.0,1883.0,0.2501327668613914,0.21994124239768617,0.4206054168879448,0.364656309516773,0.4705257567711099,0.4128946652231353,0.09388109261420131,0.23380656349405932,10.274218646043655,0.2083084533419714,1883.0,0.9853473301045597,0.10184228874560909,0.0677541595793939,0.2131329507668875,11.690640373255173,0.1426572551353843,1883.0,0.8272636905312538,0.04617360452762416,0.09388109261420131,0.23380656349405932,10.274218646043655,0.2083084533419714,1883.0,0.9853473301045597,0.10184228874560909
socofing:000540:right_ring,disconnected_fragments,0.20000000298023224,808,0.20001220703125,0.79998779296875,0.2822727272727273,0.7177272727272728,11000.0,0.25570194016762215,0.2230263501405716,-0.04882102148342859,2.0,7895.0,0.2453451551614946,0.23511933602812624,0.41849271690943635,0.4070648438542459,0.4759974667511083,0.464380013129619,0.2474448187759957,0.40161209769524575,6.0652163540931125,0.018669076744558335,7895.0,0.9999999403953552,0.620153331678816,0.17037296398718746,0.3309618367884601,7.685993210877936,0.060987080323539375,7895.0,0.9966602444183081,0.3913678752432515,0.1807335354023891,0.3342290408539505,7.429612559121553,0.06267228502273336,7895.0,0.9999975562095642,0.3637026095076703,0.23188350021725895,0.19406703114509583,0.1715108011318724,4.0,7895.0,0.25611146295123494,0.20895595469000675,0.4366054464851172,0.3687208457948892,0.4942368587713743,0.4219758094965166,0.15808497746264488,0.3065057954052611,8.011093983477375,0.05978891370089219,7895.0,0.9961081743240356,0.46799388511237794,0.09537286300679276,0.24505901478939915,10.205751800436722,0.09070517690314119,7895.0,0.8250624239444733,0.38606350398029515,0.11730412727042654,0.2697102389182775,9.30686707243055,0.07805164283939708,7895.0,0.9467636942863464,0.24887698446571627
socofing:000545:right_ring,stripes,0.4000000059604645,818,0.4000244140625,0.5999755859375,0.3752297794117647,0.6247702205882353,8704.0,0.3469950436537386,0.3027237355709076,0.177020580533272,2.0,5438.0,0.38801029790364105,0.34189913145932,0.5801765354909894,0.5546824786265399,0.6403089371092313,0.6256102610156132,0.19368688254093072,0.33911925372009966,7.128997909122548,0.05463296597257687,5438.0,1.0,0.32160713381020356,0.13966955269723028,0.29954923867760413,8.54898257713758,0.06595173828667625,5438.0,0.9876623749732971,0.3210663396734767,0.17489812925058096,0.325904160527596,7.572148358071714,0.055237101397357054,5438.0,0.9914351692423224,0.47723155524551664,0.13555340798692958,0.11359360069036484,0.18518417488387554,1.0,5438.0,0.1020595807282089,0.12054878682632489,0.183707245310776,0.21538499066302685,0.20871643986759839,0.24699705860859417,0.10096916356827063,0.2668004067022622,9.95811241434543,0.1120340169921429,5438.0,0.8726500254124403,0.3738640701150589,0.09378913258287591,0.26142864772214536,10.278474807330271,0.12128608044306735,5438.0,0.7076587080955505,0.31813686887042975,0.10165637317695556,0.26500313765757777,9.928653888034166,0.10652155216051437,5438.0,0.7920789420604706,0.3382755948298181
socofing:000553:right_ring,random_rectangles,0.30000001192092896,828,0.29998779296875,0.70001220703125,0.13024264154089885,0.8697573584591012,11993.0,0.38170427825841524,0.32579630613327026,0.1380984393835648,0.0,10431.0,0.45240149554213405,0.36931023141668323,0.7032882753331416,0.6094874405292912,0.7759562841530054,0.6895465102334937,0.1312211235300587,0.2795550064572604,8.819962480844667,0.05570498550590695,10431.0,0.9984846711158752,0.4476239137002546,0.0757218329904461,0.22888072145517618,11.207788816601559,0.05333708315334479,10431.0,0.8558358363807201,0.2751474581542807,0.1312211235300587,0.2795550064572604,8.819962480844667,0.05570498550590695,10431.0,0.9984846711158752,0.4476239137002546,0.20622536643058154,0.1720082014799118,0.153535795939477,2.0,10431.0,0.22797430735308216,0.19968035451152868,0.3738855335058959,0.32930608509702525,0.42181957626306205,0.37251466195885735,0.12454627672250228,0.2847231268532222,9.04669251050329,0.047315316982817525,10431.0,0.9764699917286634,0.45568878183553885,0.07865466061231023,0.2337103579271031,11.042755385430471,0.0688927587572953,10431.0,0.7926059924066067,0.3387024154142531,0.08693113044087576,0.23600226975632785,10.608246728303342,0.07311114102345768,10431.0,0.9243110381066799,0.37062987931412567
socofing:000554:right_ring,irregular,0.5,838,0.5,0.5,0.4285425714574285,0.5714574285425715,9901.0,0.4448666245019154,0.3725413680076599,0.13182520762208047,1.0,5658.0,0.4789678331565924,0.515507804600541,0.6601272534464475,0.7188507172129271,0.7223400494874513,0.7866316880837224,0.1677541955440398,0.32669313609522377,7.753266092880944,0.09444475622724201,5658.0,0.9965189695358276,0.18949137950636186,0.10452930305113398,0.2765790164768933,9.807619452518649,0.1144843658650101,5658.0,0.8812469802796841,0.3452438973315154,0.15494416393472724,0.2989224569281756,8.09824777079919,0.10037650638936373,5658.0,0.9882315099239349,0.5180218878807497,0.19249543909387734,0.16063456237316132,0.26514981486143546,1.0,5658.0,0.1737363025804171,0.1822443738469137,0.28596677271120535,0.30696759602550744,0.32414280664545775,0.34854200341837194,0.10453164658315926,0.2598585845585208,9.807522085408381,0.15179927544525,5658.0,0.9404808878898621,0.1269319200648933,0.08597602108716385,0.24699817095926316,10.65622657612521,0.17478014706156525,5658.0,0.8061743080615997,0.17524586450879875,0.08876721945533661,0.23833756030070705,10.517473837483724,0.1898908398062227,5658.0,0.9111066460609436,0.103028442449237
socofing:000558:right_ring,central_missing,0.699999988079071,848,0.70001220703125,0.29998779296875,0.5117969138875063,0.48820308611249374,10045.0,0.34849995333476513,0.30690938234329224,0.1613354219849939,2.0,4904.0,0.41945350734094616,0.36089369158152657,0.6190864600326265,0.5588392991603005,0.6857667210440457,0.624821168353225,0.1749693203312823,0.32894397921414686,7.570380951931305,0.036156385664725225,4904.0,0.999027669429779,0.3465719405585599,0.10822816198261179,0.26492386979066507,9.656597170274887,0.04278398228156968,4904.0,0.9152285680174828,0.20815111850408555,0.17760334824814059,0.3238049957286498,7.505488509899373,0.03595814388387862,4904.0,0.9997555613517761,0.4252920415741757,0.2018276757361644,0.16879744827747345,0.16073116385331562,2.0,4904.0,0.1878058727569331,0.18516386091271583,0.3146411092985318,0.3212578996955182,0.3601141924959217,0.3666225792897856,0.139157861809634,0.2982575327113725,8.564922529009598,0.06616627994814821,4904.0,0.9824236612766981,0.2001138680936226,0.10432600156573948,0.2657544337797775,9.816074372188323,0.057954423662296334,4904.0,0.8652296625077724,0.3131177039108225,0.10390221558947406,0.2615667528443025,9.833751915378793,0.06663395483810539,4904.0,0.8943396173417568,0.5700376863648483
socofing:000564:right_little,central_only,0.20000000298023224,859,0.20001220703125,0.79998779296875,0.37663917804515346,0.6233608219548465,7397.0,0.20200029879556353,0.1750451773405075,-0.0350799248060392,4.0,4611.0,0.06224246367382347,0.19968813377899297,0.10800260247234873,0.3229692615712446,0.13055736282801994,0.36406297083532857,0.4942816378841601,0.6317672369246476,3.0602552288680047,0.05072098413567622,4611.0,0.9999880194664001,0.8585875142855435,0.3379000499997357,0.5173593460046146,4.712117439616893,0.060627358145478864,4611.0,0.9893536567687988,0.6921741488213008,0.22774623803886507,0.40104521393670506,6.425487880649781,0.0853820483013108,4611.0,0.9987825155258179,0.8100948574350882,0.16714428822509744,0.14080223441123962,0.06210553086203137,4.0,4611.0,0.0880503144654088,0.14576310736319684,0.14920841466059423,0.2652927430739658,0.17436564736499674,0.30513595497755547,0.16204800824900603,0.3493338956223323,7.903563025631623,0.08220949962790153,4611.0,0.9362652888521552,0.43133381993992165,0.1346234355177602,0.32263563273331575,8.708793306759619,0.09511117801906606,4611.0,0.8310273848474026,0.3370429957512754,0.11255651217132484,0.2778169009890072,9.486293730023812,0.11821117900988741,4611.0,0.8854256197810173,0.3962893046430462
socofing:000584:right_little,disconnected_fragments,0.4000000059604645,869,0.4000244140625,0.5999755859375,0.4572662448528673,0.5427337551471327,9957.0,0.4522702869201572,0.38257044553756714,0.21036130694095947,0.0,5404.0,0.6058475203552923,0.4683540111599279,0.8678756476683938,0.7252408314962285,0.9074759437453738,0.8108697716083286,0.09856802964100604,0.24503199403469955,10.062639248353236,0.03686079441223446,5404.0,0.9959795773029327,0.4779420810975379,0.061928493109048244,0.20231204365223623,12.081094874437987,0.1396742736469321,5404.0,0.736865907907486,0.2366755536844451,0.09856802964100604,0.24503199403469955,10.062639248353236,0.03686079441223446,5404.0,0.9959795773029327,0.4779420810975379,0.16532581772828966,0.13815264403820038,0.07772340926928162,0.0,5404.0,0.23056994818652848,0.15439660472176323,0.367320503330866,0.2634283870646108,0.4106217616580311,0.2997723145122267,0.052564440963291846,0.1838523076666584,12.79307950062124,0.09131264067822357,5404.0,0.6648608446121216,0.2641039636890365,0.05489826601819557,0.19019486364404595,12.604413726832792,0.14639746255615263,5404.0,0.6834233105182648,0.2154205266413966,0.052564440963291846,0.1838523076666584,12.79307950062124,0.09131264067822357,5404.0,0.6648608446121216,0.2641039636890365
socofing:000589:right_little,stripes,0.6000000238418579,879,0.5999755859375,0.4000244140625,0.5618551217955536,0.43814487820444636,9401.0,0.276589738612153,0.23808149993419647,0.4969560379780496,2.0,4119.0,0.32265112891478515,0.2703819675522541,0.49186695799951446,0.44192280467345485,0.547220199077446,0.49910308371385514,0.1071019606433911,0.24788299046975043,9.702025787590706,0.10060392538224475,4119.0,0.997780442237854,0.42755435953072557,0.07456327255319296,0.21204289656087125,11.27475039218937,0.1470118064172522,4119.0,0.858439989387989,0.11921785169422877,0.1002105523149581,0.22453597722709373,9.990865442286456,0.14466479909225044,4119.0,0.984452873468399,0.2754852940771579,0.21496373939554675,0.1795739233493805,0.34822907109680984,1.0,4119.0,0.16848749696528284,0.2039003116278777,0.27822286962855064,0.34283564025610797,0.31536780772032047,0.389147416465518,0.10602799136747454,0.26215901971496436,9.745794659461955,0.09731254392579405,4119.0,0.9835278987884521,0.18062121464698921,0.08123003785531971,0.24472854810089242,10.90283344373034,0.13871714267076524,4119.0,0.77923434227705,0.13538765801133226,0.10640173618160678,0.2501045019705229,9.730512855001844,0.10332026190786579,4119.0,0.9250322580337524,0.11984842499427202
socofing:000594:right_little,random_rectangles,0.5,889,0.5,0.5,0.45409944334371166,0.5459005566562883,10599.0,0.3655065129691657,0.31055817008018494,0.27364054062649695,4.0,5786.0,0.4422744555824404,0.3878225970960512,0.6389561009332873,0.5870420291633537,0.7034220532319392,0.6534485065191211,0.257828624579587,0.40654086558221664,5.886688681817906,0.04294115080409736,5786.0,0.9998351037502289,0.13435372138443472,0.09082860191743809,0.2462292877460498,10.41777370653794,0.1042745746522817,5786.0,0.9960784311406314,0.16329259683193006,0.15329957273354436,0.29510779550969934,8.144590555808666,0.10783719914889685,5786.0,0.9977065324783325,0.24064154224060985,0.22384529559516678,0.18619370460510254,0.27987104000025825,4.0,5786.0,0.24783961285862427,0.21490415318322106,0.38040096785343935,0.35725835871107225,0.42602834427929487,0.4047097605536893,0.15196029841502195,0.30377796788049966,8.182698622621574,0.06928652052376653,5786.0,0.9960784311406314,0.06676118830556627,0.08922583861793182,0.24497519674344903,10.49509361495825,0.1169799896822386,5786.0,0.9960784311406314,0.10398614349786948,0.10481201088917365,0.2478218134812949,9.79588946703421,0.15153258039712028,5786.0,0.9960784311406314,0.07005244203682039
socofing:000598:right_little,irregular,0.699999988079071,899,0.70001220703125,0.29998779296875,0.673719772403983,0.32628022759601705,11248.0,0.34410046744898815,0.3022625148296356,0.14355963079371,2.0,3670.0,0.3231607629427793,0.3391992313579253,0.5160762942779291,0.5500706243092748,0.5841961852861035,0.6203610886263913,0.28484964725390444,0.43555327821637146,5.453843140194047,0.1098250948054516,3670.0,0.9999973773956299,0.28880011743887596,0.15213999682060778,0.31985018727780706,8.177565971568017,0.17926914542891612,3670.0,0.9393908679485321,0.14750194292411833,0.14308951197922085,0.29852232563167264,8.443921975223766,0.18428499440146984,3670.0,0.9962247014045715,0.3437388299349423,0.23462854242617168,0.19637298583984375,0.28537522971287826,3.0,3670.0,0.23160762942779292,0.2214831570594772,0.3861035422343324,0.3740911293452053,0.4367847411444142,0.4249604534404479,0.1413483644999848,0.29518036679643883,8.497092122380698,0.25096619361070904,3670.0,0.9880370795726776,0.10207948545774735,0.08519169763078678,0.2405776428938044,10.696027274026195,0.30105598877688683,3670.0,0.8177075013518333,0.0844441295110367,0.10760157239959688,0.2530725673654393,9.681813822060729,0.2918905936324629,3670.0,0.9310261001810431,0.06821684652729797
