sample_id,mask_family,observed_fraction,selected_dataset_index,plain_pairwise_diversity_mae,plain_mean_predictive_std,plain_uncertainty_error_spearman,plain_best_sample_index,plain_missing_roi_pixels,plain_coverage_50,plain_interval_width_50,plain_coverage_80,plain_interval_width_80,plain_coverage_90,plain_interval_width_90,plain_single_mse,plain_single_mae,plain_single_psnr,plain_single_ssim_map_mean,plain_single_pixels,plain_single_max_absolute_error,plain_single_orientation_error,plain_mean_mse,plain_mean_mae,plain_mean_psnr,plain_mean_ssim_map_mean,plain_mean_pixels,plain_mean_max_absolute_error,plain_mean_orientation_error,plain_best_of_k_mse,plain_best_of_k_mae,plain_best_of_k_psnr,plain_best_of_k_ssim_map_mean,plain_best_of_k_pixels,plain_best_of_k_max_absolute_error,plain_best_of_k_orientation_error,reinjected_pairwise_diversity_mae,reinjected_mean_predictive_std,reinjected_uncertainty_error_spearman,reinjected_best_sample_index,reinjected_missing_roi_pixels,reinjected_coverage_50,reinjected_interval_width_50,reinjected_coverage_80,reinjected_interval_width_80,reinjected_coverage_90,reinjected_interval_width_90,reinjected_single_mse,reinjected_single_mae,reinjected_single_psnr,reinjected_single_ssim_map_mean,reinjected_single_pixels,reinjected_single_max_absolute_error,reinjected_single_orientation_error,reinjected_mean_mse,reinjected_mean_mae,reinjected_mean_psnr,reinjected_mean_ssim_map_mean,reinjected_mean_pixels,reinjected_mean_max_absolute_error,reinjected_mean_orientation_error,reinjected_best_of_k_mse,reinjected_best_of_k_mae,reinjected_best_of_k_psnr,reinjected_best_of_k_ssim_map_mean,reinjected_best_of_k_pixels,reinjected_best_of_k_max_absolute_error,reinjected_best_of_k_orientation_error
socofing:000023:left_thumb,random_rectangles,0.10000000149011612,0,0.439337618131556,0.37880244851112366,0.08272932890137792,1.0,11110.0,0.6180918091809181,0.45017887070359247,0.9061206120612061,0.7040243142676932,0.9380738073807381,0.7886394621223937,0.16667856904236325,0.3389561386633091,7.781202366745214,0.020671435132793254,11110.0,0.9999967515468597,0.633350064868793,0.043728340934407875,0.1621161708288049,13.59236999597746,0.06469706591250143,11110.0,0.7789067775011063,0.8572355518152256,0.11764518272613311,0.2782763290362354,9.294258513888614,0.02789565594454378,11110.0,0.9514965713024139,1.165335412322051,0.4412384943501785,0.3732370138168335,0.08223538762001636,4.0,11110.0,0.6983798379837984,0.5018770344052413,0.9023402340234024,0.7120454449657918,0.927992799279928,0.7821015818193084,0.16110344496489687,0.3299887432347108,7.928951727201446,0.025505345283742285,11110.0,0.9999987781047821,0.7828574478712953,0.042552117306348676,0.16578098649375347,13.710788254363553,0.07243255090971511,11110.0,0.7582912743091583,0.7871663282238842,0.09315584924328939,0.24708008106016663,10.307898706192699,0.04163264521111459,11110.0,0.9740797281265259,0.6918829268529707
socofing:000030:left_thumb,irregular,0.30000001192092896,10,0.41224000417077794,0.35210534930229187,0.0362898484840451,1.0,7905.0,0.42466793168880457,0.3846458761658871,0.6714737507906389,0.6568245938727556,0.7380139152435168,0.7475508331083784,0.13622465439181494,0.29057788741807256,8.6574428524744,0.06762137121019944,7905.0,0.9979299306869507,1.1132711675075477,0.08238349792777011,0.24500115608430076,10.841597722427021,0.07775610198025659,7905.0,0.8726636469364166,0.7622664831583776,0.11292012627388044,0.25672515476526603,9.472286448713914,0.07732094368385496,7905.0,0.9908303022384644,1.3438294283340544,0.3657666920710786,0.305101215839386,0.12176371137936953,3.0,7905.0,0.37356103731815304,0.3871538173843229,0.5629348513598988,0.5873654198450502,0.6303605313092979,0.6541026206652927,0.11814241105085622,0.27292701160885124,9.275941703040576,0.0816675079841536,7905.0,0.9861779510974884,1.1134790689241036,0.09377490178751957,0.26111072478491926,10.279133820229942,0.07907056077833192,7905.0,0.9076534658670425,0.8925002252869757,0.10725300839562524,0.2471968821978584,9.69590517219737,0.04586638550433619,7905.0,0.9051107168197632,0.23981491545866765
socofing:000032:left_thumb,central_missing,0.5,20,0.4560794106022513,0.3871989846229553,0.13432722799263258,1.0,8192.0,0.552001953125,0.5192627518372319,0.7503662109375,0.7360453910871001,0.8232421875,0.8083062708370562,0.33374253049038144,0.49853933938072714,4.765884454868779,0.022242059175207243,8192.0,0.9999901950359344,0.28592673541260594,0.09714508815939493,0.26054179763866614,10.12579153264907,0.0541559862517417,8192.0,0.8113766461610794,0.11395286834430332,0.14475335207974394,0.2963756553457415,8.393713704476449,0.02636326928013272,8192.0,0.9881582846865058,0.0997512017716734,0.3686561702626932,0.30689871311187744,0.20581153298191215,1.0,8192.0,0.4537353515625,0.4315834938279295,0.626708984375,0.5961426047768328,0.6846923828125,0.6509956417598004,0.14237557376720122,0.3016118441763638,8.46564512721958,0.07653443830144431,8192.0,0.9719040393829346,0.12544494964206165,0.08511445394673892,0.24550386526459533,10.699966827322827,0.047304909460677266,8192.0,0.7700017243623734,0.13591450884858788,0.13994737659895026,0.29286628099941936,8.540352382430376,0.023618452551949793,8192.0,0.9879030575975776,0.13133432192363576
socofing:000039:left_thumb,peripheral_only,0.699999988079071,30,0.3289557076834889,0.2768978476524353,0.13059963209097702,0.0,2823.0,0.33049946865037194,0.33069422571869383,0.5232022670917463,0.5265029840971027,0.6036131774707758,0.591772570223239,0.13626190836564359,0.29587082373931095,8.65625533003661,0.10877472931410445,2823.0,0.9566985964775085,0.4556760313752263,0.10164193211245542,0.267126163561293,9.929270880352606,0.1311096641988846,2823.0,0.9011827558279037,0.19440093562731767,0.13626190836564359,0.29587082373931095,8.65625533003661,0.10877472931410445,2823.0,0.9566985964775085,0.4556760313752263,0.2648147648292106,0.2229977548122406,0.16995377204727802,0.0,2823.0,0.2639036486007793,0.25585159934922563,0.4289762663832802,0.42280730717873855,0.4906128232376904,0.47845920978857615,0.13583310801320544,0.28235132240792893,8.669943620512942,0.1516474399767732,2823.0,0.9843532145023346,0.07261109867385375,0.09717741758715058,0.25707998653059594,10.124346461513024,0.16622440130201976,2823.0,0.8433332741260529,0.06385012507488151,0.13583310801320544,0.28235132240792893,8.669943620512942,0.1516474399767732,2823.0,0.9843532145023346,0.07261109867385375
socofing:000052:left_thumb,disconnected_fragments,0.10000000149011612,40,0.3229629314023796,0.2718997299671173,0.13471831251114,0.0,10542.0,0.443938531587934,0.3185513325189644,0.6861126920887877,0.5162995303554658,0.7398026939859609,0.5822155963009662,0.10704397310339801,0.2570380706264452,9.704377797625456,0.0658012123357875,10542.0,0.9984723627567291,0.44678543704341195,0.061280963303683815,0.19975031294978857,12.126744164468285,0.07137726476138945,10542.0,0.8270288109779358,0.5269874286856324,0.10704397310339801,0.2570380706264452,9.704377797625456,0.0658012123357875,10542.0,0.9984723627567291,0.44678543704341195,0.31380816345094076,0.26361921429634094,0.17535539230342265,2.0,10542.0,0.43141718838929993,0.3058810051077572,0.6807057484348321,0.5013003456871868,0.7394232593435781,0.5664401258803301,0.09700241621763644,0.24054923847252674,10.1321744782739,0.07350025285438735,10542.0,0.991529256105423,0.4137428741460041,0.05559503864754219,0.19187640417257673,12.549639635282935,0.07390076304867164,10542.0,0.79585000872612,0.5055439922230581,0.0931160475339822,0.23770254896750512,10.30975466656939,0.071137532635627,10542.0,0.9960520267486572,0.919176239611539
socofing:000054:left_index,stripes,0.4000000059604645,51,0.30655360458513,0.26105955243110657,0.2100645283086918,0.0,6876.0,0.31733566026759746,0.3043592225471994,0.4952006980802792,0.49026632913241497,0.5580279232111692,0.55223536466082,0.13575692078960516,0.28494245166239646,8.672380211562688,0.09113551483367013,6876.0,0.9671854674816132,0.9765233857709272,0.1208558940291037,0.28448641316204293,9.177321646034823,0.09624400211205524,6876.0,0.9278153292834759,0.6476779099071789,0.13575692078960516,0.28494245166239646,8.672380211562688,0.09113551483367013,6876.0,0.9671854674816132,0.9765233857709272,0.28229182371745076,0.23640547692775726,0.2351676966979651,1.0,6876.0,0.30570098894706227,0.2689874399325541,0.5004363001745201,0.4503364795694315,0.5683536940081443,0.5107861594483907,0.09349203157663108,0.23627701984071556,10.292254029218295,0.12371595069911712,6876.0,0.9401759505271912,0.4049245674875522,0.06956353296888734,0.22312158022136572,11.57618369309796,0.13106364898814563,6876.0,0.8904322981834412,0.7209497296052128,0.09156280333723589,0.2270714301890095,10.382809191947988,0.09222270804985337,6876.0,0.9617621898651123,0.9154610416223579
socofing:000057:left_index,random_rectangles,0.30000001192092896,61,0.3896424706617319,0.3277631998062134,0.11087630025706567,3.0,9460.0,0.41839323467230444,0.4134582406622663,0.6178646934460887,0.6258095300588246,0.686046511627907,0.6965932931910105,0.19062178280536285,0.34797694304525795,7.198274729965811,0.03782694864246751,9460.0,0.9987720251083374,1.1201889783550167,0.10267719107852341,0.26705615330004107,9.885260207542318,0.048719500658105624,9460.0,0.8412414751946926,0.8725002541787639,0.17712912205787923,0.33086789153564533,7.5171002994893925,0.0373533707527469,9460.0,0.9999597072601318,0.8872062786761841,0.3405621818312883,0.2841836214065552,0.0998023414532706,3.0,9460.0,0.34291754756871035,0.33377615007046163,0.5375264270613108,0.5442208877539786,0.601585623678647,0.6143691336484842,0.14259039046795494,0.2977993062256794,8.459097417167243,0.04521624299635755,9460.0,0.9907981157302856,0.32968350737976515,0.10590803309932953,0.26909753732096764,9.7507109750915,0.052060212235192145,9460.0,0.906082509085536,0.45650880172065395,0.1414488786753285,0.2974175094225666,8.494004910281111,0.04351127758592481,9460.0,0.9947704970836639,0.5419966987945339
socofing:000061:left_index,irregular,0.5,71,0.4046963881938481,0.34400707483291626,0.15624337161133503,2.0,4742.0,0.4799662589624631,0.44453997395301054,0.6638549135385913,0.6514985796860732,0.7188949810206664,0.7204847815970941,0.21089860537032698,0.36169740741931844,6.759262921522817,0.1530222385064732,4742.0,0.99993896484375,0.6660582460842425,0.08328572899814544,0.24361025594105729,10.794294085370787,0.13871642700940087,4742.0,0.8594164550304413,0.27673248782695153,0.14300221459874968,0.2914732218781295,8.446572367966919,0.08373951183489901,4742.0,0.9935454726219177,0.21571954306714444,0.31951468257348986,0.268464595079422,0.18097348806034388,1.0,4742.0,0.33677773091522567,0.3159759489733778,0.5265710670603121,0.5108696187575725,0.5908899198650358,0.5758341753523041,0.18361547560455443,0.34000421112865986,7.360907180888968,0.17104202340935226,4742.0,0.9972423315048218,0.17887643207457957,0.07835828006762997,0.23684476672438806,11.05915105159884,0.16739226911601943,4742.0,0.8201612532138824,0.15508186496918525,0.11877917249684616,0.2624071171750381,9.252597046635207,0.18881062019845,4742.0,0.9921385636553168,0.6147707583240355
socofing:000064:left_index,central_missing,0.699999988079071,81,0.33778794377526816,0.2889002561569214,0.10849049746928827,1.0,4915.0,0.3631739572736521,0.3306975345463622,0.5776195320447609,0.5397516691175386,0.6480162767039674,0.6094363806412639,0.17320505275473427,0.3249139574238896,7.6143944285278415,0.013860472187724009,4915.0,0.993986189365387,1.0630039107589302,0.09036204462575953,0.24940492616528653,10.440139508411082,0.06263114363385101,4915.0,0.939072048291564,0.4610745037712162,0.1493570622688969,0.30180500039967234,8.25774237191776,0.019320443492779685,4915.0,0.9918473362922668,0.16345836681936673,0.2896033885289791,0.24189917743206024,0.1259280553804135,1.0,4915.0,0.25839267548321465,0.281282462429782,0.4290946083418108,0.46253332903644684,0.48179043743641914,0.5229502845720018,0.17181092977087725,0.3323610789788696,7.649492119355385,0.008969739668339938,4915.0,0.9986389875411987,0.08769646802260792,0.10811116270307446,0.277639914001504,9.661294619203083,0.05880701069071852,4915.0,0.877276536077261,0.4901862306906741,0.12193138502725537,0.2775842560052546,9.138844929888224,0.04246122327634735,4915.0,0.9641856253147125,0.9553491001419894
socofing:000066:left_index,central_only,0.10000000149011612,91,0.3923551804057627,0.3301883935928345,0.07668343740101799,2.0,9859.0,0.40308347702606756,0.43249462892395185,0.5884978192514454,0.6317822335010393,0.6536159853940562,0.698211435026735,0.1751555481738439,0.3355693175869849,7.565761015485571,0.03981255580271227,9859.0,0.9996234774589539,0.5611075029887611,0.10655145366086914,0.27716418397017273,9.724406209137628,0.08046423908729111,9859.0,0.9154248908162117,0.5559582219261582,0.15184018006646993,0.30698370758060733,8.186132898889381,0.05317095265213192,9859.0,0.9984066486358643,0.679010790409931,0.35813131917319807,0.3032923936843872,0.048892989142372036,3.0,9859.0,0.3260979815397099,0.35317566694008046,0.5261182675727761,0.5725145454538051,0.5964093721472766,0.64562750495838,0.19158742310213486,0.3451738936592032,7.176330039037135,0.054073524621457134,9859.0,0.9998468160629272,0.4417378846850178,0.1069566738216428,0.27696888787476004,9.707921113871299,0.09107490711211425,9859.0,0.919389620423317,0.5040908483808537,0.14325707247563188,0.2987890218431607,8.438839280948166,0.09647681413873099,9859.0,0.9841952621936798,0.6257809284438359
socofing:000068:left_index,disconnected_fragments,0.30000001192092896,101,0.3330652238249316,0.28398677706718445,0.27150018704288015,0.0,7730.0,0.34553686934023287,0.33914261862038025,0.5159120310478654,0.5335120975994354,0.5761966364812419,0.5983019239257871,0.13622281890962776,0.27512072313035973,8.657501369426374,0.08161075298945905,7730.0,0.999304860830307,0.190235815746534,0.09111719171478569,0.25137205679839497,10.40399673932981,0.08463516033717305,7730.0,0.8936285935342312,0.2456107986367365,0.13622281890962776,0.27512072313035973,8.657501369426374,0.08161075298945905,7730.0,0.999304860830307,0.190235815746534,0.2879124224957026,0.24258683621883392,0.2628175505149922,2.0,7730.0,0.2790426908150065,0.2840594453151599,0.43065976714100906,0.4602745782750699,0.4875808538163001,0.5190129559283732,0.1356702441656986,0.2916545884028911,8.675153933990831,0.07390307291545309,7730.0,0.9940751786343753,0.6690919820893039,0.08564960801569643,0.24776767252228749,10.672746202876077,0.08589693137068972,7730.0,0.8270415626466274,0.26264031611891014,0.14214198212958498,0.2814773343625764,8.472776327381167,0.06764829414812268,7730.0,0.9999817609786987,0.3194725280782287
socofing:000077:left_index,stripes,0.5,111,0.33488085839159476,0.2857157289981842,0.10800002399166156,0.0,5846.0,0.2942182689018132,0.32713990180593544,0.48426274375641465,0.5350352777679857,0.5537119397878891,0.6043337364220024,0.1506243104403085,0.3017461442666111,8.221049282812519,0.0861348829499397,5846.0,0.9982906877994537,0.5013022873095407,0.13910197809597938,0.30675825883188,8.566666940909137,0.07554032077680065,5846.0,0.8932203631848097,0.172570768417211,0.1506243104403085,0.3017461442666111,8.221049282812519,0.0861348829499397,5846.0,0.9982906877994537,0.5013022873095407,0.28333639660458265,0.23776274919509888,0.171625436097387,4.0,5846.0,0.27403352719808416,0.27266371047765964,0.45415668833390355,0.45227096595464006,0.5123161135819364,0.5121400511136334,0.13985108421842682,0.3002428669510189,8.54334162340329,0.07925275371485194,5846.0,0.9888607263565063,0.3753378792649391,0.08599065769234746,0.24664131274639292,10.655487293733351,0.07467655398535221,5846.0,0.7992584854364395,0.18197520069570322,0.12354073764522369,0.27745918561269545,9.08189809876309,0.07597014504858617,5846.0,0.9884732952341437,0.3222680809559736
socofing:000081:left_index,random_rectangles,0.4000000059604645,121,0.3910228449697365,0.33018550276756287,0.10376440103081522,4.0,8883.0,0.4447821681864235,0.4217212032482697,0.6627265563435776,0.6287063877794317,0.7381515253855679,0.6977014492898189,0.2074849949205856,0.3705038036392557,6.8301330550042785,0.02408383143804288,8883.0,0.9998812079429626,1.1585680476060112,0.09551622691739994,0.2585931067306959,10.199228413792486,0.04733742287102385,8883.0,0.954819499514997,1.0060482718703774,0.1575038859639791,0.31580965680566236,8.027087267512455,0.03397798295155939,8883.0,0.9993436336517334,1.088138181638094,0.28364080574938433,0.23636138439178467,0.052927535777970214,3.0,8883.0,0.3154339750084431,0.29104733794212984,0.48677248677248675,0.4545659424182895,0.5450861195542046,0.5090721439103426,0.1413205316051813,0.3047527259850119,8.497947375493734,0.03414627317348587,8883.0,0.9779328098520637,1.1038697108144697,0.10254914444509967,0.2644820356836221,9.890679585459525,0.04764555936175003,8883.0,0.9361049523577094,0.9676595216399351,0.12841137832166472,0.2899449043153402,8.913964924402585,0.06340008741544301,8883.0,0.9947239155881107,1.0432625062762084
socofing:000089:left_index,irregular,0.6000000238418579,131,0.3646018076913561,0.3084293603897095,0.14902108315767265,4.0,4262.0,0.34091975598310653,0.3604184869713539,0.5363679023932426,0.5829445602341697,0.5976067573908963,0.6571199179884416,0.1664700870886546,0.3183655349844966,7.786637932654013,0.07221364235096134,4262.0,0.9946098327636719,0.5800966425175758,0.0962925745876718,0.2636148178972241,10.16407201348305,0.12707814328229658,4262.0,0.8459645062685013,0.20444276573026218,0.12187686733261463,0.26965060847619543,9.14078717213097,0.115977956177466,4262.0,0.9787615537643433,0.5778381669285805,0.28787316308089794,0.24196939170360565,0.21330057186322926,1.0,4262.0,0.2625527921163773,0.27852278485621496,0.4228061942749883,0.4596620231069684,0.48521820741435945,0.5200417691905528,0.13880520521378267,0.28968699131985226,8.575942474745638,0.10180712299957462,4262.0,0.9903792729601264,0.2235761082337084,0.08819675555051579,0.24979257615193975,10.545473907460083,0.15480721500429123,4262.0,0.7978538498282433,0.13110511622717805,0.12185535638336727,0.2683086507680119,9.141553758217986,0.15057062101226246,4262.0,0.9801581501960754,0.09952468606908096
socofing:000093:left_index,central_missing,0.800000011920929,141,0.3906743726753628,0.34417852759361267,-0.007653826192840228,2.0,3277.0,0.3988404028074458,0.37253778760011946,0.6350320415013732,0.6232653377730563,0.7271895025938359,0.7068411878307018,0.2096551369052772,0.3740698692339382,6.784944921810666,0.048346348657034584,3277.0,0.9972593784332275,0.6256872671653578,0.12272828020004284,0.28701441503619574,9.110553515382135,0.07166334055606469,3277.0,0.8702742084860802,0.12598510171812594,0.1688962955874603,0.33302132173253496,7.723798757313452,0.05908230314403528,3277.0,0.9724850654602051,0.11423490651502774,0.28485862884646623,0.23930475115776062,0.03675987165756208,4.0,3277.0,0.2841013121757705,0.2761035498264617,0.45437900518767166,0.45489829825234557,0.5218187366493744,0.5144965477276401,0.17781946428373618,0.3371593622898022,7.500207024864199,0.05599053567294625,3277.0,0.9917908012866974,0.34965950203507606,0.10192103233052677,0.2647578981366812,9.917361861352875,0.0959663139404238,3277.0,0.83484897762537,0.1476638178133235,0.12237058653673541,0.2781715269244839,9.123229583332916,0.13103414283549805,3277.0,0.9874470829963684,0.20944555192333242
socofing:000096:left_middle,central_only,0.30000001192092896,152,0.38007539805729473,0.32480090856552124,0.16780523589733207,2.0,5821.0,0.43841264387562273,0.42318532000884757,0.6443909981102903,0.6124316290868269,0.7182614671018726,0.67551373211282,0.23236707020870426,0.3844208078184676,6.338254177616895,0.08027699030797833,5821.0,0.9233404323458672,0.7585501987027495,0.10337917298622022,0.26942126829419694,9.855669464279298,0.1001438272100952,5821.0,0.7726105973124504,0.5536532305938192,0.12862700260691728,0.276571670863595,8.906678506018086,0.08749644238757136,5821.0,0.9892730414867401,0.4217601534782181,0.3416055528860776,0.2903359532356262,0.17425341394333063,2.0,5821.0,0.3825803126610548,0.33856261791263,0.6083147225562618,0.5462645911203794,0.6787493557807937,0.615498582189629,0.17605005810492627,0.3335264233811177,7.54363827255855,0.06082007675892472,5821.0,0.9804441928863525,0.47683370282588805,0.08975473209179315,0.2506069915349634,10.469426450652184,0.117354736804962,5821.0,0.8072109073400497,0.4496995779098291,0.13001173794855653,0.2791856042759164,8.860174361842471,0.09813295047991234,5821.0,0.9966948926448822,0.29756689024220384
socofing:000097:left_middle,disconnected_fragments,0.5,162,0.3840217613526543,0.3215786814689636,0.18769730102173068,2.0,4880.0,0.4012295081967213,0.3864868148611706,0.6319672131147541,0.6146813235150986,0.7079918032786885,0.6907461597330745,0.14873922497498637,0.3036507449537462,8.275744857903373,0.056385362486190325,4880.0,0.9995052814483643,0.6214468156293839,0.09009270934615095,0.2517109373022352,10.45310352404366,0.1085708196905867,4880.0,0.8627450913190842,0.2069514597076745,0.13745399286580814,0.2836129117611086,8.618426399281825,0.05714351012738618,4880.0,0.9713849723339081,0.32715629319287615,0.2845199033214909,0.23762737214565277,0.1955311924876024,2.0,4880.0,0.30061475409836064,0.27226565698253324,0.4944672131147541,0.4540064206804897,0.5665983606557377,0.5145866752464751,0.13523103516891563,0.2969314753279266,8.689236275078622,0.07243480206981688,4880.0,0.9953906536102295,0.6174554244704534,0.07349607697144438,0.22892459620460182,11.337358418018473,0.1033264780759397,4880.0,0.8627450913190842,0.16723547505205102,0.1056985346031738,0.24974004009396952,9.759310336780704,0.059722829041654664,4880.0,0.9676720499992371,0.37366018276931684
socofing:000103:left_middle,stripes,0.699999988079071,172,0.36628833523853144,0.31270405650138855,0.08103718967576407,4.0,2207.0,0.30584503851381967,0.3828779065911458,0.48346171273221566,0.5877202935169118,0.5400996828273674,0.6560010891588338,0.17027965654868843,0.3236465555266319,7.688372344589594,0.09719444004503729,2207.0,0.9926271438598633,0.4756199271379448,0.15278425104743631,0.33003647622724513,8.15921410391862,0.12257386265222474,2207.0,0.8742313235998154,0.3504285741479531,0.1451345396522347,0.30167952585162777,8.382292202617274,0.1313424774744107,2207.0,0.9759736657142639,0.43344433878966826,0.27223565671635147,0.2273896187543869,0.20266031619780486,4.0,2207.0,0.24241051200724967,0.26190686794390333,0.4028092433167195,0.4345441718689176,0.4485727231536022,0.4920899398439222,0.13958720363582217,0.2976126120186073,8.551543929239905,0.11618113653218441,2207.0,0.9737759828567505,0.2628508647458419,0.1032443470200958,0.2697202963554092,9.861337181237538,0.1694966504063574,2207.0,0.797227218747139,0.28528414100039623,0.12789488602383667,0.28512516990282893,8.93146820775696,0.16069369362745187,2207.0,0.9587699174880981,0.3651276628312494
socofing:000107:left_middle,random_rectangles,0.6000000238418579,182,0.4085733843725931,0.3467353582382202,0.32570854883322137,1.0,5170.0,0.5427466150870406,0.4784894745861769,0.7005802707930368,0.6607090240175074,0.7588007736943907,0.7214488738279509,0.17938655952416527,0.31898384222488785,7.4621009943660885,0.07402946560469698,5170.0,0.9999253749847412,0.8101084059155005,0.08157796898224201,0.23223782703415555,10.884271113600006,0.11634025039406438,5170.0,0.8574504181742668,0.14948151659332845,0.14654104767195053,0.29066753757251085,8.34040707866479,0.09043675130937057,5170.0,0.9976820945739746,0.0870754328973178,0.2588014801938944,0.21595272421836853,0.33078606577974573,4.0,5170.0,0.3506769825918762,0.2649841800937339,0.5052224371373307,0.41470063830021503,0.5609284332688588,0.464606124369042,0.14168256856604614,0.2793448332876392,8.486835784134886,0.08858429089587563,5170.0,0.9958088397979736,0.678424225103917,0.07444067529742898,0.21433764871640393,11.281896957694169,0.12906675546452662,5170.0,0.875660895369947,0.11767968356863569,0.10507528796375995,0.2459301163119082,9.784994111164767,0.12468099609372887,5170.0,0.9735825955867767,0.07960286446652973
socofing:000112:left_middle,irregular,0.800000011920929,192,0.29943535062802,0.25928232073783875,0.2914060146831216,3.0,1657.0,0.4115872057936029,0.282184637251142,0.6348823174411587,0.4773714896671443,0.6904043452021726,0.5424337738058116,0.1368730023183198,0.29100184900237624,8.63682206361644,0.10622573006744904,1657.0,0.983567863702774,0.12779261353338442,0.06433438273456428,0.19536254376478776,11.915568615857717,0.2032425533573635,1657.0,0.7729530856013298,0.2053276210608881,0.10905984314566476,0.24565726844172342,9.623351312688678,0.1635124166057296,1657.0,0.9144179150462151,0.24237771522149745,0.21969698208171198,0.18441243469715118,0.42121574734532335,2.0,1657.0,0.37537718768859385,0.21573419348259754,0.5787567893783947,0.35111889247082767,0.6288473144236573,0.39624712546690444,0.0946189268418867,0.22786025004208485,10.240219819827594,0.16065939315498037,1657.0,0.917193166911602,0.25756417949695803,0.0436098674237338,0.15981437999689946,13.604152336023901,0.27614667065667386,1657.0,0.6306041404604912,0.12116089843691463,0.07020317015708913,0.1928723453036546,11.536432760376519,0.20517335631242675,1657.0,0.977122575044632,0.12251453057079074
socofing:000115:left_middle,peripheral_only,0.20000000298023224,202,0.3762060908934255,0.3169741928577423,0.1475904606015757,3.0,8108.0,0.45226936359151454,0.39091122726030875,0.6773556980759744,0.6034002590661691,0.7405032067094228,0.6742299363347892,0.15805719600212925,0.31774942722688665,8.011857268862553,0.05712116772464008,8108.0,0.9984164535999298,1.1503087085967103,0.0774677689645519,0.23028506831428863,11.108789513307617,0.08781039636628706,8108.0,0.8617436662316322,0.8752843655638161,0.13096584179035742,0.28238151662691935,8.828419612630933,0.08040012849379263,8108.0,0.9933006465435028,1.1163918098588135,0.29269634707916764,0.2442464977502823,0.21459116481134075,0.0,8108.0,0.3592747903305377,0.28459539767272024,0.571287617168229,0.46750406038602355,0.6323384311790824,0.5284736146237912,0.09373641932900999,0.2390630899139505,10.280916402691194,0.09846732988824844,8108.0,0.9455788694322109,1.0156236160872996,0.06443584510844283,0.2070836217990228,11.908724711182952,0.09840378314617082,8108.0,0.8026883453130722,0.7971979266573244,0.09373641932900999,0.2390630899139505,10.280916402691194,0.09846732988824844,8108.0,0.9455788694322109,1.0156236160872996
socofing:000118:left_middle,central_only,0.4000000059604645,212,0.31416719363249357,0.27019208669662476,0.07832849850442494,0.0,3760.0,0.2821808510638298,0.3033517996919282,0.45398936170212767,0.5015859704179333,0.5002659574468085,0.5676640273266016,0.16468249768573331,0.3115944326161704,7.833525548218336,0.12347359604452056,3760.0,0.999876081943512,0.6941145586395303,0.16685223414728365,0.328129505210784,7.776679737778967,0.13358770967753383,3760.0,0.9903796017169952,0.3043076849040747,0.16468249768573331,0.3115944326161704,7.833525548218336,0.12347359604452056,3760.0,0.999876081943512,0.6941145586395303,0.29695197303085885,0.25467267632484436,0.12757470842204294,2.0,3760.0,0.28058510638297873,0.2782755644476794,0.46170212765957447,0.47325551599105625,0.5047872340425532,0.5382488331721819,0.1662960234784271,0.30947019151867705,7.791181356393152,0.16594486901347905,3760.0,0.9999143183231354,0.41903197074714327,0.1480056414047915,0.3036991956747791,8.297217306572206,0.1539313864812768,3760.0,0.9464553669095039,0.24577581310605445,0.13225583757210926,0.27361276952668706,8.785851497698772,0.14182776017884915,3760.0,0.997690349817276,0.36830184861515547
socofing:000132:left_middle,disconnected_fragments,0.6000000238418579,222,0.36382482097597907,0.30891796946525574,0.16146749388362114,0.0,4078.0,0.3352133398724865,0.351106228000864,0.5362923001471309,0.5808478542640549,0.5975968612064737,0.6574283963517852,0.1582397323395786,0.30266294005322814,8.00684460349666,0.15737488112248188,4078.0,0.9978652000427246,0.08891835423001679,0.11644457555760493,0.2829688103532016,9.338807377885537,0.08921949576674083,4078.0,0.8788122530095279,0.19647052974008422,0.1582397323395786,0.30266294005322814,8.00684460349666,0.15737488112248188,4078.0,0.9978652000427246,0.08891835423001679,0.30043245245131167,0.25266414880752563,0.26531147794895826,1.0,4078.0,0.2655713585090731,0.2847772681534787,0.44212849435998036,0.47912640549231533,0.5129965669445806,0.5439094512719275,0.1707093517297619,0.31781523083297825,7.677426868912142,0.17263979080681208,4078.0,0.9950086469762027,0.12308569259621821,0.09875575138949426,0.26405212013078316,10.05437602294057,0.10859813428224747,4078.0,0.8150733262300491,0.21069410442296618,0.13654710958705965,0.292241439437279,8.647174885207784,0.16311214992647372,4078.0,0.9797322740778327,0.14276431630145645
socofing:000138:left_middle,stripes,0.800000011920929,232,0.3675936761216496,0.311210572719574,0.1346640856040817,1.0,1966.0,0.306205493387589,0.388527803645978,0.4516785350966429,0.5902432945470723,0.513733468972533,0.6574817915141037,0.3120415288976717,0.46499614180908905,5.057876028697777,0.06935883205643983,1966.0,0.9993418455123901,0.7359429621944853,0.1358630541255694,0.31118771592453537,8.668986269381856,0.09284028028379541,1966.0,0.9019747953861952,0.342758892199029,0.16267176258146188,0.31006838543750803,7.886878276369672,0.06181928159612959,1966.0,0.9995116889476776,0.37395881921807633,0.2732343359705391,0.22943055629730225,0.24133397948726948,0.0,1966.0,0.237029501525941,0.2588790317548255,0.3830111902339776,0.4357394071312911,0.4338758901322482,0.49469286559011294,0.0960008151850983,0.23307480030770802,10.177250791595274,0.12494291567982473,1966.0,0.9658147990703583,0.43285513236532247,0.08384597797867578,0.24733211807475547,10.765177653007267,0.09541549238316539,1966.0,0.7071521859616041,0.282991840876965,0.0960008151850983,0.23307480030770802,10.177250791595274,0.12494291567982473,1966.0,0.9658147990703583,0.43285513236532247
socofing:000153:left_middle,random_rectangles,0.699999988079071,242,0.3761371601211793,0.3202386200428009,0.24505451503828393,3.0,4022.0,0.4932869219293884,0.4050504522336057,0.7018896071606167,0.6047107854051297,0.7623073097961214,0.6712642297956375,0.17143174095706276,0.3304982930157854,7.65908764406579,0.055208917204785685,4022.0,0.9925497169606388,0.30285839589029084,0.07329491243633456,0.22217975983656443,11.349261696632055,0.11576458475140212,4022.0,0.7869806867092848,0.1980033724158237,0.14833090972850152,0.30125981450686623,8.287683396947108,0.05633661571967654,4022.0,0.9928522701375186,0.9483933312550291,0.27861242256076824,0.23433345556259155,0.3361185636977797,4.0,4022.0,0.36598707110890105,0.27793664152144437,0.5768274490303331,0.44571229799329676,0.629786176031825,0.5016375168172474,0.14747041477156336,0.2995787938817787,8.312950982635163,0.06762210015601888,4022.0,0.990017234813422,0.22132725839120967,0.05980625946255259,0.19813594500446707,12.232533593597221,0.14597144826600086,4022.0,0.7416242882609367,0.0755246002677864,0.0860036198708733,0.21960591066796342,10.654832690254954,0.10411377724990768,4022.0,0.9644446931779385,0.1239647536544558
socofing:000161:left_ring,central_missing,0.20000000298023224,253,0.4375090244134304,0.36855438351631165,0.11217242592353117,3.0,8669.0,0.5497750605606183,0.5450999105570706,0.7211904487253432,0.7107735276758527,0.7728688430038066,0.7659980667154466,0.18871479796789703,0.3463620020799968,7.241940435350033,0.0279455489393907,8669.0,0.9999989867210388,0.4903159970877261,0.09380010476291469,0.25314104437117085,10.277966765683733,0.04211028605210191,8669.0,0.8343035560101271,0.6437420971802702,0.15489612518440332,0.31605337173160697,8.099594462309819,0.018172459562363477,8669.0,0.9908100957982242,0.5115222740309879,0.40785518544178706,0.34318214654922485,0.09469724534756509,0.0,8669.0,0.4687968623832045,0.4617914549550021,0.6640904371899873,0.6579619236581808,0.7233821663398315,0.7233520798925738,0.13414454156090522,0.2887597404125906,8.724269943912828,0.03933021335095321,8669.0,0.999867171049118,0.2941436032955014,0.0972235537149005,0.25599599867853534,10.122285086413905,0.0471947663698981,8669.0,0.8292031269520521,0.30549877596940894,0.13414454156090522,0.2887597404125906,8.724269943912828,0.03933021335095321,8669.0,0.999867171049118,0.2941436032955014
socofing:000163:left_ring,peripheral_only,0.4000000059604645,263,0.4184021909795327,0.3537188768386841,0.0866005775382015,0.0,4372.0,0.5356816102470265,0.43590263662432055,0.7932296431838975,0.671193550131731,0.8579597438243367,0.7496238546342011,0.1353061015390134,0.295776191507513,8.686826187388382,0.042437465223401756,4372.0,0.9909757077693939,0.18266679263646113,0.061193836854115315,0.2074576068553675,12.132923156817665,0.10748224984315242,4372.0,0.7106622457504272,0.21149675231251439,0.1353061015390134,0.295776191507513,8.686826187388382,0.042437465223401756,4372.0,0.9909757077693939,0.18266679263646113,0.23478774610917066,0.19619320333003998,0.11498537124232919,3.0,4372.0,0.3220494053064959,0.21942562196822965,0.5331655992680695,0.37412418136057896,0.5882891125343093,0.4256903678246954,0.07366577086643401,0.21524072417858153,11.327342621675385,0.07517505791770719,4372.0,0.8609201908111572,0.3089459078896295,0.04818755973250926,0.18289492707205332,13.170650662603123,0.13266163047997312,4372.0,0.6854829639196396,0.33064737115779963,0.07028191480774251,0.21011893477628293,11.531564148046856,0.09045498274877063,4372.0,0.7775432169437408,0.6870640947158532
socofing:000185:left_ring,central_only,0.6000000238418579,273,0.2889162039126473,0.2422465682029724,0.33299039725309554,4.0,2175.0,0.3714942528735632,0.28656001215693594,0.5779310344827586,0.4620303070846645,0.6533333333333333,0.5205204053939074,0.09018956391026753,0.23168030672331993,10.448437129946221,0.1072438796686873,2175.0,0.9007820785045624,0.5735666766409904,0.055320785807119535,0.18834908877552925,12.571116595592555,0.1450240733326079,2175.0,0.7230778783559799,0.4490874835140115,0.06673294021768138,0.1968457584031697,11.756597399449129,0.1360658935418469,2175.0,0.8965101819485426,0.33873861653632353,0.2048323805359588,0.17172947525978088,0.28746966723450396,0.0,2175.0,0.2652873563218391,0.20103406040147803,0.42804597701149427,0.32735197684408607,0.4772413793103448,0.369457948991622,0.05551398957413835,0.18075156509619333,12.55597560494251,0.15932228853110106,2175.0,0.8517727702856064,0.4321946598406421,0.047240368879165835,0.1765350889842743,13.25686719831581,0.16628310438592,2175.0,0.7164678424596786,0.4378757087401423,0.05551398957413835,0.18075156509619333,12.55597560494251,0.15932228853110106,2175.0,0.8517727702856064,0.4321946598406421
socofing:000200:left_ring,disconnected_fragments,0.800000011920929,283,0.3873655498470809,0.33276066184043884,0.37699177343482787,0.0,1480.0,0.4027027027027027,0.4186433196671911,0.5472972972972973,0.6229126567373404,0.597972972972973,0.6910024357607236,0.17280197737718458,0.2946558929646287,7.624512921864863,0.0766274651958705,1480.0,0.9999800324440002,0.5512531535054684,0.1081849949956085,0.279414674350394,9.658329706758927,0.06093331493147898,1480.0,0.8220437318086624,0.3218318775847651,0.17280197737718458,0.2946558929646287,7.624512921864863,0.0766274651958705,1480.0,0.9999800324440002,0.5512531535054684,0.34889673510516017,0.29147863388061523,0.24794450992266492,4.0,1480.0,0.23108108108108108,0.37172098685358024,0.34662162162162163,0.5605172013430981,0.40135135135135136,0.6234492728396042,0.15352295805602545,0.29855438002662077,8.138266702747178,0.1159423281598064,1480.0,0.9965151846408844,0.547100061054969,0.12321602907821957,0.3123670738473585,9.093327914621499,0.0953894820238385,1480.0,0.7365994453430176,0.278263159913441,0.11971174892762515,0.25051370335025464,9.218632243301021,0.12841515987221797,1480.0,0.9929761588573456,0.4406661640881835
socofing:000203:left_ring,severe_partial,0.20000000298023224,293,0.43108087523913274,0.36433330178260803,0.16206453003401614,2.0,6770.0,0.4360413589364845,0.5018398885404693,0.6013293943870015,0.696805301712746,0.665288035450517,0.7617937727701717,0.21761607120761406,0.36566216832417525,6.623090346216028,0.03939619976789361,6770.0,0.9999974370002747,0.3155020773056998,0.11851582052538252,0.2943063001042477,9.26223672368906,0.04621275920946026,6770.0,0.956499635707587,0.1549822743875472,0.19115350573364362,0.34657094503327807,7.1861773266030795,0.04410144017867786,6770.0,0.9993565082550049,0.2152530680125763,0.3683683908936544,0.30826157331466675,0.17106372185556715,3.0,6770.0,0.337370753323486,0.38753867679367743,0.5022156573116692,0.5913064540198494,0.5620384047267356,0.6592290464285733,0.20412282531565068,0.35485917420086605,6.901084291184416,0.03430769914165316,6770.0,0.9990555644035339,0.30261662030065123,0.11161143075212882,0.28522497206469627,9.522913245888224,0.050968676744467124,6770.0,0.926256715785712,0.14963956657339342,0.15519023253350836,0.3151688837645743,8.091356161338114,0.04244726259098195,6770.0,0.9979381561279297,0.3420506155824319
socofing:000206:left_ring,irregular,0.10000000149011612,303,0.3834450785973832,0.3222050070762634,0.19271254476109576,2.0,10753.0,0.38240491025760254,0.3911189031547739,0.5810471496326607,0.6142795082115522,0.646517250999721,0.6886663765638116,0.16151042633103815,0.3179666664671611,7.917994364791497,0.06531332105472099,10753.0,0.9999256730079651,0.5088362813422773,0.10388384759919056,0.26911980725368745,9.83451973558022,0.08476621113942862,10753.0,0.9695205073803663,0.19807731144949733,0.1412819802119533,0.2919076681790561,8.499132266409585,0.0702949598516672,10753.0,0.9860345721244812,0.28091142036229216,0.36619485512917666,0.3078487813472748,0.1977434891803225,2.0,10753.0,0.36557239840044636,0.36036901842945845,0.5659815865339906,0.5853291845367109,0.6307077094764252,0.6603159065724616,0.15646410292846616,0.31135624146042534,8.055852855189254,0.054641887341611094,10753.0,0.9994962811470032,0.5230195490852807,0.09049776035648793,0.2540522796058736,10.433621686053424,0.0850639659099265,10753.0,0.9229684453457594,0.19010857397764291,0.12568358208804253,0.27732320917511477,9.00721450032841,0.05992535852649337,10753.0,0.9897194504737854,0.23074904743741048
socofing:000214:left_ring,central_missing,0.30000001192092896,313,0.4116203093610813,0.3454142212867737,-0.006596420480742027,2.0,6682.0,0.31188266985932356,0.46742791472634526,0.4595929362466327,0.6641732555142567,0.5125710865010475,0.7297550357768936,0.23972657427184382,0.4028221560160294,6.202838207017591,0.009947713348868023,6682.0,0.9999926686286926,0.35187995608001343,0.16175240303917696,0.3510939546356067,7.911492586104082,0.022418356374977327,6682.0,0.8806655402295291,0.3061328515396869,0.15630619723617892,0.30698716865504866,8.060238027094123,0.02950479145816306,6682.0,0.9967340230941772,0.2601571348836131,0.3775560662333247,0.31312069296836853,-0.031449441331410775,2.0,6682.0,0.2856929063154744,0.4220075135333065,0.411104459742592,0.6085348507033176,0.4563005088296917,0.6707106297599882,0.19017868988279532,0.3570239123719248,7.208381487277831,0.01567173163461546,6682.0,0.9988881349563599,0.3037066087805959,0.1544754753714856,0.34474630723219557,8.11140459645377,0.033767846614373834,6682.0,0.8440114846453071,0.17134881571479077,0.12253183271419375,0.28298908564838,9.117510706775345,0.04510558273705174,6682.0,0.949318140745163,0.24612528830811928
socofing:000217:left_ring,peripheral_only,0.5,323,0.28261347107140083,0.2406928986310959,0.24064807984392225,1.0,4263.0,0.3530377668308703,0.27752608057341327,0.517945109078114,0.45167281466444253,0.5733051841426225,0.5097217260281188,0.14468160370822658,0.2913818263450741,8.395866859916087,0.07406168651011857,4263.0,0.9872090518474579,0.20603600001891295,0.09417938277644947,0.24390269666589026,10.260441601203134,0.11328783130725095,4263.0,0.9504806324839592,0.131279723456311,0.14076269350163506,0.29108235558353796,8.515124315093011,0.10133124989813043,4263.0,0.994454204570502,0.869020368487593,0.2217951549237641,0.18605852127075195,0.242520762946035,1.0,4263.0,0.24442880600516068,0.2021831529900526,0.3922120572366878,0.35291104768465137,0.4424114473375557,0.4031536792495176,0.12234808461552357,0.27678916236871137,9.124028252285804,0.10302175509833895,4263.0,0.9799204170703888,0.12686918187149415,0.08395898299945684,0.23535008813269173,10.759328306946754,0.13250704172784578,4263.0,0.9248660057783127,0.08342096575251161,0.09892491241983704,0.2480093129975413,10.046943255511774,0.15673681284087002,4263.0,0.9525557151064277,0.16435834475201194
socofing:000241:left_ring,central_only,0.699999988079071,333,0.36258551867848093,0.3033280670642853,0.23270813256907055,4.0,352.0,0.2215909090909091,0.3762499938972972,0.3778409090909091,0.5815032774074512,0.4375,0.6499210385775024,0.1353876269379415,0.2758757275825536,8.684210239678094,0.2549550407694875,352.0,0.9963082671165466,0.34690416983979744,0.12296782905239426,0.30230682044798,9.102084941907064,0.27010671118912966,352.0,0.8428542613983154,0.44682244069508886,0.11916013040745269,0.22994705219753087,9.238690301699338,0.3645207197343972,352.0,0.9708864986896515,0.3545626657419942,0.2789040982215242,0.23254559934139252,0.29816305572600477,2.0,352.0,0.17329545454545456,0.28502985420213506,0.28125,0.4468591327524998,0.29829545454545453,0.5008022256026213,0.07810277649118286,0.22173900349827652,11.073335270270961,0.3434999594933068,352.0,0.7734017670154572,0.2190958010127413,0.10421946813989415,0.28093441167253663,9.820511474856893,0.34670406938926324,352.0,0.7004144787788391,0.403961247166924,0.08559863990291709,0.22129609873941677,10.67533135876009,0.39305163520494985,352.0,0.7670342922210693,0.26148929114947034
socofing:000249:left_ring,stripes,0.10000000149011612,343,0.34879674130141913,0.2918218672275543,0.13257221723093313,4.0,8514.0,0.41519849659384545,0.3539801136880854,0.6392999765092788,0.5585931233209372,0.7186986140474513,0.6267974598652213,0.15693676457893455,0.32043153917496126,8.042753050847558,0.05918244152809296,8514.0,0.9936490058898926,0.20839839652023184,0.08393330568198966,0.24818136414921224,10.760656720236083,0.0867814149009185,8514.0,0.7803921550512314,0.37418678886962714,0.0993128752054392,0.2391343539721156,10.029944446747853,0.05555425212412385,8514.0,0.9999133944511414,0.5206100466994665,0.31725787762285595,0.2640978693962097,0.11674012640051293,4.0,8514.0,0.26838148931172184,0.30300017490909503,0.4940098661028894,0.5061868339251934,0.5958421423537703,0.5739157202638929,0.10480279644577879,0.2594296653248109,9.796271289480213,0.07305683792995224,8514.0,0.9563591480255127,0.2394203315692415,0.09118421308244422,0.26726394307786294,10.40080345494591,0.09564535579574214,8514.0,0.7803921550512314,0.4072914378304527,0.07733428684884558,0.2065646699801462,11.116279150360155,0.06966929790216135,8514.0,0.9967383146286011,0.4777649707942633
socofing:000256:left_little,random_rectangles,0.10000000149011612,354,0.3627426047833989,0.3107636272907257,0.0982274237568003,0.0,9591.0,0.4086122406422688,0.38124967924298914,0.6045250755917005,0.5822388750993973,0.6661453445938901,0.6492352737182,0.1671850011867017,0.32062070340271787,7.768026873876453,0.044354109212710956,9591.0,0.9960517282597721,0.5381679566661295,0.10478098890764122,0.26364536846987613,9.797175070609585,0.05428358660155123,9591.0,0.9531417479738593,0.781904895075464,0.1671850011867017,0.32062070340271787,7.768026873876453,0.044354109212710956,9591.0,0.9960517282597721,0.5381679566661295,0.2981742307138249,0.25534588098526,0.09374591991985967,1.0,9591.0,0.31644249817537273,0.28599716261372604,0.5070378479824835,0.47586106233210995,0.5619851944531331,0.5391490289049046,0.18048867932287102,0.33234700515576715,7.435500328818291,0.04657305541226683,9591.0,0.9960752124898136,0.5807536945584385,0.11138818276348887,0.2683723789713376,9.53160881270328,0.05271328866984181,9591.0,0.9384745350107551,0.8339286261736517,0.14641856975102474,0.3012212615384125,8.344038397464285,0.042381672221242506,9591.0,0.9941904842853546,1.0847166078894481
socofing:000263:left_little,irregular,0.30000001192092896,364,0.31571002717057345,0.2663652300834656,0.0203947472380468,1.0,6201.0,0.38106756974681505,0.31806757289197174,0.5939364618609901,0.5053717980450573,0.6611836800516045,0.5678065397627525,0.1584611435781405,0.3244748431753678,8.000772141933277,0.06636458924893077,6201.0,0.971744954586029,1.0020721856725074,0.08125168999569456,0.23382956324239215,10.901675971408224,0.09368201909249158,6201.0,0.7968058437108994,0.7138665024853366,0.11366769545852645,0.27027306397765555,9.44362944965237,0.07137030963805469,6201.0,0.9898698627948761,0.8739518359457267,0.31681676772674655,0.26305609941482544,0.07926757398603593,2.0,6201.0,0.38655055636187713,0.31281135606969523,0.6137719722625383,0.5065062871970893,0.6805353975165296,0.571071264239554,0.1594094439308776,0.32649325656181494,7.9748595316842765,0.07528040234328652,6201.0,0.8859396874904633,0.7841571644961258,0.06229783290806826,0.20739113657325722,12.05527060442549,0.10600089770005544,6201.0,0.710525318980217,0.6177247351578559,0.08020718244731714,0.22497644987563475,10.957867394768371,0.09778022487096562,6201.0,0.9152474999427795,0.7911856846095775
socofing:000274:left_little,central_missing,0.5,374,0.3524403423722224,0.30316850543022156,0.11925464113235647,0.0,8099.0,0.36276083467094705,0.32884413540797525,0.5962464501790344,0.5615449270991312,0.6721817508334362,0.6391118576628498,0.15423457697536974,0.30602538124331014,8.118182533522724,0.0805929636603456,8099.0,0.9943545460700989,0.3514875852893404,0.10110671018299827,0.26039246296413965,9.95220020484737,0.07297571283554087,8099.0,0.9257495393976569,0.2568385380049219,0.15423457697536974,0.30602538124331014,8.118182533522724,0.0805929636603456,8099.0,0.9943545460700989,0.3514875852893404,0.3202936599358819,0.27225813269615173,0.16193492734028453,4.0,8099.0,0.31201382886776147,0.27860989900249983,0.5484627731818743,0.5083014798040728,0.6253858501049512,0.5848653400712637,0.15035642597791987,0.3045871745383224,8.228780061593117,0.08828698117018405,8099.0,0.9822076261043549,0.25295999691823146,0.087666232938317,0.24520874425076827,10.57167654894865,0.08926410170741933,8099.0,0.8461771570146084,0.2323636520164914,0.11912659751608408,0.2722924816711255,9.239912623219858,0.06394892918756942,8099.0,0.999001145362854,0.36240537191590017
socofing:000284:left_little,peripheral_only,0.699999988079071,384,0.32629326705224904,0.2756468951702118,0.21749741964246277,0.0,2466.0,0.5401459854014599,0.33627144553655547,0.7753446877534469,0.5230670451320291,0.8175182481751825,0.585332244997187,0.10447671864422654,0.25712403687682467,9.809804759721825,0.06968142842655921,2466.0,0.9955031871795654,0.3868835584875692,0.04806833343128083,0.1714738443658505,13.18140934957797,0.10388014798957401,2466.0,0.7281960844993591,0.28807764487853177,0.10447671864422654,0.25712403687682467,9.809804759721825,0.06968142842655921,2466.0,0.9955031871795654,0.3868835584875692,0.23090070786750716,0.19261157512664795,0.2410534158255861,2.0,2466.0,0.32278994322789945,0.2164990910165018,0.5539334955393349,0.3680009709029109,0.616382806163828,0.41850159753171384,0.07745313531427402,0.22585543049899717,11.109609972446336,0.04673548934823971,2466.0,0.7745113223791122,0.2942387447023927,0.045854132128334085,0.1784685359238998,13.386215219421935,0.12353109902914668,2466.0,0.6431047171354294,0.29252622389474175,0.05192885569712714,0.17089391117258373,12.845912474010696,0.12840606320068118,2466.0,0.9590957760810852,0.4662854266646128
socofing:000289:left_little,disconnected_fragments,0.10000000149011612,394,0.36261940355248046,0.3037260174751282,-0.03221286181142604,2.0,8209.0,0.30868558898769644,0.37101472398877244,0.4882446095748569,0.581030577727598,0.550493360945304,0.6510358623072064,0.20906316811159867,0.3722706288844665,6.797224726574726,0.044648925639229585,8209.0,0.995477497112006,0.8659202918058851,0.13005385544435638,0.30828985007724163,8.858767686246615,0.062005776158628755,8209.0,0.9213064163923264,0.6445154135647732,0.18849915983316987,0.35386495307627475,7.246905811644555,0.029448162935464806,8209.0,0.999401330947876,0.8622076204583601,0.3140164563020961,0.2631185054779053,-0.01125935995205994,3.0,8209.0,0.26008039956145695,0.3096824743734932,0.4164940918504081,0.5019929318904935,0.47569740528688026,0.5660964177294936,0.19422601462720063,0.3586857452803018,7.116926011407806,0.04356177788731784,8209.0,0.9980732202529907,0.799871021996705,0.13560595082358567,0.31280510705681414,8.677212518174871,0.058662236445832204,8209.0,0.9251099219545722,0.5111963855991289,0.1793662046793161,0.34427275742919344,7.462593812690547,0.0651220471587884,8209.0,0.9988806247711182,0.6207768697516693
socofing:000291:left_little,stripes,0.30000001192092896,404,0.40685411806609206,0.3444855213165283,0.12246597091026563,2.0,5673.0,0.41001233915036134,0.4579051468667794,0.6076150185087256,0.656071691785816,0.6700158646218932,0.7221272067588284,0.25457142142745015,0.41877337385150565,5.941903525009053,0.032210758644506586,5673.0,0.9960085744969547,1.1361907869674712,0.11601332809356606,0.2862299783448361,9.35492114350803,0.05856959284734946,5673.0,0.861935194581747,0.5723735675985486,0.1819856088876123,0.33629012678405273,7.399629539259736,0.06962527688148501,5673.0,0.9999924898147583,1.0341304504794646,0.3172330110125203,0.26420629024505615,0.14987854373333154,3.0,5673.0,0.31658734355720075,0.3207627821437228,0.4965626652564781,0.5079257947331528,0.5527939361889653,0.570313465596296,0.19867615554637955,0.36561900263628566,7.0185425234677155,0.058387019627474564,5673.0,0.9923359150998294,0.9696758901989488,0.0993321936126216,0.26254939579552805,10.029099736359136,0.06309041806922513,5673.0,0.8497481644153595,0.44946253899515765,0.12953466423200366,0.2864138267072607,8.876139962918806,0.04885245543480578,5673.0,0.9771226644515991,0.4337597007572809
socofing:000293:left_little,random_rectangles,0.20000000298023224,414,0.3741351060877415,0.31567928194999695,0.12810110337823746,1.0,7786.0,0.4609555612638068,0.403163352996042,0.6520678140251734,0.6015189944312164,0.7058823529411765,0.6676375415762745,0.21797102320891848,0.38244739432403885,6.616012371151841,0.003987945181329548,7786.0,0.9997317790985107,0.9238083643462796,0.09023525157146357,0.24594196099700633,10.446237665363745,0.03830341382795199,7786.0,0.871700219810009,0.5018978843042291,0.15755160064978932,0.3081318908680236,8.025771802409194,0.028181704730904488,7786.0,0.9997933506965637,0.5248164596505625,0.31764038819259893,0.2654600739479065,0.1461744812836076,2.0,7786.0,0.38081171333162084,0.325907626144077,0.5589519650655022,0.5090513449033061,0.6195735936295915,0.5700992511563825,0.1589089558291256,0.32614978819968543,7.988516260300887,0.01777165533705016,7786.0,0.9903385043144226,0.7496994673920997,0.0825489855370998,0.23622498288553284,10.832882595101738,0.046943721001004794,7786.0,0.8385579511523247,0.3919725771609792,0.12772183541143248,0.27614315247911725,8.937348491105935,0.07034985129992499,7786.0,0.9847789397463202,0.6537086933918111
socofing:000302:left_little,irregular,0.4000000059604645,424,0.400661204086309,0.33629322052001953,0.03379245962920622,1.0,6181.0,0.5466752952596667,0.44732328795187104,0.7849862481799061,0.6457241349246506,0.8374049506552338,0.7118577505822437,0.20304566434827578,0.3845730591068143,6.924062796027673,0.06563542614069096,6181.0,0.7911515533924103,0.69543293437531,0.05796086458303609,0.20247364425096018,12.368651449254795,0.1177601685514246,6181.0,0.6948501169681549,0.433472023732656,0.10301721839957839,0.25125130536322493,9.870901808194766,0.07372413360501529,6181.0,0.9988619983196259,0.3834516189534613,0.27487245064745286,0.2290201038122177,0.1572961953009047,1.0,6181.0,0.3882866850024268,0.2737229331770948,0.608154020385051,0.4396809692888889,0.6642938035916518,0.49500031465948674,0.09474841230948643,0.24815759150279107,10.234280587319864,0.09660544230912321,6181.0,0.9126383662223816,0.7359080142375194,0.04798083862190633,0.1845673667156972,13.189321655869577,0.14558985269789604,6181.0,0.7491109818220139,0.6128290064248817,0.06678477912337148,0.19437078423309898,11.753225060267265,0.12463281550558192,6181.0,0.9421359598636627,0.3716388798646223
socofing:000303:left_little,central_missing,0.6000000238418579,434,0.37242051327797876,0.3159332275390625,0.1928885740112164,3.0,6114.0,0.5276414785737651,0.4007500274034353,0.7505724566568531,0.5987057726573117,0.8105986261040236,0.6646910210752706,0.12052912170337536,0.2729511995893368,9.189080081343148,0.04205443299412022,6114.0,0.9100854322314262,0.30919535567048445,0.060573837998215876,0.19966998802589989,12.177149082808928,0.0549208420109522,6114.0,0.7440135776996613,0.266680529777914,0.11775588090551452,0.2661245907841163,9.290173943388872,0.053525501350589255,6114.0,0.9750861823558807,0.3766402854838382,0.2710956685120739,0.2327258288860321,0.14910090926038377,0.0,6114.0,0.32695453058554136,0.24031652306414603,0.5616617598953222,0.4306751550745255,0.6354268891069677,0.49412803241131853,0.10614711415421002,0.251649047701693,9.740918086005639,0.03914089496581347,6114.0,0.9274759292602539,0.17898759611265405,0.07397516362480844,0.21368510299171833,11.309140655553279,0.05752256897563832,6114.0,0.8387211859226227,0.2592791413834161,0.10614711415421002,0.251649047701693,9.740918086005639,0.03914089496581347,6114.0,0.9274759292602539,0.17898759611265405
socofing:000308:left_little,peripheral_only,0.800000011920929,444,0.3715989367433477,0.3133167326450348,0.034010966987623736,0.0,1313.0,0.45925361766945927,0.37123417164293393,0.7136329017517137,0.5945218222793149,0.7814166031987814,0.6689510391581085,0.11262613008282403,0.2719756805274837,9.4836083831013,0.09189748547092441,1313.0,0.9025342166423798,0.5948887871177312,0.06344080601544086,0.2107368034891563,11.976313079440056,0.13088790709451648,1313.0,0.6743576973676682,0.5578945970206249,0.11262613008282403,0.2719756805274837,9.4836083831013,0.09189748547092441,1313.0,0.9025342166423798,0.5948887871177312,0.1918741497436009,0.15994738042354584,0.13736355676997702,4.0,1313.0,0.22162985529322163,0.17543325214011926,0.4082254379284082,0.3053545498294133,0.4638233054074638,0.34866164905917796,0.06406976173490599,0.19908340347920858,11.933468910761583,0.16651951916846294,1313.0,0.7937131822109222,0.5908314781616595,0.05092834150128786,0.19116721694376845,12.93040466540626,0.16453915155647952,1313.0,0.6212827265262604,0.5944889233129418,0.059470561965360554,0.19222234895414556,12.256979576281484,0.12566937300402276,1313.0,0.7356705069541931,0.7080484796042759
socofing:000309:right_thumb,disconnected_fragments,0.30000001192092896,455,0.43095802754018636,0.367168128490448,0.06421844155425646,3.0,7599.0,0.4637452296354784,0.4790900042495032,0.64916436373207,0.6943460417352298,0.70917225950783,0.766098054230472,0.34863369777121284,0.4977143366019822,4.57630637740099,0.06374055392728847,7599.0,1.0,0.6874283364807966,0.09699095911335166,0.2617579889320747,10.132687460448345,0.11535770802894942,7599.0,0.9515594835393131,0.3140528638659487,0.14510366348791048,0.2916781806357838,8.38321622624296,0.0836065371347577,7599.0,0.9998397827148438,0.32991414191616575,0.41566501327024696,0.353293240070343,0.10210487022256183,3.0,7599.0,0.46769311751546255,0.4574256532128539,0.6550861955520463,0.6692400852266558,0.7085142781944993,0.7398448958979231,0.32268632108104756,0.47338869424224544,4.9121944427980315,0.07358371581326632,7599.0,1.0,0.7029339415232393,0.09093602327516423,0.2534366251041289,10.412640418552886,0.11400264686945136,7599.0,0.9850037689320743,0.35733406372336307,0.1547221683443776,0.30100475726190795,8.104474568249351,0.08610401764070533,7599.0,0.9923169314861298,0.43706668141292254
socofing:000317:right_thumb,stripes,0.5,465,0.4424602831624595,0.3801594376564026,0.1659959850723659,2.0,6782.0,0.6148628723090533,0.5173920254524884,0.8006487761722206,0.7154296272889382,0.8448835151872603,0.7814421612344213,0.2366653926438351,0.3936279804399251,6.258652438987907,0.03750043588208798,6782.0,0.9996581077575684,0.6421735166152961,0.06898249465551982,0.2209830507789185,11.612611040316004,0.05377802272083118,6782.0,0.7939109727740288,0.38398481212826624,0.12246151847138144,0.26671293818359454,9.120003597977762,0.0557253430469072,6782.0,0.9970816969871521,0.6961178620304364,0.2877042460172657,0.24317453801631927,0.20197009963773283,2.0,6782.0,0.342229430846358,0.27149044125788824,0.5527867885579475,0.45870541315168734,0.6151577705691537,0.5211104037829537,0.1391510975739997,0.2971854918363521,8.56513363757163,0.03038731611644988,6782.0,0.9907810087315738,0.3442458630372824,0.06820143991677444,0.21405815733224537,11.662064561161296,0.04890598800718925,6782.0,0.8581253867596388,0.46023314209456223,0.10567828504875355,0.24837380704339249,9.760142430837856,0.06382306938856121,6782.0,0.9938861131668091,0.6697211713792159
socofing:000318:right_thumb,random_rectangles,0.4000000059604645,475,0.37660807938735685,0.32007649540901184,0.11177397681625588,4.0,9302.0,0.4058267039346377,0.42031033089457726,0.581702859600086,0.606943152170493,0.637927327456461,0.6691540925957981,0.2858088346246859,0.43484361759139456,5.439243508793727,0.036979303409839584,9302.0,0.9999997317790985,0.32609392292613215,0.11748326061145777,0.2832246502712501,9.300240086429985,0.07351099482527221,9302.0,0.9449342899024487,0.1468217578637743,0.14586247671142347,0.2989443552485979,8.360564164896495,0.07844608633609915,9302.0,0.9929503793828189,0.14223678204071738,0.3049379111733187,0.2541984021663666,0.10777747764501946,4.0,9302.0,0.28531498602451083,0.30715465358548766,0.44442055471941516,0.4881223321185269,0.4998924962373683,0.54844489162954,0.17146761106022337,0.332905138822387,7.658179028296576,0.0564557027753805,9302.0,0.9984731674194336,0.5716966849662066,0.0973921955707134,0.2659093266586993,10.114758434948335,0.06991028199401403,9302.0,0.8799415752291679,0.22674135136491114,0.12413454639402552,0.28002693298782605,9.061073384013023,0.08960585180636875,9302.0,0.9873203034512699,0.1280060826166435
socofing:000319:right_thumb,irregular,0.6000000238418579,485,0.339035820036274,0.2869126796722412,0.1603605785690299,3.0,5279.0,0.31672665277514683,0.3240463457554212,0.5148702405758666,0.5409583646299533,0.5802235271831786,0.6132623709214639,0.14743000734663525,0.2952259396681667,8.314141128221118,0.07361820704731811,5279.0,0.9951404333114624,0.2816196541273656,0.09351545317870763,0.2575833126755269,10.291166171948234,0.12812855237554083,5279.0,0.8619633298367262,0.18795170404327022,0.1346858479759737,0.2738208534243829,8.7067803507755,0.12330671542277702,5279.0,0.9943999643437564,0.37336060940410043,0.2616015937398794,0.2181076854467392,0.11032652754154684,0.0,5279.0,0.23887099829513164,0.2551481565995116,0.38852055313506345,0.41791720626977025,0.44553892782724,0.4721735561598564,0.13080253738425474,0.2777174039878626,8.833838312312325,0.10456896439240745,5279.0,0.9910027971491218,0.23182485518380835,0.09281203762532622,0.257687403581141,10.323956925827027,0.13725250176423304,5279.0,0.8729780307039618,0.19199659395394889,0.13080253738425474,0.2777174039878626,8.833838312312325,0.10456896439240745,5279.0,0.9910027971491218,0.23182485518380835
socofing:000321:right_thumb,central_missing,0.800000011920929,495,0.3979494094466668,0.3388942778110504,0.03383130663873199,0.0,3277.0,0.44919133353677143,0.40547404893658895,0.6893500152578578,0.6374715190636592,0.7638083613060727,0.7148040091060158,0.14721390927789588,0.3100036687064469,8.320511544193467,0.08438198997005969,3277.0,0.9774341881275177,0.1709076468722044,0.08917029187615831,0.24693360366637718,10.497798118038302,0.09772548795015343,3277.0,0.8971409425139427,0.24243352873471136,0.14721390927789588,0.3100036687064469,8.320511544193467,0.08438198997005969,3277.0,0.9774341881275177,0.1709076468722044,0.25310113319253497,0.21340565383434296,0.03642623706809111,2.0,3277.0,0.28867866951480015,0.24054841085618175,0.48031736344217274,0.4037065408744207,0.5306682941714983,0.4580925842138336,0.1337259654784855,0.2953308094227513,8.73784257890115,0.08115003373902888,3277.0,0.9710856676101685,0.17294653328993598,0.09784216968978836,0.2513676608637257,10.094739252087429,0.1252986422304964,3277.0,0.9089579097926617,0.1933890138626239,0.12274170321716299,0.2758268610081787,9.110078545514908,0.15371779291985868,3277.0,0.9919992387294769,0.19299307683305206
socofing:000339:right_thumb,central_only,0.20000000298023224,505,0.34188357497601346,0.2931338846683502,0.2578501349942519,1.0,9236.0,0.39454309224772627,0.34228228695687407,0.5910567345171069,0.5470535911597076,0.6539627544391512,0.6153106925606521,0.23196984647618146,0.37674689244924836,6.3456846493713215,0.0690022027193277,9236.0,0.9999994039535522,0.4502658765857997,0.09380227524117199,0.2458598977016832,10.277866273703806,0.05922664105246313,9236.0,0.9280548095703125,0.2617795357874642,0.12805867588829697,0.27353221645727777,8.925909930426887,0.031016544667760014,9236.0,0.9882890582084656,0.2378998686312891,0.32290878582434407,0.2741735577583313,0.2625193485649606,1.0,9236.0,0.397141619748809,0.33555840118435254,0.5789302728453876,0.5179190188549514,0.6317669987007363,0.5787058914118176,0.2216886283738712,0.3703061876004891,6.542565836610674,0.07001071289695379,9236.0,0.9999973773956299,0.36349282018269297,0.08464382836343239,0.2328095950093786,10.724047021199357,0.060002007486179045,9236.0,0.9258254766464233,0.2632218234661022,0.12534788094307517,0.2656924020110873,9.018830035686145,0.042612812940925296,9236.0,0.9996731877326965,0.19592942225823745
socofing:000345:right_thumb,disconnected_fragments,0.4000000059604645,515,0.4222326660775898,0.359273225069046,0.19071390687816436,1.0,7349.0,0.45162607157436385,0.42164483564632216,0.7000952510545653,0.6755134826810169,0.7754796570962036,0.7601363650259152,0.20632389208238497,0.35894025313080063,6.8545047828597845,0.04269364888525279,7349.0,0.9999988973140717,0.5760396037946798,0.08969845310363295,0.2501599111075056,10.472150465250172,0.06148250146849688,7349.0,0.9960784311406314,0.36678297117259123,0.14593202227675878,0.2971446804082836,8.358493991816289,0.08170170826050349,7349.0,0.9979131817817688,0.37391394149464896,0.29983484910643654,0.25057727098464966,0.20048860772636667,1.0,7349.0,0.31201524016873045,0.29371717097337824,0.4961219213498435,0.47912399075699275,0.5596679820383725,0.5409262640181975,0.14607745276397896,0.30138900560125503,8.354168127848116,0.04980281385738406,7349.0,0.9983492493629456,0.5582140972074024,0.08729833843808987,0.24556810175220622,10.589940222054965,0.061364055512229274,7349.0,0.9960784311406314,0.3496742811207613,0.12290792616267976,0.2746793105203498,9.104201091581523,0.07738400018298777,7349.0,0.9960784311406314,0.3015434936959539
socofing:000356:right_thumb,stripes,0.6000000238418579,525,0.32667731126607125,0.27746492624282837,-0.07021254961500421,0.0,5123.0,0.2832324809681827,0.32426352408884934,0.44349014249463203,0.5224423193079919,0.500097599063049,0.5885019177143727,0.18820779068446403,0.35111211438454426,7.253624033251029,0.05558336357684086,5123.0,0.9959541554562747,0.23766119631422186,0.15945661575202696,0.333130394842035,7.9735745744959,0.044728801372421356,5123.0,0.9775196309201419,0.2835382762920393,0.18820779068446403,0.35111211438454426,7.253624033251029,0.05558336357684086,5123.0,0.9959541554562747,0.23766119631422186,0.31576604058378127,0.26573988795280457,0.12880060211850966,0.0,5123.0,0.28069490532890884,0.3199912339955039,0.4464181143861019,0.5056481842752223,0.5159086472769862,0.5675338343684616,0.13910842270028506,0.2963554470415554,8.566465736634926,0.07591996122063133,5123.0,0.9798352420330048,0.23685071701566854,0.11431485746666166,0.28418663688352697,9.41897320816859,0.0824403059039442,5123.0,0.8776004309765995,0.2370374969715572,0.13910842270028506,0.2963554470415554,8.566465736634926,0.07591996122063133,5123.0,0.9798352420330048,0.23685071701566854
socofing:000358:right_thumb,random_rectangles,0.5,535,0.4212775209141578,0.3657985329627991,0.17217359655499104,1.0,7618.0,0.5543449724337096,0.5126000804737129,0.7047781569965871,0.6831762894186082,0.7540036755053819,0.7400350257335733,0.18757340564544991,0.3346722580698004,7.268287363202926,0.06379573189263894,7618.0,0.9999731779098511,0.37586428884389683,0.10651381350138826,0.26584611639037414,9.725940660430258,0.06807251813248613,7618.0,0.8895274987444282,0.24683041114943602,0.17214436514074846,0.3249434167203188,7.641071886336098,0.056559527395321794,7618.0,0.9995785355567932,0.4179001686484675,0.27013852847908765,0.22718630731105804,0.23802511494635206,3.0,7618.0,0.2931215542137044,0.2588386871693296,0.47519033867156735,0.43109166143556443,0.5380677343134681,0.48850931952430937,0.12069671621309018,0.2680916896978812,9.183045455607687,0.07381647616954286,7618.0,0.9765246212482452,0.21623067438725144,0.08664394992873924,0.23982152463466047,10.622617572927872,0.08632886087406257,7618.0,0.8950377069413662,0.23087985117332865,0.11830820711240915,0.2659450336291591,9.26985127054235,0.07714350859716562,7618.0,0.9803781490772963,0.1281809001209187
socofing:000377:right_thumb,irregular,0.699999988079071,545,0.3903562074328122,0.33311519026756287,0.11311645392255533,1.0,4015.0,0.4600249066002491,0.42000651225206415,0.6677459526774595,0.6275349623744247,0.7330012453300124,0.6967111124152116,0.20494063927702139,0.3637767438114543,6.883719134205554,0.14963741441321066,4015.0,0.9986675381660461,0.23999361467772742,0.09338117205977231,0.25335974165564346,10.297406793889664,0.19666152605650933,4015.0,0.8122052848339081,0.11500779507269587,0.13730417001695638,0.2907798221174762,8.62316272757036,0.19669860207127418,4015.0,0.9960905015468597,0.08703800912869088,0.25614287764910293,0.21455265581607819,0.11576974249744998,1.0,4015.0,0.26625155666251554,0.24788811603934502,0.4440846824408468,0.40900312807758893,0.5028642590286426,0.46270813209033695,0.13244162959011266,0.2907322348057203,8.77975484234982,0.19422765704443348,4015.0,0.9895324110984802,0.14099605420224678,0.08255483790587999,0.23978048449087597,10.83257470986742,0.2224932405749447,4015.0,0.8732223063707352,0.09429575817743457,0.11714215331483228,0.2730056678175759,9.312867970047106,0.22134316216944622,4015.0,0.9692884087562561,0.047140933619567026
socofing:000380:right_index,peripheral_only,0.20000000298023224,556,0.3451297741059376,0.291785329580307,0.20377471209808026,2.0,8464.0,0.40051984877126656,0.35673657421987426,0.6051512287334594,0.5533683185808939,0.6708412098298677,0.6189122333679002,0.14580883608216558,0.2987983924029078,8.362161567762895,0.03434936067300504,8464.0,0.9959498345851898,0.28374490702206145,0.08065340087906171,0.2366441447748948,10.933773151706177,0.07439163074363944,8464.0,0.8872009478509426,0.16375401969897987,0.1476559769035648,0.29724183739112364,8.307489687212495,0.05222105952080582,8464.0,0.9958875770680606,0.37515199970254276,0.2782579747731102,0.23217807710170746,0.17500548179096295,4.0,8464.0,0.3122637051039698,0.27394668374471154,0.4870037807183365,0.44478163053413644,0.5485586011342155,0.501726612797278,0.12761345127007376,0.28225228890311416,8.94103545799224,0.04466248275940964,8464.0,0.978803813457489,0.2298517087692088,0.08107100160714718,0.2358888819608406,10.911344613755944,0.0901092748126778,8464.0,0.9361101384274662,0.13407207159405868,0.11549764048300416,0.2731736415929147,9.374268879422118,0.06986993156601862,8464.0,0.9884188766591251,0.22256765350917532
socofing:000396:right_index,central_only,0.4000000059604645,566,0.3086911617597172,0.2599342167377472,0.3835671395026613,4.0,4876.0,0.39048400328137817,0.3171632070158523,0.5662428219852338,0.4947530633411611,0.6214109926168991,0.5539496821162639,0.17565797105044634,0.31922069610502585,7.553321379033942,0.06476071647366137,4876.0,0.9982579946517944,0.7324885437535378,0.07520289542909377,0.2200840911024821,11.237654380696531,0.11998770183716002,4876.0,0.8862745091319084,0.46016385223642753,0.1024820508945261,0.2372836777293853,9.89352191974697,0.1279514992643411,4876.0,0.9825667734257877,0.5957296966963657,0.3196755636828762,0.27154892683029175,0.3350992363166569,3.0,4876.0,0.44606234618539786,0.33236120688905474,0.6074651353568499,0.5127494662132196,0.6517637407711239,0.5728788859879413,0.15669587260094586,0.2994497902232006,8.049424427799172,0.07404203515962761,4876.0,0.9933030605316162,0.5610329694029679,0.0642272315070045,0.20216059445342777,11.92280797698557,0.13589221885642208,4876.0,0.8862745091319084,0.4128464011855879,0.1008687262749007,0.22901746742165677,9.962434632133387,0.1355911587470418,4876.0,0.9960605497471988,0.3988007078345637
socofing:000406:right_index,disconnected_fragments,0.6000000238418579,576,0.30957113445662954,0.2646445035934448,0.4310123990787634,1.0,2293.0,0.3214129960750109,0.316822343214703,0.4596598342782381,0.4960389360064146,0.5041430440470999,0.5557778002703184,0.21480786892666667,0.35361184296309883,6.679498134341452,0.07124821161958417,2293.0,0.9999982118606567,0.45307227105963294,0.09792405716981832,0.25437155473372963,10.091106012242271,0.10301498524710058,2293.0,0.8814514875411987,0.33419593739441456,0.10292573927574261,0.2237019891364478,9.874760049501258,0.11249399523518447,2293.0,0.9644756317138672,0.42579811895327224,0.26239723688486205,0.22285416722297668,0.2820968174284332,1.0,2293.0,0.23680767553423462,0.2476110896505854,0.36764064544265157,0.4183569642923516,0.4103794156127344,0.47527225583960697,0.14746422022831207,0.29251894716748533,8.313133413291526,0.07746807960694693,2293.0,0.9983270168304443,0.42597209172770073,0.10146932368154947,0.26012291492446704,9.936652342972726,0.1201220460626099,2293.0,0.8784674406051636,0.33785148904212886,0.09763581816820216,0.2283942009587567,10.103908300881868,0.13487868269410375,2293.0,0.9152691960334778,0.3006265613905305
socofing:000407:right_index,stripes,0.800000011920929,586,0.37721838212845954,0.3189712464809418,0.08837432060958589,4.0,2720.0,0.38125,0.3874165918568478,0.5882352941176471,0.6045692323783741,0.6544117647058824,0.6769534458855496,0.20620761921813863,0.3633160938198938,6.8569529189798715,0.04583543366212779,2720.0,0.9999842643737793,0.7256767774223353,0.10631300209513607,0.27531659429403266,9.734136179521665,0.07384758086950952,2720.0,0.9090675860643387,0.3016420772805571,0.17089807667057472,0.3274359007141731,7.672628249097872,0.0312556074145729,2720.0,0.9884505267255008,0.1332400157741198,0.344657780385631,0.28883638978004456,0.15933166818145775,3.0,2720.0,0.3382352941176471,0.35759109752800533,0.5209558823529412,0.552745780331247,0.5966911764705882,0.6177973412656609,0.16357179795549195,0.3230825441514539,7.862915725969046,0.033264434332121645,2720.0,0.9987636208534241,0.24894647138818035,0.10426289193648537,0.27314702786919526,9.81870233229839,0.07489350527738221,2720.0,0.9144231081008911,0.22745869387495474,0.14976185955980617,0.30591652974921196,8.245987760341972,0.10521662094994247,2720.0,0.9913735091686249,0.1631461044175226
socofing:000422:right_index,random_rectangles,0.699999988079071,596,0.36035811314409527,0.3032456040382385,0.23455264920365748,0.0,4265.0,0.3237983587338804,0.35898230249129875,0.5031652989449004,0.5764353999652729,0.5720984759671747,0.6489197657899308,0.12694161247878602,0.25834247308050623,8.963959893512635,0.06630232153779167,4265.0,0.9998490810394287,0.16344378526473136,0.11851104198379699,0.2895155649276282,9.26241183415717,0.06520459763503247,4265.0,0.8983425493352115,0.18110957850727546,0.12694161247878602,0.25834247308050623,8.963959893512635,0.06630232153779167,4265.0,0.9998490810394287,0.16344378526473136,0.2846930223179311,0.23873715102672577,0.29579644398511684,3.0,4265.0,0.2654161781946073,0.27537088407441573,0.4246189917936694,0.4545766218843382,0.4797186400937866,0.5143118678209789,0.11669997097724523,0.26631840809760454,9.32929251961689,0.07672551150315281,4265.0,0.9722511768341064,0.3422055361290119,0.09093441758297544,0.251582172417583,10.412717104269811,0.06892573595617052,4265.0,0.8017825479619205,0.18623092418701712,0.11252629988770885,0.2540778218496674,9.487459614528177,0.06955796211295967,4265.0,0.9737645387649536,0.11986492516435265
socofing:000424:right_index,central_missing,0.10000000149011612,606,0.19673406933111842,0.17252694070339203,0.25371881135997365,1.0,12549.0,0.19635030679735438,0.16921903520136186,0.3330145828352857,0.31202300751681383,0.3732568332138019,0.3596243316219645,0.22098271565634747,0.366719840534393,6.556416936842435,0.080579783618027,12549.0,0.9999194145202637,0.7277094793824278,0.1885845852117625,0.3390134206344936,7.244938091123082,0.06267854920017224,12549.0,0.9920781254768372,0.8392298886954377,0.17055869933232434,0.3179323235736709,7.681261245375987,0.04215545645388396,12549.0,0.9998325705528259,0.8462231286484252,0.1903377767971991,0.16213226318359375,0.2622383925900952,1.0,12549.0,0.21858315403617817,0.17711108034042183,0.3302255159773687,0.30321777322984084,0.36616463463224164,0.3452533375263138,0.23914650520782035,0.38585668305986426,6.213359613529579,0.07670803764293613,12549.0,0.9998898506164551,0.668547214816144,0.1692225325895826,0.32159812296092444,7.715418095725041,0.059246620509364044,12549.0,0.9762813448905945,0.8298425467920959,0.149145048604919,0.300015803057953,8.263911599972282,0.04081531182162029,12549.0,0.9977587461471558,0.8780053942019616
socofing:000425:right_index,peripheral_only,0.30000001192092896,616,0.2947813221434118,0.2505291700363159,0.2584875785167823,4.0,8047.0,0.34099664471231517,0.2901002812144089,0.5220579097800423,0.4711820113365585,0.5825773580216229,0.5315425880439417,0.1622663885948696,0.3078322385881516,7.897714294004427,0.0525923587826368,8047.0,0.997272402048111,0.43057949272867746,0.08114957196685958,0.2309396993716649,10.907137665699885,0.08774243946913246,8047.0,0.9074358586221933,0.35456221066393423,0.1174410945141574,0.25803482338268324,9.30179909920819,0.051045513950735,8047.0,0.9865583176724613,0.2832182825732583,0.3107299372729743,0.26390451192855835,0.24177766061333542,4.0,8047.0,0.3564061140797813,0.30010753203004253,0.5451721138312414,0.4961056591124657,0.602709084130732,0.5614383681399401,0.1357742935638987,0.28046189071237904,8.671824481714886,0.06157733922665128,8047.0,0.9952961206436157,0.3556833677925083,0.07399502758724662,0.22322586891744242,11.30797463566011,0.08511224684972864,8047.0,0.837086736690253,0.3597376580250211,0.10580029083921155,0.25094119915567414,9.755131384474202,0.06709333964771151,8047.0,0.9819682235829532,0.2873927974355347
socofing:000429:right_index,central_only,0.5,626,0.3552682604462379,0.3115013539791107,0.28868833175067415,3.0,4115.0,0.42746051032806803,0.3354496528789455,0.67363304981774,0.5664473559572515,0.7343863912515188,0.6434465903166866,0.25734163119477294,0.4103436464739155,5.894899505341823,0.08861694677782911,4115.0,0.9999210238456726,0.3373361536536938,0.07082466987578477,0.21390723490573801,11.498154411133374,0.16101519228141706,4115.0,0.8921510577201843,0.29252059065315117,0.12436428388114049,0.25958390052476726,9.053043265621278,0.14798229195087725,4115.0,0.9988130927085876,0.2511492458818563,0.28642825092753693,0.24425460398197174,0.31253287435491883,3.0,4115.0,0.362089914945322,0.2672008125923963,0.5667071688942892,0.45636245765054506,0.6306196840826246,0.5194163393365946,0.13987275244899686,0.28805516522054087,8.54266878886047,0.17526085940540553,4115.0,0.9916825890541077,0.3095363310995014,0.06769201627061887,0.20734259965337296,11.694625498388833,0.19311753732028963,4115.0,0.857225738465786,0.293916644846274,0.10696011012982515,0.2449117485858174,9.707781585812373,0.14933486190346099,4115.0,0.9918985962867737,0.18811550334168534
socofing:000444:right_index,disconnected_fragments,0.699999988079071,636,0.3920162224821677,0.3419649600982666,0.33214638909247174,3.0,1831.0,0.340797378481704,0.3739275076817711,0.5303113052976516,0.6254170844914287,0.590387766247952,0.7092469434279811,0.2225707125948293,0.3610818725560473,6.52531983735673,0.11298319286351766,1831.0,0.9998727440834045,0.2640173857301669,0.14812688766469434,0.31343514459021493,8.293661021503825,0.16761771639828024,1831.0,0.8587418049573898,0.20425131859679435,0.17193162648696003,0.30965412671284587,7.646442283425645,0.1389700643959481,1831.0,0.9944675266742706,0.4389017617223207,0.2745331742085113,0.23112919926643372,0.25921573574405543,3.0,1831.0,0.2490442381212452,0.26702748488885075,0.3877662479519388,0.4385025098016522,0.4287274713271436,0.49566085143925254,0.16306498273078063,0.320719116557123,7.87639291194985,0.1452996756789587,1831.0,0.9754429757595062,0.2311029470964081,0.11504394025501058,0.27488097863028704,9.391362521202398,0.1895109763101776,1831.0,0.8215337023139,0.21771269626423395,0.10545394310904203,0.24493586575965423,9.76937176583746,0.1882761562021199,1831.0,0.9646340608596802,0.23128789966475252
socofing:000448:right_index,severe_partial,0.10000000149011612,646,0.41998492632255446,0.37239474058151245,0.04300805831461045,2.0,10531.0,0.31127148418953565,0.35703473639685185,0.5580666603361504,0.665680863123517,0.644193333966385,0.7685629053657386,0.2363159460231049,0.37680474307642586,6.265069722474983,0.037389885263905305,10531.0,0.999993085861206,0.3117562421611281,0.1482429060879227,0.32279290523861665,8.290260798900636,0.04292988124665072,10531.0,0.9686274491250515,0.25625316277419924,0.20368015940365675,0.35646636510158547,6.910512738038259,0.03855431786520503,10531.0,0.9995567798614502,0.18425165349826714,0.41612458188313506,0.3628658354282379,0.04537539840473672,2.0,10531.0,0.3457411451903903,0.3862642474623218,0.5662330263032951,0.6628132975709348,0.6401101509828127,0.7549963142738056,0.2243852667374813,0.36728530333439946,6.4900566249909675,0.036465015187392355,10531.0,0.9999969303607941,0.3896634769714267,0.13633692753695956,0.3101134866898519,8.653864974050379,0.03966905617400763,10531.0,0.9686274491250515,0.2758956230915365,0.17307160259502063,0.32590963144755436,7.617741848571708,0.044338751070403214,10531.0,0.9986644983291626,0.14879833910652912
socofing:000449:right_middle,irregular,0.10000000149011612,657,0.3415510626976837,0.2885381877422333,0.056067391146068735,4.0,10720.0,0.3048507462686567,0.34103824701716207,0.4748134328358209,0.5464304187482417,0.5537313432835821,0.6148944759919349,0.2752786232946047,0.44620865945871085,5.602275123467727,0.035502381675356444,10720.0,0.9808822572231293,0.8617471070414365,0.12860308855771302,0.30430987548124766,8.907486011826778,0.057918991086539466,10720.0,0.8801116272807121,0.6419467766244477,0.1103861890582246,0.25645275310154503,9.57085259858699,0.024916099024257808,10720.0,0.9973610639572144,0.7916163832337354,0.30918451621072063,0.26110348105430603,0.07840619039286036,4.0,10720.0,0.2646455223880597,0.29775981752674524,0.4213619402985075,0.4935527560687555,0.4946828358208955,0.5588170689160922,0.24207094540219243,0.4127371958922595,6.160573336839388,0.03475990384613387,10720.0,0.9850609302520752,0.7625826449880547,0.13354685258926394,0.30811017856849776,8.743663429044751,0.059692073018896334,10720.0,0.8776726052165031,0.5521739651198078,0.10698277895898343,0.25312592090357705,9.706861251652782,0.039119390833710604,10720.0,0.9802762567996979,0.4308822848362956
socofing:000472:right_middle,central_missing,0.30000001192092896,667,0.3810690173218875,0.3302215039730072,0.05627333524299411,4.0,8769.0,0.29684114494241076,0.3817085551996706,0.49948682860075266,0.6097743815027983,0.5762344623104116,0.685796323603841,0.137843515132617,0.3004825163815518,8.606136605220588,0.03487736611539687,8769.0,0.9720769505947828,0.8893756156431547,0.16246709002346646,0.34144553187928695,7.8923459818477015,0.03127009758505,8769.0,0.9141262164339423,0.6146169362370569,0.14960932621555062,0.29938755410121515,8.250413329574847,0.0013927559726080565,8769.0,0.9991079866886139,0.34646116518808845,0.36510165513465825,0.31302905082702637,0.1045491999436771,4.0,8769.0,0.27927927927927926,0.34775078034629325,0.47975823925191013,0.5824275607366167,0.5527426160337553,0.6606531542000579,0.13597510615378033,0.3060087211340222,8.66540593465297,0.03760295666387743,8769.0,0.9721575956791639,0.7932325295211691,0.1551076005790774,0.3325325139840813,8.093669203767483,0.027880611258580292,8769.0,0.8752212515100837,0.4190144123030156,0.13261413812844572,0.283581091903727,8.774101728855818,0.009433138950477211,8769.0,0.9865936934947968,0.3516122664632147
socofing:000484:right_middle,peripheral_only,0.5,677,0.3897817854393007,0.32819318771362305,0.12104653044991487,4.0,5459.0,0.4737131342736765,0.43410909754558674,0.6722843011540576,0.6280835879135097,0.7380472614031874,0.6927417513694839,0.19383609547043953,0.35468158809978934,7.125653469757979,0.09780159819016493,5459.0,0.9986923933029175,0.31526342000222635,0.08601244125368329,0.24606712848643453,10.654387257676687,0.1017513240685099,5459.0,0.80789565294981,0.11562161183181814,0.1456657433944608,0.2993401294237371,8.366425704263232,0.06823702578260053,5459.0,0.9914560616016388,0.38181144099653264,0.3177005300626232,0.2660790979862213,0.12210325803446388,0.0,5459.0,0.3432863161751237,0.3103787416578933,0.5367283385235391,0.5075886692597242,0.6059717897050741,0.5733253117936677,0.12543637286299872,0.28793461519793523,9.015765126025542,0.09666368032327385,5459.0,0.9785565733909607,0.35553136694601417,0.08540064462606135,0.24426269504277642,10.685388511320166,0.1233435170498601,5459.0,0.8444476090371609,0.10261315237904367,0.12543637286299872,0.28793461519793523,9.015765126025542,0.09666368032327385,5459.0,0.9785565733909607,0.35553136694601417
socofing:000493:right_middle,central_only,0.699999988079071,687,0.4137722257046792,0.3540797531604767,0.281848733500813,1.0,1138.0,0.539543057996485,0.4740028327399691,0.7091388400702988,0.6680586218310156,0.7644991212653779,0.7327438848613644,0.20211225329900914,0.3627290248699807,6.944073560600096,0.08178464753495629,1138.0,0.9999185800552368,0.6972002860179538,0.09253168752689513,0.26273286598407203,10.33709517407424,0.1262814610109175,1138.0,0.7977021038532257,0.4867213868048227,0.1095173044554284,0.24152108914094447,9.605172540133996,0.2552692897224778,1138.0,0.9870164394378662,0.36316845262835995,0.27173166995203557,0.2315349131822586,0.21027810191316432,1.0,1138.0,0.23198594024604569,0.24475674294524535,0.40509666080843587,0.4320731792225779,0.4833040421792619,0.49451199131502205,0.12829720222238747,0.2878100397617692,8.91782814183349,0.11335357181831472,1138.0,0.9971595108509064,0.6159175866369442,0.09179495047390465,0.25853271334045785,10.37181208141186,0.14569345422256502,1138.0,0.889504998922348,0.4716487736535732,0.10314182524768557,0.24486861386342934,9.86565187375843,0.1321254696604746,1138.0,0.9592051208019257,0.38027240775994353
socofing:000496:right_middle,stripes,0.10000000149011612,697,0.3156808321304318,0.2783617675304413,0.06600141605573528,1.0,11722.0,0.1494625490530626,0.27120059426582177,0.30506739464255245,0.5006413076222299,0.38218734004436106,0.5771215454076993,0.33051809257415476,0.49679221956658715,4.808047622296122,0.03402080243494672,11722.0,0.9999949932098389,0.4222989958971371,0.231433740686445,0.4185707265328577,6.355733250483624,0.040676920049471516,11722.0,0.9727045893669128,0.3874273342198256,0.11968387368261964,0.2621406937937124,9.219643628973852,0.0335545399686415,11722.0,0.9990912675857544,0.7040868115697692,0.25342370450415314,0.2212027758359909,0.04529781674570202,1.0,11722.0,0.11533867940624466,0.22433163075139143,0.22009895922197578,0.4025687198313689,0.2676164477051698,0.461981082858028,0.3085195948485405,0.4765688458693876,5.107172476296194,0.036732393368360636,11722.0,0.999977707862854,0.4224358453542239,0.25620254998124137,0.4424021979548403,5.914165520414852,0.042510735968690753,11722.0,0.9819337110966444,0.5035276475078321,0.14944299358255828,0.3080112070516241,8.255244414126663,0.033315632908008264,11722.0,0.9914616942405701,0.9500504707471477
socofing:000503:right_middle,severe_partial,0.30000001192092896,707,0.4282945159024643,0.3620186150074005,0.18394929824488981,4.0,6129.0,0.3534018600097895,0.4581033988758681,0.5398923152227117,0.6882521137412833,0.6147821830641214,0.764968352029755,0.26236374467649964,0.39100789934774194,5.810961791088714,0.12185287412801889,6129.0,0.9999999403953552,0.783553639255784,0.13922410288046577,0.32070773812431796,8.562855718962288,0.09278269510417145,6129.0,0.9411764703691006,0.2525077449543577,0.18617502625786714,0.3433246125082224,7.300785762322981,0.06628853563046032,6129.0,0.9998493790626526,0.2417360483683663,0.3501750292134608,0.2939770221710205,0.37353463380553464,0.0,6129.0,0.21879588839941264,0.30403363325405636,0.40724424865394027,0.5556659071455968,0.48474465655082394,0.6395433317761102,0.19902859450874588,0.33012928460145863,7.010845238654808,0.12991793362694778,6129.0,0.9999967217445374,0.7488447124152696,0.1409327086477624,0.32189008635452826,8.509882010944274,0.100055356815089,6129.0,0.9411764703691006,0.29678490944490915,0.19902859450874588,0.33012928460145863,7.010845238654808,0.12991793362694778,6129.0,0.9999967217445374,0.7488447124152696
socofing:000504:right_middle,irregular,0.20000000298023224,717,0.3489093498856414,0.29932692646980286,0.04322471517552702,4.0,9384.0,0.36519607843137253,0.35251012830681405,0.5431585677749361,0.5586150376591434,0.606457800511509,0.62731667410992,0.2638361877828764,0.4188550141919781,5.786656368542781,0.07961905518335094,9384.0,0.9999998807907104,0.6353906893986728,0.12676664632461138,0.29085136698601605,8.969949989986644,0.08434804559339532,9384.0,0.9601596584543586,0.2100965499294063,0.1645109345674925,0.31840686142594077,7.838052304526073,0.04151585902787784,9384.0,0.9991135597229004,0.3815073194851104,0.3088866310834072,0.26030874252319336,0.08047815755776568,3.0,9384.0,0.33621057118499575,0.3082193695294583,0.4948849104859335,0.49415188357805667,0.5481670929241261,0.5561293882609227,0.18243351519051157,0.3374331596212478,7.388953736544661,0.09103364484624653,9384.0,0.9999768137931824,0.2943937351517021,0.10715572410728941,0.269102118540115,9.699846246052555,0.08740584750565455,9384.0,0.8952430486679077,0.18581908630889804,0.12477533973429919,0.27935767006493256,9.038712389771229,0.0817176946404253,9384.0,0.9857774972915649,0.4459159326875937
socofing:000509:right_middle,central_missing,0.4000000059604645,727,0.3411480449443279,0.28653818368911743,0.15477436671793018,3.0,8969.0,0.49069015497825846,0.3470899382387466,0.7422232132902219,0.5464310612403666,0.808451332367042,0.6128781022409063,0.1437466235629239,0.30854185663553263,8.424023475789381,0.046424222794427615,8969.0,0.8464430421590805,1.0736404270947157,0.05598007890835573,0.19273527589848718,12.519664936969496,0.07814148795879966,8969.0,0.7896115630865097,0.8775644772981858,0.10631509357146968,0.26159212010329963,9.73405074239936,0.04049053879424346,8969.0,0.9869300723075867,0.7468705829609031,0.21202830604611597,0.17806358635425568,0.23558538364811157,3.0,8969.0,0.19266361913256774,0.19476358846871666,0.354108596276062,0.3375188179160456,0.4118630839558479,0.38510389439848863,0.10706965192996569,0.26112912821223444,9.703336091593734,0.045864951750373736,8969.0,0.850362241268158,0.695732975374971,0.09993190879633228,0.2613557962430123,10.002958170643236,0.0630377638482819,8969.0,0.8011471480131149,0.7924668207389559,0.105846198725816,0.2573067564548411,9.753247342628592,0.035958074373628544,8969.0,0.8422851413488388,0.7956152402225447
socofing:000511:right_middle,peripheral_only,0.6000000238418579,737,0.2909367899234335,0.2556547224521637,0.5774825322686411,0.0,3845.0,0.40390117035110534,0.280270769622453,0.5315994798439532,0.46443226184739556,0.5706111833550065,0.5258194259223764,0.0649178608656617,0.13771416207131176,11.876357992208082,0.1561344153977686,3845.0,0.9964436590671539,0.47910320477965146,0.05076933341194457,0.18447353848581952,12.94398538730803,0.09318772309180078,3845.0,0.7548810243606567,0.27843371268367534,0.0649178608656617,0.13771416207131176,11.876357992208082,0.1561344153977686,3845.0,0.9964436590671539,0.47910320477965146,0.29703816616488676,0.2648596167564392,0.38767176335044484,0.0,3845.0,0.26319895968790635,0.22961273355353792,0.40754226267880367,0.468518522602684,0.45253576072821844,0.548153785619066,0.053018308738696854,0.15333079962466778,12.755741301896188,0.128744595162778,3845.0,0.940391331911087,0.6383857944824504,0.06222409647750615,0.21254522729512446,12.060414008291678,0.09147311137586629,3845.0,0.7730438709259033,0.387965388398884,0.053018308738696854,0.15333079962466778,12.755741301896188,0.128744595162778,3845.0,0.940391331911087,0.6383857944824504
socofing:000522:right_middle,central_only,0.800000011920929,747,0.36536139148013735,0.31506800651550293,0.23719859092660367,3.0,609.0,0.30049261083743845,0.334864548078703,0.45648604269293924,0.5815285420280764,0.5057471264367817,0.6637498733445342,0.3848492651750859,0.533199387954239,4.147093383385148,0.11772503705543202,609.0,0.9998972713947296,0.5735392839314667,0.07741576013535875,0.24795764069147835,11.111706175719567,0.2732060776295813,609.0,0.6568611245602369,0.5007311668665964,0.08842766499699382,0.1990390048149747,10.534118427255603,0.32776312384600836,609.0,0.9614292364567518,0.5804461253928698,0.3032237590142267,0.2535569965839386,0.3666124282836572,3.0,609.0,0.24466338259441708,0.3069779512232356,0.38587848932676516,0.48553343364366364,0.44991789819376027,0.5450519277838063,0.2189580445770206,0.38981535292898833,6.596390940835091,0.1874658344089935,609.0,0.9506298005580902,0.6410102402107977,0.08156046668740072,0.24859588906285163,10.885202978622273,0.26495708298351184,609.0,0.6569718718528748,0.4939431494941408,0.08389687189137097,0.2012301646585902,10.762542316104224,0.300817475556824,609.0,0.9143476486206055,0.3997111358368391
socofing:000524:right_ring,stripes,0.30000001192092896,758,0.39161752309760856,0.3286083936691284,0.2543266275337764,4.0,7338.0,0.37285363859362225,0.4211949083023027,0.5475606432270373,0.629545775476643,0.6127010084491687,0.6989960645347565,0.18542942600421375,0.3422026545654995,7.318213460426534,0.0324790596990221,7338.0,0.9999991655349731,0.8715606562456055,0.10574194995230947,0.2792846269975499,9.757526851762293,0.05158383575696757,7338.0,0.7958547621965408,0.5039657339543852,0.16404330790623733,0.31767488314917897,7.850414818196847,0.04099167308059799,7338.0,0.9973001480102539,1.1098151615451317,0.33736240339071233,0.2839525043964386,0.3071024162613397,0.0,7338.0,0.3045789043336059,0.33244596873748916,0.4807849550286182,0.5392882019598174,0.5475606432270373,0.6082356130339267,0.14739878589604902,0.30018177145512553,8.31506093687401,0.03264953651464717,7338.0,0.9998371601104736,0.7020395077719485,0.10184060034847307,0.27009020235766923,9.920790491888415,0.05694965883693331,7338.0,0.8760592341423035,0.3491930525491809,0.14739878589604902,0.30018177145512553,8.31506093687401,0.03264953651464717,7338.0,0.9998371601104736,0.7020395077719485
socofing:000527:right_ring,random_rectangles,0.20000000298023224,768,0.4751144575081946,0.40083444118499756,0.07122393570733124,3.0,9325.0,0.6544772117962466,0.5788326961649007,0.8415013404825737,0.770554955878782,0.8895442359249329,0.834462375783409,0.1957588045702613,0.36075469577325453,7.082786957308699,0.04151130456567089,9325.0,0.9959948654286563,0.28952138343351547,0.0713775285508147,0.22580928606143466,11.464384935802103,0.04217938041810353,9325.0,0.7754073105752468,0.21299836387987958,0.14300029532090322,0.2998163612277294,8.446630656390905,0.017411953223187306,9325.0,0.9752372801303864,0.19119536401443493,0.40836095221049024,0.341404527425766,0.08894708925872144,3.0,9325.0,0.5395174262734584,0.4669500917563809,0.7402680965147453,0.6592364374913735,0.7916353887399464,0.7233318860697043,0.16850841034522437,0.32962856242592986,7.733784183809539,0.05027734346324616,9325.0,0.9899536962620914,0.2598252497808354,0.06992436471819516,0.22279241480917017,11.55371470621585,0.05519403030378759,9325.0,0.7738469801843166,0.189735280490299,0.11701620701107385,0.27047981834967916,9.317539833134719,0.03273305215139948,9325.0,0.9488077759742737,0.20962181046039016
socofing:000528:right_ring,irregular,0.4000000059604645,778,0.31101137547660546,0.26103875041007996,0.13118102011791918,3.0,6545.0,0.30007639419404125,0.2941866695516614,0.4913674560733384,0.4959357301700744,0.5599694423223835,0.5631854170428786,0.14649538842392662,0.3016630374017542,8.34176046392222,0.129525563237447,6545.0,0.9998197257518768,0.2193599474333258,0.09428431925160581,0.25618188281360704,10.25560530261301,0.14882993650585016,6545.0,0.8470054790377617,0.18100374512011277,0.13484273615883607,0.288132356292788,8.701724435833716,0.13424628819067053,6545.0,0.9804269662126899,0.1929752391565603,0.22858568249721398,0.19122928380966187,0.16557659377692419,2.0,6545.0,0.21176470588235294,0.20864621429519858,0.36913674560733384,0.3637431451753408,0.4187929717341482,0.4154421221353882,0.11205132287580537,0.26823108469636225,9.505830118261878,0.16972589641677946,6545.0,0.9828598201274872,0.14229260560049808,0.07871072625056946,0.23640664204146863,11.039660804234948,0.1761215264645407,6545.0,0.7899554520845413,0.0884434805219413,0.1052251488386965,0.2572310733185573,9.778804512793567,0.13475183346304367,6545.0,0.9186351858079433,0.5014703660082374
socofing:000530:right_ring,central_missing,0.6000000238418579,788,0.34950094331851733,0.2926444709300995,0.15551774706900776,3.0,5926.0,0.5477556530543368,0.4119510681513311,0.7073911576105298,0.5654465217929091,0.753459331758353,0.6166116730067684,0.13972145630547192,0.2944538862494908,8.547368963944372,0.08051705631067885,5926.0,0.9884088635444641,0.19058164903969377,0.07667225231152303,0.22001464589806338,11.15361778792825,0.08710612060744752,5926.0,0.8316813670098782,0.2613177412405402,0.11789615311265528,0.27006882991806147,9.28500365466427,0.05620965269648881,5926.0,0.9603347145020962,0.3330896749082216,0.27195060387117975,0.2268843799829483,0.18968618443020324,2.0,5926.0,0.3722578467769153,0.2644935471461184,0.5673304083698953,0.4343752605213814,0.6285858926763416,0.49100249831313586,0.12019846586200265,0.2749099795037231,9.201010753608884,0.080266301540552,5926.0,0.9765971302986145,0.23655818405850465,0.06942658348781469,0.2125460801402046,11.58474206036798,0.06426771915120325,5926.0,0.7709803506731987,0.18745445233928917,0.10363328283589864,0.2545862916813471,9.845007442952799,0.032678125288750456,5926.0,0.9638395272195339,0.3910581390002345
socofing:000531:right_ring,peripheral_only,0.800000011920929,798,0.29286413930922317,0.2464294582605362,0.23363580696073455,3.0,1883.0,0.3027084439723845,0.2904989353786171,0.49070631970260226,0.46834610250169656,0.5507169410515136,0.5276284915427228,0.12925376098911667,0.27969693497196235,8.88556811073046,0.17716022230956371,1883.0,0.9959116573445499,0.1926765684314958,0.0789674752658797,0.23384745817718533,11.025517469511605,0.12943277640554543,1883.0,0.8633654713630676,0.4210692121958129,0.13075467715899242,0.27297756876138674,8.83542767256013,0.0710912628059547,1883.0,0.9985723495483398,0.08504798764668835,0.23058836515191636,0.19582673907279968,0.23988822503551013,2.0,1883.0,0.24853956452469464,0.21527496675069954,0.4200743494423792,0.3674100444029445,0.4800849707912905,0.41812173695369276,0.09632488061184231,0.23726801794349744,10.162615205931884,0.1754894772849589,1883.0,0.990420579444617,0.04960429595411031,0.06822698133494513,0.21341999862575534,11.660438434141817,0.12616996325577995,1883.0,0.8482672162353992,0.05573416125669941,0.0898052356157612,0.22835360714212155,10.466983433688615,0.2055468675284157,1883.0,0.9286546101793647,0.033638026413156594
socofing:000540:right_ring,disconnected_fragments,0.20000000298023224,808,0.339933541702122,0.28826263546943665,0.06478092152743194,2.0,7895.0,0.3812539582013933,0.33912048163558955,0.58948701709943,0.5438123607167419,0.6514249525015833,0.612042987077126,0.19396063555141302,0.3456486299271242,7.122864015001128,0.02788409632657509,7895.0,0.9999956488609314,0.8373026267785668,0.10613222019917799,0.26401185820627066,9.741527505901782,0.06601794749345996,7895.0,0.9053651392459869,0.6179817236786244,0.15952736563051004,0.31567592895451163,7.971648065071118,0.06166024999659026,7895.0,0.9998552203178406,0.4676032791134581,0.29406750411606797,0.24705658853054047,0.12428923008103676,4.0,7895.0,0.32425585813806207,0.28356913539561535,0.5214692843571881,0.46945816971366355,0.5788473717542748,0.531421181153013,0.15333378060554892,0.3031310732445743,8.143621562060982,0.04757403721834356,7895.0,0.9988966882228851,0.8255023629231887,0.09145880574910524,0.24634425545363742,10.38774473849278,0.07192135077748876,7895.0,0.8640851229429245,0.5783359751882935,0.12895634814309914,0.2828602859235479,8.895572739552135,0.0627565753378214,7895.0,0.9823884358629584,0.4394077601096381
socofing:000545:right_ring,stripes,0.4000000059604645,818,0.3989527540013561,0.3387698531150818,0.17004976675480327,1.0,5438.0,0.4166973151894079,0.4177446950496931,0.6173225450533284,0.6402036005070034,0.6849944832659066,0.7143565689927736,0.17871032088630034,0.32992335853222365,7.47850365376085,0.0553553895286401,5438.0,0.9999968111515045,0.3128181514332913,0.11346966569364961,0.28210855422052716,9.451202246614823,0.0868816350454482,5438.0,0.9280488193035126,0.33969649964727056,0.1727831153167579,0.32461093156889653,7.624986998376954,0.08655976943740394,5438.0,0.9997577667236328,0.38865700257271024,0.2660245384296191,0.22167697548866272,0.24775133915380104,3.0,5438.0,0.20522250827510113,0.2553136469895632,0.3512320706141964,0.42456817234338495,0.40603162927546893,0.4809863474613254,0.1397926603215106,0.3010315710418207,8.545156302036842,0.07682406692001154,5438.0,0.9691303353756666,0.6195728607766672,0.09849113231118559,0.2689020594950346,10.066028696210257,0.10179426863058924,5438.0,0.8253007521852851,0.39202273698503554,0.13048829694684422,0.2897225026312377,8.844284369794892,0.11041238680318631,5438.0,0.9442419372498989,0.41355135850485136
socofing:000553:right_ring,random_rectangles,0.30000001192092896,828,0.3924151019914738,0.3304045498371124,0.17961683352257787,0.0,10431.0,0.424120410315406,0.389743592386883,0.6657079858115234,0.6275970122258989,0.7502636372351644,0.7068814855055707,0.15313374791367854,0.30955433277914135,8.149290880897857,0.05383159622145189,10431.0,0.9999651908874512,0.4740185520074252,0.08774586224387508,0.24654192111944448,10.567733540304774,0.06206547076960653,10431.0,0.8984580561518669,0.38640357070618553,0.15313374791367854,0.30955433277914135,8.149290880897857,0.05383159622145189,10431.0,0.9999651908874512,0.4740185520074252,0.3186410479578278,0.26681676506996155,0.1841961847751522,2.0,10431.0,0.31904898859169784,0.31106089860238023,0.51471575112645,0.5090676617969798,0.5821110152430256,0.5750699161951796,0.19368487207066884,0.35691675236513826,7.129042989133176,0.041222855822907585,10431.0,0.9999904632568359,0.5477687513147305,0.10601617385877621,0.2677502000631909,9.74627873586343,0.055782612143004714,10431.0,0.885435520671308,0.48134104067591815,0.11632705238611982,0.26538629064843733,9.343192763652649,0.06205054549253178,10431.0,0.9896972170099616,0.5633391721447925
socofing:000554:right_ring,irregular,0.5,838,0.3847054858612652,0.32544976472854614,0.05601516274400491,1.0,5658.0,0.33351007423117707,0.41915505979646006,0.5129020855425945,0.6189737347715437,0.5715800636267232,0.6855799597632384,0.2117723379133036,0.37261358835510894,6.741307688564282,0.08108507618230833,5658.0,0.9991037845611572,0.2592696397824039,0.15010654531837103,0.32445226366522717,8.23600370157296,0.10297470116343574,5658.0,0.9427564106881618,0.3891733293973718,0.14064748579652103,0.28997826743666866,8.518680268436551,0.11168295128189958,5658.0,0.9900385141372681,0.5444549216480236,0.31228533971431865,0.2604973018169403,0.16847732513310587,1.0,5658.0,0.29604100388829974,0.32494421596660256,0.44680098974902793,0.5009224311681382,0.4938140685754684,0.5595818362353168,0.130079614236826,0.2848934999768503,8.85790759688708,0.11128276177519236,5658.0,0.9759141188114882,0.18525220132941836,0.10896077562486527,0.27730663087858975,9.627298139445049,0.12961883793453882,5658.0,0.8569305501878262,0.1765279674834448,0.11274886553878673,0.26404490642389167,9.47887819230255,0.14061882970793016,5658.0,0.9821552028879523,0.11209301252473362
socofing:000558:right_ring,central_missing,0.699999988079071,848,0.36663666320372174,0.31422188878059387,0.11138993889750923,2.0,4904.0,0.3935562805872757,0.37164927858610136,0.598694942903752,0.5871199226641927,0.6725122349102773,0.6589434706902232,0.18363828770924054,0.3426018527472129,7.360367653609023,0.041166741889242804,4904.0,0.9993351697921753,0.3757266455812641,0.09912624198948121,0.26141467177718164,10.038113582034782,0.0559670256447445,4904.0,0.8804021775722504,0.14613649644056065,0.14292624018955086,0.29413553023265315,8.4488803066771,0.04214133604486319,4904.0,0.9917329847812653,0.4700650347996415,0.2569742075442587,0.21526676416397095,0.11925922774141279,2.0,4904.0,0.23939641109298532,0.24239006112853817,0.4108890701468189,0.40970031742924196,0.4706362153344209,0.4654704028628098,0.16090662124334199,0.32360508469881816,7.934260844884056,0.05428145715367172,4904.0,0.9913188219070435,0.16261148022987307,0.10123158289245376,0.26544671378933654,9.946839723179009,0.038593294748823746,4904.0,0.8523269286379218,0.07228351519005792,0.1238619452659957,0.2824332690893651,9.070621036284518,0.05073000480384271,4904.0,0.9696745574474335,0.3676975137321388
socofing:000564:right_little,central_only,0.20000000298023224,859,0.19449107967134516,0.1729637086391449,0.02633440520260918,4.0,4611.0,0.050314465408805034,0.1712954392908349,0.10193016699197571,0.30886616343610124,0.131641726306658,0.35472307148452337,0.47434291656333516,0.6163336600658103,3.2390758042202723,0.0507709185441482,4611.0,0.9999897480010986,0.832445150348936,0.3524438240403538,0.5288035819333025,4.529100952782455,0.06319724793718062,4611.0,0.9973638653755188,0.8412660674797714,0.25629762590912564,0.4259603044949876,5.912554166770185,0.07363650809697854,4611.0,0.9982610940933228,0.9956902764977087,0.22232236161689084,0.18830253183841705,0.04781403887590519,2.0,4611.0,0.08111038820212535,0.21123153504490774,0.14638906961613532,0.35460669592982696,0.1734981565820863,0.40239841622480005,0.38944202159507785,0.5491006624960847,4.095571890198006,0.0598914605907742,4611.0,0.9992654323577881,0.6070596275439665,0.25982464115159626,0.44983958998796814,5.853196638530727,0.06732803762357169,4611.0,0.9413787126541138,0.6038596816202186,0.18684547997162448,0.3611367306733842,7.285174038198312,0.0587300772871457,4611.0,0.9911700477823615,0.5728372840161217
socofing:000584:right_little,disconnected_fragments,0.4000000059604645,869,0.43752617846145886,0.3704906404018402,0.14165319886934089,0.0,5404.0,0.5566247224278312,0.4706732915627524,0.808660251665433,0.7033565968484635,0.8745373797187269,0.7809176986103671,0.11921569629647961,0.2729945576699419,9.236665603158617,0.02094099281378501,5404.0,0.9991832673549652,0.3881961837954185,0.06907683258301144,0.2224465300619249,11.60667584585433,0.10983667006908127,5404.0,0.7302734851837158,0.3158304679477063,0.11921569629647961,0.2729945576699419,9.236665603158617,0.02094099281378501,5404.0,0.9991832673549652,0.3881961837954185,0.3466189522751167,0.28943902254104614,0.22654917740487834,3.0,5404.0,0.4820503330866025,0.3549208851278843,0.7227979274611399,0.5554205169254633,0.774981495188749,0.6222537275246565,0.08709571006124077,0.23193899058715492,10.600032358375024,0.036748129829765726,5404.0,0.9879615604877472,1.119379852713925,0.05381661667766385,0.19431048824136826,12.690836087723321,0.10989316956504028,5404.0,0.6548538506031036,0.4193318362502692,0.08686574148058099,0.23127793465264632,10.611514688843647,0.08722178791270599,5404.0,0.8441297262907028,0.9507006160472193
socofing:000589:right_little,stripes,0.6000000238418579,879,0.3402748579002463,0.2894379198551178,0.4248814200915552,1.0,4119.0,0.3277494537509104,0.33711565228942875,0.5001213886865744,0.5441238520793122,0.5634862830784171,0.6131265853426069,0.15146718497620648,0.3033922057387196,8.196814458904594,0.09044521448192502,4119.0,0.9999099373817444,0.6580836554557166,0.07995609700965495,0.23543752522374436,10.971484137602772,0.14153554639315108,4119.0,0.7999604269862175,0.1939043285151692,0.16146260595858247,0.27112824899334625,7.919280424118779,0.08551569702207325,4119.0,1.0,0.3686018859385889,0.29292570603909673,0.2495894879102707,0.3243348572667858,1.0,4119.0,0.21364408837096382,0.2756919272101079,0.34620053411022095,0.46695775177965587,0.3911143481427531,0.5307130266361718,0.14398455677630267,0.29907366983740835,8.41684086144334,0.09370147544369732,4119.0,0.9991850852966309,0.5845736926104166,0.11453946353317565,0.2865499918011966,9.41044855316693,0.13853516359078474,4119.0,0.859761297237128,0.16307977815728308,0.12179185066891664,0.2602180535874539,9.143817702247016,0.09124047183833375,4119.0,0.9971832931041718,0.20873058736708477
socofing:000594:right_little,random_rectangles,0.5,889,0.332448130430872,0.2850024998188019,0.26117403518993737,3.0,5786.0,0.4068441064638783,0.3366708553222649,0.5916004147943311,0.5323392811785344,0.6510542689249914,0.597562089797291,0.21682765419059452,0.36818417829869915,6.638853286997822,0.03452774403469934,5786.0,0.9997758865356445,0.21838060062521572,0.10262546361987816,0.2559103817962924,9.887448679031973,0.08432251109399,5786.0,0.9960784311406314,0.24034727726452024,0.15446539976570697,0.29727848840174337,8.111687872662598,0.08336159187010037,5786.0,0.9974105060100555,0.21901341081021566,0.30053534880048716,0.2509327232837677,0.24852908368760643,4.0,5786.0,0.3524023505012098,0.3157761118999617,0.5020739716557207,0.4823806343907268,0.5601451780159005,0.5379154752209818,0.17662789815756175,0.33017991605783614,7.529406990654768,0.053805414727599525,5786.0,0.9960784311406314,0.1778630957991436,0.09846433200474385,0.2570243831297381,10.067210610640833,0.09128414476357206,5786.0,0.9960784311406314,0.18088164335332424,0.14073890937774639,0.2820522781573184,8.515858187559859,0.10909022607595982,5786.0,0.9979531764984131,0.10687928162387049
socofing:000598:right_little,irregular,0.699999988079071,899,0.40860590590118384,0.34497150778770447,0.11162016318991483,3.0,3670.0,0.41689373297002724,0.4446120817427414,0.6196185286103543,0.6573700670260499,0.6880108991825613,0.7282893954538195,0.2316559759739187,0.3845598566862285,6.35156491925229,0.14891191185938835,3670.0,0.9999910295009613,0.27844265469743085,0.11147647878403544,0.2830991483586574,9.528167578347194,0.18798249939079348,3670.0,0.9033931195735931,0.22380197384313222,0.16182447755735302,0.31673005146903244,7.9095578640689554,0.16766174390791555,3670.0,0.9884781837463379,0.47886731871670424,0.2820923310242167,0.23499786853790283,0.20000025259578802,2.0,3670.0,0.25367847411444144,0.27346104463049764,0.42997275204359675,0.4504846009993749,0.4948228882833787,0.5094924531223338,0.17722573146687665,0.33686286871428084,7.51473222500983,0.17822381188456954,3670.0,0.9945628643035889,0.1791224336861899,0.09345428308349328,0.25973902159771434,10.294007897704285,0.2288572836300037,3670.0,0.8290797173976898,0.11068438301566819,0.1304419370348803,0.28360518414225194,8.845827606379789,0.20777514080381435,3670.0,0.9926594495773315,0.13887637022420443
