sample_id,mask_family,observed_fraction,selected_dataset_index,plain_pairwise_diversity_mae,plain_mean_predictive_std,plain_uncertainty_error_spearman,plain_best_sample_index,plain_missing_roi_pixels,plain_coverage_50,plain_interval_width_50,plain_coverage_80,plain_interval_width_80,plain_coverage_90,plain_interval_width_90,plain_single_mse,plain_single_mae,plain_single_psnr,plain_single_ssim_map_mean,plain_single_pixels,plain_single_max_absolute_error,plain_single_orientation_error,plain_mean_mse,plain_mean_mae,plain_mean_psnr,plain_mean_ssim_map_mean,plain_mean_pixels,plain_mean_max_absolute_error,plain_mean_orientation_error,plain_best_of_k_mse,plain_best_of_k_mae,plain_best_of_k_psnr,plain_best_of_k_ssim_map_mean,plain_best_of_k_pixels,plain_best_of_k_max_absolute_error,plain_best_of_k_orientation_error,reinjected_pairwise_diversity_mae,reinjected_mean_predictive_std,reinjected_uncertainty_error_spearman,reinjected_best_sample_index,reinjected_missing_roi_pixels,reinjected_coverage_50,reinjected_interval_width_50,reinjected_coverage_80,reinjected_interval_width_80,reinjected_coverage_90,reinjected_interval_width_90,reinjected_single_mse,reinjected_single_mae,reinjected_single_psnr,reinjected_single_ssim_map_mean,reinjected_single_pixels,reinjected_single_max_absolute_error,reinjected_single_orientation_error,reinjected_mean_mse,reinjected_mean_mae,reinjected_mean_psnr,reinjected_mean_ssim_map_mean,reinjected_mean_pixels,reinjected_mean_max_absolute_error,reinjected_mean_orientation_error,reinjected_best_of_k_mse,reinjected_best_of_k_mae,reinjected_best_of_k_psnr,reinjected_best_of_k_ssim_map_mean,reinjected_best_of_k_pixels,reinjected_best_of_k_max_absolute_error,reinjected_best_of_k_orientation_error
socofing:000023:left_thumb,random_rectangles,0.10000000149011612,0,0.444714926244116,0.39051368832588196,0.10135818462299095,1.0,11110.0,0.5921692169216922,0.43299334949464224,0.9262826282628263,0.7103717243156381,0.9573357335733573,0.8028311825893034,0.1727480901279958,0.347767738816869,7.6258674540937985,0.027787974682831392,11110.0,0.9999997615814209,0.8693313641341547,0.03985150306735977,0.15267836727456774,13.995552938023764,0.07694927178030388,11110.0,0.7602951228618622,1.013244513013012,0.10920449122497461,0.26723228225184387,9.617595001467233,0.03139938491737575,11110.0,0.9551918208599091,1.2311733808570589,0.45797813980618,0.3906077742576599,0.14752381573491596,4.0,11110.0,0.7409540954095409,0.5179976163658336,0.9438343834383438,0.7387669713458535,0.961026102610261,0.8123567563391934,0.15924725688759978,0.32927871885919874,7.979280398644431,0.0328263422443024,11110.0,0.9999997317790985,1.0136071623200518,0.03615706539054688,0.15292588490741302,14.418068253319348,0.08342102729199216,11110.0,0.7432263195514679,1.07747957319244,0.0880372480490588,0.2387472425947095,10.55333541491108,0.04354497544978293,11110.0,0.9551379382610321,1.0654381483069564
socofing:000030:left_thumb,irregular,0.30000001192092896,10,0.41387964145357586,0.36180579662323,0.04068428900171384,1.0,7905.0,0.4536369386464263,0.3589443436006743,0.7358633776091081,0.6567138965404312,0.7959519291587602,0.755970414187017,0.11393627828997979,0.2570327251791426,9.433379708063454,0.08161997224537679,7905.0,0.993755966424942,1.1458773647991056,0.06945761695689195,0.22201112810567086,11.582801211148885,0.08469615176722022,7905.0,0.8446191847324371,0.8251640668826139,0.11173040405217924,0.2534341832567513,9.51828630686103,0.08199279222444734,7905.0,0.991443932056427,1.330236120248852,0.35621224445983024,0.2984665632247925,0.1447067570095476,0.0,7905.0,0.4297280202403542,0.37435375208872773,0.6245414294750158,0.5717537418986182,0.6898165717900063,0.637553738501915,0.0978798536933293,0.24179041019577832,10.093066884848096,0.09486836854293305,7905.0,0.9916388690471649,1.0063423069974933,0.07445550019066598,0.23012186527384149,11.281032144433814,0.09092068047870229,7905.0,0.8259379118680954,0.9837211136090892,0.0978798536933293,0.24179041019577832,10.093066884848096,0.09486836854293305,7905.0,0.9916388690471649,1.0063423069974933
socofing:000032:left_thumb,central_missing,0.5,20,0.4850361147735384,0.4122602939605713,0.2177773964431843,2.0,8192.0,0.6898193359375,0.6168434086284833,0.85009765625,0.789238513023156,0.8985595703125,0.8467035478213802,0.33338628434374573,0.4982050670053013,4.770522712037378,0.01861138432247974,8192.0,0.9999979138374329,0.4944552383674828,0.08482950918965979,0.24423766770485145,10.714530457513604,0.058322133445409194,8192.0,0.7700786739587784,0.255928611924311,0.16358858652039082,0.31743796242642475,7.862470000786717,0.05057967604892609,8192.0,0.9999045431613922,0.9918135066058874,0.35091839463857466,0.2926366925239563,0.2960128717621728,0.0,8192.0,0.503662109375,0.4476488602522295,0.647705078125,0.5711424779830849,0.6949462890625,0.6123070172267036,0.10648359044338168,0.2609811609576127,9.727173136241088,0.0690426291501747,8192.0,0.9522414803504944,0.09044033446205847,0.082622024120301,0.23800262092152025,10.829041696413324,0.047404957266226136,8192.0,0.7784500680863857,0.18142675887924054,0.10648359044338168,0.2609811609576127,9.727173136241088,0.0690426291501747,8192.0,0.9522414803504944,0.09044033446205847
socofing:000039:left_thumb,peripheral_only,0.699999988079071,30,0.35502834615452344,0.2964020371437073,0.15084491620360088,0.0,2823.0,0.3552957846262841,0.37003482404728116,0.5487070492383989,0.5695460016365133,0.6252213956783563,0.6360497274995904,0.1361829463577108,0.30280819673733167,8.658772739684167,0.1123820405807386,2823.0,0.9527885280549526,0.2064669143685862,0.09941691012378089,0.26929283810659366,10.025397388538781,0.12882405496178068,2823.0,0.8016656935214996,0.07513921349237533,0.1361829463577108,0.30280819673733167,8.658772739684167,0.1123820405807386,2823.0,0.9527885280549526,0.2064669143685862,0.283377490658478,0.23717354238033295,0.21353408353779788,0.0,2823.0,0.24583776124690046,0.2769993678542937,0.41374424371236274,0.4527661727731464,0.4771519659936238,0.5113551077460972,0.1261810951786742,0.2758980618231922,8.990057074896264,0.1507706075015285,2823.0,0.9719596803188324,0.053003426924324755,0.09528092200580664,0.2617111787339524,10.209940489633906,0.15848986780385774,2823.0,0.770540414378047,0.09218994205051571,0.1261810951786742,0.2758980618231922,8.990057074896264,0.1507706075015285,2823.0,0.9719596803188324,0.053003426924324755
socofing:000052:left_thumb,disconnected_fragments,0.10000000149011612,40,0.33183031754472453,0.27997666597366333,0.1744621882092634,0.0,10542.0,0.46224625308290646,0.32902159884620086,0.7095427812559286,0.530647636201707,0.7678808575222917,0.5978563153202089,0.10907078704892127,0.25841258173648374,9.622915530075797,0.0778703609124702,10542.0,0.99519482254982,0.39517019258706415,0.05834273753231711,0.1953064331650915,12.34013196961175,0.0753287351546479,10542.0,0.7928904592990875,0.5023913604800302,0.10907078704892127,0.25841258173648374,9.622915530075797,0.0778703609124702,10542.0,0.99519482254982,0.39517019258706415,0.30111318062930825,0.25360703468322754,0.20156506992347256,2.0,10542.0,0.38929994308480365,0.2959681919190536,0.6465566306203756,0.48126659013586787,0.708119901346993,0.5430327228748059,0.08862841273315708,0.2288622996896884,10.524270285068468,0.07539836399049489,10542.0,0.9794674515724182,0.4240144317342655,0.056881592041620244,0.196736105194192,12.450282567717037,0.07488731515819495,10542.0,0.7215686142444611,0.513819101218418,0.08544953713062664,0.2286291825598319,10.682902854553467,0.07248097846660471,10542.0,0.9960376620292664,0.894906138462734
socofing:000054:left_index,stripes,0.4000000059604645,51,0.32162490838779967,0.2743651568889618,0.23286926960999252,0.0,6876.0,0.34554973821989526,0.32459825092255895,0.5447934845840605,0.5148971876739554,0.6080570098894706,0.5783301665910876,0.1409323500926533,0.2825957673036728,8.509893060097086,0.10686862996225407,6876.0,0.9668588638305664,0.36167760547182337,0.10650512164417887,0.2672901355821345,9.72629507264465,0.11152493887317104,6876.0,0.9103780202567577,0.33206446015753216,0.1409323500926533,0.2825957673036728,8.509893060097086,0.10686862996225407,6876.0,0.9668588638305664,0.36167760547182337,0.27646287871072844,0.23403280973434448,0.26213815740789237,1.0,6876.0,0.35456660849331006,0.25865486238223306,0.5414485165794066,0.440559804304316,0.5990401396160558,0.5011947849450102,0.089047126305262,0.21950536899197112,10.503800913596947,0.16297673244949104,6876.0,0.940583348274231,0.21592738021787236,0.06369835833933993,0.20528312152009967,11.958717603389534,0.14748437348537968,6876.0,0.7504265159368515,0.3379939172318126,0.06908706382304232,0.19493922845575873,11.606032642931982,0.13931428918631183,6876.0,0.9232189059257507,0.36734930886833467
socofing:000057:left_index,random_rectangles,0.30000001192092896,61,0.396200807659747,0.33515438437461853,0.16324992358658744,1.0,9460.0,0.457399577167019,0.42401660695577525,0.6566596194503171,0.6367028721851979,0.7239957716701902,0.707598293928339,0.20377264654806154,0.3599835053338801,6.9085411400242025,0.033720624935867666,9460.0,0.9987802505493164,1.1449910130926673,0.09754575197966482,0.2566885875668436,10.10791638949746,0.047329171482432014,9460.0,0.9021119456738234,0.9925993737035036,0.1547843436168176,0.3122921140056722,8.102729701692352,0.016395296617478468,9460.0,0.9950138330459595,1.0480146203245653,0.3137019489286566,0.2635568380355835,0.07913273427091815,3.0,9460.0,0.30961945031712473,0.3010402918082463,0.48974630021141646,0.5006569525738095,0.5464059196617336,0.5671958394956639,0.1617556342211528,0.31763923389302573,7.911405831876022,0.039011928492772414,9460.0,0.9940851926803589,1.0502540534404994,0.12610390691229603,0.287923647457464,8.99271458040978,0.04904615747091301,9460.0,0.9295840840786695,0.6938888323060723,0.13408522760440608,0.2878699385424698,8.726190664681999,0.04304852927055528,9460.0,0.9946238696575165,0.42885150097542657
socofing:000061:left_index,irregular,0.5,71,0.4026881408661239,0.34207117557525635,0.1839625633902338,2.0,4742.0,0.4791227330240405,0.4509226202663114,0.6638549135385913,0.649124473325817,0.7201602699283003,0.7151917576789856,0.2202757580861623,0.372788077888469,6.570332954443893,0.13084692342742765,4742.0,0.99998939037323,0.9008861700590413,0.07985047851170836,0.23878456648825683,10.977224769660518,0.13529671683293898,4742.0,0.7896519303321838,0.34210606714539077,0.132634870527115,0.2792942017088603,8.773422822163374,0.09462887551403514,4742.0,0.987624317407608,0.14564872683696428,0.31804482117955163,0.26675981283187866,0.20664017661782075,2.0,4742.0,0.33108393083087306,0.31875927008465343,0.5078026149304091,0.5089431587777928,0.5628426824124841,0.5723377883421726,0.21364945557208553,0.3706013331023206,6.702982095275257,0.15615526483588577,4742.0,0.9995728731155396,0.22887712060673399,0.08355036140158448,0.24267309947895419,10.78051667202374,0.16283345056781723,4742.0,0.7690616808831692,0.17538691626145989,0.10895317453057582,0.2598049721554101,9.627601113468083,0.14196237898731476,4742.0,0.9576520910486579,0.09050760762237647
socofing:000064:left_index,central_missing,0.699999988079071,81,0.36253182952789664,0.30988797545433044,0.1307206337670527,1.0,4915.0,0.3930824008138352,0.3723619603189059,0.6109867751780265,0.5810339403237356,0.6783316378433367,0.6505912669920121,0.1619336087168099,0.313243110892235,7.906630056909218,0.013377631872817227,4915.0,0.9888079762458801,1.1417926942913883,0.09093244852437717,0.25245212094701014,10.412811145730153,0.05944252829065606,4915.0,0.9060708871111274,0.8673341073064383,0.15106487886574732,0.3002190503790133,8.20836493223813,0.035028280681001424,4915.0,0.9821051061153412,0.7591220913533295,0.25462256030900554,0.2146977186203003,0.02070704721810957,1.0,4915.0,0.1953204476093591,0.2409121586007965,0.3483214649033571,0.40602505632358793,0.3928789420142421,0.46106268889785174,0.1995918711384249,0.3639383055759539,6.998571503813914,0.0271341457335036,4915.0,0.9982795715332031,0.4750591797723674,0.16384020281928144,0.336596700148458,7.855795230868302,0.05396570585571783,4915.0,0.9755075564607978,0.6858959741586473,0.14683271541980167,0.30626448974617787,8.331771696015736,0.040323155577913335,4915.0,0.9854562282562256,0.9523772716868031
socofing:000066:left_index,central_only,0.10000000149011612,91,0.4077819422874359,0.34434404969215393,0.10084897376122864,3.0,9859.0,0.4644487270514251,0.4558095772007148,0.6513845217567704,0.6572538711512255,0.713966933766102,0.724401969134729,0.18235813298940134,0.3361070609939811,7.3907486282098205,0.04745682755929119,9859.0,0.9999984502792358,0.3407730065443222,0.09732626726873056,0.2632157948733495,10.117699326985893,0.08764458857226322,9859.0,0.9130733255296946,0.5671389942332725,0.15444680682891684,0.3034953594230718,8.112210662613123,0.09123141733295409,9859.0,0.9966368079185486,1.1609038335032125,0.36744474410248984,0.31034454703330994,0.09275669317224644,3.0,9859.0,0.3805659803225479,0.3671561966882853,0.5836291713155493,0.5878827358225633,0.6507759407647834,0.6614582488673225,0.20537570388778026,0.3530758868884312,6.874509350891765,0.056792347611025494,9859.0,0.999999463558197,0.3737897424420294,0.09317287912171192,0.25673690616132494,10.307104842325126,0.09805075929133834,9859.0,0.899808369576931,0.5602491066925938,0.12754105532451715,0.27703718145644607,8.943499938116911,0.10160095140965951,9859.0,0.9832583065144718,0.9093528382458387
socofing:000068:left_index,disconnected_fragments,0.30000001192092896,101,0.32181460576640375,0.27882951498031616,0.2823688110270074,4.0,7730.0,0.30840879689521344,0.30990583230036506,0.4935316946959897,0.5137124918796421,0.5527813712807245,0.5816480450727345,0.14655665100176338,0.2837941959204531,8.339944677214756,0.06605462425673699,7730.0,0.9997062683105469,0.17645527263714944,0.10054425026857333,0.2590937398815646,9.976427599556398,0.08431986118607293,7730.0,0.9245305024087429,0.20419484655586834,0.13121270987745778,0.27496031287516604,8.820240951257649,0.08041798733752417,7730.0,0.9952678978443146,0.48919260657589153,0.2772945516214334,0.23624031245708466,0.2518215693930941,4.0,7730.0,0.2523932729624838,0.26407782442356914,0.3954721862871928,0.44234960987450705,0.4461836998706339,0.5017735383581529,0.1612495580632605,0.31997595378944715,7.92501466962154,0.06717492727778457,7730.0,0.9999790191650391,0.26694735067842124,0.1044469308342257,0.26980076634522676,9.81104317209221,0.07844795125048357,7730.0,0.9285134635865688,0.15269284046051962,0.12637986543106527,0.2823747876614096,8.983221114073599,0.06745571279312,7730.0,0.98321333527565,0.12579943410698896
socofing:000077:left_index,stripes,0.5,111,0.31520763090567927,0.27432605624198914,0.13139144597680538,0.0,5846.0,0.24991447143345877,0.28436095468646405,0.43551146082791653,0.5012475418271654,0.5087239137872049,0.5735430708740658,0.13707472092671083,0.2855217881668633,8.630426296327938,0.10695901948881575,5846.0,0.9962871670722961,0.512634304136853,0.16269484188850925,0.33055094479377056,7.886262158084887,0.08734145645807,5846.0,0.9398206472396851,0.31770733216441194,0.13707472092671083,0.2855217881668633,8.630426296327938,0.10695901948881575,5846.0,0.9962871670722961,0.512634304136853,0.2821569387926209,0.23640622198581696,0.19017958128260617,1.0,5846.0,0.2613752993499829,0.2685075889466113,0.4291823469038659,0.4500861670835925,0.4868286007526514,0.5106123597959195,0.15823093718087713,0.32044752785334446,8.007085996412995,0.07554070800130172,5846.0,0.9908585548400879,0.4945782569451456,0.09614485431667953,0.2607455587358983,10.170739542926095,0.07693027933073912,5846.0,0.7782258386723697,0.1817771633875063,0.12296978368522793,0.27343690575390744,9.102015909257329,0.07056630728567431,5846.0,0.9881559908390045,0.3014995032171059
socofing:000081:left_index,random_rectangles,0.4000000059604645,121,0.4306086708702752,0.3665609657764435,0.07846065826940525,2.0,8883.0,0.5409208600697962,0.504247335097039,0.7370257795789711,0.6963377398151167,0.8022064617809299,0.7603678747211424,0.1982650982156993,0.36382061766502893,7.027537305067392,0.021948575446311142,8883.0,0.9998118579387665,1.177252901972886,0.10197174148533655,0.2645390026953768,9.91520163701949,0.03991520092623753,8883.0,0.9713694443926215,1.0490400653775,0.18546596353652398,0.34037689694039774,7.317357798740599,0.03707045908929925,8883.0,0.9990397691726685,0.860799970286816,0.24935870494349216,0.2088044434785843,-0.004665195573411456,3.0,8883.0,0.30867950016886186,0.2601680099883622,0.4497354497354497,0.40005485841407445,0.4918383429021727,0.44668380788931183,0.14544511245723032,0.3070038739924924,8.373008682190468,0.03090023099608551,8883.0,0.9918783302418888,1.1222394734020624,0.13801376061321635,0.2959026553498026,8.600776102621534,0.042424176397026565,8883.0,0.9760665884241462,0.9610832625407155,0.13826392564264983,0.29778951388618835,8.592911166222702,0.05291859131180953,8883.0,0.9958260650746524,0.861844888620738
socofing:000089:left_index,irregular,0.6000000238418579,131,0.35013608349734543,0.3016955554485321,0.16195529967035605,4.0,4262.0,0.35335523228531207,0.32752271793723275,0.5659314875645237,0.5579563970397414,0.6175504458000939,0.6347676234072444,0.14439962341001183,0.2881050429154836,8.404339393921905,0.0930910398292795,4262.0,0.9930991525761783,0.5523729391875687,0.08202628006039739,0.23817855748271458,10.86046983510286,0.1552611776487428,4262.0,0.8549588173627853,0.22049914531516235,0.11932161458244579,0.2592943206970094,9.232808786798824,0.124183481616525,4262.0,0.9753742218017578,0.20490892905190455,0.26392231225016416,0.2241881936788559,0.2537301305862504,1.0,4262.0,0.2684185828249648,0.2472326367016635,0.44486156733927734,0.42060673204541266,0.499061473486626,0.4783980971599956,0.13473676607875248,0.2775272129421266,8.70513880695731,0.10673637627223959,4262.0,0.9917044034227729,0.24743430078787979,0.07712250107375056,0.22618784527095487,11.12818894757251,0.16967676843111812,4262.0,0.7931314632296562,0.16352361527758022,0.10817277091709249,0.24858516265132521,9.658820454093936,0.1664895722749836,4262.0,0.9792647361755371,0.11760839882498977
socofing:000093:left_index,central_missing,0.800000011920929,141,0.4346756982446845,0.37666183710098267,0.04538986084248673,2.0,3277.0,0.45773573390296,0.4361971109641701,0.717424473603906,0.6956332584634437,0.805004577357339,0.7821119742965348,0.2556644810178121,0.42002030221693076,5.923296034928233,0.05468516615179833,3277.0,0.9997548460960388,0.9951452147662018,0.1044786999498456,0.26979659306855125,9.809722400517826,0.07631800302844273,3277.0,0.7787042111158371,0.2507353878336505,0.15819309437108353,0.321420879620629,8.00812478752319,0.06084178346263474,3277.0,0.9730609636753798,0.30020878290344716,0.2907304303563147,0.24249683320522308,0.0576747894262891,4.0,3277.0,0.2889838266707354,0.2845766899478046,0.4681110772047605,0.4645533145292525,0.5331095514189808,0.5245455227230684,0.1451679649100486,0.30505918450855335,8.381292114442987,0.0591541242693437,3277.0,0.9890886843204498,0.4650575663011656,0.0857306996268092,0.24873181970859373,10.668636320900998,0.10293374468905568,3277.0,0.8228570185601711,0.15830706060756958,0.12069078209129902,0.2789734559411312,9.18325898417627,0.13219285022679478,3277.0,0.9541401825845242,0.22924550697363533
socofing:000096:left_middle,central_only,0.30000001192092896,152,0.372429603799023,0.32300132513046265,0.15711049705423988,2.0,5821.0,0.42947947088129185,0.4120885208953064,0.6285861535818588,0.5998532577880653,0.7000515375365057,0.6624415034189849,0.2518142088935754,0.40043312275269927,5.989197679931596,0.08993544463125039,5821.0,0.925489716231823,0.6646758080911487,0.11059219135963008,0.2761911483168899,9.562755364051439,0.09923136768850821,5821.0,0.8412322923541069,0.6185619894068197,0.14808197502221535,0.29901259249849654,8.294978018758322,0.08193909220043787,5821.0,0.9711608588695526,0.3524960960060212,0.30811917865589666,0.26919496059417725,0.09404810088704589,2.0,5821.0,0.31626868235698335,0.2747697674456054,0.5296340834908091,0.4896557447284056,0.6119223501116646,0.5612844038226722,0.2004071449763,0.3582110776466933,6.980867989302171,0.0655343193271079,5821.0,0.9293669164180756,0.5621639881470052,0.11214341963407803,0.2725190424354415,9.502262049205395,0.11724722294937888,5821.0,0.8364666625857353,0.5459444856779352,0.14989022806848568,0.3028485069851033,8.242266795884737,0.10069211317361644,5821.0,0.9393947422504425,0.2634478678885048
socofing:000097:left_middle,disconnected_fragments,0.5,162,0.41139324943916716,0.3448943793773651,0.19324685949877113,2.0,4880.0,0.3819672131147541,0.4227514686948452,0.6229508196721312,0.6593650210282354,0.7045081967213115,0.7382362051393654,0.1471407926292701,0.3025555597617268,8.322669087965032,0.051726697168431486,4880.0,0.9949367046356201,0.7901879374483772,0.1081373494535057,0.27567837123528166,9.660242795895403,0.0924206251544218,4880.0,0.8627450913190842,0.47714140452229503,0.13767884239567943,0.2821831915251811,8.611327942150847,0.0514163640261125,4880.0,0.9747167229652405,0.4720507793244653,0.2650737653758194,0.22023651003837585,0.19967706165445132,2.0,4880.0,0.2375,0.25492168479889143,0.40081967213114755,0.42310281654361825,0.45368852459016396,0.47916319379186045,0.16905121311711394,0.3375381343741329,7.719817083754194,0.06502623333061877,4880.0,0.9999134540557861,0.8501963687736228,0.09815859796985482,0.2639598609943546,10.080716534015085,0.08998822337838652,4880.0,0.8627450913190842,0.23914064879613964,0.09659076651549063,0.243265824583569,10.150643874875417,0.05740459162248592,4880.0,0.9544243216514587,0.4563725538626087
socofing:000103:left_middle,stripes,0.699999988079071,172,0.39770673070226154,0.3363966941833496,0.26839557688999716,4.0,2207.0,0.3647485274127775,0.442114062381104,0.5464431354780245,0.6407715022915026,0.6148618033529678,0.7069906489283022,0.1514837989289261,0.2991431039145303,8.196338121253996,0.11844748431058115,2207.0,0.9904197156429291,0.5920752308043316,0.12284004862369177,0.29605396202899176,9.106600203224493,0.14898741717214148,2207.0,0.8276399523019791,0.2910247558632141,0.12089065841102331,0.2649066380514604,9.17607257098609,0.16349592744492858,2207.0,0.9717298727482557,0.5675094262001233,0.2724232338297999,0.22892794013023376,0.25121345892354646,4.0,2207.0,0.3008608971454463,0.2703020031575331,0.45310376076121434,0.4356650510604532,0.5061169007702764,0.49078606702809313,0.10892011589087298,0.2500197976702292,9.62891905243018,0.17448525408573295,2207.0,0.9730749111622572,0.15130659438667507,0.07063672632549166,0.21933707335497973,11.509694364367082,0.20287955450175035,2207.0,0.7392495200037956,0.1884145280942769,0.09895578922060819,0.23584617660150917,10.04558793140069,0.19887870574279504,2207.0,0.9617313127964735,0.1969364396937961
socofing:000107:left_middle,random_rectangles,0.6000000238418579,182,0.42035103913202043,0.3595743477344513,0.3351142099519984,1.0,5170.0,0.5773694390715667,0.5028490260214593,0.734816247582205,0.6808114613001767,0.7820116054158608,0.740132273059749,0.18418849737720722,0.3236280857715972,7.3473749510327995,0.08703130771550316,5170.0,0.9997684955596924,0.8113598835330568,0.08104135885864099,0.23079449967895518,10.91293285566559,0.11186434692324511,5170.0,0.8686528205871582,0.33158403654309243,0.15097300451301854,0.29365827024002816,8.211007019727475,0.0783995031946547,5170.0,0.9997081756591797,0.395958018470277,0.2163863332543659,0.1845674365758896,0.35913740783822173,4.0,5170.0,0.3034816247582205,0.21838507760654796,0.4425531914893617,0.34641800764220365,0.48336557059961316,0.38909565098742216,0.17771571937517566,0.317536390105774,7.502741561228702,0.09145219741103876,5170.0,0.9985702037811279,0.44934922407867495,0.09805766153013665,0.23467594131789526,10.085184679801877,0.12161429612098819,5170.0,0.9461555480957031,0.11660858941846806,0.09613295852460373,0.23016251564571702,10.171276919213732,0.12163358720782483,5170.0,0.9844704261049628,0.10708413548408036
socofing:000112:left_middle,irregular,0.800000011920929,192,0.28931704003118786,0.2509225308895111,0.33272238514428354,3.0,1657.0,0.3856366928183464,0.2724094423063563,0.6366928183464092,0.46121650427741756,0.6964393482196741,0.5241521916011047,0.12311443252665577,0.27490473705004986,9.096910323710409,0.10987547906466302,1657.0,0.9773446321487427,0.17635537279793448,0.059431541825924875,0.18414746433514462,12.259830027418682,0.2107865628893901,1657.0,0.7727033942937851,0.2555607177003509,0.09406509714335118,0.22551653442896485,10.265714916620897,0.20118696998452698,1657.0,0.9094491526484489,0.3309495746019749,0.19588624832136628,0.16475240886211395,0.4787273242401747,2.0,1657.0,0.292094146047073,0.19020231774073448,0.5063367531683766,0.31284960425612285,0.5636692818346409,0.3537320330945856,0.09135429055376511,0.21820061892612772,10.392710507190369,0.20965144951337583,1657.0,0.9073381349444389,0.3042878147021779,0.04578466510331826,0.16067680368491088,13.39279958157614,0.29032592598855234,1657.0,0.6250402852892876,0.13447547991604866,0.06310368936529845,0.18072139747400348,11.999452489309617,0.23468758206882903,1657.0,0.9648703336715698,0.15831434495734759
socofing:000115:left_middle,peripheral_only,0.20000000298023224,202,0.37942900234216764,0.320567786693573,0.20682518359731,3.0,8108.0,0.48408978786383816,0.39055404638238417,0.7199062654168722,0.6081989081514899,0.7850271336951159,0.6807471954078586,0.14077151920593448,0.29687144104583163,8.514852024585899,0.06159177820578119,8108.0,0.9978015422821045,1.152254894595518,0.06795630815059395,0.21352940612753094,11.677702229957042,0.09367195769934113,8108.0,0.8349780887365341,0.8559188891073258,0.1262834117474872,0.27428911312454074,8.986536934642368,0.0879576426863072,8108.0,0.9858008921146393,1.109962777447118,0.2811570053015017,0.23624838888645172,0.2693268019466472,0.0,8108.0,0.3573014306857425,0.26115808638890625,0.5905278737049827,0.4478513165911431,0.6528120374938332,0.510082393325222,0.09513538703077014,0.2378446199341604,10.216579106799548,0.09313853469890251,8108.0,0.9455066286027431,1.095153492934376,0.06322816247625072,0.198480001566842,11.990894393795795,0.10616437846685806,8108.0,0.8442483395338058,0.7753590766483993,0.09513538703077014,0.2378446199341604,10.216579106799548,0.09313853469890251,8108.0,0.9455066286027431,1.095153492934376
socofing:000118:left_middle,central_only,0.4000000059604645,212,0.3125312054299928,0.26741647720336914,0.16998186086408398,0.0,3760.0,0.3180851063829787,0.30223473304922277,0.500531914893617,0.4990202814499115,0.5460106382978723,0.564615464250141,0.13637058956915374,0.2770197181308523,8.65279281915997,0.16372199935009565,3760.0,0.9991261959075928,0.6744862108679547,0.1391328646895131,0.29309247371027286,8.56570272829958,0.15423833862095745,3760.0,0.9605330899357796,0.3368212910541016,0.13637058956915374,0.2770197181308523,8.65279281915997,0.16372199935009565,3760.0,0.9991261959075928,0.6744862108679547,0.323488185418413,0.2764340937137604,0.287258272644818,2.0,3760.0,0.350531914893617,0.31236841857750364,0.5553191489361702,0.5164691199853699,0.5981382978723404,0.5845026871213254,0.13664693765103567,0.2745760896104447,8.644000966911115,0.20125811104482177,3760.0,0.9994992613792419,0.3878809881211386,0.09903581224705024,0.2462194813355962,10.042077321814853,0.1860048726851232,3760.0,0.8818320259451866,0.21995790202444537,0.10251917025983878,0.23019969827158654,9.891949174412826,0.20419775770471282,3760.0,0.9889192581176758,0.2964228304443929
socofing:000132:left_middle,disconnected_fragments,0.6000000238418579,222,0.3767820174361398,0.32713690400123596,0.1817017150061189,0.0,4078.0,0.3214811181951937,0.3317146370769307,0.5534575772437469,0.5983444898619028,0.627513487003433,0.6872211074568932,0.20413304193389828,0.3499632581256334,6.900866926473434,0.1202200841504363,4078.0,0.999841570854187,0.48265185574900266,0.12130361224029658,0.2856078110267593,9.161262663002038,0.10261805633924116,4078.0,0.8999419803731143,0.445573298091224,0.20413304193389828,0.3499632581256334,6.900866926473434,0.1202200841504363,4078.0,0.999841570854187,0.48265185574900266,0.30261010069686917,0.25420770049095154,0.20554235236587626,1.0,4078.0,0.2508582638548308,0.27681064789145526,0.44065718489455613,0.4815962158344493,0.5156939676311918,0.5498580718154472,0.22070690731976716,0.3697061368196658,6.561840747952205,0.13325512065026265,4078.0,0.9998825192451477,0.6101740787118154,0.09836256133670745,0.26423187808728815,10.071701708654551,0.09680197172652123,4078.0,0.780295429751277,0.26590249848735825,0.1282614752189186,0.28328360538576175,8.91903769285835,0.16839174779643656,4078.0,0.9755309214815497,0.2718367964862372
socofing:000138:left_middle,stripes,0.800000011920929,232,0.3573925675507843,0.30376288294792175,0.18458875249901124,4.0,1966.0,0.2822990844354018,0.37398509205236563,0.43540183112919634,0.5734873605314131,0.4883011190233978,0.6399881166910956,0.3442935883097461,0.4950010511488393,4.630710649735864,0.0599662251849375,1966.0,0.9994513988494873,1.1210243470668095,0.14692278915196463,0.32010731670085535,8.329108356915022,0.10181655081335127,1966.0,0.9211692772805691,0.7780721173501196,0.16193934066400198,0.31171343839700816,7.906476332861494,0.1126627480129474,1966.0,0.9974530339241028,0.6983936150439921,0.270773129133339,0.22673200070858002,0.27058098136762926,0.0,1966.0,0.22329603255340794,0.2545591013416997,0.3672431332655137,0.43161560383417846,0.4140386571719227,0.49063443799833795,0.09901701832179866,0.23479151563782394,10.0429015562407,0.13958684012204076,1966.0,0.972754655405879,0.44230465811233405,0.0919798210752416,0.25521779213302476,10.363074395772763,0.10230927806331899,1966.0,0.8290818259119987,0.29029741969262157,0.09901701832179866,0.23479151563782394,10.0429015562407,0.13958684012204076,1966.0,0.972754655405879,0.44230465811233405
socofing:000153:left_middle,random_rectangles,0.699999988079071,242,0.38592272026659774,0.33316949009895325,0.284063362828918,3.0,4022.0,0.5032322227747389,0.42385461014310616,0.7115862754848334,0.6212695414142073,0.7764793635007459,0.6870745185045743,0.22361604303334687,0.38556290343695576,6.504970417922506,0.04786487535433268,4022.0,0.9953960771672428,0.545493482646899,0.08069769347878875,0.2287685246299906,10.93138878211633,0.10988105615641841,4022.0,0.7811818048357964,0.336085574764867,0.12628785569546983,0.2737286420138891,8.98638410790903,0.05737383532062816,4022.0,0.980803310405463,1.0054885547466945,0.27669260135816137,0.23432762920856476,0.3350352806424405,4.0,4022.0,0.3306812531079065,0.2963172211272393,0.508453505718548,0.4446706241499661,0.5648930880159125,0.494121758490875,0.18868915182728396,0.34478591280780485,7.24253067704589,0.050596390938270605,4022.0,0.9954635496251285,0.4907022022009291,0.08179658678452935,0.22592100988441827,10.872648182305308,0.11907929597399879,4022.0,0.8478336855769157,0.1525187674149598,0.09232482544613393,0.22752825362438336,10.346815047747631,0.09848965465649623,4022.0,0.9925756449811161,0.18299060184745283
socofing:000161:left_ring,central_missing,0.20000000298023224,253,0.4315138555766664,0.3696754574775696,0.06808456521093773,3.0,8669.0,0.5327027338793402,0.5461488177391578,0.7000807474910601,0.7018856651389155,0.7512977275348944,0.7537979476055013,0.1920797378422911,0.3497596189373998,7.165184456921997,0.027218536185117874,8669.0,0.9999971091747284,0.36119436306528757,0.09988193847419896,0.25935797854906256,10.005130376014415,0.04101384244743479,8669.0,0.8506324216723442,0.43034457812544075,0.1611538086272203,0.3203156240885951,7.92759426135267,0.028897641770361013,8669.0,0.9958333964459598,0.632663165729903,0.3710031093590151,0.3175152540206909,0.05627822819131717,0.0,8669.0,0.39531664551851425,0.4040279033371343,0.5989156765486215,0.5969074543722361,0.6577459914638366,0.6612006380506034,0.1323391154581756,0.2883760590506001,8.783117724649575,0.032568190097696174,8669.0,0.9968757331371307,0.28719842175438076,0.11158635579564324,0.27194633242715105,9.523889054425567,0.047461506455409364,8669.0,0.8270059078931808,0.24667891938173214,0.1323391154581756,0.2883760590506001,8.783117724649575,0.032568190097696174,8669.0,0.9968757331371307,0.28719842175438076
socofing:000163:left_ring,peripheral_only,0.4000000059604645,263,0.4190455629699075,0.35455143451690674,0.14584614696967446,0.0,4372.0,0.5532936870997255,0.43441011866406354,0.8122140896614821,0.6720093563212678,0.8739707227813358,0.7512091022070024,0.12220342113800652,0.27860948234653377,9.129166356600741,0.027657964031597905,4372.0,0.9927133619785309,0.17342333109295863,0.05697452537646278,0.1995951844735475,12.443192840017643,0.10888763484330474,4372.0,0.7326231002807617,0.2021564642213774,0.12220342113800652,0.27860948234653377,9.129166356600741,0.027657964031597905,4372.0,0.9927133619785309,0.17342333109295863,0.24152797550944588,0.20193471014499664,0.20047863236828242,0.0,4372.0,0.3177035681610247,0.22953841722104273,0.5210430009149131,0.3852458049862732,0.5857731015553522,0.4371482675746833,0.0600397394331551,0.1922746325560998,12.215612012220461,0.09561310222114977,4372.0,0.8346589207649231,0.17471236415118796,0.04933976189620647,0.1850397685339908,13.068029506592776,0.15759611435265478,4372.0,0.6321487277746201,0.20626128524303863,0.0600397394331551,0.1922746325560998,12.215612012220461,0.09561310222114977,4372.0,0.8346589207649231,0.17471236415118796
socofing:000185:left_ring,central_only,0.6000000238418579,273,0.300508239587148,0.25244927406311035,0.37860069418266656,4.0,2175.0,0.3489655172413793,0.28334928285116434,0.5806896551724138,0.47909728766583853,0.6574712643678161,0.5443466226040632,0.07931511114512169,0.2164394872862546,11.006440628496211,0.13100741370274038,2175.0,0.8989365100860596,0.6574550908854817,0.06181706825790824,0.1942437899754993,12.08891595675249,0.1562965468008067,2175.0,0.7537701576948166,0.542603484619371,0.06962466304485038,0.2025926698752861,11.572368936223976,0.14686064757031514,2175.0,0.8131320923566818,0.668591487812086,0.20770644734371668,0.1729292869567871,0.33979685577789875,3.0,2175.0,0.27586206896551724,0.22000287075152342,0.41839080459770117,0.33355995809072736,0.46160919540229883,0.3714123205371287,0.05513292320828792,0.18042287899416753,12.585889801386836,0.16805099823317599,2175.0,0.8588779419660568,0.5057657008981737,0.05657897141530671,0.18840121741524374,12.473449521196951,0.17836561474410056,2175.0,0.7845939844846725,0.4948931010228313,0.05402574380805544,0.17887510087897723,12.67399245184927,0.1312891485641439,2175.0,0.8450562953948975,0.43216773761478516
socofing:000200:left_ring,disconnected_fragments,0.800000011920929,283,0.4198312942442056,0.3587769865989685,0.4059990553368287,0.0,1480.0,0.4472972972972973,0.49274978003389125,0.5871621621621622,0.6790219193696976,0.647972972972973,0.741112632481633,0.16084443534070628,0.27505793576443416,7.9359395958407655,0.08246758992384265,1480.0,0.9998400211334229,0.3943491804984688,0.10484177197251388,0.2807954251215592,9.794656474795241,0.06815394531354817,1480.0,0.7693568766117096,0.27748011960887364,0.16084443534070628,0.27505793576443416,7.9359395958407655,0.08246758992384265,1480.0,0.9998400211334229,0.3943491804984688,0.3302431058601753,0.2775576412677765,0.336555133237485,4.0,1480.0,0.1885135135135135,0.3404297379827177,0.29864864864864865,0.5294076325885347,0.3472972972972973,0.5924002641238071,0.14976631320438863,0.30134595560249744,8.24585861100361,0.13326013611632573,1480.0,0.972691535949707,0.44285710197397066,0.1485276544379555,0.33738797786834374,8.28192677312122,0.1171703780388386,1480.0,0.8169280271977186,0.26136861263807115,0.09271794739982522,0.22227824132423848,10.328361913973154,0.17267602201479296,1480.0,0.9490981101989746,0.28456180313792007
socofing:000203:left_ring,severe_partial,0.20000000298023224,293,0.4260336089090194,0.36183926463127136,0.18865998253422633,2.0,6770.0,0.4469719350073855,0.4955160059860221,0.6051698670605613,0.6886020139621314,0.6698670605612999,0.7529640166208346,0.21426606840745002,0.3639307369120375,6.69046599234326,0.03667225488540777,6770.0,0.9993743896484375,0.3996166443512369,0.1170609454698395,0.29016079900420355,9.315879725276995,0.04321535780086565,6770.0,0.9426444168202579,0.3160968000219615,0.19324585291685864,0.3433813293802894,7.138898173302046,0.03642818681091371,6770.0,0.999740481376648,0.36255565409664203,0.3612470059909003,0.30391815304756165,0.15515324430799762,3.0,6770.0,0.3500738552437223,0.37913374616441203,0.5029542097488922,0.5797838836027918,0.5598227474150664,0.6466672627489183,0.19459735769392245,0.34743050726590075,7.1086306101905326,0.03846625075247226,6770.0,0.9976935386657715,0.37149100951085035,0.11592412886389003,0.28615582299444886,9.358261590166052,0.05807051159595012,6770.0,0.9329843521118164,0.22831255128395056,0.13981904867553202,0.30195131456366625,8.544336571231351,0.04578412462439922,6770.0,0.9990774393081665,0.4611578684471065
socofing:000206:left_ring,irregular,0.10000000149011612,303,0.39170868210456405,0.3306339383125305,0.2180343263239533,2.0,10753.0,0.41923184227657395,0.40374600945777983,0.6117362596484702,0.6279376241026241,0.6754394122570445,0.7026681623175721,0.15071706038574434,0.30381716764469235,8.218375850308965,0.06458360375784856,10753.0,0.996822714805603,0.5212233908583644,0.09997849803485406,0.26248111828203213,10.00093391889035,0.09483280558657653,10753.0,0.9514249544590712,0.30338996957226516,0.13728440519265453,0.28315678877105727,8.623787935967204,0.08403942161708174,10753.0,0.9999952912330627,0.47076610274969016,0.36387978451845976,0.30699560046195984,0.23390923095635688,2.0,10753.0,0.3685483120989491,0.34718245985141455,0.5778852413280015,0.5805379227628311,0.6435413373012183,0.6583230770666366,0.14023003690784497,0.2920993950520146,8.531589516607802,0.05979857686805074,10753.0,0.9926721449010074,0.5426624667962667,0.08817931218511776,0.24856653238901236,10.546332930734629,0.10107547510597045,10753.0,0.9154964070767164,0.27520023532297355,0.1185082451770016,0.2662604229080333,9.262514326892912,0.07988385219538355,10753.0,0.9869764447212219,0.31846715693499095
socofing:000214:left_ring,central_missing,0.30000001192092896,313,0.4206057330424541,0.356949120759964,0.05879172588896367,2.0,6682.0,0.35064351990422027,0.4919212716794663,0.4901227177491769,0.6801007267316278,0.5543250523795271,0.7428272117490149,0.25040736331010127,0.41243291574664664,6.013529047031087,0.018410573381361928,6682.0,0.9999993443489075,0.5134831018816112,0.1592883461990853,0.34569546097070836,7.9781599674480805,0.04704440963770082,6682.0,0.9072670321911573,0.3942866862185279,0.13465772221822536,0.2778147495329013,8.70768736046762,0.0637922775596996,6682.0,0.9985184669494629,0.321383261828197,0.3471372772774201,0.2908269464969635,-0.0025812031526081217,2.0,6682.0,0.27761149356480097,0.4116472559831914,0.3714456749476205,0.5618706415144493,0.4058665070338222,0.6119451033582018,0.18628207401131605,0.3617879032723654,7.298289354018803,0.025831867532233068,6682.0,0.9986281394958496,0.32601403792283135,0.1807136794830711,0.3685220433157261,7.430089714061277,0.044036608779084156,6682.0,0.8612326961010695,0.23390781511210398,0.10305079346738137,0.2643960337803371,9.869486599043837,0.05905979325088384,6682.0,0.9413929879665375,0.1758241161135849
socofing:000217:left_ring,peripheral_only,0.5,323,0.297791867510075,0.25372105836868286,0.2952047971337094,4.0,4263.0,0.3598404879193057,0.293313763271943,0.5505512549847525,0.47601917759230683,0.6075533661740559,0.5369209823657615,0.14579549365575542,0.2912563960601641,8.362558992737647,0.0784328092084981,4263.0,0.9798717498779297,0.267181403279042,0.08644806825862805,0.23589788242807966,10.632447068896727,0.1332088355774289,4263.0,0.8953814283013344,0.19066467569556664,0.14183274048580222,0.28304408075702586,8.482235056053975,0.07537087335237362,4263.0,0.9917747974395752,0.23116358039866694,0.22427173881303694,0.1873236894607544,0.25263738007221015,1.0,4263.0,0.22660098522167488,0.20556721256256327,0.3764954257565095,0.3569643294758118,0.42294159042927515,0.40743003511356124,0.12910650388359393,0.2834775044783555,8.890518791153891,0.09901407461003034,4263.0,0.9621280413120985,0.09046150607900343,0.07890862642517596,0.23371288964471124,11.02875516384203,0.1360250725127737,4263.0,0.8278080075979233,0.10970431971131273,0.10047424018521321,0.2504141347890459,9.979452693819278,0.16356666939981193,4263.0,0.9568795557133853,0.16476458848025102
socofing:000241:left_ring,central_only,0.699999988079071,333,0.34805556857450437,0.2893882989883423,0.28871687671430285,4.0,352.0,0.2159090909090909,0.33307466977699235,0.38920454545454547,0.5553908198394559,0.4460227272727273,0.6294962031936103,0.13659225529529717,0.28655810884877364,8.64573924211356,0.2609010258613255,352.0,0.9948998987674713,0.25917839063944054,0.10291928381407146,0.2791496344037693,9.875032445825518,0.30506511677856574,352.0,0.8075482845306396,0.381288627167563,0.11047319747538943,0.2168331326366487,9.567430758292879,0.3688652922361431,352.0,0.9526902139186859,0.368868640317357,0.2516531705686992,0.21307243406772614,0.18409407796635727,0.0,352.0,0.16477272727272727,0.24252586617049846,0.3068181818181818,0.4017323424700987,0.32954545454545453,0.45480116790329866,0.05535772756772858,0.1747459265276451,12.568217459546926,0.40857090696177695,352.0,0.7668183743953705,0.1380646342308635,0.06954512799687951,0.22865424963476305,11.577332892259784,0.40530131514809664,352.0,0.681908905506134,0.29590185678245134,0.05535772756772858,0.1747459265276451,12.568217459546926,0.40857090696177695,352.0,0.7668183743953705,0.1380646342308635
socofing:000249:left_ring,stripes,0.10000000149011612,343,0.34554784144205974,0.29081496596336365,0.24490038586027296,4.0,8514.0,0.4592435987784825,0.3477085362109103,0.6903922950434578,0.5530926157841807,0.7634484378670425,0.6215539756419375,0.11759351490813429,0.26680060503630254,9.29616628236679,0.06801786935022447,8514.0,0.9957984685897827,0.2341821939815903,0.07358528305325411,0.22572316919139063,11.332090352258666,0.1109211232462437,8514.0,0.7803921550512314,0.12128116943583722,0.08868627850291666,0.22519472264591758,10.521435687978444,0.06928740851235281,8514.0,0.9999932944774628,0.21724913275373256,0.3201470621180473,0.2666753828525543,0.21309170449278053,4.0,8514.0,0.29011040638947616,0.31477008373182314,0.5185576697204605,0.5116976015502532,0.6185106882781302,0.57734010748973,0.07858349517443222,0.21531758635854648,11.046686588887844,0.08942710729249681,8514.0,0.9538588225841522,0.27749027753417593,0.08978274294658495,0.2628040582611929,10.468071306299667,0.10952194170224196,8514.0,0.7803921550512314,0.20856843759407176,0.07017386623653146,0.19562741936159744,11.53824595311917,0.08182476231971428,8514.0,0.9948322176933289,0.21086874584236281
socofing:000256:left_little,random_rectangles,0.10000000149011612,354,0.36074165288965243,0.3138972818851471,0.07835543297363462,1.0,9591.0,0.39047023250964447,0.37240273047197026,0.5984777395474924,0.5783527523816757,0.6598894797205713,0.6470027596849108,0.17916422548527647,0.3324669991912556,7.4674870352083715,0.03884504456386695,9591.0,0.9995008707046509,0.8554808247617902,0.11243486928952931,0.27137204837581286,9.490989806569592,0.0519809880337329,9591.0,0.9883898487314582,1.0027432499670967,0.17114892326085884,0.3293736984567491,7.666258287688059,0.036325654542442534,9591.0,0.9921324839815497,1.0690820797083807,0.28551784779093037,0.2492484599351883,0.050928249940467706,1.0,9591.0,0.2805755395683453,0.25330744281810463,0.48660202272964237,0.453607515968206,0.5422792201021791,0.5203742070182398,0.19940337926669952,0.35113044014199013,7.0026748602213225,0.03815948742549963,9591.0,0.9959958191029727,0.7823797371991148,0.12326362171901546,0.2802812596625248,9.09165076022219,0.055894168725326154,9591.0,0.9731665244325995,1.1209155410161045,0.15540138417991828,0.3122246872970937,8.085451172016217,0.04130852153811783,9591.0,0.9918477525934577,1.125724590726803
socofing:000263:left_little,irregular,0.30000001192092896,364,0.29151430689909824,0.2529212236404419,0.02148873001321935,1.0,6201.0,0.31430414449282373,0.2855291084798377,0.5318497016610224,0.4658243711966312,0.6028059990324142,0.525922792102229,0.1899182288969059,0.36155323803886213,7.21433348431013,0.0674052908375487,6201.0,0.9827727973461151,0.9785215915234211,0.09381026025861289,0.24949372247032073,10.27749659168812,0.09561876505001797,6201.0,0.8357024043798447,0.6013082599034395,0.1051498674047829,0.2570491767476555,9.781912706277545,0.07912733441586439,6201.0,0.9951683878898621,0.8341549322969418,0.287632494505481,0.2406672239303589,0.10426412985965933,2.0,6201.0,0.36606998871149815,0.2955786356511106,0.56861796484438,0.4610066053233326,0.6273181744879858,0.51614926188074,0.17922827121543183,0.35072845786958906,7.465934842696079,0.08302463376905948,6201.0,0.8622140139341354,0.8686615979125134,0.0681916138702255,0.21409149432860927,11.662690311180675,0.1170348361459173,6201.0,0.7236175388097763,0.535377023390442,0.06808639587769495,0.20687219511835908,11.669396543934937,0.11294880927274074,6201.0,0.9036019444465637,0.7361737726773556
socofing:000274:left_little,central_missing,0.5,374,0.353198316795971,0.3164963722229004,0.1534903718669511,0.0,8099.0,0.3038646746511915,0.3053202918060386,0.5742684282010124,0.5603295043745605,0.6535374737621928,0.6453325752307345,0.1420187668481202,0.2909936726247727,8.4765426265884,0.08372456651790275,8099.0,0.9864424467086792,0.47578302967968056,0.12905775879927178,0.2904318155213599,8.892158810664927,0.06605723914770913,8099.0,0.9232700448483229,0.534107051131033,0.1420187668481202,0.2909936726247727,8.4765426265884,0.08372456651790275,8099.0,0.9864424467086792,0.47578302967968056,0.30781819197936977,0.27428221702575684,0.1943541815792604,0.0,8099.0,0.2337325595752562,0.22808648657837036,0.5009260402518829,0.4845359366268917,0.5868625756266206,0.5700190866430654,0.12596365283059516,0.2768792620364883,8.997547537105616,0.10385569295455076,8099.0,0.9605612754821777,0.325284934466838,0.1259000382831913,0.28791124082600156,8.999741378335496,0.07356926569551289,8099.0,0.9026215635240078,0.25732821697876923,0.12596365283059516,0.2768792620364883,8.997547537105616,0.10385569295455076,8099.0,0.9605612754821777,0.325284934466838
socofing:000284:left_little,peripheral_only,0.699999988079071,384,0.34811637367742,0.2942488193511963,0.2635381675447303,1.0,2466.0,0.5713706407137064,0.36575527035987,0.7988645579886455,0.5587500875521171,0.8381995133819952,0.623081693282866,0.10094706688859578,0.2500547684626374,9.959062953692147,0.06766995234525562,2466.0,0.9959777891635895,0.45180751449437895,0.04740243342857748,0.17545083588607072,13.24199363020503,0.1139928826511438,2466.0,0.7029988169670105,0.3407597128747737,0.09620786105947506,0.24707891557000075,10.167894406932675,0.058119643407155676,2466.0,0.9909961521625519,0.9231767879679608,0.22765299865654204,0.18964701890945435,0.3019851209954611,2.0,2466.0,0.1897810218978102,0.21705265969207205,0.34306569343065696,0.3631847639540203,0.4042984590429846,0.4118954653746697,0.10784848234318796,0.27190805777049315,9.671859619626082,0.0521655663119504,2466.0,0.8167239874601364,0.309494930416358,0.06934506463767381,0.22758149164702385,11.58984442693028,0.13349255106367272,2466.0,0.7366567105054855,0.31168354924389163,0.055554416860970214,0.1781367474543014,12.552814067124821,0.1237585586927456,2466.0,0.9082670211791992,0.4954291472903607
socofing:000289:left_little,disconnected_fragments,0.10000000149011612,394,0.36972266510337726,0.3096323311328888,0.00837959079599904,2.0,8209.0,0.31806553782433916,0.38079834936640705,0.5126081130466561,0.5926638325917065,0.5731514191740772,0.663285660333473,0.204344236837706,0.36380999674243436,6.8963760627574135,0.04912373592270369,8209.0,0.9953089952468872,0.9582284616235994,0.1196591286241413,0.2971665079565078,9.220541640805092,0.0651231331851523,8209.0,0.9317988008260727,0.7349589662814847,0.1817367617526305,0.34689739207095127,7.405572146211972,0.02678545090302513,8209.0,0.9961660206317902,0.97958501382922,0.31207244520661365,0.260982483625412,0.043211617216773364,3.0,8209.0,0.257034961627482,0.307214898406145,0.41673772688512606,0.4988301576505351,0.47703739797782924,0.5627019107319984,0.17627288101235195,0.3399983531918991,7.538144973014605,0.04866239160193134,8209.0,0.9969647526741028,0.8318361519135643,0.12316494901891607,0.29957097241177816,9.095128685799532,0.07170123997130273,8209.0,0.9413980236276984,0.5392411243394263,0.17078576676909746,0.3351481094783271,7.675483261014165,0.07582965995163286,8209.0,0.9995566010475159,0.7401977661623039
socofing:000291:left_little,stripes,0.30000001192092896,404,0.38784957649256846,0.3380624055862427,0.13619096759211824,4.0,5673.0,0.3766966331746871,0.43019605434153124,0.5767671426053235,0.6247939701730059,0.6446324695928081,0.6896599421168307,0.2655962084226839,0.42628072615078866,5.75778129126534,0.048690915867096674,5673.0,0.9985001087188721,1.1443771311222917,0.13065736711795473,0.3012777958123551,8.838660975442203,0.0746923502502905,5673.0,0.9165431819856167,0.8837657576466403,0.18243103700088462,0.33233197554415683,7.3890127318114605,0.04427614656769125,5673.0,0.9999980330467224,1.0577916037436534,0.2937175242742827,0.24655769765377045,0.11635968883247925,3.0,5673.0,0.27304777013925613,0.3075354594928382,0.43275163053058346,0.47132983236070797,0.48457606204829895,0.5259279566499979,0.2555092443266443,0.4178274777232281,5.925933824669491,0.06063096704075324,5673.0,0.9956190581433475,0.9370336650891579,0.12196292395008507,0.28942396639081736,9.137721723669605,0.0735133440229801,5673.0,0.8896116595715284,0.49645709816259076,0.1263789039379855,0.28297405406494835,8.983254155153833,0.05061242478152337,5673.0,0.9742156267166138,0.30847052373940803
socofing:000293:left_little,random_rectangles,0.20000000298023224,414,0.402838374885991,0.3423609137535095,0.12993609586488009,1.0,7786.0,0.5236321602876959,0.44702837205303686,0.7034420755201644,0.6489603995342902,0.75764192139738,0.7162710753613746,0.23637836292476913,0.4024935975247258,6.263922794508443,-0.0027947667947047714,7786.0,0.9998884797096252,0.7716933159429454,0.08280271574464562,0.23602123676312164,10.819554190898511,0.04383934562073978,7786.0,0.8656077310442924,0.6556483687507743,0.1525232057400304,0.29741878387881376,8.166640752802547,0.03565332737793122,7786.0,0.990530370734632,0.6022945262243511,0.304196932712068,0.25640541315078735,0.1337325347613405,2.0,7786.0,0.40020549704597996,0.3116792504566358,0.5724377087079373,0.4874633241137655,0.6253531980477781,0.5460580153328087,0.13179967847803756,0.29485408314506123,8.800856491910562,0.016529088240842912,7786.0,0.9741211831569672,0.7386605514605046,0.08462797373472956,0.23368072472535448,10.724860574040768,0.05618691150453294,7786.0,0.8672262411564589,0.5609032296400996,0.11220170281803707,0.2574102786542944,9.500005520026248,0.0843053517931959,7786.0,0.9767847647890449,0.8453887597272426
socofing:000302:left_little,irregular,0.4000000059604645,424,0.41961686748880495,0.3535274267196655,0.10016630296798233,1.0,6181.0,0.6078304481475489,0.49602614908499193,0.8236531305613979,0.6790279161417067,0.8650703769616567,0.7400285051606116,0.209582058627134,0.3898613756069607,6.786458980849524,0.0584649979040311,6181.0,0.8203229308128357,0.5671369879136254,0.05512649193716135,0.19783679239573632,12.586396436681675,0.12702501931311683,6181.0,0.7404057383537292,0.2955579726501008,0.10316813808189727,0.2528797264233933,9.86454407279924,0.08757119096015606,6181.0,0.9979687333106995,0.40395641719858977,0.2710216017240769,0.22546333074569702,0.19872480358061517,1.0,6181.0,0.3263226015207895,0.273456081490053,0.5397184921533732,0.43387801073512067,0.6113897427600712,0.48735198715014316,0.1128201498352398,0.2772584683497618,9.476133278283648,0.10017981291535402,6181.0,0.8194050192832947,0.5465766339148024,0.05501957422896619,0.20310104166182708,12.594827747374296,0.14738091347238041,6181.0,0.6071262955665588,0.44426646588645546,0.0602254635134861,0.18841045083563376,12.202198488543237,0.12659186200249353,6181.0,0.8926331698894501,0.4300618337763238
socofing:000303:left_little,central_missing,0.6000000238418579,434,0.3906546318993133,0.3341752588748932,0.19052816897611038,3.0,6114.0,0.6133464180569186,0.428030497363123,0.8294079162577691,0.6287849975852824,0.8732417402682369,0.695703164326002,0.11384318408593808,0.26689209725060686,9.436929659489442,0.04142085853823259,6114.0,0.9004032537341118,0.3721212470439991,0.04684817211787676,0.1758251172125749,13.293073493782554,0.08095592723933596,6114.0,0.7352618873119354,0.2664507538647081,0.10077733116109994,0.24687739857830446,9.966371470454883,0.07508069538825787,6114.0,0.958559513092041,0.4639167684738677,0.2917974455112096,0.24915914237499237,0.18942801706704182,3.0,6114.0,0.41167811579980373,0.2623255179477822,0.6727183513248283,0.46392872006159264,0.7404317958783121,0.5311297874328627,0.0816103219287219,0.21957829005657983,10.882549089766655,0.051304113125420284,6114.0,0.9153194725513458,0.20908255176436502,0.047593370369133386,0.17500148055539397,13.224535391414069,0.07828416823585342,6114.0,0.7140163481235504,0.20339681512919944,0.08279478257862037,0.21905428605104804,10.819970299869517,0.08077290392505972,6114.0,0.9547913074493408,0.3359471614636
socofing:000308:left_little,peripheral_only,0.800000011920929,444,0.3808342983181569,0.32286086678504944,0.07819289584642238,0.0,1313.0,0.49124143183549124,0.3801367782901828,0.7524752475247525,0.6092651253062537,0.8134044173648134,0.6856412409782773,0.11676053084228308,0.273964463722497,9.327039391948983,0.12626209410059186,1313.0,0.9216228425502777,0.6355090745082221,0.061088702216242206,0.20670073536726144,12.14039101031217,0.14469645589503327,1313.0,0.6847917288541794,0.7292327444224332,0.11676053084228308,0.273964463722497,9.327039391948983,0.12626209410059186,1313.0,0.9216228425502777,0.6355090745082221,0.18411316560228091,0.1535809487104416,0.12301617797031188,4.0,1313.0,0.1744097486671744,0.16801622298866034,0.31226199543031224,0.2929713707022874,0.36785986290936784,0.3346230866068297,0.06298215757010793,0.20461099780386674,12.007824658852114,0.15688539770168158,1313.0,0.7058904767036438,0.6166981772094382,0.0548593455665933,0.20448745503420152,12.607493775282911,0.15563917079943212,1313.0,0.5906321704387665,0.6127402284539852,0.060111843377079074,0.19484402014613605,12.2103995384442,0.12716793408357396,1313.0,0.6792551726102829,0.7181015719212092
socofing:000309:right_thumb,disconnected_fragments,0.30000001192092896,455,0.4451965885093956,0.3806578814983368,0.05560670404219192,3.0,7599.0,0.5030925121726543,0.5100658329666751,0.6779839452559547,0.7188014660607609,0.7348335307277273,0.788380010425456,0.34932080399728893,0.49740184172096935,4.5677554893958,0.06335724057432669,7599.0,1.0,0.6474541868213918,0.09477468720636376,0.25890623342170077,10.233076402412731,0.10151174325892337,7599.0,0.9190796008333564,0.33600722272053685,0.14625865252025042,0.2937897652706149,8.34878432044791,0.07160158143802405,7599.0,0.9959323997609317,0.33726246410672955,0.41759419131316644,0.35411614179611206,0.12905666280064515,3.0,7599.0,0.46282405579681535,0.47463052012619494,0.639821029082774,0.6738543389823691,0.693249111725227,0.7402622786010938,0.3378182904574173,0.4860453877769262,4.713168401715127,0.07346030835966348,7599.0,1.0,0.6780698084045691,0.09779726313992602,0.2614165571456228,10.096732987896917,0.11073169875179671,7599.0,0.9591367240063846,0.31516924710671423,0.1484646743769145,0.29611821522789644,8.283768699038914,0.07654856144930529,7599.0,0.9897537231445312,0.40091482184746147
socofing:000317:right_thumb,stripes,0.5,465,0.44923297244340255,0.3910110592842102,0.1686542970356745,2.0,6782.0,0.6617516956649956,0.5323081063647708,0.8338248304335004,0.727080269301581,0.8726039516366854,0.792004323613851,0.2631949228460149,0.42028288215290854,5.797224927223182,0.03903694516295146,6782.0,0.9999724626541138,0.7785435105184126,0.06694511179567753,0.21541143185994635,11.742811288486498,0.05435873950389561,6782.0,0.8298587198369205,0.18082904722672996,0.1304061129762587,0.2738796723934439,8.847020499412793,0.05410290335588889,6782.0,0.983668505679816,0.38078721625044865,0.26533371442206594,0.22706003487110138,0.18215685545773416,1.0,6782.0,0.3093482748451784,0.24135861359262004,0.5119433795340608,0.4221364329923609,0.5663521085225597,0.4823957061256078,0.18479075472052922,0.34300964850452004,7.333197607906841,0.0312573480366139,6782.0,0.997942328453064,0.3325803809352571,0.0828333879102155,0.2273236112737085,10.817945755042636,0.04334183635429756,6782.0,0.960994778200984,0.28158598471298857,0.10520042030454078,0.24889656003701643,9.779825250532099,0.05657294583560319,6782.0,0.988554775249213,0.4484797476176666
socofing:000318:right_thumb,random_rectangles,0.4000000059604645,475,0.3964029286842504,0.3379076421260834,0.1661527345625156,4.0,9302.0,0.4509782842399484,0.4477756322551558,0.6353472371533003,0.6393819562518913,0.6936142764996774,0.7032507309174697,0.28050460119915155,0.43134300453253765,5.520600104897719,0.037889801054647156,9302.0,0.9999999105930328,0.38054051249152104,0.10151063436918163,0.2659126592001959,9.93488458184968,0.08231280767767322,9302.0,0.8882328644394875,0.20261233730663103,0.13298030200860267,0.28207565833471226,8.762126850669812,0.08327034377425403,9302.0,0.9973689913749695,0.17706060688674138,0.30876966107150505,0.25856202840805054,0.07502793730005397,4.0,9302.0,0.3141259944098043,0.31783889505433105,0.47344657062997203,0.49493838111269056,0.5252633842184476,0.5539715431321438,0.14657926575787678,0.30738777132284145,8.33927458097287,0.06179838787652586,9302.0,0.9941297471523285,0.46279534774078374,0.09518511674805291,0.2602191280067096,10.214309530809025,0.07725816933519294,9302.0,0.8972053453326225,0.21126941909841246,0.13258781860477326,0.2865831452259949,8.774963745416752,0.0850330237755446,9302.0,0.9784376621246338,0.28675134661701135
socofing:000319:right_thumb,irregular,0.6000000238418579,485,0.3463738061596349,0.2961159944534302,0.17363534336344763,3.0,5279.0,0.33112331881038076,0.32507510565970743,0.5415798446675507,0.5520682198054232,0.6128054555787081,0.6277325911873284,0.1426468933679131,0.28887172641538167,8.457376821762999,0.08576269818887212,5279.0,0.9883580803871155,0.38945910562297237,0.09167722792005986,0.25296713277808003,10.377385271090434,0.13588305600002765,5279.0,0.8928619604557753,0.23896066239525388,0.14578049191642467,0.28053646129558646,8.363005886373504,0.12275809465178786,5279.0,0.99808669090271,0.3319508353853005,0.22675012411279055,0.19058988988399506,0.11266635271558612,1.0,5279.0,0.2331881038075393,0.21717139594729684,0.37563932562985414,0.3618423257639156,0.42413335859064216,0.41006596903612186,0.13182696995406873,0.2754222936943268,8.799957300758516,0.10432228038492021,5279.0,0.9917916646227241,0.29861167590615334,0.08964762716432727,0.24507210303412344,10.474612010608283,0.14684491986584636,5279.0,0.9301742296665907,0.15432756969751074,0.1110840390439171,0.25638531108148116,9.54348337576852,0.1688116819503576,5279.0,0.9890399277210236,0.12020872284389433
socofing:000321:right_thumb,central_missing,0.800000011920929,495,0.4105250715281784,0.34625881910324097,0.07223431141198455,0.0,3277.0,0.46383887702166615,0.4319484533880191,0.7091852303936528,0.6589824526310696,0.78608483368935,0.7346604523787528,0.14447346618741833,0.30656223743216116,8.40211907554616,0.09764346497228414,3277.0,0.9641062598675489,0.18413768202217073,0.0833655562077833,0.24202073954624403,10.79013347907721,0.10570953340378605,3277.0,0.8266209810972214,0.1841397682632561,0.14447346618741833,0.30656223743216116,8.40211907554616,0.09764346497228414,3277.0,0.9641062598675489,0.18413768202217073,0.2794613654852859,0.23336675763130188,0.08779272561828631,2.0,3277.0,0.30973451327433627,0.26941727677023114,0.5120537076594446,0.44613377590495196,0.5685077815074764,0.5050392756165255,0.13516754383356389,0.29812608312401634,8.691275778185512,0.0794637688196993,3277.0,0.9578544795513153,0.17686952314512683,0.08123395829914298,0.23484032311660644,10.902623843183797,0.13684330265676903,3277.0,0.8666719645261765,0.18531598256619417,0.11539624383498447,0.2687498700637615,9.378083273006366,0.16323792933081982,3277.0,0.9891926348209381,0.19860001980590755
socofing:000339:right_thumb,central_only,0.20000000298023224,505,0.3144169454504371,0.2736356556415558,0.2900708362465457,1.0,9236.0,0.36390212213079254,0.3022859487158233,0.5661541792983976,0.501854013047238,0.6254872239064531,0.5683767011577096,0.2529178922031783,0.3946448639286811,5.970204462180756,0.06204135418283028,9236.0,0.9999999403953552,0.7033101064661035,0.10236048498172846,0.2503015560790434,9.898676651022658,0.0648513688530465,9236.0,0.9849437475204468,0.31785445704053505,0.12183711570735599,0.26224251459990966,9.142203907554542,0.051714899965662434,9236.0,0.9985702633857727,0.25165222975956975,0.29006933389855133,0.25168266892433167,0.2771380946939633,2.0,9236.0,0.3679081853616284,0.2833611376683606,0.5524036379385016,0.4634401146146631,0.6026418362927675,0.5234664402634306,0.24543191418396562,0.39061723351041955,6.100689654361753,0.06698395937573598,9236.0,0.9999993443489075,0.572022557419395,0.09368835063483588,0.2361196345663676,10.283144066526006,0.07278862109438475,9236.0,0.9635423421859741,0.296087006750929,0.12054668514565148,0.26261225300434665,9.188447275739223,0.026402233167983447,9236.0,0.9952693576924503,0.3526865909650614
socofing:000345:right_thumb,disconnected_fragments,0.4000000059604645,515,0.4255592517162411,0.3634795546531677,0.17081539088638012,1.0,7349.0,0.45053748809361815,0.41278662129573584,0.7200979725132671,0.6796175397039352,0.7949380868145326,0.768561179173335,0.20392341982616904,0.3581288003748348,6.9053289429447435,0.03616006452961164,7349.0,0.9999447464942932,0.6035643885052451,0.08445940708905127,0.24306408180120828,10.733519716780673,0.04499264738968765,7349.0,0.9960784311406314,0.3758274219068221,0.14825376998578918,0.29932877891082993,8.289942540297542,0.05865416427226516,7349.0,0.9965022504329681,0.24829322057453357,0.2829911146849771,0.237599179148674,0.17182028708545422,1.0,7349.0,0.31323989658456936,0.27706479416329577,0.4874132535038781,0.4521931514437952,0.5444278133079331,0.5105692705372951,0.124220233815725,0.2785608063271105,9.058076576312539,0.0520665850432711,7349.0,0.9960784311406314,0.676415135532212,0.09242980924061411,0.24706164220871893,10.341879432723243,0.05417410029434267,7349.0,0.9960784311406314,0.39696340034315286,0.12015302126210642,0.27120588379580685,9.202653043360328,0.062394912493858805,7349.0,0.9960784311406314,0.2870804141499181
socofing:000356:right_thumb,stripes,0.6000000238418579,525,0.2990781210559247,0.25580060482025146,-0.10058131270658743,0.0,5123.0,0.24868241264883856,0.2845580221246328,0.41772398984969744,0.4770729837963504,0.4702322857700566,0.5412446376869229,0.16394030707936133,0.32563086193359964,7.853142557642992,0.05725377681180602,5123.0,0.9944765567779541,0.38803885247383796,0.16787721181990126,0.3384208413465056,7.7500825235837265,0.05832185260432789,5123.0,0.9879947900772095,0.405898961829161,0.16394030707936133,0.32563086193359964,7.853142557642992,0.05725377681180602,5123.0,0.9944765567779541,0.38803885247383796,0.2949008392224246,0.24876414239406586,0.0640460113335085,0.0,5123.0,0.25649033769275814,0.29056018185457305,0.4163576029670115,0.4714072770190942,0.4737458520398204,0.5316896420739345,0.13445323390878053,0.293821364159167,8.714287475362699,0.07716403418290886,5123.0,0.9670479875057936,0.38066503484507747,0.1253911812502802,0.29461217778844845,9.017330063204291,0.08462822833694333,5123.0,0.9560338854789734,0.32118097531677536,0.13445323390878053,0.293821364159167,8.714287475362699,0.07716403418290886,5123.0,0.9670479875057936,0.38066503484507747
socofing:000358:right_thumb,random_rectangles,0.5,535,0.44822651795137264,0.3916965425014496,0.22615356696560265,1.0,7618.0,0.6464951430821738,0.5871591608405082,0.7743502231556839,0.73105569301111,0.8135993699133631,0.7790212037346439,0.19646616375697373,0.3434597898862574,7.067122349016372,0.07276026357169324,7618.0,0.9999892115592957,0.4755007733769838,0.09726187001352414,0.25522561917045045,10.120573846881861,0.08410023318563174,7618.0,0.8395379036664963,0.1820602759463441,0.18055429359462602,0.3319108233188447,7.433921795590473,0.0637014072648906,7618.0,0.9995761513710022,0.12323594673562024,0.25010866303477086,0.21195128560066223,0.25894902047655083,0.0,7618.0,0.2813074297715936,0.23108291201514503,0.45418745077448147,0.39827128575367077,0.5110265161459701,0.45400074366651266,0.11312081293496866,0.2575122533496528,9.464574825084343,0.08757160579261075,7618.0,0.9959814548492432,0.21668870257351028,0.09342581284592916,0.24210167529390786,10.295331149076429,0.09487007712916415,7618.0,0.9335653763264418,0.20967461052964287,0.11312081293496866,0.2575122533496528,9.464574825084343,0.08757160579261075,7618.0,0.9959814548492432,0.21668870257351028
socofing:000377:right_thumb,irregular,0.699999988079071,545,0.39734220966307043,0.33910566568374634,0.11394374228912163,1.0,4015.0,0.46749688667496886,0.4218570312631234,0.6909090909090909,0.638199017620918,0.7511830635118306,0.7103130130735162,0.19418340602239334,0.3519682650592359,7.117878855548028,0.15997904882360325,4015.0,0.9967366456985474,0.2481179326310901,0.08669492213869094,0.2456511185327046,10.620063391065894,0.18718729198249498,4015.0,0.7607249915599823,0.12515628724667527,0.13478276074274412,0.2878827467500458,8.70365652259758,0.17845368571731152,4015.0,0.9951800107955933,0.07661314018469811,0.26234859064239935,0.21926070749759674,0.1165386402830634,0.0,4015.0,0.28069738480697387,0.25597690308227633,0.4530510585305106,0.4191205762718268,0.5105853051058531,0.47350180066834346,0.1201342173344651,0.27618190005379883,9.203332766684557,0.20714292281576036,4015.0,0.9828847348690033,0.1070784042254298,0.07774338302073772,0.23476230919402868,11.093365648718322,0.21669152304149877,4015.0,0.8161094933748245,0.0797843647258162,0.1201342173344651,0.27618190005379883,9.203332766684557,0.20714292281576036,4015.0,0.9828847348690033,0.1070784042254298
socofing:000380:right_index,peripheral_only,0.20000000298023224,556,0.35544002918713147,0.30177661776542664,0.19930216237107795,0.0,8464.0,0.40890831758034024,0.3719503442617749,0.6146030245746692,0.5703550782068747,0.6773393194706995,0.6364899895219079,0.14383060499118094,0.29483502642766507,8.421486927809237,0.04208915581415885,8464.0,0.9904888868331909,0.21778618334195954,0.08551943747124428,0.24098832194498848,10.679351644870474,0.07734535647297561,8464.0,0.9007850252091885,0.1814327945433305,0.14383060499118094,0.29483502642766507,8.421486927809237,0.04208915581415885,8464.0,0.9904888868331909,0.21778618334195954,0.2741167524875281,0.22957293689250946,0.18813627900948557,4.0,8464.0,0.2876890359168242,0.27294335594235275,0.46301984877126656,0.4384694643255274,0.5233931947069943,0.4936448337865856,0.12659750641555764,0.2787434227915572,8.975748485100445,0.05180479235394206,8464.0,0.9830291848629713,0.19060311183097178,0.09737094123531295,0.25374056833181335,10.115706318697686,0.09560528267148109,8464.0,0.9453091020695865,0.15670383765351142,0.11360821726951204,0.26901169692811827,9.445902550181346,0.07454768183960334,8464.0,0.9887377019040287,0.24788086297107478
socofing:000396:right_index,central_only,0.4000000059604645,566,0.29780341481531714,0.25152334570884705,0.4133251783410125,3.0,4876.0,0.38084495488105,0.30468736436765054,0.5574241181296145,0.47717385865974077,0.6154634946677605,0.534669356757104,0.16751361876852222,0.31108620078935134,7.759498792803427,0.06545849931276852,4876.0,0.999026894569397,0.4636035708313119,0.07124782463663253,0.21133739358015508,11.472283911472301,0.13295630156220395,4876.0,0.9026979170739651,0.34602523072758595,0.09596482855683736,0.22469375418471227,10.178879082361732,0.14215474869370417,4876.0,0.9960450525395572,0.22586291254996102,0.29898902826053964,0.2541036307811737,0.38413948338076875,4.0,4876.0,0.42329778506972926,0.31266198707003395,0.5844954881050041,0.4797497410978128,0.6285890073831009,0.5354456591070725,0.13490478499748157,0.2766587905383495,8.699726458718523,0.07715277318820059,4876.0,0.9950028657913208,0.4012412495821563,0.06310915422316239,0.19771745591433956,11.999076401179646,0.1416352652823585,4876.0,0.8949440680444241,0.3206477526672815,0.09110219989199513,0.21879205104718832,10.404711357666407,0.1401126569487385,4876.0,0.9754692912101746,0.3303531893702089
socofing:000406:right_index,disconnected_fragments,0.6000000238418579,576,0.29006247162247034,0.24929678440093994,0.4366623448152678,1.0,2293.0,0.30004361098996946,0.28958311823846156,0.4365460095944178,0.4640520192575517,0.4888791975577846,0.5222083195972484,0.20805906431490526,0.3439268391373061,6.818133589568611,0.06823200356110078,2293.0,0.9999961853027344,0.6059494725940553,0.09337829946307075,0.2445922065834928,10.297540393849669,0.09960235773336948,2293.0,0.849251567851752,0.40262069508422943,0.10388289447486228,0.2212168691806557,9.83455958186478,0.12804149203599116,2293.0,0.9850591421127319,0.43955346143541735,0.24690496105842077,0.21124891936779022,0.27286472488472574,1.0,2293.0,0.2102049716528565,0.2245473716386894,0.34278238116005233,0.3928121787515001,0.38813781072830356,0.44890044778910354,0.17468338087861648,0.31344677591261794,7.577484111935755,0.07819359690806933,2293.0,0.9997665286064148,0.606348133257454,0.11387643676384716,0.26967098960686253,9.435661305486992,0.11591367717350554,2293.0,0.9377403259277344,0.352769419648741,0.11495468221435028,0.24435890144296885,9.394733348040761,0.13292158293683193,2293.0,0.95857500936836,0.3289782920094083
socofing:000407:right_index,stripes,0.800000011920929,586,0.36318631176124605,0.30636173486709595,0.1797395806117052,2.0,2720.0,0.3636029411764706,0.3645845642861198,0.5720588235294117,0.581237924070481,0.6422794117647059,0.653455710665268,0.1891793930364275,0.3455032361025908,7.231261722575685,0.05685955229488789,2720.0,0.9992432594299316,0.7805250652461273,0.10175505494089818,0.2689193968820345,9.924440068849718,0.07588074129371326,2720.0,0.7856397023424506,0.41913896595629063,0.16535512720500958,0.32076029873894774,7.81582334271169,0.04992401241801197,2720.0,0.9977117776870728,0.8535868244232916,0.33973841969800345,0.28588780760765076,0.19655436367178253,3.0,2720.0,0.3477941176470588,0.35313195661806007,0.5283088235294118,0.5449208252088112,0.59375,0.608850448072395,0.17924742355927703,0.33807294107922214,7.465470780145862,0.04296570487445828,2720.0,0.9957866668701172,0.5311387648412225,0.10649828165676162,0.2733569930713309,9.726573994835242,0.08081260824284614,2720.0,0.8605623226612806,0.283008894406792,0.14382352288374559,0.29664943220919027,8.421700776308667,0.1199171589130211,2720.0,0.9838827829807997,0.1884066808903998
socofing:000422:right_index,random_rectangles,0.699999988079071,596,0.3584249773562164,0.30320337414741516,0.25501852372436373,0.0,4265.0,0.32028135990621337,0.3543243939543944,0.5155920281359906,0.5730699054297641,0.5824150058616647,0.6459850759215539,0.12481475294860993,0.25667647711500297,9.03734078551823,0.06445256227616462,4265.0,0.9977285861968994,0.12436595242448978,0.12157618862455319,0.2901134119946662,9.151514757341955,0.07793779068783124,4265.0,0.9077454204671085,0.1094478717943669,0.12481475294860993,0.25667647711500297,9.03734078551823,0.06445256227616462,4265.0,0.9977285861968994,0.12436595242448978,0.2808098822196231,0.2365918755531311,0.2797703004397422,3.0,4265.0,0.2705744431418523,0.27363873470710004,0.41805392731535757,0.4485786968001447,0.46893317702227433,0.5068920174978263,0.13845278402968333,0.28669062008489477,8.586983069709703,0.0842102387096342,4265.0,0.9954044222831726,0.11884974157773887,0.10629199769385454,0.2670423670343242,9.734994305681537,0.06169671855699679,4265.0,0.9622943396680057,0.08908214606258222,0.11128146019128539,0.25655090720693013,9.535771843382854,0.05863118949254014,4265.0,0.9670172333717346,0.0868430558646271
socofing:000424:right_index,central_missing,0.10000000149011612,606,0.1823835774164901,0.16460666060447693,0.26746171860265217,1.0,12549.0,0.14989242170690892,0.13940899136418108,0.29524264881663875,0.2875162652611533,0.339150529922703,0.336885356560144,0.2257538510458108,0.3716231157713921,6.4636483249317225,0.07558408874027428,12549.0,0.9999971389770508,0.6838561943791497,0.20185632562768985,0.3524712402603915,6.949576364337254,0.06293695695532041,12549.0,0.9913566708564758,0.7764927394560103,0.16145149749763948,0.3066412405824769,7.919579224526704,0.048860755219218,12549.0,0.9990347623825073,0.8990338343046063,0.1706967065183088,0.14765150845050812,0.28214698775781405,1.0,12549.0,0.18846123197067496,0.15018530878348885,0.29866921667065105,0.27106359065581204,0.3330942704597976,0.31135635127991984,0.24600343119206464,0.3946625752975225,6.090588354275645,0.07141715645801847,12549.0,0.9999583959579468,0.6080620724513858,0.18496208172135484,0.33686457243146495,7.329172953107674,0.06259180784922591,12549.0,0.9682518839836121,0.7840565197439393,0.14075685975171004,0.28969357121791917,8.515304307237239,0.049620828889351175,12549.0,0.9928351039998233,0.9394663236062903
socofing:000425:right_index,peripheral_only,0.30000001192092896,616,0.3019817319533477,0.25702965259552,0.280283693369681,4.0,8047.0,0.38026593761650307,0.3048091051007289,0.5556107866285572,0.4834535084400945,0.6115322480427489,0.5430016428865497,0.16203415048710307,0.3056148568891513,7.903934434508503,0.04874803826625013,8047.0,0.9978023171424866,0.42375012210116025,0.07881064610028739,0.22619598723935097,11.03415112075039,0.07842519893253388,8047.0,0.9003247432410717,0.3392168379798572,0.12352356789321949,0.2627878273935412,9.082501725300467,0.03939746628067567,8047.0,0.987324713729322,0.2532276743349067,0.3243271475699254,0.27356964349746704,0.25566168164327213,0.0,8047.0,0.3803902075307568,0.3318106767271148,0.5539952777432584,0.5196717890275996,0.6023362743879707,0.5822921597944278,0.12250422175916992,0.2670523486221891,9.118489443188928,0.048412272274935116,8047.0,0.990004688501358,0.3548337136461605,0.08115189975878555,0.23302481330881883,10.907013089233907,0.07009727463889427,8047.0,0.856784641277045,0.2896300283937071,0.12250422175916992,0.2670523486221891,9.118489443188928,0.048412272274935116,8047.0,0.990004688501358,0.3548337136461605
socofing:000429:right_index,central_only,0.5,626,0.3685522899810193,0.3241890072822571,0.3031569525410499,2.0,4115.0,0.45297691373025517,0.3543020590325028,0.7088699878493318,0.5882586408747792,0.7645200486026732,0.6662441681555381,0.25908342258290357,0.413769722344605,5.865603743977844,0.08940866584379777,4115.0,0.9999121129512787,0.30637996591781674,0.0651307358736034,0.20492629482108707,11.862140149621078,0.16448770792647271,4115.0,0.8298346772789955,0.24945310648967495,0.13191215532146625,0.26921154659904567,8.797151836362781,0.12981040151828838,4115.0,0.9842149913311005,0.20678348335291558,0.27647598983305766,0.2348533421754837,0.3463358617692818,2.0,4115.0,0.3586877278250304,0.26132469965215155,0.576913730255164,0.44084645471480177,0.6255164034021872,0.5006870397356851,0.11335900203739656,0.25563797329972304,9.455439860806347,0.1871058883650532,4115.0,0.9728007316589355,0.2868747270558896,0.06228774190261598,0.19494955822913698,12.055974131780244,0.19748398494967562,4115.0,0.8444683533161879,0.2552612963438779,0.11058974984414469,0.2465574238973275,9.56285124319031,0.1435906212088966,4115.0,0.9749273061752319,0.20076101801444957
socofing:000444:right_index,disconnected_fragments,0.699999988079071,636,0.3855296888454308,0.3410834074020386,0.44741696360554406,3.0,1831.0,0.3052976515565265,0.33154836876479604,0.5286728563626434,0.6114493701446259,0.602403058438012,0.7047497039379024,0.2201552167912872,0.3549630063357557,6.572710190537583,0.11728305705443164,1831.0,0.999701976776123,0.226456990624602,0.14636865631049029,0.3094852323573162,8.345519140480196,0.17234081872467988,1831.0,0.8398856222629547,0.1765487358173944,0.16904903582178446,0.3042928229626787,7.719873019078113,0.1320213890183483,1831.0,0.9973028004169464,0.3828975378346793,0.2790557414407225,0.23440611362457275,0.42543097751365505,3.0,1831.0,0.24631348989623156,0.27541477144057475,0.3872200983069361,0.4461250893051413,0.4440196613872201,0.50302852859333,0.13408601298797362,0.28700265467903413,8.726165226626165,0.17081962543541823,1831.0,0.979542464017868,0.1578010727421609,0.08613143546152559,0.24364232255836643,10.648383147967813,0.22929999241903876,1831.0,0.779127910733223,0.20265942063511358,0.08869325490830687,0.22072135263892192,10.521094068592285,0.20567080343574484,1831.0,0.9263873687013984,0.1706798288363787
socofing:000448:right_index,severe_partial,0.10000000149011612,646,0.4329193926584279,0.38398903608322144,0.06383824336219912,2.0,10531.0,0.3247554838097047,0.3686817845221927,0.579052321716836,0.686247267439861,0.671731079669547,0.7921024284124171,0.25190555695455075,0.3901639183408459,5.987622520013769,0.0330133294736594,10531.0,0.9999972581863403,0.3817591875761433,0.14037921681476342,0.31456175504900374,8.526971848756176,0.04090636779711212,10531.0,0.9686274491250515,0.33176750404503397,0.18923224670387415,0.3420128579601322,7.230048543388837,0.035858593909892655,10531.0,0.9985113143920898,0.2128241931485567,0.42119855756954794,0.36847203969955444,0.06499299566117138,2.0,10531.0,0.34877979299211853,0.380198533133036,0.5777229133035799,0.6698176896676257,0.6558731364542778,0.7663574085124887,0.23178536078587822,0.37411702103790256,6.349139968913208,0.036163456834935964,10531.0,0.9999985694885254,0.3886137703391575,0.13354028294061213,0.30615455019180315,8.743877079331758,0.03909560758124474,10531.0,0.9729360342025757,0.3498337059359533,0.17130703585072873,0.3239598115486489,7.662247995073656,0.04552332878783568,10531.0,0.9951484794728458,0.19235047285649376
socofing:000449:right_middle,irregular,0.10000000149011612,657,0.33338803585118326,0.2863246500492096,0.08262823314522241,4.0,10720.0,0.2645522388059702,0.3233343637590088,0.4433768656716418,0.5324154901526758,0.525,0.6021091989505647,0.3088961973843573,0.47521207547301786,5.101874379761647,0.042953870936847834,10720.0,0.9647696316242218,0.7148652908340888,0.15504821195665958,0.3314554041821454,8.095332377583782,0.06513998585902873,10720.0,0.8712131306529045,0.6511690421735239,0.10077225325933806,0.24421287498561972,9.966590305410225,0.03956823171597533,10720.0,0.9982864856719971,0.8602638206350044,0.2933033882276114,0.25164175033569336,0.08165454554056324,4.0,10720.0,0.2114738805970149,0.2768109749530011,0.37192164179104475,0.4676361798367171,0.4380597014925373,0.5312445814646224,0.27878484900143946,0.4443448150801514,5.547308323454306,0.04614944488398167,10720.0,0.9769937694072723,0.6307151657695411,0.16983755333493988,0.34693520418125023,7.699662752056251,0.06681333752810412,10720.0,0.8911248371005058,0.5844472751821902,0.11993641083237136,0.27020364011040154,9.210489518215581,0.04836621521900985,10720.0,0.9632678329944611,0.6252534947496792
socofing:000472:right_middle,central_missing,0.30000001192092896,667,0.33810153728826164,0.3004973828792572,0.08287573883556933,4.0,8769.0,0.23195347245980158,0.32060469353752297,0.44452046983692556,0.5392127752861448,0.5164785038202759,0.6120821358690187,0.14600469824772633,0.30403923676701294,8.356331689399966,0.0359926805627274,8769.0,0.9880374665372074,0.456253764637896,0.18022707135164145,0.35562299791050567,7.441799744246328,0.03521401081311693,8769.0,0.922911106608808,0.31159246657253986,0.13316084748951876,0.28398834892239244,8.756234494807485,0.00818679194669595,8769.0,0.9982576370239258,0.23473040473327794,0.31290794080251816,0.27578964829444885,0.16864679761280982,4.0,8769.0,0.19739993157714678,0.2746420941489876,0.4035807959858593,0.49682612061867604,0.46732808758125216,0.5708874627752388,0.15169196319168007,0.32076836499912426,8.190374280067099,0.035420760798909885,8769.0,0.9833797211758792,0.31171471387813593,0.18771670954653627,0.3627633547228969,7.264970670650551,0.03708624274637986,8769.0,0.9187896829098463,0.2723765861714521,0.10840357646576419,0.2608244427885405,9.649563892577474,0.015251870207185738,8769.0,0.9773066341876984,0.26347069605727486
socofing:000484:right_middle,peripheral_only,0.5,677,0.40912633656822167,0.34350985288619995,0.14643675684471874,4.0,5459.0,0.5092507785308664,0.47111503015859024,0.6993954936801612,0.6608010078681915,0.7633266165964462,0.7240296671047253,0.2126127251015901,0.37486978303020085,6.724107460402987,0.08416872145903379,5459.0,0.9988709688186646,0.5853058072820184,0.08251167410122477,0.24181991850694204,10.834846012796046,0.09510209285388216,5459.0,0.7872056346386671,0.3100978306455835,0.13676035037107181,0.28877065801028423,8.640397952399633,0.0621870255123796,5459.0,0.9884547591209412,0.3822478263996168,0.32092560871242715,0.2688457667827606,0.13948980816699397,1.0,5459.0,0.32222018684740794,0.3126941647235237,0.5119985345301338,0.512657829540993,0.5816083531782378,0.5793123844801494,0.13957481830224347,0.3039712189048608,8.55192928839413,0.09112734018104823,5459.0,0.9828271265141666,0.4330984649976144,0.09797167677709137,0.26009539421613664,10.088994589736046,0.11125831175945602,5459.0,0.8573628626763821,0.22343491437267213,0.13201468279424772,0.2876677594737398,8.793777634767352,0.06266038639950511,5459.0,0.9762908816337585,0.43058921706811265
socofing:000493:right_middle,central_only,0.699999988079071,687,0.41064612184027593,0.3519429862499237,0.3152021530777247,2.0,1138.0,0.5729349736379613,0.451585265554108,0.7337434094903339,0.6611277093158247,0.7899824253075571,0.73097519056973,0.14040937446241097,0.29653830005401033,8.526038954727163,0.12570524171369638,1138.0,0.9987988471984863,0.5496517478052015,0.08199214653882492,0.24760809247889384,10.862277436917879,0.15717052044212448,1138.0,0.7086446583271027,0.4310441011445512,0.11354118765699574,0.24124777148746163,9.44846567304705,0.165449866116618,1138.0,0.9892404074780643,0.2626823788272026,0.26855876192267203,0.2271270751953125,0.3463485123292643,1.0,1138.0,0.3462214411247803,0.25658357520514086,0.5474516695957821,0.4284965004045222,0.6195079086115993,0.4858008088043159,0.09882131780864299,0.24334151105118854,10.051493589751807,0.1354687013029544,1138.0,0.9717136323451996,0.4296258993974928,0.06349102926215061,0.20647525101014608,11.972876324586576,0.18321859124280557,1138.0,0.7736547887325287,0.3954193672770466,0.08159715810274616,0.2130526938137675,10.883249667582488,0.16192494223874432,1138.0,0.9411136209964752,0.30256754045454126
socofing:000496:right_middle,stripes,0.10000000149011612,697,0.29092015685776434,0.26135215163230896,0.07121555841861402,1.0,11722.0,0.11627708582153216,0.2352621274136008,0.2596826480122846,0.4599064480280067,0.33125746459648525,0.5347878882328087,0.3606276894477053,0.5230771778725822,4.4294093065667886,0.0319853211587869,11722.0,0.9999992251396179,0.45709263090717805,0.2583461419576104,0.44381756169547965,5.87798019657439,0.035837554097524434,11722.0,0.9876235122792423,0.33462688163636983,0.13158224504977653,0.27595800958992367,8.808027079645843,0.031569292594284724,11722.0,0.9997968077659607,0.33234647922909105,0.22804090047254838,0.20554353296756744,0.07887499232621618,1.0,11722.0,0.07677870670534039,0.1799429356924728,0.1739464255246545,0.3600556442780699,0.2228288687937212,0.42009321380660225,0.3564622156994413,0.5208819638153532,4.479864977416884,0.03424997702542667,11722.0,0.9999978542327881,0.4553653679918044,0.2999416458866736,0.4825688636684725,5.229632297286758,0.036430914740016675,11722.0,0.9964665174484253,0.4520795136990091,0.1614700534019106,0.31799594508395024,7.919080110929727,0.02868753084015713,11722.0,0.9999943375587463,0.5996206696223048
socofing:000503:right_middle,severe_partial,0.30000001192092896,707,0.42903706902371547,0.36270731687545776,0.2153186233968693,4.0,6129.0,0.3623755914504813,0.45316858270425436,0.5501713166911405,0.6888724618059988,0.6239190732582803,0.7674404215065801,0.25880372050922734,0.3856534331067205,5.870294846300256,0.13587295591836174,6129.0,1.0,0.7526935602000739,0.13548160428695288,0.31562310875116745,8.6811966935804,0.10333138456303018,6129.0,0.9411764703691006,0.27538259847732927,0.1716817932364785,0.3297342699881765,7.6527575909760195,0.07561551328528562,6129.0,0.9994401037693024,0.24457967127888022,0.34849723897452534,0.2931972146034241,0.35930589607442753,4.0,6129.0,0.2094958394517866,0.2916942431654816,0.40512318485886767,0.5519152827783362,0.49159732419644314,0.6386556293159543,0.20285639579798798,0.33116632579695293,6.9281129500434275,0.1469271530761049,6129.0,0.999992847442627,0.8655991188339326,0.13481757590493548,0.31705704022339926,8.702534859835705,0.10526716394201284,6129.0,0.9411764703691006,0.31866409478051244,0.15290414600746216,0.3209846963371117,8.155807385003616,0.0704496360936704,6129.0,0.9741979539394379,0.2506910670286589
socofing:000504:right_middle,irregular,0.20000000298023224,717,0.3199963678878185,0.2776823937892914,0.15582345166375847,4.0,9384.0,0.3420716112531969,0.3023535959924375,0.5448635976129582,0.5102299114309715,0.6069906223358909,0.5795220165771495,0.22119467300261228,0.37358137507991823,6.5522533628880435,0.09441417770002791,9384.0,0.9999939203262329,0.5354661818199318,0.11478157475842661,0.2691110896314526,9.401278211973242,0.09168016624802408,9384.0,0.9831194868311286,0.20185139127984034,0.1389659099823595,0.2864369604118166,8.570917243670314,0.048843990171014595,9384.0,0.9935127492062747,0.3950634040101693,0.293207633220936,0.24779732525348663,0.1498097586226175,3.0,9384.0,0.3366368286445013,0.29246582186765785,0.49435208866155156,0.4690580320181698,0.5477408354646206,0.5279221020683404,0.19138100984109238,0.3463884173401271,7.181011581495037,0.09413431517479787,9384.0,0.999971866607666,0.4561503942423602,0.10723137269317738,0.26396428635198016,9.696781344734445,0.08892395759039769,9384.0,0.9371361723169684,0.18068132812088372,0.12020194835926144,0.271294319319139,9.200884927757233,0.08737689538281192,9384.0,0.9956386089324951,0.4211668248193895
socofing:000509:right_middle,central_missing,0.4000000059604645,727,0.33562214063792634,0.28753772377967834,0.15728310259570127,3.0,8969.0,0.4006020738097893,0.34324170930660186,0.6635076374177723,0.5377573818875497,0.7423347084401829,0.6025959394145323,0.21015249848095569,0.3884396566480335,6.774654423464242,0.042371255250048846,8969.0,0.8496806472539902,0.7124536275977826,0.08119896981572383,0.23079934693629534,10.904494806872066,0.07265054352643317,8969.0,0.8025399893522263,0.7566940282818921,0.09214665795278505,0.24351767124686038,10.35520411491942,0.03831389847003603,8969.0,0.9675386250019073,0.749392371902795,0.1332829179373297,0.11563601344823837,0.20933109122129878,3.0,8969.0,0.05730850707994202,0.11299742400240827,0.13357118965325007,0.21122411930623539,0.15899208384435276,0.2439663510741777,0.168662859938294,0.34297536753142127,7.729805398153361,0.042949782416417844,8969.0,0.8506761640310287,0.609043550591525,0.17840069117144738,0.3619733979080895,7.486034673849845,0.05667367667769564,8969.0,0.8239542096853256,0.7421607235659998,0.16623152309904793,0.34142030784186345,7.792866158719135,0.05088290233057556,8969.0,0.8466004580259323,0.6491253460346925
socofing:000511:right_middle,peripheral_only,0.6000000238418579,737,0.2809910437267065,0.24867123365402222,0.5833352071320922,4.0,3845.0,0.4507152145643693,0.27674380271890536,0.5622886866059817,0.4491609458619504,0.5940182054616385,0.5066333269096319,0.06345513003158605,0.13348159981402236,11.975332616016125,0.13837446412422605,3845.0,0.9813486933708191,0.4359831514385296,0.04234337157870302,0.16878656710404782,13.73214564367412,0.08993528570782353,3845.0,0.7517324835062027,0.24093445957291562,0.05186635376738477,0.13167876011652022,12.851142820693616,0.10895269912129836,3845.0,0.987347424030304,0.36079328516417203,0.3074280697301088,0.2749735713005066,0.3761674713083866,0.0,3845.0,0.27620286085825746,0.23727688197971786,0.41924577373211963,0.484869792793135,0.45513654096228867,0.5674007630642741,0.04355264469614717,0.13898402961959241,13.609854677040987,0.133558038921459,3845.0,0.8953733742237091,0.2913586616981231,0.06427553696375073,0.2160851755591233,11.919542865338792,0.09748264495112134,3845.0,0.7853796407580376,0.33158516467123716,0.04355264469614717,0.13898402961959241,13.609854677040987,0.133558038921459,3845.0,0.8953733742237091,0.2913586616981231
socofing:000522:right_middle,central_only,0.800000011920929,747,0.37407363175562847,0.33011484146118164,0.1727522029688793,3.0,609.0,0.2857142857142857,0.2986315952733232,0.4729064039408867,0.5909736071607751,0.5270935960591133,0.6884209444565922,0.43479123876674314,0.5764933990418593,3.61719215720963,0.08770500654826817,609.0,0.9999500215053558,0.5420974902489483,0.07146624583667988,0.23906808679125138,11.45899031040523,0.27539022610536823,609.0,0.7353123389184475,0.42708174491450035,0.0957956672146393,0.20103748173151648,10.186541333778962,0.35151881626274534,609.0,0.9420589786022902,0.4221263424654807,0.2763142832198558,0.23126985132694244,0.34068973446268075,3.0,609.0,0.277504105090312,0.27387932789541036,0.39080459770114945,0.44185935761932477,0.43842364532019706,0.49785270086062955,0.17595866695812223,0.34771576723044095,7.54589336845917,0.20918378384987363,609.0,0.955297227948904,0.6197581762137518,0.06376034458554765,0.21747821641471146,11.954493445103523,0.2881438172255008,609.0,0.7741949483752251,0.42553659514378067,0.07475134138938902,0.18596642777439948,11.26381009655268,0.3376933715711253,609.0,0.8888825103640556,0.31011783669138226
socofing:000524:right_ring,stripes,0.30000001192092896,758,0.3984606000554435,0.33571916818618774,0.3347485004396846,4.0,7338.0,0.41237394385391113,0.43980409842188595,0.6002998092123194,0.6416713099253538,0.6643499591169256,0.7089603804265098,0.1671488064816464,0.31883787677476616,7.768967201200851,0.030149138798251335,7338.0,0.9999989867210388,0.4618697779669777,0.09392348225896081,0.2615979991146432,10.272258141180133,0.05383235539635655,7338.0,0.8051796406507492,0.27370496081074486,0.15198304541863114,0.2989498198338378,8.18204857396177,0.04335094097100306,7338.0,0.998805969953537,0.3698408504754308,0.3430570165397491,0.28761211037635803,0.32976944128500413,0.0,7338.0,0.3209321340964841,0.3476435143361465,0.5010902153175252,0.5493498762432384,0.5741346415917143,0.6165853302122688,0.14686859316114517,0.295974292030556,8.330710651702285,0.03269024483754075,7338.0,0.9999897480010986,0.26695367413459614,0.09320922004079922,0.2588554799135238,10.305411261139184,0.0621786981574178,7338.0,0.8697126060724258,0.20047800813250094,0.14686859316114517,0.295974292030556,8.330710651702285,0.03269024483754075,7338.0,0.9999897480010986,0.26695367413459614
socofing:000527:right_ring,random_rectangles,0.20000000298023224,768,0.49318203177848374,0.42008042335510254,0.10787379878199156,3.0,9325.0,0.738230563002681,0.6308014815039034,0.8943699731903485,0.8028531958181162,0.9326541554959785,0.8602037672561871,0.2183527046636689,0.3824827899502705,6.608414242453571,0.049464572462021926,9325.0,0.9956837291829288,0.42823128059027027,0.06671320091945328,0.21753211501341602,11.757882212675884,0.06474783241488787,9325.0,0.7477235123515129,0.351570903781188,0.1395083724743843,0.2942341502109198,8.553997278003227,0.04422138549106223,9325.0,0.9630607068538666,0.3389543281145722,0.4102108655832408,0.3455595374107361,0.1367136248251078,2.0,9325.0,0.5737265415549598,0.4736946655598147,0.7668632707774798,0.6626857649308429,0.8171581769436997,0.7256827980545186,0.1988669407423661,0.3606848795776413,7.014374071544874,0.05284748415093518,9325.0,0.992847144138068,0.5526178238640435,0.06939941616472957,0.21879375060550849,11.586441831114682,0.06764950121490029,9325.0,0.7478429041802883,0.28057201545600713,0.10402838055942061,0.25751954971830143,9.828481622502581,0.039120036609241404,9325.0,0.929804265499115,0.256087569743968
socofing:000528:right_ring,irregular,0.4000000059604645,778,0.3181294633879563,0.2678264379501343,0.17393552158785114,3.0,6545.0,0.31046600458365164,0.3010465070935403,0.5121466768525592,0.5072988457912886,0.5793735676088617,0.5760496253572045,0.13729092253122113,0.29053114004094494,8.623581767102714,0.13591179979350648,6545.0,0.9957936704158783,0.20364133244971483,0.09093898823338561,0.2500520145260168,10.412498819662082,0.15940197420562313,6545.0,0.8584216795861721,0.12191995664582421,0.1358875978325561,0.2862280995211499,8.668201785778084,0.14832269390557992,6545.0,0.9836876383051276,0.13778835216049207,0.2299024821548083,0.19213639199733734,0.20001500435033293,2.0,6545.0,0.21695951107715813,0.2105788257670275,0.37692895339954163,0.36591160580891524,0.4287242169595111,0.41768919915621106,0.10743073100383697,0.2614578116244037,9.688714691362318,0.18601603996774455,6545.0,0.937849938403815,0.09836551211012336,0.07996701460843438,0.23570056734329148,10.97089117103716,0.19002804659658568,6545.0,0.8018904253840446,0.06470478049973004,0.10248580438528611,0.25197381800690893,9.893362858676355,0.1606232096997975,6545.0,0.9522997122257948,0.15704004287909545
socofing:000530:right_ring,central_missing,0.6000000238418579,788,0.3247935048016269,0.27822810411453247,0.13089590813688218,3.0,5926.0,0.49156260546743163,0.3638445167999351,0.6625042186972663,0.523574708882434,0.7112723590955113,0.5768181062432668,0.1344200098739678,0.2859208292647325,8.715360770336657,0.06381866387451145,5926.0,0.9822206795215607,0.6213289595359169,0.09286516199074454,0.2363658296782775,10.3214717936263,0.05497673726791809,5926.0,0.8956102058291435,0.3414467505805798,0.11869927169007351,0.2690897886390655,9.255519457627852,0.043927192151006156,5926.0,0.9673546515405178,0.24703321534091194,0.2204559641635945,0.1858726441860199,0.17220268628657712,3.0,5926.0,0.3300708741140736,0.2155721137099599,0.49460006749915625,0.35224115761638775,0.5506243671954101,0.39779750558519705,0.0941502156978591,0.24112794568318682,10.261786806788336,0.08086259102192521,5926.0,0.9426590790972114,0.43600764488012916,0.08503961168218968,0.22500136634751391,10.703787316064354,0.05760019373671894,5926.0,0.8973771892488003,0.23270016055017886,0.09122470051492276,0.2370174391740676,10.398875537230285,0.04877019169606536,5926.0,0.9589449726045132,0.13105876023094845
socofing:000531:right_ring,peripheral_only,0.800000011920929,798,0.3049812481907284,0.25735989212989807,0.19655073712518753,3.0,1883.0,0.32342007434944237,0.3068997702159213,0.5082315454062666,0.48816184930768475,0.5624004248539565,0.5485825423382724,0.1477292319844296,0.2994811086800687,8.305335599798102,0.1736777146223165,1883.0,0.9959602947346866,0.06930195421048897,0.07921744495320489,0.2327989383454252,11.011791692609219,0.14490604286913103,1883.0,0.8597280606627464,0.11244770366421228,0.12279940963127065,0.2669846099035728,9.108037210979274,0.07279061968331169,1883.0,0.9984802603721619,0.04645784557784974,0.24911536313217492,0.21039780974388123,0.25344648436582645,2.0,1883.0,0.2612851832182687,0.23666043694324462,0.4354753053637812,0.3973390883925869,0.49761019649495486,0.4508986388757009,0.10078400646822884,0.2440315733873446,9.96608381121564,0.18771904038330892,1883.0,0.9908709521405399,0.04162456589728104,0.06837812201597744,0.2164600843623522,11.650828311395715,0.13419621813078836,1883.0,0.8179353848099709,0.031833221656517065,0.0905743027978611,0.23081226325932686,10.429950002932276,0.22552453739855888,1883.0,0.9641168108209968,0.03156605750454135
socofing:000540:right_ring,disconnected_fragments,0.20000000298023224,808,0.3343515483694336,0.28286299109458923,0.17337787870513535,2.0,7895.0,0.37568081063964537,0.33694094017836923,0.5901203293223559,0.5352214165719874,0.656111462951235,0.6013149087031934,0.19230173732442843,0.34416687930712947,7.160167921681543,0.03985489551899369,7895.0,0.999996155500412,0.6748191115889545,0.09695047765733392,0.25370373016994796,10.134500468902438,0.07805969555557446,7895.0,0.8864555805921555,0.513393009114729,0.1516824241022928,0.3012695243194619,8.190647393029705,0.07887921504532418,7895.0,0.9999625980854034,0.42192821601545843,0.2953831481918494,0.24810346961021423,0.20848669735761158,2.0,7895.0,0.334008866371121,0.2882092404169248,0.5338822039265357,0.4718956463294666,0.5945535148828373,0.5331244483003139,0.1411480859862092,0.2902369733046365,8.503250066510581,0.05814439214935293,7895.0,0.9989270567893982,0.5873114743611787,0.08146025113903199,0.2331644244355806,10.890542553336491,0.08419235331061611,7895.0,0.799693875014782,0.3911057347275912,0.1369968121685351,0.28526743597641796,8.632895384911995,0.07774441537647972,7895.0,0.9997044503688812,0.6141865000110491
socofing:000545:right_ring,stripes,0.4000000059604645,818,0.4226173730271842,0.36015892028808594,0.19313104313647375,1.0,5438.0,0.4231335049650607,0.445806618899096,0.647480691430673,0.678506721430686,0.7112909157778595,0.7560734222745492,0.17862966531129942,0.3290889326221152,7.48046415485815,0.045610088165230774,5438.0,0.9999997913837433,0.3884249329908354,0.10796204020740627,0.2785414355487945,9.66728916979115,0.06477306645500432,5438.0,0.8677442520856857,0.3963738137012657,0.1749269722250943,0.3260214327768268,7.571432209079068,0.05121634228608499,5438.0,0.9972393214702606,0.5638435281799468,0.24170784047746885,0.20302756130695343,0.24280991475112051,3.0,5438.0,0.20356748804707614,0.23277515141172153,0.3315557190143435,0.3858392758573755,0.376425156307466,0.43686065067259344,0.15393749722529534,0.30624397656364477,8.126555786449266,0.09002682192027978,5438.0,0.9860751023516059,0.5119825570921116,0.10796925131151532,0.27299704741912306,9.666999101343718,0.0960178796918634,5438.0,0.9043825827538967,0.38327126093004593,0.12728914633312988,0.28191396330775087,8.952086261074388,0.11596876805758621,5438.0,0.9702424388378859,0.34376155991836854
socofing:000553:right_ring,random_rectangles,0.30000001192092896,828,0.3981056918589109,0.33771002292633057,0.198501453061246,0.0,10431.0,0.41865592944108904,0.3869358672584627,0.6776914965008148,0.6358521245142128,0.7624388840954847,0.7188242102661294,0.14347345139573908,0.2966088681933467,8.432284541845224,0.05113494683090882,10431.0,0.9888781900517642,0.6369188088122852,0.09283951715335703,0.25099505213189377,10.322671269211819,0.061191244328031774,10431.0,0.9077758779749274,0.5760770897440395,0.14347345139573908,0.2966088681933467,8.432284541845224,0.05113494683090882,10431.0,0.9888781900517642,0.6369188088122852,0.29781872364866946,0.25279295444488525,0.1814550735088115,2.0,10431.0,0.27792157990604927,0.2897452046156684,0.4640974019748826,0.4757026059345709,0.5225769341386253,0.5376884063742051,0.2248666317537313,0.3894346314879259,6.480749852953103,0.048667923510387415,10431.0,0.9987450838088989,0.5668936159848288,0.13606664834987547,0.3004652047481603,8.662483128027308,0.0539342410415172,10431.0,0.9587861886247993,0.6282226781281454,0.10779804152492617,0.2559297215249759,9.67389129340782,0.056578407602817946,10431.0,0.9914870848879218,0.6030637092253553
socofing:000554:right_ring,irregular,0.5,838,0.3925389900714022,0.33407390117645264,0.07174889153464618,1.0,5658.0,0.3297985153764581,0.4337036938433851,0.5017674089784376,0.6321788544914418,0.56062212796041,0.6983372413741273,0.2569129183034646,0.4168831619047901,5.9021405763767945,0.08214853141598238,5658.0,0.9999644756317139,0.4336701808722964,0.16474742319388838,0.3399135033274448,7.831813694588509,0.1048284131661817,5658.0,0.9525126810185611,0.5591323238570268,0.13604474930973623,0.28487402315789123,8.663182152940912,0.11691617725010058,5658.0,0.994627833366394,0.6034053191923887,0.306171185978102,0.25498446822166443,0.1799649702802243,1.0,5658.0,0.2695298692117356,0.32424618263744387,0.4033227288794627,0.49168139723089743,0.4462707670554966,0.5474931354287152,0.13918677620725056,0.29705654735159764,8.564020240144464,0.10189867502541622,5658.0,0.9890013337135315,0.31056542772601736,0.1315412328686755,0.3029811159016603,8.809380920377057,0.12155648557142251,5658.0,0.8768579326570034,0.21217638608459996,0.11529372718122192,0.2698291694658511,9.381943208465803,0.1302518786608124,5658.0,0.9759785830974579,0.17966266553434845
socofing:000558:right_ring,central_missing,0.699999988079071,848,0.37752475356880644,0.3255130648612976,0.12629067967320787,2.0,4904.0,0.40925774877650895,0.40271589847898404,0.6007340946166395,0.6065587202011081,0.6692495921696574,0.674506327441816,0.22453558882422792,0.3800663087088015,6.487148136583114,0.029696307602771137,4904.0,0.9999943971633911,0.19156792637692344,0.11288723523773389,0.27593509198596006,9.473551632940676,0.03589808554518895,4904.0,0.930983480066061,0.23978709509188378,0.15033750798167525,0.3025320659061707,8.229326529643226,0.015988265276126064,4904.0,0.9808656871318817,0.17512229952560585,0.2377325388689512,0.1993715465068817,0.08397558801362665,2.0,4904.0,0.21247960848287112,0.22376456904737052,0.36643556280587275,0.3789752652081638,0.4149673735725938,0.43071216392842826,0.20102770586153165,0.36017070404988094,6.967440835069985,0.03883783930461741,4904.0,0.9998318552970886,0.20965961621908413,0.12957823559448234,0.29434585929185464,8.874679379328832,0.02457387941673818,4904.0,0.9440104942768812,0.11601932701218677,0.13045745891829644,0.292313483064644,8.845310850233252,0.03631047222053199,4904.0,0.9627595525234938,0.11282962687052116
socofing:000564:right_little,central_only,0.20000000298023224,859,0.12074571943701903,0.11018770188093185,-0.004491115612752557,4.0,4611.0,0.03730210366514856,0.09772046235786087,0.06788115376274127,0.19089062539131463,0.08176100628930817,0.2219473464024659,0.5195785820460479,0.648994705026674,2.8434875962158235,0.05086408114606475,4611.0,0.9999907612800598,1.0346728853122793,0.42610052549748173,0.5827157537820882,3.704879301963648,0.05467776420036476,4611.0,0.9998252987861633,0.7864115903478275,0.35151545528527833,0.5107152282999196,4.540555753452894,0.055453477678702186,4611.0,0.9999967813491821,0.7226018023062193,0.15255433196515794,0.13216114044189453,-0.007700081029656798,2.0,4611.0,0.05465191932335719,0.1382982456368703,0.0882671871611364,0.24266132251142397,0.10409889394925179,0.2774490148029418,0.4654424295542276,0.6054355309670417,3.321340291254608,0.05857025124312506,4611.0,0.9999098777770996,0.7782811683962304,0.3546245377557256,0.5266243084796368,4.502312172877896,0.06311942119476964,4611.0,0.9869410386309028,0.6734461767176889,0.25510955881339703,0.4345289020456949,5.932732683124495,0.05726034756319617,4611.0,0.9885039320215583,0.6069217649651526
socofing:000584:right_little,disconnected_fragments,0.4000000059604645,869,0.4320388325137795,0.37096908688545227,0.1661211932597015,0.0,5404.0,0.5529237601776462,0.44601543415351586,0.8234641006661733,0.6926597921860209,0.8897113249444856,0.774874578196856,0.10581850445647428,0.2561339619538459,9.754383806880144,0.03628856652216445,5404.0,0.9960262477397919,0.29729290487356047,0.06444643586582621,0.2126103307883621,11.908010957908822,0.12156265476226888,5404.0,0.725879117846489,0.2637473554350279,0.10581850445647428,0.2561339619538459,9.754383806880144,0.03628856652216445,5404.0,0.9960262477397919,0.29729290487356047,0.34674203311907287,0.29207324981689453,0.14748739077710946,0.0,5404.0,0.5111028867505552,0.36270543440437425,0.7187268689859363,0.5563835931190466,0.7681347150259067,0.6209429793572709,0.07199153606869574,0.21247044148586752,11.42718559884474,0.052620873339658585,5404.0,0.9654623568058014,0.41209386190666764,0.05381424223304607,0.19501647892801696,12.691027707153973,0.12924855556419687,5404.0,0.617260679602623,0.2285619913620856,0.07199153606869574,0.21247044148586752,11.42718559884474,0.052620873339658585,5404.0,0.9654623568058014,0.41209386190666764
socofing:000589:right_little,stripes,0.6000000238418579,879,0.3460999588634702,0.2984424829483032,0.40353051777527477,1.0,4119.0,0.3425588735129886,0.3335346577742864,0.5163874726875455,0.552503404072634,0.5736829327506676,0.6254929861720832,0.16392579106840868,0.3068437855873862,7.853527118504619,0.10465867837440812,4119.0,0.9999873042106628,0.35854099111953264,0.07689793144146212,0.2327283597957143,11.140853425866235,0.14056431907731057,4119.0,0.8533802703022957,0.1537526709906587,0.16607786008846787,0.2732993829375869,7.796882596755516,0.08619027358717911,4119.0,1.0,0.3097317742296668,0.27268386505766673,0.23662295937538147,0.29712196502158383,1.0,4119.0,0.18159747511531926,0.2405548377808624,0.307841709152707,0.43308128136458635,0.3522699684389415,0.49725676255916096,0.16162157029843502,0.31254205495909554,7.915006779894655,0.12130042696747582,4119.0,0.9999974966049194,0.43338842277841183,0.136584884299775,0.30747840535976434,8.64597360891943,0.1398332092072258,4119.0,0.902914762031287,0.18845120156909292,0.11641407711038794,0.2653275902196946,9.339945004274501,0.0841069590526169,4119.0,0.9930830299854279,0.2109758037889171
socofing:000594:right_little,random_rectangles,0.5,889,0.30302749460867606,0.271759033203125,0.2673379891871432,3.0,5786.0,0.36916695471828553,0.2669816460683195,0.5796750777739371,0.48123940651984604,0.6463878326996197,0.5526586600036881,0.20083494368376306,0.35216836225176396,6.971607211648641,0.03216881983764982,5786.0,0.9987981617450714,0.3222614954806824,0.11112827124143371,0.2546971798736011,9.541754416690335,0.09014810979483742,5786.0,0.9960784311406314,0.25469567048986336,0.1617108818529016,0.2972444258432293,7.912607545546018,0.08289492939072503,5786.0,0.9974045157432556,0.18692470774633838,0.2804874656524289,0.23710422217845917,0.28104143347801674,3.0,5786.0,0.3708952644313861,0.29305037796353123,0.5271344624956792,0.45003623627499656,0.5789837538886968,0.5023648557121515,0.14610595760354986,0.2989280339926958,8.353320749514289,0.05812517205655419,5786.0,0.9960784311406314,0.2787591743117426,0.09696874050261646,0.2452338724171777,10.13368245271727,0.0988889057092824,5786.0,0.9960784311406314,0.3148267591691092,0.12652667568439036,0.2672220341434057,8.978179023047696,0.10109733878362595,5786.0,0.9966244697570801,0.17287381517965889
socofing:000598:right_little,irregular,0.699999988079071,899,0.4199572404951101,0.3536199629306793,0.14620532189009622,3.0,3670.0,0.44604904632152587,0.4711717468678789,0.6531335149863761,0.6770530354294529,0.7201634877384196,0.7456801316166444,0.21370790760947542,0.36812719005687866,6.701794077955805,0.16527995121322964,3670.0,0.9998692572116852,0.15999041442322787,0.09933476421918296,0.27022565698482054,10.028987347237464,0.19696353104006029,3670.0,0.8066779375076294,0.18707109356689583,0.1504238474291417,0.3035176194116869,8.226833074552625,0.17253164579909952,3670.0,0.9823151230812073,0.5650026665126142,0.28349866246982236,0.2372124195098877,0.2163627256747594,3.0,3670.0,0.28119891008174386,0.2724552376718547,0.45858310626702997,0.45249351747191896,0.5201634877384196,0.5125062774052737,0.15691472385423652,0.3169440018648804,8.043363031394538,0.19149313727403666,3670.0,0.9801564514636993,0.13994950171860723,0.08286882228194654,0.24415283729550644,10.816088332340886,0.24403009512263354,3670.0,0.7530667181126773,0.09088555525685864,0.11642233181008933,0.2679872570921,9.339637065275767,0.22559564412747785,3670.0,0.9395402669906616,0.1646861013203196
