sample_id,mask_family,observed_fraction,missing_roi_orientation_valid_pixels,missing_roi_orientation_error,missing_mse,missing_mae,missing_psnr,missing_ssim_map_mean,missing_pixels,missing_max_absolute_error,observed_mse,observed_mae,observed_psnr,observed_ssim_map_mean,observed_pixels,observed_max_absolute_error,missing_roi_mse,missing_roi_mae,missing_roi_psnr,missing_roi_ssim_map_mean,missing_roi_pixels,missing_roi_max_absolute_error,observed_roi_mse,observed_roi_mae,observed_roi_psnr,observed_roi_ssim_map_mean,observed_roi_pixels,observed_roi_max_absolute_error
socofing:000023:left_thumb,random_rectangles,0.10000000149011612,10597.0,0.5938293974568561,0.031072992671361557,0.11774934709494511,15.0761691738974,0.3005565592332545,14746.0,0.7788813412189484,0.0,0.0,inf,0.9633060376331071,1638.0,0.0,0.037983583930114924,0.14596406171294507,14.204040599349817,0.11567507042901741,11110.0,0.7788813412189484,0.0,0.0,inf,0.9175077291998275,94.0,0.0
socofing:000023:left_index,random_rectangles,0.20000000298023224,9730.0,0.07364805462994359,0.021554389399236262,0.09128565835495275,16.6646427549153,0.35771082188511527,13107.0,0.7613100111484528,0.0,0.0,inf,0.9870636370445772,3277.0,0.0,0.028572570447894106,0.11959848486166047,15.44050687824426,0.15612439985098947,9774.0,0.7613100111484528,0.0,0.0,inf,0.9431179290312818,299.0,0.0
socofing:000023:left_middle,random_rectangles,0.30000001192092896,9252.0,0.08533457131372547,0.02014547847867808,0.09110227153868027,16.958224131511642,0.2866645450590443,11469.0,0.7968389689922333,0.0,0.0,inf,0.98918675447543,4915.0,0.0,0.02314619019160405,0.10430946064919995,16.355204826125888,0.17074047048341207,9663.0,0.7968389689922333,0.0,0.0,inf,0.9273559426966231,528.0,0.0
socofing:000023:left_ring,random_rectangles,0.4000000059604645,5839.0,0.019757770651540142,0.016353621477799188,0.07161213121209237,17.863860586816,0.52119955678046,9830.0,0.7740763425827026,0.0,0.0,inf,0.9940413948205007,6554.0,0.0,0.026533846326253704,0.11546687885447125,15.761997904553262,0.23559768409672022,5967.0,0.7740763425827026,0.0,0.0,inf,0.9843333976919043,1950.0,0.0
socofing:000023:left_little,random_rectangles,0.5,5340.0,0.01735657172356879,0.011495640136205923,0.06001621459290618,19.394668399770154,0.5770572798196516,8192.0,0.7171216458082199,0.0,0.0,inf,0.9907909791781557,8192.0,0.0,0.017068355112766127,0.08899861138249376,17.678083300785776,0.36811139172838603,5418.0,0.7171216458082199,0.0,0.0,inf,0.9754114225726288,3011.0,0.0
socofing:000023:right_thumb,random_rectangles,0.6000000238418579,6353.0,0.028587986132485813,0.026391128863062475,0.1090160057030189,15.785420327237375,0.22818988130089154,6554.0,0.9456028062850237,0.0,0.0,inf,0.9922127372353668,9830.0,0.0,0.02635709923209965,0.10885146618080105,15.791023883425844,0.2215096840542792,6492.0,0.9456028062850237,0.0,0.0,inf,0.9882872336845442,5741.0,0.0
socofing:000023:right_index,random_rectangles,0.699999988079071,4637.0,0.06460246510146433,0.026089723269657594,0.11787886969131225,15.835305273811153,0.1717434313800086,4915.0,0.7262757867574692,0.0,0.0,inf,0.9939372243338852,11469.0,0.0,0.026089723269657594,0.11787886969131225,15.835305273811153,0.1717434313800086,4915.0,0.7262757867574692,0.0,0.0,inf,0.9894947916430469,6619.0,0.0
socofing:000023:right_middle,random_rectangles,0.800000011920929,2891.0,0.036470059081994056,0.012645489927844521,0.07337069204477846,18.980643399979005,0.43935147804522146,3277.0,0.6233945488929749,0.0,0.0,inf,0.9922439647143482,13107.0,0.0,0.013768773606230775,0.0796495654561945,18.61104740917088,0.39011634705794124,3004.0,0.6233945488929749,0.0,0.0,inf,0.986865151824258,7571.0,0.0
socofing:000023:right_ring,irregular,0.10000000149011612,9282.0,0.29829372163060236,0.014602190808642593,0.0750446074892219,18.35581980878168,0.42984211225141855,14746.0,0.7131116688251495,0.0,0.0,inf,0.9489641719108253,1638.0,0.0,0.01876251022176887,0.0964355190998279,17.26709058146056,0.23315524402617133,10666.0,0.7131116688251495,0.0,0.0,inf,0.8633627907971224,580.0,0.0
socofing:000023:right_little,irregular,0.20000000298023224,7801.0,0.10986534743411047,0.014377130502689241,0.06738035469290012,18.423277851077508,0.5516612889970068,13107.0,0.6783866286277771,0.0,0.0,inf,0.9561182117062448,3277.0,0.0,0.021383699665887098,0.10085766727708487,16.699171538757206,0.30003336522266844,8096.0,0.6783866286277771,0.0,0.0,inf,0.9334255597527031,2099.0,0.0
socofing:000030:left_thumb,irregular,0.30000001192092896,7795.0,0.05415999893976625,0.03412293851610612,0.11848972363506129,14.669535763796976,0.5310603803890942,11469.0,0.8821547254920006,0.0,0.0,inf,0.9812688374688832,4915.0,0.0,0.04821158473954203,0.16644567586410883,13.168485927997814,0.3528854099113014,7905.0,0.8821547254920006,0.0,0.0,inf,0.9740186878949318,3012.0,0.0
socofing:000030:left_index,irregular,0.4000000059604645,6162.0,0.030574094000276844,0.028760849511489116,0.10136507137594243,15.41198290309207,0.578994237652529,9830.0,0.797126367688179,0.0,0.0,inf,0.9850044574628216,6554.0,0.0,0.044394254068083755,0.1560647920794358,13.526732368225133,0.3642259879812367,6280.0,0.797126367688179,0.0,0.0,inf,0.9767253814520153,3528.0,0.0
socofing:000030:left_middle,irregular,0.5,6093.0,0.05329211517562368,0.027520485010113845,0.1057582036733038,15.603439165353631,0.5555078172711113,8192.0,0.857698880136013,0.0,0.0,inf,0.9876617490860234,8192.0,0.0,0.03538210845932971,0.13563533177984344,14.512162905623017,0.4378576758072141,6197.0,0.857698880136013,0.0,0.0,inf,0.9802546915691055,4123.0,0.0
socofing:000030:left_ring,irregular,0.6000000238418579,3924.0,0.018434906152658595,0.018322707732403548,0.07880352707599626,17.37010345823966,0.6809042826728986,6554.0,0.8097913265228271,0.0,0.0,inf,0.9915603920877165,9830.0,0.0,0.028213041697037897,0.12094385961885593,15.49550089277906,0.5202127366865921,3993.0,0.8097913265228271,0.0,0.0,inf,0.9856657952248248,5079.0,0.0
socofing:000030:left_little,irregular,0.699999988079071,2459.0,0.07842653460153426,0.021099642761370205,0.07752953030146272,16.757248976918348,0.6936695698073603,4915.0,0.7274635285139084,0.0,0.0,inf,0.9942464433812181,11469.0,0.0,0.040238552275103805,0.14729904695845913,13.953576529581966,0.4247503105769708,2566.0,0.7274635285139084,0.0,0.0,inf,0.9899893571265516,5534.0,0.0
socofing:000030:right_thumb,irregular,0.800000011920929,1926.0,0.015721283806040983,0.012922232988114776,0.0601252242572268,18.88662432887213,0.7694807521916164,3277.0,0.8020746149122715,0.0,0.0,inf,0.9939293378232664,13107.0,0.0,0.020299635207005784,0.09148006403904646,16.925117664714136,0.6442626684974317,2001.0,0.8020746149122715,0.0,0.0,inf,0.9925872360140429,10324.0,0.0
socofing:000030:right_index,central_missing,0.10000000149011612,8714.0,0.23857120391359068,0.06130961155411896,0.1584703103051684,12.124714354701737,0.26912560213160297,14746.0,0.9919459782540798,0.0,0.0,inf,0.9928156948456018,1638.0,0.0,0.07858774317558134,0.19881782121011024,11.046451827938196,0.07237976754059428,9506.0,0.9919459782540798,0.0,0.0,inf,0.9673079660839754,128.0,0.0
socofing:000030:right_middle,central_missing,0.20000000298023224,10754.0,0.07318579986672984,0.04471823844356245,0.14764042428578916,13.495153126643086,0.26781673625120245,13107.0,0.8876417875289917,0.0,0.0,inf,0.9858095647437262,3277.0,0.0,0.05318019081731775,0.17496148372593057,12.742501086975793,0.13312593942266115,10901.0,0.8876417875289917,0.0,0.0,inf,0.9788093747644453,745.0,0.0
socofing:000030:right_ring,central_missing,0.30000001192092896,8363.0,0.11715443080548073,0.028811296315860355,0.11325611982633288,15.404372009295999,0.3500205246941257,11469.0,0.7503155469894409,0.0,0.0,inf,0.993274342513944,4915.0,0.0,0.03724891971552658,0.14620243637846717,14.28886318040222,0.17043443117376764,8870.0,0.7503155469894409,0.0,0.0,inf,0.9764522912912722,1200.0,0.0
socofing:000030:right_little,central_missing,0.4000000059604645,5590.0,0.2664649548122333,0.02995450011463441,0.11661151353182651,15.235379235871306,0.3367912867123615,9830.0,0.7663752138614655,0.0,0.0,inf,0.9949001163385116,6554.0,0.0,0.04091386006639143,0.15547022275279815,13.881295445434287,0.1531723536030889,6788.0,0.7663752138614655,0.0,0.0,inf,0.9736552091907598,1163.0,0.0
socofing:000032:left_thumb,central_missing,0.5,8191.0,0.03988685346031451,0.07427489688135408,0.208403082994721,11.291579424713195,0.2333661241201212,8192.0,0.9831044501625001,0.0,0.0,inf,0.9952175075471535,8192.0,0.0,0.07427489688135408,0.208403082994721,11.291579424713195,0.2333661241201212,8192.0,0.9831044501625001,0.0,0.0,inf,0.9881049772806951,2999.0,0.0
socofing:000032:left_index,central_missing,0.6000000238418579,6234.0,0.05467799086811084,0.06411990536144528,0.1825340299181888,11.93007127319646,0.24331757123674094,6554.0,0.9260279014706612,0.0,0.0,inf,0.9951603351522202,9830.0,0.0,0.06711034578129454,0.1905781734037807,11.732105235064424,0.21799386781716182,6259.0,0.9260279014706612,0.0,0.0,inf,0.992595475496045,3680.0,0.0
socofing:000032:left_middle,central_missing,0.699999988079071,4224.0,0.022342198925005368,0.0644229335211615,0.17988469395615986,11.909595033125669,0.35957749392016436,4915.0,0.8456889539957047,0.0,0.0,inf,0.9985340692497917,11469.0,0.0,0.0749489806472686,0.20897055072859846,11.25234269450483,0.27490878501442817,4224.0,0.8456889539957047,0.0,0.0,inf,0.9966100102098108,4209.0,0.0
socofing:000032:left_ring,central_missing,0.800000011920929,3111.0,0.017190301675436975,0.03369004596501089,0.13205196471304512,14.72498396488842,0.3701034290853399,3277.0,0.7236036509275436,0.0,0.0,inf,0.9989023693437902,13107.0,0.0,0.03548769550760963,0.13909331188252486,14.499222018590515,0.34036291431263777,3111.0,0.7236036509275436,0.0,0.0,inf,0.9973031842111396,4863.0,0.0
socofing:000032:left_little,peripheral_only,0.10000000149011612,6272.0,0.02760750339029966,0.03379721302003391,0.09299017662623527,14.711191109626927,0.6162120735433779,14746.0,0.9583508372306824,0.0,0.0,inf,0.9783408446562308,1638.0,0.0,0.07197260768134166,0.19887829177262306,11.428327618518868,0.19146783253608562,6338.0,0.9583508372306824,0.0,0.0,inf,0.9471583183577079,631.0,0.0
socofing:000032:right_thumb,peripheral_only,0.20000000298023224,9404.0,0.019624812045737166,0.05166114649403193,0.14623429393849655,12.868359599415143,0.48000726528253423,13107.0,0.8968435302376747,0.0,0.0,inf,0.9805648602273987,3277.0,0.0,0.06865799191319633,0.19126772938721148,11.633089028294554,0.3107125228147552,9434.0,0.8968435302376747,0.0,0.0,inf,0.9796294820762558,3025.0,0.0
socofing:000032:right_index,peripheral_only,0.30000001192092896,6790.0,0.018507761488209366,0.044190455749112297,0.11868381658924997,13.546715194084252,0.597357622538898,11469.0,0.9449305711314082,0.0,0.0,inf,0.9898325044634,4915.0,0.0,0.07133779250655578,0.18889755086714044,11.466803337004215,0.37548524838703545,6948.0,0.9449305711314082,0.0,0.0,inf,0.9854675133318054,3380.0,0.0
socofing:000032:right_middle,peripheral_only,0.4000000059604645,5912.0,0.060352186329547405,0.04110285385664591,0.11577210162654193,13.86128023107753,0.5675581958231815,9830.0,0.9656678959727287,0.0,0.0,inf,0.9931605585329634,6554.0,0.0,0.065600097439133,0.18232231968896165,11.830955155443647,0.3299519244872255,6001.0,0.9656678959727287,0.0,0.0,inf,0.9895475798114568,4197.0,0.0
socofing:000032:right_ring,peripheral_only,0.5,4702.0,0.02520843388032472,0.01740458110498161,0.06902726791649849,17.59336424892433,0.6210264692045794,8192.0,0.8612757315859199,0.0,0.0,inf,0.9903261736743786,8192.0,0.0,0.029198791088215024,0.11469197475598807,15.34635129188085,0.3681993520785052,4803.0,0.8612757315859199,0.0,0.0,inf,0.9833100727335502,4664.0,0.0
socofing:000032:right_little,peripheral_only,0.6000000238418579,3126.0,0.03609285691008423,0.01700403766366975,0.06268770119944882,17.694479417485617,0.6500456953856943,6554.0,0.9180679358541965,0.0,0.0,inf,0.9926260288938129,9830.0,0.0,0.03416957567740342,0.12529427357400597,14.663604142977093,0.29938754253721334,3261.0,0.9180679358541965,0.0,0.0,inf,0.9850314432221355,4436.0,0.0
socofing:000039:left_thumb,peripheral_only,0.699999988079071,2799.0,0.009528933131748383,0.035998642277194626,0.10565064582383471,14.437138787505411,0.7107497738420543,4915.0,0.9130392000079155,0.0,0.0,inf,0.9984141908153014,11469.0,0.0,0.06127941278304077,0.17758516913266365,12.126854050318979,0.5214642429541791,2823.0,0.9130392000079155,0.0,0.0,inf,0.9980671992729652,8858.0,0.0
socofing:000039:left_index,peripheral_only,0.800000011920929,2098.0,0.009687717791353799,0.03593855782246508,0.11815005053121932,14.444393546703438,0.6777472062336181,3277.0,0.8080801479518414,0.0,0.0,inf,0.9984119559033342,13107.0,0.0,0.055209586089962744,0.17934342459479197,12.579855087830463,0.5079591599032292,2098.0,0.8080801479518414,0.0,0.0,inf,0.9974977867849105,8256.0,0.0
socofing:000039:left_middle,central_only,0.10000000149011612,10038.0,0.06394052920471677,0.06284442814037242,0.16303067761504778,12.017332213218484,0.3366376519471828,14746.0,0.9410511255264282,0.0,0.0,inf,0.9914052288330506,1638.0,0.0,0.08588883146045068,0.22128471964377172,10.660633059061997,0.1281815772996107,10070.0,0.9410511255264282,0.0,0.0,inf,0.9914052288330506,1638.0,0.0
socofing:000039:left_ring,central_only,0.20000000298023224,7876.0,0.05820220316676442,0.0433482782661925,0.12833675326329846,13.630281474228642,0.4685326719104352,13107.0,0.9429690502583981,0.0,0.0,inf,0.9951765865557212,3277.0,0.0,0.06654198482040106,0.1957905181937393,11.769042490985193,0.2265082139416317,7886.0,0.9429690502583981,0.0,0.0,inf,0.9951765865557212,3277.0,0.0
socofing:000039:left_little,central_only,0.30000001192092896,3459.0,0.05346166116219561,0.020743621075642118,0.06083992106810943,16.831154294367735,0.78538415065048,11469.0,0.8942843675613403,0.0,0.0,inf,0.9977931733970743,4915.0,0.0,0.059559870461334256,0.17498958584907962,12.250462554797828,0.4309675812556326,3477.0,0.8942843675613403,0.0,0.0,inf,0.9976863884173587,4688.0,0.0
socofing:000039:right_thumb,central_only,0.4000000059604645,5915.0,0.05451811504645506,0.05426703833475785,0.13780505304512985,12.654638797282427,0.5599009803993277,9830.0,0.9985829451470636,0.0,0.0,inf,0.9960379089559178,6554.0,0.0,0.08262056598370673,0.20313884112993089,10.829118342594718,0.37942503928597426,6045.0,0.9985829451470636,0.0,0.0,inf,0.9960379089559178,6554.0,0.0
socofing:000039:right_index,central_only,0.5,3849.0,0.024945065806967023,0.03094595025721685,0.08988697389685091,15.093961768868454,0.7231682996107076,8192.0,0.9670856706798077,0.0,0.0,inf,0.9958371937184528,8192.0,0.0,0.05561247376961309,0.1586630606005945,12.548277860848069,0.5394368240467325,3905.0,0.9670856706798077,0.0,0.0,inf,0.9958371937184528,8192.0,0.0
socofing:000039:right_middle,central_only,0.6000000238418579,2527.0,0.03841086501845801,0.016051886451928687,0.05693154685594807,17.944739210460494,0.7928402717758042,6554.0,0.9571126373484731,0.0,0.0,inf,0.9946783183687318,9830.0,0.0,0.027915486264084372,0.10370139231530681,15.541548027062877,0.5786010679653848,2544.0,0.9571126373484731,0.0,0.0,inf,0.994736126892629,9813.0,0.0
socofing:000039:right_ring,central_only,0.699999988079071,783.0,0.08495255405286407,0.007881233643107617,0.027967380589046652,21.03405797426599,0.9009975006038137,4915.0,0.7868857234716415,0.0,0.0,inf,0.9990541875754969,11469.0,0.0,0.03802352341281953,0.13042134513042122,14.19947642130081,0.5383069187939459,789.0,0.7868857234716415,0.0,0.0,inf,0.9988856920542826,9636.0,0.0
socofing:000039:right_little,central_only,0.800000011920929,405.0,0.07888325399565568,0.009061481224872447,0.029489002463646257,20.428008050595512,0.9141106259620543,3277.0,0.8488503247499466,0.0,0.0,inf,0.9996836430431486,13107.0,0.0,0.04298692972585556,0.13722840209624598,13.666635725786396,0.6646997291195322,420.0,0.8488503247499466,0.0,0.0,inf,0.9996147547582929,9758.0,0.0
socofing:000052:left_thumb,disconnected_fragments,0.10000000149011612,10435.0,0.1828489722408113,0.04384975550516042,0.13811751381502568,13.580328238043421,0.31345737989980854,14746.0,0.8428503274917603,0.0,0.0,inf,0.977432459835687,1638.0,0.0,0.055212771889365964,0.1749521134057329,12.579604490917486,0.15905257590832805,10534.0,0.8428503274917603,0.0,0.0,inf,0.9756889084055498,1490.0,0.0
socofing:000052:left_index,disconnected_fragments,0.20000000298023224,9054.0,0.15512846073632444,0.04775359422564404,0.14181441093746044,13.209939352086312,0.3745757774723466,13107.0,0.8162866830825806,0.0,0.0,inf,0.9879291596718306,3277.0,0.0,0.06534055749830454,0.1913631012216974,11.848171643600544,0.19381279872110685,9174.0,0.8162866830825806,0.0,0.0,inf,0.9869702318390834,2876.0,0.0
socofing:000052:left_middle,disconnected_fragments,0.30000001192092896,7496.0,0.21092831103605195,0.019349981847080307,0.08851779047008358,17.13319438072282,0.4935414728123016,11469.0,0.7154673039913177,0.0,0.0,inf,0.9857579946227801,4915.0,0.0,0.025943007051239607,0.11809902348693754,15.859796863062478,0.3217556877946294,7538.0,0.7154673039913177,0.0,0.0,inf,0.9856212170905085,4841.0,0.0
socofing:000052:left_ring,disconnected_fragments,0.4000000059604645,6981.0,0.04866510385369051,0.03408833464447076,0.12005456149320394,14.673942153267983,0.4234028194431617,9830.0,0.771526113152504,0.0,0.0,inf,0.9915765184074259,6554.0,0.0,0.04201677092281584,0.15135152749441444,13.765773270916297,0.2589896707016728,7024.0,0.771526113152504,0.0,0.0,inf,0.9897561617233211,5322.0,0.0
socofing:000052:left_little,disconnected_fragments,0.5,5960.0,0.029102641484972085,0.028647617404633244,0.11179280667056446,15.429114920578026,0.43349402902475037,8192.0,0.699131429195404,0.0,0.0,inf,0.9948595346092699,8192.0,0.0,0.03715186303247517,0.14429820051160108,14.30019403049129,0.2726117572996002,5973.0,0.699131429195404,0.0,0.0,inf,0.9931108090475599,5962.0,0.0
socofing:000052:right_thumb,disconnected_fragments,0.6000000238418579,4324.0,0.10099644261628231,0.04759430895333482,0.1356456981659226,13.224449745468627,0.4572246648919747,6554.0,0.9698672946542501,0.0,0.0,inf,0.9945534735266536,9830.0,0.0,0.06096813129514932,0.1735900913857659,12.148971161252396,0.28214419382741185,4347.0,0.9698672946542501,0.0,0.0,inf,0.9942199267058784,8587.0,0.0
socofing:000052:right_index,disconnected_fragments,0.699999988079071,1949.0,0.0830000154183623,0.01924430618865408,0.06653469427447102,17.156977418242946,0.7281391291505995,4915.0,0.8221256285905838,0.0,0.0,inf,0.997216597837589,11469.0,0.0,0.03298277798640213,0.11499287488029966,14.817127685412155,0.4923834068863182,1963.0,0.8221256285905838,0.0,0.0,inf,0.9969899248340649,10063.0,0.0
socofing:000052:right_middle,disconnected_fragments,0.800000011920929,1160.0,0.10845359302751559,0.01490340365789462,0.06373041701441427,18.267145355451994,0.7659165856988365,3277.0,0.7454174906015396,0.0,0.0,inf,0.9967132163555729,13107.0,0.0,0.023641923263884562,0.10086143015858347,16.263171966183126,0.624328908486431,1168.0,0.7454174906015396,0.0,0.0,inf,0.9969038228902205,11344.0,0.0
socofing:000052:right_ring,stripes,0.10000000149011612,10621.0,0.8130760180096556,0.04083417558689962,0.13391947543363986,13.889762080851408,0.32290307817284225,14746.0,0.8378926217556,0.0,0.0,inf,0.98739385534528,1638.0,0.0,0.05198895245060046,0.1699723844492831,12.840889332782336,0.13500514415421047,10887.0,0.8378926217556,0.0,0.0,inf,0.9842016033362435,1262.0,0.0
socofing:000052:right_little,stripes,0.20000000298023224,8974.0,0.07638918190474642,0.018246092476834244,0.08329771068070786,17.38830128328026,0.3928900830187233,13107.0,0.7944115251302719,0.0,0.0,inf,0.9770101473853301,3277.0,0.0,0.023847004653474196,0.10810037527079648,16.225661635489292,0.20074657916071745,9379.0,0.7944115251302719,0.0,0.0,inf,0.9640279746586358,1694.0,0.0
socofing:000054:left_thumb,stripes,0.30000001192092896,8870.0,0.11821683179510603,0.09345924113652174,0.1993918744461014,10.29377749649809,0.29459603220421227,11469.0,0.998654518625699,0.0,0.0,inf,0.9936564675632639,4915.0,0.0,0.10817450626194351,0.23444769570859156,9.658750783636064,0.16301260972140733,8917.0,0.998654518625699,0.0,0.0,inf,0.9910399147466525,3391.0,0.0
socofing:000054:left_index,stripes,0.4000000059604645,6803.0,0.04127492670945311,0.030560804609103955,0.1077036846582593,15.148352157804485,0.40909173113749897,9830.0,0.868962973356247,0.0,0.0,inf,0.991914828865793,6554.0,0.0,0.04337479958703515,0.15159540343948397,13.627625188511175,0.19059286714472873,6876.0,0.868962973356247,0.0,0.0,inf,0.9886908908778735,4255.0,0.0
socofing:000054:left_middle,stripes,0.5,5821.0,0.052616042618242015,0.03751187681995313,0.1287766830801047,14.258312063862489,0.4235864095354177,8192.0,0.8926287963986397,0.0,0.0,inf,0.9950583337431866,8192.0,0.0,0.04830418433321813,0.16339397464414038,13.160152470100568,0.27254091754791937,6093.0,0.8926287963986397,0.0,0.0,inf,0.9928294036483605,5239.0,0.0
socofing:000054:left_ring,stripes,0.6000000238418579,5230.0,0.039521658440698916,0.03931258808159355,0.13520454134602244,14.054683641535576,0.39662121747882567,6554.0,0.8459792882204056,0.0,0.0,inf,0.995417881935842,9830.0,0.0,0.04688884956072207,0.1606237201292687,13.289304227433309,0.29671040812637006,5426.0,0.8459792882204056,0.0,0.0,inf,0.9937643164538428,6382.0,0.0
socofing:000054:left_little,stripes,0.699999988079071,3067.0,0.03675868688749575,0.014704008394517137,0.06785551285786158,18.325642580192106,0.5196575457704021,4915.0,0.6860056594014168,0.0,0.0,inf,0.9954155194415576,11469.0,0.0,0.02341339254835754,0.10684321909173718,16.305356534421,0.26824315606201193,3075.0,0.6860056594014168,0.0,0.0,inf,0.9945154647307489,8370.0,0.0
socofing:000054:right_thumb,stripes,0.800000011920929,2393.0,0.0179275696549851,0.017928662154492767,0.08146427226390793,17.464521164946408,0.5416572727876512,3277.0,0.7789813131093979,0.0,0.0,inf,0.998755708498375,13107.0,0.0,0.021803796354177053,0.09790027733841973,16.61467882903293,0.41472816536434115,2508.0,0.7789813131093979,0.0,0.0,inf,0.9985120630824936,10397.0,0.0
socofing:000054:right_index,severe_partial,0.10000000149011612,9844.0,0.050862129440130494,0.059283211156790624,0.15367588811728977,12.270682802327746,0.4054210250180441,14746.0,0.9709559492766857,0.0,0.0,inf,0.9833279017522735,1638.0,0.0,0.08220962892584238,0.21045233360283055,10.850773120894964,0.19888549728136984,10066.0,0.9709559492766857,0.0,0.0,inf,0.9833279017522735,1638.0,0.0
socofing:000054:right_middle,severe_partial,0.20000000298023224,9254.0,0.048451570616443035,0.05209555871759641,0.14589882587353528,12.831992998608744,0.39025672360796354,13107.0,0.9600291736423969,0.0,0.0,inf,0.9855267923462039,3277.0,0.0,0.06970579391045116,0.19198740215374213,11.567311220632615,0.18906512882785204,9388.0,0.9600291736423969,0.0,0.0,inf,0.9850996693492761,3176.0,0.0
socofing:000054:right_ring,severe_partial,0.30000001192092896,6866.0,0.03968777550279351,0.032414143409668514,0.1084205277527659,14.892654507653704,0.5333528680978118,11469.0,0.8933416856452823,0.0,0.0,inf,0.9924677758655438,4915.0,0.0,0.05065343094594534,0.16837912937839136,12.95391132921122,0.27350268575463454,6931.0,0.8933416856452823,0.0,0.0,inf,0.9914743516172126,4268.0,0.0
socofing:000054:right_little,random_rectangles,0.10000000149011612,10329.0,0.06828580290510282,0.05998468519657521,0.1572629495236851,12.219596160097472,0.3450485333354588,14746.0,0.9479739628732204,0.0,0.0,inf,0.9814128315601381,1638.0,0.0,0.08253169632582225,0.21417783636739984,10.833792284714965,0.12330969936673682,10576.0,0.9479739628732204,0.0,0.0,inf,0.9547272057972876,332.0,0.0
socofing:000057:left_thumb,random_rectangles,0.20000000298023224,11794.0,0.05280755825670908,0.07398764704858846,0.20803563298020333,11.308407838698676,0.20991545854305396,13107.0,0.9852422550320625,0.0,0.0,inf,0.9834932458803985,3277.0,0.0,0.07991375176633765,0.223975399624907,10.973784797305452,0.1460172591715157,11889.0,0.9852422550320625,0.0,0.0,inf,0.9696807466972385,718.0,0.0
socofing:000057:left_index,random_rectangles,0.30000001192092896,9419.0,0.06477202120992435,0.0704597690402891,0.18350597531433271,11.520587847240693,0.2709954629108017,11469.0,0.9675955250859261,0.0,0.0,inf,0.988996361908643,4915.0,0.0,0.08503528736453562,0.22129238093970496,10.704008163150675,0.12708903257043158,9464.0,0.9675955250859261,0.0,0.0,inf,0.9732929904346743,1878.0,0.0
socofing:000057:left_middle,random_rectangles,0.4000000059604645,9127.0,0.041343208760782,0.04182062035763945,0.1439731255584177,13.786095292442829,0.30494241648007153,9830.0,0.9071901310235262,0.0,0.0,inf,0.9906717453430416,6554.0,0.0,0.04327318831865041,0.14939885953412754,13.637811053054413,0.2697671545548625,9240.0,0.9071901310235262,0.0,0.0,inf,0.9828596393542592,3294.0,0.0
socofing:000057:left_ring,random_rectangles,0.5,7865.0,0.057649581892183936,0.05003181540506416,0.16786300493469097,13.00753738449837,0.2426310535733909,8192.0,0.906328558921814,0.0,0.0,inf,0.991984117795901,8192.0,0.0,0.05079347595621254,0.17019490528924525,12.941920660265247,0.23336931212930417,8065.0,0.906328558921814,0.0,0.0,inf,0.986897924462621,4384.0,0.0
socofing:000057:left_little,random_rectangles,0.6000000238418579,6120.0,0.030442463030695477,0.04787535038506069,0.15987041127344545,13.198880345430794,0.30344518935552806,6554.0,0.9077222235500813,0.0,0.0,inf,0.9896261625934837,9830.0,0.0,0.05039228828563378,0.16772231651559766,12.976359201268725,0.27356766045262004,6212.0,0.9077222235500813,0.0,0.0,inf,0.9830527450100819,5080.0,0.0
socofing:000057:right_thumb,random_rectangles,0.699999988079071,3973.0,0.10815213874043608,0.05794151718398092,0.17131041640057304,12.370101370921422,0.34979658519343115,4915.0,0.875836081802845,0.0,0.0,inf,0.9959716154957103,11469.0,0.0,0.064249604908917,0.18981538207302592,11.921295386021896,0.2871981153881235,4432.0,0.875836081802845,0.0,0.0,inf,0.994181991867445,7589.0,0.0
socofing:000057:right_index,random_rectangles,0.800000011920929,3088.0,0.04058473672274695,0.06631226108316916,0.1872411292870097,11.78406163473878,0.3259605998385525,3277.0,0.8499560505151749,0.0,0.0,inf,0.9973895851713898,13107.0,0.0,0.07027984460356948,0.19844359651849564,11.531692074483262,0.2884172254374977,3092.0,0.8499560505151749,0.0,0.0,inf,0.996144109645216,8512.0,0.0
socofing:000057:right_middle,irregular,0.10000000149011612,10373.0,0.07768025229331257,0.061274830493207144,0.1614462021287979,12.127178814788483,0.3444453774416336,14746.0,0.9915789561346173,0.0,0.0,inf,0.955067721590231,1638.0,0.0,0.08066410756887393,0.21294553856342763,10.933196666691442,0.13539935136908848,10546.0,0.9915789561346173,0.0,0.0,inf,0.9237806429269394,735.0,0.0
socofing:000057:right_ring,irregular,0.20000000298023224,9361.0,0.03690779536268002,0.04366717113101901,0.13783565431013925,13.59844941854302,0.39230414884481796,13107.0,0.8975412994623184,0.0,0.0,inf,0.9701169182917472,3277.0,0.0,0.05766183915324326,0.1802021981454821,12.39111509686854,0.2052557693098848,9779.0,0.8975412994623184,0.0,0.0,inf,0.9541613138845515,2046.0,0.0
socofing:000057:right_little,irregular,0.30000001192092896,7501.0,0.051650804015550986,0.035789929935045275,0.11616177253092907,14.46239151815444,0.5338373249917282,11469.0,0.8624953429680318,0.0,0.0,inf,0.9804917406605616,4915.0,0.0,0.05126204505709671,0.16449615734785908,12.902040719852533,0.3399720120964009,7827.0,0.8624953429680318,0.0,0.0,inf,0.9722197254391807,3150.0,0.0
socofing:000061:left_thumb,irregular,0.4000000059604645,5388.0,0.014275815770346244,0.02912029629213362,0.09574551891682165,15.358042104927907,0.7484530425358936,9830.0,0.9398259744048119,0.0,0.0,inf,0.9831776462066267,6554.0,0.0,0.04844921000208187,0.1577405084032058,13.147133000277405,0.60193605723376,5602.0,0.9398259744048119,0.0,0.0,inf,0.9760391112445996,3798.0,0.0
socofing:000061:left_index,irregular,0.5,4720.0,0.01952768534150162,0.03292872257402683,0.09707126818371914,14.82425116837804,0.7020382371155184,8192.0,0.8929806798696518,0.0,0.0,inf,0.9930835603721924,8192.0,0.0,0.05660933848969578,0.16612497208542043,12.471119200483404,0.493058201122352,4742.0,0.8929806798696518,0.0,0.0,inf,0.9909199507915765,5483.0,0.0
socofing:000061:left_middle,irregular,0.6000000238418579,3717.0,0.018799093038037305,0.02377338738850344,0.08369271154942133,16.239089327302796,0.751416730248916,6554.0,0.9169430173933506,0.0,0.0,inf,0.9951115092694199,9830.0,0.0,0.040726670528873674,0.14149110405138546,13.901210927384913,0.5814952899785839,3763.0,0.9169430173933506,0.0,0.0,inf,0.9914996284572277,5476.0,0.0
socofing:000061:left_ring,irregular,0.699999988079071,2139.0,0.011213819952523749,0.015290231119512391,0.056506385915555596,18.155859499591458,0.7865327979316068,4915.0,0.870682418346405,0.0,0.0,inf,0.9925157749516992,11469.0,0.0,0.032007707557219885,0.11898310539959481,14.94745429601625,0.536676843958248,2144.0,0.870682418346405,0.0,0.0,inf,0.9853345862190712,5472.0,0.0
socofing:000061:left_little,irregular,0.800000011920929,1144.0,0.027928679176333192,0.015527427285430556,0.052582536412925984,18.089004958682885,0.8415307121808552,3277.0,0.8142758309841156,0.0,0.0,inf,0.9977474186094216,13107.0,0.0,0.040945998213845626,0.13722667825605386,13.877885368478797,0.615374447457055,1222.0,0.8142758309841156,0.0,0.0,inf,0.9962874157084235,7326.0,0.0
socofing:000061:right_thumb,central_missing,0.10000000149011612,10967.0,0.16485607009003972,0.0804073544066605,0.194626543724938,10.94704226970973,0.2725413821246321,14746.0,0.9746987465769053,0.0,0.0,inf,0.9898968600342302,1638.0,0.0,0.103082070273108,0.2477916114639989,9.868168677777293,0.0765371097267313,11148.0,0.9746987465769053,0.0,0.0,inf,0.9601296865437356,94.0,0.0
socofing:000061:right_index,central_missing,0.20000000298023224,10278.0,0.09714542074705558,0.04422919005689558,0.11829299273863018,13.54291013536605,0.30969818511543823,13107.0,0.9892389222513884,0.0,0.0,inf,0.9946846785815564,3277.0,0.0,0.05511260434736012,0.14654084831114253,12.587490658940892,0.1530802890553571,10506.0,0.9892389222513884,0.0,0.0,inf,0.978555867568124,650.0,0.0
socofing:000061:right_middle,central_missing,0.30000001192092896,8784.0,0.06668452607707208,0.0887524928764239,0.20313519824187667,10.518194396557393,0.33647279362351035,11469.0,0.9805042743682861,0.0,0.0,inf,0.9917938399003622,4915.0,0.0,0.11406017156213495,0.26078766991934327,9.428659795119822,0.1524427470724476,8917.0,0.9805042743682861,0.0,0.0,inf,0.9720737047739514,1092.0,0.0
socofing:000061:right_ring,central_missing,0.4000000059604645,8123.0,0.024594102943365212,0.059187422907083335,0.16493578085062907,12.277705693303723,0.32587912690030413,9830.0,0.953933073207736,0.0,0.0,inf,0.9979252577420327,6554.0,0.0,0.07161968771222803,0.1994237581978003,11.449675770011869,0.19182139284500765,8123.0,0.953933073207736,0.0,0.0,inf,0.991823781582603,1385.0,0.0
socofing:000061:right_little,central_missing,0.5,4684.0,0.08012440976692371,0.04976677701349548,0.1248917290858842,13.030604840415414,0.472065278017021,8192.0,0.980876039742725,0.0,0.0,inf,0.9975629854672967,8192.0,0.0,0.08686933032042378,0.21652344515485078,10.61133526469811,0.12940814834493697,4684.0,0.980876039742725,0.0,0.0,inf,0.9915928106824387,2257.0,0.0
socofing:000064:left_thumb,central_missing,0.6000000238418579,6553.0,0.016140325116951303,0.07157299122121039,0.2065026027019769,11.452508321123162,0.27502291692735353,6554.0,0.9331429586745799,0.0,0.0,inf,0.9967837211652475,9830.0,0.0,0.07157299122121039,0.2065026027019769,11.452508321123162,0.27502291692735353,6554.0,0.9331429586745799,0.0,0.0,inf,0.9944435815561303,5690.0,0.0
socofing:000064:left_index,central_missing,0.699999988079071,4915.0,0.08643179278193812,0.08264350265476682,0.2205032154254702,10.827912845256956,0.2014267815668466,4915.0,0.9419143199920654,0.0,0.0,inf,0.9952163380599796,11469.0,0.0,0.08264350265476682,0.2205032154254702,10.827912845256956,0.2014267815668466,4915.0,0.9419143199920654,0.0,0.0,inf,0.9891320701597007,4915.0,0.0
socofing:000064:left_middle,central_missing,0.800000011920929,3277.0,0.013417565239822751,0.06776131325311659,0.188965700606432,11.690181857196295,0.3285785413973009,3277.0,0.9086557030677795,0.0,0.0,inf,0.9983727938111713,13107.0,0.0,0.06776131325311659,0.188965700606432,11.690181857196295,0.3285785413973009,3277.0,0.9086557030677795,0.0,0.0,inf,0.9974442430776539,8345.0,0.0
socofing:000064:left_ring,peripheral_only,0.10000000149011612,8542.0,0.07779825755509485,0.05598319173999498,0.14021909945596708,12.519423449632347,0.4535930440486285,14746.0,0.9396986179053783,0.0,0.0,inf,0.9782366683518764,1638.0,0.0,0.08387597913828246,0.21380088535759836,10.763623969943845,0.15494144630170545,8566.0,0.9396986179053783,0.0,0.0,inf,0.965021167158858,1010.0,0.0
socofing:000064:left_little,peripheral_only,0.20000000298023224,5726.0,0.029822416840788152,0.039451728097432574,0.10460134184219366,14.039339687095207,0.6125494382747438,13107.0,0.9524580799043179,0.0,0.0,inf,0.9902554623361127,3277.0,0.0,0.08478802291162478,0.22287629916247725,10.716654915022376,0.2135464274827682,5762.0,0.9524580799043179,0.0,0.0,inf,0.9797260122514369,986.0,0.0
socofing:000064:right_thumb,peripheral_only,0.30000001192092896,8410.0,0.040267713993670566,0.0438243772313968,0.13746322672933597,13.582842467547513,0.45568096213462506,11469.0,0.9788222406059504,0.0,0.0,inf,0.9917784259857868,4915.0,0.0,0.0557107113586728,0.1725557810898011,12.540612960877864,0.30340849773321016,8423.0,0.9788222406059504,0.0,0.0,inf,0.9906647465956633,4258.0,0.0
socofing:000064:right_index,peripheral_only,0.4000000059604645,6434.0,0.03210046799982794,0.046625601471098004,0.13432107940725316,13.313755527404885,0.5509375420867451,9830.0,0.9240711536258459,0.0,0.0,inf,0.9920715317246447,6554.0,0.0,0.0655565697203372,0.18906548841354232,11.833837791787845,0.38363500746143037,6472.0,0.9240711536258459,0.0,0.0,inf,0.9906668734341675,5475.0,0.0
socofing:000064:right_middle,peripheral_only,0.5,5235.0,0.018878905210501527,0.03715358754172432,0.1136240179167955,14.299992445050318,0.6480029690715101,8192.0,0.9107019938528538,0.0,0.0,inf,0.9951252747338485,8192.0,0.0,0.05605887663615062,0.16971269828708746,12.513556093158174,0.46922924382465925,5242.0,0.9107019938528538,0.0,0.0,inf,0.9927216885642269,5329.0,0.0
socofing:000064:right_ring,peripheral_only,0.6000000238418579,4061.0,0.01968960901726842,0.036731139146368795,0.11463632466058361,14.349656026291006,0.6067518233851066,6554.0,0.873665452003479,0.0,0.0,inf,0.9951504546309308,9830.0,0.0,0.05719478917886434,0.17725446768551195,12.426435364858353,0.3858888038977664,4087.0,0.873665452003479,0.0,0.0,inf,0.9931211484935322,6822.0,0.0
socofing:000064:right_little,peripheral_only,0.699999988079071,3009.0,0.019605778411107184,0.03343938367274976,0.10205294106369901,14.757417357183837,0.6421525135311306,4915.0,0.9101434983313084,0.0,0.0,inf,0.9970694411691718,11469.0,0.0,0.05426717100231562,0.16384914121025937,12.654628180023845,0.43150108677473276,3009.0,0.9101434983313084,0.0,0.0,inf,0.9960000646316922,8052.0,0.0
socofing:000066:left_thumb,peripheral_only,0.800000011920929,1653.0,0.003105707799786888,0.022487897204108383,0.0748684923683966,16.480511526278715,0.8379893679609859,3277.0,0.8231051005423069,0.0,0.0,inf,0.9988589977845915,13107.0,0.0,0.044057357445940006,0.1446377117829446,13.559815553255948,0.6873087592053466,1653.0,0.8231051005423069,0.0,0.0,inf,0.9985525084054602,9893.0,0.0
socofing:000066:left_index,central_only,0.10000000149011612,9686.0,0.1892377096242123,0.058680405814185176,0.15484236728929804,12.31506891382063,0.3934806628023805,14746.0,0.9481941983103752,0.0,0.0,inf,0.9934888139614239,1638.0,0.0,0.0834146333370225,0.2184234491259644,10.787577548772827,0.17057732843333878,9861.0,0.9481941983103752,0.0,0.0,inf,0.9934888139614239,1638.0,0.0
socofing:000066:left_middle,central_only,0.20000000298023224,8377.0,0.11925544210503218,0.04959214578325513,0.13731674360579527,13.045870999834268,0.4640479968617777,13107.0,0.9603458307683468,0.0,0.0,inf,0.9956177194147385,3277.0,0.0,0.06769733914124587,0.18975139350038245,11.694284010192018,0.26793275869205124,8529.0,0.9603458307683468,0.0,0.0,inf,0.9956177194147385,3277.0,0.0
socofing:000066:left_ring,central_only,0.30000001192092896,6500.0,0.052052451741372546,0.032944096043247724,0.10496157908671826,14.822224046080342,0.5444362309187767,11469.0,0.955689087510109,0.0,0.0,inf,0.9946043651299362,4915.0,0.0,0.051900481306990764,0.16369394158472433,12.848286146370729,0.3572728190927709,6519.0,0.955689087510109,0.0,0.0,inf,0.9946043651299362,4915.0,0.0
socofing:000066:left_little,central_only,0.4000000059604645,2885.0,0.12343822453228423,0.02156660448441435,0.06346135844120288,16.662182262355675,0.7287733178227999,9830.0,0.944776639342308,0.0,0.0,inf,0.9981634958061202,6554.0,0.0,0.06155516117910574,0.1763986666004134,12.107355271740389,0.2940145713381101,2978.0,0.944776639342308,0.0,0.0,inf,0.9977910410137641,5176.0,0.0
socofing:000066:right_thumb,central_only,0.5,3820.0,0.1007072051572331,0.03367688010393065,0.09964939656640759,14.726681492510089,0.661202591120924,8192.0,0.9886803149711341,0.0,0.0,inf,0.9963588796411775,8192.0,0.0,0.06145244913719217,0.17471305228100134,12.114608039805814,0.44195758077949543,3981.0,0.9886803149711341,0.0,0.0,inf,0.9963588796411775,8192.0,0.0
socofing:000066:right_index,central_only,0.6000000238418579,1487.0,0.1486651847899096,0.016292539614599536,0.05206065421839551,17.880112143629866,0.8201100071510343,6554.0,0.8018545163795352,0.0,0.0,inf,0.9979722702322901,9830.0,0.0,0.045923029470678646,0.1522110891443637,13.379694699349717,0.5035572520624626,1535.0,0.7523624897003174,0.0,0.0,inf,0.9978712726241049,9100.0,0.0
socofing:000066:right_middle,central_only,0.699999988079071,1154.0,0.07302322320890903,0.019283313074386965,0.05860162048108484,17.14818347699132,0.8307991894325601,4915.0,0.8557191491127014,0.0,0.0,inf,0.9988227343628596,11469.0,0.0,0.059384623908623896,0.1799618113913946,12.26325989632908,0.5340997055851092,1192.0,0.8557191491127014,0.0,0.0,inf,0.9987211577175905,10467.0,0.0
socofing:000066:right_ring,central_only,0.800000011920929,270.0,0.006967374930549547,0.0007689544853052949,0.005017801473553238,31.14099365485625,0.9593369022488597,3277.0,0.6004960834980011,0.0,0.0,inf,0.9989206315641975,13107.0,0.0,0.0057109580572275945,0.031095481461675716,22.432910293959885,0.8948469900597215,291.0,0.6004960834980011,0.0,0.0,inf,0.9995156812665481,11572.0,0.0
socofing:000066:right_little,disconnected_fragments,0.10000000149011612,8815.0,0.11264859131300649,0.04499804807879268,0.12937272536338992,13.468063246023252,0.45948527619371077,14746.0,0.9082156168296933,0.0,0.0,inf,0.9795041478670395,1638.0,0.0,0.07109634504783606,0.20307770625312832,11.481527250980353,0.18441462516375914,8989.0,0.9082156168296933,0.0,0.0,inf,0.9667509684517881,981.0,0.0
socofing:000068:left_thumb,disconnected_fragments,0.20000000298023224,9527.0,0.04072323868018463,0.05102003942039444,0.14709022775780792,12.922592101705025,0.40813834415812134,13107.0,0.9673292133957148,0.0,0.0,inf,0.9832950558461047,3277.0,0.0,0.06277765174272873,0.18345251197263887,12.021949335268447,0.27225790636610664,9562.0,0.9673292133957148,0.0,0.0,inf,0.9821084461137873,3056.0,0.0
socofing:000068:left_index,disconnected_fragments,0.30000001192092896,7547.0,0.08162813434308712,0.03583032398341882,0.11497619497513374,14.45749264857197,0.48300351190331514,11469.0,0.9248178694397211,0.0,0.0,inf,0.9870056317554238,4915.0,0.0,0.04989228246612242,0.15789804814931668,13.019666275547515,0.28419254883536843,7730.0,0.9248178694397211,0.0,0.0,inf,0.9860106542466328,4552.0,0.0
socofing:000068:left_middle,disconnected_fragments,0.4000000059604645,7018.0,0.1617524952436584,0.05497256975180866,0.15611047585107718,12.598539609977955,0.3534787297885496,9830.0,0.939771257340908,0.0,0.0,inf,0.9927533295489378,6554.0,0.0,0.06311843050799465,0.18575111150567342,11.998438087560473,0.21921952834564393,7175.0,0.9380312919383869,0.0,0.0,inf,0.9914199459387398,5529.0,0.0
socofing:000068:left_ring,disconnected_fragments,0.5,3032.0,0.06531853194519054,0.022849071445969194,0.07362468255377408,16.411314443506168,0.6591312320376896,8192.0,0.9362650997936726,0.0,0.0,inf,0.99323815151158,8192.0,0.0,0.03742427381724632,0.1303920497317963,14.268466179781647,0.4048062370797724,3342.0,0.9362650997936726,0.0,0.0,inf,0.9927670293455287,7549.0,0.0
socofing:000068:left_little,disconnected_fragments,0.6000000238418579,2728.0,0.34980460879455,0.048819123030543275,0.10026947304478888,13.114100263612036,0.5619737564190368,6554.0,0.9832316669635475,0.0,0.0,inf,0.995408017155265,9830.0,0.0,0.08759990804127185,0.17656876143913627,10.57496349735905,0.2541916007660244,3315.0,0.9832316669635475,0.0,0.0,inf,0.9937106181854577,6939.0,0.0
socofing:000068:right_thumb,disconnected_fragments,0.699999988079071,3152.0,0.05685180203373256,0.05792656356690695,0.16093103867044317,12.371222348048807,0.3976866170321289,4915.0,0.9518645834177732,0.0,0.0,inf,0.9978171783337794,11469.0,0.0,0.07224675935758994,0.20573245845851487,11.411816284977881,0.24373021965216404,3250.0,0.9518645834177732,0.0,0.0,inf,0.9974046263287346,9499.0,0.0
socofing:000068:right_index,disconnected_fragments,0.800000011920929,1126.0,0.04699245170793469,0.017006513461335474,0.06989796594921943,17.693847128251328,0.7653873823025021,3277.0,0.9247143443208188,0.0,0.0,inf,0.9981675355631187,13107.0,0.0,0.036290448707206484,0.14694437523424256,14.402076620044852,0.4695772868355109,1178.0,0.9247143443208188,0.0,0.0,inf,0.9978998416284492,11043.0,0.0
socofing:000068:right_middle,stripes,0.10000000149011612,11023.0,0.0817139746623231,0.05239635058882847,0.15882146664465027,12.806989606179451,0.29367974573995304,14746.0,0.9673726637847722,0.0,0.0,inf,0.9754430953537089,1638.0,0.0,0.06695537126735687,0.20049209798807574,11.742145774539965,0.10623255334765891,11255.0,0.9673726637847722,0.0,0.0,inf,0.9691683059497038,1181.0,0.0
socofing:000068:right_ring,stripes,0.20000000298023224,9482.0,0.09939146026046801,0.05151604510856285,0.15069703286053424,12.880574851951323,0.3155879764915501,13107.0,0.9440438821911812,0.0,0.0,inf,0.9845933885678606,3277.0,0.0,0.06863646460524746,0.1982685328861673,11.634450946519967,0.10048968345350567,9725.0,0.9440438821911812,0.0,0.0,inf,0.9816081443648441,2593.0,0.0
socofing:000068:right_little,stripes,0.30000001192092896,6923.0,0.08081170313850643,0.03912178267368153,0.11784471988591359,14.075813638102176,0.45536980991046844,11469.0,0.9397860858589411,0.0,0.0,inf,0.9895274808752976,4915.0,0.0,0.06141299550846612,0.18319639082187206,12.117397187541393,0.16223371830733224,7214.0,0.9397860858589411,0.0,0.0,inf,0.9869668081249637,3458.0,0.0
socofing:000077:left_thumb,stripes,0.4000000059604645,7917.0,0.04752378957269981,0.06827571257914573,0.18720577841098485,11.657337585250877,0.29846695365257536,9830.0,0.9552520238794386,0.0,0.0,inf,0.9903752217257553,6554.0,0.0,0.0789102896424524,0.21571365835678216,11.028663625247876,0.19216329167501736,8275.0,0.9552520238794386,0.0,0.0,inf,0.9866522768911458,4380.0,0.0
socofing:000077:left_index,stripes,0.5,5828.0,0.056266115242475226,0.05876920522070015,0.15573475064794073,12.308501825304239,0.40998516710935096,8192.0,0.9510772675275803,0.0,0.0,inf,0.9935372058748073,8192.0,0.0,0.07951883682527647,0.21015892115504822,10.995299812774755,0.2066304723743307,5846.0,0.9510772675275803,0.0,0.0,inf,0.9934761621903301,5913.0,0.0
socofing:000077:left_middle,stripes,0.6000000238418579,5316.0,0.017315771567546333,0.053371264278405224,0.16079350465214937,12.72692509344967,0.3410385174691881,6554.0,0.9216250851750374,0.0,0.0,inf,0.9977913380511283,9830.0,0.0,0.06445935990051381,0.19356966556844063,11.907140114680372,0.20744715844114076,5323.0,0.9216250851750374,0.0,0.0,inf,0.9968355971523594,6442.0,0.0
socofing:000077:left_ring,stripes,0.699999988079071,3636.0,0.07909872314791308,0.04291433279968476,0.13661376534529893,13.673976351760528,0.46033195947499217,4915.0,0.9189719706773758,0.0,0.0,inf,0.9964854429560925,11469.0,0.0,0.052456711937185756,0.1696691884393861,12.801989351007855,0.3350731365211711,3713.0,0.9189719706773758,0.0,0.0,inf,0.9945768994980267,6709.0,0.0
socofing:000077:left_little,stripes,0.800000011920929,2839.0,0.01978866985714322,0.059240724288887596,0.17575980581444559,12.273796403475835,0.42805652550058204,3277.0,0.8962680045515299,0.0,0.0,inf,0.9968140571481647,13107.0,0.0,0.06443867307566033,0.19160719022004968,11.908534111741718,0.3774305468219379,2867.0,0.8962680045515299,0.0,0.0,inf,0.9959305761908827,8845.0,0.0
socofing:000077:right_thumb,severe_partial,0.10000000149011612,10398.0,0.0958620166511758,0.06851729149852896,0.17432827560287362,11.641998131100912,0.33143149519991477,14746.0,0.9924889148678631,0.0,0.0,inf,0.9822283342826046,1638.0,0.0,0.08693542815873453,0.220986478315584,10.608032026273666,0.17317207797852785,10920.0,0.9924889148678631,0.0,0.0,inf,0.9822283342826046,1638.0,0.0
socofing:000077:right_index,severe_partial,0.20000000298023224,8997.0,0.14727844591073108,0.056630912220323605,0.15428431080006333,12.469464426280709,0.429886357957464,13107.0,0.9812733381986618,0.0,0.0,inf,0.9895643507841656,3277.0,0.0,0.07844087556784407,0.21202136867731583,11.05457567322446,0.23601879283582494,9206.0,0.9812733381986618,0.0,0.0,inf,0.9889900882520014,3091.0,0.0
socofing:000077:right_middle,severe_partial,0.30000001192092896,7754.0,0.06193382587631214,0.06426464356805608,0.15683904854114242,11.920278968498305,0.3648653916679951,11469.0,0.9954372285865247,0.0,0.0,inf,0.9863200956893486,4915.0,0.0,0.08362776943033291,0.20537130184891836,10.776494868217746,0.18195571391550683,8006.0,0.9954372285865247,0.0,0.0,inf,0.9867848275215315,4582.0,0.0
socofing:000077:right_ring,random_rectangles,0.10000000149011612,11062.0,0.20959354541292377,0.07757043991702031,0.19640552345364096,11.103037455805323,0.22456465768289413,14746.0,0.9731399118900299,0.0,0.0,inf,0.9703961778374943,1638.0,0.0,0.09372762533648053,0.2366912772222127,10.281323860285427,0.07471665362784556,11878.0,0.9731399118900299,0.0,0.0,inf,0.8043370803975677,80.0,0.0
socofing:000077:right_little,random_rectangles,0.20000000298023224,8283.0,0.10365655608389804,0.08337182115131439,0.1934965097177872,10.789807117891812,0.3031093656405071,13107.0,0.9619770180433989,0.0,0.0,inf,0.9740924253512968,3277.0,0.0,0.12421175864522162,0.2799213973942685,9.058372892398706,0.06968068625146054,8414.0,0.9619770180433989,0.0,0.0,inf,0.9492295989522762,364.0,0.0
socofing:000081:left_thumb,random_rectangles,0.30000001192092896,7948.0,0.1421951868158745,0.06879695598871485,0.19002481611938754,11.624307772666736,0.2306103802218106,11469.0,0.9666867107152939,0.0,0.0,inf,0.9822473749391268,4915.0,0.0,0.07883777027872148,0.21636450956542905,11.032656671087413,0.1370201772634979,9900.0,0.9666867107152939,0.0,0.0,inf,0.9585822626706689,1191.0,0.0
socofing:000081:left_index,random_rectangles,0.4000000059604645,8550.0,0.24849621559585328,0.0893920545883497,0.22692208254409008,10.487010807766012,0.17950226165318092,9830.0,0.9606062220409513,0.0,0.0,inf,0.9845934830002008,6554.0,0.0,0.09781115275836606,0.24727447346896753,10.096116226636756,0.10935769987394885,8883.0,0.9606062220409513,0.0,0.0,inf,0.9721426118544467,2545.0,0.0
socofing:000081:left_middle,random_rectangles,0.5,6771.0,0.2056845819612899,0.08032193834807068,0.21616789128034064,10.951658195751317,0.1867581281053294,8192.0,0.9547434523701668,0.0,0.0,inf,0.9868806438328667,8192.0,0.0,0.08576938673972268,0.23055551618080478,10.666676951631855,0.133706362910641,7670.0,0.9547434523701668,0.0,0.0,inf,0.9744170820086696,4163.0,0.0
socofing:000081:left_ring,random_rectangles,0.6000000238418579,4953.0,0.13308840527576848,0.06071753037886635,0.175402030450448,12.166859012206576,0.2700612020813466,6554.0,0.9465818703174591,0.0,0.0,inf,0.9913812491589707,9830.0,0.0,0.06966136874031296,0.20116700948578056,11.570079965656213,0.16577833671539852,5712.0,0.9465818703174591,0.0,0.0,inf,0.9898137713906134,6451.0,0.0
socofing:000081:left_little,random_rectangles,0.699999988079071,3692.0,0.07018325477632675,0.04927321163238618,0.15529912309225488,13.073891294489426,0.4197131036491064,4915.0,0.8957885205745697,0.0,0.0,inf,0.9853222066124071,11469.0,0.0,0.06117672377274337,0.19253257565098297,12.134137847151447,0.2948633342957381,3958.0,0.8957885205745697,0.0,0.0,inf,0.9730496058472619,6162.0,0.0
socofing:000081:right_thumb,random_rectangles,0.800000011920929,3063.0,0.06399083968535679,0.055288914471292784,0.17801300097279954,12.573619368067064,0.3218392268596083,3277.0,0.8645154163241386,0.0,0.0,inf,0.9957428826867741,13107.0,0.0,0.055288914471292784,0.17801300097279954,12.573619368067064,0.3218392268596083,3277.0,0.8645154163241386,0.0,0.0,inf,0.9938791096287349,9116.0,0.0
socofing:000081:right_index,irregular,0.10000000149011612,9208.0,0.13351382519804256,0.05142405573757712,0.14087524582898686,12.88833674192787,0.413085925063312,14746.0,0.9929805542342365,0.0,0.0,inf,0.962134100790548,1638.0,0.0,0.07237604932625287,0.19528999749577014,11.40405126707716,0.17851046509450738,10146.0,0.9929805542342365,0.0,0.0,inf,0.949015248529597,1120.0,0.0
socofing:000081:right_middle,irregular,0.20000000298023224,9500.0,0.08979159306418484,0.04826685827167722,0.15410070382272853,13.163509688357385,0.3995955175340366,13107.0,0.8959748242050409,0.0,0.0,inf,0.9675215020556136,3277.0,0.0,0.06028171383872092,0.191088517501953,12.198144089765382,0.2528088269368307,10240.0,0.8959748242050409,0.0,0.0,inf,0.9549708816482384,2053.0,0.0
socofing:000081:right_ring,irregular,0.30000001192092896,6851.0,0.09569813196546675,0.0386707186514673,0.11770608465945619,14.12617756981329,0.4527139295166001,11469.0,0.9143545483238995,0.0,0.0,inf,0.9655885304393604,4915.0,0.0,0.05653883703618939,0.16824474703052125,12.47653128884349,0.25770991911744234,7758.0,0.9143545483238995,0.0,0.0,inf,0.9436972907381848,2679.0,0.0
socofing:000081:right_little,irregular,0.4000000059604645,6486.0,0.15312716586785388,0.05342650706911872,0.15503522086166444,12.722432182968701,0.4117693663465846,9830.0,0.8634727150201797,0.0,0.0,inf,0.972371311165813,6554.0,0.0,0.06928702239661891,0.19900637756532175,11.5934810203077,0.2559566706662898,7492.0,0.8634727150201797,0.0,0.0,inf,0.9602776283855681,3611.0,0.0
socofing:000089:left_thumb,irregular,0.5,6298.0,0.026788894518348687,0.04889506142139958,0.1512614512732222,13.107350039795929,0.5523401470485846,8192.0,0.8771103844046593,0.0,0.0,inf,0.98390887660857,8192.0,0.0,0.05954070616484102,0.18246734560798006,12.25186018838184,0.46423019174130115,6521.0,0.8771103844046593,0.0,0.0,inf,0.9783787148847382,5708.0,0.0
socofing:000089:left_index,irregular,0.6000000238418579,4077.0,0.03390004695874589,0.032255039194620715,0.10909169087374107,14.91402426037885,0.6325197478800314,6554.0,0.8601559400558472,0.0,0.0,inf,0.9896852694927948,9830.0,0.0,0.04857045389901982,0.16300475276264662,13.136278379533884,0.459272030404116,4262.0,0.8601559400558472,0.0,0.0,inf,0.9872382704967361,7603.0,0.0
socofing:000089:left_middle,irregular,0.699999988079071,3506.0,0.029780032881268865,0.03242404060990124,0.12139793690051841,14.891328653283862,0.6187238316325988,4915.0,0.7866673320531845,0.0,0.0,inf,0.9936685547059536,11469.0,0.0,0.043052181626405485,0.15837636954344364,13.660048362125782,0.49973718615848234,3546.0,0.7866673320531845,0.0,0.0,inf,0.9922212508373028,8761.0,0.0
socofing:000089:left_ring,irregular,0.800000011920929,1826.0,0.023091690325033352,0.02352217895448717,0.08846365754520433,16.28522450279633,0.7386914081352102,3277.0,0.7620083764195442,0.0,0.0,inf,0.9936067275247761,13107.0,0.0,0.03918303108427126,0.14472128573365725,14.0690197129544,0.5920241313426505,1842.0,0.7620083764195442,0.0,0.0,inf,0.9940312862371422,10333.0,0.0
socofing:000089:left_little,central_missing,0.10000000149011612,9528.0,0.1435109754597232,0.06021429938678296,0.16014828886347177,12.203003624408597,0.32341687696092103,14746.0,0.9421383421868086,0.0,0.0,inf,0.97593509663447,1638.0,0.0,0.08624452664823823,0.22870583400868677,10.642684570882363,0.050704672914614016,10089.0,0.9421383421868086,0.0,0.0,inf,0.8550221380154035,120.0,0.0
socofing:000089:right_thumb,central_missing,0.20000000298023224,10239.0,0.16594812628298952,0.08973767506672232,0.21501107882106366,10.470251864050502,0.17823716649806315,13107.0,0.975979769602418,0.0,0.0,inf,0.9914109266918246,3277.0,0.0,0.10359248888196217,0.24718739775075915,9.846717325770133,0.06455645287845112,11259.0,0.975979769602418,0.0,0.0,inf,0.9758009183336299,606.0,0.0
socofing:000089:right_index,central_missing,0.30000001192092896,8720.0,0.21702927600880673,0.05980508451780178,0.17754884311688565,12.232618915274054,0.2147082405076813,11469.0,0.9258809089660645,0.0,0.0,inf,0.9841937885350083,4915.0,0.0,0.06834362654295523,0.20213591769765435,11.653019797982154,0.11349017468844998,9973.0,0.9258809089660645,0.0,0.0,inf,0.9406965574989914,820.0,0.0
socofing:000089:right_middle,central_missing,0.4000000059604645,7867.0,0.2698193776140181,0.07275499164007332,0.1933254468887746,11.38137204852417,0.20374605916213875,9830.0,0.9786062948405743,0.0,0.0,inf,0.9935730718676778,6554.0,0.0,0.07967627851339756,0.21156439434724567,10.986709589573525,0.13541653244581922,8974.0,0.9786062948405743,0.0,0.0,inf,0.9864972538894748,2803.0,0.0
socofing:000089:right_ring,central_missing,0.5,7132.0,0.12345462716260663,0.0614834317496461,0.1917571486584584,12.112418999826353,0.13761944506312546,8192.0,0.943604588508606,0.0,0.0,inf,0.993999372992623,8192.0,0.0,0.0614834317496461,0.1917571486584584,12.112418999826353,0.13761944506312546,8192.0,0.943604588508606,0.0,0.0,inf,0.9861133476493162,3535.0,0.0
socofing:000089:right_little,central_missing,0.6000000238418579,6270.0,0.0590649155100371,0.0722646152441707,0.20525962793196356,11.410743052774208,0.1634710881975985,6554.0,0.9226105008274317,0.0,0.0,inf,0.9924389448009828,9830.0,0.0,0.07288739427383194,0.2070283389713634,11.373475755324796,0.15692330465396304,6498.0,0.9226105008274317,0.0,0.0,inf,0.9795323693921059,3179.0,0.0
socofing:000093:left_thumb,central_missing,0.699999988079071,4640.0,0.02588982752589892,0.071315926071757,0.20906118912041025,11.468134738967098,0.25207640970116074,4915.0,0.8456352800130844,0.0,0.0,inf,0.9970495190135096,11469.0,0.0,0.071315926071757,0.20906118912041025,11.468134738967098,0.25207640970116074,4915.0,0.8456352800130844,0.0,0.0,inf,0.9955150342698398,7545.0,0.0
socofing:000093:left_index,central_missing,0.800000011920929,3239.0,0.024338038173183932,0.07657658883180546,0.21342838416213297,11.159039835683714,0.2716143996084746,3277.0,0.902078166604042,0.0,0.0,inf,0.9983138604087806,13107.0,0.0,0.07657658883180546,0.21342838416213297,11.159039835683714,0.2716143996084746,3277.0,0.902078166604042,0.0,0.0,inf,0.997315978671106,8234.0,0.0
socofing:000093:left_middle,peripheral_only,0.10000000149011612,10238.0,0.06255745514033204,0.04408929652659955,0.13536154109957424,13.556668305693071,0.4473531313341474,14746.0,0.9378300607204437,0.0,0.0,inf,0.9720967070721646,1638.0,0.0,0.0609112981317833,0.18527449000170193,12.153021447858432,0.25148892749217827,10506.0,0.9378300607204437,0.0,0.0,inf,0.9714303713587981,1596.0,0.0
socofing:000093:left_ring,peripheral_only,0.20000000298023224,7916.0,0.06317342831650262,0.037211360724549405,0.12235243278819109,14.293244486466142,0.43325929185268236,13107.0,0.9073856500908732,0.0,0.0,inf,0.9778860611262341,3277.0,0.0,0.05433031055866795,0.17571354171498818,12.649578124790654,0.19622796094701547,8818.0,0.9073856500908732,0.0,0.0,inf,0.973536313773035,2648.0,0.0
socofing:000093:left_little,peripheral_only,0.30000001192092896,5890.0,0.06283783948857458,0.03448711533822102,0.10338028117197368,14.623431305118784,0.5526822823382267,11469.0,0.8808044940233231,0.0,0.0,inf,0.9893403018512393,4915.0,0.0,0.05890686397586645,0.17365156506722282,12.298340971796229,0.28530966440919386,6477.0,0.8808044940233231,0.0,0.0,inf,0.9850225916246088,3223.0,0.0
socofing:000093:right_thumb,peripheral_only,0.4000000059604645,6278.0,0.027777611790338382,0.03999033443611338,0.1291530643935325,13.980449638797003,0.5373911455594103,9830.0,0.9138934798538685,0.0,0.0,inf,0.9890177344652287,6554.0,0.0,0.05521009058276546,0.17635843338939808,12.579815403157044,0.37132257210590414,6776.0,0.9138934798538685,0.0,0.0,inf,0.9870726815156868,5393.0,0.0
socofing:000093:right_index,peripheral_only,0.5,5178.0,0.017289287732155892,0.03501402703007377,0.11137400796998875,14.55757937325156,0.6139993613652032,8192.0,0.9429052472114563,0.0,0.0,inf,0.9935220483761101,8192.0,0.0,0.05488081463221504,0.1723425684523552,12.605794507333385,0.4078290576746339,5199.0,0.9429052472114563,0.0,0.0,inf,0.9922715772132444,6613.0,0.0
socofing:000093:right_middle,peripheral_only,0.6000000238418579,4410.0,0.080213216582586,0.03447941175964933,0.1177204412802971,14.624401521198756,0.5585310807124134,6554.0,0.8939662873744965,0.0,0.0,inf,0.9937035453609907,9830.0,0.0,0.048204150239650904,0.1620698517003472,13.16915568636983,0.3971180695049319,4641.0,0.8939662873744965,0.0,0.0,inf,0.9922592188395586,7840.0,0.0
socofing:000093:right_ring,peripheral_only,0.699999988079071,3011.0,0.01885048998562492,0.03158197313080737,0.10255866320552692,15.005607402855306,0.571001698021392,4915.0,0.8556499630212784,0.0,0.0,inf,0.9955845550331919,11469.0,0.0,0.049968205913252454,0.15899505815468729,13.0130624343238,0.33939991637443895,3087.0,0.8556499630212784,0.0,0.0,inf,0.9944120606539115,8924.0,0.0
socofing:000093:right_little,peripheral_only,0.800000011920929,1759.0,0.04155762771598015,0.026371936140774967,0.08782897648401346,15.788579845642605,0.7330375902375503,3277.0,0.8259485512971878,0.0,0.0,inf,0.9980140003985819,13107.0,0.0,0.04841161000311912,0.16044087372060142,13.150504739828738,0.5104358126142673,1783.0,0.8259485512971878,0.0,0.0,inf,0.9970838370292533,8866.0,0.0
socofing:000096:left_thumb,central_only,0.10000000149011612,9957.0,0.12883804316830424,0.0647518767615962,0.16956208603139802,11.887476395186326,0.35190733400598445,14746.0,0.9909612704068422,0.0,0.0,inf,0.9914663142871211,1638.0,0.0,0.08943451092740225,0.23329468308564077,10.484948636067351,0.13362722910899297,9976.0,0.9909612704068422,0.0,0.0,inf,0.9914663142871211,1638.0,0.0
socofing:000096:left_index,central_only,0.20000000298023224,6918.0,0.06969543949851864,0.053503031063854366,0.12987619914612006,12.716216135485324,0.5054776001929219,13107.0,0.9938189336098731,0.0,0.0,inf,0.9903843215176791,3277.0,0.0,0.07887180805463026,0.19756015053999978,11.030782033080111,0.2605042815882293,6971.0,0.9938189336098731,0.0,0.0,inf,0.9903843215176791,3277.0,0.0
socofing:000096:left_middle,central_only,0.30000001192092896,5559.0,0.06261632835026724,0.022370351995489184,0.08088476205814221,16.503271822647513,0.5951551166863124,11469.0,0.8243783339858055,0.0,0.0,inf,0.9927222546092301,4915.0,0.0,0.0377973990538844,0.13699323112290315,14.225380841683176,0.3192933138056126,5822.0,0.8243783339858055,0.0,0.0,inf,0.9927222546092301,4915.0,0.0
socofing:000096:left_ring,central_only,0.4000000059604645,4003.0,0.06782369906823264,0.01825723175734974,0.06873891958540508,17.38565071470224,0.6562133270903208,9830.0,0.7654188275337219,0.0,0.0,inf,0.9953450089583247,6554.0,0.0,0.038998215076369004,0.14512636986624922,14.089552699022981,0.2823984914523052,4058.0,0.7654188275337219,0.0,0.0,inf,0.9946024779893967,5650.0,0.0
socofing:000096:left_little,central_only,0.5,1702.0,0.04959139091799484,0.01059520909011282,0.039760689375270886,19.748904683268343,0.8441956580970815,8192.0,0.7983844727277756,0.0,0.0,inf,0.9981915302593033,8192.0,0.0,0.039172219864658374,0.14422642547616413,14.070218165640966,0.4262010174822251,1790.0,0.7983844727277756,0.0,0.0,inf,0.9976212461979479,6225.0,0.0
socofing:000096:right_thumb,central_only,0.6000000238418579,1963.0,0.1441163378029984,0.020840233619067634,0.06814434156755751,16.810974169030672,0.7221977690788749,6554.0,0.9363025762140751,0.0,0.0,inf,0.9959108559673542,9830.0,0.0,0.03838515220571654,0.13130144950968398,14.158367329789321,0.4077180567593746,2285.0,0.9299109764397144,0.0,0.0,inf,0.9958642875030698,9703.0,0.0
socofing:000096:right_index,central_only,0.699999988079071,765.0,0.14657905792159778,0.00964416501866409,0.03633742806774546,20.157353671371713,0.8379746311125565,4915.0,0.7448070123791695,0.0,0.0,inf,0.9980349793932267,11469.0,0.0,0.037705780147150855,0.1297756084197642,14.235920690622732,0.4762504960164765,806.0,0.7448070123791695,0.0,0.0,inf,0.9978040223791335,9476.0,0.0
socofing:000096:right_middle,central_only,0.800000011920929,772.0,0.11161999844212057,0.02128381234317063,0.06913129749681385,16.719505788529705,0.8002878449208557,3277.0,0.7528429925441742,0.0,0.0,inf,0.9990697517615509,13107.0,0.0,0.053433187254607196,0.17152389082116823,12.721889196631732,0.5388408835628427,806.0,0.7528429925441742,0.0,0.0,inf,0.9990189329988279,11723.0,0.0
socofing:000096:right_ring,disconnected_fragments,0.10000000149011612,9956.0,0.0725690227970248,0.04439535859055505,0.1368835495028769,13.526624317744885,0.39889871438083785,14746.0,0.932244264986366,0.0,0.0,inf,0.9694280779213381,1638.0,0.0,0.060225050680741,0.1842956963535726,12.202228258608454,0.1985161344324585,10270.0,0.932244264986366,0.0,0.0,inf,0.969774660586947,1595.0,0.0
socofing:000096:right_little,disconnected_fragments,0.20000000298023224,8083.0,0.12386449388944469,0.04470920651435856,0.13284202493487376,13.496030377923018,0.44546636341545875,13107.0,0.9662525789390202,0.0,0.0,inf,0.986556023909679,3277.0,0.0,0.0663654853631416,0.19504477031794318,11.780577250513943,0.2066552332043105,8364.0,0.9662525789390202,0.0,0.0,inf,0.9799023102534532,1930.0,0.0
socofing:000097:left_thumb,disconnected_fragments,0.30000001192092896,6787.0,0.06675913528344027,0.029907026583670598,0.09915919298111969,15.242267632473796,0.5503050694281378,11469.0,0.9148126440122724,0.0,0.0,inf,0.9924598812276094,4915.0,0.0,0.04658573668721742,0.15460531995191465,13.317470323707408,0.3289296512473338,7001.0,0.9148126440122724,0.0,0.0,inf,0.9910316487580212,3940.0,0.0
socofing:000097:left_index,disconnected_fragments,0.4000000059604645,5241.0,0.05049665114604591,0.057228238773495095,0.14696251376452404,12.423896195069926,0.46650639859871035,9830.0,0.9482382051646709,0.0,0.0,inf,0.9966192531404857,6554.0,0.0,0.09182223688466451,0.23212537287294602,10.370521315783472,0.224335294071802,5256.0,0.9482382051646709,0.0,0.0,inf,0.9958474891003073,4951.0,0.0
socofing:000097:left_middle,disconnected_fragments,0.5,4824.0,0.03652102231717778,0.044875001080769604,0.12907658678511869,13.479955279540752,0.49339995182843305,8192.0,0.8907781057059765,0.0,0.0,inf,0.9975115088164621,8192.0,0.0,0.06621665327165542,0.19465838543135158,11.790327731819943,0.24028967517383598,4881.0,0.8907781057059765,0.0,0.0,inf,0.9963321190774113,4210.0,0.0
socofing:000097:left_ring,disconnected_fragments,0.6000000238418579,1918.0,0.13717186280580645,0.03280059715739648,0.08244393532470866,14.841182495870601,0.713478807861724,6554.0,0.9197740331292152,0.0,0.0,inf,0.9955650095953027,9830.0,0.0,0.08419557597163577,0.20693006744691497,10.7471072775906,0.37359892996936256,2006.0,0.9197740331292152,0.0,0.0,inf,0.9941834292036285,7481.0,0.0
socofing:000097:left_little,disconnected_fragments,0.699999988079071,584.0,0.043433513678872854,0.003260213084282504,0.013499252312074843,24.867540139493,0.9578063921270314,4915.0,0.6687070429325104,0.0,0.0,inf,0.9987438324169488,11469.0,0.0,0.02222344981518538,0.08875047282842723,16.531885232797286,0.7284632566743398,608.0,0.6687070429325104,0.0,0.0,inf,0.9979621897956028,6614.0,0.0
socofing:000097:right_thumb,disconnected_fragments,0.800000011920929,1801.0,0.10032465849874618,0.046613930154492195,0.13109132014321967,13.314842789070951,0.5299765372270202,3277.0,0.8753306604921818,0.0,0.0,inf,0.9990979370438944,13107.0,0.0,0.07443469544170091,0.20514240820300364,11.28224584258141,0.3298678546516289,1998.0,0.8753306604921818,0.0,0.0,inf,0.9987802667422129,9634.0,0.0
socofing:000097:right_index,stripes,0.10000000149011612,9230.0,0.11307118400675445,0.07736685963490686,0.17763337198085924,11.114450310461137,0.3209917781104616,14746.0,0.9815881904214621,0.0,0.0,inf,0.9930056698926625,1638.0,0.0,0.10979566235941583,0.24961214104588803,9.594148169950445,0.08189021975686933,9967.0,0.9815881904214621,0.0,0.0,inf,0.989355480803025,703.0,0.0
socofing:000097:right_middle,stripes,0.20000000298023224,9677.0,0.1039087290601217,0.05893750830713174,0.16191055922802067,12.296082287055958,0.300043939928917,13107.0,0.9793793680146337,0.0,0.0,inf,0.9905843917686697,3277.0,0.0,0.07575879947649944,0.2075163471272002,11.205669160647451,0.11768380085470129,9895.0,0.9793793680146337,0.0,0.0,inf,0.9776098663376243,1133.0,0.0
socofing:000097:right_ring,stripes,0.30000001192092896,8469.0,0.09072498621589736,0.04875427145679067,0.14399376238460662,13.119873289121449,0.37940281566181566,11469.0,0.934217007830739,0.0,0.0,inf,0.9884496678952323,4915.0,0.0,0.06349572783888817,0.1868221994247048,11.972554942105846,0.19470041896720258,8687.0,0.934217007830739,0.0,0.0,inf,0.982229968238539,2634.0,0.0
socofing:000097:right_little,stripes,0.4000000059604645,5842.0,0.04228850513807353,0.03932991778351269,0.1132395942997084,14.052769614520402,0.5389238510256789,9830.0,0.9604334833566099,0.0,0.0,inf,0.9913985185939503,6554.0,0.0,0.06441227443915591,0.18445355451373868,11.910313653537127,0.25718053935808244,5958.0,0.9604334833566099,0.0,0.0,inf,0.9793379855670404,2438.0,0.0
socofing:000103:left_thumb,stripes,0.5,5208.0,0.10468303301269094,0.028787392148604873,0.10214904876683839,15.407976761003486,0.5064440964439483,8192.0,0.8246200233697891,0.0,0.0,inf,0.992008714855854,8192.0,0.0,0.04100964681945749,0.14509403969753232,13.87113970898353,0.30122180004124594,5404.0,0.8246200233697891,0.0,0.0,inf,0.9899201252803715,5867.0,0.0
socofing:000103:left_index,stripes,0.6000000238418579,5189.0,0.10120785050670263,0.06463408489196429,0.1788153755196515,11.895383956790916,0.35132820854674507,6554.0,0.896212212741375,0.0,0.0,inf,0.9930379490555314,9830.0,0.0,0.07659272875896793,0.21096574221653855,11.158124576486745,0.24761923558595936,5371.0,0.896212212741375,0.0,0.0,inf,0.9899360827420973,6575.0,0.0
socofing:000103:left_middle,stripes,0.699999988079071,2147.0,0.058776575091545845,0.026907939737352938,0.09090994144280039,15.70119553628019,0.6765156710071505,4915.0,0.7784007862210274,0.0,0.0,inf,0.9969580131422234,11469.0,0.0,0.051405838824593195,0.174915291907191,12.889875497734762,0.47823680480002023,2207.0,0.7657158374786377,0.0,0.0,inf,0.997223928930439,9404.0,0.0
socofing:000103:left_ring,stripes,0.800000011920929,1829.0,0.07011110908567278,0.03527932614694335,0.11328513183677398,14.524797187062891,0.5531936644492457,3277.0,0.9485905175097287,0.0,0.0,inf,0.9925203540099805,13107.0,0.0,0.05465037442042684,0.1710444852447577,12.624068582674667,0.38395008803468406,2026.0,0.9485905175097287,0.0,0.0,inf,0.9904028163639057,10010.0,0.0
socofing:000103:left_little,severe_partial,0.10000000149011612,7357.0,0.5042080436478757,0.04795148509321417,0.13853731370014805,13.191979378614018,0.40296920616762544,14746.0,0.919239048846066,0.0,0.0,inf,0.9731853612908979,1638.0,0.0,0.07752582194442262,0.22050943519815894,11.105536205884128,0.08628580592842411,8932.0,0.919239048846066,0.0,0.0,inf,0.7939407486482744,152.0,0.0
socofing:000103:right_thumb,severe_partial,0.20000000298023224,8840.0,0.09749479540190603,0.034425645058294894,0.11071232350540204,14.631179133039126,0.40657055056892305,13107.0,0.9158529043197632,0.0,0.0,inf,0.9904549799445586,3277.0,0.0,0.04545287838753934,0.14404192547502218,13.42438609070334,0.21928321094891584,9218.0,0.9158529043197632,0.0,0.0,inf,0.9905657343391785,3112.0,0.0
socofing:000103:right_index,severe_partial,0.30000001192092896,6538.0,0.12322134199955019,0.07115909146839537,0.17905804558199762,11.477696054557542,0.350405931615369,11469.0,0.9370180070400238,0.0,0.0,inf,0.9922538703125114,4915.0,0.0,0.08698083988295054,0.22279959894663634,10.605764031230878,0.1789367632678232,6666.0,0.9370180070400238,0.0,0.0,inf,0.9912411782541771,4306.0,0.0
socofing:000103:right_middle,random_rectangles,0.10000000149011612,10958.0,0.7159967408652712,0.06671581003986608,0.1851197854384323,11.75771236556544,0.2290680997684272,14746.0,0.9610591437667608,0.0,0.0,inf,0.9796575234800119,1638.0,0.0,0.08385247140501478,0.23031369825947345,10.764841327985843,0.06109680700379196,11485.0,0.9610591437667608,0.0,0.0,inf,0.8923206538170486,230.0,0.0
socofing:000103:right_ring,random_rectangles,0.20000000298023224,10503.0,0.30286656153419034,0.06278580507382266,0.1858995531891494,12.02138532615338,0.1871540937463132,13107.0,0.9533086344599724,0.0,0.0,inf,0.9675310837806911,3277.0,0.0,0.06957208602665813,0.20915009538152107,11.575649747035154,0.08206365618961264,11102.0,0.9341591037809849,0.0,0.0,inf,0.91630973320033,433.0,0.0
socofing:000103:right_little,random_rectangles,0.30000001192092896,3612.0,0.9459562185242524,0.015187975010669267,0.07546023171655239,18.185001260922466,0.38292998137199286,11469.0,0.7545034885406494,0.0,0.0,inf,0.9778574170372426,4915.0,0.0,0.019335698557247354,0.10026775499584208,17.136401331809065,0.17769777437153791,6220.0,0.7545034885406494,0.0,0.0,inf,0.9619728312365164,1431.0,0.0
socofing:000107:left_thumb,random_rectangles,0.4000000059604645,8957.0,0.03424457416687197,0.0625628759931347,0.17719337261572982,12.036832951266089,0.25659518426717454,9830.0,0.9417396916542202,0.0,0.0,inf,0.9858722269317565,6554.0,0.0,0.06809854420178302,0.19246790749944165,11.668621722559427,0.19946754880876477,8957.0,0.9417396916542202,0.0,0.0,inf,0.9792979388877716,2450.0,0.0
socofing:000107:left_index,random_rectangles,0.5,7223.0,0.03993495252727931,0.05493781557461856,0.16685049885519554,12.601286128941558,0.34142294896733033,8192.0,0.9134864984080195,0.0,0.0,inf,0.9906879302790953,8192.0,0.0,0.060957420851714225,0.18510327860007977,12.149734165628862,0.27171872572604866,7383.0,0.9134864984080195,0.0,0.0,inf,0.97922462629184,3502.0,0.0
socofing:000107:left_middle,random_rectangles,0.6000000238418579,5142.0,0.022506109324087274,0.04614217031891634,0.13919775095187176,13.359019820870932,0.43119737545327413,6554.0,0.9594191102078184,0.0,0.0,inf,0.9934575968174226,9830.0,0.0,0.0580435143669421,0.17417831649687582,12.362463001632511,0.296605871388603,5170.0,0.9594191102078184,0.0,0.0,inf,0.9898785576102668,5768.0,0.0
socofing:000107:left_ring,random_rectangles,0.699999988079071,3763.0,0.023023673961843863,0.0493957570976333,0.1438968814833368,13.063103536719376,0.4561383947755315,4915.0,0.8865065090358257,0.0,0.0,inf,0.9963895980523741,11469.0,0.0,0.06451760930170962,0.18791226751716375,11.903217337553585,0.2981447662208485,3763.0,0.8865065090358257,0.0,0.0,inf,0.993562844576406,6336.0,0.0
socofing:000107:left_little,random_rectangles,0.800000011920929,3194.0,0.02206246762826011,0.04874856220102472,0.16449216724241705,13.120381889371256,0.28794886491261396,3277.0,0.9463644921779633,0.0,0.0,inf,0.9978711688116548,13107.0,0.0,0.04874856220102472,0.16449216724241705,13.120381889371256,0.28794886491261396,3277.0,0.9463644921779633,0.0,0.0,inf,0.9950218393602784,5605.0,0.0
socofing:000107:right_thumb,irregular,0.10000000149011612,10974.0,0.062052256385271266,0.06449056305006524,0.17654875312605958,11.905038313357409,0.33512844254358765,14746.0,0.9379497095942497,0.0,0.0,inf,0.9758749992909628,1638.0,0.0,0.08354811386158466,0.2259811367274396,10.780633500644504,0.14434767372585083,11023.0,0.9379497095942497,0.0,0.0,inf,0.954582477172791,742.0,0.0
socofing:000107:right_index,irregular,0.20000000298023224,7996.0,0.0834061208442258,0.04368622146229175,0.12663401245613704,13.59655516953088,0.48014407139140414,13107.0,0.9415749404579401,0.0,0.0,inf,0.9834620361418067,3277.0,0.0,0.06545109672918877,0.1875575310676909,11.840830718107927,0.24177452826470125,8287.0,0.9415749404579401,0.0,0.0,inf,0.9415452722987802,865.0,0.0
socofing:000107:right_middle,irregular,0.30000001192092896,8469.0,0.04470454093313348,0.032164554512062744,0.11666819055744436,14.926224593201256,0.5367073984178884,11469.0,0.8607189618051052,0.0,0.0,inf,0.9772869506567241,4915.0,0.0,0.04082620585991947,0.14636308991773953,13.89060978898096,0.4053289717511136,8682.0,0.8607189618051052,0.0,0.0,inf,0.9732436719166765,3820.0,0.0
socofing:000107:right_ring,irregular,0.4000000059604645,4323.0,0.020884704296150556,0.019065485040257797,0.06642234192513449,17.197521414719844,0.717658908026607,9830.0,0.873417966067791,0.0,0.0,inf,0.9866094681596836,6554.0,0.0,0.0400509759930536,0.13842473298949165,13.973868962281097,0.4065741737556373,4382.0,0.873417966067791,0.0,0.0,inf,0.9805277352567399,4326.0,0.0
socofing:000107:right_little,irregular,0.5,3266.0,0.03412754188736431,0.011994564986671452,0.05041253663293177,19.21015498201695,0.7971853174982272,8192.0,0.8873338773846626,0.0,0.0,inf,0.9886406813336693,8192.0,0.0,0.026961572914370076,0.11317864380521574,15.69254775040832,0.5486904198251892,3423.0,0.8873338773846626,0.0,0.0,inf,0.9759811874122232,3656.0,0.0
socofing:000112:left_thumb,irregular,0.6000000238418579,4454.0,0.04548235519605999,0.032975210929322055,0.11723666053482963,14.818124177634726,0.5907754586639815,6554.0,0.9294098615646362,0.0,0.0,inf,0.9907822069735688,9830.0,0.0,0.0422926497213412,0.15382559478597865,13.737351045597066,0.46998174073405175,4529.0,0.9294098615646362,0.0,0.0,inf,0.9878335480260668,6132.0,0.0
socofing:000112:left_index,irregular,0.699999988079071,3471.0,0.16950566702914524,0.03317404822495726,0.11315855011573707,14.792015283453235,0.5131543897691326,4915.0,0.8941206708550453,0.0,0.0,inf,0.9886377223304276,11469.0,0.0,0.04275311311245765,0.1455116057737017,13.690322561793923,0.3766101368490637,3813.0,0.8941206708550453,0.0,0.0,inf,0.980898698646724,6631.0,0.0
socofing:000112:left_middle,irregular,0.800000011920929,1482.0,0.06652393370216302,0.01281172725720178,0.05782072735352963,18.92392315399494,0.7239815020799641,3277.0,0.6423071473836899,0.0,0.0,inf,0.9955552021155273,13107.0,0.0,0.024272372333770584,0.10948703055847245,16.148877745079982,0.4796299488511904,1657.0,0.6423071473836899,0.0,0.0,inf,0.9937646857128851,8540.0,0.0
socofing:000112:left_ring,central_missing,0.10000000149011612,7850.0,0.1308626424698019,0.035221715681412025,0.1217877650152193,14.531894929791298,0.37563544266613275,14746.0,0.8480955362319946,0.0,0.0,inf,0.9903462633676362,1638.0,0.0,0.0556132424922958,0.18401061271035146,12.548217829403823,0.1011148735717904,8298.0,0.8480955362319946,0.0,0.0,inf,0.9600405539129627,228.0,0.0
socofing:000112:left_little,central_missing,0.20000000298023224,7448.0,0.084048003504743,0.037345489943340776,0.12073206689009507,14.277618385871882,0.40514166035086746,13107.0,0.8681236654520035,0.0,0.0,inf,0.9924381467250736,3277.0,0.0,0.0609243078881919,0.19063894959761846,12.152093957837213,0.11513233776607794,7736.0,0.8681236654520035,0.0,0.0,inf,0.9557859712748948,324.0,0.0
socofing:000112:right_thumb,central_missing,0.30000001192092896,9944.0,0.06287816342368464,0.033144427649987804,0.11158383054376048,14.795894761365155,0.26949596261498177,11469.0,0.8425632696598768,0.0,0.0,inf,0.9907260515129463,4915.0,0.0,0.03401835158813283,0.11406491350822771,14.682867346247567,0.24395650400666127,11036.0,0.8425632696598768,0.0,0.0,inf,0.9866687716799803,1711.0,0.0
socofing:000112:right_index,central_missing,0.4000000059604645,8389.0,0.12838290028927146,0.03932385019253049,0.13874178259725733,14.053439670477045,0.1500354925767461,9830.0,0.9131748382933438,0.0,0.0,inf,0.9831140771825944,6554.0,0.0,0.039662021756683846,0.1398695916949539,14.016251515681255,0.1364048479815531,9644.0,0.9131748382933438,0.0,0.0,inf,0.9615804857596035,2082.0,0.0
socofing:000112:right_middle,central_missing,0.5,6680.0,0.124538370372467,0.03778738854334275,0.13397466626434706,14.226531207954721,0.23771238018581856,8192.0,0.8991046976298094,0.0,0.0,inf,0.9916643138175256,8192.0,0.0,0.04216088418761276,0.14919318025341152,13.75090289783778,0.15832652549452303,7338.0,0.8991046976298094,0.0,0.0,inf,0.9753315339346255,2596.0,0.0
socofing:000112:right_ring,central_missing,0.6000000238418579,4533.0,0.2121486056728439,0.04538084227076796,0.15693533411102334,13.43127447848346,0.16104718231650691,6554.0,0.8910923302173615,0.0,0.0,inf,0.9921148387472403,9830.0,0.0,0.048711686937322134,0.16557447293035762,13.123668300898121,0.14406495508921455,6066.0,0.8910923302173615,0.0,0.0,inf,0.9889334748768464,4560.0,0.0
socofing:000112:right_little,central_missing,0.699999988079071,4504.0,0.09469781635382854,0.059667748864985735,0.19014265136813685,12.242603468375995,0.0976395277774985,4915.0,0.9172802604734898,0.0,0.0,inf,0.9941551661727636,11469.0,0.0,0.059667748864985735,0.19014265136813685,12.242603468375995,0.0976395277774985,4915.0,0.9172802604734898,0.0,0.0,inf,0.9887071429978814,5936.0,0.0
socofing:000115:left_thumb,central_missing,0.800000011920929,2891.0,0.14629062999357606,0.07111434415622567,0.21101796091551073,11.480427908372805,0.179942338572479,3277.0,0.9540666099637747,0.0,0.0,inf,0.9973508824408389,13107.0,0.0,0.07111434415622567,0.21101796091551073,11.480427908372805,0.179942338572479,3277.0,0.9540666099637747,0.0,0.0,inf,0.9959531487356731,8580.0,0.0
socofing:000115:left_index,peripheral_only,0.10000000149011612,8203.0,0.10680081796402231,0.02920535686283867,0.10533573389410653,15.345374827091785,0.45725812606407024,14746.0,0.8703077277168632,0.0,0.0,inf,0.9466512874883446,1638.0,0.0,0.043655044809750285,0.15532929395687883,13.599655616619854,0.18347130569942893,9489.0,0.8703077277168632,0.0,0.0,inf,0.9353825418310762,1311.0,0.0
socofing:000115:left_middle,peripheral_only,0.20000000298023224,6873.0,0.23255077748678976,0.03730899149161449,0.11728970649466249,14.281864903198363,0.47450963707486743,13107.0,0.9477700190618634,0.0,0.0,inf,0.9653763302452911,3277.0,0.0,0.059230707040095996,0.18337468762322187,12.27453083131816,0.18113661142780088,8104.0,0.9477700190618634,0.0,0.0,inf,0.9542022588954562,2431.0,0.0
socofing:000115:left_ring,peripheral_only,0.30000001192092896,6341.0,0.1420509094952062,0.04002179633134657,0.12359288251319595,13.977034224643386,0.4737106368626942,11469.0,0.8982677161693573,0.0,0.0,inf,0.9726130026621476,4915.0,0.0,0.06309078846444267,0.19058286872025437,12.00034045052141,0.19889334362307232,7157.0,0.8982677161693573,0.0,0.0,inf,0.9654109090343126,3496.0,0.0
socofing:000115:left_little,peripheral_only,0.4000000059604645,4448.0,0.15129460367875217,0.03279601278706025,0.10491611581049663,14.841789529296552,0.5301666408544146,9830.0,0.913288189098239,0.0,0.0,inf,0.9800701907530749,6554.0,0.0,0.05723961217946055,0.17962664970014494,12.42303317415595,0.1891456509899813,5534.0,0.913288189098239,0.0,0.0,inf,0.9624685658033999,3232.0,0.0
socofing:000115:right_thumb,peripheral_only,0.5,4594.0,0.07541633434067328,0.036841037145254094,0.1240356292452276,14.33668152087552,0.5058275940638016,8192.0,0.8760812357068062,0.0,0.0,inf,0.9901995749134653,8192.0,0.0,0.052367558105752,0.17408253700118673,12.809376767367125,0.3023581989938627,5567.0,0.8760812357068062,0.0,0.0,inf,0.9876119883828888,6352.0,0.0
socofing:000115:right_index,peripheral_only,0.6000000238418579,3062.0,0.1292897669459482,0.037299430176726156,0.12064540768981764,14.282978028560251,0.5145714949580757,6554.0,0.8659940212965012,0.0,0.0,inf,0.989912749609201,9830.0,0.0,0.05934139596698315,0.18898663684176836,12.266422414093572,0.23592361211082166,4072.0,0.8659940212965012,0.0,0.0,inf,0.9866744862737721,7341.0,0.0
socofing:000115:right_middle,peripheral_only,0.699999988079071,2846.0,0.23833129445215467,0.040393245690236834,0.12826302506983903,13.936912488669863,0.47979128591654174,4915.0,0.8339343816041946,0.0,0.0,inf,0.9910055331906925,11469.0,0.0,0.062095520839312864,0.19459796058887094,12.069397258287005,0.21760384498854785,3177.0,0.8339343816041946,0.0,0.0,inf,0.988160405378613,8616.0,0.0
socofing:000115:right_ring,peripheral_only,0.800000011920929,2096.0,0.04263133616494547,0.032456322635350414,0.12382684901308667,14.887006881341494,0.56217320873228,3277.0,0.6336941421031952,0.0,0.0,inf,0.9956109827395235,13107.0,0.0,0.04454929972808593,0.16778725878772816,13.511591182627601,0.408935415844795,2215.0,0.6336941421031952,0.0,0.0,inf,0.9923706029367599,6994.0,0.0
socofing:000115:right_little,central_only,0.10000000149011612,8087.0,0.17952174881562724,0.04607111128523466,0.13885665318942245,13.365713119664552,0.3954334450237062,14746.0,0.9086983484303346,0.0,0.0,inf,0.9852345818968872,1638.0,0.0,0.06990857338638043,0.20619290495449757,11.55469560361973,0.1349908571768345,9296.0,0.9086983484303346,0.0,0.0,inf,0.9852345818968872,1638.0,0.0
socofing:000118:left_thumb,central_only,0.20000000298023224,6083.0,0.18692228800927368,0.0447349479261573,0.12289110906754677,13.493530638621067,0.48555173532034496,13107.0,0.8713075220584869,0.0,0.0,inf,0.987794269457589,3277.0,0.0,0.07131150176293483,0.19744316029027742,11.468404175629805,0.21090788868705543,6671.0,0.8713075220584869,0.0,0.0,inf,0.987794269457589,3277.0,0.0
socofing:000118:left_index,central_only,0.30000001192092896,3818.0,0.07144447658333804,0.018058750346353274,0.06148104727130498,17.43312305875253,0.6949114293006036,11469.0,0.8792597725987434,0.0,0.0,inf,0.9912686227553402,4915.0,0.0,0.04618934687811278,0.1509151887476977,13.354581786765323,0.26321348737655553,4141.0,0.8792597725987434,0.0,0.0,inf,0.9910128060353188,4775.0,0.0
socofing:000118:left_middle,central_only,0.4000000059604645,3434.0,0.17346456282805212,0.02976656150301079,0.08955146718243495,15.262713301673799,0.6270494667813252,9830.0,0.8498253524303436,0.0,0.0,inf,0.9925533251845388,6554.0,0.0,0.056779404837125354,0.17187820373380439,12.458091640698827,0.39136601187968056,3760.0,0.8498253524303436,0.0,0.0,inf,0.9925533251845388,6554.0,0.0
socofing:000118:left_ring,central_only,0.5,1431.0,0.1760129973046658,0.00941536511685347,0.034921136086268234,20.261628338884073,0.840448555113517,8192.0,0.7463632822036743,0.0,0.0,inf,0.9954488047177285,8192.0,0.0,0.039342405299090534,0.14481768052563568,14.051390918953476,0.3614710299472168,1655.0,0.7463632822036743,0.0,0.0,inf,0.9943632498289603,6614.0,0.0
socofing:000118:left_little,central_only,0.6000000238418579,945.0,0.059883075121786596,0.006307884039577667,0.024136659534358746,22.00116299083534,0.8883710088183026,6554.0,0.5830977559089661,0.0,0.0,inf,0.9981808362405723,9830.0,0.0,0.03429804595560507,0.1293683736503554,14.64730622081776,0.5169166909031883,971.0,0.5830977559089661,0.0,0.0,inf,0.997493982669646,7052.0,0.0
socofing:000118:right_thumb,central_only,0.699999988079071,1246.0,0.08048706124249097,0.01840625437449412,0.06310066842969711,17.350345803168622,0.777053035928334,4915.0,0.9640854224562645,0.0,0.0,inf,0.9971047943280537,11469.0,0.0,0.034947653816837246,0.12237234876075453,14.565819749570132,0.5346609450574822,1460.0,0.9640854224562645,0.0,0.0,inf,0.9969034598231286,9897.0,0.0
socofing:000118:right_index,central_only,0.800000011920929,638.0,0.04729063526421612,0.012278278442764615,0.034788441303844855,19.108625220564686,0.8729882692144645,3277.0,0.839334100484848,0.0,0.0,inf,0.9980234849725315,13107.0,0.0,0.049051380497779705,0.1262937088589988,13.093487653659658,0.628165624197652,669.0,0.839334100484848,0.0,0.0,inf,0.9975551743694263,10432.0,0.0
socofing:000118:right_middle,disconnected_fragments,0.10000000149011612,7967.0,0.11958329619457339,0.02703999111975159,0.10304729843952512,15.679934553577507,0.4764396173850166,14746.0,0.8149178922176361,0.0,0.0,inf,0.9537338247497599,1638.0,0.0,0.039781644270455385,0.15230709911512905,14.003172704114917,0.24058981502229176,9179.0,0.8149178922176361,0.0,0.0,inf,0.9514272595055903,1555.0,0.0
socofing:000118:right_ring,disconnected_fragments,0.20000000298023224,5358.0,0.06662884785044002,0.014828106002850552,0.060135133212606065,18.289143179561705,0.6767617674621811,13107.0,0.7224908471107483,0.0,0.0,inf,0.9878408513842187,3277.0,0.0,0.03124608510592539,0.12616271650996702,15.052043886687521,0.30749732162423893,5800.0,0.7224908471107483,0.0,0.0,inf,0.9867822393213982,2773.0,0.0
socofing:000118:right_little,disconnected_fragments,0.30000001192092896,4543.0,0.1665495872789484,0.036982798561777226,0.09298993709527767,14.32000228007833,0.5891031824027887,11469.0,0.8225005269050598,0.0,0.0,inf,0.9887600839828866,4915.0,0.0,0.07707785296144176,0.19430021767584196,11.130703913178952,0.14429395557830718,5166.0,0.8225005269050598,0.0,0.0,inf,0.9771724280009495,2388.0,0.0
socofing:000132:left_thumb,disconnected_fragments,0.4000000059604645,6608.0,0.049668306242855995,0.05814938163995662,0.15505976397476345,12.35454899194906,0.41649752813790425,9830.0,0.987473180051893,0.0,0.0,inf,0.9924040081600652,6554.0,0.0,0.07772680716744322,0.2058218237767869,11.094291717135324,0.22651188274487438,6719.0,0.987473180051893,0.0,0.0,inf,0.9914106362417132,5647.0,0.0
socofing:000132:left_index,disconnected_fragments,0.5,3725.0,0.14380444118518784,0.03995792925908575,0.09879089961116272,13.983970263182933,0.6209028778474384,8192.0,0.9903058060444891,0.0,0.0,inf,0.9948400103742012,8192.0,0.0,0.08247968672470618,0.19951863341841655,10.836529972636985,0.24256867777028257,3911.0,0.9903058060444891,0.0,0.0,inf,0.9936319437690163,6463.0,0.0
socofing:000132:left_middle,disconnected_fragments,0.6000000238418579,3916.0,0.0273318579680014,0.04760310862310349,0.13582155890013362,13.22364685645519,0.5369106415454358,6554.0,0.844810153124854,0.0,0.0,inf,0.9951816556745369,9830.0,0.0,0.0710666895268658,0.19765880959043142,11.483339146645172,0.34609999387279505,4078.0,0.844810153124854,0.0,0.0,inf,0.9941407775561243,7902.0,0.0
socofing:000132:left_ring,disconnected_fragments,0.699999988079071,2634.0,0.12037009475686059,0.03174752777728923,0.11429283754395118,14.98290088151042,0.5233281030632538,4915.0,0.8637629821896553,0.0,0.0,inf,0.9982463417298021,11469.0,0.0,0.05048201453622094,0.1745205524980232,12.968633224543503,0.30893542836359766,2844.0,0.8637629821896553,0.0,0.0,inf,0.9988810028417529,8688.0,0.0
socofing:000132:left_little,disconnected_fragments,0.800000011920929,564.0,0.012960521196579722,0.0014196670274742244,0.014319212335910162,28.478135042702068,0.869559154863905,3277.0,0.4090394377708435,0.0,0.0,inf,0.9987366685876305,13107.0,0.0,0.003583973241316598,0.039064458047999594,24.456352415299815,0.696962359809688,589.0,0.3160955309867859,0.0,0.0,inf,0.9991165443215779,10627.0,0.0
socofing:000132:right_thumb,stripes,0.10000000149011612,10656.0,0.1575782368124375,0.06779299699225139,0.177109758637563,11.688151663792931,0.2537348708187138,14746.0,0.9856772571802139,0.0,0.0,inf,0.9802899153806212,1638.0,0.0,0.08611060289135046,0.22256384981509897,10.649433701061767,0.0713401963531986,11337.0,0.9856772571802139,0.0,0.0,inf,0.9740811660918096,612.0,0.0
socofing:000132:right_index,stripes,0.20000000298023224,8901.0,0.15091610486199822,0.056840960652880426,0.1564577854304552,12.453385907952462,0.3645412864951161,13107.0,0.9840723425149918,0.0,0.0,inf,0.9871128636885691,3277.0,0.0,0.07838235569835125,0.21265990662857895,11.057816884029375,0.14370473925917235,9313.0,0.9840723425149918,0.0,0.0,inf,0.9822599191837024,2325.0,0.0
socofing:000132:right_middle,stripes,0.30000001192092896,7352.0,0.10352031095324597,0.041778330653631214,0.1261301938694338,13.790489172135468,0.5039590627775618,11469.0,0.9706473033875227,0.0,0.0,inf,0.9841406034775213,4915.0,0.0,0.059775081594822026,0.1783307353806476,12.234798223864782,0.29276531389770927,7673.0,0.9706473033875227,0.0,0.0,inf,0.9800783547989017,3719.0,0.0
socofing:000132:right_ring,stripes,0.4000000059604645,7593.0,0.1558593746569507,0.07050600682913119,0.19510123903909557,11.517738812835592,0.24396389388556014,9830.0,0.9457767703570426,0.0,0.0,inf,0.9941886755175138,6554.0,0.0,0.08371420709772735,0.22937536620675933,10.772008318447577,0.13251807638847712,8119.0,0.9457767703570426,0.0,0.0,inf,0.9931460763928975,3675.0,0.0
socofing:000132:right_little,stripes,0.5,5655.0,0.05324405041475981,0.04319298279059505,0.13254471482556873,13.645868037143368,0.38963475096179,8192.0,0.900548686273396,0.0,0.0,inf,0.9913600462695613,8192.0,0.0,0.05911733209607191,0.18024013224767335,12.282851734308608,0.18067421288342148,5905.0,0.900548686273396,0.0,0.0,inf,0.9870790967244873,4805.0,0.0
socofing:000138:left_thumb,stripes,0.6000000238418579,3549.0,0.07187762253350966,0.03979239987808749,0.11310764258286447,14.001998677804561,0.5824706796931521,6554.0,0.9652797663584352,0.0,0.0,inf,0.9961692839560947,9830.0,0.0,0.0664036330157515,0.1827796840306722,11.778081592535003,0.3168734490937425,3819.0,0.9652797663584352,0.0,0.0,inf,0.9937126915589033,5584.0,0.0
socofing:000138:left_index,stripes,0.699999988079071,3656.0,0.0683818391367607,0.042772632585579555,0.1238060297311621,13.688340188055,0.5839205002134973,4915.0,0.9583379290997982,0.0,0.0,inf,0.9969232417299938,11469.0,0.0,0.0537499121048788,0.15498019089760498,12.696222415964936,0.4825315533912696,3860.0,0.9583379290997982,0.0,0.0,inf,0.9952093262213153,6974.0,0.0
socofing:000138:left_middle,stripes,0.800000011920929,1943.0,0.04619322534246961,0.036765649840774274,0.10782044311117052,14.345577533759563,0.6159312509137684,3277.0,0.9466542564332485,0.0,0.0,inf,0.9979552584075051,13107.0,0.0,0.05900995443359801,0.173524173322172,12.290747207150863,0.3782796094206875,1966.0,0.9466542564332485,0.0,0.0,inf,0.9964912190224565,7099.0,0.0
socofing:000138:left_ring,severe_partial,0.10000000149011612,8058.0,0.08034488870521556,0.06146897125339452,0.14517462307222675,12.113440551842128,0.4788350496459533,14746.0,0.9750389643013477,0.0,0.0,inf,0.9792164737807741,1638.0,0.0,0.10584031312003576,0.24585756923105376,9.753488839934338,0.16152980736814831,8530.0,0.9750389643013477,0.0,0.0,inf,0.971165124853183,1149.0,0.0
socofing:000138:left_little,severe_partial,0.20000000298023224,6829.0,0.17141880411837743,0.06266720754746716,0.1395630428844033,12.02959657043217,0.5513930407303378,13107.0,0.9948013611719944,0.0,0.0,inf,0.9899027196673437,3277.0,0.0,0.11164303392868088,0.2453649711879051,9.521683699567753,0.24006523497813423,7153.0,0.9948013611719944,0.0,0.0,inf,0.9871091379940096,1784.0,0.0
socofing:000138:right_thumb,severe_partial,0.30000001192092896,4957.0,0.05537979544146475,0.025720883193480846,0.08409621796458618,15.897141228601896,0.6800894491000938,11469.0,0.9062918052077293,0.0,0.0,inf,0.9915596334164398,4915.0,0.0,0.05530729323375713,0.17708387190925692,12.572175955971554,0.3371429977185664,5084.0,0.9062918052077293,0.0,0.0,inf,0.9899664734462976,4075.0,0.0
socofing:000138:right_index,random_rectangles,0.10000000149011612,7285.0,0.43174365238497464,0.056439425599571096,0.1602453275000598,12.48417414836295,0.3273772711919063,14746.0,0.9744387846440077,0.0,0.0,inf,0.9522931912267091,1638.0,0.0,0.08876072559375964,0.23982627668357182,10.517791561912924,0.07785768568570117,8261.0,0.9744387846440077,0.0,0.0,inf,0.740003987480501,15.0,0.0
socofing:000138:right_middle,random_rectangles,0.20000000298023224,6248.0,0.21903759728575647,0.054025133390004705,0.14985529506655257,12.674041521546428,0.3929890019973067,13107.0,0.9722181279212236,0.0,0.0,inf,0.9906481799674264,3277.0,0.0,0.08893423253720528,0.23988859829777792,10.509310383510268,0.10602062717842572,6657.0,0.9722181279212236,0.0,0.0,inf,0.9567801443753485,645.0,0.0
socofing:000138:right_ring,random_rectangles,0.30000001192092896,7743.0,0.30882788447374604,0.07256937493667204,0.1816875734398755,11.392466176201701,0.3124426439694603,11469.0,0.9746871590614319,0.0,0.0,inf,0.9863609473756318,4915.0,0.0,0.09906856108531557,0.24662872221314303,10.040641448427738,0.07762820503653448,8371.0,0.9746871590614319,0.0,0.0,inf,0.9484325635370713,881.0,0.0
socofing:000138:right_little,random_rectangles,0.4000000059604645,5920.0,0.42083235861091023,0.08629377811416428,0.19437210155140128,10.640205163137198,0.3060994513831719,9830.0,0.9981864094734192,0.0,0.0,inf,0.9917926072667144,6554.0,0.0,0.12390377350430502,0.2733613422778964,9.069154669319127,0.08218344151530654,6568.0,0.9981864094734192,0.0,0.0,inf,0.9667434339099682,1404.0,0.0
socofing:000153:left_thumb,random_rectangles,0.5,7606.0,0.05183268176908792,0.07124589615605692,0.20231319266950099,11.472401464508017,0.26025352343252844,8192.0,0.9570580618456006,0.0,0.0,inf,0.9887661130925354,8192.0,0.0,0.07330356107615425,0.20817003655660024,11.34874926884696,0.24005068871242483,7859.0,0.9570580618456006,0.0,0.0,inf,0.9823828117676152,4694.0,0.0
socofing:000153:left_index,random_rectangles,0.6000000238418579,5512.0,0.06575153195678844,0.05192788755012196,0.15937217613304122,12.84599344340929,0.387334979478579,6554.0,0.9548348281532526,0.0,0.0,inf,0.9938236241891855,9830.0,0.0,0.05764390995949568,0.17687987228005914,12.392465688670288,0.3299757292438681,5898.0,0.9548348281532526,0.0,0.0,inf,0.9904081985496954,5942.0,0.0
socofing:000153:left_middle,random_rectangles,0.699999988079071,3948.0,0.036569578408318655,0.039639582003335845,0.13396894479592816,14.018709337680393,0.43249446504510053,4915.0,0.8537413626909256,0.0,0.0,inf,0.9940115750513409,11469.0,0.0,0.04712512430141994,0.1590110772597748,13.267474912508812,0.32212087100845255,4022.0,0.8537413626909256,0.0,0.0,inf,0.9915500755451513,7515.0,0.0
socofing:000153:left_ring,random_rectangles,0.800000011920929,3161.0,0.010374862911301842,0.06002736233302279,0.1857383024634794,12.216507395923307,0.3487588013872543,3277.0,0.9233363904058933,0.0,0.0,inf,0.9941059977042166,13107.0,0.0,0.06064418183136247,0.1869578617698793,12.172108587667406,0.3401940587397057,3221.0,0.9233363904058933,0.0,0.0,inf,0.990966407098689,8134.0,0.0
socofing:000153:left_little,irregular,0.10000000149011612,8635.0,0.10714044290212943,0.04923565820163895,0.14034197871450976,13.077202518862947,0.4497383346325312,14746.0,0.9770459053106606,0.0,0.0,inf,0.9566966271105429,1638.0,0.0,0.07708333015701102,0.21537054099056765,11.130395312042802,0.20574268060797668,9188.0,0.9770459053106606,0.0,0.0,inf,0.915248790811436,694.0,0.0
socofing:000153:right_thumb,irregular,0.20000000298023224,9262.0,0.04186808110726502,0.04427070936683352,0.14415613886728879,13.538835190956215,0.458546779339589,13107.0,0.9344497844576836,0.0,0.0,inf,0.9611222479446019,3277.0,0.0,0.053377197946394346,0.17344460341857962,12.726442283821491,0.34609521369514923,10118.0,0.9344497844576836,0.0,0.0,inf,0.9511298603553223,2300.0,0.0
socofing:000153:right_index,irregular,0.30000001192092896,7647.0,0.049922560672042954,0.033716473403485644,0.11254023652259185,14.721578569862535,0.4870015772090894,11469.0,0.9685309724882245,0.0,0.0,inf,0.9736960803675494,4915.0,0.0,0.043698452924620795,0.14444751161977376,13.595339382742848,0.3423518086945589,8607.0,0.9685309724882245,0.0,0.0,inf,0.9616400482970234,2970.0,0.0
socofing:000153:right_middle,irregular,0.4000000059604645,6427.0,0.13655560394766642,0.02804554705062579,0.11170376229798155,15.521360843137268,0.5196027884523953,9830.0,0.7331613302230835,0.0,0.0,inf,0.9794570446726528,6554.0,0.0,0.03647184932843854,0.14421189173083807,14.380422149485291,0.378959355773885,7244.0,0.7331613302230835,0.0,0.0,inf,0.9743645971214957,4809.0,0.0
socofing:000153:right_ring,irregular,0.5,4284.0,0.03771877580611416,0.02549781565992268,0.09032616163743912,15.93497022996446,0.572971161538206,8192.0,0.8718437775969505,0.0,0.0,inf,0.9807537146497294,8192.0,0.0,0.03911616552955398,0.13592003003231984,14.076437247171397,0.3541840916935848,5151.0,0.8718437775969505,0.0,0.0,inf,0.9758992570835041,6311.0,0.0
socofing:000153:right_little,irregular,0.6000000238418579,3988.0,0.02364743105039137,0.02741296730876447,0.09658939942908547,15.620439518346977,0.6705508678298038,6554.0,0.8741108551621437,0.0,0.0,inf,0.9909680315631513,9830.0,0.0,0.043528188088209636,0.15173293610942484,13.61229410482618,0.4933221901165331,4077.0,0.8741108551621437,0.0,0.0,inf,0.9858341870076787,5708.0,0.0
socofing:000161:left_thumb,irregular,0.699999988079071,3604.0,0.018807664563483817,0.01926131018320178,0.08967016186212955,17.153141748448135,0.691253595151857,4915.0,0.695637084543705,0.0,0.0,inf,0.9947846447013142,11469.0,0.0,0.025097059828774426,0.11635400406402158,16.00377154014257,0.5959957263485907,3615.0,0.695637084543705,0.0,0.0,inf,0.9935215765471437,8795.0,0.0
socofing:000161:left_index,irregular,0.800000011920929,2683.0,0.03140433525935474,0.02687520026427027,0.1101255010690949,15.706482908589074,0.579114806638183,3277.0,0.7670388221740723,0.0,0.0,inf,0.9938330099908187,13107.0,0.0,0.03159926834927684,0.1291244942776639,15.003229729369867,0.4958011093401022,2699.0,0.7670388221740723,0.0,0.0,inf,0.9906969366490904,7934.0,0.0
socofing:000161:left_middle,central_missing,0.10000000149011612,11203.0,0.2088450431805414,0.06663469272113094,0.17515619765831733,11.762996006426077,0.24923865241065132,14746.0,0.9935508228372782,0.0,0.0,inf,0.9732517000436746,1638.0,0.0,0.08275601924703793,0.2171357894207699,10.8220040805735,0.07534884540765331,11625.0,0.9935508228372782,0.0,0.0,inf,0.9686179651389795,153.0,0.0
socofing:000161:left_ring,central_missing,0.20000000298023224,8356.0,0.2288058375048909,0.0535689297397484,0.15016395986894662,12.710870303634607,0.3327630036365824,13107.0,0.969613588298671,0.0,0.0,inf,0.9937404917670987,3277.0,0.0,0.07851128992298124,0.2169124141200003,11.050678872203727,0.07973009386524876,8670.0,0.969613588298671,0.0,0.0,inf,0.9866882907508315,522.0,0.0
socofing:000161:left_little,central_missing,0.30000001192092896,6782.0,0.07994413685844086,0.05553109336200541,0.1548278857988913,12.554637755385802,0.3256826306150048,11469.0,0.9162951484322548,0.0,0.0,inf,0.9932012263871302,4915.0,0.0,0.08429464555621347,0.22686699759544698,10.742000111314159,0.08592039158210309,6975.0,0.9162951484322548,0.0,0.0,inf,0.9765026387874248,416.0,0.0
socofing:000161:right_thumb,central_missing,0.4000000059604645,9622.0,0.05217858718228729,0.07614464366016035,0.21671482619281685,11.183606413844334,0.14519398481689924,9830.0,0.9436472151428461,0.0,0.0,inf,0.9921204603713331,6554.0,0.0,0.07663386701778024,0.21798973606967673,11.155792589779608,0.1414769938140816,9766.0,0.9436472151428461,0.0,0.0,inf,0.9849257972653663,2727.0,0.0
socofing:000161:right_index,central_missing,0.5,7921.0,0.06992323633280022,0.06989516156727157,0.19828837820742495,11.555528868775495,0.16019608251638673,8192.0,0.9503422193229198,0.0,0.0,inf,0.9926387924424273,8192.0,0.0,0.07074121960913132,0.20067605191029275,11.503274570325775,0.15027029283664167,8094.0,0.9503422193229198,0.0,0.0,inf,0.983226498152712,3450.0,0.0
socofing:000161:right_middle,central_missing,0.6000000238418579,6506.0,0.0414025750084474,0.07515016547863729,0.21372164122913656,11.240700587712855,0.23396211111477136,6554.0,0.871677502989769,0.0,0.0,inf,0.9957840844976138,9830.0,0.0,0.07515016547863729,0.21372164122913656,11.240700587712855,0.23396211111477136,6554.0,0.871677502989769,0.0,0.0,inf,0.9930675059571001,5978.0,0.0
socofing:000161:right_ring,central_missing,0.699999988079071,4810.0,0.0391948787561081,0.046210235381114094,0.1654436831616079,13.352618193095001,0.20412739516600958,4915.0,0.9141441453248262,0.0,0.0,inf,0.9973404049297296,11469.0,0.0,0.046210235381114094,0.1654436831616079,13.352618193095001,0.20412739516600958,4915.0,0.9141441453248262,0.0,0.0,inf,0.9955234963514923,6814.0,0.0
socofing:000161:right_little,central_missing,0.800000011920929,3208.0,0.04265125038566882,0.06691152013968062,0.19882409053603686,11.744991034223826,0.21879104052960038,3277.0,0.9148287791758776,0.0,0.0,inf,0.9964216779173509,13107.0,0.0,0.06691152013968062,0.19882409053603686,11.744991034223826,0.21879104052960038,3277.0,0.9148287791758776,0.0,0.0,inf,0.9925906686355007,6330.0,0.0
socofing:000163:left_thumb,peripheral_only,0.10000000149011612,9097.0,0.09592155637431547,0.031359337671783574,0.11339296534289649,15.036331184533902,0.42369538259640677,14746.0,0.8639923632144928,0.0,0.0,inf,0.9676987521016972,1638.0,0.0,0.04788405261587953,0.17012953009728626,13.198091006584303,0.1611856623102188,9278.0,0.8639923632144928,0.0,0.0,inf,0.9593033474179572,1106.0,0.0
socofing:000163:left_index,peripheral_only,0.20000000298023224,7249.0,0.07573947543743693,0.02672397024665476,0.09630816892622773,15.730990204432903,0.4999799107708238,13107.0,0.8468208461999893,0.0,0.0,inf,0.9838351872372274,3277.0,0.0,0.04375948945275654,0.1554130424375774,13.589277536111897,0.19819106417450658,7713.0,0.8468208461999893,0.0,0.0,inf,0.9781391145448364,2136.0,0.0
socofing:000163:left_middle,peripheral_only,0.30000001192092896,6343.0,0.08210805468343968,0.022410470171927047,0.08926602343985858,16.495490318660337,0.521286740499963,11469.0,0.8015205413103104,0.0,0.0,inf,0.987045345130166,4915.0,0.0,0.03553006875085049,0.14010490550956828,14.494039521479895,0.245683331130251,7050.0,0.8015205413103104,0.0,0.0,inf,0.980499278550083,3152.0,0.0
socofing:000163:left_ring,peripheral_only,0.4000000059604645,3998.0,0.09510989274255412,0.01854077707395044,0.06880900444555743,17.318720678260167,0.6587718225407959,9830.0,0.8324525207281113,0.0,0.0,inf,0.9899715558611948,6554.0,0.0,0.04075158480779906,0.1472449906575958,13.898554971105435,0.2756978952520791,4372.0,0.8324525207281113,0.0,0.0,inf,0.9783574072707577,2978.0,0.0
socofing:000163:left_little,peripheral_only,0.5,2735.0,0.13641886030697883,0.011529384396079645,0.05300334333333012,19.381938809553528,0.6522888312721198,8192.0,0.710947722196579,0.0,0.0,inf,0.9928680577525302,8192.0,0.0,0.026261603145631068,0.11847121623761918,15.806787658303229,0.22703028761460567,3536.0,0.710947722196579,0.0,0.0,inf,0.9817321526185508,3035.0,0.0
socofing:000163:right_thumb,peripheral_only,0.6000000238418579,3668.0,0.14983205683109943,0.031056355214364294,0.1061982404178153,15.078495145820625,0.4599853134840178,6554.0,0.9165366441011429,0.0,0.0,inf,0.9923362084413251,9830.0,0.0,0.04442943201758861,0.14929194840557974,13.523292387105988,0.21756511799020936,4455.0,0.9165366441011429,0.0,0.0,inf,0.9907604210247817,7943.0,0.0
socofing:000163:right_index,peripheral_only,0.699999988079071,2706.0,0.03960412507486108,0.015915456063502188,0.07147018074051024,17.981809119895978,0.6003610639422666,4915.0,0.8605494974181056,0.0,0.0,inf,0.9938899896383463,11469.0,0.0,0.021354324163217836,0.10218468937205775,16.7051416887915,0.394573564935212,2971.0,0.8605494974181056,0.0,0.0,inf,0.9922226991259928,7931.0,0.0
socofing:000163:right_middle,peripheral_only,0.800000011920929,1923.0,0.05728789298418187,0.020696220493411126,0.08825340797685369,16.84108957379953,0.5430868557724018,3277.0,0.7530091777443886,0.0,0.0,inf,0.9966203561712879,13107.0,0.0,0.029714408094486246,0.1271910759236713,15.270329163853686,0.3210462784624475,2057.0,0.7530091777443886,0.0,0.0,inf,0.9951745629524096,8945.0,0.0
socofing:000163:right_ring,central_only,0.10000000149011612,6887.0,0.31796187503127527,0.02398950839696955,0.09038729661216442,16.199786516849816,0.48286555812863885,14746.0,0.7640737593173981,0.0,0.0,inf,0.9755034492473126,1638.0,0.0,0.04092298107608813,0.1521842837545782,13.880327371852324,0.1654228608525862,8009.0,0.7640737593173981,0.0,0.0,inf,0.9755034492473126,1638.0,0.0
socofing:000163:right_little,central_only,0.20000000298023224,4042.0,0.4787015422289825,0.029422346539660745,0.09538326246738252,15.31322693655154,0.5560183625296813,13107.0,0.7179559767246246,0.0,0.0,inf,0.9811789543315346,3277.0,0.0,0.05658941826587864,0.1818589024823643,12.472647705498709,0.18395177925286244,5273.0,0.7179559767246246,0.0,0.0,inf,0.9811789543315346,3277.0,0.0
socofing:000185:left_thumb,central_only,0.30000001192092896,6320.0,0.08802752182010869,0.040506525528461124,0.12060092479761055,13.924750070886976,0.4677146881831637,11469.0,0.9745107842609286,0.0,0.0,inf,0.992622253710741,4915.0,0.0,0.06051684909113569,0.18098464419200866,12.181236923137007,0.22760863168117357,6779.0,0.9745107842609286,0.0,0.0,inf,0.992622253710741,4915.0,0.0
socofing:000185:left_index,central_only,0.4000000059604645,2758.0,0.036296818986033284,0.012618040146328906,0.04864776815331891,18.990080951499294,0.7976149183208364,9830.0,0.8522148877382278,0.0,0.0,inf,0.9968939496046081,6554.0,0.0,0.03575549769069354,0.13962689766681194,14.466571725156411,0.39174978167338476,2844.0,0.8071356490254402,0.0,0.0,inf,0.9961021571480148,5211.0,0.0
socofing:000185:left_middle,central_only,0.5,3178.0,0.03760421632685814,0.01965718711689454,0.07373017572808571,17.064786282644008,0.6847284066820404,8192.0,0.8581312000751495,0.0,0.0,inf,0.9941027316874347,8192.0,0.0,0.03358254761421613,0.1335381812972377,14.738863608236992,0.4400538815349207,3351.0,0.8581312000751495,0.0,0.0,inf,0.9941027316874347,8192.0,0.0
socofing:000185:left_ring,central_only,0.6000000238418579,1924.0,0.08046704571053713,0.013957918057864253,0.05740087668371539,18.551793555961392,0.7054941471449284,6554.0,0.8941717026755214,0.0,0.0,inf,0.9965782222087418,9830.0,0.0,0.027848016269381704,0.12069689749164678,15.552057359999589,0.3667200058861194,2175.0,0.8941717026755214,0.0,0.0,inf,0.9957089449508915,7679.0,0.0
socofing:000185:left_little,central_only,0.699999988079071,1213.0,0.10219152663616132,0.009097737676351804,0.04342504332059026,20.410665897478015,0.8053578866383151,4915.0,0.6718281880021095,0.0,0.0,inf,0.9975055654813864,11469.0,0.0,0.024954806656305416,0.1150083684835269,16.028457905914856,0.40004365037697576,1305.0,0.6718281880021095,0.0,0.0,inf,0.9956074261313835,6301.0,0.0
socofing:000185:right_thumb,central_only,0.800000011920929,937.0,0.03661451232167509,0.011142343442485231,0.05339441166477645,19.530234593321993,0.8088679763550541,3277.0,0.7763376161456108,0.0,0.0,inf,0.9981418983480763,13107.0,0.0,0.01911504481817639,0.09940598881107968,17.18624679373236,0.5900854863590379,963.0,0.7763376161456108,0.0,0.0,inf,0.998137218800719,11524.0,0.0
socofing:000185:right_index,disconnected_fragments,0.10000000149011612,10341.0,0.07126452976362767,0.04762551243377178,0.1436837024323649,13.221603384352292,0.3675606590874625,14746.0,0.973392816260457,0.0,0.0,inf,0.981202364080785,1638.0,0.0,0.0604889061933735,0.18090962460180626,12.183242686663489,0.18780154867849544,10837.0,0.973392816260457,0.0,0.0,inf,0.9796120538381901,1510.0,0.0
socofing:000185:right_middle,disconnected_fragments,0.20000000298023224,7921.0,0.06944618976604458,0.054861066920504305,0.1498957205456585,12.607357506290102,0.3971983363817017,13107.0,0.9759616367518902,0.0,0.0,inf,0.9934838869522775,3277.0,0.0,0.07556456875934708,0.21281073271388087,11.216817917905857,0.1376700430120291,8282.0,0.9759616367518902,0.0,0.0,inf,0.9772484809489889,886.0,0.0
socofing:000185:right_ring,disconnected_fragments,0.30000001192092896,4895.0,0.058332004046899665,0.027183797776743932,0.0802339896531657,15.656898692273431,0.6707790098013469,11469.0,0.9837705548852682,0.0,0.0,inf,0.991535393469802,4915.0,0.0,0.05909099101358576,0.17366945727865427,12.284787264169704,0.2914948527367977,4990.0,0.9837705548852682,0.0,0.0,inf,0.988106734214208,3478.0,0.0
socofing:000185:right_little,disconnected_fragments,0.4000000059604645,5499.0,0.02668688584067438,0.035993087531769614,0.10488273395077932,14.43780897428871,0.5510089094658577,9830.0,0.9287109375,0.0,0.0,inf,0.9929799167250148,6554.0,0.0,0.06112433989036928,0.17637774630046008,12.137858179872286,0.24823144221924523,5576.0,0.9287109375,0.0,0.0,inf,0.9892299459058488,4233.0,0.0
socofing:000200:left_thumb,disconnected_fragments,0.5,4504.0,0.052790216825556936,0.07183104323453145,0.17484362403608866,11.436878260669063,0.4297921630614218,8192.0,0.9543242361396551,0.0,0.0,inf,0.9976558658619707,8192.0,0.0,0.10963692399626472,0.26029394492019664,9.600431576472094,0.22139986477968668,4587.0,0.9543242361396551,0.0,0.0,inf,0.9971474200068265,6556.0,0.0
socofing:000200:left_index,disconnected_fragments,0.6000000238418579,3540.0,0.04382675386950726,0.03674071267660702,0.10852976763914271,14.348524237374527,0.6399017715063557,6554.0,0.900361143052578,0.0,0.0,inf,0.995638766006807,9830.0,0.0,0.06570255618915288,0.19125721771754034,11.824177336784494,0.4002404991325655,3633.0,0.900361143052578,0.0,0.0,inf,0.9937086131774127,6734.0,0.0
socofing:000200:left_middle,disconnected_fragments,0.699999988079071,1496.0,0.06692428153718603,0.013257481052181868,0.04507117481069659,18.7753898491004,0.8203220245462973,4915.0,0.8582026548683643,0.0,0.0,inf,0.9992629439059083,11469.0,0.0,0.04314570527623613,0.14243031089455646,13.650624274727258,0.5101686215299679,1496.0,0.8582026548683643,0.0,0.0,inf,0.9990322322096401,8708.0,0.0
socofing:000200:left_ring,disconnected_fragments,0.800000011920929,895.0,0.1502275808260727,0.022589309366953036,0.07376040164546746,16.460970467558806,0.6746054148385392,3277.0,0.9023985639214516,0.0,0.0,inf,0.9977017247905046,13107.0,0.0,0.04719813289444442,0.15183550858116449,13.260751812319786,0.3289006811682473,1480.0,0.9023985639214516,0.0,0.0,inf,0.9962173219549973,7909.0,0.0
socofing:000200:left_little,stripes,0.10000000149011612,6365.0,0.10135835382116008,0.0393006401642778,0.10340668919035943,14.056003753866847,0.5539463991198054,14746.0,0.9849963327869773,0.0,0.0,inf,0.9725691200528319,1638.0,0.0,0.076907520986344,0.20110001033543062,11.140311873357424,0.14497678288701663,7339.0,0.9849963327869773,0.0,0.0,inf,0.9601312690196788,1067.0,0.0
socofing:000200:right_thumb,stripes,0.20000000298023224,9323.0,0.03919744717217597,0.060683000751620655,0.16495891661915943,12.169329516551118,0.362060940679112,13107.0,0.9565422823652625,0.0,0.0,inf,0.9880232510463095,3277.0,0.0,0.0814486759122146,0.21834825268152716,10.89115971499031,0.16689998718176327,9501.0,0.9565422823652625,0.0,0.0,inf,0.9839394804188643,2086.0,0.0
socofing:000200:right_index,stripes,0.30000001192092896,6852.0,0.3414348798489524,0.11150069773167116,0.20230440815005576,9.527224149470623,0.31033895180288373,11469.0,0.9922858900390565,0.0,0.0,inf,0.9912672523362882,4915.0,0.0,0.12850140974039992,0.23327668501485607,8.910921078259298,0.17181909229287193,7786.0,0.9922858900390565,0.0,0.0,inf,0.9902579866691396,3871.0,0.0
socofing:000200:right_middle,stripes,0.4000000059604645,6200.0,0.10272868391999224,0.03772168105656857,0.11262172945289503,14.234089612866846,0.46726338136353346,9830.0,0.9376691803336143,0.0,0.0,inf,0.984466249347839,6554.0,0.0,0.052820063374016776,0.15695724065354777,12.772010820581128,0.26478590321786305,6670.0,0.9376691803336143,0.0,0.0,inf,0.9831106798092581,3893.0,0.0
socofing:000200:right_ring,stripes,0.5,4335.0,0.2452195795002444,0.09012540544497064,0.17837903480929257,10.451527685180913,0.37879515035059286,8192.0,0.9822235498577356,0.0,0.0,inf,0.9907121098358329,8192.0,0.0,0.10319655862617289,0.21857261452681273,9.863347852144594,0.21281370856933512,5116.0,0.9820871185511351,0.0,0.0,inf,0.9866682007411112,5412.0,0.0
socofing:000200:right_little,stripes,0.6000000238418579,3695.0,0.0695306850839063,0.0484903640313402,0.12985393029777303,13.143445554965844,0.4807399645642416,6554.0,0.9525159224867821,0.0,0.0,inf,0.9959190005095859,9830.0,0.0,0.0702485960377598,0.18944385699114655,11.533623509836886,0.2360352326111191,4322.0,0.9525159224867821,0.0,0.0,inf,0.9911982544735918,4533.0,0.0
socofing:000203:left_thumb,stripes,0.699999988079071,2212.0,0.03768448010405964,0.05255364921669573,0.12373947670585798,12.793971220781913,0.5969921486886487,4915.0,0.9528424199670553,0.0,0.0,inf,0.9987881425534574,11469.0,0.0,0.11142642667345755,0.25371267935342395,9.53011796618555,0.23358969236769567,2242.0,0.9528424199670553,0.0,0.0,inf,0.9984037998190626,7479.0,0.0
socofing:000203:left_index,stripes,0.800000011920929,2498.0,0.027046420316340004,0.049048350784371454,0.13989077757037324,13.093755908791076,0.49179209790073297,3277.0,0.8967932611703873,0.0,0.0,inf,0.996769015876121,13107.0,0.0,0.06168468965394531,0.17397722645340188,12.098226159329819,0.4033351953738303,2527.0,0.8967932611703873,0.0,0.0,inf,0.9955299020237381,6520.0,0.0
socofing:000203:left_middle,severe_partial,0.10000000149011612,8292.0,0.12405634957022789,0.06424016452268702,0.15088944794251796,11.921933554752718,0.4664512052144109,14746.0,0.9959974195808172,0.0,0.0,inf,0.9832996442076025,1638.0,0.0,0.10428564587250834,0.24456601221539395,9.817754647984763,0.15602114284916863,8379.0,0.9959974195808172,0.0,0.0,inf,0.971445638906441,957.0,0.0
socofing:000203:left_ring,severe_partial,0.20000000298023224,6646.0,0.05826495794474306,0.05408797802416177,0.13287366428138017,12.668992535248895,0.5247319387144802,13107.0,0.9541687211021781,0.0,0.0,inf,0.9897828998292739,3277.0,0.0,0.10139243034728736,0.24654421590032286,9.939944669071782,0.12698216653611,6770.0,0.9541687211021781,0.0,0.0,inf,0.984290018371187,2059.0,0.0
socofing:000203:left_little,severe_partial,0.30000001192092896,3859.0,0.05405933588094865,0.026209106475854664,0.07484123695224004,15.815477848229706,0.7088391413301097,11469.0,0.9617312289774418,0.0,0.0,inf,0.9948210048134453,4915.0,0.0,0.06852683914459741,0.19366194842326298,11.641392999018285,0.33687735770053717,3899.0,0.9617312289774418,0.0,0.0,inf,0.9922052257779622,2849.0,0.0
socofing:000203:right_thumb,random_rectangles,0.10000000149011612,10457.0,0.6894551634605236,0.0829115261567996,0.20041241071222962,10.813850907001942,0.2366177089622873,14746.0,0.9991701349499635,0.0,0.0,inf,0.963009871892619,1638.0,0.0,0.10999283104445555,0.2640013037544672,9.586356197444418,0.02032717894871278,10757.0,0.9991107774549164,0.0,0.0,inf,0.6790623965206435,9.0,0.0
socofing:000203:right_index,random_rectangles,0.20000000298023224,7482.0,0.2262613418186105,0.07070386362348338,0.16647453379433227,11.50556853466011,0.3530502606799372,13107.0,0.988042451441288,0.0,0.0,inf,0.9890651917466251,3277.0,0.0,0.11231312180856041,0.2572390759860358,9.495695011193133,0.05365937755564756,7660.0,0.988042451441288,0.0,0.0,inf,0.9795266700107949,670.0,0.0
socofing:000203:right_middle,random_rectangles,0.30000001192092896,8360.0,0.06865024359019403,0.06152820289668114,0.15412092534284108,12.109257695122086,0.35472993393705016,11469.0,0.9695615954697132,0.0,0.0,inf,0.9906168682210773,4915.0,0.0,0.08350080071340764,0.20774417354834265,10.78309359920623,0.13700587909126868,8402.0,0.9695615954697132,0.0,0.0,inf,0.9713195473786223,1450.0,0.0
socofing:000203:right_ring,random_rectangles,0.4000000059604645,6318.0,0.025036411359257972,0.03573860690891954,0.10639614409781316,14.46862380301571,0.5166895436224763,9830.0,0.9638107288628817,0.0,0.0,inf,0.9945928651955283,6554.0,0.0,0.055015188139631334,0.16265906104936276,12.59517397512183,0.2537442690342549,6339.0,0.9638107288628817,0.0,0.0,inf,0.9860153875877025,2273.0,0.0
socofing:000203:right_little,random_rectangles,0.5,5180.0,0.046706508890756504,0.04292490346425156,0.11662480585706847,13.672906728703655,0.5925809486618072,8192.0,0.9398591481149197,0.0,0.0,inf,0.9916958536999512,8192.0,0.0,0.06744467353465093,0.18287385772189121,11.710523431878038,0.3660398579205831,5213.0,0.9398591481149197,0.0,0.0,inf,0.9811192509008098,3372.0,0.0
socofing:000206:left_thumb,random_rectangles,0.6000000238418579,5898.0,0.07984106929444418,0.08401935195709509,0.2072204033538111,10.756206725069415,0.3078493258484908,6554.0,0.9501818716526031,0.0,0.0,inf,0.9918363101696416,9830.0,0.0,0.09142719635679106,0.22497675920067348,10.389245978023085,0.2525216364204834,5924.0,0.9501818716526031,0.0,0.0,inf,0.9911152930608567,5370.0,0.0
socofing:000206:left_index,random_rectangles,0.699999988079071,4673.0,0.018872261847026076,0.05418603836006352,0.16214833637107942,12.661125998873558,0.29618629174343686,4915.0,0.9764244058460463,0.0,0.0,inf,0.9938974385352186,11469.0,0.0,0.056293463705327146,0.1684532339680692,12.495420286211766,0.2692894311411349,4731.0,0.9764244058460463,0.0,0.0,inf,0.9903830072490328,7251.0,0.0
socofing:000206:left_middle,random_rectangles,0.800000011920929,2884.0,0.15582286630857425,0.0507938624006562,0.16119568580433485,12.941887618610222,0.28237161956037377,3277.0,0.8934065606008517,0.0,0.0,inf,0.9974177711308457,13107.0,0.0,0.05187558955981622,0.16953374452115488,12.850369545474173,0.22932184258287794,2948.0,0.8934065606008517,0.0,0.0,inf,0.9964290321806663,9323.0,0.0
socofing:000206:left_ring,irregular,0.10000000149011612,10710.0,0.03107355565153,0.04889478392623211,0.14489628287719966,13.107374687471678,0.42467947352572805,14746.0,0.9267042130231857,0.0,0.0,inf,0.9741179136013824,1638.0,0.0,0.06394559424034675,0.18763230056039606,11.941893724209745,0.2507912200311968,10753.0,0.9267042130231857,0.0,0.0,inf,0.9639452863828741,1131.0,0.0
socofing:000206:left_little,irregular,0.20000000298023224,8544.0,0.053146026216257955,0.04503810217690191,0.11758750339091904,13.46419918144817,0.5117758738390508,13107.0,0.9739584065973759,0.0,0.0,inf,0.9620257588964196,3277.0,0.0,0.06236543235654015,0.16461017622658286,12.050560625063689,0.3259309131747608,8745.0,0.9739584065973759,0.0,0.0,inf,0.9496914370833345,2379.0,0.0
socofing:000206:right_thumb,irregular,0.30000001192092896,8615.0,0.016263159780235393,0.055989496616853617,0.1639337379079388,12.518934370862898,0.5357830188976621,11469.0,0.9358994923532009,0.0,0.0,inf,0.9801489676267892,4915.0,0.0,0.06923922160209914,0.20023918567467805,11.596478231740743,0.44096484742859515,8771.0,0.9358994923532009,0.0,0.0,inf,0.9785719122284522,4030.0,0.0
socofing:000206:right_index,irregular,0.4000000059604645,7369.0,0.028654455791671602,0.04317843443706081,0.13530834508865267,13.647331083582399,0.5599941235387631,9830.0,0.9339937344193459,0.0,0.0,inf,0.9859009887206469,6554.0,0.0,0.05146289399307971,0.1637628866933866,12.885057950808713,0.4822862534231269,7498.0,0.9339937344193459,0.0,0.0,inf,0.984576269755306,4609.0,0.0
socofing:000206:right_middle,irregular,0.5,6578.0,0.011189598831688345,0.029765082544773627,0.11224142385189839,15.26292908721501,0.6360696199947016,8192.0,0.8836922235786915,0.0,0.0,inf,0.9874154427333541,8192.0,0.0,0.03549828572317713,0.13377994643367935,14.497926193094408,0.5611071875396335,6590.0,0.8836922235786915,0.0,0.0,inf,0.984842864173372,5682.0,0.0
socofing:000206:right_ring,irregular,0.6000000238418579,4660.0,0.012247726761033043,0.022755353824331033,0.09476997585671396,16.429164072347202,0.6778181037167449,6554.0,0.7800705134868622,0.0,0.0,inf,0.9886953044890443,9830.0,0.0,0.02963884663857315,0.12164002409060118,15.281387004312094,0.5826255857129147,4698.0,0.7800705134868622,0.0,0.0,inf,0.985990320034908,7400.0,0.0
socofing:000206:right_little,irregular,0.699999988079071,3270.0,0.01675330579562714,0.01627633013343308,0.073632163977066,17.88443509917657,0.7538048337612774,4915.0,0.6909715831279755,0.0,0.0,inf,0.9908867825772505,11469.0,0.0,0.023499900821832044,0.10474058668437589,16.289339706057937,0.6434063901377934,3281.0,0.6909715831279755,0.0,0.0,inf,0.9844815451104405,6428.0,0.0
socofing:000214:left_thumb,irregular,0.800000011920929,2098.0,0.00833759967839557,0.030121164641801458,0.10639687241495226,15.211282400500473,0.763090289415167,3277.0,0.960779863409698,0.0,0.0,inf,0.9950060826891486,13107.0,0.0,0.04368590665405741,0.15319100367260216,13.596586465433127,0.6988803110735091,2188.0,0.960779863409698,0.0,0.0,inf,0.99180720286918,7505.0,0.0
socofing:000214:left_index,central_missing,0.10000000149011612,9166.0,0.8876922972394554,0.10194087130151332,0.21752502776662094,9.916516587616114,0.2690765384412915,14746.0,0.998454833694268,0.0,0.0,inf,0.9630225984944569,1638.0,0.0,0.1449172708108323,0.3033650725550843,8.388798535152022,0.04474287893190177,9518.0,0.998454833694268,0.0,0.0,inf,0.5319289978164198,43.0,0.0
socofing:000214:left_middle,central_missing,0.20000000298023224,8540.0,0.28651969702955343,0.05729860263490927,0.16060803970313067,12.4185596922542,0.3004146364465207,13107.0,0.979497579857707,0.0,0.0,inf,0.9797379531363585,3277.0,0.0,0.08004653662130916,0.22008970251482968,10.966574539856966,0.06911959920905528,9048.0,0.979497579857707,0.0,0.0,inf,0.9828658070668645,228.0,0.0
socofing:000214:left_ring,central_missing,0.30000001192092896,6480.0,0.08156553553926225,0.0606656382835292,0.1520743606830992,12.170572286836098,0.3759066576223389,11469.0,0.9842971432954073,0.0,0.0,inf,0.9934060178965107,4915.0,0.0,0.093376987203199,0.23102415978199617,10.297601426362464,0.0957741870410862,6682.0,0.9842971432954073,0.0,0.0,inf,0.976332400693807,513.0,0.0
socofing:000214:left_little,central_missing,0.4000000059604645,6456.0,0.16429435947307602,0.0551379981571046,0.14846270116791832,12.585490054610206,0.3801626741350648,9830.0,0.9872930482961237,0.0,0.0,inf,0.9935716361407075,6554.0,0.0,0.08087272938215924,0.2160226965422104,10.921978995923862,0.1246081497291501,6689.0,0.9872930482961237,0.0,0.0,inf,0.9104873222117127,369.0,0.0
socofing:000214:right_thumb,central_missing,0.5,7547.0,0.07083461649005691,0.06931170344168303,0.1825849551055589,11.59193427567099,0.20238532591312886,8192.0,0.9567859806120396,0.0,0.0,inf,0.9933060734203387,8192.0,0.0,0.07319858347153932,0.1928213907102658,11.354973232646469,0.16068044007926455,7757.0,0.9567859806120396,0.0,0.0,inf,0.9814104429668747,2668.0,0.0
socofing:000214:right_index,central_missing,0.6000000238418579,5871.0,0.03716943150315862,0.06523999903422102,0.1794065992959473,11.854860540608312,0.2667099991499611,6554.0,0.971559704397805,0.0,0.0,inf,0.99330646008283,9830.0,0.0,0.07012393085884142,0.19271323572042404,11.541337471353568,0.2177991272932334,6097.0,0.971559704397805,0.0,0.0,inf,0.9875494408493088,5030.0,0.0
socofing:000214:right_middle,central_missing,0.699999988079071,3960.0,0.0376816206800843,0.045036727035542325,0.1324821398053636,13.464331785930368,0.3520452237629362,4915.0,0.9436845597811043,0.0,0.0,inf,0.9963125986585647,11469.0,0.0,0.054322488311155916,0.15961460850160802,12.650203448569107,0.23827762776069747,4074.0,0.9436845597811043,0.0,0.0,inf,0.9917256994714355,4436.0,0.0
socofing:000214:right_ring,central_missing,0.800000011920929,3277.0,0.011280404204671413,0.058030376921434354,0.1760709353218992,12.36344608577854,0.34544947298603856,3277.0,0.9731706934398971,0.0,0.0,inf,0.9977080971183927,13107.0,0.0,0.058030376921434354,0.1760709353218992,12.36344608577854,0.34544947298603856,3277.0,0.9731706934398971,0.0,0.0,inf,0.9956520522406677,6909.0,0.0
socofing:000214:right_little,peripheral_only,0.10000000149011612,7315.0,0.23387768119871855,0.039552613192377954,0.10946945592290218,14.028248179175433,0.4988391459425327,14746.0,0.9583199620246887,0.0,0.0,inf,0.9492668107507226,1638.0,0.0,0.0625458420128098,0.17141623768461034,12.03801556488784,0.24448654391126595,9280.0,0.9583199620246887,0.0,0.0,inf,0.932294432377604,1163.0,0.0
socofing:000217:left_thumb,peripheral_only,0.20000000298023224,8350.0,0.03608818134819681,0.06028542903847649,0.15116436525167745,12.197876439605475,0.49651921929487974,13107.0,0.9781963839195669,0.0,0.0,inf,0.9774410337597776,3277.0,0.0,0.08524503129683601,0.2157939498572269,10.693309254528094,0.2887176338201346,8529.0,0.9781963839195669,0.0,0.0,inf,0.970991505911447,2471.0,0.0
socofing:000217:left_index,peripheral_only,0.30000001192092896,6302.0,0.015076318214497519,0.04679453382759387,0.12282754614645437,13.298048748566371,0.5985997508577273,11469.0,0.9256694186478853,0.0,0.0,inf,0.9912575696465397,4915.0,0.0,0.07972077409006523,0.2078961225127558,10.984284929443092,0.33335488322119045,6310.0,0.9256694186478853,0.0,0.0,inf,0.9839275015696285,2401.0,0.0
socofing:000217:left_middle,peripheral_only,0.4000000059604645,5810.0,0.013288457897109546,0.04515725105324455,0.12437119627272054,13.45272503610313,0.6153918120445757,9830.0,0.9230367578566074,0.0,0.0,inf,0.9929345662219132,6554.0,0.0,0.07352942097406832,0.1999272526352355,11.33538853975997,0.3777038989720136,5824.0,0.9230367578566074,0.0,0.0,inf,0.9893204750271004,4175.0,0.0
socofing:000217:left_ring,peripheral_only,0.5,4242.0,0.020072797206178283,0.039239969244656295,0.10598849637146057,14.062713416815207,0.63882153220853,8192.0,0.95957126095891,0.0,0.0,inf,0.9939553031519479,8192.0,0.0,0.0723867358407292,0.192754098012198,11.403410067162289,0.3461193143064164,4263.0,0.95957126095891,0.0,0.0,inf,0.9883809576225653,4065.0,0.0
socofing:000217:left_little,peripheral_only,0.6000000238418579,3983.0,0.013489750478658101,0.044042514266535486,0.12064261942182784,13.561278963098658,0.6024782681444483,6554.0,0.923295583575964,0.0,0.0,inf,0.9935469977578564,9830.0,0.0,0.07156350939086609,0.19458549025084462,11.453083702886067,0.3638455245009517,4008.0,0.923295583575964,0.0,0.0,inf,0.9889178145585509,5507.0,0.0
socofing:000217:right_thumb,peripheral_only,0.699999988079071,3167.0,0.01897524115765691,0.04223406033444647,0.12660343331867627,13.743371639912098,0.5807045271200505,4915.0,0.9242926314473152,0.0,0.0,inf,0.9944933255848941,11469.0,0.0,0.05737537640500516,0.17041789868634016,12.412744523029529,0.443262141826733,3346.0,0.9242926314473152,0.0,0.0,inf,0.9933103919014472,8966.0,0.0
socofing:000217:right_index,peripheral_only,0.800000011920929,1947.0,0.01639479300289733,0.022648417611760646,0.08817605438744378,16.44962135659418,0.7882605963019076,3277.0,0.8747965022921562,0.0,0.0,inf,0.997577026956647,13107.0,0.0,0.03305885964684083,0.12624801508271952,14.807121313340229,0.7004421383207646,2079.0,0.8747965022921562,0.0,0.0,inf,0.9966940041633073,9473.0,0.0
socofing:000217:right_middle,central_only,0.10000000149011612,8632.0,0.08939088587532626,0.08148241881012981,0.17656186879824692,10.889360874246929,0.39920913264595514,14746.0,0.9997839331626892,0.0,0.0,inf,0.9816434870207488,1638.0,0.0,0.1256046834071458,0.2697315120076034,9.009941668093393,0.14112643603474673,8785.0,0.9997839331626892,0.0,0.0,inf,0.9816434870207488,1638.0,0.0
socofing:000217:right_ring,central_only,0.20000000298023224,6471.0,0.04275125051845586,0.032524755152941266,0.09364826849728494,14.877859641323028,0.5833495908214753,13107.0,0.9220662042498589,0.0,0.0,inf,0.9896647694812936,3277.0,0.0,0.05856337758399294,0.16714496623212347,12.32373883729216,0.24384983689645548,6547.0,0.9220662042498589,0.0,0.0,inf,0.9896647694812936,3277.0,0.0
socofing:000217:right_little,central_only,0.30000001192092896,4814.0,0.09060377190987627,0.04476327010801148,0.11793352706332622,13.490781943065892,0.5837867903906244,11469.0,0.9519997350871563,0.0,0.0,inf,0.9932832917574465,4915.0,0.0,0.0914375594856469,0.22917682166884085,10.3887537399577,0.27458089758740867,4863.0,0.9519997350871563,0.0,0.0,inf,0.9932832917574465,4915.0,0.0
socofing:000241:left_thumb,central_only,0.4000000059604645,4091.0,0.04463017249182405,0.032632487797183335,0.09607638540777917,14.863498157186148,0.6542752218590406,9830.0,0.9041846198961139,0.0,0.0,inf,0.9954540517801245,6554.0,0.0,0.06526458714679655,0.19049371986947067,11.853224049194361,0.42064485270079216,4142.0,0.9041846198961139,0.0,0.0,inf,0.9954540517801245,6554.0,0.0
socofing:000241:left_index,central_only,0.5,2289.0,0.051534319583749405,0.011440546736016964,0.038946661111118,19.415532204065016,0.8556538572372776,8192.0,0.8805761002004147,0.0,0.0,inf,0.9968210949618705,8192.0,0.0,0.035350372943476996,0.11881869012488494,14.516060000724638,0.6294264619202246,2314.0,0.8805761002004147,0.0,0.0,inf,0.9967543042740263,8023.0,0.0
socofing:000241:left_middle,central_only,0.6000000238418579,1411.0,0.09794773696705024,0.019556584132947332,0.059213987140960905,17.08706999331753,0.7792616242620956,6554.0,0.8555194437503815,0.0,0.0,inf,0.9977400343355625,9830.0,0.0,0.06240190721423795,0.17950676521444434,12.048021366002441,0.5120897589358787,1473.0,0.8555194437503815,0.0,0.0,inf,0.9976428654388915,9128.0,0.0
socofing:000241:left_ring,central_only,0.699999988079071,336.0,0.012449872532401424,0.001551457717791211,0.008579876182159354,28.09260055838876,0.9697181753160555,4915.0,0.5763769447803497,0.0,0.0,inf,0.9991978690275766,11469.0,0.0,0.01177820324001659,0.0655405556529083,19.289209559378854,0.8054132016918495,352.0,0.4691214859485626,0.0,0.0,inf,0.9992501025322192,9723.0,0.0
socofing:000241:left_little,central_only,0.800000011920929,208.0,0.012823928882079437,0.000721448051585973,0.0043334115977544845,31.41794935148164,0.9825896406613283,3277.0,0.5332528799772263,0.0,0.0,inf,0.9996927862571868,13107.0,0.0,0.00677652364626369,0.043123703871377456,21.689930418898772,0.8605273480349562,221.0,0.39038005471229553,0.0,0.0,inf,0.9995499943704383,8003.0,0.0
socofing:000241:right_thumb,disconnected_fragments,0.10000000149011612,9828.0,0.06078123039333628,0.036502337944910215,0.11487838447566978,14.37679318446089,0.40955917676961157,14746.0,0.9880355885252357,0.0,0.0,inf,0.9857011503022033,1638.0,0.0,0.04865405091219888,0.15446524204993184,13.12880994746629,0.18329518992879748,9926.0,0.9880355885252357,0.0,0.0,inf,0.9826970319958039,1350.0,0.0
socofing:000241:right_index,disconnected_fragments,0.20000000298023224,7928.0,0.09544063738950766,0.04854204641087262,0.1360497148405997,13.138819188525432,0.46744506555084275,13107.0,0.9749849401414394,0.0,0.0,inf,0.9927594011527023,3277.0,0.0,0.07726076141046948,0.21243754387649078,11.120410161661411,0.1842834599504809,8010.0,0.9749849401414394,0.0,0.0,inf,0.9882091197154859,1719.0,0.0
socofing:000241:right_middle,disconnected_fragments,0.30000001192092896,6957.0,0.07342969762876994,0.04289634448313888,0.12268478934962425,13.67579715704407,0.4855237498452359,11469.0,0.886335015296936,0.0,0.0,inf,0.9947808189502666,4915.0,0.0,0.06640235536809755,0.18970429584564108,11.778165154328068,0.20550661340311768,7038.0,0.886335015296936,0.0,0.0,inf,0.9930897353544167,3671.0,0.0
socofing:000241:right_ring,disconnected_fragments,0.4000000059604645,3873.0,0.07397245589279502,0.022871180932532032,0.075457683932358,16.407114104155042,0.7136287620160172,9830.0,0.8461469411849976,0.0,0.0,inf,0.995610392823905,6554.0,0.0,0.052435843196230264,0.17003552023912819,12.803717439173747,0.3750649305006174,4009.0,0.8461469411849976,0.0,0.0,inf,0.9939872289763085,4716.0,0.0
socofing:000241:right_little,disconnected_fragments,0.5,3380.0,0.16293637581855402,0.03017593127399655,0.0974220833887095,15.203393180519269,0.5671029708926432,8192.0,0.8728078454732895,0.0,0.0,inf,0.9972169748181913,8192.0,0.0,0.0620650146163274,0.19380303668795032,12.071531379974589,0.23943769987188734,3638.0,0.8728078454732895,0.0,0.0,inf,0.9960586735418645,5618.0,0.0
socofing:000249:left_thumb,disconnected_fragments,0.6000000238418579,3408.0,0.02777515053985477,0.01742478762175727,0.07561768552923315,17.588325065017454,0.5804369454900768,6554.0,0.758386418223381,0.0,0.0,inf,0.9980483989683231,9830.0,0.0,0.02952251256061371,0.12808911827387334,15.298466839501181,0.2500827649246378,3529.0,0.758386418223381,0.0,0.0,inf,0.9974314496274568,7288.0,0.0
socofing:000249:left_index,disconnected_fragments,0.699999988079071,2349.0,0.0303741500888977,0.012297851757001526,0.05609758866388097,19.10170746411248,0.6702360446262736,4915.0,0.7644796669483185,0.0,0.0,inf,0.9946283435440366,11469.0,0.0,0.024707204343787394,0.112019792915777,16.071763928720845,0.3318190036753267,2386.0,0.7644796669483185,0.0,0.0,inf,0.9925293990296405,8170.0,0.0
socofing:000249:left_middle,disconnected_fragments,0.800000011920929,2081.0,0.09675947944144903,0.05079945805380308,0.13886960678946184,12.941409208951809,0.38653343799806905,3277.0,0.7894084453582764,0.0,0.0,inf,0.9984034449202789,13107.0,0.0,0.04264200273783449,0.1455344973509413,13.701624062900029,0.2838369695687905,2142.0,0.7894084453582764,0.0,0.0,inf,0.9972961193852983,7661.0,0.0
socofing:000249:left_ring,stripes,0.10000000149011612,7903.0,0.0490142363312291,0.022033910584505243,0.07764657374249616,16.5690841730446,0.5179473443895553,14746.0,0.8146331757307053,0.0,0.0,inf,0.9791549363730945,1638.0,0.0,0.03657400076149471,0.127786710983484,14.368275304028446,0.19872943729099915,8514.0,0.8146331757307053,0.0,0.0,inf,0.9513719091944964,653.0,0.0
socofing:000249:left_little,stripes,0.20000000298023224,5959.0,0.06621921617782774,0.046080931207375185,0.1211517374776683,13.364787532363579,0.5336359428470162,13107.0,0.9317448064684868,0.0,0.0,inf,0.9969807801706702,3277.0,0.0,0.09289873658616044,0.24125551700354048,10.31990192329178,0.12546957500045638,6021.0,0.9317448064684868,0.0,0.0,inf,0.9872146630065821,727.0,0.0
socofing:000249:right_thumb,stripes,0.30000001192092896,7941.0,0.0936582916866154,0.02695037557137893,0.07909817882234048,15.6943517825309,0.42243478802879947,11469.0,0.9600391369313002,0.0,0.0,inf,0.9903189849202811,4915.0,0.0,0.0299217719628066,0.08741190731594754,15.240126911925305,0.2927508594363196,8416.0,0.9600391369313002,0.0,0.0,inf,0.9871020181189697,3613.0,0.0
socofing:000249:right_index,stripes,0.4000000059604645,7756.0,0.035448596032949635,0.03256123890122505,0.09729141242249555,14.872990792825412,0.3127392303056643,9830.0,0.9505949448794127,0.0,0.0,inf,0.9912444361130507,6554.0,0.0,0.038098633898980196,0.11396313351298609,14.19090596523102,0.17422201379966168,7935.0,0.9505949448794127,0.0,0.0,inf,0.9829621387043576,3247.0,0.0
socofing:000249:right_middle,stripes,0.5,6256.0,0.04095290157074358,0.03227033551116548,0.1227204415936285,14.911965192601695,0.25933572396417814,8192.0,0.8665929287672043,0.0,0.0,inf,0.9952449939901074,8192.0,0.0,0.03733914788364401,0.1418225975200249,14.278355973042942,0.12011881489857347,6331.0,0.8665929287672043,0.0,0.0,inf,0.9891236924532278,3535.0,0.0
socofing:000249:right_ring,stripes,0.6000000238418579,3486.0,0.17700065177421767,0.02623094224370699,0.09274552292783049,15.811861088037444,0.6046251084095591,6554.0,0.7598133236169815,0.0,0.0,inf,0.9958829844328994,9830.0,0.0,0.04135080931636416,0.14796971406687007,13.835159860342529,0.4192804961947908,3591.0,0.7598133236169815,0.0,0.0,inf,0.9940064469231514,6679.0,0.0
socofing:000249:right_little,stripes,0.699999988079071,1994.0,0.1684206388515914,0.04770595799114807,0.10214123471980177,13.21427378588934,0.5773533700092256,4915.0,0.8558211922645569,0.0,0.0,inf,0.9967836750520201,11469.0,0.0,0.08535399926336902,0.1788787642497475,10.68776125195739,0.29042882156878874,2052.0,0.8558211922645569,0.0,0.0,inf,0.9939929504653189,5293.0,0.0
socofing:000256:left_thumb,stripes,0.800000011920929,2000.0,0.09270675507453445,0.0389877231026464,0.13679717650085968,14.090721270287466,0.44139004860911085,3277.0,0.7292934656143188,0.0,0.0,inf,0.998714209101851,13107.0,0.0,0.053874132062243334,0.18355723907423263,12.686197134644313,0.23858220687234075,2111.0,0.7292934656143188,0.0,0.0,inf,0.998193437193227,9023.0,0.0
socofing:000256:left_index,severe_partial,0.10000000149011612,9421.0,0.22436920561726825,0.08181733156072273,0.1817669124836469,10.871546889460726,0.3494462647494888,14746.0,0.9921569947618991,0.0,0.0,inf,0.9823246855123883,1638.0,0.0,0.11243875951762136,0.2539803240113257,9.490839543988528,0.09193811680639036,9690.0,0.987196272239089,0.0,0.0,inf,0.9767781760675874,1180.0,0.0
socofing:000256:left_middle,severe_partial,0.20000000298023224,8734.0,0.05137861169356635,0.05126909535897896,0.14547213413964621,12.901443455997743,0.47527505147101556,13107.0,0.9601087365299463,0.0,0.0,inf,0.9909717187111857,3277.0,0.0,0.07245753408376511,0.202840475417431,11.399164502081442,0.28138638958161866,8915.0,0.9601087365299463,0.0,0.0,inf,0.9908077131301858,3201.0,0.0
socofing:000256:left_ring,severe_partial,0.30000001192092896,6946.0,0.06146940450786113,0.03883140798629765,0.12198371074675068,14.108168621041273,0.4993986423177193,11469.0,0.8593890368938446,0.0,0.0,inf,0.9936414941515334,4915.0,0.0,0.05923683186402087,0.18287696237818793,12.274081766998908,0.2545727511806557,7239.0,0.8593890368938446,0.0,0.0,inf,0.9931564905643943,4534.0,0.0
socofing:000256:left_little,random_rectangles,0.10000000149011612,8906.0,0.41661365769318,0.0743439121664537,0.18955702896555154,11.287545889545969,0.2541582941349811,14746.0,0.9512373227626085,0.0,0.0,inf,0.9712968433469401,1638.0,0.0,0.10484875818013346,0.2604942418802857,9.794367089154646,0.03069204590294596,9591.0,0.9512373227626085,0.0,0.0,inf,0.7962792339200067,44.0,0.0
socofing:000256:right_thumb,random_rectangles,0.20000000298023224,10496.0,0.09196435228569827,0.06725165135217971,0.18428520011647015,11.722970471718856,0.25847357253883524,13107.0,0.9232584862038493,0.0,0.0,inf,0.9844964268287115,3277.0,0.0,0.07956711018271656,0.21817116224757532,10.992664148997164,0.13140504884960497,10904.0,0.9232584862038493,0.0,0.0,inf,0.9471596724292354,753.0,0.0
socofing:000256:right_index,random_rectangles,0.30000001192092896,7059.0,0.17106447151808085,0.055173609993663116,0.16081015930646397,12.5826859934775,0.33065982135848365,11469.0,0.9607235451694578,0.0,0.0,inf,0.9856834407942123,4915.0,0.0,0.07710817678469081,0.21960896994258008,11.128995656043239,0.13006647288628007,7386.0,0.9607235451694578,0.0,0.0,inf,0.9606858663914912,1078.0,0.0
socofing:000256:right_middle,random_rectangles,0.4000000059604645,8925.0,0.031060664190227204,0.061324059070166005,0.18514799833013457,12.123691066971126,0.34797044358141016,9830.0,0.9284556210041046,0.0,0.0,inf,0.9900885823527193,6554.0,0.0,0.06526629826300062,0.19611134884348794,11.85311018674364,0.30846481540816084,9170.0,0.9284556210041046,0.0,0.0,inf,0.9833743573078683,3421.0,0.0
socofing:000256:right_ring,random_rectangles,0.5,6938.0,0.022264292834897417,0.04338933805563509,0.14589808830370243,13.626169753830691,0.4140897617439062,8192.0,0.9098625737242401,0.0,0.0,inf,0.9933147579890115,8192.0,0.0,0.04999502895790369,0.16759708363740314,13.01073175733551,0.319792915785623,6999.0,0.9098625737242401,0.0,0.0,inf,0.9873671295605452,3011.0,0.0
socofing:000256:right_little,random_rectangles,0.6000000238418579,5576.0,0.029226053096075195,0.05160291351341746,0.16011178046447558,12.873257773053613,0.40407242867941734,6554.0,0.9368844833225012,0.0,0.0,inf,0.9925022683894744,9830.0,0.0,0.05912382958192235,0.1826944199020655,12.282374434827803,0.3154055758039545,5638.0,0.9368844833225012,0.0,0.0,inf,0.9801825648056524,3150.0,0.0
socofing:000263:left_thumb,random_rectangles,0.699999988079071,3409.0,0.14514546650758023,0.038971272682006265,0.1476591717129685,14.092554112525395,0.25932235548939225,4915.0,0.761001855134964,0.0,0.0,inf,0.9943009616109851,11469.0,0.0,0.04166710848338306,0.15786860995715873,13.802066366505345,0.21125375636249286,4597.0,0.761001855134964,0.0,0.0,inf,0.9874451086108226,5186.0,0.0
socofing:000263:left_index,random_rectangles,0.800000011920929,2264.0,0.43674382681453,0.04754708786576422,0.1691095421619973,13.22876077308247,0.22011882599726493,3277.0,0.8370912373065948,0.0,0.0,inf,0.9946795649416964,13107.0,0.0,0.048539391481289766,0.1726268422048948,13.139056725441447,0.20669678451148493,3210.0,0.8370912373065948,0.0,0.0,inf,0.9873603454671097,5174.0,0.0
socofing:000263:left_middle,irregular,0.10000000149011612,6180.0,0.4421716442676828,0.03321451754162759,0.11089218827596074,14.786720515328529,0.4085091920768134,14746.0,0.9030962064862251,0.0,0.0,inf,0.9415263036238861,1638.0,0.0,0.05273663042587066,0.17381599034495773,12.778876226313379,0.11044115396715087,9056.0,0.9030962064862251,0.0,0.0,inf,0.8893841288055857,588.0,0.0
socofing:000263:left_ring,irregular,0.20000000298023224,5204.0,0.22514609196216345,0.027946338410788307,0.091114719280581,15.536750862448677,0.5330014743061354,13107.0,0.9194467142224312,0.0,0.0,inf,0.961454824913399,3277.0,0.0,0.049583419169837516,0.1595017331503012,13.0466352848806,0.19303907979096954,7222.0,0.9194467142224312,0.0,0.0,inf,0.9328600695945086,1792.0,0.0
socofing:000263:left_little,irregular,0.30000001192092896,4642.0,0.46861630763331713,0.019767209408486565,0.08118722706575819,17.040546369097903,0.528804503937729,11469.0,0.778985470533371,0.0,0.0,inf,0.9718257495692445,4915.0,0.0,0.03500575917973229,0.14188637829637074,14.558604992434809,0.19213490615427609,6202.0,0.778985470533371,0.0,0.0,inf,0.9184004221731393,1575.0,0.0
socofing:000263:right_thumb,irregular,0.4000000059604645,6089.0,0.08456669653088819,0.016298612668708898,0.07569625964877894,17.878493609927467,0.525105527354505,9830.0,0.7917492464184761,0.0,0.0,inf,0.9699019420102805,6554.0,0.0,0.020364612804990776,0.09585296928999817,16.911238427964715,0.3744868819044289,7233.0,0.7917492464184761,0.0,0.0,inf,0.9522525361068019,3881.0,0.0
socofing:000263:right_index,irregular,0.5,5187.0,0.08180186564409574,0.02571746434209375,0.097041801696923,15.89771853653078,0.5717193523284081,8192.0,0.8356448002159595,0.0,0.0,inf,0.9779318017922267,8192.0,0.0,0.03616232338210054,0.13630520537707277,14.417436744463858,0.40173436551577457,5701.0,0.8356448002159595,0.0,0.0,inf,0.9656387647481837,5093.0,0.0
socofing:000263:right_middle,irregular,0.6000000238418579,3041.0,0.16341152780412144,0.02630015776813019,0.10584382496718671,15.800416462774344,0.4890804037173215,6554.0,0.7139034569263458,0.0,0.0,inf,0.9792594487585556,9830.0,0.0,0.0349379057165379,0.13980252881608773,14.567031314942083,0.32297148334263837,4824.0,0.7139034569263458,0.0,0.0,inf,0.9665430254425694,5741.0,0.0
socofing:000263:right_ring,irregular,0.699999988079071,2820.0,0.0684701802603444,0.018630631557134198,0.0831789334309368,17.297724227672347,0.5768536737524937,4915.0,0.7994459569454193,0.0,0.0,inf,0.985437508676538,11469.0,0.0,0.02552654251331474,0.11344555637136688,15.93008004979348,0.40353762532814347,3430.0,0.7994459569454193,0.0,0.0,inf,0.9753423434846685,6638.0,0.0
socofing:000263:right_little,irregular,0.800000011920929,1571.0,0.14793028939093555,0.015475698318218743,0.0723717967466061,18.103497449633227,0.5926144776923177,3277.0,0.6477307677268982,0.0,0.0,inf,0.992891401154052,13107.0,0.0,0.024032946112464856,0.1131882814731458,16.191929873334324,0.35607277364442746,2045.0,0.6477307677268982,0.0,0.0,inf,0.988128825547724,6885.0,0.0
socofing:000274:left_thumb,central_missing,0.10000000149011612,11733.0,0.43590069645032387,0.12649248616469314,0.25693184277193043,8.979352714378049,0.16996872288008094,14746.0,0.9997846484184265,0.0,0.0,inf,0.9794159643679758,1638.0,0.0,0.14919633039290672,0.3011816173311029,8.262418585638208,0.052205597904284334,12216.0,0.9997846484184265,0.0,0.0,inf,0.9285105198454043,270.0,0.0
socofing:000274:left_index,central_missing,0.20000000298023224,10467.0,0.2752563110150885,0.07760387721814903,0.17103650759648997,11.101165801286353,0.2109164478811397,13107.0,0.9993485808372498,0.0,0.0,inf,0.9899246688338866,3277.0,0.0,0.08960322298740088,0.19535981464267238,10.476763686808503,0.0964212920059473,11087.0,0.9993485808372498,0.0,0.0,inf,0.9726332076807708,670.0,0.0
socofing:000274:left_middle,central_missing,0.30000001192092896,10760.0,0.09677378960882001,0.08675984669331072,0.23304030538377754,10.616812240657282,0.1049502167907103,11469.0,0.9505442380905151,0.0,0.0,inf,0.9786755678377416,4915.0,0.0,0.08884928374630632,0.23763692163790387,10.513460688860361,0.08605546596581386,11042.0,0.9505442380905151,0.0,0.0,inf,0.9687637535581626,1683.0,0.0
socofing:000274:left_ring,central_missing,0.4000000059604645,9588.0,0.09087680894822506,0.08582373789275667,0.22803030702383156,10.663925745056686,0.16374278521739327,9830.0,0.9450904913246632,0.0,0.0,inf,0.9830853555505392,6554.0,0.0,0.08620402167024581,0.22869317194584643,10.644724725923012,0.1579861727877031,9745.0,0.9450904913246632,0.0,0.0,inf,0.9740648718966225,2656.0,0.0
socofing:000274:left_little,central_missing,0.5,7828.0,0.04852803814119888,0.08017004385118397,0.2131791674500767,10.959878788533787,0.17539045001967438,8192.0,0.9906205632723868,0.0,0.0,inf,0.9890856443643179,8192.0,0.0,0.08107060841270686,0.21557343974678822,10.91136567709382,0.16745219406824485,8101.0,0.9906205632723868,0.0,0.0,inf,0.9705057063851998,2868.0,0.0
socofing:000274:right_thumb,central_missing,0.6000000238418579,6537.0,0.04372254378882039,0.09521811349911603,0.24440184487922847,10.212804271992532,0.28650528061076275,6554.0,0.8720463886857033,0.0,0.0,inf,0.9959607579089464,9830.0,0.0,0.09521811349911603,0.24440184487922847,10.212804271992532,0.28650528061076275,6554.0,0.8720463886857033,0.0,0.0,inf,0.9936663343826677,6269.0,0.0
socofing:000274:right_index,central_missing,0.699999988079071,4915.0,0.02127085323702087,0.09325468187148409,0.2368466881477604,10.303293551234757,0.24306480985501094,4915.0,0.9456360377371311,0.0,0.0,inf,0.9972023030853514,11469.0,0.0,0.09325468187148409,0.2368466881477604,10.303293551234757,0.24306480985501094,4915.0,0.9456360377371311,0.0,0.0,inf,0.9952799667675633,6798.0,0.0
socofing:000274:right_middle,central_missing,0.800000011920929,3269.0,0.013842456846131918,0.0842516877428506,0.2292765392261034,10.74421390515196,0.26167614241832066,3277.0,0.8671842142939568,0.0,0.0,inf,0.9982137771690203,13107.0,0.0,0.0842516877428506,0.2292765392261034,10.74421390515196,0.26167614241832066,3277.0,0.8671842142939568,0.0,0.0,inf,0.9974752482858136,9273.0,0.0
socofing:000274:right_ring,peripheral_only,0.10000000149011612,10233.0,0.03395380472880247,0.05817647779948652,0.16174737805509257,12.352525759482237,0.4257135905719885,14746.0,0.9807857568375766,0.0,0.0,inf,0.9634812256574721,1638.0,0.0,0.07833507681474267,0.21491179340743463,11.060437263722356,0.23466796688397906,10490.0,0.9807857568375766,0.0,0.0,inf,0.9632697824171228,1565.0,0.0
socofing:000274:right_little,peripheral_only,0.20000000298023224,8044.0,0.03491116925358346,0.050016087505095425,0.14017003025232327,13.008902838451116,0.4700374235457727,13107.0,0.9727337062358856,0.0,0.0,inf,0.9763459444991482,3277.0,0.0,0.0763711822958532,0.21070226800366823,11.170704860689929,0.21668715180917658,8413.0,0.9727337062358856,0.0,0.0,inf,0.9714826251519177,2541.0,0.0
socofing:000284:left_thumb,peripheral_only,0.30000001192092896,7570.0,0.03840981399394533,0.03173657108607583,0.11330573994473724,14.98439997519414,0.45882919403719935,11469.0,0.8048627823591232,0.0,0.0,inf,0.9872339022277621,4915.0,0.0,0.04134623590245806,0.14913139992764368,13.83564021811581,0.3091326006973154,7610.0,0.8048627823591232,0.0,0.0,inf,0.9858592209281406,4223.0,0.0
socofing:000284:left_index,peripheral_only,0.4000000059604645,5103.0,0.02044768048599289,0.03623987730977621,0.10496578091890044,14.408132812981322,0.6421520304450647,9830.0,0.9092230945825577,0.0,0.0,inf,0.9931825520660165,6554.0,0.0,0.06810426962678716,0.19439896968923434,11.66825660227778,0.3433526576687269,5137.0,0.9092230945825577,0.0,0.0,inf,0.9859662720404804,2664.0,0.0
socofing:000284:left_middle,peripheral_only,0.5,4288.0,0.04496547716594633,0.013842241319708466,0.06598215441044886,18.58793583725215,0.6201704892474805,8192.0,0.7922705709934235,0.0,0.0,inf,0.9891624838356574,8192.0,0.0,0.02329029510678907,0.10900556296110153,16.328250085697377,0.3621394041889079,4746.0,0.7922705709934235,0.0,0.0,inf,0.9868550676492593,6356.0,0.0
socofing:000284:left_ring,peripheral_only,0.6000000238418579,3672.0,0.0526991699766625,0.018096210169030867,0.0737063969869984,17.424123685017136,0.6174923282341988,6554.0,0.781004399061203,0.0,0.0,inf,0.994780938787792,9830.0,0.0,0.031579304118747,0.1282153735882274,15.005974443314624,0.33444852642387063,3755.0,0.781004399061203,0.0,0.0,inf,0.9912767154927393,5776.0,0.0
socofing:000284:left_little,peripheral_only,0.699999988079071,2010.0,0.22926042634121496,0.011074036213871888,0.05560976128308965,19.556940606092567,0.6533114373284994,4915.0,0.6744243800640106,0.0,0.0,inf,0.9939846715343431,11469.0,0.0,0.021219905651893186,0.10476765095196598,16.732565513938326,0.33349778023976234,2466.0,0.6744243800640106,0.0,0.0,inf,0.9903919597819956,6524.0,0.0
socofing:000284:right_thumb,peripheral_only,0.800000011920929,1844.0,0.019738336660791205,0.010960970602452078,0.05304337870735114,19.601509870354796,0.5936379197697301,3277.0,0.8703894754871726,0.0,0.0,inf,0.9959609168333544,13107.0,0.0,0.016709883912766996,0.07917165620662941,17.770265672352647,0.3630057041113504,2053.0,0.8703894754871726,0.0,0.0,inf,0.9946166380173587,9696.0,0.0
socofing:000284:right_index,central_only,0.10000000149011612,8529.0,0.22816924357563237,0.025334704818457558,0.09847616375444557,15.962841514270643,0.44639959617046476,14746.0,0.7353711277246475,0.0,0.0,inf,0.9635370967575773,1638.0,0.0,0.036117911104646766,0.1388447997851662,14.422773752455393,0.2057716368924586,9759.0,0.7353711277246475,0.0,0.0,inf,0.9635370967575773,1638.0,0.0
socofing:000284:right_middle,central_only,0.20000000298023224,7110.0,0.08986095584682639,0.017872007901600873,0.0776165072711889,17.47826652217449,0.5157303231071767,13107.0,0.7456673979759216,0.0,0.0,inf,0.9891571149221748,3277.0,0.0,0.02790049354801787,0.11963438772143725,15.543881141713893,0.2619475084232722,7254.0,0.7456673979759216,0.0,0.0,inf,0.9891571149221748,3277.0,0.0
socofing:000284:right_ring,central_only,0.30000001192092896,4593.0,0.11665812233003778,0.015054810350391742,0.06376090558350206,18.223247110444227,0.6293233392111371,11469.0,0.768295407295227,0.0,0.0,inf,0.9894259606147826,4915.0,0.0,0.026542230985418653,0.11368281272461882,15.760625756714647,0.34780804078265015,5133.0,0.768295407295227,0.0,0.0,inf,0.9894259606147826,4915.0,0.0
socofing:000284:right_little,central_only,0.4000000059604645,3037.0,0.091442192242748,0.01315835021564992,0.05330210951586099,18.807985588340944,0.7288120419401618,9830.0,0.6757600903511047,0.0,0.0,inf,0.9940338467043056,6554.0,0.0,0.032947223715143324,0.12943693111266483,14.821811751820198,0.39807090455852645,3234.0,0.6757600903511047,0.0,0.0,inf,0.9940338467043056,6554.0,0.0
socofing:000289:left_thumb,central_only,0.5,2132.0,0.07718951975377965,0.012171716813305158,0.04602169984371374,19.146481604750278,0.8148427673119394,8192.0,0.7738980054855347,0.0,0.0,inf,0.9962199145072332,8192.0,0.0,0.03787202947555924,0.14077306891942465,14.216814214062328,0.4341533910130096,2182.0,0.7738980054855347,0.0,0.0,inf,0.9953880686121968,6710.0,0.0
socofing:000289:left_index,central_only,0.6000000238418579,1409.0,0.15616917683361367,0.025362228180963165,0.06920406842741227,15.958125944737427,0.7189479310714485,6554.0,0.8892996087670326,0.0,0.0,inf,0.9956493209375609,9830.0,0.0,0.07581432568932345,0.19857151846057977,11.202487233919635,0.3325126103296203,1735.0,0.8892996087670326,0.0,0.0,inf,0.994647497398641,6907.0,0.0
socofing:000289:left_middle,central_only,0.699999988079071,983.0,0.04253159930651361,0.0037439723664691965,0.02567700183858464,24.26667365365084,0.8225719052436781,4915.0,0.5918967425823212,0.0,0.0,inf,0.9974702535211887,11469.0,0.0,0.012470083567868943,0.07455827076059635,19.041306361010292,0.5109003341847026,1197.0,0.5918967425823212,0.0,0.0,inf,0.9973072368027088,10419.0,0.0
socofing:000289:left_ring,central_only,0.800000011920929,376.0,0.2544611971804252,0.016278194169624036,0.049058035663147176,17.883937754706015,0.7987048811538355,3277.0,0.9219449609518051,0.0,0.0,inf,0.9974575779802908,13107.0,0.0,0.06054216284341956,0.17672423828703662,12.17942068113772,0.3817523395268966,450.0,0.7940011452883482,0.0,0.0,inf,0.9970706614001318,8931.0,0.0
socofing:000289:left_little,disconnected_fragments,0.10000000149011612,6584.0,0.16264929232544115,0.059854052800675,0.15846916856366516,12.229064375820759,0.3933406451664545,14746.0,0.9760590810328722,0.0,0.0,inf,0.9629530183861756,1638.0,0.0,0.09566231985845905,0.24562207498368432,10.192590914808719,0.1381949301141743,8209.0,0.9760590810328722,0.0,0.0,inf,0.9610450160168669,1551.0,0.0
socofing:000289:right_thumb,disconnected_fragments,0.20000000298023224,3700.0,0.15543653168835062,0.023805885363850563,0.0723157425219447,16.23315662058214,0.6575034476252418,13107.0,0.9128947062417865,0.0,0.0,inf,0.9722994977084686,3277.0,0.0,0.06328628906308431,0.18402733558758727,11.986903694332957,0.19930093438537047,4652.0,0.9128947062417865,0.0,0.0,inf,0.9637899989101394,2495.0,0.0
socofing:000289:right_index,disconnected_fragments,0.30000001192092896,6660.0,0.17673257214323815,0.053897930386814535,0.15244723438741026,12.684279108585805,0.42151623343825717,11469.0,0.9714791253209114,0.0,0.0,inf,0.9882293931439718,4915.0,0.0,0.07409842432645718,0.2120381986187782,11.301910270220299,0.20343322467848785,7709.0,0.938351184129715,0.0,0.0,inf,0.9866704954960008,4332.0,0.0
socofing:000289:right_middle,disconnected_fragments,0.4000000059604645,5637.0,0.19035849197396457,0.05867683659478957,0.15783224834620782,12.315333080267774,0.4354092933353387,9830.0,0.9658884443342686,0.0,0.0,inf,0.9935778705502322,6554.0,0.0,0.09087692318663548,0.2394452015201017,10.415463852607669,0.15203307372029706,6111.0,0.9658884443342686,0.0,0.0,inf,0.9931850042368666,6014.0,0.0
socofing:000289:right_ring,disconnected_fragments,0.5,3927.0,0.05231084571154209,0.03606108811319124,0.10485692760055088,14.429611729429293,0.505561558042751,8192.0,0.9728869199752808,0.0,0.0,inf,0.9913299801128954,8192.0,0.0,0.05949704834421207,0.17178819531936906,12.255045791389792,0.23910298855724713,4706.0,0.9728869199752808,0.0,0.0,inf,0.9904138488357184,7343.0,0.0
socofing:000289:right_little,disconnected_fragments,0.6000000238418579,1999.0,0.21903502880043754,0.009722238388909232,0.0504858925586767,20.12233734247022,0.689473635264095,6554.0,0.6075179278850555,0.0,0.0,inf,0.9985924772538401,9830.0,0.0,0.021861736021540446,0.10925752246268397,16.603153540679426,0.3355025076097294,2821.0,0.6075179278850555,0.0,0.0,inf,0.9982922068935758,7958.0,0.0
socofing:000291:left_thumb,disconnected_fragments,0.699999988079071,3363.0,0.033739740298727,0.057805594745679,0.15865409396983643,12.380301261194521,0.5495920837231455,4915.0,0.9589767288416624,0.0,0.0,inf,0.9965376705780787,11469.0,0.0,0.07030914949148737,0.19735943314735102,11.529881555618429,0.458814839465465,3442.0,0.9345799162983894,0.0,0.0,inf,0.9953651699280768,8440.0,0.0
socofing:000291:left_index,disconnected_fragments,0.800000011920929,888.0,0.017926180421076344,0.018282022501167297,0.06273791157335855,17.37975760871925,0.8063832966339568,3277.0,0.8165942281484604,0.0,0.0,inf,0.9993049879551742,13107.0,0.0,0.05577929353076645,0.18465097232552033,12.535269905653568,0.6316581901322698,889.0,0.7548464238643646,0.0,0.0,inf,0.9991671202566969,9127.0,0.0
socofing:000291:left_middle,stripes,0.10000000149011612,8667.0,0.08075493705407603,0.05468359948468365,0.14242301204020155,12.621429062313997,0.43944850258351315,14746.0,0.99213005322963,0.0,0.0,inf,0.979989733700017,1638.0,0.0,0.08399247926619673,0.22034563033510227,10.757595991692558,0.14995521959164596,9019.0,0.972817680798471,0.0,0.0,inf,0.9771181130013161,1014.0,0.0
socofing:000291:left_ring,stripes,0.20000000298023224,8332.0,0.07297156084379934,0.04992221775496217,0.14240655702992053,13.01706129708882,0.37911370867294375,13107.0,0.9326763446442783,0.0,0.0,inf,0.994496901266711,3277.0,0.0,0.07369682131271334,0.20620966820232617,11.325512437029484,0.1462474431602411,8568.0,0.9326763446442783,0.0,0.0,inf,0.9881344231825722,1344.0,0.0
socofing:000291:left_little,stripes,0.30000001192092896,5552.0,0.04079003759139141,0.034353028282559525,0.10031455977233007,14.640349730604317,0.5936277604477593,11469.0,0.957290219143033,0.0,0.0,inf,0.9944077775676426,4915.0,0.0,0.06888292964003051,0.19884257068638928,11.618883903081421,0.2332428130996526,5674.0,0.957290219143033,0.0,0.0,inf,0.9882102990882176,2137.0,0.0
socofing:000291:right_thumb,stripes,0.4000000059604645,7374.0,0.12259667330701357,0.05321554169060567,0.16113380669661506,12.73961512728503,0.3485300210764705,9830.0,0.8992481040768325,0.0,0.0,inf,0.9928945043082004,6554.0,0.0,0.06540913071289711,0.19557745310465216,11.843616226017241,0.21166255942142362,7805.0,0.8992481040768325,0.0,0.0,inf,0.9882344859682187,3828.0,0.0
socofing:000291:right_index,stripes,0.5,6108.0,0.11958981253948396,0.05047406954523754,0.14777125989132145,12.969316782306539,0.4010081831329016,8192.0,0.9271435737609863,0.0,0.0,inf,0.9937661090130923,8192.0,0.0,0.06006868887546288,0.17401012891207238,12.21351847332915,0.30838672844199927,6846.0,0.9271435737609863,0.0,0.0,inf,0.9887292761127506,4187.0,0.0
socofing:000291:right_middle,stripes,0.6000000238418579,3179.0,0.0977493035921163,0.041948227641307165,0.11814326538282229,13.772863838665298,0.5891490817998494,6554.0,0.9420889168977737,0.0,0.0,inf,0.9979872329722191,9830.0,0.0,0.07967719636844516,0.22053539193559543,10.986659559992098,0.31785016645406255,3394.0,0.9420889168977737,0.0,0.0,inf,0.9974149039579203,7611.0,0.0
socofing:000291:right_ring,stripes,0.699999988079071,2920.0,0.01997350170837675,0.039714357013842023,0.11852279288007317,14.010524644025384,0.5704942115818676,4915.0,0.9445654454175383,0.0,0.0,inf,0.9986879978456183,11469.0,0.0,0.06418838891800517,0.18979884998187113,11.925435246553537,0.3022142232108892,2995.0,0.9445654454175383,0.0,0.0,inf,0.9970735237304864,4987.0,0.0
socofing:000291:right_little,stripes,0.800000011920929,1847.0,0.007510762363088465,0.023262902240732873,0.08880718453022499,16.333361043750777,0.7147485811101596,3277.0,0.8304988518357277,0.0,0.0,inf,0.9972664005082509,13107.0,0.0,0.03683271951116541,0.13909954012365425,14.337662142135105,0.5447761954625824,2029.0,0.8304988518357277,0.0,0.0,inf,0.9942308908478265,6068.0,0.0
socofing:000293:left_thumb,severe_partial,0.10000000149011612,8018.0,0.07064519678430438,0.048163657586295844,0.1328635650146914,13.172805398310246,0.41428235130403274,14746.0,0.9834469290217385,0.0,0.0,inf,0.9737646488971362,1638.0,0.0,0.07344757479491995,0.2003348111357868,11.340225398406753,0.1398656808406231,9355.0,0.9834469290217385,0.0,0.0,inf,0.9710605982579514,1476.0,0.0
socofing:000293:left_index,severe_partial,0.20000000298023224,7919.0,0.1198791770810791,0.04560285358134729,0.13325164600563097,13.410079806720173,0.4225781721646486,13107.0,0.9169309325516224,0.0,0.0,inf,0.9827436184607163,3277.0,0.0,0.07125001862596654,0.2072325721933769,11.472150177874742,0.10613997253155599,8177.0,0.9169309325516224,0.0,0.0,inf,0.9542260405889094,983.0,0.0
socofing:000293:left_middle,severe_partial,0.30000001192092896,6246.0,0.09734096164231879,0.048982186992676716,0.1321140001779182,13.099618280792614,0.5026196486224174,11469.0,0.868920311331749,0.0,0.0,inf,0.9924145901714239,4915.0,0.0,0.07674643885592518,0.20745297873693755,11.149417672657894,0.22795562286481333,6443.0,0.868920311331749,0.0,0.0,inf,0.9887718713932422,3303.0,0.0
socofing:000293:left_ring,random_rectangles,0.10000000149011612,9274.0,0.8036633047009518,0.07670609618915225,0.1925197909230184,11.151701192830858,0.23369898353155208,14746.0,0.9809769671410322,0.0,0.0,inf,0.9292013725216687,1638.0,0.0,0.10078813330416315,0.2512445677739977,9.965905982863342,0.04975867769252416,10284.0,0.9809769671410322,0.0,0.0,inf,0.720965680791537,93.0,0.0
socofing:000293:left_little,random_rectangles,0.20000000298023224,6576.0,0.2275780447661192,0.05121339911377067,0.13693044277399738,12.90616398401818,0.40201967289205776,13107.0,0.9668453764170408,0.0,0.0,inf,0.9862519252034501,3277.0,0.0,0.07969715002720185,0.2100065532990021,10.985572087116687,0.12526559025781236,7787.0,0.9668453764170408,0.0,0.0,inf,0.9039719078989015,357.0,0.0
socofing:000293:right_thumb,random_rectangles,0.30000001192092896,9486.0,0.05114435622510788,0.07016704467343485,0.1851721243743281,11.538668148927067,0.2653308291153938,11469.0,0.9950686616048188,0.0,0.0,inf,0.9948371664785218,4915.0,0.0,0.08020835209216022,0.21090987170005118,10.957804062959191,0.1621459626418546,9958.0,0.9950686616048188,0.0,0.0,inf,0.9833541790663388,1327.0,0.0
socofing:000293:right_index,random_rectangles,0.4000000059604645,7924.0,0.07011793552270737,0.05521453272670634,0.16878528967879258,12.579465988589067,0.2906950079678808,9830.0,0.9373309537768364,0.0,0.0,inf,0.9906506856915499,6554.0,0.0,0.06531626885575988,0.19874209148466476,11.849786319824656,0.16903757945557757,8264.0,0.9373309537768364,0.0,0.0,inf,0.9779671872660232,1955.0,0.0
socofing:000293:right_middle,random_rectangles,0.5,6920.0,0.02833892498436282,0.042479975477451616,0.14005319180825682,13.718157426330498,0.4178063166356406,8192.0,0.9889471307396889,0.0,0.0,inf,0.9919613251761061,8192.0,0.0,0.04870814838040739,0.15961623367804212,13.123983796348844,0.3340103532133217,7079.0,0.9889471307396889,0.0,0.0,inf,0.9821825526548639,2733.0,0.0
socofing:000293:right_ring,random_rectangles,0.6000000238418579,5492.0,0.04899509486813833,0.025452868533580437,0.10152639123822707,15.942632656611146,0.4161646316841638,6554.0,0.9211509674787521,0.0,0.0,inf,0.9878078115363854,9830.0,0.0,0.028994023933088933,0.11537977207030208,15.376915069402026,0.332223722045676,5703.0,0.9211509674787521,0.0,0.0,inf,0.9736298383125657,3988.0,0.0
socofing:000293:right_little,random_rectangles,0.699999988079071,2681.0,0.09394693019878009,0.028780984323032513,0.08776298797621164,15.408943570724073,0.6750550631671954,4915.0,0.8783684438094497,0.0,0.0,inf,0.9936612278998752,11469.0,0.0,0.045410818422988275,0.1376771922072936,13.42840670893909,0.5004601249059907,3113.0,0.8783684438094497,0.0,0.0,inf,0.9885217611418285,5737.0,0.0
socofing:000302:left_thumb,random_rectangles,0.800000011920929,3251.0,0.013167592500858069,0.062338622463277614,0.1829771428840605,12.052427988382474,0.3559079733555874,3277.0,0.8921103551983833,0.0,0.0,inf,0.9959810091375607,13107.0,0.0,0.062338622463277614,0.1829771428840605,12.052427988382474,0.3559079733555874,3277.0,0.8921103551983833,0.0,0.0,inf,0.9938564513533611,8341.0,0.0
socofing:000302:left_index,irregular,0.10000000149011612,8850.0,0.16436700912803462,0.07591143757697502,0.17115557449636787,11.19692784021015,0.2831004009873867,14746.0,0.9815488811582327,0.0,0.0,inf,0.957473003276553,1638.0,0.0,0.09599389101932718,0.21560527842705107,10.177564042626715,0.09833624316593607,10237.0,0.9815488811582327,0.0,0.0,inf,0.9216208177897334,859.0,0.0
socofing:000302:left_middle,irregular,0.20000000298023224,6980.0,0.1570690000522861,0.03582671293481023,0.11248838292473834,14.457930360917715,0.4484468014956815,13107.0,0.9529055925086141,0.0,0.0,inf,0.9544274299568711,3277.0,0.0,0.050656287959236906,0.15952258254679033,12.95366638033149,0.2014979414448017,8698.0,0.9529055925086141,0.0,0.0,inf,0.932161229078797,2058.0,0.0
socofing:000302:left_ring,irregular,0.30000001192092896,7002.0,0.08767084487855012,0.030869170148048672,0.09413124955520288,15.10475045443966,0.4608961950167408,11469.0,0.9870252925902605,0.0,0.0,inf,0.9477530782110289,4915.0,0.0,0.04115901351551291,0.1243550013049534,13.855350427993848,0.2843488458904851,8446.0,0.9870252925902605,0.0,0.0,inf,0.9265895393399377,3347.0,0.0
socofing:000302:left_little,irregular,0.4000000059604645,4671.0,0.11089884217887523,0.013673035230089841,0.06711423686143704,18.64135067190849,0.5850419345037904,9830.0,0.7542518228292465,0.0,0.0,inf,0.9733201823903819,6554.0,0.0,0.021307560075339727,0.10410367516064563,16.71466278417371,0.35725771660034766,6181.0,0.7542518228292465,0.0,0.0,inf,0.9558679160714925,3516.0,0.0
socofing:000302:right_thumb,irregular,0.5,6062.0,0.01893605214623718,0.03488207872473288,0.12725702313984932,14.5739764209438,0.6038176892255189,8192.0,0.8635818362236023,0.0,0.0,inf,0.9810874213890959,8192.0,0.0,0.042808631513381976,0.15598567303583877,13.68468655269784,0.5201925727566689,6254.0,0.8635818362236023,0.0,0.0,inf,0.9800610426332084,5482.0,0.0
socofing:000302:right_index,irregular,0.6000000238418579,4660.0,0.15239230230537393,0.052663858347536736,0.158949218704854,12.784873260567547,0.37884604341185174,6554.0,0.8674272000789642,0.0,0.0,inf,0.9781203564893232,9830.0,0.0,0.059600350079160154,0.17871589682271713,12.247511893033716,0.3003842047926096,5734.0,0.8674272000789642,0.0,0.0,inf,0.9572102029838755,4771.0,0.0
socofing:000302:right_middle,irregular,0.699999988079071,3704.0,0.0423197784915302,0.03696263826048228,0.13715691251898401,14.322370379639061,0.5312194215423021,4915.0,0.7811117917299271,0.0,0.0,inf,0.9848191183609741,11469.0,0.0,0.04303881271686838,0.15684377014595186,13.66139717769749,0.4589526738150195,4071.0,0.7811117917299271,0.0,0.0,inf,0.9769939666720832,7354.0,0.0
socofing:000302:right_ring,irregular,0.800000011920929,1958.0,0.04343146479860543,0.024608908840256186,0.09609824899859161,16.089076425004272,0.6333902488976424,3277.0,0.7963104844093323,0.0,0.0,inf,0.9942876104307767,13107.0,0.0,0.0365726493808747,0.14171438609180745,14.368435775395254,0.466803991409918,2182.0,0.7963104844093323,0.0,0.0,inf,0.9926334320480292,9214.0,0.0
socofing:000302:right_little,central_missing,0.10000000149011612,9645.0,0.31339440676461,0.052968720876500404,0.15926762590956153,12.759805145664787,0.27120722475993647,14746.0,0.9573590382933617,0.0,0.0,inf,0.9927640760957059,1638.0,0.0,0.06955212789945199,0.2068385609016062,11.576895785281065,0.07198970239457898,10973.0,0.9573590382933617,0.0,0.0,inf,0.8660718695748778,53.0,0.0
socofing:000303:left_thumb,central_missing,0.20000000298023224,6877.0,0.5083405257512349,0.04917995988142119,0.13587640899326886,13.082118298731151,0.3830899389589901,13107.0,0.9531087540090084,0.0,0.0,inf,0.9834833428226082,3277.0,0.0,0.0757525785170209,0.20727004924682987,11.20602579767511,0.09234010567520272,8349.0,0.9531087540090084,0.0,0.0,inf,0.8256184227443516,124.0,0.0
socofing:000303:left_index,central_missing,0.30000001192092896,5568.0,0.4865823133866553,0.05840344925178206,0.15564316711985576,12.335615031139735,0.3219959053512011,11469.0,0.9168700948357582,0.0,0.0,inf,0.9986619645173733,4915.0,0.0,0.09190123747682948,0.2391912600468143,10.366786406732992,0.04996763280389383,6979.0,0.9168700948357582,nan,nan,nan,nan,0.0,nan
socofing:000303:left_middle,central_missing,0.4000000059604645,6851.0,0.12071853657462597,0.052719482065368854,0.15093178697255377,12.780288650539786,0.28660877622688113,9830.0,0.9538194984197617,0.0,0.0,inf,0.9817049132305327,6554.0,0.0,0.06895200387841217,0.19658515659894613,11.614531078682507,0.0879226866993718,7512.0,0.9538194984197617,0.0,0.0,inf,0.814331170957927,567.0,0.0
socofing:000303:left_ring,central_missing,0.5,5390.0,0.16410875295462904,0.062202830515836104,0.16344533842576947,12.061898524564604,0.31545750890666324,8192.0,0.9692544378340244,0.0,0.0,inf,0.9962636728281113,8192.0,0.0,0.08380328494328924,0.21817310340194504,10.767389574463015,0.1129048109493989,5988.0,0.9692544378340244,0.0,0.0,inf,0.9835832130088688,1564.0,0.0
socofing:000303:left_little,central_missing,0.6000000238418579,5865.0,0.06939989557901627,0.04272446939031274,0.14742033819073733,13.693233222243158,0.2331773104448175,6554.0,0.7957119196653366,0.0,0.0,inf,0.9936783281239008,9830.0,0.0,0.04579303653373963,0.15780152058540206,13.392005574741992,0.1859606602919513,6114.0,0.7957119196653366,0.0,0.0,inf,0.9863431503785656,4115.0,0.0
socofing:000303:right_thumb,central_missing,0.699999988079071,4849.0,0.09079550790343244,0.049445550111932635,0.1696877644863742,13.058727869543908,0.20276623938600108,4915.0,0.8824271687772125,0.0,0.0,inf,0.9972858316464887,11469.0,0.0,0.049445550111932635,0.1696877644863742,13.058727869543908,0.20276623938600108,4915.0,0.8824271687772125,0.0,0.0,inf,0.9951109161541666,6367.0,0.0
socofing:000303:right_index,central_missing,0.800000011920929,3150.0,0.08379662863542163,0.04891219029978136,0.16755757754090728,13.105828889307077,0.24738577605780088,3277.0,0.930347103625536,0.0,0.0,inf,0.9974932448898545,13107.0,0.0,0.04891219029978136,0.16755757754090728,13.105828889307077,0.24738577605780088,3277.0,0.930347103625536,0.0,0.0,inf,0.9950895173772714,6691.0,0.0
socofing:000303:right_middle,peripheral_only,0.10000000149011612,8907.0,0.1010308879530094,0.03444456711495516,0.11411658915675194,14.62879268910603,0.4566768127833178,14746.0,0.890123687684536,0.0,0.0,inf,0.949781858627027,1638.0,0.0,0.0529293544667788,0.17366088339676258,12.76303402687845,0.18001678683014197,9437.0,0.890123687684536,0.0,0.0,inf,0.9455758153211785,1495.0,0.0
socofing:000303:right_ring,peripheral_only,0.20000000298023224,6242.0,0.18493775134223994,0.035277692866943926,0.11021395254481267,14.524998251252164,0.5134905361044908,13107.0,0.9224809035658836,0.0,0.0,inf,0.9764897209432546,3277.0,0.0,0.062100129228663564,0.1913436570883209,12.06907496067589,0.1729723653200856,7161.0,0.9224809035658836,0.0,0.0,inf,0.9584941889579973,1684.0,0.0
socofing:000303:right_little,peripheral_only,0.30000001192092896,4859.0,0.07826787487925664,0.033023559414325665,0.08821446633422195,14.811761185144942,0.6265464325141135,11469.0,0.9891970390453935,0.0,0.0,inf,0.9914922741936538,4915.0,0.0,0.0723492995475018,0.19110473455781107,11.40565669163152,0.2241069391413918,5197.0,0.9891970390453935,0.0,0.0,inf,0.9789478530870817,1914.0,0.0
socofing:000308:left_thumb,peripheral_only,0.4000000059604645,6046.0,0.05621853390669805,0.017584413037463435,0.08680184586608397,17.54872123727201,0.4534711795441021,9830.0,0.7496776431798935,0.0,0.0,inf,0.986258757794477,6554.0,0.0,0.022062318947832497,0.10914500332844089,16.563488412467954,0.28516191402131413,7100.0,0.7496776431798935,0.0,0.0,inf,0.9846937705990175,5679.0,0.0
socofing:000308:left_index,peripheral_only,0.5,4219.0,0.128147922514957,0.014804964585634194,0.06742209158801415,18.29592627131963,0.5171377969172856,8192.0,0.6993428468704224,0.0,0.0,inf,0.9849085189575487,8192.0,0.0,0.020415674537349705,0.09450149132218554,16.900362663405804,0.31503992675517667,5460.0,0.6993428468704224,0.0,0.0,inf,0.9797240516680493,6054.0,0.0
socofing:000308:left_middle,peripheral_only,0.6000000238418579,3897.0,0.11076843161261372,0.008599192047440047,0.05387784783018774,20.65542351759006,0.5341039806600886,6554.0,0.6746402978897095,0.0,0.0,inf,0.9894415625532074,9830.0,0.0,0.0105115701836505,0.06825093207415499,19.783324056500817,0.37986751679401976,4583.0,0.6746402978897095,0.0,0.0,inf,0.9865604098048404,7634.0,0.0
socofing:000308:left_ring,peripheral_only,0.699999988079071,2900.0,0.056891207554657305,0.014021021829257019,0.0703747071818442,18.53220334540788,0.4765762000461457,4915.0,0.6772279739379883,0.0,0.0,inf,0.9904497990288775,11469.0,0.0,0.01913788896296123,0.09499535357524574,17.1810596950068,0.2651272968827908,3318.0,0.6772279739379883,0.0,0.0,inf,0.9833286796776496,6483.0,0.0
socofing:000308:left_little,peripheral_only,0.800000011920929,865.0,0.4698408134426839,0.014773356509701905,0.06034260040145114,18.30520821679721,0.7226987409668892,3277.0,0.6934735774993896,0.0,0.0,inf,0.9965726764913332,13107.0,0.0,0.03657603607617872,0.14858850694892067,14.368033629252972,0.3194545045688007,1313.0,0.6934735774993896,0.0,0.0,inf,0.9940262247262284,7463.0,0.0
socofing:000308:right_thumb,central_only,0.10000000149011612,9666.0,0.1435975023376646,0.06123777578588468,0.13051430004356857,12.129805916749362,0.3961528553792464,14746.0,0.9996863603591919,0.0,0.0,inf,0.9745431484433776,1638.0,0.0,0.0696073315275297,0.15233535391412845,11.573450150695892,0.2554503605776586,10901.0,0.9996863603591919,0.0,0.0,inf,0.9745431484433776,1638.0,0.0
socofing:000308:right_index,central_only,0.20000000298023224,6460.0,0.19563409898930223,0.040570192636840044,0.10601345950758989,13.917929301581825,0.46714169527706123,13107.0,0.9875791072845459,0.0,0.0,inf,0.978164526488186,3277.0,0.0,0.06134515581566662,0.1571426325675424,12.12219726100589,0.2033920858750794,7421.0,0.9875791072845459,0.0,0.0,inf,0.978164526488186,3277.0,0.0
socofing:000308:right_middle,central_only,0.30000001192092896,5923.0,0.1663266649858995,0.026116002520655976,0.0945485362899845,15.830932981504764,0.5017847204506298,11469.0,0.8128573894500732,0.0,0.0,inf,0.9849500687892239,4915.0,0.0,0.036672320843878684,0.13643692118172276,14.356616044164006,0.2842594319325322,6505.0,0.8128573894500732,0.0,0.0,inf,0.9849500687892239,4915.0,0.0
socofing:000308:right_ring,central_only,0.4000000059604645,4498.0,0.1502801545099715,0.027130545314306698,0.09987824499637404,15.66541476986129,0.5042858830882052,9830.0,0.6774735748767853,0.0,0.0,inf,0.9895814602727488,6554.0,0.0,0.03755859441895374,0.14427330672136834,14.252906690021593,0.28600652891591777,5032.0,0.6774735748767853,0.0,0.0,inf,0.9895814602727488,6554.0,0.0
socofing:000308:right_little,central_only,0.5,1975.0,0.14968133777585338,0.010005596545644313,0.04453043742614682,19.997570130989192,0.7507283712772604,8192.0,0.7000284343957901,0.0,0.0,inf,0.9952233809953115,8192.0,0.0,0.02911427730566134,0.12614612264457786,15.358939857743588,0.29179459313543876,2474.0,0.7000284343957901,0.0,0.0,inf,0.9945706444233576,7206.0,0.0
socofing:000309:left_thumb,central_only,0.6000000238418579,2115.0,0.056016019291746884,0.032555611200230906,0.08967043811063555,14.873741467801192,0.7277492649577226,6554.0,0.8850677087903023,0.0,0.0,inf,0.9968083688514505,9830.0,0.0,0.06633080970757464,0.18881084464155326,11.782847011882016,0.4999669332148128,2216.0,0.8844740353524685,0.0,0.0,inf,0.9966106955267647,9251.0,0.0
socofing:000309:left_index,central_only,0.699999988079071,772.0,0.16940608480927144,0.015143680497409108,0.04363416305220651,18.197685617275624,0.8237287244046875,4915.0,0.9347395710647106,0.0,0.0,inf,0.9980777062351036,11469.0,0.0,0.0505039694386614,0.1542431616704954,12.966744864841385,0.47933318963315685,779.0,0.8217169940471649,0.0,0.0,inf,0.9982030987646244,10474.0,0.0
socofing:000309:left_middle,central_only,0.800000011920929,484.0,0.07100252348481945,0.016139524845605786,0.0411643061455371,17.92109255237805,0.87126689268982,3277.0,0.9035308565944433,0.0,0.0,inf,0.9993944784416853,13107.0,0.0,0.05435187597519565,0.15290065575391054,12.647854614835705,0.6553231536759607,500.0,0.8730518743395805,0.0,0.0,inf,0.9994615132663748,10964.0,0.0
socofing:000309:left_ring,disconnected_fragments,0.10000000149011612,6720.0,0.1647008448245614,0.05384873939516678,0.1422989375756202,12.688244591279512,0.43970236375660043,14746.0,0.9880575328134,0.0,0.0,inf,0.9723956220787351,1638.0,0.0,0.09786819952708899,0.24640460863460315,10.093584012861585,0.13599227997573646,7305.0,0.9880575328134,0.0,0.0,inf,0.9655683517834278,1306.0,0.0
socofing:000309:left_little,disconnected_fragments,0.20000000298023224,6307.0,0.10086027573167113,0.05295843742215911,0.12798480061702225,12.760648375590158,0.548570929020968,13107.0,0.9271033257246017,0.0,0.0,inf,0.9930710990025854,3277.0,0.0,0.10263483511001206,0.243396588721032,9.887052110725254,0.1875722742934171,6438.0,0.9271033257246017,0.0,0.0,inf,0.9852333482295846,1483.0,0.0
socofing:000309:right_thumb,disconnected_fragments,0.30000001192092896,7499.0,0.06476117072917416,0.05486408501706544,0.15513525424538266,12.60711859248419,0.4905371932346452,11469.0,0.9273688178509474,0.0,0.0,inf,0.991032889942974,4915.0,0.0,0.07455229737310665,0.2082465750612898,11.275389689636357,0.32054190627324824,7599.0,0.9273688178509474,0.0,0.0,inf,0.991032889942974,4915.0,0.0
socofing:000309:right_index,disconnected_fragments,0.4000000059604645,4758.0,0.09081691770322095,0.03431722401041584,0.09425767274066911,14.644878503605842,0.6104360262689006,9830.0,0.9756572060286999,0.0,0.0,inf,0.9946689105512228,6554.0,0.0,0.0676132159192001,0.18260361540896666,11.69968407019844,0.2641987609742574,4936.0,0.9756572060286999,0.0,0.0,inf,0.9935868257778698,5361.0,0.0
socofing:000309:right_middle,disconnected_fragments,0.5,3392.0,0.07546011965814037,0.02423522661011144,0.07484590398309621,16.15552915076323,0.6215077368889775,8192.0,0.9661404695361853,0.0,0.0,inf,0.9892067733915869,8192.0,0.0,0.04814828216927863,0.14510485300066878,13.174192029882866,0.3108110349003057,4056.0,0.9661404695361853,0.0,0.0,inf,0.9877658379873918,7166.0,0.0
socofing:000309:right_ring,disconnected_fragments,0.6000000238418579,867.0,0.06488883632497364,0.005874969881960483,0.02106964542547671,22.309943554616552,0.9158974170475278,6554.0,0.7688568569719791,0.0,0.0,inf,0.9970285232008381,9830.0,0.0,0.03797386058864794,0.1271144119913805,14.205152483403998,0.5629689128055875,954.0,0.7688568569719791,0.0,0.0,inf,0.9966667663480835,8203.0,0.0
socofing:000309:right_little,disconnected_fragments,0.699999988079071,303.0,0.022562112060278826,0.0012858196061118227,0.004754982865391828,28.90819956423914,0.9789908244817703,4915.0,0.65184685587883,0.0,0.0,inf,0.999132415090621,11469.0,0.0,0.020653984050102832,0.0698906765918773,16.849961626959008,0.784642205808005,303.0,0.65184685587883,0.0,0.0,inf,0.9994582011654115,7941.0,0.0
socofing:000317:left_thumb,disconnected_fragments,0.800000011920929,1644.0,0.014912243311678031,0.04078916455487834,0.11660728631797394,13.894551898268618,0.5933205539591256,3277.0,0.8881647363305092,0.0,0.0,inf,0.998961982585112,13107.0,0.0,0.061709176120220206,0.18528475020622504,12.096502518165428,0.37817333474621695,1711.0,0.876232817357959,0.0,0.0,inf,0.9987441656436101,10758.0,0.0
socofing:000317:left_index,stripes,0.10000000149011612,10317.0,0.05186818950904118,0.05703653764894078,0.15365773669395538,12.438468458069318,0.36978311359488686,14746.0,0.9711149409413338,0.0,0.0,inf,0.9936086319385976,1638.0,0.0,0.07937061633674727,0.21268325734844554,11.003402472537815,0.12971392393810244,10323.0,0.9711149409413338,0.0,0.0,inf,0.989176242707509,753.0,0.0
socofing:000317:left_middle,stripes,0.20000000298023224,9221.0,0.15574561485772523,0.07549100056620664,0.1861972378603728,11.221048184024916,0.30180171616245993,13107.0,0.980060525238514,0.0,0.0,inf,0.9954725468951959,3277.0,0.0,0.09033704252996182,0.23218373245144616,10.441341315512728,0.1287280427685732,9382.0,0.980060525238514,0.0,0.0,inf,0.9946070072169353,2641.0,0.0
socofing:000317:left_ring,stripes,0.30000001192092896,8823.0,0.09198729291573868,0.05630529092774535,0.1543354179581209,12.494507931991137,0.34810524869426096,11469.0,0.9756497321650386,0.0,0.0,inf,0.9947541803199778,4915.0,0.0,0.07052224601410702,0.19156931764308177,11.516738646086788,0.1859728698029858,8966.0,0.9756497321650386,0.0,0.0,inf,0.9913920385288367,2701.0,0.0
socofing:000317:left_little,stripes,0.4000000059604645,5900.0,0.046717662335413385,0.05064575200928971,0.13774280360730912,12.954569758968601,0.485685281358271,9830.0,0.9138331841677427,0.0,0.0,inf,0.9943404470926012,6554.0,0.0,0.08145520501045876,0.2196772796020118,10.890811589294998,0.19836546420792886,5979.0,0.9138331841677427,0.0,0.0,inf,0.9887611764699579,2875.0,0.0
socofing:000317:right_thumb,stripes,0.5,6429.0,0.08031479459711512,0.056742759446975266,0.16777230573427993,12.460895479294141,0.28870094526801415,8192.0,0.9327717199921608,0.0,0.0,inf,0.9923277243055745,8192.0,0.0,0.0666444608313057,0.1957477986639904,11.76235941229383,0.17210360211915743,6782.0,0.9327717199921608,0.0,0.0,inf,0.9896186373546316,5368.0,0.0
socofing:000317:right_index,stripes,0.6000000238418579,5451.0,0.07698625816347737,0.07252876855752599,0.1947897845532793,11.394896962210249,0.337918516881751,6554.0,0.9615160897374153,0.0,0.0,inf,0.9971461503072367,9830.0,0.0,0.08239894591381994,0.22020792810177628,10.840783439671991,0.2623430108084787,5631.0,0.9615160897374153,0.0,0.0,inf,0.9959534880823061,6658.0,0.0
socofing:000317:right_middle,stripes,0.699999988079071,4011.0,0.018654822927048644,0.04330411732454015,0.1453407767268574,13.634708092743903,0.5355877517166556,4915.0,0.7794073969125748,0.0,0.0,inf,0.9974512254286633,11469.0,0.0,0.051963443163445554,0.1739227088198946,12.843020797440865,0.4471859019750059,4037.0,0.7794073969125748,0.0,0.0,inf,0.9968017248805829,8773.0,0.0
socofing:000317:right_ring,stripes,0.800000011920929,2554.0,0.024686741047439818,0.047245302462623,0.15171751759052454,13.25641366328918,0.419516016830935,3277.0,0.9470028290525079,0.0,0.0,inf,0.9981662950876233,13107.0,0.0,0.0532632125394339,0.17092548313402572,12.735726428900701,0.3401022513234132,2678.0,0.9470028290525079,0.0,0.0,inf,0.9976919803635557,9388.0,0.0
socofing:000317:right_little,severe_partial,0.10000000149011612,8018.0,0.08942458481239825,0.044591961846888205,0.12690771875125137,13.507434202152034,0.49193751034779165,14746.0,0.9207298085093498,0.0,0.0,inf,0.9828532327997568,1638.0,0.0,0.07536328565301872,0.21148315384328242,11.228401756362317,0.19754989464230624,8192.0,0.9207298085093498,0.0,0.0,inf,0.9766447332302005,1159.0,0.0
socofing:000318:left_thumb,severe_partial,0.20000000298023224,8074.0,0.14313139247932136,0.06639571097072926,0.1708647488210221,11.778599742751616,0.31501961923627775,13107.0,0.9986564797582105,0.0,0.0,inf,0.976712802272359,3277.0,0.0,0.08577085287722626,0.2193962125700762,10.66660271419008,0.12787170904562176,9430.0,0.9986564797582105,0.0,0.0,inf,0.9761616417300858,3123.0,0.0
socofing:000318:left_index,severe_partial,0.30000001192092896,7445.0,0.16431403624365096,0.06739843915683189,0.16923673822437257,11.713501609338808,0.36532652320686443,11469.0,0.9683406164404005,0.0,0.0,inf,0.9941447355828741,4915.0,0.0,0.09139250717514309,0.22836620384053194,10.390894084880411,0.1791721704686464,7907.0,0.9683406164404005,0.0,0.0,inf,0.9888605518166793,2561.0,0.0
socofing:000318:left_middle,random_rectangles,0.10000000149011612,10561.0,0.38224961042747113,0.09213382982133926,0.21233741703798512,10.355808756981782,0.21409153477441717,14746.0,0.9967645616270602,0.0,0.0,inf,0.9628618291841159,1638.0,0.0,0.1132445054807784,0.2618843879544603,9.459828603726738,0.04668599589966084,11506.0,0.9967645616270602,0.0,0.0,inf,0.6968855292001941,113.0,0.0
socofing:000318:left_ring,random_rectangles,0.20000000298023224,7614.0,0.36793241267525506,0.049073347803349245,0.14536578073767462,13.091543132657522,0.3041986529774881,13107.0,0.9746943165228004,0.0,0.0,inf,0.9807326288987143,3277.0,0.0,0.07153643345513735,0.20597840728767294,11.454727159813556,0.09194559411047591,8751.0,0.9746943165228004,0.0,0.0,inf,0.8677629695014284,273.0,0.0
socofing:000318:left_little,random_rectangles,0.30000001192092896,6936.0,0.28191506600331895,0.06880199861048257,0.17992088855967844,11.62398945879358,0.2775068554536647,11469.0,0.9618236180394888,0.0,0.0,inf,0.9826946648593898,4915.0,0.0,0.08741355382429987,0.22704815324426678,10.58421223032333,0.13187057699280302,8963.0,0.9618236180394888,0.0,0.0,inf,0.9286523916894392,475.0,0.0
socofing:000318:right_thumb,random_rectangles,0.4000000059604645,8824.0,0.028373990890098164,0.07756024981855128,0.21185583849396047,11.103608007454264,0.2621963932773857,9830.0,0.9031917750835419,0.0,0.0,inf,0.9838833055553337,6554.0,0.0,0.08095651176937893,0.2200220108621533,10.91748212855401,0.22940954839714764,9302.0,0.9031917750835419,0.0,0.0,inf,0.9855579103779147,3152.0,0.0
socofing:000318:right_index,random_rectangles,0.5,7772.0,0.04827404423802617,0.061591011583427745,0.18707845346624996,12.104826629093745,0.275929649741366,8192.0,0.9034292064607143,0.0,0.0,inf,0.9915716621107049,8192.0,0.0,0.06350623488007855,0.19268725014969026,11.971836346908917,0.25418126749073106,7940.0,0.9034292064607143,0.0,0.0,inf,0.9850350053536391,4119.0,0.0
socofing:000318:right_middle,random_rectangles,0.6000000238418579,5405.0,0.08422260260057103,0.07360146390935335,0.18780452575227016,11.33113547599573,0.3303649130015055,6554.0,0.9989281296730042,0.0,0.0,inf,0.9903329063889305,9830.0,0.0,0.08264244760626885,0.21086812497446994,10.827968288776518,0.2485535766569039,5837.0,0.9989281296730042,0.0,0.0,inf,0.9739142272774088,3509.0,0.0
socofing:000318:right_ring,random_rectangles,0.699999988079071,4587.0,0.043100367638499386,0.06115367262554323,0.18990275999303619,12.13577455992992,0.3050145621378387,4915.0,0.8701793849468231,0.0,0.0,inf,0.9957290226334518,11469.0,0.0,0.06187866849422284,0.19189213271777636,12.084590400249189,0.29688240533739935,4836.0,0.8701793849468231,0.0,0.0,inf,0.9901891962872997,4613.0,0.0
socofing:000318:right_little,random_rectangles,0.800000011920929,2982.0,0.13239867043842823,0.0643805476425208,0.1899830139368345,11.912453333802395,0.39143909557428336,3277.0,0.9042570441961288,0.0,0.0,inf,0.9962041392407924,13107.0,0.0,0.06586795335858028,0.1943721374940284,11.813258306966967,0.3773908480732039,3203.0,0.9042570441961288,0.0,0.0,inf,0.9937162080223259,7914.0,0.0
socofing:000319:left_thumb,irregular,0.10000000149011612,8673.0,0.08696316866768915,0.047066275828668375,0.13493842954954843,13.27290164366995,0.40725628886763776,14746.0,0.9697914402931929,0.0,0.0,inf,0.9337262874568717,1638.0,0.0,0.06821179047375431,0.19226712533721455,11.661405506350155,0.1892827405175898,9781.0,0.9697914402931929,0.0,0.0,inf,0.896793506545189,978.0,0.0
socofing:000319:left_index,irregular,0.20000000298023224,5911.0,0.10323540106302427,0.04033599831472744,0.10757239524810173,13.943071898128244,0.6295134280065869,13107.0,0.9058485701680183,0.0,0.0,inf,0.9741675789656334,3277.0,0.0,0.08193106230002044,0.21700071976729296,10.865514141379666,0.2655478436490514,6353.0,0.9058485701680183,0.0,0.0,inf,0.9401170722947944,1163.0,0.0
socofing:000319:left_middle,irregular,0.30000001192092896,6517.0,0.16256445910708148,0.040703229022384026,0.12658690237531117,13.903711364510166,0.4395297379054224,11469.0,0.9731344289612025,0.0,0.0,inf,0.9527664537565635,4915.0,0.0,0.05538365002999075,0.17065260952569528,12.566184257004636,0.25579370300171667,8303.0,0.9731344289612025,0.0,0.0,inf,0.9344391482417916,3226.0,0.0
socofing:000319:left_ring,irregular,0.4000000059604645,5434.0,0.05194916763883902,0.02533280922338239,0.0968800549113996,15.963166474552203,0.5410262172408257,9830.0,0.8609323427081108,0.0,0.0,inf,0.975938517465937,6554.0,0.0,0.03654699336682364,0.1392136375021064,14.371483455982457,0.3520742888203832,6540.0,0.8609323427081108,0.0,0.0,inf,0.9650820886692166,3793.0,0.0
socofing:000319:left_little,irregular,0.5,5476.0,0.013899974014090124,0.03777970523384484,0.12400873628468645,14.227414348687653,0.6361205690913712,8192.0,0.845901608467102,0.0,0.0,inf,0.9876042806293542,8192.0,0.0,0.05506711042337839,0.17881742121941435,12.591077119717152,0.4768245386333579,5563.0,0.845901608467102,0.0,0.0,inf,0.9695125027540291,3134.0,0.0
socofing:000319:right_thumb,irregular,0.6000000238418579,5045.0,0.045437411969169804,0.053573124041481276,0.1570826235830874,12.710530276159929,0.5318971781769964,6554.0,0.9263487160205841,0.0,0.0,inf,0.9832024711218722,9830.0,0.0,0.06475911165045685,0.18824475434996926,11.886991174225361,0.45048717271840266,5279.0,0.9263487160205841,0.0,0.0,inf,0.9698364346324563,4646.0,0.0
socofing:000319:right_index,irregular,0.699999988079071,2826.0,0.05781861568240448,0.02822103388324859,0.1025844475090119,15.494270798245871,0.6732323098047037,4915.0,0.7615687623620033,0.0,0.0,inf,0.9910150189905899,11469.0,0.0,0.0431396638979038,0.15484846196632482,13.651232428184148,0.5093941069264896,3140.0,0.7615687623620033,0.0,0.0,inf,0.9883440670467423,8188.0,0.0
socofing:000319:right_middle,irregular,0.800000011920929,2233.0,0.019420293944426757,0.028958716683503836,0.1014434397379286,15.382206879728859,0.7105208457628127,3277.0,0.80948506295681,0.0,0.0,inf,0.996026164731696,13107.0,0.0,0.04021574107259368,0.1400479385367402,13.95603923958263,0.6042862089091933,2353.0,0.80948506295681,0.0,0.0,inf,0.9939817422378118,8156.0,0.0
socofing:000319:right_ring,central_missing,0.10000000149011612,9390.0,0.1624800559720193,0.06929458001201208,0.179184290535562,11.593007331072213,0.26714743061586177,14746.0,0.9623269401490688,0.0,0.0,inf,0.9908670095018158,1638.0,0.0,0.09321915812581319,0.2343457196083722,10.30494823554954,0.08155483809790269,9667.0,0.9623269401490688,0.0,0.0,inf,0.9858897706571633,244.0,0.0
socofing:000319:right_little,central_missing,0.20000000298023224,9897.0,0.148126576876076,0.10017589013870405,0.22177004778895493,9.992367898425075,0.23789250181145918,13107.0,0.9942792528308928,0.0,0.0,inf,0.9780645567636164,3277.0,0.0,0.12680759211402623,0.2793734872652705,8.968547439738314,0.057053097189674724,10281.0,0.9942792528308928,0.0,0.0,inf,0.8822916508789767,528.0,0.0
socofing:000321:left_thumb,central_missing,0.30000001192092896,10375.0,0.08519648860008365,0.07470831658523497,0.19614584288165587,11.26631049509479,0.1711884337501677,11469.0,0.9870519335381687,0.0,0.0,inf,0.9898444032081279,4915.0,0.0,0.07934282678991043,0.20922645136024332,11.004923307412469,0.11514945075100932,10528.0,0.9620800316333771,0.0,0.0,inf,0.9732076404753216,1573.0,0.0
socofing:000321:left_index,central_missing,0.4000000059604645,8670.0,0.21839393265667212,0.07878155274420952,0.21074931267973274,11.035754637198647,0.11849294277918264,9830.0,0.98776979840477,0.0,0.0,inf,0.9813424585116074,6554.0,0.0,0.07914943643120237,0.2113098518144558,11.015521731034617,0.11384981089812751,9732.0,0.98776979840477,0.0,0.0,inf,0.9669563146370489,2713.0,0.0
socofing:000321:left_middle,central_missing,0.5,7509.0,0.061339766972189014,0.093186090893171,0.2421681933640567,10.3064890630632,0.1471027298610198,8192.0,0.9288427941501141,0.0,0.0,inf,0.9921322506255823,8192.0,0.0,0.093186090893171,0.2421681933640567,10.3064890630632,0.1471027298610198,8192.0,0.9288427941501141,0.0,0.0,inf,0.9835259558680992,3912.0,0.0
socofing:000321:left_ring,central_missing,0.6000000238418579,4955.0,0.07443720585202594,0.08096321852340138,0.21592293099212181,10.917122356923976,0.16939437186152267,6554.0,0.9026016965508461,0.0,0.0,inf,0.9933530060785112,9830.0,0.0,0.08726073718210835,0.23270122509327637,10.591811223969929,0.10807386671753073,6081.0,0.9026016965508461,0.0,0.0,inf,0.9832916368039277,3660.0,0.0
socofing:000321:left_little,central_missing,0.699999988079071,4744.0,0.014714172120495786,0.06973747153241851,0.20156161459592284,11.56533802865189,0.22118127427570364,4915.0,0.9459268376231194,0.0,0.0,inf,0.9955061482742463,11469.0,0.0,0.06973747153241851,0.20156161459592284,11.56533802865189,0.22118127427570364,4915.0,0.9459268376231194,0.0,0.0,inf,0.9905414161243927,5448.0,0.0
socofing:000321:right_thumb,central_missing,0.800000011920929,2733.0,0.12498074847317814,0.08591465070442608,0.22917454527205966,10.659327712380016,0.15086577294116107,3277.0,0.9212376130744815,0.0,0.0,inf,0.9970360491824627,13107.0,0.0,0.08591465070442608,0.22917454527205966,10.659327712380016,0.15086577294116107,3277.0,0.9212376130744815,0.0,0.0,inf,0.9958168942214431,9287.0,0.0
socofing:000321:right_index,peripheral_only,0.10000000149011612,10158.0,0.06187176925079407,0.054786109537520646,0.16124377456117245,12.613295385208742,0.38803215559106274,14746.0,0.9701785575598478,0.0,0.0,inf,0.9643047756213035,1638.0,0.0,0.06969553053440398,0.20523959770073474,11.567950716363205,0.22089821868859505,10857.0,0.9528478011488914,0.0,0.0,inf,0.964001939411372,1614.0,0.0
socofing:000321:right_middle,peripheral_only,0.20000000298023224,8942.0,0.02109796754706765,0.037384535319312566,0.12119637467038187,14.273080131586045,0.44656590446355066,13107.0,0.9421626348048449,0.0,0.0,inf,0.9747124590846359,3277.0,0.0,0.04855097376324022,0.15689581936145613,13.13802055235669,0.2679544841537241,9349.0,0.9421626348048449,0.0,0.0,inf,0.9721270936408362,2909.0,0.0
socofing:000321:right_ring,peripheral_only,0.30000001192092896,6926.0,0.0528235864424393,0.04297029542973799,0.12784646047564585,13.668316604407433,0.4948109535536623,11469.0,0.9349062740802765,0.0,0.0,inf,0.9825175903011476,4915.0,0.0,0.06335270198140913,0.18544107332285,11.982348578035548,0.25489839529286973,7445.0,0.9349062740802765,0.0,0.0,inf,0.977189667077717,3627.0,0.0
socofing:000321:right_little,peripheral_only,0.4000000059604645,5334.0,0.058065582348010354,0.044844791287710836,0.12689103367342577,13.482879928957416,0.5539643618440625,9830.0,0.9387793838977814,0.0,0.0,inf,0.9878829557163259,6554.0,0.0,0.07180943424690053,0.20032754875196343,11.438184948633763,0.28915096551445596,6031.0,0.9387793838977814,0.0,0.0,inf,0.9799497502172562,3895.0,0.0
socofing:000339:left_thumb,peripheral_only,0.5,5249.0,0.03602429385852795,0.0449369600538039,0.1326003227500862,13.473963105665007,0.49765642518407527,8192.0,0.9416589010506868,0.0,0.0,inf,0.9862680852536333,8192.0,0.0,0.06319934667384117,0.1828528953384979,11.992874112336311,0.3039038504107034,5593.0,0.9416589010506868,0.0,0.0,inf,0.9835419787053873,6734.0,0.0
socofing:000339:left_index,peripheral_only,0.6000000238418579,3892.0,0.04229066602685835,0.032503959592957904,0.11647116049021018,14.880637305710835,0.557905929867217,6554.0,0.974976971745491,0.0,0.0,inf,0.993386380289891,9830.0,0.0,0.04642208752029764,0.16645361870900227,13.332753339757119,0.36755633483188943,4327.0,0.974976971745491,0.0,0.0,inf,0.992600701578815,8162.0,0.0
socofing:000339:left_middle,peripheral_only,0.699999988079071,2671.0,0.06570199389239509,0.03703634266725926,0.11853966192917949,14.313719063813107,0.554684160471313,4915.0,0.8776750192046165,0.0,0.0,inf,0.9933644147050946,11469.0,0.0,0.05493574538767272,0.17461488813705883,12.60144978446693,0.3494345386679562,3247.0,0.8776750192046165,0.0,0.0,inf,0.9920548754414988,9430.0,0.0
socofing:000339:left_ring,peripheral_only,0.800000011920929,1470.0,0.17561293731248082,0.03067348852934695,0.10107757054868406,15.132368284228622,0.6099929753204097,3277.0,0.8298287987709045,0.0,0.0,inf,0.9950236571377262,13107.0,0.0,0.05421779890082951,0.17671978603806457,12.65858117604438,0.32862149773891636,1847.0,0.8298287987709045,0.0,0.0,inf,0.9930436901620678,9181.0,0.0
socofing:000339:left_little,central_only,0.10000000149011612,7530.0,0.1980944128007439,0.05599364139975217,0.15028588964723558,12.51861288382936,0.36209961597635043,14746.0,0.9893754171207547,0.0,0.0,inf,0.9850246756198864,1638.0,0.0,0.08278664123895484,0.2205349152384514,10.820397369381709,0.11244000073915811,8548.0,0.951164435595274,0.0,0.0,inf,0.9850246756198864,1638.0,0.0
socofing:000339:right_thumb,central_only,0.20000000298023224,8645.0,0.07698812230521124,0.05129978362208504,0.14421904363093732,12.898844666997364,0.34988445513893435,13107.0,0.9991701006802032,0.0,0.0,inf,0.9932458384905837,3277.0,0.0,0.06755606658183191,0.1888813316153647,11.703356449437731,0.1456865594645512,9237.0,0.9991701006802032,0.0,0.0,inf,0.9932458384905837,3277.0,0.0
socofing:000339:right_index,central_only,0.30000001192092896,6467.0,0.08582348040768586,0.04128433249921451,0.12092953453296433,13.842147328496202,0.4169183094478885,11469.0,0.9873835244216025,0.0,0.0,inf,0.9881863195690007,4915.0,0.0,0.05883417717206766,0.17317013713219986,12.303703160120623,0.19489392875212302,7250.0,0.9873835244216025,0.0,0.0,inf,0.9881863195690007,4915.0,0.0
socofing:000339:right_middle,central_only,0.4000000059604645,5739.0,0.10591749199017281,0.050983785966937686,0.14001509828196304,12.925679177192508,0.4600081190588222,9830.0,0.9963860299903899,0.0,0.0,inf,0.9923149624491564,6554.0,0.0,0.07079830376087426,0.19574602576850603,11.499771473401328,0.2761614964532172,6045.0,0.9963860299903899,0.0,0.0,inf,0.9923149624491564,6554.0,0.0
socofing:000339:right_ring,central_only,0.5,3727.0,0.07062875399842788,0.03106448504566224,0.09864467246520503,15.077358412680224,0.5969557054585339,8192.0,0.9188871532678604,0.0,0.0,inf,0.9921403666594155,8192.0,0.0,0.046817241627030146,0.15400925306664948,13.295941775990137,0.3837561654997822,4055.0,0.9188871532678604,0.0,0.0,inf,0.9921403666594155,8192.0,0.0
socofing:000339:right_little,central_only,0.6000000238418579,1725.0,0.3331474921614073,0.010442491563871567,0.04622794286379756,19.811958669142186,0.6973214237639161,6554.0,0.89352922514081,0.0,0.0,inf,0.994373162403756,9830.0,0.0,0.019923381740777357,0.09315684136040758,17.006369436880412,0.3737140408428604,2235.0,0.89352922514081,0.0,0.0,inf,0.9942480771867918,9112.0,0.0
socofing:000345:left_thumb,central_only,0.699999988079071,1336.0,0.08647090576277884,0.017112106795899373,0.06634319890612625,17.666965180154754,0.7272194043702619,4915.0,0.7552443593740463,0.0,0.0,inf,0.9969645579436393,11469.0,0.0,0.04026238495595187,0.15405640658239522,13.951005031052956,0.34357481137494594,1500.0,0.7552443593740463,0.0,0.0,inf,0.9966858918481004,9895.0,0.0
socofing:000345:left_index,central_only,0.800000011920929,95.0,0.21172698407227244,0.004498371788498942,0.012136419214760708,23.469446531643246,0.963836798935566,3277.0,0.7506996989250183,0.0,0.0,inf,0.9995257046808195,13107.0,0.0,0.08507586300197836,0.2173242703653299,10.701936367652578,0.36795224245471564,104.0,0.7506996989250183,0.0,0.0,inf,0.9993366785791716,9037.0,0.0
socofing:000345:left_middle,disconnected_fragments,0.10000000149011612,9499.0,0.10408657358240195,0.05255310709552844,0.14256637076603845,12.794016020990718,0.401516686387543,14746.0,0.9344131350517273,0.0,0.0,inf,0.9829652499671987,1638.0,0.0,0.07351639867064931,0.20101147295637994,11.336157757755421,0.16155207407191474,9585.0,0.9344131350517273,0.0,0.0,inf,0.97615730954213,1118.0,0.0
socofing:000345:left_ring,disconnected_fragments,0.20000000298023224,6716.0,0.05791402337957673,0.020367179677440155,0.07525286392404057,16.910691052819136,0.577840961530527,13107.0,0.7493991404771805,0.0,0.0,inf,0.9814755100803907,3277.0,0.0,0.03723321118040349,0.13709906193954366,14.290695064141804,0.22411173382984695,6821.0,0.7493991404771805,0.0,0.0,inf,0.9752944708216075,2415.0,0.0
socofing:000345:left_little,disconnected_fragments,0.30000001192092896,4966.0,0.03996522146164899,0.017430305914704528,0.06889425459052247,17.586949906351453,0.6593227743883515,11469.0,0.743220180273056,0.0,0.0,inf,0.9901358670096331,4915.0,0.0,0.03467261445559554,0.13744842850962263,14.60013409545544,0.3410922560886005,5104.0,0.743220180273056,0.0,0.0,inf,0.9874793016089698,3845.0,0.0
socofing:000345:right_thumb,disconnected_fragments,0.4000000059604645,6759.0,0.13925747759796592,0.07956905068736639,0.19116880329239241,10.992558233351472,0.336058742745264,9830.0,0.9954753005877137,0.0,0.0,inf,0.9942907936910725,6554.0,0.0,0.09415911518975797,0.2323972118837732,10.261376311970253,0.1905000102582048,7354.0,0.9954753005877137,0.0,0.0,inf,0.9925169153477713,4975.0,0.0
socofing:000345:right_index,disconnected_fragments,0.5,3087.0,0.046039774546342095,0.012705915084014347,0.04478725253359517,18.95994051461581,0.7708508898267791,8192.0,0.8950154706835747,0.0,0.0,inf,0.9918397525142493,8192.0,0.0,0.03198633968035578,0.10960488382621682,14.950354550573518,0.4302694595652299,3165.0,0.8950154706835747,0.0,0.0,inf,0.9905406542036463,6987.0,0.0
socofing:000345:right_middle,disconnected_fragments,0.6000000238418579,2934.0,0.04100542511157244,0.026833223635166756,0.08527956064144064,15.713271498079106,0.66847280367062,6554.0,0.8350520404055715,0.0,0.0,inf,0.9966110801690714,9830.0,0.0,0.053159338377946494,0.16948052613275935,12.744204329323727,0.3447587981971542,2986.0,0.8350520404055715,0.0,0.0,inf,0.9961517021813072,8587.0,0.0
socofing:000345:right_ring,disconnected_fragments,0.699999988079071,2199.0,0.11846506299037117,0.04041647385748017,0.10194278192268302,13.934415792680124,0.6233885708374841,4915.0,0.9990574717521667,0.0,0.0,inf,0.9936072577367124,11469.0,0.0,0.07675397621610894,0.18647213013503844,11.148991167760558,0.28267165314184434,2291.0,0.9990574717521667,0.0,0.0,inf,0.9902449598158084,7437.0,0.0
socofing:000345:right_little,disconnected_fragments,0.800000011920929,1144.0,0.012806924266390894,0.01291728470417846,0.047799337281867395,18.88828768223677,0.8099390534907277,3277.0,0.7109711393713951,0.0,0.0,inf,0.9992257083962055,13107.0,0.0,0.036631796086700044,0.13421223289333284,14.36141787002401,0.4749741453275599,1144.0,0.7109711393713951,0.0,0.0,inf,0.9989041003737452,8941.0,0.0
socofing:000356:left_thumb,stripes,0.10000000149011612,11409.0,0.06331562893400114,0.06975674589907732,0.18828413221955878,11.56413787121318,0.2765599073418805,14746.0,0.9797638654708862,0.0,0.0,inf,0.980616370938836,1638.0,0.0,0.08565424994282685,0.22957871062008714,10.6725108359249,0.11122750862312575,11461.0,0.9797638654708862,0.0,0.0,inf,0.9850808171759433,1089.0,0.0
socofing:000356:left_index,stripes,0.20000000298023224,10164.0,0.1581536575618643,0.07936750561409443,0.1938675149649567,11.00357268617855,0.26952597118369637,13107.0,0.9952357313595712,0.0,0.0,inf,0.9725922457091156,3277.0,0.0,0.09404524294063946,0.22977620141151073,10.266631673318958,0.14912344185425477,10416.0,0.9952357313595712,0.0,0.0,inf,0.9473276041951582,1655.0,0.0
socofing:000356:left_middle,stripes,0.30000001192092896,9040.0,0.09344550772752278,0.04992489483691564,0.1543617600264587,13.016828412653787,0.36195152747613824,11469.0,0.9139807969331741,0.0,0.0,inf,0.9936211255470444,4915.0,0.0,0.06112033482416474,0.1884278125009109,12.138142753111483,0.2253247355142863,9067.0,0.9139807969331741,0.0,0.0,inf,0.9924666768086501,3601.0,0.0
socofing:000356:left_ring,stripes,0.4000000059604645,7818.0,0.10403428207411927,0.055446459692080625,0.15659062642626717,12.561261787353645,0.363130097940143,9830.0,0.979348714929074,0.0,0.0,inf,0.9939741310212589,6554.0,0.0,0.06780331867091946,0.19065970125396411,11.687490488291775,0.23422450279752993,7884.0,0.979348714929074,0.0,0.0,inf,0.9905128066331755,3672.0,0.0
socofing:000356:left_little,stripes,0.5,5778.0,0.03096040621039735,0.04563337220936542,0.1328186960939144,13.407174366008874,0.4975762680495304,8192.0,0.9335323921404779,0.0,0.0,inf,0.9971181194297172,8192.0,0.0,0.06332300608331652,0.1837981723424686,11.984384763995754,0.3093721124179654,5811.0,0.9335323921404779,0.0,0.0,inf,0.9956846394527342,5020.0,0.0
socofing:000356:right_thumb,stripes,0.6000000238418579,4982.0,0.04023420165540726,0.06336825449362507,0.1806195267277699,11.981282555420677,0.4103859862598422,6554.0,0.9028199035674334,0.0,0.0,inf,0.9965047008272613,9830.0,0.0,0.07490546192305052,0.21262471847755718,11.25486513454658,0.3123719309113761,5123.0,0.9028199035674334,0.0,0.0,inf,0.995598873872467,7642.0,0.0
socofing:000356:right_index,stripes,0.699999988079071,3153.0,0.04504856592859741,0.03137926064244497,0.10922751429903935,15.033572934670278,0.5405444420727014,4915.0,0.9033459201455116,0.0,0.0,inf,0.9968978975405821,11469.0,0.0,0.04230709174976029,0.14549029491269216,13.735868276689796,0.3875050508660797,3305.0,0.9033459201455116,0.0,0.0,inf,0.9962721020324545,8459.0,0.0
socofing:000356:right_middle,stripes,0.800000011920929,2729.0,0.05369187413684062,0.03275682292814471,0.12098552900110475,14.846982269264421,0.6151028760898362,3277.0,0.7359342947602272,0.0,0.0,inf,0.9982334551550159,13107.0,0.0,0.03754954831610173,0.13858152232349744,14.253952827611284,0.555662972803958,2779.0,0.7359342947602272,0.0,0.0,inf,0.997684073051766,9416.0,0.0
socofing:000356:right_ring,severe_partial,0.10000000149011612,10205.0,0.06873619854305289,0.04865050561629125,0.14376596488963606,13.129126418247312,0.3959106089343332,14746.0,0.9358707629144192,0.0,0.0,inf,0.9842308522070282,1638.0,0.0,0.06602062834531033,0.19385845993093623,11.803203466279065,0.19125796920498175,10470.0,0.9358707629144192,0.0,0.0,inf,0.9840090776613121,1612.0,0.0
socofing:000356:right_little,severe_partial,0.20000000298023224,7232.0,0.07736493413415703,0.04354942617199977,0.12560052596193616,13.610175630897487,0.5132312979319734,13107.0,0.9405841282568872,0.0,0.0,inf,0.9884771069023599,3277.0,0.0,0.07071812699123843,0.20042422198133134,11.504692503725538,0.2768774876842273,7563.0,0.9405841282568872,0.0,0.0,inf,0.9884771069023599,3277.0,0.0
socofing:000358:left_thumb,severe_partial,0.30000001192092896,7473.0,0.12884505871135218,0.07323558582680874,0.1704774510068862,11.352778400780386,0.40836398237062205,11469.0,0.9999088048934937,0.0,0.0,inf,0.993718384609015,4915.0,0.0,0.09432885693326193,0.22510456210874233,10.253554282622702,0.23952219640418415,7675.0,0.9999088048934937,0.0,0.0,inf,0.9933294927151648,4550.0,0.0
socofing:000358:left_index,random_rectangles,0.10000000149011612,10585.0,0.12327729383157905,0.05826301035697173,0.16485922300220912,12.346070798242863,0.2722941106033069,14746.0,0.9867056850343943,0.0,0.0,inf,0.9396886494279407,1638.0,0.0,0.07733298451451397,0.21728710241950275,11.11635228756738,0.056747480578909354,10758.0,0.9867056850343943,0.0,0.0,inf,0.42923224242907193,43.0,0.0
socofing:000358:left_middle,random_rectangles,0.20000000298023224,11104.0,0.0843870877605767,0.046216420574036875,0.16007662156541538,13.35203693325559,0.16216284903347283,13107.0,0.962441158015281,0.0,0.0,inf,0.9714314910019926,3277.0,0.0,0.049357062816360764,0.1701760893192043,13.066506925850447,0.11102781398869996,12006.0,0.962441158015281,0.0,0.0,inf,0.9297445100912147,574.0,0.0
socofing:000358:left_ring,random_rectangles,0.30000001192092896,7614.0,0.037664678752505516,0.058097530848670656,0.15991712785259865,12.35842324779794,0.3563410359559166,11469.0,0.9214609265327454,0.0,0.0,inf,0.9819504103286016,4915.0,0.0,0.08397717084176631,0.22925221888489886,10.75838760663858,0.0989987489590786,7871.0,0.9214609265327454,0.0,0.0,inf,0.9168232445052678,592.0,0.0
socofing:000358:left_little,random_rectangles,0.4000000059604645,8247.0,0.11292684542328499,0.052678652971367854,0.1666538870186163,12.78365338770644,0.19732133894368448,9830.0,0.8241469711065292,0.0,0.0,inf,0.9896266362083527,6554.0,0.0,0.05813629641294856,0.18356783363419055,12.355526385210755,0.1234371489358376,8898.0,0.8241469711065292,0.0,0.0,inf,0.951703290247266,987.0,0.0
socofing:000358:right_thumb,random_rectangles,0.5,7582.0,0.04223709163300299,0.05482088643732007,0.16680884801241636,12.61053946328002,0.40174081533466804,8192.0,0.977736649569124,0.0,0.0,inf,0.992595908176758,8192.0,0.0,0.05844300121315046,0.17753357708053513,12.332674899170224,0.3636880162103137,7618.0,0.977736649569124,0.0,0.0,inf,0.9894451292362151,4735.0,0.0
socofing:000358:right_index,random_rectangles,0.6000000238418579,5850.0,0.030652857836008136,0.05114165399882811,0.1626525984975582,12.912252303388547,0.40816873618510313,6554.0,0.8829629123210907,0.0,0.0,inf,0.9893176474578137,9830.0,0.0,0.05492326242024541,0.1742147254441543,12.602436737472054,0.36408598781720874,5995.0,0.8829629123210907,0.0,0.0,inf,0.9918159852490955,6322.0,0.0
socofing:000358:right_middle,random_rectangles,0.699999988079071,4509.0,0.1283115925445293,0.06808641377228135,0.19577031694920047,11.669395402514686,0.2703084209192034,4915.0,0.9082694873213768,0.0,0.0,inf,0.9906575302765316,11469.0,0.0,0.06847815190607129,0.1967626832803816,11.64447968947517,0.2668951845044919,4884.0,0.9082694873213768,0.0,0.0,inf,0.9861473875704896,7602.0,0.0
socofing:000358:right_ring,random_rectangles,0.800000011920929,3277.0,0.010071799306826706,0.04665236735270776,0.16221842417292534,13.31126313286585,0.4933499579105175,3277.0,0.8501024954020977,0.0,0.0,inf,0.9967080359144757,13107.0,0.0,0.04665236735270776,0.16221842417292534,13.31126313286585,0.4933499579105175,3277.0,0.8501024954020977,0.0,0.0,inf,0.9953728139798091,8712.0,0.0
socofing:000358:right_little,irregular,0.10000000149011612,10105.0,0.0674433299160327,0.03934956619673162,0.12720319292687654,14.050600510915539,0.42355639064399536,14746.0,0.8806947777047753,0.0,0.0,inf,0.9594796146683428,1638.0,0.0,0.054671174119326496,0.17512140618412325,12.622415990905335,0.23528715742519327,10364.0,0.8806947777047753,0.0,0.0,inf,0.9586367551580155,1604.0,0.0
socofing:000377:left_thumb,irregular,0.20000000298023224,10424.0,0.025356685550491132,0.0538942147871348,0.15982072763120164,12.684578511559168,0.4955646797990592,13107.0,0.9498219974339008,0.0,0.0,inf,0.9698528145629668,3277.0,0.0,0.06369579822231945,0.18680092999606296,11.958892155303873,0.4097916397720393,10425.0,0.9498219974339008,0.0,0.0,inf,0.9696200425808876,2451.0,0.0
socofing:000377:left_index,irregular,0.30000001192092896,8280.0,0.03458376748510975,0.04687681262421247,0.1357872508200141,13.29041925718131,0.4859082099106874,11469.0,0.9836764885112643,0.0,0.0,inf,0.9840443765484176,4915.0,0.0,0.062351975250106086,0.1797070295604994,12.051497839395118,0.33448158722232113,8423.0,0.9836764885112643,0.0,0.0,inf,0.9785649390970228,3071.0,0.0
socofing:000377:left_middle,irregular,0.4000000059604645,7203.0,0.019495719924591197,0.03475017199940197,0.1202044975249046,14.590430414851967,0.6227239528736584,9830.0,0.9431746881455183,0.0,0.0,inf,0.9875863115830359,6554.0,0.0,0.044474843146790906,0.15336266384681754,13.51885574904595,0.5197768046800951,7203.0,0.8833406269550323,0.0,0.0,inf,0.9811854566158116,3647.0,0.0
socofing:000377:left_ring,irregular,0.5,5601.0,0.04153048822095711,0.03725446694096941,0.1219981122542908,14.288216463652216,0.5631197560895362,8192.0,0.8860241686925292,0.0,0.0,inf,0.9858504196550577,8192.0,0.0,0.05237528555233472,0.16998872857389413,12.808735962267901,0.3836571160052534,5710.0,0.8860241686925292,0.0,0.0,inf,0.9752894938443748,4343.0,0.0
socofing:000377:left_little,irregular,0.6000000238418579,4340.0,0.018765696025791753,0.02439073063079717,0.0916515656902791,16.12775190085165,0.7048562082653999,6554.0,0.8065908998250961,0.0,0.0,inf,0.9921475341371676,9830.0,0.0,0.03494206659279271,0.13141139579849132,14.566514129390981,0.5822504154771136,4386.0,0.8065908998250961,0.0,0.0,inf,0.9881586414699258,5724.0,0.0
socofing:000377:right_thumb,irregular,0.699999988079071,3959.0,0.011495111673046392,0.03427831993467787,0.1286361538022112,14.649804720749524,0.6743147574519527,4915.0,0.7749354988336563,0.0,0.0,inf,0.9923173770254302,11469.0,0.0,0.03992830270957856,0.1494220588693295,13.987191506003281,0.6260818350227184,4015.0,0.7749354988336563,0.0,0.0,inf,0.9904088864126023,8317.0,0.0
socofing:000377:right_index,irregular,0.800000011920929,2271.0,0.014327692936572446,0.0193872900820698,0.08217031190643881,17.12482891522235,0.7856273613303985,3277.0,0.8100212290883064,0.0,0.0,inf,0.9953222762013212,13107.0,0.0,0.02690403982375107,0.11302472570850969,15.70182502843936,0.7011380351653758,2322.0,0.8100212290883064,0.0,0.0,inf,0.9933018603535306,8968.0,0.0
socofing:000377:right_middle,central_missing,0.10000000149011612,9574.0,0.057776407346755584,0.05892470762242926,0.1650314445451879,12.297025637171835,0.31230504174473106,14746.0,0.9839967005245853,0.0,0.0,inf,0.9938111749980661,1638.0,0.0,0.08649548094265945,0.23480874244279154,10.63006582164489,0.0890958896484912,9594.0,0.9839967005245853,0.0,0.0,inf,0.9888431198060169,180.0,0.0
socofing:000377:right_ring,central_missing,0.20000000298023224,10667.0,0.06384320786866579,0.06186175286828754,0.17305226370872054,12.085777783153905,0.23109583115106727,13107.0,0.970063716173172,0.0,0.0,inf,0.9953561738004894,3277.0,0.0,0.07277557728839743,0.20272920807275738,11.38014340857601,0.0999941802260765,11016.0,0.970063716173172,0.0,0.0,inf,0.9913313058245615,683.0,0.0
socofing:000377:right_little,central_missing,0.30000001192092896,10537.0,0.08376633564388133,0.08001988758321292,0.21472123195177223,10.968020630797984,0.15493955612232377,11469.0,0.9644634295254946,0.0,0.0,inf,0.9875251801187916,4915.0,0.0,0.08560637661081033,0.22904573934369687,10.674938845781575,0.09838723774539193,10600.0,0.9644634295254946,0.0,0.0,inf,0.9647275261125458,975.0,0.0
socofing:000380:left_thumb,central_missing,0.4000000059604645,9451.0,0.0490876595139368,0.08417926604205866,0.23280713472573433,10.747948651795083,0.12158786968587076,9830.0,0.9245070833712816,0.0,0.0,inf,0.9844355093723228,6554.0,0.0,0.08572208174512164,0.23629878908218924,10.66907290739855,0.10521440678746892,9621.0,0.9245070833712816,0.0,0.0,inf,0.9668931445870521,2597.0,0.0
socofing:000380:left_index,central_missing,0.5,7622.0,0.05222787098591448,0.09682624457106911,0.23129904342504837,10.140069120348942,0.18860853723946025,8192.0,0.9968508916790597,0.0,0.0,inf,0.9917242693219837,8192.0,0.0,0.10281277964218306,0.24559839100486439,9.879528991235672,0.1416702408730348,7715.0,0.9968508916790597,0.0,0.0,inf,0.9787602618605369,2719.0,0.0
socofing:000380:left_middle,central_missing,0.6000000238418579,6449.0,0.02740024212974304,0.08157625910127793,0.22737371540919785,10.884362143035917,0.21442718422989204,6554.0,0.9460599794983864,0.0,0.0,inf,0.9960332085920449,9830.0,0.0,0.08157625910127793,0.22737371540919785,10.884362143035917,0.21442718422989204,6554.0,0.9460599794983864,0.0,0.0,inf,0.9926190498693547,5283.0,0.0
socofing:000380:left_ring,central_missing,0.699999988079071,4689.0,0.05514189022361528,0.07941957235774384,0.22351719504971926,11.000724557658666,0.16441833427204666,4915.0,0.9612556826323271,0.0,0.0,inf,0.995914835341406,11469.0,0.0,0.07941957235774384,0.22351719504971926,11.000724557658666,0.16441833427204666,4915.0,0.9612556826323271,0.0,0.0,inf,0.9914689086909294,5492.0,0.0
socofing:000380:left_little,central_missing,0.800000011920929,3239.0,0.037180157794476684,0.07798814864388214,0.21535650717921595,11.07971389227748,0.19631980837564356,3277.0,0.9865984537973418,0.0,0.0,inf,0.9963410882370356,13107.0,0.0,0.07798814864388214,0.21535650717921595,11.07971389227748,0.19631980837564356,3277.0,0.9865984537973418,0.0,0.0,inf,0.9904523546764109,4405.0,0.0
socofing:000380:right_thumb,peripheral_only,0.10000000149011612,10109.0,0.030273123058807066,0.062206343083803066,0.16631193177545073,12.061653287201214,0.4117794009261541,14746.0,0.9830977353267372,0.0,0.0,inf,0.9778822643061083,1638.0,0.0,0.08523242859722978,0.22539348857812067,10.693951366735705,0.20938783397767644,10351.0,0.9830977353267372,0.0,0.0,inf,0.9753464131607505,1413.0,0.0
socofing:000380:right_index,peripheral_only,0.20000000298023224,8320.0,0.03622291206098677,0.03987735579374953,0.11904130371366727,13.992736468061162,0.5128502079225791,13107.0,0.9546790234744549,0.0,0.0,inf,0.9799745029224354,3277.0,0.0,0.0606523010384651,0.17954143464228958,12.17152718138687,0.2661102723946337,8464.0,0.9546790234744549,0.0,0.0,inf,0.9728641295601896,2355.0,0.0
socofing:000380:right_middle,peripheral_only,0.30000001192092896,7579.0,0.04323939416006656,0.040320814406844145,0.12292495595013932,13.944707045182245,0.5362128793534874,11469.0,0.9430559687316418,0.0,0.0,inf,0.9901041320111889,4915.0,0.0,0.05867341429042138,0.17640078024898617,12.3155863882738,0.33851432252720687,7811.0,0.9430559687316418,0.0,0.0,inf,0.9880336225681068,4007.0,0.0
socofing:000380:right_ring,peripheral_only,0.4000000059604645,5458.0,0.05996115127067566,0.0368444918489367,0.11152892129507698,14.33627428793099,0.5323927473296839,9830.0,0.9602202009409666,0.0,0.0,inf,0.9849239631611753,6554.0,0.0,0.060993459042953516,0.18149391298933337,12.147167363640701,0.24720750429601487,5805.0,0.9602202009409666,0.0,0.0,inf,0.9755102744119046,3837.0,0.0
socofing:000380:right_little,peripheral_only,0.5,4253.0,0.06571358945967203,0.03096770113576574,0.10172966505630754,15.090910329741082,0.5722533544891816,8192.0,0.9057523161172867,0.0,0.0,inf,0.9927278980630321,8192.0,0.0,0.05297722826337083,0.17119115197719123,12.759107674697528,0.3013802258299307,4722.0,0.9057523161172867,0.0,0.0,inf,0.9849095588022603,3783.0,0.0
socofing:000396:left_thumb,peripheral_only,0.6000000238418579,4142.0,0.031738949052402966,0.03678943327727169,0.12394528176952671,14.342769022055508,0.5685590179992289,6554.0,0.9554938226938248,0.0,0.0,inf,0.9918453920269835,9830.0,0.0,0.05362066023792138,0.17879427250750476,12.70667842797737,0.40587873950805614,4255.0,0.9554938226938248,0.0,0.0,inf,0.989404518463955,7324.0,0.0
socofing:000396:left_index,peripheral_only,0.699999988079071,2550.0,0.07810677682794492,0.031421493584692615,0.1091564938934195,15.027731751148403,0.5445045491281421,4915.0,0.9556271992623806,0.0,0.0,inf,0.9922165654524093,11469.0,0.0,0.05202584328904913,0.17901616796401704,12.837808715620344,0.27903066432444895,2945.0,0.9556271992623806,0.0,0.0,inf,0.9889075946653406,7598.0,0.0
socofing:000396:left_middle,peripheral_only,0.800000011920929,1807.0,0.04071737262925871,0.029111739436306332,0.10029071215400913,15.359318445433093,0.6053302211556773,3277.0,0.8305434733629227,0.0,0.0,inf,0.9959813866365993,13107.0,0.0,0.05031059546969831,0.17219516898038487,12.983405423905374,0.3439488848385183,1877.0,0.8305434733629227,0.0,0.0,inf,0.994954421408952,9738.0,0.0
socofing:000396:left_ring,central_only,0.10000000149011612,8899.0,0.17936867131113365,0.05113591604995494,0.1394232683157512,12.91273959684585,0.415678897813052,14746.0,0.923286959528923,0.0,0.0,inf,0.9857952878584596,1638.0,0.0,0.07678302347006485,0.20637963682484609,11.147347907532236,0.16427398130990878,9423.0,0.923286959528923,0.0,0.0,inf,0.9857952878584596,1638.0,0.0
socofing:000396:left_little,central_only,0.20000000298023224,5364.0,0.1579314403968229,0.02649532505431176,0.09122109713526393,15.76830748033858,0.5477027666543326,13107.0,0.902786560356617,0.0,0.0,inf,0.9884443779224908,3277.0,0.0,0.05150631678663324,0.17147309138511516,12.881395053792367,0.22967068936329915,6164.0,0.902786560356617,0.0,0.0,inf,0.9884443779224908,3277.0,0.0
socofing:000396:right_thumb,central_only,0.30000001192092896,6757.0,0.18323034346866046,0.05203138611573306,0.14318211709383769,12.837346043481366,0.3549400032245094,11469.0,0.9722369890660048,0.0,0.0,inf,0.9903894462286561,4915.0,0.0,0.0635674038458802,0.18047313350832508,11.967655252131184,0.19756684692990492,7843.0,0.9722369890660048,0.0,0.0,inf,0.9903894462286561,4915.0,0.0
socofing:000396:right_index,central_only,0.4000000059604645,4182.0,0.10874424148888151,0.023378105386000124,0.0820614108641107,16.311906879451875,0.6062862247936287,9830.0,0.9372932016849518,0.0,0.0,inf,0.9900602788788664,6554.0,0.0,0.041086163820248024,0.14490723862271085,13.86304406547168,0.3103943282674083,4886.0,0.9372932016849518,0.0,0.0,inf,0.9900602788788664,6554.0,0.0
socofing:000396:right_middle,central_only,0.5,2792.0,0.11674446383909604,0.02920808910763491,0.08569258109215716,15.344968551166998,0.687653255156232,8192.0,0.7970720082521439,0.0,0.0,inf,0.9941815713229609,8192.0,0.0,0.06493032489296525,0.19138564061369887,11.8755242403516,0.2963749583029577,3069.0,0.7970720082521439,0.0,0.0,inf,0.9937904586070538,7676.0,0.0
socofing:000396:right_ring,central_only,0.6000000238418579,2336.0,0.11891002667575926,0.02150167465644755,0.07171468826492408,16.675277137713298,0.707079379730896,6554.0,0.9369802437722683,0.0,0.0,inf,0.9928642935233505,9830.0,0.0,0.04583707711959993,0.14767950424412063,13.387830836955661,0.4217825861484823,2498.0,0.9369802437722683,0.0,0.0,inf,0.9928046950271509,9692.0,0.0
socofing:000396:right_little,central_only,0.699999988079071,553.0,0.051214896697001806,0.00451687864161832,0.0179083844053721,23.451615777989172,0.9211552095172965,4915.0,0.6551835238933563,0.0,0.0,inf,0.9985218779042323,11469.0,0.0,0.03018121034105585,0.1147854593919173,15.202633479301502,0.6504864078355291,567.0,0.6551835238933563,0.0,0.0,inf,0.99837659235343,10101.0,0.0
socofing:000406:left_thumb,central_only,0.800000011920929,130.0,0.022452594799407675,0.0012701114416485968,0.008372690147803548,28.961581716663293,0.9608916292376389,3277.0,0.4529622495174408,0.0,0.0,inf,0.9994254258406396,13107.0,0.0,0.016390643821857027,0.09402196094897634,17.85403987076952,0.6366879664852692,207.0,0.4529622495174408,0.0,0.0,inf,0.9995035340753089,9488.0,0.0
socofing:000406:left_index,disconnected_fragments,0.10000000149011612,6614.0,0.4883013891202742,0.06462503145925788,0.15571497022061825,11.895992324847898,0.37835530567687914,14746.0,0.9795929193496704,0.0,0.0,inf,0.9599054660857166,1638.0,0.0,0.09555403804706229,0.23038297020011297,10.197509552389924,0.10194815379460806,9770.0,0.9795929193496704,0.0,0.0,inf,0.9456338622442677,1153.0,0.0
socofing:000406:left_middle,disconnected_fragments,0.20000000298023224,6332.0,0.49706196356852494,0.07192072122517755,0.17954894731536952,11.431459661226544,0.3475221929374061,13107.0,0.9839419722557068,0.0,0.0,inf,0.9766815247856386,3277.0,0.0,0.10277734936262614,0.2573482399821875,9.881025870013916,0.08782745741389902,8646.0,0.9839419722557068,0.0,0.0,inf,0.9606418061614402,1858.0,0.0
socofing:000406:left_ring,disconnected_fragments,0.30000001192092896,4838.0,0.4281976744600138,0.03604729247800444,0.10659670217303913,14.431273496968641,0.5063309496445006,11469.0,0.8672273606061935,0.0,0.0,inf,0.9803314402480119,4915.0,0.0,0.05947322944583578,0.1753775201581262,12.256784783087584,0.2117357209536754,6660.0,0.8672273606061935,0.0,0.0,inf,0.9746234316695491,3808.0,0.0
socofing:000406:left_little,disconnected_fragments,0.4000000059604645,2964.0,0.6253828363691871,0.04388002368607992,0.11086883263586278,13.57733146668634,0.540668492355187,9830.0,0.9997182923179935,0.0,0.0,inf,0.9873829180843438,6554.0,0.0,0.09054981218353607,0.2232367586830039,10.431124461532193,0.13928995760103752,4568.0,0.9997182923179935,0.0,0.0,inf,0.9744686126722855,3023.0,0.0
socofing:000406:right_thumb,disconnected_fragments,0.5,3550.0,0.4126943088994973,0.06247242397921552,0.1646275411392164,12.043116427593715,0.41351295141115185,8192.0,0.9794302602531388,0.0,0.0,inf,0.989904433058534,8192.0,0.0,0.0896686784095086,0.23722813391382017,10.47359231085123,0.16219114507895696,5214.0,0.9794302602531388,0.0,0.0,inf,0.9880214994905935,6692.0,0.0
socofing:000406:right_index,disconnected_fragments,0.6000000238418579,1740.0,0.27622796341189554,0.055954244272872704,0.10682290836104248,12.52166965536375,0.620014114411483,6554.0,0.9999251365661621,0.0,0.0,inf,0.9915089610787945,9830.0,0.0,0.10531404767816333,0.2125720574327371,9.775136950804042,0.18726269106558502,2293.0,0.9999251365661621,0.0,0.0,inf,0.9894085033162411,7869.0,0.0
socofing:000406:right_middle,disconnected_fragments,0.699999988079071,2364.0,0.09349449459716226,0.048241006741715414,0.10776542034979193,13.165836374804783,0.5718389652475692,4915.0,0.9886607006192207,0.0,0.0,inf,0.9911603577756732,11469.0,0.0,0.08291988276651287,0.182656161216037,10.81341320590388,0.2827014657330024,2622.0,0.9886607006192207,0.0,0.0,inf,0.9882441462589459,8603.0,0.0
socofing:000406:right_ring,disconnected_fragments,0.800000011920929,745.0,0.07779214235748334,0.0014543251160116827,0.013076270869030824,28.373384956046262,0.8331813978850041,3277.0,0.519672884605825,0.0,0.0,inf,0.998957880973944,13107.0,0.0,0.004595905923363561,0.03601001835425684,23.37628869753605,0.38073665942354146,875.0,0.519672884605825,0.0,0.0,inf,0.9982897027089688,7957.0,0.0
socofing:000406:right_little,stripes,0.10000000149011612,6064.0,0.508271853890448,0.09422478812611625,0.17185547906772533,10.258348304319476,0.36102967645012707,14746.0,0.9994251228636131,0.0,0.0,inf,0.9826286959089134,1638.0,0.0,0.11129770090930419,0.22283979036068033,9.535138068487184,0.10684499160046355,8033.0,0.9994251228636131,0.0,0.0,inf,0.9501785165323239,567.0,0.0
socofing:000407:left_thumb,stripes,0.20000000298023224,9978.0,0.10112465307072384,0.08345584809563558,0.2111351927284291,10.785432251120548,0.23980717919889605,13107.0,0.9700070340186357,0.0,0.0,inf,0.9955886810838275,3277.0,0.0,0.10149606276626968,0.2556188576701375,9.935508045689769,0.1031207392268192,10089.0,0.9700070340186357,0.0,0.0,inf,0.993319464929136,2149.0,0.0
socofing:000407:left_index,stripes,0.30000001192092896,8766.0,0.09895335597973497,0.07933337798160413,0.19555847131440207,11.005440532451818,0.2820861573382618,11469.0,0.9734519273042679,0.0,0.0,inf,0.9930126564308714,4915.0,0.0,0.10042177734173148,0.24546329646792517,9.981720964164055,0.10778842346216157,8804.0,0.9734519273042679,0.0,0.0,inf,0.9883870411124853,2932.0,0.0
socofing:000407:left_middle,stripes,0.4000000059604645,7448.0,0.06183618481397758,0.03508385927438858,0.12540670337846876,14.548926396679366,0.44294575477426223,9830.0,0.9147891998291016,0.0,0.0,inf,0.9882620976327605,6554.0,0.0,0.04225665701954699,0.151068414459513,13.74104863539994,0.31052662235312206,7660.0,0.9147891998291016,0.0,0.0,inf,0.9829147490789276,3954.0,0.0
socofing:000407:left_ring,stripes,0.5,5553.0,0.0505236317941649,0.04767980540058434,0.14023542710141634,13.2166552578512,0.4229720789143033,8192.0,0.9414382558315992,0.0,0.0,inf,0.9955949231302257,8192.0,0.0,0.06592075909822566,0.19372824442071954,11.80977800244914,0.21096580112465735,5671.0,0.9414382558315992,0.0,0.0,inf,0.992510805402855,4435.0,0.0
socofing:000407:left_little,stripes,0.6000000238418579,5085.0,0.05809130936966412,0.06357272642871833,0.1784720386892948,11.967291626837984,0.3525427800306956,6554.0,0.9027376477606595,0.0,0.0,inf,0.9969019936328607,9830.0,0.0,0.07723204197723298,0.21776067562028584,11.122024824771689,0.21485175370826645,5181.0,0.9027376477606595,0.0,0.0,inf,0.9947335875982588,5067.0,0.0
socofing:000407:right_thumb,stripes,0.699999988079071,4176.0,0.009092566600566064,0.049433313365852584,0.15628762703754767,13.059802791147826,0.5123993530466513,4915.0,0.908551886677742,0.0,0.0,inf,0.9973843521214708,11469.0,0.0,0.05615967103236284,0.17602680636022727,12.50575444846342,0.44456885128538315,4176.0,0.908551886677742,0.0,0.0,inf,0.9968746805770191,8449.0,0.0
socofing:000407:right_index,stripes,0.800000011920929,2720.0,0.02089795829063803,0.059447955793048096,0.17081706637816466,12.25863074654421,0.46580054823150435,3277.0,0.8949244096875191,0.0,0.0,inf,0.9981781100531546,13107.0,0.0,0.06586033959072292,0.18860524839526133,11.813760342983164,0.43391411895784865,2720.0,0.8949244096875191,0.0,0.0,inf,0.9977277551386564,9257.0,0.0
socofing:000407:right_middle,severe_partial,0.10000000149011612,10194.0,0.08041153552759603,0.03398171396672811,0.10990260219793853,14.68754720007299,0.3705818068972444,14746.0,0.983952415175736,0.0,0.0,inf,0.9670840732867224,1638.0,0.0,0.04180101332345297,0.1341334267684647,13.788131901041554,0.21595821651474567,11005.0,0.983952415175736,0.0,0.0,inf,0.9652437905995429,1547.0,0.0
socofing:000407:right_ring,severe_partial,0.20000000298023224,9214.0,0.055615548540040104,0.048685811000061745,0.14985412474606563,13.125975911928926,0.36701149878053574,13107.0,0.9756464324891567,0.0,0.0,inf,0.9958093686438412,3277.0,0.0,0.06318140398602759,0.19390364389379572,11.994107276456578,0.16547654261178804,9379.0,0.9756464324891567,0.0,0.0,inf,0.9898406759886144,1248.0,0.0
socofing:000407:right_little,severe_partial,0.30000001192092896,5928.0,0.02633397822862579,0.03505211061259501,0.10785057843235772,14.552858264902985,0.597547730888569,11469.0,0.9435855527408421,0.0,0.0,inf,0.9923040212544857,4915.0,0.0,0.06279776484680558,0.18962067410120353,12.02055813778307,0.3311657405590356,6074.0,0.9435855527408421,0.0,0.0,inf,0.9918501972191741,4586.0,0.0
socofing:000422:left_thumb,random_rectangles,0.10000000149011612,11661.0,0.07361576617188019,0.06701570437930902,0.18472078341175954,11.738234133278333,0.22893727629455207,14746.0,0.9800728145055473,0.0,0.0,inf,0.9860366103480575,1638.0,0.0,0.07904700825447837,0.21595108851310985,11.021145624573725,0.1039166761518639,12052.0,0.9800728145055473,0.0,0.0,inf,0.9518087752388741,357.0,0.0
socofing:000422:left_index,random_rectangles,0.20000000298023224,10582.0,0.2301845503925815,0.06747581199316507,0.18537558893537004,11.70851880509436,0.29878599772655595,13107.0,0.9587805531919003,0.0,0.0,inf,0.9684864256091027,3277.0,0.0,0.07874348493147706,0.2158172404294071,11.037853686540087,0.19300646079101952,10862.0,0.9587805531919003,0.0,0.0,inf,0.9644593215753101,1273.0,0.0
socofing:000422:left_middle,random_rectangles,0.30000001192092896,10219.0,0.11143604100047458,0.04646417965486855,0.154738368797969,13.328817261027094,0.22210663421832882,11469.0,0.8913720324635506,0.0,0.0,inf,0.9875281433905948,4915.0,0.0,0.05074288598999553,0.16853777370295772,12.94624836012856,0.160255095036102,10490.0,0.8913720324635506,0.0,0.0,inf,0.9709503621093486,1842.0,0.0
socofing:000422:left_ring,random_rectangles,0.4000000059604645,9072.0,0.1100026700838673,0.04027825027116808,0.15101835684867865,13.949294039099204,0.2327278249630122,9830.0,0.8075737655162811,0.0,0.0,inf,0.986822262360976,6554.0,0.0,0.042371866583396915,0.15847254582234294,13.729224038533046,0.18999843359073953,9220.0,0.8075737655162811,0.0,0.0,inf,0.979591849025964,2962.0,0.0
socofing:000422:left_little,random_rectangles,0.5,7366.0,0.047217799067383194,0.03781135671959582,0.14274083713007713,14.223777393192174,0.3200798075261401,8192.0,0.789542019367218,0.0,0.0,inf,0.9939550009419011,8192.0,0.0,0.041239427713606724,0.15508450326376763,13.846873701234188,0.2666835153840482,7443.0,0.789542019367218,0.0,0.0,inf,0.9884797935707337,4119.0,0.0
socofing:000422:right_thumb,random_rectangles,0.6000000238418579,5947.0,0.012924113325520582,0.04604838644064417,0.14771484439231572,13.367855831045222,0.4437887747018215,6554.0,0.9040021896362305,0.0,0.0,inf,0.9921576068579754,9830.0,0.0,0.04879669241454913,0.15509971725339494,13.116096147758267,0.4121511442678374,6080.0,0.9040021896362305,0.0,0.0,inf,0.9909508698466037,6692.0,0.0
socofing:000422:right_index,random_rectangles,0.699999988079071,4257.0,0.027959213063760417,0.04400328957403619,0.13908799326018825,13.565148555490511,0.4933707140142547,4915.0,0.960998807917349,0.0,0.0,inf,0.9957139513659761,11469.0,0.0,0.05040099460573949,0.1594405050281809,12.975608931671282,0.4287308177798913,4265.0,0.960998807917349,0.0,0.0,inf,0.9935028621328869,7447.0,0.0
socofing:000422:right_middle,random_rectangles,0.800000011920929,3263.0,0.019460229452771195,0.03531189100441503,0.13596219396892778,14.52079024697094,0.6040271300580877,3277.0,0.8506386838853359,0.0,0.0,inf,0.9976065697896277,13107.0,0.0,0.03531189100441503,0.13596219396892778,14.52079024697094,0.6040271300580877,3277.0,0.8506386838853359,0.0,0.0,inf,0.996038540084657,7621.0,0.0
socofing:000422:right_ring,irregular,0.10000000149011612,10532.0,0.03641611770316864,0.04276896510085502,0.13809336508769618,13.688712584274471,0.4648022075605458,14746.0,0.9363374416716397,0.0,0.0,inf,0.9537954400849951,1638.0,0.0,0.05641977904418468,0.18129536126678011,12.485686189973705,0.3089748420309346,10566.0,0.9363374416716397,0.0,0.0,inf,0.9492299019002716,1335.0,0.0
socofing:000422:right_little,irregular,0.20000000298023224,9770.0,0.10248372327549118,0.05096467381636234,0.15032527472774812,12.927307510106425,0.4256293126355829,13107.0,0.8980212435126305,0.0,0.0,inf,0.9774763799327878,3277.0,0.0,0.0656342265277646,0.1924934464227913,11.828696283716923,0.2786112195258985,9916.0,0.8980212435126305,0.0,0.0,inf,0.970117196385907,2236.0,0.0
socofing:000424:left_thumb,irregular,0.30000001192092896,8245.0,0.034478177678169276,0.04185330667006767,0.13630529933218316,13.78270224365268,0.4906753948968953,11469.0,0.90254489146173,0.0,0.0,inf,0.963525353294928,4915.0,0.0,0.052837577224257554,0.17116398084673354,12.770571044234988,0.35898092872930487,8804.0,0.90254489146173,0.0,0.0,inf,0.9403396470500495,2786.0,0.0
socofing:000424:left_index,irregular,0.4000000059604645,6657.0,0.04644662129802139,0.030024393681161866,0.10451722060616135,15.225257540694173,0.6096527181002893,9830.0,0.9854034651070833,0.0,0.0,inf,0.9793899562443625,6554.0,0.0,0.04024031716771455,0.14059532322451276,13.953386048993101,0.4853910206895641,7035.0,0.9854034651070833,0.0,0.0,inf,0.972683786381851,4741.0,0.0
socofing:000424:left_middle,irregular,0.5,5451.0,0.029482806274605637,0.0367380540151447,0.1164615047084614,14.348838516466248,0.5850346797402334,8192.0,0.879397839307785,0.0,0.0,inf,0.9806892712348643,8192.0,0.0,0.04946191785960009,0.15593902836957838,13.057290481103212,0.44974299568835013,5662.0,0.879397839307785,0.0,0.0,inf,0.979289600824753,5622.0,0.0
socofing:000424:left_ring,irregular,0.6000000238418579,4486.0,0.026027028521979974,0.03932452255529799,0.12528949473807344,14.053365415046306,0.6122288200870452,6554.0,0.9126759916543961,0.0,0.0,inf,0.9858026840301343,9830.0,0.0,0.0551240027572908,0.1756782426949522,12.58659254230196,0.4760072485387532,4529.0,0.9126759916543961,0.0,0.0,inf,0.9818915959291542,5294.0,0.0
socofing:000424:left_little,irregular,0.699999988079071,3066.0,0.027928640575546386,0.03087820492402449,0.1082208813054417,15.10347954911779,0.6395238036283503,4915.0,0.760223463177681,0.0,0.0,inf,0.9911431455538531,11469.0,0.0,0.04068715896290761,0.14186414482213078,13.905426343002816,0.5484670628463003,3228.0,0.760223463177681,0.0,0.0,inf,0.9869397050160836,6949.0,0.0
socofing:000424:right_thumb,irregular,0.800000011920929,2348.0,0.041403320971482145,0.03268725708237277,0.12249466642625627,14.856215212663429,0.574835395457879,3277.0,0.7276264429092407,0.0,0.0,inf,0.9905189359259623,13107.0,0.0,0.039479387011916216,0.1464819534784446,14.036295991485254,0.4839933028002561,2531.0,0.7276264429092407,0.0,0.0,inf,0.986019653798401,8200.0,0.0
socofing:000424:right_index,central_missing,0.10000000149011612,12222.0,0.5390398408704007,0.08765010456413908,0.2064200139625721,10.572475614686287,0.21193167158098244,14746.0,0.9861930445767939,0.0,0.0,inf,0.9875226624479858,1638.0,0.0,0.10188404417795538,0.23856446402195658,9.918938245122025,0.09148170821740671,12549.0,0.9861930445767939,0.0,0.0,inf,0.9627391209406181,292.0,0.0
socofing:000424:right_middle,central_missing,0.20000000298023224,11369.0,0.45647576628972647,0.13828268001282243,0.27941405635429495,8.592322121242692,0.11508622135339405,13107.0,0.9997645020484924,0.0,0.0,inf,0.9685883456530228,3277.0,0.0,0.15107774180873362,0.3041682398043465,8.207995152883539,0.04225227962286558,11768.0,0.9997645020484924,0.0,0.0,inf,0.9172900427141676,719.0,0.0
socofing:000424:right_ring,central_missing,0.30000001192092896,9248.0,0.06947474269642943,0.06831377069584046,0.18758972845653193,11.654917423741576,0.1984077306730678,11469.0,0.9434904530644417,0.0,0.0,inf,0.9933262210606935,4915.0,0.0,0.08085323998828803,0.21844601824049362,10.923025721602839,0.10024237574607454,9504.0,0.9434904530644417,0.0,0.0,inf,0.9889869596390026,1244.0,0.0
socofing:000424:right_little,central_missing,0.4000000059604645,8857.0,0.03548078624578677,0.06740247674901406,0.18594984326764896,11.71324144730747,0.21446554040178548,9830.0,0.9241333939135075,0.0,0.0,inf,0.9912455197142064,6554.0,0.0,0.0739471224798219,0.20399286886751286,11.310787211322591,0.14410549789097107,8960.0,0.9241333939135075,0.0,0.0,inf,0.969406409617454,1717.0,0.0
socofing:000425:left_thumb,central_missing,0.5,7779.0,0.0557786901149888,0.04248402356691823,0.1531587467788995,13.717743589190366,0.1826974027841125,8192.0,0.8014049679040909,0.0,0.0,inf,0.9906250130711939,8192.0,0.0,0.04435651383282077,0.15927677224484077,13.5304259423307,0.1599479432473766,7838.0,0.8014049679040909,0.0,0.0,inf,0.982345071589968,3297.0,0.0
socofing:000425:left_index,central_missing,0.6000000238418579,6216.0,0.06057773111371075,0.027346169544248827,0.12040898750195388,15.631034979338143,0.2043011336460013,6554.0,0.7442003712058067,0.0,0.0,inf,0.9942149812127452,9830.0,0.0,0.027346169544248827,0.12040898750195388,15.631034979338143,0.2043011336460013,6554.0,0.7442003712058067,0.0,0.0,inf,0.9876107331854649,4590.0,0.0
socofing:000425:left_middle,central_missing,0.699999988079071,4633.0,0.0323398947885155,0.023023622517802794,0.10764957340178388,16.378263437939875,0.24636444373755415,4915.0,0.7286445051431656,0.0,0.0,inf,0.9951692432305577,11469.0,0.0,0.023023622517802794,0.10764957340178388,16.378263437939875,0.24636444373755415,4915.0,0.7286445051431656,0.0,0.0,inf,0.9920590584221396,6977.0,0.0
socofing:000425:left_ring,central_missing,0.800000011920929,2602.0,0.051266883916191115,0.014326351902105105,0.08242855990646014,18.43864385352086,0.2702973005222212,3277.0,0.5689387321472168,0.0,0.0,inf,0.9963024680383935,13107.0,0.0,0.014326351902105105,0.08242855990646014,18.43864385352086,0.2702973005222212,3277.0,0.5689387321472168,0.0,0.0,inf,0.9943111220306636,8519.0,0.0
socofing:000425:left_little,peripheral_only,0.10000000149011612,8566.0,0.09783537073629026,0.01816304849788718,0.07600719579626226,17.408112574284623,0.4872100531595965,14746.0,0.8035998642444611,0.0,0.0,inf,0.9357511918650208,1638.0,0.0,0.026568248438227898,0.109176856829551,15.756370763269022,0.25254231808055433,9707.0,0.8035998642444611,0.0,0.0,inf,0.9247638788764426,1384.0,0.0
socofing:000425:right_thumb,peripheral_only,0.20000000298023224,9540.0,0.034694800197737255,0.027855411415459646,0.09599365944022487,15.550904227674751,0.49727935067160606,13107.0,0.9671146012842655,0.0,0.0,inf,0.9779761172651882,3277.0,0.0,0.034400728002673395,0.11467016089882172,14.634323666087488,0.36963790841978056,9880.0,0.9671146012842655,0.0,0.0,inf,0.9773272280527473,3057.0,0.0
socofing:000425:right_index,peripheral_only,0.30000001192092896,7640.0,0.04964443734678821,0.04204237029297701,0.13108167537064344,13.76312807007696,0.46010533134327847,11469.0,0.9388782232999802,0.0,0.0,inf,0.9779929033083345,4915.0,0.0,0.0552162721355646,0.17260974674115906,12.579329176099126,0.2915657281896885,8047.0,0.9388782232999802,0.0,0.0,inf,0.9757447886138926,4338.0,0.0
socofing:000425:right_middle,peripheral_only,0.4000000059604645,6137.0,0.02610937506388643,0.034858024095724284,0.10601163842493962,14.576972342267245,0.5366102800477875,9830.0,0.9585244171321392,0.0,0.0,inf,0.9876559594379286,6554.0,0.0,0.04664578861236734,0.14420788517070837,13.311875601698251,0.3616491733186563,6476.0,0.9585244171321392,0.0,0.0,inf,0.9852316431840348,5356.0,0.0
socofing:000425:right_ring,peripheral_only,0.5,4630.0,0.05070409386782887,0.017180669092396676,0.07709349880224181,17.649599267982936,0.5275889242872218,8192.0,0.7209955602884293,0.0,0.0,inf,0.9890510316668351,8192.0,0.0,0.02413438675924299,0.10832144122377696,16.173637318757606,0.30531292628541334,5210.0,0.7209955602884293,0.0,0.0,inf,0.982900784461784,5149.0,0.0
socofing:000425:right_little,peripheral_only,0.6000000238418579,4081.0,0.06018874271115447,0.024135650957103422,0.09578789012585612,16.17340983430517,0.5239656676959579,6554.0,0.7276695966720581,0.0,0.0,inf,0.9893436843344726,9830.0,0.0,0.0360648018693487,0.14191843642678262,14.429164493684087,0.29615628546935024,4243.0,0.7276695966720581,0.0,0.0,inf,0.9851876185335907,6945.0,0.0
socofing:000429:left_thumb,peripheral_only,0.699999988079071,3277.0,0.017795319410108087,0.04577489638340769,0.13743939448737283,13.393726300992359,0.6385519946048394,4915.0,0.9048723205924034,0.0,0.0,inf,0.9960053635070636,11469.0,0.0,0.0662069688848828,0.19584270775318663,11.790962947150103,0.49108609269013326,3312.0,0.9048723205924034,0.0,0.0,inf,0.9949394620319879,8950.0,0.0
socofing:000429:left_index,peripheral_only,0.800000011920929,2155.0,0.1235908220453047,0.06587114054199672,0.17388649858248148,11.813048167952061,0.4737838162799112,3277.0,0.8477768758311868,0.0,0.0,inf,0.9968878919001253,13107.0,0.0,0.0939874027973847,0.2415456234105389,10.269303513173334,0.27938026794821036,2239.0,0.8477768758311868,0.0,0.0,inf,0.995983551381699,9927.0,0.0
socofing:000429:left_middle,central_only,0.10000000149011612,9944.0,0.2834317105135904,0.06086749811075152,0.16217838086512498,12.156145490606187,0.3180961475169344,14746.0,0.9807219356298447,0.0,0.0,inf,0.9866842244088615,1638.0,0.0,0.07648137556234885,0.20559314495737843,11.164443096210084,0.13095173664839774,10660.0,0.9807219356298447,0.0,0.0,inf,0.9866842244088615,1638.0,0.0
socofing:000429:left_ring,central_only,0.20000000298023224,7735.0,0.17036784957542775,0.05691768509889798,0.14596287358375493,12.447527714341827,0.37918964099386465,13107.0,0.9867415083572268,0.0,0.0,inf,0.9894717103807849,3277.0,0.0,0.07897191277999749,0.20442822055825902,11.025273428057591,0.15426030401840393,8408.0,0.9867415083572268,0.0,0.0,inf,0.9894717103807849,3277.0,0.0
socofing:000429:left_little,central_only,0.30000001192092896,7160.0,0.052799768911882976,0.03788951186757314,0.11738731261198493,14.2148098972593,0.44617157196286295,11469.0,0.94557267986238,0.0,0.0,inf,0.9942640567865808,4915.0,0.0,0.054010645748051644,0.16760889566315237,12.67520630288904,0.21257049331630165,7336.0,0.94557267986238,0.0,0.0,inf,0.9942640567865808,4915.0,0.0
socofing:000429:right_thumb,central_only,0.4000000059604645,5787.0,0.055124537502039564,0.034304726717590536,0.10769532493730788,14.646460360523399,0.5016770626634272,9830.0,0.9469480514526367,0.0,0.0,inf,0.9944896222448015,6554.0,0.0,0.04846063951319323,0.1542545759197114,13.146108589723811,0.29687723816927997,5911.0,0.9469480514526367,0.0,0.0,inf,0.9944896222448015,6554.0,0.0
socofing:000429:right_index,central_only,0.5,3985.0,0.11942723131041369,0.030890468833281177,0.09867596422388303,15.101755002397665,0.6012044943145165,8192.0,0.9045042376965284,0.0,0.0,inf,0.9938772846553252,8192.0,0.0,0.05357697912223438,0.16813005729182226,12.710217772438579,0.3523980731351186,4115.0,0.9045042376965284,0.0,0.0,inf,0.9938772846553252,8192.0,0.0
socofing:000429:right_middle,central_only,0.6000000238418579,2381.0,0.11971062589487332,0.015708706573854474,0.062174867440318526,18.03859572500634,0.6630817243518151,6554.0,0.8703867793083191,0.0,0.0,inf,0.993981787021762,9830.0,0.0,0.029100331649494982,0.11259342415592796,15.361020614359198,0.353236007586913,2735.0,0.8703867793083191,0.0,0.0,inf,0.993907397958065,9643.0,0.0
socofing:000429:right_ring,central_only,0.699999988079071,825.0,0.03078354827871882,0.013581100989291217,0.04845941135016332,18.670650213521395,0.823565489000111,4915.0,0.8159340247511864,0.0,0.0,inf,0.9980280591748883,11469.0,0.0,0.03976914120365338,0.14769133938306997,14.004537873027159,0.48062634547674293,978.0,0.7545741498470306,0.0,0.0,inf,0.9983618633475604,10687.0,0.0
socofing:000429:right_little,central_only,0.800000011920929,407.0,0.06617385386004623,0.008980788955856536,0.03722312045049151,20.46685509198596,0.8891156703625588,3277.0,0.6835033744573593,0.0,0.0,inf,0.9992350612524571,13107.0,0.0,0.03850017464479716,0.1487739814677731,14.145373004369624,0.5193802283996396,489.0,0.6167246624827385,0.0,0.0,inf,0.9988687915072764,8380.0,0.0
socofing:000444:left_thumb,disconnected_fragments,0.10000000149011612,10272.0,0.036654207525018925,0.06764150216688443,0.1707534124660911,11.69786756255479,0.3735369838667329,14746.0,0.9803634052150301,0.0,0.0,inf,0.9842081398872444,1638.0,0.0,0.09315126209715054,0.2330671769793964,10.308112565152978,0.16956855635001766,10274.0,0.9803634052150301,0.0,0.0,inf,0.9827169564664048,1384.0,0.0
socofing:000444:left_index,disconnected_fragments,0.20000000298023224,8031.0,0.07627505938626743,0.05723595982088825,0.1476700356005594,12.423310298637045,0.4437860620150119,13107.0,0.9957464747130871,0.0,0.0,inf,0.9814683779348946,3277.0,0.0,0.08601064820093977,0.22031486451326995,10.654477793536119,0.18916121260220792,8142.0,0.9957464747130871,0.0,0.0,inf,0.9800188247734268,2982.0,0.0
socofing:000444:left_middle,disconnected_fragments,0.30000001192092896,7634.0,0.06517749173889374,0.037044925557978975,0.11870414988046103,14.312712735983055,0.46594441664924,11469.0,0.8504818081855774,0.0,0.0,inf,0.9839704484504996,4915.0,0.0,0.04931626425378269,0.1566477328480294,13.070098289825507,0.29324152165365797,7851.0,0.8504818081855774,0.0,0.0,inf,0.9823246021386115,4434.0,0.0
socofing:000444:left_ring,disconnected_fragments,0.4000000059604645,4564.0,0.02107865231729958,0.022451767071624478,0.07787817103896263,16.487494720658034,0.709577026566847,9830.0,0.8436896875500679,0.0,0.0,inf,0.9942486120583667,6554.0,0.0,0.04610191423675847,0.1584432070939208,13.36281041525719,0.43657080726240244,4573.0,0.8436896875500679,0.0,0.0,inf,0.9929650055628615,5274.0,0.0
socofing:000444:left_little,disconnected_fragments,0.5,3972.0,0.026976618366152998,0.021993495698885205,0.07721386423418153,16.5770573734773,0.7270501142357486,8192.0,0.8218372166156769,0.0,0.0,inf,0.9967328439338652,8192.0,0.0,0.043074238643988357,0.14931709071000418,13.65782390157051,0.48321362717639,3972.0,0.8218372166156769,0.0,0.0,inf,0.9954259324485697,5811.0,0.0
socofing:000444:right_thumb,disconnected_fragments,0.6000000238418579,5043.0,0.05262253002141137,0.0407208210137112,0.13059287332965683,13.901834743321569,0.3679775038013907,6554.0,0.9663769444450736,0.0,0.0,inf,0.9935397062505332,9830.0,0.0,0.04622835268003045,0.14778900640441633,13.350915821128455,0.25329095164074694,5226.0,0.9629841018468142,0.0,0.0,inf,0.9913314121938103,6670.0,0.0
socofing:000444:right_index,disconnected_fragments,0.699999988079071,1790.0,0.04193974042428696,0.023046796532022067,0.07170437183731328,16.37389432319971,0.7382724397139792,4915.0,0.8355464860796928,0.0,0.0,inf,0.9982240667830031,11469.0,0.0,0.04915259122599802,0.14908438600988766,13.084535820945405,0.5024253240443736,1831.0,0.8355464860796928,0.0,0.0,inf,0.9980171018499362,9807.0,0.0
socofing:000444:right_middle,disconnected_fragments,0.800000011920929,1352.0,0.010411423213209842,0.016775382463335025,0.06251486618870965,17.753275695302115,0.6414856768440568,3277.0,0.7531692087650299,0.0,0.0,inf,0.9980382319855096,13107.0,0.0,0.035557735260936515,0.13467254515009872,14.490659078536819,0.2452898544073811,1352.0,0.6248070299625397,0.0,0.0,inf,0.9977804763893969,10888.0,0.0
socofing:000444:right_ring,stripes,0.10000000149011612,10258.0,0.2368435534344824,0.05858809762041432,0.16181064904861622,12.3219060348369,0.29494424851103945,14746.0,0.9605504423379898,0.0,0.0,inf,0.9786250710867429,1638.0,0.0,0.080326246109492,0.21885465010272062,10.951425284682772,0.06375011203504385,10345.0,0.9605504423379898,0.0,0.0,inf,0.9743492537198775,1271.0,0.0
socofing:000444:right_little,stripes,0.20000000298023224,8579.0,0.0534098083521826,0.05370435249704474,0.1468891599831699,12.69990515252992,0.4232137496614667,13107.0,0.9607060812413692,0.0,0.0,inf,0.9882777992960333,3277.0,0.0,0.0786099974946141,0.21296509061385396,11.045222175657214,0.16207024441162943,8658.0,0.9607060812413692,0.0,0.0,inf,0.982921130779204,1669.0,0.0
socofing:000448:left_thumb,stripes,0.30000001192092896,7366.0,0.06517597694097059,0.051864743323905206,0.14527534816312543,12.851277670653996,0.4315815131875041,11469.0,0.991685688495636,0.0,0.0,inf,0.996872318272189,4915.0,0.0,0.06504913405576533,0.1948351747929043,11.867584804599034,0.19911308664905308,7400.0,0.991685688495636,0.0,0.0,inf,0.9965488844887915,4416.0,0.0
socofing:000448:left_index,stripes,0.4000000059604645,7588.0,0.1657515402698499,0.062272674294312304,0.16257532747084516,12.057024831412356,0.2962818920367933,9830.0,0.9607768468558788,0.0,0.0,inf,0.9908256944049463,6554.0,0.0,0.07685596165143785,0.19982856992254627,11.14322439004805,0.13625789216724937,7689.0,0.9607768468558788,0.0,0.0,inf,0.9868917617787976,4106.0,0.0
socofing:000448:left_middle,stripes,0.5,6192.0,0.04095550958314684,0.0795257609926381,0.18379377606244973,10.994921663787604,0.41031276574004005,8192.0,0.995089681004174,0.0,0.0,inf,0.9983616719524919,8192.0,0.0,0.10133698674314107,0.23551138426616405,9.942320136064533,0.276535615899238,6199.0,0.995089681004174,0.0,0.0,inf,0.9978499905705268,6176.0,0.0
socofing:000448:left_ring,stripes,0.6000000238418579,4577.0,0.02313063573264197,0.042488429238689826,0.12821883474638204,13.717293241135668,0.5495851580505547,6554.0,0.9055819436907768,0.0,0.0,inf,0.9985415669512401,9830.0,0.0,0.05955987382399905,0.17935058152877928,12.250462309601403,0.3662351559308096,4577.0,0.9055819436907768,0.0,0.0,inf,0.997515131745552,5341.0,0.0
socofing:000448:left_little,stripes,0.699999988079071,3300.0,0.09254969265372567,0.039297227415127034,0.12677196712044425,14.056380898481802,0.5252289153852752,4915.0,0.85043615847826,0.0,0.0,inf,0.998657996377231,11469.0,0.0,0.05040357094808055,0.16234841124574428,12.9753869394914,0.4138190792995695,3358.0,0.85043615847826,0.0,0.0,inf,0.9986384775938126,8601.0,0.0
socofing:000448:right_thumb,stripes,0.800000011920929,2695.0,0.010785993715705081,0.031872896603363045,0.1210203054082574,14.965784661248662,0.6509240215907469,3277.0,0.7691360712051392,0.0,0.0,inf,0.995372262181087,13107.0,0.0,0.03584135085734047,0.13508742644964444,14.456156301808695,0.6070961405152712,2878.0,0.7691360712051392,0.0,0.0,inf,0.9939020580361574,9786.0,0.0
socofing:000448:right_index,severe_partial,0.10000000149011612,10465.0,0.07026002592326469,0.06916946837874068,0.17152182948571182,11.600855621999749,0.3963145391796003,14746.0,0.9777787080965936,0.0,0.0,inf,0.9884157910525434,1638.0,0.0,0.09033930865330707,0.2238707790525517,10.44123237321256,0.22187448005226298,10531.0,0.9777787080965936,0.0,0.0,inf,0.9884157910525434,1638.0,0.0
socofing:000448:right_middle,severe_partial,0.20000000298023224,9194.0,0.10814523824854712,0.06094239528077865,0.1653542138753587,12.150804802613372,0.37156244405019007,13107.0,0.9958254308439791,0.0,0.0,inf,0.9919084666774773,3277.0,0.0,0.08080803544419869,0.2190344874609036,10.925454514090603,0.15851383318153317,9238.0,0.9958254308439791,0.0,0.0,inf,0.9905300065239728,2785.0,0.0
socofing:000448:right_ring,severe_partial,0.30000001192092896,8502.0,0.03318164692792821,0.05054707891195677,0.1510964478748036,12.963039369883873,0.42110234505173566,11469.0,0.919791255146265,0.0,0.0,inf,0.9945112937769715,4915.0,0.0,0.06537557556889041,0.19242957415254594,11.845844745637867,0.2503700320821667,8536.0,0.919791255146265,0.0,0.0,inf,0.993319588008801,4009.0,0.0
socofing:000448:right_little,random_rectangles,0.10000000149011612,11773.0,0.13229825551428276,0.09031585754872799,0.21506834326054913,10.442359900931201,0.23311683620125798,14746.0,0.991387665271759,0.0,0.0,inf,0.9639090070624644,1638.0,0.0,0.10950094839601025,0.2586685709831128,9.60582119350162,0.07365989833080874,11846.0,0.991387665271759,0.0,0.0,inf,0.9506596955818897,51.0,0.0
socofing:000449:left_thumb,random_rectangles,0.20000000298023224,10430.0,0.08801266180777298,0.030502995606750034,0.12213390785355203,15.156575078139694,0.25613762016398883,13107.0,0.7760348990559578,0.0,0.0,inf,0.9820143227178953,3277.0,0.0,0.03532651776286751,0.14025143943915572,14.518991701197985,0.1357788421521282,11064.0,0.7760348990559578,0.0,0.0,inf,0.9593850524304377,623.0,0.0
socofing:000449:left_index,random_rectangles,0.30000001192092896,7916.0,0.14089970798721563,0.02753795975797871,0.11082694508776501,15.600682390491157,0.2631345396879343,11469.0,0.7323256731033325,0.0,0.0,inf,0.9825409294326888,4915.0,0.0,0.031832998879325544,0.12793488016997237,14.97122446035175,0.14370048027961044,9761.0,0.7323256731033325,0.0,0.0,inf,0.934954728874967,897.0,0.0
socofing:000449:left_middle,random_rectangles,0.4000000059604645,7456.0,0.1500716294619151,0.030174663225656578,0.11720552282030804,15.203575682912653,0.30873033652367865,9830.0,0.870516337454319,0.0,0.0,inf,0.988562744753755,6554.0,0.0,0.03496497222173618,0.13512363362230276,14.563668124530995,0.19742441090897675,8355.0,0.870516337454319,0.0,0.0,inf,0.9764643072559163,2588.0,0.0
socofing:000449:left_ring,random_rectangles,0.5,3730.0,0.19991131035664317,0.01398171879862656,0.06712305100154481,18.54439436682255,0.5172868342612398,8192.0,0.6787245869636536,0.0,0.0,inf,0.9842401327498613,8192.0,0.0,0.02123420996299271,0.10131002780800093,16.729638926716778,0.2764518043762204,5369.0,0.6787245869636536,0.0,0.0,inf,0.9625749247710285,3266.0,0.0
socofing:000449:left_little,random_rectangles,0.6000000238418579,4193.0,0.16472541753230777,0.013106100570616737,0.07320133361000275,18.82526503776774,0.37730990556997407,6554.0,0.6226086616516113,0.0,0.0,inf,0.9919574881687881,9830.0,0.0,0.014861120009935424,0.08299364781838593,18.279484586908644,0.29493752449971405,5780.0,0.6226086616516113,0.0,0.0,inf,0.9777829112640316,3124.0,0.0
socofing:000449:right_thumb,random_rectangles,0.699999988079071,4177.0,0.05221674888882052,0.028703866272172942,0.10094544128192035,15.420596019565377,0.4094537426277815,4915.0,0.8992243930697441,0.0,0.0,inf,0.9904986173872297,11469.0,0.0,0.028887957758930362,0.10151195571006857,15.39283159622661,0.39734680862470834,4794.0,0.8992243930697441,0.0,0.0,inf,0.9859557336598846,7188.0,0.0
socofing:000449:right_index,random_rectangles,0.800000011920929,2092.0,0.11763553802783432,0.016995414358763224,0.07198213807490553,17.696682425824992,0.49658874240719625,3277.0,0.8361921794712543,0.0,0.0,inf,0.9937575960826482,13107.0,0.0,0.020847376108702357,0.08815482307338511,16.80948598398671,0.38459034535346015,2671.0,0.8361921794712543,0.0,0.0,inf,0.9894327474108419,7554.0,0.0
socofing:000449:right_middle,irregular,0.10000000149011612,9059.0,0.08824384932484318,0.03026891255718792,0.10344112337631396,15.190031812534032,0.3896586355033049,14746.0,0.9236424406990409,0.0,0.0,inf,0.9584239031832358,1638.0,0.0,0.039972331109467116,0.13566834367566252,13.982405237824908,0.18381370540846115,10720.0,0.9236424406990409,0.0,0.0,inf,0.9553231695189123,1374.0,0.0
socofing:000449:right_ring,irregular,0.20000000298023224,6553.0,0.09408050930546169,0.019454312745960906,0.0790054762825919,17.109841067213928,0.5488596722401837,13107.0,0.744304433465004,0.0,0.0,inf,0.9700451747309811,3277.0,0.0,0.02977877961872039,0.12098384227586968,15.260931042908815,0.2930297766920525,8028.0,0.744304433465004,0.0,0.0,inf,0.9016771774684528,970.0,0.0
socofing:000449:right_little,irregular,0.30000001192092896,5397.0,0.1410383826459634,0.017396182422089925,0.0745116979421635,17.595460468280606,0.5360864466317441,11469.0,0.7543975114822388,0.0,0.0,inf,0.9724235710569337,4915.0,0.0,0.028183869187268385,0.12176651195618657,15.499993855584115,0.24681997918235407,6462.0,0.7543975114822388,0.0,0.0,inf,0.9166192921824307,1608.0,0.0
socofing:000472:left_thumb,irregular,0.4000000059604645,7159.0,0.05795157855678539,0.018875968924128017,0.08827872028458761,17.24090746315888,0.5081549968011364,9830.0,0.8282975852489471,0.0,0.0,inf,0.9843042750500729,6554.0,0.0,0.02383471848889296,0.10951021811580709,16.227899731450524,0.3747106799034797,7401.0,0.8282975852489471,0.0,0.0,inf,0.978624817147809,4527.0,0.0
socofing:000472:left_index,irregular,0.5,5620.0,0.031115071191634643,0.012184786273326845,0.06576779023816925,19.141820841344753,0.572122592083769,8192.0,0.758445605635643,0.0,0.0,inf,0.9748999755512608,8192.0,0.0,0.016311074146487213,0.08605081205466807,17.87517438068765,0.43322082307807547,5866.0,0.758445605635643,0.0,0.0,inf,0.9666285936664563,5847.0,0.0
socofing:000472:left_middle,irregular,0.6000000238418579,3994.0,0.012140368675086272,0.010073045863803039,0.058017718579834975,19.968391886490352,0.679844854867141,6554.0,0.6440467685461044,0.0,0.0,inf,0.9881004121260707,9830.0,0.0,0.014926615865354742,0.08525186900705198,18.26038643553939,0.515026121369555,4238.0,0.6440467685461044,0.0,0.0,inf,0.9792509962027776,5471.0,0.0
socofing:000472:left_ring,irregular,0.699999988079071,2674.0,0.042639384670685655,0.009928902046273613,0.053483699383413075,20.030987738216766,0.6725350778715128,4915.0,0.721449039876461,0.0,0.0,inf,0.9884970493726541,11469.0,0.0,0.016892376661158413,0.09047159676663052,17.723092433708047,0.44778116460072964,2840.0,0.721449039876461,0.0,0.0,inf,0.9815640747677997,6945.0,0.0
socofing:000472:left_little,irregular,0.800000011920929,1332.0,0.02014904348950941,0.004609168584620767,0.02678154915489363,23.363774068610393,0.8884892130466855,3277.0,0.5216040313243866,0.0,0.0,inf,0.9971023240300646,13107.0,0.0,0.01132943725045008,0.06485423800331336,19.4579166163651,0.7387106749274469,1332.0,0.5216040313243866,0.0,0.0,inf,0.9960240666938824,8059.0,0.0
socofing:000472:right_thumb,central_missing,0.10000000149011612,11552.0,0.12728076438987942,0.08157158248649626,0.18180286412340882,10.884611123098964,0.22044413118673373,14746.0,0.9984536170959473,0.0,0.0,inf,0.994816682347034,1638.0,0.0,0.09626057400300415,0.21316683286054225,10.165515529475233,0.08039544100245738,12014.0,0.9984536170959473,0.0,0.0,inf,0.9825742876171749,216.0,0.0
socofing:000472:right_index,central_missing,0.20000000298023224,10840.0,0.08605217712769282,0.050469817651881785,0.15119372323915845,12.969682643751826,0.23313422085555277,13107.0,0.992259188555181,0.0,0.0,inf,0.9886163856162703,3277.0,0.0,0.05680135823275524,0.16912050340228585,12.45641279325281,0.1333105242818916,11210.0,0.992259188555181,0.0,0.0,inf,0.9248042503777738,288.0,0.0
socofing:000472:right_middle,central_missing,0.30000001192092896,8768.0,0.07698724506751342,0.0453440141849317,0.1465361526496826,13.434800355726168,0.2929715377071186,11469.0,0.9443992972373962,0.0,0.0,inf,0.9965392308315588,4915.0,0.0,0.05809844880923055,0.18305180354435963,12.35835462834881,0.1570170923786382,8768.0,0.9443992972373962,0.0,0.0,inf,0.9933621462047564,1511.0,0.0
socofing:000472:right_ring,central_missing,0.4000000059604645,8113.0,0.04445670049521264,0.025941256668709417,0.1103595501802945,15.860089892748118,0.2998630869128494,9830.0,0.845914214849472,0.0,0.0,inf,0.9942438675967181,6554.0,0.0,0.030630032550852462,0.12892612059148867,15.138525416639432,0.19565906292921426,8289.0,0.845914214849472,0.0,0.0,inf,0.9812725912099364,1814.0,0.0
socofing:000472:right_little,central_missing,0.5,7582.0,0.06404832233666222,0.03491153236582696,0.1346168643690362,14.570310883551883,0.22735915963909137,8192.0,0.8914471119642258,0.0,0.0,inf,0.9925323064123037,8192.0,0.0,0.037321300857645144,0.14298701269612982,14.280432270517174,0.19218386111296243,7650.0,0.8914471119642258,0.0,0.0,inf,0.9812547808717657,2412.0,0.0
socofing:000484:left_thumb,central_missing,0.6000000238418579,6550.0,0.021089021181007542,0.10350194508824247,0.25454159506693724,9.85051488534088,0.23274815423349662,6554.0,0.9314174701139564,0.0,0.0,inf,0.9971360676683421,9830.0,0.0,0.10350194508824247,0.25454159506693724,9.85051488534088,0.23274815423349662,6554.0,0.9314174701139564,0.0,0.0,inf,0.993816843617559,4553.0,0.0
socofing:000484:left_index,central_missing,0.699999988079071,4804.0,0.03216415712308774,0.07480502720879421,0.2061242000460412,11.260692147602176,0.26320141010909265,4915.0,0.9726075977087021,0.0,0.0,inf,0.9954433177849549,11469.0,0.0,0.07480502720879421,0.2061242000460412,11.260692147602176,0.26320141010909265,4915.0,0.9726075977087021,0.0,0.0,inf,0.9920408076130866,5727.0,0.0
socofing:000484:left_middle,central_missing,0.800000011920929,3274.0,0.01773032368546062,0.08062224000790652,0.21206375026151067,10.935451395796603,0.25200657685183836,3277.0,0.9296062979847193,0.0,0.0,inf,0.9980514174588475,13107.0,0.0,0.08062224000790652,0.21206375026151067,10.935451395796603,0.25200657685183836,3277.0,0.9296062979847193,0.0,0.0,inf,0.9957917166968385,6069.0,0.0
socofing:000484:left_ring,peripheral_only,0.10000000149011612,8012.0,0.07638815243169038,0.04295898059719158,0.11530323487397733,13.669460328547602,0.49111490372194855,14746.0,0.9517146460711956,0.0,0.0,inf,0.9771723451359738,1638.0,0.0,0.07226114624659989,0.19071149247385924,11.410951536920908,0.16286910648190142,8373.0,0.9517146460711956,0.0,0.0,inf,0.961927572126568,932.0,0.0
socofing:000484:left_little,peripheral_only,0.20000000298023224,5646.0,0.0677247092256129,0.03994027402336195,0.1122169587095908,13.98588959835227,0.5299970998601857,13107.0,0.9455725103616714,0.0,0.0,inf,0.9807379320393479,3277.0,0.0,0.0760782492580222,0.2152781421288886,11.187394901075605,0.16050414630070164,6082.0,0.9455725103616714,0.0,0.0,inf,0.9696623791416691,1567.0,0.0
socofing:000484:right_thumb,peripheral_only,0.30000001192092896,8032.0,0.04338319676328949,0.05798371704040973,0.15886051487331262,12.366939476840933,0.4517490196226469,11469.0,0.9297770075500011,0.0,0.0,inf,0.9895777806584414,4915.0,0.0,0.07534696353161824,0.20519819828270827,11.229342449821885,0.29719966124886565,8333.0,0.9297770075500011,0.0,0.0,inf,0.987785319553904,4130.0,0.0
socofing:000484:right_index,peripheral_only,0.4000000059604645,6123.0,0.050195818425078136,0.03666431383192012,0.11753602875229772,14.357564383596086,0.5193947513710176,9830.0,0.968982981517911,0.0,0.0,inf,0.9867604180215829,6554.0,0.0,0.05393208748861977,0.17082487894499543,12.681527696387187,0.30917524667241847,6510.0,0.968982981517911,0.0,0.0,inf,0.9841892246155952,4743.0,0.0
socofing:000484:right_middle,peripheral_only,0.5,5302.0,0.0215934883824796,0.03759798214352525,0.1200856128451191,14.248354627172382,0.5478018178483353,8192.0,0.8483269736170769,0.0,0.0,inf,0.9933558971833394,8192.0,0.0,0.055448916594858996,0.1741197860255887,12.561069350237668,0.3589914829051557,5459.0,0.8483269736170769,0.0,0.0,inf,0.9917122624661531,6381.0,0.0
socofing:000484:right_ring,peripheral_only,0.6000000238418579,3562.0,0.021862278393830384,0.0344006393998864,0.10326487561292745,14.634334851824901,0.5662054671733118,6554.0,0.9095482053235173,0.0,0.0,inf,0.9898934930471742,9830.0,0.0,0.05804891611852999,0.16979546633892484,12.36205884937226,0.27549648304998287,3706.0,0.9095482053235173,0.0,0.0,inf,0.9844675217522053,6154.0,0.0
socofing:000484:right_little,peripheral_only,0.699999988079071,2775.0,0.06729845551170993,0.0340260449216651,0.10515964323671824,14.6818852896827,0.5267799665286198,4915.0,0.9026937857270241,0.0,0.0,inf,0.9929367212234937,11469.0,0.0,0.055270736953718265,0.16882956611275257,12.575047447035601,0.25629386324152326,3011.0,0.9026937857270241,0.0,0.0,inf,0.9889527410699817,6906.0,0.0
socofing:000493:left_thumb,peripheral_only,0.800000011920929,2021.0,0.02496980445694912,0.05828857354969844,0.1596478207103924,12.344165726969365,0.4966465966586045,3277.0,0.9387497045099735,0.0,0.0,inf,0.9962240261137659,13107.0,0.0,0.08381458841193837,0.22437563348779566,10.766803833340084,0.3206677879981244,2204.0,0.9387497045099735,0.0,0.0,inf,0.9951121345056086,9599.0,0.0
socofing:000493:left_index,central_only,0.10000000149011612,9157.0,0.22707421135818975,0.06348789270790701,0.15943009952324053,11.973090878022585,0.35841965099650974,14746.0,0.975309956818819,0.0,0.0,inf,0.9845707535816262,1638.0,0.0,0.07970720526914904,0.20955612492767134,10.985024180368523,0.13046495545496703,9850.0,0.9698834884911776,0.0,0.0,inf,0.9845707535816262,1638.0,0.0
socofing:000493:left_middle,central_only,0.20000000298023224,7282.0,0.17945181602266133,0.07231336917015342,0.16071707277364214,11.40781403672605,0.3390034113236133,13107.0,0.9974199533462524,0.0,0.0,inf,0.9787126558713963,3277.0,0.0,0.09072848170161507,0.2077602627646356,10.422563567754013,0.14692356566757064,8704.0,0.9974199533462524,0.0,0.0,inf,0.9787126558713963,3277.0,0.0
socofing:000493:left_ring,central_only,0.30000001192092896,5282.0,0.1764475945585607,0.03476866597593372,0.10519019614884656,14.588119722562055,0.574713710674533,11469.0,0.7787509262561798,0.0,0.0,inf,0.990583121906063,4915.0,0.0,0.06121963267417131,0.18664163408341278,12.131092805547418,0.26363005261822786,5762.0,0.7787509262561798,0.0,0.0,inf,0.990583121906063,4915.0,0.0
socofing:000493:left_little,central_only,0.4000000059604645,2009.0,0.09257819531757926,0.011941302348088307,0.04407108956351043,19.229483053888828,0.8213126772348017,9830.0,0.7510020583868027,0.0,0.0,inf,0.9956890181431483,6554.0,0.0,0.04192358830186741,0.1532263047548418,13.775415525270372,0.3553987780165665,2429.0,0.7510020583868027,0.0,0.0,inf,0.9953222964072673,6040.0,0.0
socofing:000493:right_thumb,central_only,0.5,3297.0,0.0806018738520583,0.019449351402858403,0.06876433066361276,17.110948769529926,0.7180895303490635,8192.0,0.7528671622276306,0.0,0.0,inf,0.9965316678260029,8192.0,0.0,0.03900637860901873,0.13517127039607071,14.088643681482333,0.4327548433671297,3498.0,0.7528671622276306,0.0,0.0,inf,0.9965155305876027,8154.0,0.0
socofing:000493:right_index,central_only,0.6000000238418579,2286.0,0.1714542064952786,0.04465211020237024,0.1069113676663441,13.501580120813781,0.6771521775855788,6554.0,0.9082309082150459,0.0,0.0,inf,0.9964391841272802,9830.0,0.0,0.10407766119015029,0.23865261642039762,9.826424757049686,0.4179021653431293,2447.0,0.9082309082150459,0.0,0.0,inf,0.9961842060675041,9136.0,0.0
socofing:000493:right_middle,central_only,0.699999988079071,1019.0,0.1628161574574571,0.011756600350884527,0.047147602537575065,19.297182447822102,0.7919552219612206,4915.0,0.6371450498700142,0.0,0.0,inf,0.9972367889661292,11469.0,0.0,0.03188501021049923,0.12641732305068656,14.96413439603094,0.41716281632043517,1138.0,0.6371450498700142,0.0,0.0,inf,0.9970815490463687,10789.0,0.0
socofing:000493:right_ring,central_only,0.800000011920929,309.0,0.02950735616809008,0.00286095337507817,0.014068436498253819,25.434892198288747,0.9495865234228756,3277.0,0.7095427960157394,0.0,0.0,inf,0.9995382691266584,13107.0,0.0,0.021314812480494025,0.09701701221656214,16.71318483755527,0.7152350107888577,326.0,0.7095427960157394,0.0,0.0,inf,0.99949123035348,10965.0,0.0
socofing:000493:right_little,disconnected_fragments,0.10000000149011612,6446.0,0.1422955821735607,0.043982792215200815,0.12033256057028709,13.567172032344077,0.49171455414704546,14746.0,0.9360141754150391,0.0,0.0,inf,0.9643974957183111,1638.0,0.0,0.08124269202310054,0.21861802618687687,10.902156944325732,0.13383496318944443,7817.0,0.9360141754150391,0.0,0.0,inf,0.9511588310366761,1127.0,0.0
socofing:000496:left_thumb,disconnected_fragments,0.20000000298023224,7742.0,0.09013010594420227,0.04882177164059522,0.1398147277164005,13.113864649890054,0.4163906230979578,13107.0,0.9683604286983609,0.0,0.0,inf,0.9874218468149274,3277.0,0.0,0.06749137740369758,0.19209243994633776,11.70751708431126,0.21128189446272663,8842.0,0.9683604286983609,0.0,0.0,inf,0.9871722262766741,3196.0,0.0
socofing:000496:left_index,disconnected_fragments,0.30000001192092896,7094.0,0.09564850637125989,0.03910559144670385,0.11785212490915344,14.077611413039946,0.4876401679323827,11469.0,0.9460134170949459,0.0,0.0,inf,0.9917143132693107,4915.0,0.0,0.05929382095263729,0.17729938685224955,12.269905623860609,0.23702244789770915,7503.0,0.9460134170949459,0.0,0.0,inf,0.9901734942287099,4002.0,0.0
socofing:000496:left_middle,disconnected_fragments,0.4000000059604645,6567.0,0.08011436263372936,0.0533289632128418,0.15641393926201766,12.73036859507047,0.39167267480988793,9830.0,0.8977325558662415,0.0,0.0,inf,0.9896047834354629,6554.0,0.0,0.07115302908711588,0.2059682417203209,11.478066066433998,0.2060773864851062,7189.0,0.8977325558662415,0.0,0.0,inf,0.9876075341773385,5444.0,0.0
socofing:000496:left_ring,disconnected_fragments,0.5,4210.0,0.06118531590722262,0.039766828636528036,0.12288184631095866,14.004790421690076,0.5096532969183243,8192.0,0.8584523219615221,0.0,0.0,inf,0.9951930834890501,8192.0,0.0,0.06559291798814412,0.20012655220639575,11.8314304850091,0.23200771203857953,4724.0,0.8584523219615221,0.0,0.0,inf,0.9938070478712108,6173.0,0.0
socofing:000496:left_little,disconnected_fragments,0.6000000238418579,3792.0,0.04935513526475288,0.03708551319098465,0.11562591317589138,14.30795706824205,0.5099733084523975,6554.0,0.9516575671732426,0.0,0.0,inf,0.9955639857545607,9830.0,0.0,0.057176857258833154,0.1751049715500973,12.427797194337222,0.2697105520150954,4119.0,0.9516575671732426,0.0,0.0,inf,0.9946268393470941,7268.0,0.0
socofing:000496:right_thumb,disconnected_fragments,0.699999988079071,3270.0,0.06239623295014427,0.04508771607324979,0.1444068064191433,13.459417634050423,0.4410991765385626,4915.0,0.8909086287021637,0.0,0.0,inf,0.998616072932624,11469.0,0.0,0.060229307835458976,0.191707660589121,12.201921277802416,0.24601300172651866,3359.0,0.8909086287021637,0.0,0.0,inf,0.998209059327488,8829.0,0.0
socofing:000496:right_index,disconnected_fragments,0.800000011920929,1441.0,0.06245566589128185,0.02510351875022394,0.08336169170190326,16.002653993676194,0.7086815471935222,3277.0,0.8462808206677437,0.0,0.0,inf,0.9972748796548865,13107.0,0.0,0.04459745851266561,0.14484263839285194,13.506898898388561,0.5303999634492812,1496.0,0.8462808206677437,0.0,0.0,inf,0.9963137778416281,9633.0,0.0
socofing:000496:right_middle,stripes,0.10000000149011612,11222.0,0.06756129475776257,0.06917472669258956,0.17334959835765004,11.60052548068972,0.2272048832251587,14746.0,0.977532409131527,0.0,0.0,inf,0.9803361762840896,1638.0,0.0,0.08341106828626406,0.20934056092483042,10.787763165480238,0.0706494015092251,11722.0,0.977532409131527,0.0,0.0,inf,0.965399847713258,837.0,0.0
socofing:000496:right_ring,stripes,0.20000000298023224,9496.0,0.07596103016334149,0.05340679894184356,0.15261167735557254,12.724034516799026,0.30968905592420626,13107.0,0.9825714267790318,0.0,0.0,inf,0.9832688710275059,3277.0,0.0,0.06964519305267347,0.19782467695997966,11.57108853435879,0.10363157140737965,9936.0,0.9825714267790318,0.0,0.0,inf,0.9708421851464337,1447.0,0.0
socofing:000496:right_little,stripes,0.30000001192092896,6391.0,0.0436210281730956,0.030912595194406506,0.09859907532900301,15.098645332318013,0.577617005249588,11469.0,0.8537039756774902,0.0,0.0,inf,0.9945015674804294,4915.0,0.0,0.053492414507977724,0.16846143336906183,12.717077987431363,0.30764856296502124,6588.0,0.8537039756774902,0.0,0.0,inf,0.9917051573266936,3226.0,0.0
socofing:000503:left_thumb,stripes,0.4000000059604645,4694.0,0.14430007606921355,0.040510014075177486,0.11296402208861658,13.924376059210564,0.5435319103215823,9830.0,0.9389672614634037,0.0,0.0,inf,0.993961746039938,6554.0,0.0,0.07380668472357334,0.20369147232589963,11.319043020375638,0.1913841602169907,5316.0,0.9389672614634037,0.0,0.0,inf,0.9891025897379017,3130.0,0.0
socofing:000503:left_index,stripes,0.5,5670.0,0.14780722912439587,0.0511098707451286,0.1447374044148841,12.91495217357195,0.39050060951778304,8192.0,0.9873612723313272,0.0,0.0,inf,0.9951861339745289,8192.0,0.0,0.06498274455686857,0.18315405060293838,11.872019501050415,0.2450505237800222,6419.0,0.9873612723313272,0.0,0.0,inf,0.9902996246717216,3795.0,0.0
socofing:000503:left_middle,stripes,0.6000000238418579,3625.0,0.1719412640146078,0.021834882309493257,0.07637411357180139,16.608491445933577,0.5581071164132251,6554.0,0.8592717498540878,0.0,0.0,inf,0.9937734474100554,9830.0,0.0,0.03211609692447669,0.11183844741207231,14.932772400795338,0.36859266940198593,4241.0,0.8456344753503799,0.0,0.0,inf,0.9931529300509634,6205.0,0.0
socofing:000503:left_ring,stripes,0.699999988079071,3321.0,0.015587194853437632,0.04223564950091268,0.1292823016566664,13.743208228381853,0.55924306051513,4915.0,0.8182003423571587,0.0,0.0,inf,0.9980630882818852,11469.0,0.0,0.0620057888495249,0.18808954860859559,12.075677629526297,0.3630812762859089,3331.0,0.8182003423571587,0.0,0.0,inf,0.9969980314642188,6160.0,0.0
socofing:000503:left_little,stripes,0.800000011920929,859.0,0.09245366542269799,0.01409890181384577,0.042157624161098556,18.50814713923419,0.8013678257592437,3277.0,0.8956701010465622,0.0,0.0,inf,0.9992476699054416,13107.0,0.0,0.050342559559330265,0.14392561378802668,12.980647074560265,0.5231687458243526,903.0,0.8956701010465622,0.0,0.0,inf,0.9991517169198421,7183.0,0.0
socofing:000503:right_thumb,severe_partial,0.10000000149011612,8043.0,0.14717924527791182,0.04962311411486112,0.1300410445815383,13.043159849154257,0.37891472924430847,14746.0,0.961737833917141,0.0,0.0,inf,0.9665146319566963,1638.0,0.0,0.06496557318029873,0.16824645094168506,11.87316725490583,0.1883271934503026,9989.0,0.961737833917141,0.0,0.0,inf,0.9659190861815339,1608.0,0.0
socofing:000503:right_index,severe_partial,0.20000000298023224,7166.0,0.1559767421159952,0.044583409688795476,0.1210634451963419,13.508267202343783,0.4884328690687528,13107.0,0.9653668701648712,0.0,0.0,inf,0.9825178161036972,3277.0,0.0,0.07502431920046974,0.2003335952876389,11.247979368404074,0.18597807170794664,7669.0,0.9653668701648712,0.0,0.0,inf,0.9794808963269923,2665.0,0.0
socofing:000503:right_middle,severe_partial,0.30000001192092896,5334.0,0.15667881651841006,0.06268776986560802,0.15256218164606938,12.028171800300488,0.5309767430179304,11469.0,0.9556543044745922,0.0,0.0,inf,0.9923068830097478,4915.0,0.0,0.10904827566477365,0.26049892267007396,9.623811973497881,0.23507849361391994,6129.0,0.9556543044745922,0.0,0.0,inf,0.9879402208251256,3092.0,0.0
socofing:000503:right_ring,random_rectangles,0.10000000149011612,9638.0,0.3026811508394616,0.09751627243843242,0.2126158946302144,10.10922907988114,0.24508363850912637,14746.0,0.961500228382647,0.0,0.0,inf,0.9757420626710127,1638.0,0.0,0.12747923610854195,0.27484186144851397,8.945605476052627,0.05977810996677449,10850.0,0.961500228382647,0.0,0.0,inf,0.9488303798341119,203.0,0.0
socofing:000503:right_little,random_rectangles,0.20000000298023224,6069.0,0.27918671211067986,0.06906700950993594,0.15720250813264097,11.607293478370494,0.435930939518306,13107.0,0.9535898342728615,0.0,0.0,inf,0.9812482628913425,3277.0,0.0,0.12739512890873778,0.27793514328042035,8.948471774049032,0.10313355979871296,6505.0,0.9535898342728615,0.0,0.0,inf,0.9294132814692538,328.0,0.0
socofing:000504:left_thumb,random_rectangles,0.30000001192092896,10484.0,0.04501570662447266,0.07486304453577676,0.2039516103701089,11.257325149426594,0.19838511074134862,11469.0,0.9810726121068001,0.0,0.0,inf,0.9826271199422979,4915.0,0.0,0.08091583727368455,0.22001752557574028,10.919664676655705,0.14306644882126177,10602.0,0.9810726121068001,0.0,0.0,inf,0.9342051494559082,621.0,0.0
socofing:000504:left_index,random_rectangles,0.4000000059604645,8483.0,0.04036019100905889,0.057790621384625186,0.17341401547080898,12.381426358249644,0.24179962154887435,9830.0,0.982450008392334,0.0,0.0,inf,0.984150498001187,6554.0,0.0,0.06395503929043302,0.19135692616912578,11.941252299217862,0.1645778546371136,8706.0,0.982450008392334,0.0,0.0,inf,0.9747881894126724,2871.0,0.0
socofing:000504:left_middle,random_rectangles,0.5,6718.0,0.041795157910468304,0.05436159742877556,0.1576479383004603,12.647077899029487,0.36669829366203466,8192.0,0.9376888070255518,0.0,0.0,inf,0.9897896740850327,8192.0,0.0,0.06535460518442844,0.18850674100871143,11.84723804629436,0.2549417014782482,6764.0,0.9376888070255518,0.0,0.0,inf,0.9844106624661165,4946.0,0.0
socofing:000504:left_ring,random_rectangles,0.6000000238418579,6282.0,0.03983664031433947,0.06823346514638412,0.19555704280893915,11.660025730885398,0.2706983650322315,6554.0,0.9371035695075989,0.0,0.0,inf,0.993779355029591,9830.0,0.0,0.07053583395181505,0.20212559751052936,11.515901945858523,0.24902879196288477,6340.0,0.9371035695075989,0.0,0.0,inf,0.9878371527831847,4600.0,0.0
socofing:000504:left_little,random_rectangles,0.699999988079071,4026.0,0.02126336956525521,0.03744534931992711,0.1367415891994667,14.266021136150908,0.5294721802380583,4915.0,0.803065650165081,0.0,0.0,inf,0.9942264459106022,11469.0,0.0,0.045281617196214596,0.16461730264273025,13.440780710677915,0.45401017537126914,4061.0,0.803065650165081,0.0,0.0,inf,0.9906263784256181,6026.0,0.0
socofing:000504:right_thumb,random_rectangles,0.800000011920929,3099.0,0.01453884414140372,0.06091970478204317,0.185296242076392,12.152422099295649,0.3917880465049016,3277.0,0.9341382500715554,0.0,0.0,inf,0.994569045980085,13107.0,0.0,0.06185124924504278,0.18712295400698892,12.086515242523287,0.378595047651017,3199.0,0.9341382500715554,0.0,0.0,inf,0.9923997379760446,8907.0,0.0
socofing:000504:right_index,irregular,0.10000000149011612,11094.0,0.04706993744149092,0.038787349821071626,0.12468416661160672,14.113098929290452,0.4042678900250307,14746.0,0.9152673091739416,0.0,0.0,inf,0.9488454997171225,1638.0,0.0,0.048323113230787,0.15401195992891228,13.158450939358204,0.2614794264138084,11227.0,0.9152673091739416,0.0,0.0,inf,0.919706387755741,897.0,0.0
socofing:000504:right_middle,irregular,0.20000000298023224,9001.0,0.04401407972394182,0.04948916848877483,0.1483597958284198,13.054898430926723,0.40557918608501786,13107.0,0.8938849866390228,0.0,0.0,inf,0.9607897682235728,3277.0,0.0,0.06471241817429499,0.19310084094126145,11.890123711539877,0.22126922452137615,9384.0,0.8938849866390228,0.0,0.0,inf,0.9517424534169227,2592.0,0.0
socofing:000504:right_ring,irregular,0.30000001192092896,8185.0,0.06393832311268566,0.04098124496648548,0.13353273726498668,13.874148523315528,0.4597879070275374,11469.0,0.9144507925957441,0.0,0.0,inf,0.9743332782994827,4915.0,0.0,0.05327975328711642,0.17268930969964688,12.734377948417348,0.31192101331191274,8370.0,0.9144507925957441,0.0,0.0,inf,0.9645334630948031,3146.0,0.0
socofing:000504:right_little,irregular,0.4000000059604645,5274.0,0.045679300811010244,0.021909301517766887,0.08134876611267831,16.593714677982604,0.712939514405244,9830.0,0.9186734296381474,0.0,0.0,inf,0.9870004574895568,6554.0,0.0,0.039082375688731755,0.1439107788074066,14.080190448215351,0.5084859621939061,5355.0,0.9186734296381474,0.0,0.0,inf,0.9828933819573791,4684.0,0.0
socofing:000509:left_thumb,irregular,0.5,6116.0,0.0399241227161314,0.025226276656826196,0.10686955573055457,15.98146845666476,0.49270746184584907,8192.0,0.7853282243013382,0.0,0.0,inf,0.9850115987573144,8192.0,0.0,0.0317530187683548,0.13384916304486325,14.98214979911645,0.3624245584726999,6239.0,0.7853282243013382,0.0,0.0,inf,0.9753839591330263,4322.0,0.0
socofing:000509:left_index,irregular,0.6000000238418579,4844.0,0.0560426654065748,0.017626382312064547,0.08353809056804153,17.538368143671196,0.5799382882951831,6554.0,0.790900208055973,0.0,0.0,inf,0.9859699559138829,9830.0,0.0,0.021519153131225387,0.10170110900011693,16.671748239755676,0.4839021096339236,5260.0,0.790900208055973,0.0,0.0,inf,0.9767440629658637,5559.0,0.0
socofing:000509:left_middle,irregular,0.699999988079071,3484.0,0.055530017672435324,0.01284179428251009,0.0697133850166053,18.91374291489007,0.5852397195394338,4915.0,0.616051971912384,0.0,0.0,inf,0.9918559247702446,11469.0,0.0,0.01667198185390901,0.0900058316871412,17.78012771074396,0.45970714521993683,3732.0,0.616051971912384,0.0,0.0,inf,0.9834747319944374,5477.0,0.0
socofing:000509:left_ring,irregular,0.800000011920929,2880.0,0.03819984659121231,0.011465312650108616,0.07784297982521235,19.40614097901719,0.5269842586547843,3277.0,0.5064143240451813,0.0,0.0,inf,0.9915660874117522,13107.0,0.0,0.011776253022042342,0.08009516491859901,19.289928717484,0.5005986153280538,2975.0,0.5064143240451813,0.0,0.0,inf,0.98494102939411,7030.0,0.0
socofing:000509:left_little,central_missing,0.10000000149011612,9003.0,0.13716921649570243,0.03443082742543025,0.10968984394586508,14.63052540409451,0.3829473528613031,14746.0,0.7454570829868317,0.0,0.0,inf,0.9842295197714648,1638.0,0.0,0.050341777389310755,0.15903832280156602,12.980714551217247,0.1272136684842233,9950.0,0.7454570829868317,0.0,0.0,inf,0.9227613334552508,37.0,0.0
socofing:000509:right_thumb,central_missing,0.20000000298023224,10416.0,0.12725604690237083,0.036666452146673335,0.12346701987198233,14.357311104283983,0.2007176534500884,13107.0,0.9951967261731625,0.0,0.0,inf,0.9541624643837999,3277.0,0.0,0.03776360298705594,0.12862383962732388,14.229265768011818,0.14300012871113724,11870.0,0.9951967261731625,0.0,0.0,inf,0.8241866997060124,633.0,0.0
socofing:000509:right_index,central_missing,0.30000001192092896,8431.0,0.15919569642604253,0.04582144776710887,0.14137266207821036,13.389311930310974,0.241624706389041,11469.0,0.9678773796185851,0.0,0.0,inf,0.9909311296981145,4915.0,0.0,0.055911745490883444,0.17081054426644707,12.524969494292899,0.10441232372359714,8910.0,0.9678773796185851,0.0,0.0,inf,0.9752814760068749,1057.0,0.0
socofing:000509:right_middle,central_missing,0.4000000059604645,8874.0,0.10739201823605071,0.03253094821077215,0.1272391691978259,14.877032777355346,0.2159038992159202,9830.0,0.8270536214113235,0.0,0.0,inf,0.9923679335314801,6554.0,0.0,0.035592102721050775,0.13882990488723337,14.486463538569677,0.15844946728455617,8969.0,0.8270536214113235,0.0,0.0,inf,0.9753902001493253,1955.0,0.0
socofing:000509:right_ring,central_missing,0.5,6965.0,0.06668539029919762,0.03586756917667387,0.13503860065338813,14.452980554101645,0.24326228507784514,8192.0,0.73857781291008,0.0,0.0,inf,0.9951120753000711,8192.0,0.0,0.04095269732598249,0.1539948981713295,13.877174884038965,0.14489074899026325,7174.0,0.73857781291008,0.0,0.0,inf,0.9807682826636738,1897.0,0.0
socofing:000509:right_little,central_missing,0.6000000238418579,5086.0,0.09404037585848596,0.035707926431978516,0.13752653309492793,14.47235368661778,0.32770547667969296,6554.0,0.7574227750301361,0.0,0.0,inf,0.9966257852430643,9830.0,0.0,0.043855362822099286,0.16697656949123635,13.579772916562852,0.2263609966268925,5186.0,0.7574227750301361,0.0,0.0,inf,0.9887127020297747,2200.0,0.0
socofing:000511:left_thumb,central_missing,0.699999988079071,4911.0,0.01823888396543037,0.03288400989244115,0.13320494176836975,14.830152298187942,0.25386182949203573,4915.0,0.7733912095427513,0.0,0.0,inf,0.996533587459749,11469.0,0.0,0.03288400989244115,0.13320494176836975,14.830152298187942,0.25386182949203573,4915.0,0.7733912095427513,0.0,0.0,inf,0.9935264940928453,5853.0,0.0
socofing:000511:left_index,central_missing,0.800000011920929,3157.0,0.0331426630222966,0.02408033301545298,0.11362624727473741,16.183375113604935,0.2960265137862636,3277.0,0.6581822484731674,0.0,0.0,inf,0.9974606794169132,13107.0,0.0,0.02408033301545298,0.11362624727473741,16.183375113604935,0.2960265137862636,3277.0,0.6581822484731674,0.0,0.0,inf,0.9953664381341336,7183.0,0.0
socofing:000511:left_middle,peripheral_only,0.10000000149011612,7497.0,0.15016224383494348,0.03334857427236564,0.10414404748607825,14.769227284304879,0.49961856725445475,14746.0,0.9512751698493958,0.0,0.0,inf,0.9684713223925446,1638.0,0.0,0.05812338777499605,0.1794136072370347,12.356490803838565,0.15376502443569134,8321.0,0.9512751698493958,0.0,0.0,inf,0.9478494030211114,951.0,0.0
socofing:000511:left_ring,peripheral_only,0.20000000298023224,9260.0,0.08550931052108575,0.040987842893265534,0.12667640408832218,13.873449371165961,0.41688551532420065,13107.0,0.9683130029588938,0.0,0.0,inf,0.9747387305384283,3277.0,0.0,0.054809123831585815,0.16723275301170148,12.611471404227624,0.21652672739937015,9330.0,0.9683130029588938,0.0,0.0,inf,0.9718616409416896,2846.0,0.0
socofing:000511:left_little,peripheral_only,0.30000001192092896,7419.0,0.030009664723602388,0.03382899942914146,0.10700862399569076,14.707108472852932,0.507385762198141,11469.0,0.9046081975102425,0.0,0.0,inf,0.9764240064072258,4915.0,0.0,0.050457815815167166,0.15761913970931926,12.970715528662208,0.26454677913673397,7514.0,0.9046081975102425,0.0,0.0,inf,0.9685504757642832,3654.0,0.0
socofing:000511:right_thumb,peripheral_only,0.4000000059604645,6070.0,0.04758558129981876,0.03645036697786435,0.11390153207369706,14.382980948999386,0.552901888842473,9830.0,0.9104031175374985,0.0,0.0,inf,0.9919621651608038,6554.0,0.0,0.05533734305133611,0.17100481861015757,12.569816967643552,0.3188840674281292,6140.0,0.9104031175374985,0.0,0.0,inf,0.9854549199055039,3304.0,0.0
socofing:000511:right_index,peripheral_only,0.5,4125.0,0.04720246666664148,0.008373453741398163,0.04787766416220962,20.770953745690555,0.5709789198485872,8192.0,0.87965989112854,0.0,0.0,inf,0.9881819678100296,8192.0,0.0,0.010661123684913839,0.06155748248841314,19.721970181576282,0.39289293414606835,5413.0,0.87965989112854,0.0,0.0,inf,0.9860483740545343,6752.0,0.0
socofing:000511:right_middle,peripheral_only,0.6000000238418579,3183.0,0.04244799675473105,0.011425526249479696,0.04670229582294302,19.421237875835637,0.6018153047216509,6554.0,0.8081189841032028,0.0,0.0,inf,0.9915887464805869,9830.0,0.0,0.015716018711736172,0.06873431081074535,18.036574627821626,0.35489427951226143,3845.0,0.8081189841032028,0.0,0.0,inf,0.9885373150907953,6992.0,0.0
socofing:000511:right_ring,peripheral_only,0.699999988079071,2384.0,0.17120581767708595,0.014510732147345393,0.07083752422857867,18.383106744312997,0.5126125274217174,4915.0,0.7098757326602936,0.0,0.0,inf,0.9927791173794851,11469.0,0.0,0.02075260005430323,0.10161438634284564,16.829274836026553,0.3006193956570769,3296.0,0.7098757326602936,0.0,0.0,inf,0.9862710971238111,5960.0,0.0
socofing:000511:right_little,peripheral_only,0.800000011920929,2056.0,0.032587788714396236,0.012742547943342395,0.06845742196235709,18.947437237200372,0.594618691578757,3277.0,0.7507147938013077,0.0,0.0,inf,0.9962934138788574,13107.0,0.0,0.018654493983652865,0.10094779665025179,17.29216527008457,0.3929836906617044,2138.0,0.7507147938013077,0.0,0.0,inf,0.9907768955783061,5218.0,0.0
socofing:000522:left_thumb,central_only,0.10000000149011612,8901.0,0.11215767248044425,0.05140827202812922,0.14207334976006747,12.889669937066003,0.3424323180002572,14746.0,0.9609277844429016,0.0,0.0,inf,0.9869098740550584,1638.0,0.0,0.07642502435486492,0.20729429494202442,11.167644142023738,0.10562208188342584,9481.0,0.9609277844429016,0.0,0.0,inf,0.9869098740550584,1638.0,0.0
socofing:000522:left_index,central_only,0.20000000298023224,8349.0,0.05205052890751855,0.041796442654784285,0.1166753313811415,13.788606799747543,0.4231556965073588,13107.0,0.9909777035354637,0.0,0.0,inf,0.9892929515238192,3277.0,0.0,0.06184602972512992,0.1701231999192035,12.086881751587441,0.21279678046507827,8540.0,0.9909777035354637,0.0,0.0,inf,0.9892929515238192,3277.0,0.0
socofing:000522:left_middle,central_only,0.30000001192092896,7125.0,0.10098807200459878,0.05763079443715122,0.15662732091831924,12.393453936531929,0.36649891145380237,11469.0,0.9760850453749299,0.0,0.0,inf,0.9894145464018352,4915.0,0.0,0.07645215913644231,0.2130384281593338,11.166102448781972,0.17931056405422205,7314.0,0.9542318405583501,0.0,0.0,inf,0.9894145464018352,4915.0,0.0
socofing:000522:left_ring,central_only,0.4000000059604645,5097.0,0.042568647689861724,0.0365336547602441,0.11014423316829969,14.373068795862864,0.5702465486398206,9830.0,0.9556678645312786,0.0,0.0,inf,0.9949938415144455,6554.0,0.0,0.06411128713152493,0.18905201493861204,11.93065503906981,0.321115670337331,5136.0,0.9556678645312786,0.0,0.0,inf,0.9949938415144455,6554.0,0.0
socofing:000522:left_little,central_only,0.5,2885.0,0.038605417524959364,0.02019221386112958,0.06384434579715581,16.948160626827594,0.7524661513045996,8192.0,0.9791691191494465,0.0,0.0,inf,0.9951064968591447,8192.0,0.0,0.04855890777061172,0.15196980450224137,13.137310903539479,0.4735122105006596,3004.0,0.9791691191494465,0.0,0.0,inf,0.9949466466138586,7917.0,0.0
socofing:000522:right_thumb,central_only,0.6000000238418579,2734.0,0.04366947455867054,0.022079676055563404,0.07720685363582522,16.56007302696159,0.6916058317708956,6554.0,0.9674647971987724,0.0,0.0,inf,0.9954232550680281,9830.0,0.0,0.04173933749427628,0.1386793680331683,13.794544485351421,0.46100107671146234,2785.0,0.9674647971987724,0.0,0.0,inf,0.9956885735226079,9710.0,0.0
socofing:000522:right_index,central_only,0.699999988079071,1377.0,0.04555686175718848,0.018004238637413007,0.05775812021068805,17.44625239333603,0.8015600320689528,4915.0,0.9470613151788712,0.0,0.0,inf,0.9984461384906431,11469.0,0.0,0.051911633148359136,0.15766225551017993,12.84735307931716,0.5086948263411045,1406.0,0.9470613151788712,0.0,0.0,inf,0.9985074870509416,10887.0,0.0
socofing:000522:right_middle,central_only,0.800000011920929,581.0,0.035534250284884245,0.014308626968068821,0.03719029456080103,18.44402038413547,0.8571976407214384,3277.0,0.8642404451966286,0.0,0.0,inf,0.9992129686507303,13107.0,0.0,0.058430585174347655,0.1456887821585726,12.33359764267902,0.48074052044718046,609.0,0.8642404451966286,0.0,0.0,inf,0.9991640067683594,11645.0,0.0
socofing:000522:right_ring,disconnected_fragments,0.10000000149011612,9998.0,0.11262047830051296,0.050459563646821456,0.14966070112161803,12.970565093990423,0.3551612563064615,14746.0,0.9533222168684006,0.0,0.0,inf,0.9728501616178994,1638.0,0.0,0.06825793388616368,0.20172188133370098,11.658468616099478,0.15416040941224426,10304.0,0.9533222168684006,0.0,0.0,inf,0.9709412944236343,1401.0,0.0
socofing:000522:right_little,disconnected_fragments,0.20000000298023224,6990.0,0.06126703846913746,0.022588216392635852,0.09043098633614782,16.46118060421721,0.505399914552408,13107.0,0.83266681432724,0.0,0.0,inf,0.9788875987579688,3277.0,0.0,0.03826875648440062,0.14768196419195462,14.171556496317113,0.2556346504425293,7236.0,0.83266681432724,0.0,0.0,inf,0.9782312195332895,3171.0,0.0
socofing:000524:left_thumb,disconnected_fragments,0.30000001192092896,7202.0,0.08206543006160424,0.061139554229655675,0.15404882243888748,12.136777320526269,0.48988660717978544,11469.0,0.9638860821723938,0.0,0.0,inf,0.9936957190021911,4915.0,0.0,0.08935540791886144,0.22476543985643724,10.488791582311132,0.28041064795435533,7331.0,0.9638860821723938,0.0,0.0,inf,0.9932404038627902,4550.0,0.0
socofing:000524:left_index,disconnected_fragments,0.4000000059604645,4605.0,0.05345147545347323,0.04029608151194289,0.11469833978098812,13.947371836474865,0.5900742906725225,9830.0,0.9141880311071873,0.0,0.0,inf,0.9929843492133476,6554.0,0.0,0.07563922772845832,0.21081273793382055,11.212529139224666,0.34780360896435264,4663.0,0.9141880311071873,0.0,0.0,inf,0.9920464539524811,5710.0,0.0
socofing:000524:left_middle,disconnected_fragments,0.5,4280.0,0.02280239888685625,0.013969994678606948,0.0651589998833515,18.548037593154586,0.6875147073048973,8192.0,0.8033075630664825,0.0,0.0,inf,0.9919730613822773,8192.0,0.0,0.02267589348450811,0.10808111269288002,16.4443559168808,0.5145487304929786,4396.0,0.8033075630664825,0.0,0.0,inf,0.9913664922087595,7602.0,0.0
socofing:000524:left_ring,disconnected_fragments,0.6000000238418579,3669.0,0.039992753105142526,0.019975643831495516,0.07993000993140777,16.994992141186188,0.6279087529582034,6554.0,0.7135707437992096,0.0,0.0,inf,0.9920676446925656,9830.0,0.0,0.03317706188883662,0.13197541817432,14.79162077080928,0.40408044327977655,3809.0,0.7135707437992096,0.0,0.0,inf,0.9888205282031415,6962.0,0.0
socofing:000524:left_little,disconnected_fragments,0.699999988079071,2687.0,0.2727169742106919,0.033907964132867945,0.1145485382326258,14.69698284902064,0.45248401543241873,4915.0,0.7468530386686325,0.0,0.0,inf,0.9971950740756255,11469.0,0.0,0.05125717284965114,0.16916554953655272,12.902453515200193,0.22023521702193985,2993.0,0.7468530386686325,0.0,0.0,inf,0.9943112607352259,5365.0,0.0
socofing:000524:right_thumb,disconnected_fragments,0.800000011920929,1347.0,0.010175341002720825,0.016237052503955667,0.060252097628690736,17.894928049868632,0.8042040113462521,3277.0,0.8662468492984772,0.0,0.0,inf,0.9985323089577696,13107.0,0.0,0.03681373782815407,0.12879524106830456,14.339900848698715,0.5665383971576005,1354.0,0.8662468492984772,0.0,0.0,inf,0.9983147207254602,11004.0,0.0
socofing:000524:right_index,stripes,0.10000000149011612,9391.0,0.08896745288312798,0.06115851424931245,0.1569772912613413,12.135430736384409,0.38069725516780784,14746.0,0.9832575819455087,0.0,0.0,inf,0.9684796820393736,1638.0,0.0,0.08926919927686831,0.22443161341111778,10.492983607251556,0.13556063855754544,9777.0,0.9832575819455087,0.0,0.0,inf,0.9684421477974289,1629.0,0.0
socofing:000524:right_middle,stripes,0.20000000298023224,9395.0,0.0708669067566925,0.053345283706436035,0.1570291616803204,12.729039708189163,0.2835280420737066,13107.0,0.9225326701998711,0.0,0.0,inf,0.9835562669317017,3277.0,0.0,0.06431056009630468,0.18846322813467212,11.917177080245217,0.12776882992914246,10067.0,0.9225326701998711,0.0,0.0,inf,0.9812734268538023,2441.0,0.0
socofing:000524:right_ring,stripes,0.30000001192092896,6523.0,0.06450774455091224,0.037187410102359146,0.11402890638670489,14.296040667988791,0.5163360446862082,11469.0,0.9790388811379671,0.0,0.0,inf,0.9841316334153857,4915.0,0.0,0.05751334152272014,0.17426857217922537,12.402313991781362,0.27615877316752446,7336.0,0.9790388811379671,0.0,0.0,inf,0.9799501281592945,3722.0,0.0
socofing:000524:right_little,stripes,0.4000000059604645,5520.0,0.10363847466300215,0.053989661217674116,0.13452345211848432,12.676893976955721,0.45815251070314444,9830.0,0.9743931731209159,0.0,0.0,inf,0.993095944089558,6554.0,0.0,0.08778631672149098,0.21721286523746985,10.565731724248995,0.14580552666121138,5875.0,0.9743931731209159,0.0,0.0,inf,0.9898925266784588,3525.0,0.0
socofing:000527:left_thumb,stripes,0.5,5745.0,0.05999980208109986,0.04982988996489265,0.14309202524742926,13.025100718434464,0.3868865429894078,8192.0,0.9310013502836227,0.0,0.0,inf,0.9967346229222924,8192.0,0.0,0.06859041906172507,0.19591101569593655,11.637365437570722,0.18167240324239972,5750.0,0.9310013502836227,0.0,0.0,inf,0.9957743213831282,5117.0,0.0
socofing:000527:left_index,stripes,0.6000000238418579,3608.0,0.02301242990820674,0.021060288990398517,0.08438044475484881,16.76535673697812,0.5899557171693872,6554.0,0.7710929065942764,0.0,0.0,inf,0.995544021957537,9830.0,0.0,0.035523754733115157,0.1382735264579312,14.494811371025452,0.3765219911716261,3625.0,0.7710929065942764,0.0,0.0,inf,0.9967430564511782,5379.0,0.0
socofing:000527:left_middle,stripes,0.699999988079071,3756.0,0.019276080158193386,0.033975415597780764,0.12044685072538425,14.688352221386921,0.5448262118477071,4915.0,0.9246403202414513,0.0,0.0,inf,0.9969585179338046,11469.0,0.0,0.043376742717304385,0.15243498895782728,13.627430635023991,0.4244982056083446,3756.0,0.9246403202414513,0.0,0.0,inf,0.9947389146750771,6282.0,0.0
socofing:000527:left_ring,stripes,0.800000011920929,2002.0,0.016495864379958303,0.025873850045127125,0.09760309060365371,15.871389431834828,0.5639043924227211,3277.0,0.729313999414444,0.0,0.0,inf,0.9977752655387585,13107.0,0.0,0.03933216204027742,0.14789368763628044,14.05252180303834,0.3876072349429622,2042.0,0.729313999414444,0.0,0.0,inf,0.9983266427225286,8150.0,0.0
socofing:000527:left_little,severe_partial,0.10000000149011612,6958.0,0.11117077217417502,0.033241089160540756,0.09652500464114554,14.78324754783734,0.5916736559158925,14746.0,0.9353600889444351,0.0,0.0,inf,0.9904491776495917,1638.0,0.0,0.06852670008439293,0.19746570634223942,11.641401812082112,0.18482171549749787,6963.0,0.9353600889444351,0.0,0.0,inf,0.9852381337978875,1053.0,0.0
socofing:000527:right_thumb,severe_partial,0.20000000298023224,8898.0,0.04646992342087025,0.057829697290696466,0.15088794197956776,12.378490810030666,0.3868168260001369,13107.0,0.9992302656173706,0.0,0.0,inf,0.9869233300676143,3277.0,0.0,0.07547486239233403,0.19915173590831206,11.22197670120757,0.18291562090234953,8956.0,0.9896494233980775,0.0,0.0,inf,0.9866033528337704,3192.0,0.0
socofing:000527:right_index,severe_partial,0.30000001192092896,7422.0,0.056690585430429735,0.0449334942509712,0.13134281639236803,13.474298072047006,0.45399796787591695,11469.0,0.9533528499305248,0.0,0.0,inf,0.9935541885974726,4915.0,0.0,0.06667685015317466,0.1920425453653938,11.760249246419649,0.21628860467582164,7468.0,0.9533528499305248,0.0,0.0,inf,0.991693680729683,3739.0,0.0
socofing:000527:right_middle,random_rectangles,0.10000000149011612,11320.0,0.15126951871831204,0.05498437845431904,0.16183547313701305,12.597606798647325,0.2874916276938327,14746.0,0.981249475851655,0.0,0.0,inf,0.9695436471805006,1638.0,0.0,0.06948141221585473,0.20352553810920224,11.581313630614378,0.12177959565706081,11331.0,0.981249475851655,0.0,0.0,inf,0.9675815121707787,229.0,0.0
socofing:000527:right_ring,random_rectangles,0.20000000298023224,9325.0,0.0747798508358228,0.04051404428602426,0.1340800929959388,13.923944015106995,0.36181990545460047,13107.0,0.9028709754347801,0.0,0.0,inf,0.9932020482881231,3277.0,0.0,0.056543426193970944,0.18596374522634948,12.476178793970238,0.12546068050239878,9325.0,0.9028709754347801,0.0,0.0,inf,0.9793872109520767,499.0,0.0
socofing:000527:right_little,random_rectangles,0.30000001192092896,7290.0,0.02779741092681467,0.03994490438167946,0.12423306164207473,13.985386140987854,0.4294048862083647,11469.0,0.8753522112965584,0.0,0.0,inf,0.9922051853202929,4915.0,0.0,0.06260607560991535,0.19265547994456644,12.033835186134588,0.1393461679535369,7292.0,0.8753522112965584,0.0,0.0,inf,0.9817442554988682,1060.0,0.0
socofing:000528:left_thumb,random_rectangles,0.4000000059604645,8580.0,0.037109615032590575,0.05819290110599346,0.1661851515668508,12.351299912699345,0.3846651805689496,9830.0,0.9566865637898445,0.0,0.0,inf,0.9854021483777372,6554.0,0.0,0.06627153377176646,0.1886882462686241,11.786729780899577,0.309668087739308,8583.0,0.9566865637898445,0.0,0.0,inf,0.9833417715925487,2690.0,0.0
socofing:000528:left_index,random_rectangles,0.5,6602.0,0.05404376656476586,0.06819226516242449,0.1812759556761538,11.662648832288866,0.3873330680241138,8192.0,0.9500604458153248,0.0,0.0,inf,0.9926480288558881,8192.0,0.0,0.08294701285944206,0.21973780300458412,10.811992494469777,0.2576205052063638,6627.0,0.9500604458153248,0.0,0.0,inf,0.9875427524787136,4132.0,0.0
socofing:000528:left_middle,random_rectangles,0.6000000238418579,5503.0,0.03422275167729339,0.059481315591064676,0.16603340650665302,12.256194344402438,0.409886844927198,6554.0,0.9318147376179695,0.0,0.0,inf,0.9951352227027892,9830.0,0.0,0.07063314826157722,0.19703667287466803,11.509914359382837,0.3040643616557565,5519.0,0.9318147376179695,0.0,0.0,inf,0.9911443698751434,4742.0,0.0
socofing:000528:left_ring,random_rectangles,0.699999988079071,4446.0,0.15681887219320445,0.07004639541707935,0.19521990701526776,11.54614208568789,0.35592536569703104,4915.0,0.9735896214842796,0.0,0.0,inf,0.996764507649948,11469.0,0.0,0.07633938075536716,0.21255503846285892,11.172513672532778,0.30542880769273156,4509.0,0.9735896214842796,0.0,0.0,inf,0.994300573061658,6294.0,0.0
socofing:000528:left_little,random_rectangles,0.800000011920929,1600.0,0.03874507296983008,0.026667352530201888,0.08884351383546182,15.740200978682864,0.6989601355416739,3277.0,0.9339527562260628,0.0,0.0,inf,0.9978260662349917,13107.0,0.0,0.04767395082879229,0.15848153121938136,13.217188557917591,0.48768180765311553,1732.0,0.9339527562260628,0.0,0.0,inf,0.9953861543819917,6138.0,0.0
socofing:000528:right_thumb,irregular,0.10000000149011612,10619.0,0.026474141521514033,0.0488927852424886,0.1478192287212424,13.107552218691316,0.43866590977385816,14746.0,0.9623364666476846,0.0,0.0,inf,0.9616522272976764,1638.0,0.0,0.06551151546281624,0.19564285829573233,11.836823540175175,0.2570980688832407,10721.0,0.9623364666476846,0.0,0.0,inf,0.9521507789723005,1119.0,0.0
socofing:000528:right_index,irregular,0.20000000298023224,9034.0,0.11222398258587588,0.03293685153947235,0.11071231103013521,14.823179177462597,0.46921272265915076,13107.0,0.9829512257128954,0.0,0.0,inf,0.9698334102557831,3277.0,0.0,0.043904702756682956,0.14670670780585818,13.574889587580923,0.29429968708546955,9424.0,0.9230038393288851,0.0,0.0,inf,0.9614758215826971,2376.0,0.0
socofing:000528:right_middle,irregular,0.30000001192092896,6857.0,0.0475960155057883,0.03387963505236468,0.10408441932762895,14.700612764876661,0.5770467405439191,11469.0,0.9197357892990112,0.0,0.0,inf,0.971125109979402,4915.0,0.0,0.04782460963617139,0.15393791639712334,13.203485661736117,0.3917863469235778,6959.0,0.9197357892990112,0.0,0.0,inf,0.9469086790329994,2318.0,0.0
socofing:000528:right_ring,irregular,0.4000000059604645,6449.0,0.015641312198000742,0.022978528168661153,0.09074761379287674,16.386777923883667,0.7544489726413172,9830.0,0.8281443193554878,0.0,0.0,inf,0.9867580083045551,6554.0,0.0,0.03421796839600835,0.13431768712623818,14.657457791489525,0.6523595604660845,6545.0,0.8281443193554878,0.0,0.0,inf,0.9790378098838087,3825.0,0.0
socofing:000528:right_little,irregular,0.5,4646.0,0.026334733863389737,0.030940804568972996,0.09680550906086616,15.094683973166067,0.6668246451567446,8192.0,0.9122302010655403,0.0,0.0,inf,0.9825749012297713,8192.0,0.0,0.052930431936890836,0.16542065415876853,12.762945619497332,0.45891536503675046,4685.0,0.9122302010655403,0.0,0.0,inf,0.9826056620945753,4041.0,0.0
socofing:000530:left_thumb,irregular,0.6000000238418579,2523.0,0.03948202930726936,0.014790581994986427,0.05858065512032454,18.300147366022856,0.693647147891951,6554.0,0.79495570063591,0.0,0.0,inf,0.9893338176713922,9830.0,0.0,0.0310017948281419,0.1207607701789793,15.086131622498014,0.378404752284806,3069.0,0.79495570063591,0.0,0.0,inf,0.9859726613475597,6710.0,0.0
socofing:000530:left_index,irregular,0.699999988079071,2830.0,0.021179692616846855,0.024073241238628185,0.09736625192573105,16.184654320646935,0.6927762696323709,4915.0,0.8790940195322037,0.0,0.0,inf,0.9916789287095665,11469.0,0.0,0.037665693320074856,0.1509747073876354,14.240540340109947,0.520830900285059,3060.0,0.8790940195322037,0.0,0.0,inf,0.9865316133143056,6851.0,0.0
socofing:000530:left_middle,irregular,0.800000011920929,1756.0,0.04953705194843711,0.03924205878355509,0.13255078785023677,14.062482159994635,0.5220937580476417,3277.0,0.8268555495887995,0.0,0.0,inf,0.9909608628919567,13107.0,0.0,0.053955320533375845,0.1801908748573361,12.67965723096841,0.3518793256685097,2215.0,0.8268555495887995,0.0,0.0,inf,0.988335705030319,9558.0,0.0
socofing:000530:left_ring,central_missing,0.10000000149011612,8360.0,0.3943082816615345,0.05985073864531405,0.16892615800044206,12.22930485397847,0.2779591835548691,14746.0,0.9919815715402365,0.0,0.0,inf,0.9911415534397843,1638.0,0.0,0.08371150196041148,0.2333771485879975,10.772148658448618,0.057565519688575546,10046.0,0.9788585864007473,0.0,0.0,inf,0.9115188247128456,79.0,0.0
socofing:000530:left_little,central_missing,0.20000000298023224,7113.0,0.18287929783438622,0.059883965233543134,0.17439070776744123,12.226894504460192,0.2858684156169587,13107.0,0.902151171118021,0.0,0.0,inf,0.990525506240475,3277.0,0.0,0.0875802834710983,0.24455384423570006,10.575936534606946,0.07626125796463744,8314.0,0.902151171118021,0.0,0.0,inf,0.9693032302505356,659.0,0.0
socofing:000530:right_thumb,central_missing,0.30000001192092896,10238.0,0.724370106207717,0.08096092612730221,0.21728473448434105,10.9172453249938,0.09078348297812595,11469.0,0.9751988723874092,0.0,0.0,inf,0.9598586735997736,4915.0,0.0,0.0834895765370733,0.22356220149308562,10.783677417020588,0.06489142252356338,11048.0,0.9751988723874092,0.0,0.0,inf,0.9407857992980936,1099.0,0.0
socofing:000530:right_index,central_missing,0.4000000059604645,7811.0,0.19541726767207773,0.07676203783595553,0.20198460067543075,11.148535043747776,0.1399638600736929,9830.0,0.9480902217328548,0.0,0.0,inf,0.9895688267641265,6554.0,0.0,0.07898035121052716,0.20773015408475212,11.024809393706219,0.11839377652663526,9551.0,0.9480902217328548,0.0,0.0,inf,0.9746507794648629,2524.0,0.0
socofing:000530:right_middle,central_missing,0.5,7383.0,0.1850967262916513,0.08407456703054017,0.22564125139711333,10.75335360548937,0.10864659531242671,8192.0,0.9567061830312014,0.0,0.0,inf,0.9850755462438172,8192.0,0.0,0.08433176015237108,0.22631132985215033,10.74008835087523,0.10712961938359121,8167.0,0.9567061830312014,0.0,0.0,inf,0.9671141504046551,3188.0,0.0
socofing:000530:right_ring,central_missing,0.6000000238418579,5432.0,0.05206875755196763,0.061397282551865905,0.1833636857451044,12.118508503384149,0.24931817079430274,6554.0,0.9194191545248032,0.0,0.0,inf,0.9952936076693643,9830.0,0.0,0.06783240991126688,0.20252828665090838,11.68562753293622,0.17673205567706363,5930.0,0.9194191545248032,0.0,0.0,inf,0.9883025753562897,3580.0,0.0
socofing:000530:right_little,central_missing,0.699999988079071,3893.0,0.26097552715589356,0.07013776167205404,0.19664417871623183,11.540480980066521,0.2210621509206823,4915.0,0.9173339828848839,0.0,0.0,inf,0.9963327775124512,11469.0,0.0,0.07621606772524246,0.21365888272268502,11.179534618782414,0.16325957206993053,4523.0,0.9173339828848839,0.0,0.0,inf,0.9912801129430036,4460.0,0.0
socofing:000531:left_thumb,central_missing,0.800000011920929,3089.0,0.05077477498928434,0.1007588867658988,0.25100393487918055,9.967166394480216,0.23835787728910277,3277.0,0.9222750142216682,0.0,0.0,inf,0.9975133234746331,13107.0,0.0,0.1007588867658988,0.25100393487918055,9.967166394480216,0.23835787728910277,3277.0,0.9222750142216682,0.0,0.0,inf,0.996324250680277,8867.0,0.0
socofing:000531:left_index,peripheral_only,0.10000000149011612,9028.0,0.04030126570317084,0.052072938706521285,0.1401875001199016,12.83387912471939,0.5005994307984866,14746.0,0.9497307427227497,0.0,0.0,inf,0.9614439005699754,1638.0,0.0,0.082302584993422,0.21968760559832146,10.845865240738972,0.21941113417228497,9084.0,0.9497307427227497,0.0,0.0,inf,0.9463464357429527,1119.0,0.0
socofing:000531:left_middle,peripheral_only,0.20000000298023224,8966.0,0.06027941257471955,0.04575626770498531,0.1361840164220309,13.395494077560324,0.5234001872179844,13107.0,0.9818933811038733,0.0,0.0,inf,0.9819638248642502,3277.0,0.0,0.06227929168384571,0.18737663126262807,12.056563354029947,0.35132017056182135,9019.0,0.9818933811038733,0.0,0.0,inf,0.9801247090220653,2851.0,0.0
socofing:000531:left_ring,peripheral_only,0.30000001192092896,6966.0,0.01560645284948283,0.03361180872780087,0.10923487185878628,14.735081165288124,0.5548206003676306,11469.0,0.9072994096204638,0.0,0.0,inf,0.9925868828235808,4915.0,0.0,0.0525696131815293,0.17092541568464928,12.792652186016124,0.30478650564193216,7068.0,0.9072994096204638,0.0,0.0,inf,0.9879921821553478,2965.0,0.0
socofing:000531:left_little,peripheral_only,0.4000000059604645,5149.0,0.02495121848022632,0.0419632012041667,0.11123846328180362,13.77131388632083,0.6099706551821437,9830.0,0.912426620721817,0.0,0.0,inf,0.9826855633528355,6554.0,0.0,0.0780999049158765,0.20510931713709538,11.07349494861948,0.27818209519863,5172.0,0.912426620721817,0.0,0.0,inf,0.9684527093519898,3303.0,0.0
socofing:000531:right_thumb,peripheral_only,0.5,4768.0,0.02713768307671912,0.052628253769236216,0.14165328069967087,12.787810398433797,0.6000523733293807,8192.0,0.8980591967701912,0.0,0.0,inf,0.9912496060246996,8192.0,0.0,0.08510911328416693,0.22632330401471365,10.70023934191328,0.3619693596678365,4775.0,0.8980591967701912,0.0,0.0,inf,0.9857228301994814,4777.0,0.0
socofing:000531:right_index,peripheral_only,0.6000000238418579,4144.0,0.017606839415223195,0.032468623289550094,0.10588438977947576,14.88536125615674,0.593134064258885,6554.0,0.9531887024641037,0.0,0.0,inf,0.9953635568883583,9830.0,0.0,0.04916564172187949,0.15739850047331813,13.08338287947956,0.3953798142548862,4176.0,0.9531887024641037,0.0,0.0,inf,0.9942056732842355,7586.0,0.0
socofing:000531:right_middle,peripheral_only,0.699999988079071,3036.0,0.016524408794980374,0.028456300004371757,0.09749665524024365,15.458215691901282,0.6839178090203697,4915.0,0.9043573886156082,0.0,0.0,inf,0.9966280405121206,11469.0,0.0,0.04328944097661916,0.14690319766406118,13.636180224644395,0.5415484135605253,3052.0,0.9043573886156082,0.0,0.0,inf,0.9957341631950861,8557.0,0.0
socofing:000531:right_ring,peripheral_only,0.800000011920929,1883.0,0.0032640839055402063,0.02296608244374444,0.08077378983240567,16.38913080476122,0.71160886096476,3277.0,0.9127593701705337,0.0,0.0,inf,0.9985931896884215,13107.0,0.0,0.039755543901866926,0.13880454188845479,14.00602300514289,0.5210642790386284,1883.0,0.9127593701705337,0.0,0.0,inf,0.9980534712529378,8544.0,0.0
socofing:000531:right_little,central_only,0.10000000149011612,6331.0,0.09914610855602647,0.04095204183217214,0.11988980994996279,13.87724439829362,0.5143648314581846,14746.0,0.9272122979164124,0.0,0.0,inf,0.987125726644733,1638.0,0.0,0.08684670991542565,0.24187961078599293,10.612466296364648,0.12881580176251695,6450.0,0.9272122979164124,0.0,0.0,inf,0.987125726644733,1638.0,0.0
socofing:000540:left_thumb,central_only,0.20000000298023224,8014.0,0.08621721372569978,0.04398241989229962,0.12936038121042984,13.567208796373313,0.4283851477610652,13107.0,0.9941166043281555,0.0,0.0,inf,0.9921357649241829,3277.0,0.0,0.06508422540080767,0.18830756836148838,11.865242595353461,0.1987229464328503,8325.0,0.9941166043281555,0.0,0.0,inf,0.9921357649241829,3277.0,0.0
socofing:000540:left_index,central_only,0.30000001192092896,5679.0,0.08923991961385182,0.03108240338693059,0.09404567446088845,15.074854075890531,0.5874096211323852,11469.0,0.9743767399340868,0.0,0.0,inf,0.9941944850697417,4915.0,0.0,0.05682151032335154,0.1666836317734755,12.454872268541934,0.2717154974254896,5974.0,0.9743767399340868,0.0,0.0,inf,0.9941735722497196,4897.0,0.0
socofing:000540:left_middle,central_only,0.4000000059604645,4737.0,0.09484296440084203,0.03245947162582825,0.09935002989733717,14.886585538830097,0.5646847499172352,9830.0,0.9604081232100725,0.0,0.0,inf,0.9958267254487995,6554.0,0.0,0.052606442992867555,0.1647304193452429,12.789610622171786,0.27309699776233043,4911.0,0.9604081232100725,0.0,0.0,inf,0.9958632648112371,5974.0,0.0
socofing:000540:left_ring,central_only,0.5,3423.0,0.0927042590450189,0.03113018252632168,0.09625821843902571,15.068183329011047,0.5781686253916505,8192.0,0.871788140386343,0.0,0.0,inf,0.9919112670125404,8192.0,0.0,0.05695505789722282,0.17620659467062144,12.444677023256066,0.23539615512409418,3594.0,0.871788140386343,0.0,0.0,inf,0.9908066350906699,7165.0,0.0
socofing:000540:left_little,central_only,0.6000000238418579,1516.0,0.222978008353319,0.011691888462220986,0.04863581685514048,19.3211533635882,0.7380394381960355,6554.0,0.7491042912006378,0.0,0.0,inf,0.994981679225188,9830.0,0.0,0.027271146344973907,0.11995868427058268,15.64296606068903,0.35271955121124327,1781.0,0.7411877512931824,0.0,0.0,inf,0.9934542040720477,7465.0,0.0
socofing:000540:right_thumb,central_only,0.699999988079071,1093.0,0.05035405251519591,0.009767871504727792,0.03335159562380335,20.102000621216018,0.8525605308688132,4915.0,0.8200425878167152,0.0,0.0,inf,0.9984245596134779,11469.0,0.0,0.029077201016217098,0.10053714626235076,15.364474011732561,0.5691186042827668,1148.0,0.8156774193048477,0.0,0.0,inf,0.9986351954775132,10099.0,0.0
socofing:000540:right_index,central_only,0.800000011920929,244.0,0.03686212640900355,0.0009371308375085489,0.009499109858578212,30.281997708612053,0.9358329918052398,3277.0,0.3497729152441025,0.0,0.0,inf,0.9993737984894449,13107.0,0.0,0.00652671805805321,0.056496808037510685,21.853051476037603,0.584776136275807,299.0,0.3497729152441025,0.0,0.0,inf,0.9993316482859054,10716.0,0.0
socofing:000540:right_middle,disconnected_fragments,0.10000000149011612,8294.0,0.05082089027292936,0.0364429573597974,0.1109539463993322,14.383863871072105,0.5162001521295105,14746.0,0.9508708603680134,0.0,0.0,inf,0.9785330205636534,1638.0,0.0,0.0613664352390591,0.18398122418540744,12.120691040416517,0.20835704158005758,8577.0,0.9508708603680134,0.0,0.0,inf,0.9774022961296097,1540.0,0.0
socofing:000540:right_ring,disconnected_fragments,0.20000000298023224,7536.0,0.061082503136909494,0.03852375221617381,0.12967034189395973,14.142714191742773,0.4236116356910293,13107.0,0.8212691228836775,0.0,0.0,inf,0.9894805216390619,3277.0,0.0,0.059923985215761685,0.19542616562330375,12.223993118028886,0.17289640186794994,7906.0,0.8212691228836775,0.0,0.0,inf,0.9889714577608384,3105.0,0.0
socofing:000540:right_little,disconnected_fragments,0.30000001192092896,6234.0,0.043413856281177735,0.03971230375684158,0.11629288539110502,14.010749182782716,0.47712571490573874,11469.0,0.9584767818450928,0.0,0.0,inf,0.9941774558877724,4915.0,0.0,0.06751856090785165,0.1942944418755184,11.705768228462558,0.15504800922027043,6615.0,0.9584767818450928,0.0,0.0,inf,0.9920104401253842,3525.0,0.0
socofing:000545:left_thumb,disconnected_fragments,0.4000000059604645,3794.0,0.07119747503784195,0.036074251668994174,0.09783714818867684,14.428026692267713,0.6239581060713935,9830.0,0.975480705499649,0.0,0.0,inf,0.9886081061911125,6554.0,0.0,0.07646140573837719,0.20390862131367518,11.16557721765485,0.276903469321947,4454.0,0.975480705499649,0.0,0.0,inf,0.9852798616529577,4588.0,0.0
socofing:000545:left_index,disconnected_fragments,0.5,4090.0,0.10549506340406478,0.03895249756465853,0.10703365631841666,14.094646909111901,0.573555783682097,8192.0,0.9821178643032908,0.0,0.0,inf,0.9968519114686374,8192.0,0.0,0.07055867607508862,0.19124475159782928,11.514495766670201,0.26951201620864,4281.0,0.9821178643032908,0.0,0.0,inf,0.994835079347673,4913.0,0.0
socofing:000545:left_middle,disconnected_fragments,0.6000000238418579,3596.0,0.03326697060470512,0.03687862189106882,0.11361854534828733,14.332253163680512,0.5472996583526157,6554.0,0.8785717152059078,0.0,0.0,inf,0.9973030365072268,9830.0,0.0,0.06418046216290602,0.19273269196087311,11.92597159878764,0.2522397375471845,3662.0,0.8785717152059078,0.0,0.0,inf,0.9960754290224881,6699.0,0.0
socofing:000545:left_ring,disconnected_fragments,0.699999988079071,1096.0,0.046716755255260284,0.010833546584065,0.03523173013242887,19.652293448757572,0.8967981414765466,4915.0,0.862838476896286,0.0,0.0,inf,0.9987266485185474,11469.0,0.0,0.04713886967454069,0.14959795087528027,13.266208354730267,0.5637390977357082,1111.0,0.862838476896286,0.0,0.0,inf,0.9982640543671922,7729.0,0.0
socofing:000545:left_little,disconnected_fragments,0.800000011920929,1307.0,0.19442750772715997,0.028756537104169075,0.10119771329036037,15.41263413389949,0.5585642578891156,3277.0,0.8124916469678283,0.0,0.0,inf,0.9976629118127717,13107.0,0.0,0.05363908807709034,0.1771985774350003,12.705186142368099,0.37712930135015815,1499.0,0.8124916469678283,0.0,0.0,inf,0.9958307362731402,4228.0,0.0
socofing:000545:right_thumb,stripes,0.10000000149011612,10963.0,0.17022068004144925,0.09148751551705989,0.20305723905739842,10.386381661737206,0.2504120990467585,14746.0,0.9988622665405273,0.0,0.0,inf,0.988589866257063,1638.0,0.0,0.11554761557119572,0.25483043758654866,9.372390121490156,0.06588216860169285,11535.0,0.9988622665405273,0.0,0.0,inf,0.979488620465044,832.0,0.0
socofing:000545:right_index,stripes,0.20000000298023224,9035.0,0.1325856831387648,0.07798796434013479,0.18319629624091507,11.07972415565678,0.347588901966237,13107.0,0.9980644513270818,0.0,0.0,inf,0.9871572441530531,3277.0,0.0,0.10403991278410335,0.24261354520579687,9.828000205418947,0.13360990197017406,9719.0,0.9980644513270818,0.0,0.0,inf,0.9721902433243128,1382.0,0.0
socofing:000545:right_middle,stripes,0.30000001192092896,7287.0,0.05394291237931339,0.03725093416356965,0.1097965021895965,14.288628317211531,0.48882524225555246,11469.0,0.9860886131646112,0.0,0.0,inf,0.9732585313333929,4915.0,0.0,0.05517854257005522,0.16233183286713748,12.582297747184102,0.25531183118063877,7674.0,0.9860886131646112,0.0,0.0,inf,0.9648672302875907,3574.0,0.0
socofing:000545:right_ring,stripes,0.4000000059604645,5202.0,0.2444901822996297,0.06407664551042141,0.15210153704395685,11.9330023216799,0.4654288553088468,9830.0,0.9636875875294209,0.0,0.0,inf,0.9908443325539031,6554.0,0.0,0.08721376570729268,0.21867080025284422,10.594149611811627,0.26305093759171994,5451.0,0.9636875875294209,0.0,0.0,inf,0.981998380100387,3266.0,0.0
socofing:000545:right_little,stripes,0.5,2377.0,0.13640543787576226,0.032609583571952254,0.09197647098343964,14.866547471479834,0.6014527622977968,8192.0,0.881933681666851,0.0,0.0,inf,0.9956164560676745,8192.0,0.0,0.08264549165523245,0.2257915309361353,10.827808323848211,0.14527204788443723,2924.0,0.881933681666851,0.0,0.0,inf,0.9886251837433325,2148.0,0.0
socofing:000553:left_thumb,stripes,0.6000000238418579,1942.0,0.014348525663804982,0.03043014338634552,0.08047165912095589,15.166960012484076,0.7216582017096951,6554.0,0.8725739642977715,0.0,0.0,inf,0.9988517679867115,9830.0,0.0,0.09569518931056631,0.24521315790396828,10.191098940767487,0.3050526809771629,1942.0,0.8725739642977715,0.0,0.0,inf,0.9981720235258104,6155.0,0.0
socofing:000553:left_index,stripes,0.699999988079071,2543.0,0.016105232515254114,0.028430697844967098,0.08553799812122753,15.462124802146263,0.7540024822322973,4915.0,0.9524080045521259,0.0,0.0,inf,0.9976191972592622,11469.0,0.0,0.05238077311919318,0.15739473925958303,12.808280958511915,0.5780032032893383,2576.0,0.9524080045521259,0.0,0.0,inf,0.9971758099142607,7806.0,0.0
socofing:000553:left_middle,stripes,0.800000011920929,2866.0,0.027501067225973577,0.04955980062038275,0.16324059624874873,13.048704494638868,0.4391803578770322,3277.0,0.7995699122548103,0.0,0.0,inf,0.9974108888421431,13107.0,0.0,0.051957662789701625,0.17222737916609243,12.843503930178894,0.4249027806255526,2917.0,0.7995699122548103,0.0,0.0,inf,0.9961457642806568,7533.0,0.0
socofing:000553:left_ring,severe_partial,0.10000000149011612,7396.0,0.1552261558948792,0.04214720671848281,0.1146372484593987,13.752312026987264,0.550700285081029,14746.0,0.9425492729060352,0.0,0.0,inf,0.9797497000210529,1638.0,0.0,0.07882328484236169,0.21282057027667348,11.033454705210918,0.17354853796796887,7616.0,0.9425492729060352,0.0,0.0,inf,0.9776511690323697,1479.0,0.0
socofing:000553:left_little,severe_partial,0.20000000298023224,7574.0,0.13424041449730814,0.02164449419674705,0.08548796996775541,16.646525586209023,0.5123170886316465,13107.0,0.783770851790905,0.0,0.0,inf,0.9905105431256476,3277.0,0.0,0.03398652206399636,0.13270688083006724,14.686932757139797,0.2643727070173362,7862.0,0.783770851790905,0.0,0.0,inf,0.9886038224302809,2598.0,0.0
socofing:000553:right_thumb,severe_partial,0.30000001192092896,7976.0,0.042807219038519834,0.049500193346534965,0.14805006968602133,13.053931047195778,0.4160094205438357,11469.0,0.9869342914316803,0.0,0.0,inf,0.9944443038414572,4915.0,0.0,0.062096380341848924,0.1850932550448089,12.069337145315862,0.26338457084455946,8251.0,0.9869342914316803,0.0,0.0,inf,0.9937893804217917,4384.0,0.0
socofing:000553:right_index,random_rectangles,0.10000000149011612,11702.0,0.3041902796396519,0.0683064280603947,0.1784826253098608,11.655384245791144,0.2156656421672887,14746.0,0.9790416434407234,0.0,0.0,inf,0.9719112168542551,1638.0,0.0,0.08210059805672383,0.2127420818938079,10.856536792777698,0.059790227317766384,11997.0,0.9790416434407234,0.0,0.0,inf,0.9440738973719188,179.0,0.0
socofing:000553:right_middle,random_rectangles,0.20000000298023224,11297.0,0.05439600607827912,0.1053901277220603,0.23486783935518218,9.772000691674808,0.1743137660170816,13107.0,0.9986516854260117,0.0,0.0,inf,0.9464385649217055,3277.0,0.0,0.11840033810667425,0.2633408911938131,9.266470574302168,0.07012001180864828,11379.0,0.9986516854260117,0.0,0.0,inf,0.9570443243602934,725.0,0.0
socofing:000553:right_ring,random_rectangles,0.30000001192092896,10297.0,0.04829955009869091,0.07260239184845549,0.20096058526932536,11.39049071455901,0.18740959795529177,11469.0,0.9565476798452437,0.0,0.0,inf,0.9767962670516284,4915.0,0.0,0.07743598703698067,0.21311244877395635,11.110571615474589,0.1345111203323392,10439.0,0.9565476798452437,0.0,0.0,inf,0.9679425956399976,1565.0,0.0
socofing:000553:right_little,random_rectangles,0.4000000059604645,7290.0,0.04360729227121298,0.057149422458163054,0.15775397402827526,12.429881541488434,0.42019195711646207,9830.0,0.9621924320235848,0.0,0.0,inf,0.9949051404495172,6554.0,0.0,0.07556253492458805,0.20840350175552114,11.216934810665858,0.24259153219257248,7332.0,0.9621924320235848,0.0,0.0,inf,0.9865207330869981,2081.0,0.0
socofing:000554:left_thumb,random_rectangles,0.5,6191.0,0.04759074320076547,0.0707044753162919,0.1739296470314211,11.505530961937973,0.4311425008432031,8192.0,0.9879814269370399,0.0,0.0,inf,0.9938523858590523,8192.0,0.0,0.09355499903151517,0.2299868753611923,10.289330013890197,0.2543159336385666,6191.0,0.9879814269370399,0.0,0.0,inf,0.98446031638162,3173.0,0.0
socofing:000554:left_index,random_rectangles,0.6000000238418579,6036.0,0.03525036121069364,0.05784118907639249,0.16395698115862506,12.377627875667809,0.3459577457451389,6554.0,0.9697861550375819,0.0,0.0,inf,0.9943638780054941,9830.0,0.0,0.06249087456204339,0.17698195465175373,12.041833973231224,0.30150185530883084,6064.0,0.9697861550375819,0.0,0.0,inf,0.9896593861925898,3991.0,0.0
socofing:000554:left_middle,random_rectangles,0.699999988079071,4109.0,0.04142714683381405,0.029568895346396194,0.1156486671399003,15.291648998203735,0.42892006313911807,4915.0,0.8117406666278839,0.0,0.0,inf,0.9938145737808828,11469.0,0.0,0.0329339830674516,0.12971038113807976,14.823557421211394,0.35993991076109527,4282.0,0.8117406666278839,0.0,0.0,inf,0.9942125018607878,6460.0,0.0
socofing:000554:left_ring,random_rectangles,0.800000011920929,2661.0,0.015579073948464276,0.046275515758687304,0.14618396352741242,13.346487321665514,0.41393216976402447,3277.0,0.829616405069828,0.0,0.0,inf,0.9955871671133074,13107.0,0.0,0.054509132972598365,0.17256053085513096,12.635307258462872,0.3199980558325719,2699.0,0.829616405069828,0.0,0.0,inf,0.9899773745944108,5689.0,0.0
socofing:000554:left_little,irregular,0.10000000149011612,7176.0,0.06872806721573713,0.04237959862580137,0.11150735952525342,13.72843160778247,0.5989126187614543,14746.0,0.9845060599036515,0.0,0.0,inf,0.981831706545463,1638.0,0.0,0.0821682399670218,0.21412701538480317,10.852960154578806,0.23291831189929474,7283.0,0.9845060599036515,0.0,0.0,inf,0.9648960012205483,814.0,0.0
socofing:000554:right_thumb,irregular,0.20000000298023224,9567.0,0.021632690334702907,0.053376953278022894,0.15188118849309565,12.726462190892532,0.5182052401480974,13107.0,0.9805932976305485,0.0,0.0,inf,0.9802356319766985,3277.0,0.0,0.069374522778323,0.1959103699089627,11.587999913352682,0.40324067573780065,9809.0,0.9805932976305485,0.0,0.0,inf,0.9739457869740143,2433.0,0.0
socofing:000554:right_index,irregular,0.30000001192092896,7762.0,0.03372299560030182,0.030959358120977828,0.10095932401531747,15.092080521043636,0.6000554498538563,11469.0,0.9185766652226448,0.0,0.0,inf,0.9814246098472988,4915.0,0.0,0.04355234259138481,0.1417623579261091,13.609884802165926,0.4358045715856242,7821.0,0.9185766652226448,0.0,0.0,inf,0.9725037788231314,2984.0,0.0
socofing:000554:right_middle,irregular,0.4000000059604645,6153.0,0.023057781888393008,0.03759338451190147,0.11013936734805571,14.248885732307276,0.6949450704849592,9830.0,0.9656403325498104,0.0,0.0,inf,0.9817286600604701,6554.0,0.0,0.05687219927477601,0.16534661214838084,12.450999770506028,0.5515322617426784,6306.0,0.9656403325498104,0.0,0.0,inf,0.9779841128598119,5235.0,0.0
socofing:000554:right_ring,irregular,0.5,5651.0,0.019484028100010153,0.03674891192574625,0.11827382048218726,14.347555151278097,0.6379448735064392,8192.0,0.879972830414772,0.0,0.0,inf,0.9908799754524564,8192.0,0.0,0.05178842751097462,0.16539172587910314,12.857672755755509,0.4913817373540198,5658.0,0.879972830414772,0.0,0.0,inf,0.9842748053184868,4243.0,0.0
socofing:000554:right_little,irregular,0.6000000238418579,2719.0,0.015565671299236418,0.013307821138933747,0.05339151811185335,18.758930448107375,0.8675640130137237,6554.0,0.8032449036836624,0.0,0.0,inf,0.990921993333847,9830.0,0.0,0.03122605430608989,0.12386948745142617,15.054828893321409,0.6976646800372321,2780.0,0.8032449036836624,0.0,0.0,inf,0.9819821947438175,4660.0,0.0
socofing:000558:left_thumb,irregular,0.699999988079071,2275.0,0.06626714025078347,0.03470270488206093,0.0919225744718635,14.596366730601114,0.6342610212849779,4915.0,0.9512902460992336,0.0,0.0,inf,0.9908407940774363,11469.0,0.0,0.05957299294866259,0.1546655396716693,12.249505803873612,0.43186550745865004,2837.0,0.9512902460992336,0.0,0.0,inf,0.9870859096274306,7345.0,0.0
socofing:000558:left_index,irregular,0.800000011920929,1268.0,0.10009661484674204,0.03250239130029446,0.09134580001827161,14.880846854728897,0.7641274804098982,3277.0,0.8667431622743607,0.0,0.0,inf,0.9943288896599692,13107.0,0.0,0.06928597308783963,0.19360623118983966,11.593546791998794,0.5137879752252602,1536.0,0.8667431622743607,0.0,0.0,inf,0.9914822890582683,7737.0,0.0
socofing:000558:left_middle,central_missing,0.10000000149011612,8322.0,0.26316286039488024,0.06042287651993137,0.15232309138891026,12.187986033428368,0.32904497916640846,14746.0,0.999460756778717,0.0,0.0,inf,0.9702822795863325,1638.0,0.0,0.08823179282663417,0.21901856168170813,10.543748960333426,0.0696082354950203,9731.0,0.999460756778717,0.0,0.0,inf,0.9371303477907833,91.0,0.0
socofing:000558:left_ring,central_missing,0.20000000298023224,8275.0,0.09140783568807784,0.08091020108477652,0.1890073711956375,10.919967194812552,0.28045842976049873,13107.0,0.9872406087815762,0.0,0.0,inf,0.9847499987849829,3277.0,0.0,0.11685081352757981,0.26509046532111624,9.32368259657643,0.0625184932536062,8824.0,0.9872406087815762,0.0,0.0,inf,0.954153814150091,704.0,0.0
socofing:000558:left_little,central_missing,0.30000001192092896,6581.0,0.48470605298041086,0.06716320758714851,0.17827248629608144,11.72868570959631,0.30815355246261433,11469.0,0.9802949260920286,0.0,0.0,inf,0.988175796911394,4915.0,0.0,0.09490204395710564,0.24461280838904279,10.227244338347417,0.09724241073015143,7766.0,0.9802949260920286,0.0,0.0,inf,0.9110120043572368,265.0,0.0
socofing:000558:right_thumb,central_missing,0.4000000059604645,9052.0,0.07685889597365575,0.09254003678428638,0.2331110506018615,10.33670332205806,0.18559439215146167,9830.0,0.9426383972167969,0.0,0.0,inf,0.9903029833365121,6554.0,0.0,0.09859167551878727,0.24812410506959892,10.061597526944588,0.13607233326942214,9220.0,0.9426383972167969,0.0,0.0,inf,0.9702285117562663,1966.0,0.0
socofing:000558:right_index,central_missing,0.5,6687.0,0.06727528189786706,0.0921554079527403,0.2173844004236236,10.35479174008451,0.20907584067734328,8192.0,0.9797562966123223,0.0,0.0,inf,0.9926093127569925,8192.0,0.0,0.10552845579230304,0.24791085636197036,9.766304168854395,0.12486020755719397,7046.0,0.9797562966123223,0.0,0.0,inf,0.9828099524677745,3330.0,0.0
socofing:000558:right_middle,central_missing,0.6000000238418579,6548.0,0.018239874659410498,0.06593064134535476,0.19113620062623696,11.809126996029706,0.18562397374886008,6554.0,0.9262715326622128,0.0,0.0,inf,0.9935238225381109,9830.0,0.0,0.06593064134535476,0.19113620062623696,11.809126996029706,0.18562397374886008,6554.0,0.9262715326622128,0.0,0.0,inf,0.986324611180929,4655.0,0.0
socofing:000558:right_ring,central_missing,0.699999988079071,4856.0,0.024185994277607294,0.0869699557806197,0.2248045361671,10.606307507398478,0.2680295083122482,4915.0,0.8954971134662628,0.0,0.0,inf,0.9914344660095358,11469.0,0.0,0.087165033398114,0.22530693806460578,10.596576991014402,0.26688840859248675,4904.0,0.8954971134662628,0.0,0.0,inf,0.9825150283204085,5141.0,0.0
socofing:000558:right_little,central_missing,0.800000011920929,3179.0,0.021787467397303195,0.08884526319041577,0.22575590251616565,10.513657217709202,0.26055285869350897,3277.0,0.9789578597992659,0.0,0.0,inf,0.9959350151752063,13107.0,0.0,0.08884526319041577,0.22575590251616565,10.513657217709202,0.26055285869350897,3277.0,0.9789578597992659,0.0,0.0,inf,0.9906853976205693,5720.0,0.0
socofing:000564:left_thumb,peripheral_only,0.10000000149011612,8748.0,0.04917733855269382,0.055046577859347114,0.14475528483121985,12.592696751118211,0.4591513756715044,14746.0,0.9690829236060381,0.0,0.0,inf,0.9667833326879663,1638.0,0.0,0.08652065221563705,0.2242212688077067,10.6288021539355,0.16786088320306983,9159.0,0.9690829236060381,0.0,0.0,inf,0.9589587862947954,1180.0,0.0
socofing:000564:left_index,peripheral_only,0.20000000298023224,6255.0,0.17390557203830181,0.045871269349180954,0.12607252606216768,13.384592419103667,0.4931901279809382,13107.0,0.9786107130348682,0.0,0.0,inf,0.9706904091337559,3277.0,0.0,0.07423767529901991,0.2032888620651024,11.293756362048073,0.19451102032194312,7795.0,0.9786107130348682,0.0,0.0,inf,0.9431672895692393,1628.0,0.0
socofing:000564:left_middle,peripheral_only,0.30000001192092896,6075.0,0.0769364147751964,0.04122068548701373,0.1281125409391095,13.848847903163374,0.4512428568123535,11469.0,0.9341007098555565,0.0,0.0,inf,0.9776121206874822,4915.0,0.0,0.06586159494215363,0.20077772626355778,11.813677563725303,0.179437792982871,6977.0,0.9341007098555565,0.0,0.0,inf,0.9710916177735284,3321.0,0.0
socofing:000564:left_ring,peripheral_only,0.4000000059604645,3942.0,0.17580042823626132,0.036555565946855405,0.11119698854150262,14.370464880366093,0.5198089698893954,9830.0,0.8322846442461014,0.0,0.0,inf,0.9829847448624124,6554.0,0.0,0.06491218919773303,0.19436081266865546,11.876737438119868,0.18299942821502693,5480.0,0.8322846442461014,0.0,0.0,inf,0.968226033444073,3291.0,0.0
socofing:000564:left_little,peripheral_only,0.5,2686.0,0.18886539340078912,0.028827587717482128,0.08990248480800567,15.401916977026072,0.6377525992967659,8192.0,0.8617317313328385,0.0,0.0,inf,0.9880461659583779,8192.0,0.0,0.06302233859757543,0.19371748160070107,12.0050548530708,0.24189145666058526,3664.0,0.8617317313328385,0.0,0.0,inf,0.9802246522288799,4286.0,0.0
socofing:000564:right_thumb,peripheral_only,0.6000000238418579,3460.0,0.05105981160990089,0.05786041663165099,0.14452034668914676,12.376184434814066,0.5575350151378085,6554.0,0.9296179562807083,0.0,0.0,inf,0.9901934827736146,9830.0,0.0,0.09779553743362177,0.23898494483868254,10.096809623102626,0.27861796760507707,3783.0,0.9296179562807083,0.0,0.0,inf,0.9855808057476111,6436.0,0.0
socofing:000564:right_index,peripheral_only,0.699999988079071,2469.0,0.08448255519757263,0.04752886979497743,0.1325327837750605,13.230425128173941,0.5338672563046359,4915.0,0.9102421700954437,0.0,0.0,inf,0.9936445302239914,11469.0,0.0,0.07598723669619131,0.20981541093055053,11.192593484811894,0.2729881558819866,3065.0,0.9102421700954437,0.0,0.0,inf,0.9907570910930691,7745.0,0.0
socofing:000564:right_middle,peripheral_only,0.800000011920929,1730.0,0.13410890520087468,0.009149250703016233,0.046105946481141656,20.38614471930304,0.6274455047144228,3277.0,0.7636818960309029,0.0,0.0,inf,0.9964674896790626,13107.0,0.0,0.014695985862607583,0.07272052053030272,18.32801274489025,0.388986786832259,1925.0,0.7636818960309029,0.0,0.0,inf,0.9949784050936877,8902.0,0.0
socofing:000564:right_ring,central_only,0.10000000149011612,4985.0,0.58048163325022,0.05627869675791946,0.1433143043830179,12.496559680496128,0.4317747844731458,14746.0,0.9634935185313225,0.0,0.0,inf,0.967544646147136,1638.0,0.0,0.09644385996595636,0.2352440135098436,10.157254162086415,0.10684662366650055,6219.0,0.9634935185313225,0.0,0.0,inf,0.967544646147136,1638.0,0.0
socofing:000564:right_little,central_only,0.20000000298023224,3909.0,0.14511321224923887,0.02168683262021932,0.07630148949885161,16.638038724213956,0.65179679961593,13107.0,0.8986860373988748,0.0,0.0,inf,0.9927292171092366,3277.0,0.0,0.05554161775202387,0.18635895548442882,12.553814747740045,0.147139392050753,4611.0,0.8986860373988748,0.0,0.0,inf,0.9914501919917974,2786.0,0.0
socofing:000584:left_thumb,central_only,0.30000001192092896,7136.0,0.05779155966736142,0.028078879930947355,0.10110073688160116,15.51620220242761,0.4805179603186394,11469.0,0.7815235257148743,0.0,0.0,inf,0.9932975008697805,4915.0,0.0,0.03362834990176575,0.13069298701529308,14.732944424129721,0.30634386984915624,7219.0,0.7815235257148743,0.0,0.0,inf,0.9932975008697805,4915.0,0.0
socofing:000584:left_index,central_only,0.4000000059604645,5006.0,0.07407798986900407,0.010892807269227974,0.058468629600194076,19.628601804444912,0.5939911032681078,9830.0,0.6451437771320343,0.0,0.0,inf,0.9871947814403726,6554.0,0.0,0.016307261414329602,0.08819959782494535,17.876189667651925,0.3612240827255691,5468.0,0.6451437771320343,0.0,0.0,inf,0.9871947814403726,6554.0,0.0
socofing:000584:left_middle,central_only,0.5,4035.0,0.06457378211842248,0.014362920156982869,0.06724826059326006,18.42757253747331,0.5738810483007983,8192.0,0.6850736737251282,0.0,0.0,inf,0.989735872519161,8192.0,0.0,0.020998004809195673,0.09881039650553178,16.778219691480796,0.31436739267069985,4179.0,0.6850736737251282,0.0,0.0,inf,0.989735872519161,8192.0,0.0
socofing:000584:left_ring,central_only,0.6000000238418579,2152.0,0.07983455771753761,0.010250785135834153,0.051415007685356326,19.89242869525136,0.7159687843985564,6554.0,0.6204285174608231,0.0,0.0,inf,0.9940245726266488,9830.0,0.0,0.019396893055553723,0.09816586660052036,17.122678286722916,0.37798191181211277,2279.0,0.6204285174608231,0.0,0.0,inf,0.9940603067721662,9781.0,0.0
socofing:000584:left_little,central_only,0.699999988079071,1038.0,0.054529775327067445,0.00407374822113904,0.025403234975020252,23.90005816167712,0.8687290935999629,4915.0,0.5133436024188995,0.0,0.0,inf,0.9975155592296177,11469.0,0.0,0.011233780872634625,0.07473423145879379,19.494740517731902,0.557977589627313,1109.0,0.40727558732032776,0.0,0.0,inf,0.9972361188484729,10141.0,0.0
socofing:000584:right_thumb,central_only,0.800000011920929,803.0,0.00688326344483385,0.0012561740979880331,0.014162447126623096,29.00950165888834,0.8887044901881515,3277.0,0.36449073255062103,0.0,0.0,inf,0.9978611050389092,13107.0,0.0,0.0024367936109494504,0.02767937396418907,26.131812526870526,0.6235999348364312,838.0,0.3102010488510132,0.0,0.0,inf,0.9976571317127385,11574.0,0.0
socofing:000584:right_index,disconnected_fragments,0.10000000149011612,10357.0,0.0846275463097637,0.03845951570774466,0.12054520331066051,14.149961888125247,0.435454429079689,14746.0,0.9703327445313334,0.0,0.0,inf,0.98617719689763,1638.0,0.0,0.051436152501950314,0.15949481960741943,12.887315247196272,0.23627748148271788,10513.0,0.9703327445313334,0.0,0.0,inf,0.9851536142324965,1516.0,0.0
socofing:000584:right_middle,disconnected_fragments,0.20000000298023224,9396.0,0.05537722148653299,0.042277769355084455,0.1394304566408357,13.73887934854064,0.34871349459110457,13107.0,0.956358015537262,0.0,0.0,inf,0.9808759134816778,3277.0,0.0,0.05094407337186947,0.17020023990498487,12.929063327881977,0.19227390580968098,9805.0,0.956358015537262,0.0,0.0,inf,0.9784888924564036,2882.0,0.0
socofing:000584:right_ring,disconnected_fragments,0.30000001192092896,7402.0,0.06760073798164616,0.020980357129897317,0.09015946099998302,16.781871234721244,0.47932704064025006,11469.0,0.7676976174116135,0.0,0.0,inf,0.9877067574683599,4915.0,0.0,0.02777721377894969,0.12219759602136786,15.563113187536457,0.2877068501763218,7525.0,0.7676976174116135,0.0,0.0,inf,0.9853804705438981,4077.0,0.0
socofing:000584:right_little,disconnected_fragments,0.4000000059604645,5142.0,0.0875634192591177,0.018982200532380634,0.07776911092139516,17.216534429269586,0.5870918989446026,9830.0,0.7802759110927582,0.0,0.0,inf,0.9951458610476098,6554.0,0.0,0.03318504865595339,0.13404016631643675,14.790575412584435,0.3002776315660349,5404.0,0.7802759110927582,0.0,0.0,inf,0.9941355796676152,4553.0,0.0
socofing:000589:left_thumb,disconnected_fragments,0.5,4490.0,0.09947596363221695,0.0342901649414811,0.11274325938504681,14.648304258502701,0.538814311192136,8192.0,0.8584814965724945,0.0,0.0,inf,0.9950145647958072,8192.0,0.0,0.05678458295998605,0.18291407526191686,12.457695594341141,0.30463318249513904,4597.0,0.8584814965724945,0.0,0.0,inf,0.9927909459550656,5508.0,0.0
socofing:000589:left_index,disconnected_fragments,0.6000000238418579,3597.0,0.032106749477812384,0.014385244956599595,0.06712120345764339,18.420827384039132,0.6571875605283681,6554.0,0.7954035103321075,0.0,0.0,inf,0.9957385056675527,9830.0,0.0,0.02354259913085107,0.10852315385129463,16.28145592220099,0.4508964404243829,3742.0,0.7954035103321075,0.0,0.0,inf,0.9934022362742199,5746.0,0.0
socofing:000589:left_middle,disconnected_fragments,0.699999988079071,3133.0,0.09880662162436891,0.03865701929892218,0.11844359668112135,14.127716358722918,0.43264241854752794,4915.0,0.9058903865516186,0.0,0.0,inf,0.9976763851688193,11469.0,0.0,0.05844214739095564,0.1768140861818633,12.332738347824252,0.16809738417398692,3153.0,0.9058903865516186,0.0,0.0,inf,0.9960579529451258,6709.0,0.0
socofing:000589:left_ring,disconnected_fragments,0.800000011920929,1589.0,0.05569753879193037,0.038961873446609355,0.111259823727831,14.093601686321541,0.5467211974444924,3277.0,0.8772071227431297,0.0,0.0,inf,0.9965849724088359,13107.0,0.0,0.06734681528836592,0.1863212103093309,11.716829364724115,0.2912997884422179,1750.0,0.8772071227431297,0.0,0.0,inf,0.9947618048069974,8164.0,0.0
socofing:000589:left_little,stripes,0.10000000149011612,8104.0,0.1301205146563452,0.03695530382883755,0.1233509046447295,14.323232228091987,0.4156466018575295,14746.0,0.8193019982427359,0.0,0.0,inf,0.9982036986747052,1638.0,0.0,0.06068146174065559,0.1979628909538541,12.169439661474271,0.10433750032364507,8134.0,0.8193019982427359,0.0,0.0,inf,0.9778176631029558,126.0,0.0
socofing:000589:right_thumb,stripes,0.20000000298023224,7916.0,0.06804138422949518,0.05558379215209764,0.14000401569478754,12.550518272141023,0.4474127678804792,13107.0,0.999382495880127,0.0,0.0,inf,0.9874756084171438,3277.0,0.0,0.08799179610813541,0.21903273619818836,10.555578172936384,0.15202497238293666,8145.0,0.999382495880127,0.0,0.0,inf,0.983382018875055,1884.0,0.0
socofing:000589:right_index,stripes,0.30000001192092896,5699.0,0.052215650292782474,0.0392301881436954,0.09869631469807003,14.063796090365926,0.540725060034879,11469.0,0.989754406735301,0.0,0.0,inf,0.9895676856842602,4915.0,0.0,0.0761263804483023,0.1871089493953332,11.184648189483035,0.16340707897302556,5807.0,0.989754406735301,0.0,0.0,inf,0.9886955322814193,3096.0,0.0
socofing:000589:right_middle,stripes,0.4000000059604645,6364.0,0.05300640740687344,0.0734112877870937,0.1587948013309117,11.342371574307528,0.4051667138192407,9830.0,0.9770756252110004,0.0,0.0,inf,0.9879344765194626,6554.0,0.0,0.10432122567482154,0.2250403431535675,9.816273190365745,0.15877812141297526,6433.0,0.9770756252110004,0.0,0.0,inf,0.9891983133820699,3485.0,0.0
socofing:000589:right_ring,stripes,0.5,5745.0,0.08615115895639137,0.014626619366905761,0.061848308139583,18.34856040242128,0.38342516249160824,8192.0,0.9232781269820407,0.0,0.0,inf,0.9948778650665593,8192.0,0.0,0.016153825606490573,0.06880035155367129,17.91724609986797,0.2645558148665523,6681.0,0.9232781269820407,0.0,0.0,inf,0.9905016918716717,4368.0,0.0
socofing:000589:right_little,stripes,0.6000000238418579,3947.0,0.07061917175894382,0.03287651219002607,0.09433459786954677,14.831142622077355,0.5876473148378512,6554.0,0.9555013589560986,0.0,0.0,inf,0.9942346797115492,9830.0,0.0,0.04541379381223606,0.1339584474657867,13.428122161589977,0.43453468019947183,4120.0,0.9555013589560986,0.0,0.0,inf,0.9909106314299437,5282.0,0.0
socofing:000594:left_thumb,stripes,0.699999988079071,3722.0,0.022076030307490682,0.058559516368358225,0.16267950539831863,12.324025186884047,0.5253571263877572,4915.0,0.9363314360380173,0.0,0.0,inf,0.9944991858640965,11469.0,0.0,0.07335648648541325,0.201929403490479,11.345614779996918,0.4140152764996623,3830.0,0.9363314360380173,0.0,0.0,inf,0.9928392681561612,8405.0,0.0
socofing:000594:left_index,stripes,0.800000011920929,2771.0,0.039764785283297015,0.0633139200684251,0.18190748417702896,11.985007963919587,0.47494320288611025,3277.0,0.882979653775692,0.0,0.0,inf,0.996423248890671,13107.0,0.0,0.06999637891120994,0.2005018333591332,11.549244265508442,0.4309110675357065,2919.0,0.882979653775692,0.0,0.0,inf,0.9949498188696484,8922.0,0.0
socofing:000594:left_middle,severe_partial,0.10000000149011612,9848.0,0.04942085963640181,0.07624007716312842,0.183503491021746,11.178166728169503,0.36396169015507324,14746.0,0.9945427211932838,0.0,0.0,inf,0.9839743845501695,1638.0,0.0,0.10126893152759087,0.24595142410074922,9.945237721685134,0.18319873641865836,10180.0,0.9753296971321106,0.0,0.0,inf,0.9838722455049318,1616.0,0.0
socofing:000594:left_ring,severe_partial,0.20000000298023224,8191.0,0.13023591160544593,0.051328200317676834,0.14262928995851312,12.896439628151024,0.39760359530401446,13107.0,0.965529540553689,0.0,0.0,inf,0.976968022713657,3277.0,0.0,0.0726224667067577,0.19841785772950274,11.389290038541436,0.2013547166656445,8877.0,0.965529540553689,0.0,0.0,inf,0.976968022713657,3277.0,0.0
socofing:000594:left_little,severe_partial,0.30000001192092896,6496.0,0.08593173986067877,0.04211254457566678,0.12064555560864448,13.75588516314632,0.37227574716444817,11469.0,0.9450584091246128,0.0,0.0,inf,0.9834402501847704,4915.0,0.0,0.05860905656926555,0.16828125477421652,12.32035269405955,0.1405650892097282,7590.0,0.9450584091246128,0.0,0.0,inf,0.9770743304054988,3354.0,0.0
socofing:000594:right_thumb,random_rectangles,0.10000000149011612,11854.0,0.13212263614581915,0.10971075061568267,0.23838369014427668,9.597508135893278,0.19143072103292805,14746.0,0.9927186914719641,0.0,0.0,inf,0.9790712076700457,1638.0,0.0,0.1309603936874975,0.28152587633379694,8.82860028036778,0.05736326024456357,11967.0,0.9927186914719641,0.0,0.0,inf,0.5956563532061122,1.0,0.0
socofing:000594:right_index,random_rectangles,0.20000000298023224,11062.0,0.23354583424542633,0.08268081493657699,0.2140992742687497,10.825952514362069,0.2226845921777315,13107.0,0.9851935823680833,0.0,0.0,inf,0.9761021816327099,3277.0,0.0,0.09468289838487559,0.24419375741759972,10.237284561370025,0.12025147931791802,11299.0,0.9851935823680833,0.0,0.0,inf,0.961936208404558,843.0,0.0
socofing:000594:right_middle,random_rectangles,0.30000001192092896,9871.0,0.06656116182625109,0.08179577872895002,0.2092344927629906,10.872691085784096,0.26337746297201103,11469.0,0.9823864558711648,0.0,0.0,inf,0.9881722945997976,4915.0,0.0,0.09220310948900587,0.23489652298842847,10.352544324046649,0.17455442389768577,10101.0,0.9823864558711648,0.0,0.0,inf,0.9847140153413086,1984.0,0.0
socofing:000594:right_ring,random_rectangles,0.4000000059604645,8258.0,0.018287420730618127,0.07518757590144026,0.19284900292606477,11.238539168979916,0.3151935246269167,9830.0,0.9749203105457127,0.0,0.0,inf,0.9880766648679403,6554.0,0.0,0.088508425841074,0.22649186764283033,10.530153832897549,0.199115503265026,8326.0,0.9749203105457127,0.0,0.0,inf,0.984013053696192,3436.0,0.0
socofing:000594:right_little,random_rectangles,0.5,5727.0,0.030958304431527736,0.06451811519060707,0.1527600297321836,11.903183284231142,0.46758614875757454,8192.0,0.9961663819849491,0.0,0.0,inf,0.9923367675388391,8192.0,0.0,0.09103770397291237,0.21444729898688086,10.407787039857872,0.2637691220505052,5786.0,0.9961663819849491,0.0,0.0,inf,0.989169562200756,4813.0,0.0
socofing:000598:left_thumb,random_rectangles,0.6000000238418579,5570.0,0.030588686500202262,0.05680727448151871,0.1764827707175195,12.455960469493165,0.2750757234202766,6554.0,0.9554996490478516,0.0,0.0,inf,0.9886466764685115,9830.0,0.0,0.057727102559489214,0.17900717846518913,12.386202400763617,0.26495824791262645,6438.0,0.9554996490478516,0.0,0.0,inf,0.982969506763447,5667.0,0.0
socofing:000598:left_index,random_rectangles,0.699999988079071,4873.0,0.05498668891258722,0.07179432682271769,0.20868952139281588,11.439098722887824,0.32387083148368656,4915.0,0.95295400172472,0.0,0.0,inf,0.9962570855861514,11469.0,0.0,0.0719700420589851,0.2092001329537782,11.428482435125929,0.3227081523972456,4903.0,0.95295400172472,0.0,0.0,inf,0.9944740239501767,7327.0,0.0
socofing:000598:left_middle,random_rectangles,0.800000011920929,2820.0,0.02649204478249562,0.055321556716296835,0.17360510937143941,12.571056075976987,0.39419331659299356,3277.0,0.8768566474318504,0.0,0.0,inf,0.9964237561242211,13107.0,0.0,0.05892832047466164,0.18535029912800444,12.296759366238575,0.3459762343803129,2940.0,0.8768566474318504,0.0,0.0,inf,0.994831674154655,8864.0,0.0
socofing:000598:left_ring,irregular,0.10000000149011612,10479.0,0.13833669011824765,0.06368321233041009,0.17879760902879818,11.959750378868357,0.3316399611320365,14746.0,0.8887032866477966,0.0,0.0,inf,0.9413226723705749,1638.0,0.0,0.08069205402970744,0.22469493146427347,10.931692293542028,0.17356798623314024,11232.0,0.8887032866477966,0.0,0.0,inf,0.9291199631531488,1097.0,0.0
socofing:000598:left_little,irregular,0.20000000298023224,9480.0,0.054363181266725784,0.05404380138675653,0.14941329386237268,12.672541107375624,0.44344208875677443,13107.0,0.9701416410971433,0.0,0.0,inf,0.9761856472176093,3277.0,0.0,0.07206444558851968,0.19884029137659776,11.422789501650142,0.2755411446314032,9594.0,0.9701416410971433,0.0,0.0,inf,0.955965347140993,1642.0,0.0
socofing:000598:right_thumb,irregular,0.30000001192092896,7741.0,0.19263179092836716,0.05026087971751047,0.15049521063023877,12.987699142090847,0.3449794084599695,11469.0,0.9150688722729683,0.0,0.0,inf,0.9720726560664493,4915.0,0.0,0.06074398887449463,0.1815191275848625,12.1649669267291,0.21096939332504516,8890.0,0.9150688722729683,0.0,0.0,inf,0.9672811120091297,3147.0,0.0
socofing:000598:right_index,irregular,0.4000000059604645,8239.0,0.0315249731427809,0.05313298159172516,0.16617141044491962,12.746358126899038,0.44837973092503114,9830.0,0.8625177517533302,0.0,0.0,inf,0.9811155212125595,6554.0,0.0,0.060263151793053235,0.18737851370257247,12.199481582495208,0.38891934001115036,8458.0,0.8625177517533302,0.0,0.0,inf,0.9678204688137849,3555.0,0.0
socofing:000598:right_middle,irregular,0.5,6482.0,0.03930508339182746,0.046293862863187346,0.14894468398569938,13.344765792048221,0.5313876434889718,8192.0,0.8397389054298401,0.0,0.0,inf,0.9856927189194178,8192.0,0.0,0.05439612364105564,0.175063774294415,12.644320477518537,0.45532442304037557,6545.0,0.8397389054298401,0.0,0.0,inf,0.9849191455113702,6039.0,0.0
socofing:000598:right_ring,irregular,0.6000000238418579,5562.0,0.04033428360375166,0.04869176739724796,0.15533992519806705,13.125444612942898,0.5810051777763914,6554.0,0.8485879860818386,0.0,0.0,inf,0.9854291100024658,9830.0,0.0,0.05473573274489942,0.174694971671795,12.6172906365921,0.5323780600044771,5693.0,0.8485879860818386,0.0,0.0,inf,0.9810327675964414,6498.0,0.0
socofing:000598:right_little,irregular,0.699999988079071,3662.0,0.012820880510032497,0.030956568209140008,0.11615395173254577,15.092471904452978,0.6774970671598006,4915.0,0.7517815607134253,0.0,0.0,inf,0.9924938789154256,11469.0,0.0,0.038669020306104654,0.14639472743052684,14.126368307984745,0.630348298063113,3670.0,0.7517815607134253,0.0,0.0,inf,0.992753027264989,7578.0,0.0
