sample_id,mask_family,observed_fraction,missing_mse,missing_mae,missing_psnr,missing_ssim_map_mean,missing_pixels,missing_max_absolute_error,observed_mse,observed_mae,observed_psnr,observed_ssim_map_mean,observed_pixels,observed_max_absolute_error,missing_roi_mse,missing_roi_mae,missing_roi_psnr,missing_roi_ssim_map_mean,missing_roi_pixels,missing_roi_max_absolute_error,observed_roi_mse,observed_roi_mae,observed_roi_psnr,observed_roi_ssim_map_mean,observed_roi_pixels,observed_roi_max_absolute_error
socofing:000023:left_thumb,random_rectangles,0.10000000149011612,0.03708499584507205,0.14607509772501565,14.308017653096597,0.214494149824969,14746.0,0.7782094851136208,0.0,0.0,inf,0.8379913754292398,1638.0,0.0,0.04206373374789871,0.15839602317791818,13.760921801960698,0.09059021102297005,11110.0,0.7782094851136208,0.0,0.0,inf,0.9042655367968986,94.0,0.0
socofing:000023:left_index,random_rectangles,0.20000000298023224,0.03501043853898654,0.1380627742681649,14.558024492501307,0.24624490237256028,13107.0,0.7484894692897797,0.0,0.0,inf,0.903575042649236,3277.0,0.0,0.043081683301895476,0.159878043663725,13.657073361437286,0.11004836794544971,9772.0,0.7484894692897797,0.0,0.0,inf,0.8819202082483847,299.0,0.0
socofing:000023:left_middle,random_rectangles,0.30000001192092896,0.03859299332722403,0.14775327106094713,14.134915356270934,0.2400185059789305,11469.0,0.8092837557196617,0.0,0.0,inf,0.9512640677848014,4915.0,0.0,0.043502110962020675,0.16429626468916395,13.614896681737962,0.14116859706692483,9663.0,0.8092837557196617,0.0,0.0,inf,0.8128945411209371,528.0,0.0
socofing:000023:left_ring,random_rectangles,0.4000000059604645,0.049380055991314654,0.16126247419087958,13.06448421963722,0.2948254279853247,9830.0,0.870797909796238,0.0,0.0,inf,0.9732437494194746,6554.0,0.0,0.05601537171126845,0.18114657531371764,12.516927777561957,0.12160611985895617,5967.0,0.870797909796238,0.0,0.0,inf,0.9604934062018187,1950.0,0.0
socofing:000023:left_little,random_rectangles,0.5,0.026163571147610226,0.1157951439131466,15.82302978090479,0.42155923073469415,8192.0,0.7910742163658142,0.0,0.0,inf,0.9584588155016843,8192.0,0.0,0.0349974626789853,0.14152724845984646,14.55963440920013,0.26858214313283235,5418.0,0.7910742163658142,0.0,0.0,inf,0.9399980202080938,3011.0,0.0
socofing:000023:right_thumb,random_rectangles,0.6000000238418579,0.04766374575256198,0.18263682746427884,13.218118307317898,0.11124325161095824,6554.0,0.8073259145021439,0.0,0.0,inf,0.9731371734860934,9830.0,0.0,0.04758114368722196,0.18246166958786073,13.225651232260326,0.10432369830089744,6492.0,0.8073259145021439,0.0,0.0,inf,0.9576212986855918,5741.0,0.0
socofing:000023:right_index,random_rectangles,0.699999988079071,0.03777674035191961,0.14818511288821515,14.227755188400348,0.1613485157314207,4915.0,0.8622687086462975,0.0,0.0,inf,0.9879293147644634,11469.0,0.0,0.03777674035191961,0.14818511288821515,14.227755188400348,0.1613485157314207,4915.0,0.8622687086462975,0.0,0.0,inf,0.9790846519162456,6619.0,0.0
socofing:000023:right_middle,random_rectangles,0.800000011920929,0.02383303024756122,0.11419064883991899,16.228207358269174,0.29385029024453235,3277.0,0.7669692486524582,0.0,0.0,inf,0.9826025882557627,13107.0,0.0,0.0258594788100553,0.12305771020029023,15.873802324408528,0.23548602969528032,3004.0,0.7669692486524582,0.0,0.0,inf,0.9714246704439164,7570.0,0.0
socofing:000023:right_ring,irregular,0.10000000149011612,0.02335965254360458,0.11637968509640531,16.315336212992563,0.314833473394841,14746.0,0.7494173943996429,0.0,0.0,inf,0.6758673483927259,1638.0,0.0,0.02733135286991244,0.12989576049984022,15.63338870707775,0.15900854825100236,10663.0,0.7494173943996429,0.0,0.0,inf,0.7038205090019919,580.0,0.0
socofing:000023:right_little,irregular,0.20000000298023224,0.02077866705578715,0.1076973427865551,16.823823157241605,0.41932497374404787,13107.0,0.7723424732685089,0.0,0.0,inf,0.8004100183706918,3277.0,0.0,0.028581315109886984,0.12841820330570705,15.439177919261965,0.19867137141282107,8096.0,0.7723424732685089,0.0,0.0,inf,0.8651316038305897,2100.0,0.0
socofing:000030:left_thumb,irregular,0.30000001192092896,0.053757490524458995,0.1714354691123503,12.695610129605077,0.3469696382190299,11469.0,0.8578436821699142,0.0,0.0,inf,0.9098185437748428,4915.0,0.0,0.07436436014642435,0.21729728762651832,11.28635154510431,0.15943004698986585,7905.0,0.8578436821699142,0.0,0.0,inf,0.93602438500832,3012.0,0.0
socofing:000030:left_index,irregular,0.4000000059604645,0.03578110341495258,0.14129415097952436,14.463462708218541,0.40781302194882063,9830.0,0.7692467123270035,0.0,0.0,inf,0.9077481996840125,6554.0,0.0,0.052571391476184184,0.1833271449520757,12.792505277860094,0.2054756564605199,6280.0,0.7692467123270035,0.0,0.0,inf,0.942900899240959,3528.0,0.0
socofing:000030:left_middle,irregular,0.5,0.03743948609168131,0.14052704397363414,14.266701211806947,0.36140631632985487,8192.0,0.7877598777413368,0.0,0.0,inf,0.955741156043586,8192.0,0.0,0.04755294349855339,0.17046716248135138,13.228225953277446,0.22606324172956194,6198.0,0.7877598777413368,0.0,0.0,inf,0.9548931565181249,4123.0,0.0
socofing:000030:left_ring,irregular,0.6000000238418579,0.029368107683849082,0.11871533224124406,15.321240360764033,0.5006156923479367,6554.0,0.8811517208814621,0.0,0.0,inf,0.958712825776978,9830.0,0.0,0.043751644454831366,0.161323446284111,13.590056188876737,0.2940700916859723,3993.0,0.8811517208814621,0.0,0.0,inf,0.9651916323039861,5078.0,0.0
socofing:000030:left_little,irregular,0.699999988079071,0.03392627952242896,0.1255853076098773,14.694637640351706,0.48877926071200123,4915.0,0.8562362566590309,0.0,0.0,inf,0.9496150891094505,11469.0,0.0,0.061321855698686895,0.19431230864445834,12.123847111642794,0.21848034170818362,2565.0,0.8562362566590309,0.0,0.0,inf,0.970739852032191,5534.0,0.0
socofing:000030:right_thumb,irregular,0.800000011920929,0.030681698499016405,0.12040077279150477,15.13120602078587,0.5459142650452438,3277.0,0.8286964893341064,0.0,0.0,inf,0.9800611770820175,13107.0,0.0,0.04700655057809803,0.16919921396876397,13.278416169219735,0.3293768022581975,2001.0,0.8286964893341064,0.0,0.0,inf,0.977267443490034,10324.0,0.0
socofing:000030:right_index,central_missing,0.10000000149011612,0.07148816298790911,0.21308912900258797,11.457658627389542,0.277392382735196,14746.0,0.8673481196165085,0.0,0.0,inf,0.886484218166238,1638.0,0.0,0.10019961337458543,0.27275252034454633,9.991339542133645,0.06739727057008457,9506.0,0.8673481196165085,0.0,0.0,inf,0.9055426905299142,128.0,0.0
socofing:000030:right_middle,central_missing,0.20000000298023224,0.04813131744185494,0.1660735537163374,13.175722507286823,0.20610734948074297,13107.0,0.7825131118297577,0.0,0.0,inf,0.951803380907038,3277.0,0.0,0.05656781060461096,0.1883038312610273,12.47430629828383,0.08923424163881269,10900.0,0.7825131118297577,0.0,0.0,inf,0.9588278140929557,745.0,0.0
socofing:000030:right_ring,central_missing,0.30000001192092896,0.038294979809187786,0.14303928929836543,14.168581551193252,0.24716571893314124,11469.0,0.778489351272583,0.0,0.0,inf,0.9739809443043204,4915.0,0.0,0.04798129679825485,0.1687510776571854,13.189280184624899,0.10271240555397763,8870.0,0.778489351272583,0.0,0.0,inf,0.9581132398288434,1200.0,0.0
socofing:000030:right_little,central_missing,0.4000000059604645,0.04320244708048529,0.15322279602759126,13.644916531051658,0.2744134783835104,9830.0,0.7906538099050522,0.0,0.0,inf,0.9717780951348405,6554.0,0.0,0.0515536908601089,0.17788844903010126,12.877402370187026,0.11562081492188117,6788.0,0.7906538099050522,0.0,0.0,inf,0.932902603443377,1163.0,0.0
socofing:000032:left_thumb,central_missing,0.5,0.08923823918608263,0.24040602324282645,10.494490076319519,0.07979060444754224,8192.0,0.8783628419041634,0.0,0.0,inf,0.9822846602365645,8192.0,0.0,0.08923823918608263,0.24040602324282645,10.494490076319519,0.07979060444754224,8192.0,0.8783628419041634,0.0,0.0,inf,0.9549641579443041,2999.0,0.0
socofing:000032:left_index,central_missing,0.6000000238418579,0.07966949243137122,0.2162477362984527,10.987079496846505,0.12083392746837268,6554.0,0.902233749628067,0.0,0.0,inf,0.9882170525711638,9830.0,0.0,0.08337119215632101,0.22523118299644135,10.789839883169272,0.09293056156511305,6259.0,0.902233749628067,0.0,0.0,inf,0.9800791912031447,3680.0,0.0
socofing:000032:left_middle,central_missing,0.699999988079071,0.08015903945026441,0.2121950218645384,10.960474956179123,0.2187488796120012,4915.0,0.9010244831442833,0.0,0.0,inf,0.9926028992586478,11469.0,0.0,0.09285727354012221,0.23998824578787512,10.321840721652503,0.13866590048416355,4224.0,0.9010244831442833,0.0,0.0,inf,0.9886648457828031,4209.0,0.0
socofing:000032:left_ring,central_missing,0.800000011920929,0.04659948673535506,0.1693426668098288,13.31618866769885,0.17289708032198356,3277.0,0.6933437287807465,0.0,0.0,inf,0.9941375329884093,13107.0,0.0,0.04902630053938017,0.17688131774019789,13.09570876811944,0.14135761893709162,3111.0,0.6933437287807465,0.0,0.0,inf,0.9889958123156228,4863.0,0.0
socofing:000032:left_little,peripheral_only,0.10000000149011612,0.05987140455898457,0.20087176019759873,12.22780553361558,0.36001455145280253,14746.0,0.8566625788807869,0.0,0.0,inf,0.5696839390598216,1638.0,0.0,0.09618255141953548,0.2614262154149952,10.169037066474436,0.06980303178992439,6338.0,0.8566625788807869,0.0,0.0,inf,0.8476226229501632,631.0,0.0
socofing:000032:right_thumb,peripheral_only,0.20000000298023224,0.06515240626585551,0.19475205921592634,11.86069539910186,0.3028215690734815,13107.0,0.8537049070000648,0.0,0.0,inf,0.9473701091081335,3277.0,0.0,0.08357360699712055,0.2396015642458233,10.779308534850873,0.11981379575584934,9434.0,0.8537049070000648,0.0,0.0,inf,0.9485576985810742,3025.0,0.0
socofing:000032:right_index,peripheral_only,0.30000001192092896,0.05222638617839883,0.16882450730326373,12.82110024269812,0.4205075214120657,11469.0,0.8734525591135025,0.0,0.0,inf,0.9094504489311697,4915.0,0.0,0.08057688328133036,0.23341619707106478,10.937895351593275,0.17259754278696243,6948.0,0.8734525591135025,0.0,0.0,inf,0.9493800934824682,3380.0,0.0
socofing:000032:right_middle,peripheral_only,0.4000000059604645,0.052518594139593554,0.16783681433772932,12.79686907974575,0.40567007717204856,9830.0,0.8972097039222717,0.0,0.0,inf,0.954833059770333,6554.0,0.0,0.08159449872285979,0.2373198207489987,10.883391213300266,0.1301692396246935,6001.0,0.8972097039222717,0.0,0.0,inf,0.962640379794851,4197.0,0.0
socofing:000032:right_ring,peripheral_only,0.5,0.040423392696591565,0.146748237800864,13.93367239371556,0.42952372296289676,8192.0,0.7940746396780014,0.0,0.0,inf,0.9553995203624066,8192.0,0.0,0.062004833918087546,0.20665898777739566,12.075744514353513,0.1567692795515922,4803.0,0.6985864341259003,0.0,0.0,inf,0.9495464335436022,4664.0,0.0
socofing:000032:right_little,peripheral_only,0.6000000238418579,0.03790341820180195,0.14038475498102088,14.213216227696368,0.46780317739876687,6554.0,0.7261763662099838,0.0,0.0,inf,0.9429895197547171,9830.0,0.0,0.07029244609823658,0.2226446741611869,11.530913434598403,0.1323482619351148,3261.0,0.7261763662099838,0.0,0.0,inf,0.967066455083881,4436.0,0.0
socofing:000039:left_thumb,peripheral_only,0.699999988079071,0.05697829693383085,0.166139914108571,12.44290535849318,0.4754112110309254,4915.0,0.8086150586605072,0.0,0.0,inf,0.9872797840741612,11469.0,0.0,0.09613285376971013,0.2586845166278852,10.171281651669462,0.17350372451453516,2823.0,0.8086150586605072,0.0,0.0,inf,0.9899423945938279,8856.0,0.0
socofing:000039:left_index,peripheral_only,0.800000011920929,0.04726482916577904,0.15994175001600888,13.254619074835015,0.48355103942428557,3277.0,0.7399262934923172,0.0,0.0,inf,0.993708155386177,13107.0,0.0,0.06938669582096468,0.22132727796912327,11.58723793024037,0.26623597202672156,2098.0,0.7399262934923172,0.0,0.0,inf,0.9945590384759553,8254.0,0.0
socofing:000039:left_middle,central_only,0.10000000149011612,0.05379542358641263,0.17669723469437595,12.692546684916959,0.3034066458552782,14746.0,0.8526998609304428,0.0,0.0,inf,0.9775959809493139,1638.0,0.0,0.0718701023659502,0.21484306368125738,11.434517365689423,0.09742277096115226,10076.0,0.8526998609304428,0.0,0.0,inf,0.9775959809493139,1638.0,0.0
socofing:000039:left_ring,central_only,0.20000000298023224,0.04688521366047322,0.16400806875044638,13.289641005293067,0.3545809097979633,13107.0,0.7714919447898865,0.0,0.0,inf,0.9847511057706647,3277.0,0.0,0.06777050087144273,0.2098080556465993,11.689593046078734,0.11095632098643826,7875.0,0.7714919447898865,0.0,0.0,inf,0.9847511057706647,3277.0,0.0
socofing:000039:left_little,central_only,0.30000001192092896,0.038845445932135465,0.16351544230329262,14.106598886384564,0.5921728912624953,11469.0,0.7254704087972641,0.0,0.0,inf,0.9517075399604481,4915.0,0.0,0.0787627030026069,0.2369462839931224,11.03679388026893,0.16787292376439675,3477.0,0.7254704087972641,0.0,0.0,inf,0.9818035489327337,4688.0,0.0
socofing:000039:right_thumb,central_only,0.4000000059604645,0.07161186919544502,0.19091866702601193,11.450149902775934,0.3899614818174311,9830.0,0.9191737165674567,0.0,0.0,inf,0.9875242452394697,6554.0,0.0,0.10822985248136345,0.26385064700470484,9.656529335015348,0.14554346089265285,6045.0,0.9191737165674567,0.0,0.0,inf,0.9875242452394697,6554.0,0.0
socofing:000039:right_index,central_only,0.5,0.03958052196328707,0.14081879944268394,14.025184828865546,0.5677444249569988,8192.0,0.8873603921383619,0.0,0.0,inf,0.9904697399657979,8192.0,0.0,0.06997335734836191,0.21086557686576923,11.550672879731348,0.3131207252988692,3905.0,0.8873603921383619,0.0,0.0,inf,0.9904697399657979,8192.0,0.0
socofing:000039:right_middle,central_only,0.6000000238418579,0.02112445393242745,0.10103369057103184,16.752145087545397,0.641803361537803,6554.0,0.689077690243721,0.0,0.0,inf,0.9875062822119579,9830.0,0.0,0.0344868245729018,0.14598519931845338,14.623467921201271,0.3562905602873852,2544.0,0.689077690243721,0.0,0.0,inf,0.9876191408537799,9813.0,0.0
socofing:000039:right_ring,central_only,0.699999988079071,0.015717831325397866,0.081902008469947,18.036073761328314,0.7687668729695168,4915.0,0.6782663613557816,0.0,0.0,inf,0.9827642806254441,11469.0,0.0,0.06159601596487648,0.20202020811877852,12.104473771281851,0.24522029370809084,789.0,0.6782663613557816,0.0,0.0,inf,0.9952654235120504,9632.0,0.0
socofing:000039:right_little,central_only,0.800000011920929,0.01637237018183318,0.08199551331403963,17.85888444450055,0.7523123209329405,3277.0,0.6877440065145493,0.0,0.0,inf,0.9903821237213084,13107.0,0.0,0.06247386383349329,0.20690960556800878,12.043016333260612,0.3987722452308801,420.0,0.6070814058184624,0.0,0.0,inf,0.9986900879807468,9758.0,0.0
socofing:000052:left_thumb,disconnected_fragments,0.10000000149011612,0.04127768322181905,0.1515588049591674,13.842846861922684,0.2672402142441844,14746.0,0.7583045959472656,0.0,0.0,inf,0.8818844852385471,1638.0,0.0,0.05149813362824758,0.17579561211244743,12.882085101751384,0.106843988402953,10542.0,0.7583045959472656,0.0,0.0,inf,0.9039465280172675,1494.0,0.0
socofing:000052:left_index,disconnected_fragments,0.20000000298023224,0.05173157435820928,0.1695282502781861,12.862443044117448,0.27171294600767204,13107.0,0.8587285429239273,0.0,0.0,inf,0.9399312569409433,3277.0,0.0,0.06761604124623813,0.20397240578103343,11.699502597051566,0.09054976037718901,9174.0,0.8587285429239273,0.0,0.0,inf,0.9453662013938608,2876.0,0.0
socofing:000052:left_middle,disconnected_fragments,0.30000001192092896,0.029631168412031155,0.12708772157757958,15.28251223143876,0.37739408256130497,11469.0,0.7523010671138763,0.0,0.0,inf,0.9611959593007059,4915.0,0.0,0.03874416129199345,0.1514237536877022,14.117937359892652,0.19758436852993264,7538.0,0.7523010671138763,0.0,0.0,inf,0.9636796126957751,4841.0,0.0
socofing:000052:left_ring,disconnected_fragments,0.4000000059604645,0.04111271227923837,0.14578186952009692,13.8602387108998,0.3346438452009464,9830.0,0.8004260957241058,0.0,0.0,inf,0.9733298548907574,6554.0,0.0,0.05132679706198003,0.17261899975796732,12.89655836103718,0.17138826834868243,7024.0,0.8004260957241058,0.0,0.0,inf,0.980079207178776,5322.0,0.0
socofing:000052:left_little,disconnected_fragments,0.5,0.041708395758113845,0.1473680313119985,13.797765142250764,0.3090701850987487,8192.0,0.7958485186100006,0.0,0.0,inf,0.976798824928188,8192.0,0.0,0.052919969382245205,0.1795508932750616,12.763804157529758,0.15024429064222103,5966.0,0.7958485186100006,0.0,0.0,inf,0.9780348039728785,5955.0,0.0
socofing:000052:right_thumb,disconnected_fragments,0.6000000238418579,0.08418109857353459,0.2023659897971015,10.74785410955413,0.31391884204303266,6554.0,0.9826902747154236,0.0,0.0,inf,0.9787481843087099,9830.0,0.0,0.10704022828056307,0.24809107809598135,9.704529733721868,0.13387473418503643,4347.0,0.9826902747154236,0.0,0.0,inf,0.9777604371834763,8587.0,0.0
socofing:000052:right_index,disconnected_fragments,0.699999988079071,0.028996085783543395,0.11198242478487618,15.376606240782927,0.5760798711070961,4915.0,0.7454673498868942,0.0,0.0,inf,0.9900381528245644,11469.0,0.0,0.04782526571169215,0.17173645804909932,13.203426084036229,0.278086972671206,1963.0,0.6853203773498535,0.0,0.0,inf,0.9905553570779422,10063.0,0.0
socofing:000052:right_middle,disconnected_fragments,0.800000011920929,0.027634653513741815,0.10537001457398426,15.585459762789975,0.606317692895422,3277.0,0.7793101221323013,0.0,0.0,inf,0.9910286052422312,13107.0,0.0,0.04240633708479912,0.14579395213712976,13.725692388008586,0.3648812434694961,1168.0,0.7793101221323013,0.0,0.0,inf,0.9920657946479944,11344.0,0.0
socofing:000052:right_ring,stripes,0.10000000149011612,0.03749932773751883,0.14203558022035853,14.259765179390271,0.2847075002737267,14746.0,0.8238639980554581,0.0,0.0,inf,0.9549754792922392,1638.0,0.0,0.04509708346279549,0.15939747482290464,13.458515440859308,0.11973984701092645,10886.0,0.8238639980554581,0.0,0.0,inf,0.9635186957951264,1262.0,0.0
socofing:000052:right_little,stripes,0.20000000298023224,0.025436600939132734,0.11429625338376447,15.94540923369726,0.33654852126388357,13107.0,0.78103107213974,0.0,0.0,inf,0.9222513016905056,3277.0,0.0,0.03169188148444695,0.1329924357856994,14.990519768381859,0.15837844963408704,9379.0,0.78103107213974,0.0,0.0,inf,0.9347576230898869,1694.0,0.0
socofing:000054:left_thumb,stripes,0.30000001192092896,0.07206177726580652,0.19600555508195566,11.42295031039229,0.23319144358208602,11469.0,0.914874728769064,0.0,0.0,inf,0.9813868683349147,4915.0,0.0,0.08201836282186974,0.2236367264875111,10.860889039649468,0.09683008445837823,8917.0,0.8964448566548526,0.0,0.0,inf,0.9823579077557294,3391.0,0.0
socofing:000054:left_index,stripes,0.4000000059604645,0.03753575113128572,0.13780477017255183,14.255548890047724,0.33744614407723067,9830.0,0.8626335188746452,0.0,0.0,inf,0.9716723183450493,6554.0,0.0,0.04875706171236833,0.16557097863655162,13.11962474517042,0.1510462309352677,6876.0,0.8626335188746452,0.0,0.0,inf,0.980966290575969,4255.0,0.0
socofing:000054:left_middle,stripes,0.5,0.04710399512877976,0.1567383637079729,13.269422565908119,0.29885912408735626,8192.0,0.8765341341495514,0.0,0.0,inf,0.9799140191748559,8192.0,0.0,0.059245142612657446,0.18948974484517847,12.273472507692551,0.13754912917514464,6092.0,0.8765341341495514,0.0,0.0,inf,0.9819514651530223,5239.0,0.0
socofing:000054:left_ring,stripes,0.6000000238418579,0.04828204800275644,0.16243621379337117,13.16214316506918,0.25309598910476727,6554.0,0.7437594383955002,0.0,0.0,inf,0.9847961910038632,9830.0,0.0,0.05735063726448253,0.1877154833494716,12.414617519752571,0.13442980990488584,5426.0,0.7437594383955002,0.0,0.0,inf,0.9793837753001372,6382.0,0.0
socofing:000054:left_little,stripes,0.699999988079071,0.016664947186936556,0.09470326994770298,17.78196058328586,0.437588284518804,4915.0,0.643456444144249,0.0,0.0,inf,0.9873836922734781,11469.0,0.0,0.024136754332938302,0.11633835651525637,16.17321129850247,0.19865925885558178,3075.0,0.643456444144249,0.0,0.0,inf,0.9920021650525572,8366.0,0.0
socofing:000054:right_thumb,stripes,0.800000011920929,0.03325160017570067,0.1345537304619613,14.781874501877928,0.27199206494991324,3277.0,0.7969179740175605,0.0,0.0,inf,0.9928827804646339,13107.0,0.0,0.036594894173126676,0.15270237283624466,14.365795044176327,0.10598496268444338,2508.0,0.6777322883717716,0.0,0.0,inf,0.9916015922187332,10397.0,0.0
socofing:000054:right_index,severe_partial,0.10000000149011612,0.051966003452750854,0.17623390560111019,12.842806821603642,0.3218281469203088,14746.0,0.8044561138376594,0.0,0.0,inf,0.9472805822444689,1638.0,0.0,0.07067403410710026,0.2190475294850552,11.50740118244498,0.11221453467340654,10066.0,0.8044561138376594,0.0,0.0,inf,0.9472805822444689,1638.0,0.0
socofing:000054:right_middle,severe_partial,0.20000000298023224,0.05428434765582082,0.17037159958469197,12.653253767949405,0.3042460603360386,13107.0,0.8865206204354763,0.0,0.0,inf,0.9666590011510613,3277.0,0.0,0.07092011413885287,0.20856994936841095,11.492305741168884,0.10625806777369091,9388.0,0.8865206204354763,0.0,0.0,inf,0.9672624720323493,3176.0,0.0
socofing:000054:right_ring,severe_partial,0.30000001192092896,0.041037209044177174,0.1493845373992686,13.868221834208436,0.3730877886120221,11469.0,0.7946398817002773,0.0,0.0,inf,0.9723338587113377,4915.0,0.0,0.06048797255436587,0.19713530690176648,12.18330972001289,0.09645184645755446,6931.0,0.7946398817002773,0.0,0.0,inf,0.9761650134644664,4268.0,0.0
socofing:000054:right_little,random_rectangles,0.10000000149011612,0.06537618127274503,0.19874633833367206,11.845804508497185,0.24185714299376812,14746.0,0.8496484681963921,0.0,0.0,inf,0.8514295490113127,1638.0,0.0,0.08113792082981239,0.22907214563943334,10.907761253439025,0.08127337882221779,10576.0,0.8496484681963921,0.0,0.0,inf,0.8218365796953381,332.0,0.0
socofing:000057:left_thumb,random_rectangles,0.20000000298023224,0.08530611920204667,0.22720937923840684,10.69019814783653,0.11698737772359107,13107.0,0.9384570680558681,0.0,0.0,inf,0.955094731578804,3277.0,0.0,0.0909741443148414,0.24141526899891708,10.410820206121894,0.057785477262290795,11889.0,0.9384570680558681,0.0,0.0,inf,0.9368839357932338,718.0,0.0
socofing:000057:left_index,random_rectangles,0.30000001192092896,0.0733924135615946,0.20492715184492438,11.343488299833426,0.17978074651997308,11469.0,0.9141949377954006,0.0,0.0,inf,0.964082457331166,4915.0,0.0,0.08786301839969117,0.23740973174458777,10.561938812913533,0.062019505192023504,9460.0,0.9141949377954006,0.0,0.0,inf,0.9393627211575365,1876.0,0.0
socofing:000057:left_middle,random_rectangles,0.4000000059604645,0.054002581953574255,0.18595851518622092,12.675854753366034,0.16046360995521827,9830.0,0.8793051205575466,0.0,0.0,inf,0.9634546271123812,6554.0,0.0,0.05589039821194119,0.19283654507913817,12.526627960804165,0.12193622861253453,9240.0,0.8793051205575466,0.0,0.0,inf,0.9312056960036881,3294.0,0.0
socofing:000057:left_ring,random_rectangles,0.5,0.05840913919386748,0.1909526207602994,12.335191941388041,0.1097932368559818,8192.0,0.8393935523927212,0.0,0.0,inf,0.9781433122735816,8192.0,0.0,0.059282501407650075,0.1935723760379484,12.27073479714625,0.0992812806804796,8065.0,0.8393935523927212,0.0,0.0,inf,0.9625575647703175,4384.0,0.0
socofing:000057:left_little,random_rectangles,0.6000000238418579,0.053546209508157847,0.17967331640231646,12.712712670908664,0.18665723873255574,6554.0,0.7914453744888306,0.0,0.0,inf,0.9806946912865157,9830.0,0.0,0.05621509429103903,0.18765183082499576,12.501470565459163,0.15418028016548502,6212.0,0.7914453744888306,0.0,0.0,inf,0.9685521592934455,5065.0,0.0
socofing:000057:right_thumb,random_rectangles,0.699999988079071,0.06768433290861264,0.20045240846853835,11.69511847101597,0.22156360133131855,4915.0,0.867879755795002,0.0,0.0,inf,0.9913818345969999,11469.0,0.0,0.07501658687840233,0.22037351712212974,11.24842699364134,0.14171921356637068,4432.0,0.867879755795002,0.0,0.0,inf,0.9873796352464166,7587.0,0.0
socofing:000057:right_index,random_rectangles,0.800000011920929,0.07480383521479284,0.21105551335498518,11.260761351579653,0.19620734403760973,3277.0,0.8015465121716261,0.0,0.0,inf,0.993355905981653,13107.0,0.0,0.07925177590656964,0.22260917504941552,11.009909971508156,0.15478636520117184,3092.0,0.8015465121716261,0.0,0.0,inf,0.9913978975473821,8512.0,0.0
socofing:000057:right_middle,irregular,0.10000000149011612,0.06165818273763793,0.1890136036919497,12.100092794578146,0.24036656866191747,14746.0,0.9302859893068671,0.0,0.0,inf,0.7870229700450005,1638.0,0.0,0.07785287426058504,0.22512145438591902,11.087253490243294,0.06270994467127414,10544.0,0.8773918738588691,0.0,0.0,inf,0.8172374946940313,735.0,0.0
socofing:000057:right_ring,irregular,0.20000000298023224,0.051193215265616224,0.17058282667815605,12.90787593085749,0.274090906504085,13107.0,0.828807707875967,0.0,0.0,inf,0.8742552135481898,3277.0,0.0,0.06517460784243573,0.20472835925531255,11.85921573314656,0.10656860552304143,9777.0,0.828807707875967,0.0,0.0,inf,0.8937370643301519,2034.0,0.0
socofing:000057:right_little,irregular,0.30000001192092896,0.04613698627160907,0.16097184051176094,13.359507775729869,0.35565441962150685,11469.0,0.8967114086262882,0.0,0.0,inf,0.903783263033085,4915.0,0.0,0.06333423057526288,0.20074008076062747,11.983615011701163,0.15911243526360302,7827.0,0.8967114086262882,0.0,0.0,inf,0.9142126711940485,3150.0,0.0
socofing:000061:left_thumb,irregular,0.4000000059604645,0.053585349403897524,0.1728759069100879,12.709539331199819,0.44374461443113977,9830.0,0.8943420648574829,0.0,0.0,inf,0.8752092719369913,6554.0,0.0,0.0849042328883895,0.24023356213710167,10.710706575270166,0.2202252607920488,5602.0,0.8943420648574829,0.0,0.0,inf,0.9272334567655219,3798.0,0.0
socofing:000061:left_index,irregular,0.5,0.04229280252969863,0.1474857962077749,13.737335354050906,0.47866409784392605,8192.0,0.8236041963100433,0.0,0.0,inf,0.9387344303582288,8192.0,0.0,0.06996371269767873,0.2155689447823612,11.55127152290386,0.22426730489671404,4742.0,0.8236041963100433,0.0,0.0,inf,0.972443858988396,5483.0,0.0
socofing:000061:left_middle,irregular,0.6000000238418579,0.04053970948814974,0.14382086545071227,13.921193678320964,0.4704060583170717,6554.0,0.832175076007843,0.0,0.0,inf,0.9396417566444965,9830.0,0.0,0.06586191092992962,0.20808747891495571,11.813656727391415,0.24869755911986907,3763.0,0.832175076007843,0.0,0.0,inf,0.9705577877901571,5475.0,0.0
socofing:000061:left_ring,irregular,0.699999988079071,0.032561452956631334,0.1297622040309209,14.872962242690544,0.5147941537451374,4915.0,0.849459134042263,0.0,0.0,inf,0.9448778235417115,11469.0,0.0,0.0632861979487842,0.2080568561339994,11.98690994694578,0.22630790536392617,2144.0,0.849459134042263,0.0,0.0,inf,0.9621220855286873,5472.0,0.0
socofing:000061:left_little,irregular,0.800000011920929,0.03927262123737042,0.1289492486127751,14.059101109288637,0.5598009243923973,3277.0,0.8689807280898094,0.0,0.0,inf,0.9714455632907303,13107.0,0.0,0.0967044849634875,0.25314639225288155,10.145533837274844,0.17077549006083514,1222.0,0.8689807280898094,0.0,0.0,inf,0.9862085645785743,7326.0,0.0
socofing:000061:right_thumb,central_missing,0.10000000149011612,0.07564423502467742,0.21340924902249037,11.212241646979521,0.21910675718557907,14746.0,0.8771607838571072,0.0,0.0,inf,0.8668083703276284,1638.0,0.0,0.09566914311163682,0.2545610276821705,10.19228115904153,0.06047373784068662,11148.0,0.8771607838571072,0.0,0.0,inf,0.885993772476142,94.0,0.0
socofing:000061:right_index,central_missing,0.20000000298023224,0.08180131223602478,0.22094169187074508,10.872397294302242,0.20108652055432616,13107.0,0.943471372127533,0.0,0.0,inf,0.9297386950507153,3277.0,0.0,0.0997798055202179,0.2585158226454576,10.00957346874874,0.06829069500428929,10509.0,0.943471372127533,0.0,0.0,inf,0.8440176706764053,650.0,0.0
socofing:000061:right_middle,central_missing,0.30000001192092896,0.08313681781439113,0.22248048631669914,10.802066027802388,0.23597675623195882,11469.0,0.8694449658505619,0.0,0.0,inf,0.9585153898940837,4915.0,0.0,0.1055515495169398,0.27046217076678625,9.765353867834488,0.07496101796488683,8917.0,0.8694449658505619,0.0,0.0,inf,0.9408832096484837,1092.0,0.0
socofing:000061:right_ring,central_missing,0.4000000059604645,0.06396503025873705,0.19649557804396056,11.940573903337148,0.22399363825526009,9830.0,0.8743630424141884,0.0,0.0,inf,0.9824759804271829,6554.0,0.0,0.07658434904241772,0.22822056895729131,11.15859974740834,0.12362896242699835,8123.0,0.8743630424141884,0.0,0.0,inf,0.9754379437577626,1385.0,0.0
socofing:000061:right_little,central_missing,0.5,0.08679077158115608,0.2295450443857021,10.615264506812208,0.2265383322264295,8192.0,0.8761398792266846,0.0,0.0,inf,0.977170311025447,8192.0,0.0,0.10188705536162812,0.2652726282661815,9.918809891252794,0.06293432448826251,4685.0,0.8761398792266846,0.0,0.0,inf,0.9714465618171148,2257.0,0.0
socofing:000064:left_thumb,central_missing,0.6000000238418579,0.09523243559972554,0.25316250150581904,10.212151083088104,0.05208884549248719,6554.0,0.8881906792521477,0.0,0.0,inf,0.9891095831780142,9830.0,0.0,0.09523243559972554,0.25316250150581904,10.212151083088104,0.05208884549248719,6554.0,0.8881906792521477,0.0,0.0,inf,0.9811758752663756,5687.0,0.0
socofing:000064:left_index,central_missing,0.699999988079071,0.096328191664828,0.25576147478659345,10.162465924944655,0.0799228417322928,4915.0,0.9069404564797878,0.0,0.0,inf,0.9887984122230922,11469.0,0.0,0.096328191664828,0.25576147478659345,10.162465924944655,0.0799228417322928,4915.0,0.9069404564797878,0.0,0.0,inf,0.974383077820861,4914.0,0.0
socofing:000064:left_middle,central_missing,0.800000011920929,0.08068888974401409,0.23229896636247216,10.931862602598827,0.10588924728859228,3277.0,0.8426816314458847,0.0,0.0,inf,0.9958639640771163,13107.0,0.0,0.08068888974401409,0.23229896636247216,10.931862602598827,0.10588924728859228,3277.0,0.8426816314458847,0.0,0.0,inf,0.9935037719782822,8345.0,0.0
socofing:000064:left_ring,peripheral_only,0.10000000149011612,0.05739756959179535,0.18616286796906975,12.411064967173356,0.3475275375432745,14746.0,0.8218403458595276,0.0,0.0,inf,0.7967740551326016,1638.0,0.0,0.08223094016613873,0.23755578558051127,10.849647443190714,0.08352201942111462,8568.0,0.8218403458595276,0.0,0.0,inf,0.908260974556897,1010.0,0.0
socofing:000064:left_little,peripheral_only,0.20000000298023224,0.05981200218137583,0.19737796454337322,12.232116595211908,0.3908374479191309,13107.0,0.8798337206244469,0.0,0.0,inf,0.7620348480785628,3277.0,0.0,0.10649435843025591,0.27553048318276857,9.726733984929002,0.07821284608606988,5762.0,0.8798337206244469,0.0,0.0,inf,0.9388532862550242,986.0,0.0
socofing:000064:right_thumb,peripheral_only,0.30000001192092896,0.06302494202695688,0.18895664724437455,12.004875451340125,0.26995043224539905,11469.0,0.95641422085464,0.0,0.0,inf,0.9669817448824312,4915.0,0.0,0.07740742332458833,0.22529301332040275,11.11217388744553,0.10206902732175378,8423.0,0.95641422085464,0.0,0.0,inf,0.9656093242390961,4258.0,0.0
socofing:000064:right_index,peripheral_only,0.4000000059604645,0.06015945345997447,0.18101768444802913,12.206961179017101,0.3355271019559819,9830.0,0.845626950263977,0.0,0.0,inf,0.9697460041107319,6554.0,0.0,0.08389384696376556,0.24016173177687117,10.762698905142793,0.10893093138557629,6472.0,0.845626950263977,0.0,0.0,inf,0.97494212773354,5475.0,0.0
socofing:000064:right_middle,peripheral_only,0.5,0.05290231618376846,0.1656134909661091,12.765253131480094,0.42648650750749006,8192.0,0.881780132651329,0.0,0.0,inf,0.9766424109344715,8192.0,0.0,0.07729205264465776,0.22658559576157325,11.118651589925442,0.18485508088331637,5242.0,0.881780132651329,0.0,0.0,inf,0.9764507442909107,5329.0,0.0
socofing:000064:right_ring,peripheral_only,0.6000000238418579,0.04770633981285898,0.1562748349388663,13.2142390266254,0.43334272340821395,6554.0,0.7745721191167831,0.0,0.0,inf,0.9821626657304493,9830.0,0.0,0.07255595570747025,0.22076536557079546,11.393269329887481,0.1608425242718577,4087.0,0.7745721191167831,0.0,0.0,inf,0.9828683279167086,6822.0,0.0
socofing:000064:right_little,peripheral_only,0.699999988079071,0.042941257224495,0.14048168998399213,13.671252445372247,0.4915409013872206,4915.0,0.8542112410068512,0.0,0.0,inf,0.9883464159786988,11469.0,0.0,0.06786582680108784,0.20413969065817603,11.683488555821029,0.23900494870917655,3009.0,0.8542112410068512,0.0,0.0,inf,0.9895095871129033,8052.0,0.0
socofing:000066:left_thumb,peripheral_only,0.800000011920929,0.05267196129071614,0.14992387105460994,12.784205099721785,0.5626584355201567,3277.0,0.7629862725734711,0.0,0.0,inf,0.9904575878258725,13107.0,0.0,0.09971637154390385,0.25748779084696843,10.0123353288718,0.23228710235729394,1653.0,0.7629862725734711,0.0,0.0,inf,0.9920582399336765,9893.0,0.0
socofing:000066:left_index,central_only,0.10000000149011612,0.06013829534372184,0.18945854014312075,12.208488864002419,0.30902352152436025,14746.0,0.8025768250226974,0.0,0.0,inf,0.9818073696030637,1638.0,0.0,0.07900952313211315,0.23006961576202103,11.02320559412501,0.10397410011076055,9859.0,0.8025768250226974,0.0,0.0,inf,0.9818073696030637,1638.0,0.0
socofing:000066:left_middle,central_only,0.20000000298023224,0.06382103205509566,0.19316286135780678,11.950361770743639,0.30338745213774043,13107.0,0.8829951286315918,0.0,0.0,inf,0.9784021947315439,3277.0,0.0,0.08250816073600759,0.23492042621813197,10.835030940278063,0.1034179662470468,8529.0,0.8220085203647614,0.0,0.0,inf,0.9784021947315439,3277.0,0.0
socofing:000066:left_ring,central_only,0.30000001192092896,0.04064781008557594,0.15588577633524017,13.90962847200769,0.433324679246659,11469.0,0.6940830941312015,0.0,0.0,inf,0.9853942554164195,4915.0,0.0,0.055708525321458535,0.18717409090115686,12.540783377392605,0.22029147976010255,6519.0,0.6940830941312015,0.0,0.0,inf,0.9853942554164195,4915.0,0.0
socofing:000066:left_little,central_only,0.4000000059604645,0.03163753674302611,0.1391300535621548,14.997973374548915,0.5743571356413727,9830.0,0.8281141854822636,0.0,0.0,inf,0.9448848648798753,6554.0,0.0,0.06896286138241563,0.21572552067762438,11.613847272179594,0.09846770620897921,2978.0,0.8281141854822636,0.0,0.0,inf,0.9887473574353551,5176.0,0.0
socofing:000066:right_thumb,central_only,0.5,0.055369780340936474,0.16471635896800763,12.567271993869003,0.47323949959720113,8192.0,0.939276575576514,0.0,0.0,inf,0.9894635424314322,8192.0,0.0,0.0916857021477425,0.24230717800073823,10.37698384749601,0.21956678029604249,3981.0,0.939276575576514,0.0,0.0,inf,0.9894635424314322,8192.0,0.0
socofing:000066:right_index,central_only,0.6000000238418579,0.02659882739099448,0.1118871272683114,15.75137508814259,0.6824536562081851,6554.0,0.6530907712876797,0.0,0.0,inf,0.9775608349153851,9830.0,0.0,0.07496063590137804,0.23133619229403304,11.251667379248655,0.28778153896134606,1535.0,0.6192435920238495,0.0,0.0,inf,0.9934016968749405,9100.0,0.0
socofing:000066:right_middle,central_only,0.699999988079071,0.028402219330160607,0.10937138922864975,15.466477231506989,0.6868568753088903,4915.0,0.7542582377791405,0.0,0.0,inf,0.9905926348552145,11469.0,0.0,0.08123212787756083,0.2414020961166153,10.902721702621594,0.1919875172956974,1192.0,0.7542582377791405,0.0,0.0,inf,0.9953160154813427,10467.0,0.0
socofing:000066:right_ring,central_only,0.800000011920929,0.004423225728292412,0.051369939312034166,23.542608969292118,0.8683556793498656,3277.0,0.4721513092517853,0.0,0.0,inf,0.9928879357291994,13107.0,0.0,0.010305529644923128,0.07848790871728327,19.86929683073853,0.7654861003039386,291.0,0.4186091721057892,0.0,0.0,inf,0.9977587928160075,11572.0,0.0
socofing:000066:right_little,disconnected_fragments,0.10000000149011612,0.05853934910404302,0.1882128246103233,12.325521107729811,0.3164805778362638,14746.0,0.8013284765183926,0.0,0.0,inf,0.8722247109497312,1638.0,0.0,0.07901364499947497,0.2289749672898172,11.022979031871898,0.09666055625223553,8983.0,0.8013284765183926,0.0,0.0,inf,0.9208749841790448,981.0,0.0
socofing:000068:left_thumb,disconnected_fragments,0.20000000298023224,0.06343290183436005,0.18612203410103778,11.976854206879297,0.2664334097656598,13107.0,0.9130759825929999,0.0,0.0,inf,0.9636142871486955,3277.0,0.0,0.07486606039681505,0.2147863413134866,11.257150197227704,0.11349234935057931,9562.0,0.8775421371683478,0.0,0.0,inf,0.96299795271069,3056.0,0.0
socofing:000068:left_index,disconnected_fragments,0.30000001192092896,0.05199741796137435,0.1672420209224243,12.840182216145964,0.36167632613063644,11469.0,0.8983136992901564,0.0,0.0,inf,0.9603625672211177,4915.0,0.0,0.07167455112723276,0.21415960956033545,11.446350182081444,0.1529198596343013,7730.0,0.8983136992901564,0.0,0.0,inf,0.9680705680544396,4552.0,0.0
socofing:000068:left_middle,disconnected_fragments,0.4000000059604645,0.08089403723977115,0.2076756697960031,10.92083489380341,0.25213348379678,9830.0,0.9415388097986579,0.0,0.0,inf,0.9854371862552944,6554.0,0.0,0.08976373603703756,0.23763126941423088,10.468990800350682,0.11738445559144974,7141.0,0.9415388097986579,0.0,0.0,inf,0.9852916439559927,5521.0,0.0
socofing:000068:left_ring,disconnected_fragments,0.5,0.026574039786614663,0.11820110630554836,15.755424191060287,0.5636766321957538,8192.0,0.7716729566454887,0.0,0.0,inf,0.9746896720049791,8192.0,0.0,0.04637197813876885,0.16599968494485143,13.337443775476325,0.26777389841572896,3342.0,0.7716729566454887,0.0,0.0,inf,0.9836529929123725,7549.0,0.0
socofing:000068:left_little,disconnected_fragments,0.6000000238418579,0.12040759639125052,0.2368686611018535,9.19346113022274,0.3431017952563048,6554.0,0.9182546436786652,0.0,0.0,inf,0.9821646334867247,9830.0,0.0,0.1498935161089026,0.2765141853797186,8.242171528690491,0.17005314767439192,3315.0,0.9182546436786652,0.0,0.0,inf,0.9810011233817526,6939.0,0.0
socofing:000068:right_thumb,disconnected_fragments,0.699999988079071,0.06769524854602917,0.18519548194355967,11.69441812890296,0.3050727179684774,4915.0,0.8987595429643989,0.0,0.0,inf,0.994360101561972,11469.0,0.0,0.08343549429333395,0.22683308443226494,10.786491568391611,0.14748308727710618,3250.0,0.8635702691972256,0.0,0.0,inf,0.9940616717502099,9499.0,0.0
socofing:000068:right_index,disconnected_fragments,0.800000011920929,0.018181825297462532,0.0912082000463055,17.40362519528598,0.6843901748306175,3277.0,0.6177564859390259,0.0,0.0,inf,0.9965074343980344,13107.0,0.0,0.03637376858942292,0.1594077789632632,14.392117005179552,0.34089640521373477,1178.0,0.6177564859390259,0.0,0.0,inf,0.9967258026971951,11043.0,0.0
socofing:000068:right_middle,stripes,0.10000000149011612,0.05525730395224947,0.1760074729799025,12.576103084753269,0.2531622546734716,14746.0,0.9287771247327328,0.0,0.0,inf,0.9506582748853188,1638.0,0.0,0.06894854625645362,0.20823014177363788,11.61474886260519,0.08233338352006352,11255.0,0.9287771247327328,0.0,0.0,inf,0.9500847438148258,1181.0,0.0
socofing:000068:right_ring,stripes,0.20000000298023224,0.05117791986170002,0.16892173645016456,12.909173700890118,0.27373596974131204,13107.0,0.869637843221426,0.0,0.0,inf,0.9606746555534157,3277.0,0.0,0.06631567465259346,0.2031307860623308,11.78383807786041,0.07794242489728706,9725.0,0.869637843221426,0.0,0.0,inf,0.9676173403217538,2593.0,0.0
socofing:000068:right_little,stripes,0.30000001192092896,0.04419466625022951,0.1569638090935837,13.546301414624253,0.3725547514315251,11469.0,0.8173861429095268,0.0,0.0,inf,0.9741983548951315,4915.0,0.0,0.06579418238360286,0.20671960518695157,11.818125056321964,0.10949708524036054,7214.0,0.8173861429095268,0.0,0.0,inf,0.9785486774693557,3458.0,0.0
socofing:000077:left_thumb,stripes,0.4000000059604645,0.07885509771330765,0.21583607235756663,11.031702257694796,0.17132808756479107,9830.0,0.8679241500794888,0.0,0.0,inf,0.9759641305541883,6554.0,0.0,0.09055075842135432,0.24297275737188054,10.431079078366178,0.06362918672914858,8258.0,0.8679241500794888,0.0,0.0,inf,0.9682184316077166,4375.0,0.0
socofing:000077:left_index,stripes,0.5,0.06230911478278277,0.18159106123823676,12.054484186647311,0.30415709085221576,8192.0,0.8623657822608948,0.0,0.0,inf,0.9793138138357105,8192.0,0.0,0.08300426839843658,0.23315936089498113,10.808995739585827,0.09109104868840234,5846.0,0.8623657822608948,0.0,0.0,inf,0.9827245916331689,5913.0,0.0
socofing:000077:left_middle,stripes,0.6000000238418579,0.06776758567988724,0.19496476792451592,11.6897798646533,0.22358278946603063,6554.0,0.819451704621315,0.0,0.0,inf,0.9921750429352763,9830.0,0.0,0.08163922445807946,0.23011388350610568,10.881011295705722,0.06694643148403784,5323.0,0.819451704621315,0.0,0.0,inf,0.9896660882188232,6442.0,0.0
socofing:000077:left_ring,stripes,0.699999988079071,0.05563931081961282,0.17691325054040685,12.546182580669946,0.23963552797184395,4915.0,0.7586759887635708,0.0,0.0,inf,0.9907046396496227,11469.0,0.0,0.06850774841847299,0.21377506837652133,11.64260305805702,0.06518135648755784,3713.0,0.7586759887635708,0.0,0.0,inf,0.9876439095324697,6708.0,0.0
socofing:000077:left_little,stripes,0.800000011920929,0.07105405177281665,0.20584510425520622,11.484111519039441,0.2450249835820715,3277.0,0.8172300532460213,0.0,0.0,inf,0.9932732323450016,13107.0,0.0,0.07841337072717991,0.22388487494913495,11.056098768828267,0.17152252747660543,2867.0,0.8172300532460213,0.0,0.0,inf,0.990987647450552,8845.0,0.0
socofing:000077:right_thumb,severe_partial,0.10000000149011612,0.06687290357866349,0.19638522897426242,11.747498196023303,0.24918984211546194,14746.0,0.8765069805085659,0.0,0.0,inf,0.9535285300165496,1638.0,0.0,0.08404379608776895,0.23284685621626552,10.754943396223688,0.08168556216881223,10920.0,0.8765069805085659,0.0,0.0,inf,0.9535285300165496,1638.0,0.0
socofing:000077:right_index,severe_partial,0.20000000298023224,0.05708441287802874,0.18165813046152615,12.434824613720586,0.31216574532895675,13107.0,0.8399423947557807,0.0,0.0,inf,0.958984901432652,3277.0,0.0,0.07648571800481081,0.22360035857098112,11.164196520458953,0.12788547865241245,9206.0,0.8399423947557807,0.0,0.0,inf,0.9664063424272096,3091.0,0.0
socofing:000077:right_middle,severe_partial,0.30000001192092896,0.06357517436731383,0.18314922767488223,11.967124400133093,0.2941227238663055,11469.0,0.8966707582585514,0.0,0.0,inf,0.9569510676909069,4915.0,0.0,0.08232598426253562,0.22534971126075345,10.844630683022658,0.10180521767528536,8006.0,0.8966707582585514,0.0,0.0,inf,0.9561391286330565,4582.0,0.0
socofing:000077:right_ring,random_rectangles,0.10000000149011612,0.07424855745336383,0.21085015851771868,11.293119796690645,0.17375466876843587,14746.0,0.8773547969758511,0.0,0.0,inf,0.8488987810371572,1638.0,0.0,0.08734386565705188,0.23776648061591169,10.587675910227027,0.06009652655375161,11878.0,0.8773547969758511,0.0,0.0,inf,0.645338927365146,80.0,0.0
socofing:000077:right_little,random_rectangles,0.20000000298023224,0.08336929948742221,0.22402292391853174,10.789938476576397,0.23806633172178385,13107.0,0.8647533878684044,0.0,0.0,inf,0.9204543664654411,3277.0,0.0,0.11311445209100707,0.27938953070186984,9.464819038066185,0.059178042206313855,8413.0,0.8647533878684044,0.0,0.0,inf,0.9158301983325237,364.0,0.0
socofing:000081:left_thumb,random_rectangles,0.30000001192092896,0.09400608535471934,0.23330739516709986,10.268440320339927,0.14668727648479518,11469.0,0.8787129670381546,0.0,0.0,inf,0.9568069846872459,4915.0,0.0,0.10759702359948345,0.261147792030013,9.681997421659013,0.05931475572984098,9900.0,0.8787129670381546,0.0,0.0,inf,0.9252600708835299,1191.0,0.0
socofing:000081:left_index,random_rectangles,0.4000000059604645,0.09583701954215204,0.23993874921933356,10.184667009702489,0.13122458235183376,9830.0,0.9430161714553833,0.0,0.0,inf,0.971263576002513,6554.0,0.0,0.10449809829685482,0.2594473729283645,9.808916129662972,0.06543462061955316,8883.0,0.9430161714553833,0.0,0.0,inf,0.9492853924751672,2545.0,0.0
socofing:000081:left_middle,random_rectangles,0.5,0.09567280591137994,0.240867470124158,10.192114887742939,0.13003249859676067,8192.0,0.9274229966104031,0.0,0.0,inf,0.9761217859923907,8192.0,0.0,0.10198137355985032,0.25505674575276993,9.91479142932908,0.07653203093307258,7670.0,0.9274229966104031,0.0,0.0,inf,0.9542641346649142,4163.0,0.0
socofing:000081:left_ring,random_rectangles,0.6000000238418579,0.07362764072149885,0.2068918228236379,11.329591155636393,0.18610483018480653,6554.0,0.848456971347332,0.0,0.0,inf,0.9839892248561457,9830.0,0.0,0.08415444444920726,0.23148374134415098,10.749229426852448,0.0888255017184965,5712.0,0.848456971347332,0.0,0.0,inf,0.9809676845271182,6451.0,0.0
socofing:000081:left_little,random_rectangles,0.699999988079071,0.05706997713356674,0.18096134151471352,12.43592301461341,0.3090863193715181,4915.0,0.9009914975613356,0.0,0.0,inf,0.9755023590432066,11469.0,0.0,0.07040205706843194,0.21668228952043764,11.524146510792361,0.17806088097706416,3958.0,0.9009914975613356,0.0,0.0,inf,0.9567986900756948,6162.0,0.0
socofing:000081:right_thumb,random_rectangles,0.800000011920929,0.07615574173670087,0.22151644522185515,11.182973476061903,0.09445918591399562,3277.0,0.8181670885533094,0.0,0.0,inf,0.9900683538544163,13107.0,0.0,0.07615574173670087,0.22151644522185515,11.182973476061903,0.09445918591399562,3277.0,0.8181670885533094,0.0,0.0,inf,0.9857202626118731,9116.0,0.0
socofing:000081:right_index,irregular,0.10000000149011612,0.05324767715801359,0.1759148931815585,12.736993328556148,0.3023504956548107,14746.0,0.8515320401638746,0.0,0.0,inf,0.7795468721431601,1638.0,0.0,0.07088972232284536,0.21628390914259712,11.494167247890632,0.0949485858676829,10146.0,0.8515320401638746,0.0,0.0,inf,0.8618126742810605,1120.0,0.0
socofing:000081:right_middle,irregular,0.20000000298023224,0.05858055534625892,0.18107967113204454,12.322465155039836,0.2719805885124395,13107.0,0.8677127920091152,0.0,0.0,inf,0.8986692358005183,3277.0,0.0,0.07172230601918736,0.21321434334677178,11.443457554273664,0.12438325939585697,10240.0,0.8677127920091152,0.0,0.0,inf,0.8905104216608933,2053.0,0.0
socofing:000081:right_ring,irregular,0.30000001192092896,0.0527883806653284,0.17958031956027495,12.774616601982999,0.3077806037192234,11469.0,0.8614919185638428,0.0,0.0,inf,0.8245912170766687,4915.0,0.0,0.07156233172176306,0.21887170763618594,11.453155172187346,0.15419437277410425,7758.0,0.8614919185638428,0.0,0.0,inf,0.8582294665836973,2679.0,0.0
socofing:000081:right_little,irregular,0.4000000059604645,0.06311563533615482,0.1855742987212635,11.998630417213818,0.3043438675947613,9830.0,0.852586179971695,0.0,0.0,inf,0.9280009762373691,6554.0,0.0,0.0809919858781152,0.22682725336248263,10.91557952246074,0.14485129455804918,7492.0,0.852586179971695,0.0,0.0,inf,0.9292746967964507,3611.0,0.0
socofing:000089:left_thumb,irregular,0.5,0.06798512167363997,0.19647392286060494,11.675861208530879,0.31055224677819765,8192.0,0.8704993091523647,0.0,0.0,inf,0.9583195263297212,8192.0,0.0,0.08241935009292084,0.23205050395923346,10.839708143706524,0.18448581486661447,6521.0,0.8704993091523647,0.0,0.0,inf,0.9497786697729768,5708.0,0.0
socofing:000089:left_index,irregular,0.6000000238418579,0.047385896227665585,0.1524411767118957,13.243509009830577,0.43749552125578345,6554.0,0.8072093650698662,0.0,0.0,inf,0.9648570417616945,9830.0,0.0,0.07002934754144267,0.20564432667458193,11.54719919924622,0.21792220057129055,4262.0,0.8072093650698662,0.0,0.0,inf,0.9735727353414935,7603.0,0.0
socofing:000089:left_middle,irregular,0.699999988079071,0.061039717448668894,0.17965931548648878,12.143874853868581,0.35006046958315973,4915.0,0.8245296478271484,0.0,0.0,inf,0.9815073422018628,11469.0,0.0,0.08049468547655803,0.22805286727260507,10.94232792233327,0.1781386417568591,3546.0,0.8245296478271484,0.0,0.0,inf,0.9781918390277337,8761.0,0.0
socofing:000089:left_ring,irregular,0.800000011920929,0.0437046873337283,0.14125213737812417,13.594719823887203,0.4901687692655473,3277.0,0.7909063026309013,0.0,0.0,inf,0.9863759703736249,13107.0,0.0,0.06993918733807271,0.21278102314665945,11.55279418304171,0.26277892677256104,1842.0,0.7832981869578362,0.0,0.0,inf,0.9866998233410642,10333.0,0.0
socofing:000089:left_little,central_missing,0.10000000149011612,0.061313007556599824,0.19428775871991574,12.124473801180853,0.24208741202382864,14746.0,0.8283380828797817,0.0,0.0,inf,0.8205448907365016,1638.0,0.0,0.07938746362631245,0.23031289739437139,11.002480732375382,0.061299862857168146,10088.0,0.8283380828797817,0.0,0.0,inf,0.7703437218986816,120.0,0.0
socofing:000089:right_thumb,central_missing,0.20000000298023224,0.09571538455660773,0.23393365632793234,10.19018251449366,0.15780492088694462,13107.0,0.904916999861598,0.0,0.0,inf,0.9542969171844724,3277.0,0.0,0.11028921659224888,0.2633750782444913,9.57466948152929,0.05513038122123404,11259.0,0.904916999861598,0.0,0.0,inf,0.9521987276097852,606.0,0.0
socofing:000089:right_index,central_missing,0.30000001192092896,0.07214889373816645,0.207918249651574,11.417703235738571,0.15742570341462203,11469.0,0.8860284835100174,0.0,0.0,inf,0.9503019667308583,4915.0,0.0,0.0814813746022315,0.22832938709682804,10.889416530011772,0.0753390867846065,9973.0,0.8860284835100174,0.0,0.0,inf,0.8885090351870534,820.0,0.0
socofing:000089:right_middle,central_missing,0.4000000059604645,0.07025376053332627,0.20011735718374235,11.533304239472733,0.14353013846211157,9830.0,0.9465462528169155,0.0,0.0,inf,0.9860531738394805,6554.0,0.0,0.07684865242791482,0.21696863976948158,11.14363743626198,0.07555372828164844,8974.0,0.9465462528169155,0.0,0.0,inf,0.9700472878865644,2803.0,0.0
socofing:000089:right_ring,central_missing,0.5,0.06795758308974015,0.20907185613850743,11.677620752040262,0.05163213921111634,8192.0,0.9161721393465996,0.0,0.0,inf,0.982317373551221,8192.0,0.0,0.06795758308974015,0.20907185613850743,11.677620752040262,0.05163213921111634,8192.0,0.9161721393465996,0.0,0.0,inf,0.9590907269527664,3535.0,0.0
socofing:000089:right_little,central_missing,0.6000000238418579,0.09935688285621404,0.251034707894667,10.0280204216328,0.073623620436265,6554.0,0.9224791508167982,0.0,0.0,inf,0.9845914684694296,9830.0,0.0,0.10020880140319803,0.2530122654329499,9.990941324310981,0.06712211240835833,6498.0,0.9224791508167982,0.0,0.0,inf,0.9614935454716412,3174.0,0.0
socofing:000093:left_thumb,central_missing,0.699999988079071,0.10846326177906455,0.2721348087017217,9.64717339312802,0.09156621613932471,4915.0,0.8282777816057205,0.0,0.0,inf,0.992659243931063,11469.0,0.0,0.10846326177906455,0.2721348087017217,9.64717339312802,0.09156621613932471,4915.0,0.8282777816057205,0.0,0.0,inf,0.988841467017278,7545.0,0.0
socofing:000093:left_index,central_missing,0.800000011920929,0.09496659889213592,0.2553728751718559,10.224291154217289,0.10822010534048031,3277.0,0.8079209923744202,0.0,0.0,inf,0.995527524882496,13107.0,0.0,0.09496659889213592,0.2553728751718559,10.224291154217289,0.10822010534048031,3277.0,0.8079209923744202,0.0,0.0,inf,0.9928806495791687,8234.0,0.0
socofing:000093:left_middle,peripheral_only,0.10000000149011612,0.05092907778153646,0.17679664624982375,12.930341879121007,0.31928755125736413,14746.0,0.818369921296835,0.0,0.0,inf,0.8915016671118394,1638.0,0.0,0.06693638474197962,0.21285966080788954,11.743377477447282,0.12985773959929733,10506.0,0.818369921296835,0.0,0.0,inf,0.9046725295371132,1596.0,0.0
socofing:000093:left_ring,peripheral_only,0.20000000298023224,0.044324864917249136,0.16161526754668162,13.533525792641612,0.33181212207290667,13107.0,0.8180310428142548,0.0,0.0,inf,0.8984543373177153,3277.0,0.0,0.0607407265827859,0.19906798800234707,12.165200173402555,0.11372380519274608,8818.0,0.8180310428142548,0.0,0.0,inf,0.942597762910656,2648.0,0.0
socofing:000093:left_little,peripheral_only,0.30000001192092896,0.04597601246324696,0.1664979698174046,13.374686981451383,0.4061667804639204,11469.0,0.8199127465486526,0.0,0.0,inf,0.9235439017253273,4915.0,0.0,0.0710516508645484,0.21913913338699204,11.484258269126624,0.15911084918052343,6477.0,0.8199127465486526,0.0,0.0,inf,0.9532569483490044,3223.0,0.0
socofing:000093:right_thumb,peripheral_only,0.4000000059604645,0.05563176153218718,0.17361635276005583,12.546771882778211,0.3768352119977799,9830.0,0.848295621573925,0.0,0.0,inf,0.9715362155563998,6554.0,0.0,0.07595920784643959,0.22313324563567272,11.194195730255148,0.1820536710920391,6776.0,0.848295621573925,0.0,0.0,inf,0.9733084159808423,5393.0,0.0
socofing:000093:right_index,peripheral_only,0.5,0.044366475551247245,0.14908386524331263,13.529450700312571,0.4415766913089138,8192.0,0.8698175624012947,0.0,0.0,inf,0.9768162976294792,8192.0,0.0,0.06758886314616265,0.20714380670183738,11.701248583871113,0.18890626261782117,5199.0,0.8698175624012947,0.0,0.0,inf,0.9799089880441411,6613.0,0.0
socofing:000093:right_middle,peripheral_only,0.6000000238418579,0.04535099743423367,0.15453396878382297,13.434131567754385,0.381127693161557,6554.0,0.8627805635333061,0.0,0.0,inf,0.9831550009999207,9830.0,0.0,0.06170856361369537,0.1986173050272612,12.096545625129538,0.18596397987588353,4641.0,0.8627805635333061,0.0,0.0,inf,0.9831988577778928,7839.0,0.0
socofing:000093:right_ring,peripheral_only,0.699999988079071,0.04063348521952396,0.13694240750019207,13.911159257244671,0.43414060219783634,4915.0,0.8266822844743729,0.0,0.0,inf,0.9863596425223187,11469.0,0.0,0.06275241781484128,0.19643664530803942,12.023695364060512,0.17785914244261286,3087.0,0.8266822844743729,0.0,0.0,inf,0.9862819841173102,8921.0,0.0
socofing:000093:right_little,peripheral_only,0.800000011920929,0.046562713239912214,0.14580939443120355,13.31961720995844,0.4941451641581217,3277.0,0.8313784450292587,0.0,0.0,inf,0.9870650902044841,13107.0,0.0,0.08223625845302825,0.23547636387050694,10.849366572273048,0.1540662215762261,1783.0,0.8313784450292587,0.0,0.0,inf,0.9889471565933833,8866.0,0.0
socofing:000096:left_thumb,central_only,0.10000000149011612,0.06471655125493295,0.19700281166903033,11.889846343324265,0.2957850050902019,14746.0,0.8532422631978989,0.0,0.0,inf,0.9746288278683647,1638.0,0.0,0.08674360802359456,0.2421704117614259,10.617625177170078,0.08661497028910034,9976.0,0.8532422631978989,0.0,0.0,inf,0.9746288278683647,1638.0,0.0
socofing:000096:left_index,central_only,0.20000000298023224,0.05908081896003631,0.17951879652745398,12.285534932626005,0.387471849477657,13107.0,0.8544913306832314,0.0,0.0,inf,0.9775400023471957,3277.0,0.0,0.07500599781747813,0.21598829026631247,11.249040070765012,0.18619108039987234,6971.0,0.8544913306832314,0.0,0.0,inf,0.9775400023471957,3277.0,0.0
socofing:000096:left_middle,central_only,0.30000001192092896,0.02979346714349761,0.13197584651597022,15.258789538621333,0.45979139873621244,11469.0,0.8068259656429291,0.0,0.0,inf,0.9823076716320679,4915.0,0.0,0.04359223912127886,0.16505541960204656,13.605908228143742,0.16925856038394976,5821.0,0.8068259656429291,0.0,0.0,inf,0.9823076716320679,4915.0,0.0
socofing:000096:left_ring,central_only,0.4000000059604645,0.022929135149782297,0.11320037265760124,16.396123258527318,0.5477198571921333,9830.0,0.7516045719385147,0.0,0.0,inf,0.9590535142208085,6554.0,0.0,0.042726060061898365,0.16246850032332733,13.693071533393091,0.15381234349679646,4057.0,0.7516045719385147,0.0,0.0,inf,0.9873867460105449,5650.0,0.0
socofing:000096:left_little,central_only,0.5,0.024974091636399322,0.11840012815059708,16.025102990769,0.6465809721512885,8192.0,0.8109700083732605,0.0,0.0,inf,0.9499821279000843,8192.0,0.0,0.06894308877339353,0.21093785950820373,11.61509263324491,0.06014425662559633,1790.0,0.8109700083732605,0.0,0.0,inf,0.988336010783196,6223.0,0.0
socofing:000096:right_thumb,central_only,0.6000000238418579,0.023548959047706687,0.10521250128111415,16.280282855554066,0.6291713803856221,6554.0,0.8602452836930752,0.0,0.0,inf,0.9886708994566442,9830.0,0.0,0.03903028948944846,0.1470805462379796,14.08598227524701,0.28091561625975214,2262.0,0.7120757028460503,0.0,0.0,inf,0.9908815823747535,9703.0,0.0
socofing:000096:right_index,central_only,0.699999988079071,0.015129586069691588,0.08031767427519586,18.201729536759505,0.7459279731434627,4915.0,0.6965137124061584,0.0,0.0,inf,0.9829488785294347,11469.0,0.0,0.04902920211432755,0.1751974097646024,13.095451742668603,0.3121777566209778,806.0,0.6965137124061584,0.0,0.0,inf,0.9938044114583249,9476.0,0.0
socofing:000096:right_middle,central_only,0.800000011920929,0.03201783139810281,0.11149992760078146,14.946080866494372,0.6697240667487335,3277.0,0.6571853756904602,0.0,0.0,inf,0.9942935457732299,13107.0,0.0,0.07981313082859083,0.23722560452262664,10.979256527936894,0.2277878586118727,806.0,0.6369239389896393,0.0,0.0,inf,0.9965292044688202,11723.0,0.0
socofing:000096:right_ring,disconnected_fragments,0.10000000149011612,0.054513988576642,0.1791044802764749,12.634920411707085,0.3023533461572528,14746.0,0.8494995012879372,0.0,0.0,inf,0.9006507292702824,1638.0,0.0,0.07074741736677931,0.2160057730753312,11.502894094266926,0.1026859806125432,10270.0,0.8494995012879372,0.0,0.0,inf,0.9148532115358984,1595.0,0.0
socofing:000096:right_little,disconnected_fragments,0.20000000298023224,0.048736001092985516,0.17216719612842302,13.121501086042784,0.35832617420451907,13107.0,0.8305925689637661,0.0,0.0,inf,0.9028899562434505,3277.0,0.0,0.06817768361020121,0.21834846384386167,11.663577583490914,0.13595089711447422,8364.0,0.8305925689637661,0.0,0.0,inf,0.9495905799163202,1930.0,0.0
socofing:000097:left_thumb,disconnected_fragments,0.30000001192092896,0.044020511862724175,0.1579800063117865,13.563449118539076,0.36932015359545095,11469.0,0.8327830731868744,0.0,0.0,inf,0.952084971042947,4915.0,0.0,0.06404718231055517,0.20554203088774478,11.934999718349088,0.13154557506694176,7000.0,0.8327830731868744,0.0,0.0,inf,0.9734703366049656,3939.0,0.0
socofing:000097:left_index,disconnected_fragments,0.4000000059604645,0.05676805026647606,0.17595514467294923,12.458960216289412,0.3868014013191329,9830.0,0.8583139926195145,0.0,0.0,inf,0.9834448864258625,6554.0,0.0,0.08990524054758163,0.2429929073951193,10.46214992643149,0.12908689176359617,5256.0,0.8583139926195145,0.0,0.0,inf,0.9877393884653772,4951.0,0.0
socofing:000097:left_middle,disconnected_fragments,0.5,0.0499307631214803,0.15935432095011492,13.016317963139016,0.36103804565844533,8192.0,0.8656004648655653,0.0,0.0,inf,0.9801281429829936,8192.0,0.0,0.07337872619200676,0.22237836971571745,11.34429831590484,0.09576984471864182,4880.0,0.8212745152413845,0.0,0.0,inf,0.9854260223150616,4210.0,0.0
socofing:000097:left_ring,disconnected_fragments,0.6000000238418579,0.08077485707373883,0.18511083943314333,10.927238017676562,0.5161281375870229,6554.0,0.9092163890600204,0.0,0.0,inf,0.9837189343317843,9830.0,0.0,0.1338683721964741,0.2792370829441987,8.733220174841014,0.19108102450464648,2006.0,0.9092163890600204,0.0,0.0,inf,0.9882231949204454,7481.0,0.0
socofing:000097:left_little,disconnected_fragments,0.699999988079071,0.012434466743564349,0.08346565372158042,19.05372834864756,0.7900650187132924,4915.0,0.7571549862623215,0.0,0.0,inf,0.9770126886789504,11469.0,0.0,0.04908171508749486,0.18190299872750124,13.090802699054866,0.48830076144923945,608.0,0.7571549862623215,0.0,0.0,inf,0.9920397624094539,6613.0,0.0
socofing:000097:right_thumb,disconnected_fragments,0.800000011920929,0.05432903287018783,0.1578650677403015,12.649680259230092,0.4812538474354471,3277.0,0.839818648993969,0.0,0.0,inf,0.9980302895940285,13107.0,0.0,0.08472057625707191,0.22535078276812964,10.720110988824487,0.22886311926770572,1998.0,0.839818648993969,0.0,0.0,inf,0.997724679384299,9634.0,0.0
socofing:000097:right_index,stripes,0.10000000149011612,0.07898201659939401,0.2176716667540608,11.024717818832386,0.2661468728754148,14746.0,0.889687180519104,0.0,0.0,inf,0.9028497683438161,1638.0,0.0,0.10777126237265115,0.2687818794900867,9.674970300289843,0.063268908517282,9968.0,0.889687180519104,0.0,0.0,inf,0.9681840067253343,703.0,0.0
socofing:000097:right_middle,stripes,0.20000000298023224,0.06421644446753422,0.19194997404085604,11.923537440961667,0.27261637197926597,13107.0,0.8453443609178066,0.0,0.0,inf,0.9660551293679941,3277.0,0.0,0.08223581190486112,0.23393422058444288,10.84939015480648,0.10608058929511775,9893.0,0.8453443609178066,0.0,0.0,inf,0.9520616336607332,1133.0,0.0
socofing:000097:right_ring,stripes,0.30000001192092896,0.06243816195260745,0.1867038800134834,12.045498901321922,0.27496177330177535,11469.0,0.8547983765602112,0.0,0.0,inf,0.9595901884709976,4915.0,0.0,0.08027535951800388,0.2286843471700795,10.95417740743265,0.08978060049553803,8687.0,0.8547983765602112,0.0,0.0,inf,0.958475983640762,2634.0,0.0
socofing:000097:right_little,stripes,0.4000000059604645,0.04854228677473344,0.16341468635117512,13.138797683778996,0.38387643526854387,9830.0,0.9237747639417648,0.0,0.0,inf,0.9206532213712244,6554.0,0.0,0.07556283634891217,0.22524274336283606,11.216917486384755,0.13003869543986582,5955.0,0.9237747639417648,0.0,0.0,inf,0.930348584870128,2437.0,0.0
socofing:000103:left_thumb,stripes,0.5,0.03343587747108101,0.13262330265365563,14.757872749510545,0.3898495811912227,8192.0,0.737814798951149,0.0,0.0,inf,0.9758974990261851,8192.0,0.0,0.04621687965784643,0.1671246424620505,13.351993793485677,0.15343841878159675,5404.0,0.737814798951149,0.0,0.0,inf,0.9796187162736889,5867.0,0.0
socofing:000103:left_index,stripes,0.6000000238418579,0.07353126374839603,0.2024753166372306,11.33527969942328,0.26603708350243604,6554.0,0.9265962224453688,0.0,0.0,inf,0.9851108430343323,9830.0,0.0,0.08502307995914338,0.2323867309400876,10.704631667761797,0.15703084894576697,5371.0,0.9265962224453688,0.0,0.0,inf,0.979381244613815,6574.0,0.0
socofing:000103:left_middle,stripes,0.699999988079071,0.03866819396793903,0.13667256844174097,14.126461115595905,0.540127629113765,4915.0,0.7472013235092163,0.0,0.0,inf,0.9922491468900076,11469.0,0.0,0.07258714026628861,0.22068133459611713,11.391403132679418,0.23832092349984738,2207.0,0.7472013235092163,0.0,0.0,inf,0.9940119387543167,9404.0,0.0
socofing:000103:left_ring,stripes,0.800000011920929,0.04329339773054785,0.14715076294586377,13.635783287693764,0.4534671944632179,3277.0,0.8218761049211025,0.0,0.0,inf,0.9869513341725388,13107.0,0.0,0.06498343563373496,0.2046041809112525,11.871973315055072,0.2591005111455517,2026.0,0.8218761049211025,0.0,0.0,inf,0.984061815034664,10010.0,0.0
socofing:000103:left_little,severe_partial,0.10000000149011612,0.08428472069047775,0.22643033869469922,10.742511480472032,0.28192062258409534,14746.0,0.8485531359910965,0.0,0.0,inf,0.7113896661064144,1638.0,0.0,0.12076009866608248,0.28673025417089276,9.18076540811927,0.0690536361129356,8932.0,0.8485531359910965,0.0,0.0,inf,0.5939134301769523,152.0,0.0
socofing:000103:right_thumb,severe_partial,0.20000000298023224,0.06208165136577158,0.1858197489662841,12.070367394060588,0.27904922619188277,13107.0,0.8849304839968681,0.0,0.0,inf,0.9519225206769809,3277.0,0.0,0.07869072444979264,0.22613625778959298,11.040764564297339,0.09850953591389573,9218.0,0.8849304839968681,0.0,0.0,inf,0.9508648275882665,3112.0,0.0
socofing:000103:right_index,severe_partial,0.30000001192092896,0.09919792696623522,0.23514118484517874,10.03497403617314,0.28439889112195216,11469.0,0.940521314740181,0.0,0.0,inf,0.9783580166323489,4915.0,0.0,0.11373649867857186,0.26646526791870667,9.441001454172511,0.10633535423134448,6666.0,0.940521314740181,0.0,0.0,inf,0.9760876149057325,4306.0,0.0
socofing:000103:right_middle,random_rectangles,0.10000000149011612,0.07427965191338864,0.21333113641500984,11.291301401025418,0.1626499183152336,14746.0,0.8782477965578437,0.0,0.0,inf,0.8379595352702274,1638.0,0.0,0.08716121359483392,0.23982577326192211,10.596767314561816,0.045406513175694975,11485.0,0.8782477965578437,0.0,0.0,inf,0.7884998625802377,230.0,0.0
socofing:000103:right_ring,random_rectangles,0.20000000298023224,0.07850084022218765,0.21709588885511524,11.051256948228136,0.13129597364817092,13107.0,0.9528689379803836,0.0,0.0,inf,0.8952616234716381,3277.0,0.0,0.08450259431648305,0.23378443003878255,10.731299575587414,0.05730048412595267,11102.0,0.9344223733060062,0.0,0.0,inf,0.8136155982207002,433.0,0.0
socofing:000103:right_little,random_rectangles,0.30000001192092896,0.10432444601604904,0.26223770133798235,9.816139128018444,0.3078294516613986,11469.0,0.8726011216640472,0.0,0.0,inf,0.8531074920162177,4915.0,0.0,0.13720012958770791,0.3180565799799092,8.626454784310171,0.16858615298203075,6220.0,0.8726011216640472,0.0,0.0,inf,0.8057855152773428,1431.0,0.0
socofing:000107:left_thumb,random_rectangles,0.4000000059604645,0.07664083468037122,0.2101785006715953,11.155397740873223,0.15140243228297254,9830.0,0.9668794861063361,0.0,0.0,inf,0.9648881452931949,6554.0,0.0,0.08268113432544213,0.22522153990468818,10.825935737972783,0.08848757575191234,8957.0,0.9668794861063361,0.0,0.0,inf,0.9424818851202813,2450.0,0.0
socofing:000107:left_index,random_rectangles,0.5,0.06628547469172352,0.19825420492833246,11.785816292476367,0.20749076265868788,8192.0,0.8428153954446316,0.0,0.0,inf,0.9787415821761088,8192.0,0.0,0.07349219763026149,0.21769621801374275,11.337587657592053,0.13008853548298022,7383.0,0.8428153954446316,0.0,0.0,inf,0.958180127756408,3502.0,0.0
socofing:000107:left_middle,random_rectangles,0.6000000238418579,0.05698171158918763,0.17837624236346508,12.442645097722982,0.28401999179581205,6554.0,0.8885111790150404,0.0,0.0,inf,0.9807845477489672,9830.0,0.0,0.07052395801662902,0.21078139382767594,11.516633217762298,0.16852060507267277,5170.0,0.8885111790150404,0.0,0.0,inf,0.9815681549799714,5768.0,0.0
socofing:000107:left_ring,random_rectangles,0.699999988079071,0.06216553414969827,0.19060166534955403,12.064503303768355,0.2659450759504741,4915.0,0.7509593069553375,0.0,0.0,inf,0.9865369248987849,11469.0,0.0,0.07801975337825137,0.228697140694804,11.07795426834197,0.14588142449492816,3763.0,0.7509593069553375,0.0,0.0,inf,0.9835404311508645,6336.0,0.0
socofing:000107:left_little,random_rectangles,0.800000011920929,0.06049186447528854,0.1991516314533607,12.183030294974337,0.12661683729786916,3277.0,0.7965851277112961,0.0,0.0,inf,0.9950083159547718,13107.0,0.0,0.06049186447528854,0.1991516314533607,12.183030294974337,0.12661683729786916,3277.0,0.7965851277112961,0.0,0.0,inf,0.9883272073540041,5605.0,0.0
socofing:000107:right_thumb,irregular,0.10000000149011612,0.07345961766175355,0.2078436665376781,11.339513363749173,0.2388985555136891,14746.0,0.9051389088854194,0.0,0.0,inf,0.874921964982705,1638.0,0.0,0.09184366765434508,0.24957858586992593,10.369507816290378,0.07870382744635786,11023.0,0.8937646737322211,0.0,0.0,inf,0.9066554104002379,742.0,0.0
socofing:000107:right_index,irregular,0.20000000298023224,0.06128152637858909,0.19158791848679688,12.126704259873511,0.30210062389395276,13107.0,0.8708276730030775,0.0,0.0,inf,0.7679154914109134,3277.0,0.0,0.08699043776775997,0.24623827137348805,10.60528483621993,0.09344690050687543,8287.0,0.8708276730030775,0.0,0.0,inf,0.8062752756907346,865.0,0.0
socofing:000107:right_middle,irregular,0.30000001192092896,0.05239855149093937,0.17216721762996337,12.806807185160272,0.30396265212112383,11469.0,0.9299404616467655,0.0,0.0,inf,0.9150605626801466,4915.0,0.0,0.06447522299614918,0.20660304876651114,11.906071471220978,0.14162986990849608,8682.0,0.9299404616467655,0.0,0.0,inf,0.9115073046641984,3820.0,0.0
socofing:000107:right_ring,irregular,0.4000000059604645,0.03782748307798506,0.1459191547257642,14.221925543378903,0.4731917694545259,9830.0,0.8319671452045441,0.0,0.0,inf,0.8958172353947207,6554.0,0.0,0.0627142841232821,0.20617574180832574,12.026335307897861,0.172696087186529,4382.0,0.8319671452045441,0.0,0.0,inf,0.9582558139429957,4326.0,0.0
socofing:000107:right_little,irregular,0.5,0.039350086167589345,0.14663836040944034,14.050543122993869,0.48880829571481443,8192.0,0.8184890002012253,0.0,0.0,inf,0.88425741054173,8192.0,0.0,0.06954097434755685,0.21383395187911533,11.57759228654156,0.2159813591470317,3423.0,0.8184890002012253,0.0,0.0,inf,0.9309060909232142,3656.0,0.0
socofing:000112:left_thumb,irregular,0.6000000238418579,0.04956050380942555,0.1590130105734026,13.048642874343654,0.37517609156633913,6554.0,0.85551967471838,0.0,0.0,inf,0.9678781425681809,9830.0,0.0,0.06552742524836712,0.2016242175799761,11.83576896325789,0.1999429858699368,4527.0,0.85551967471838,0.0,0.0,inf,0.9670490600194391,6131.0,0.0
socofing:000112:left_index,irregular,0.699999988079071,0.041852004292419163,0.14633033794160488,13.782837388106392,0.34701655845386903,4915.0,0.8741561770439148,0.0,0.0,inf,0.9738841930521117,11469.0,0.0,0.053508066438642525,0.17994476515355715,12.71580742357834,0.19794814741673106,3813.0,0.8741561770439148,0.0,0.0,inf,0.9655782938328252,6631.0,0.0
socofing:000112:left_middle,irregular,0.800000011920929,0.023111662831831758,0.09914184216583852,16.361688068917516,0.5535893494833656,3277.0,0.7154342979192734,0.0,0.0,inf,0.9835490284759221,13107.0,0.0,0.04166611616388997,0.1536363310062011,13.80216979677148,0.2578178097758586,1657.0,0.7154342979192734,0.0,0.0,inf,0.9865216202763866,8540.0,0.0
socofing:000112:left_ring,central_missing,0.10000000149011612,0.04389346525893078,0.1642428514424236,13.576001315399651,0.2907286811455488,14746.0,0.7462694644927979,0.0,0.0,inf,0.890140375722313,1638.0,0.0,0.05580043751506645,0.19134466079009615,12.533623958718444,0.0701775192152413,8298.0,0.7462694644927979,0.0,0.0,inf,0.912826398832538,228.0,0.0
socofing:000112:left_little,central_missing,0.20000000298023224,0.05440254574181888,0.18043027967703446,12.643807772180732,0.25485301621759887,13107.0,0.8572403490543365,0.0,0.0,inf,0.9323845546779597,3277.0,0.0,0.0706397189199858,0.21452924595891698,11.509510375129057,0.08302386885999975,7735.0,0.8572403490543365,0.0,0.0,inf,0.9324390347893305,324.0,0.0
socofing:000112:right_thumb,central_missing,0.30000001192092896,0.08199610391097516,0.23540830590168357,10.862067828621758,0.08406388252985877,11469.0,0.9620709400624037,0.0,0.0,inf,0.9253680699288753,4915.0,0.0,0.08210132194082564,0.237207619012909,10.856498501036533,0.06132445264683299,11036.0,0.9620709400624037,0.0,0.0,inf,0.8668818836123737,1711.0,0.0
socofing:000112:right_index,central_missing,0.4000000059604645,0.05495875338469669,0.19188130600231065,12.599631268270983,0.09837968767549285,9830.0,0.8404516503214836,0.0,0.0,inf,0.9626174663646819,6554.0,0.0,0.05498802364619904,0.1924084293159584,12.597318892465537,0.08577701003724209,9644.0,0.8404516503214836,0.0,0.0,inf,0.9028665748761397,2082.0,0.0
socofing:000112:right_middle,central_missing,0.5,0.04828686469372072,0.1659024782206302,13.161709927860612,0.16682341319353278,8192.0,0.844331618398428,0.0,0.0,inf,0.9794527161520139,8192.0,0.0,0.05376855283804911,0.18187564438465056,12.69471652250935,0.09412055350081966,7338.0,0.844331618398428,0.0,0.0,inf,0.9448266333050103,2596.0,0.0
socofing:000112:right_ring,central_missing,0.6000000238418579,0.05906037266937305,0.18450866664204488,12.28703816975721,0.10734936295375906,6554.0,0.817075751721859,0.0,0.0,inf,0.9873094025518441,9830.0,0.0,0.0636898607784293,0.1971130177082799,11.959297004505924,0.0761384846969474,6066.0,0.817075751721859,0.0,0.0,inf,0.9788364034467109,4560.0,0.0
socofing:000112:right_little,central_missing,0.699999988079071,0.06038206324070002,0.19761526820193956,12.190920513205112,0.08143878631860574,4915.0,0.7532755136489868,0.0,0.0,inf,0.9882016985651109,11469.0,0.0,0.06038206324070002,0.19761526820193956,12.190920513205112,0.08143878631860574,4915.0,0.7532755136489868,0.0,0.0,inf,0.9772043936730551,5936.0,0.0
socofing:000115:left_thumb,central_missing,0.800000011920929,0.08331916983368223,0.23345994884401178,10.792550658780002,0.06229199073611868,3277.0,0.8739852160215378,0.0,0.0,inf,0.9943439280833929,13107.0,0.0,0.08331916983368223,0.23345994884401178,10.792550658780002,0.06229199073611868,3277.0,0.8739852160215378,0.0,0.0,inf,0.9913596579707497,8580.0,0.0
socofing:000115:left_index,peripheral_only,0.10000000149011612,0.041106087407946225,0.15615679264324012,13.860938586126068,0.3446598090338567,14746.0,0.8338261172175407,0.0,0.0,inf,0.7597831282248099,1638.0,0.0,0.05781613639905461,0.19524766283431905,12.37950933707117,0.09711337811912885,9489.0,0.8338261172175407,0.0,0.0,inf,0.8295650755086417,1311.0,0.0
socofing:000115:left_middle,peripheral_only,0.20000000298023224,0.04711538803664509,0.16614285159187167,13.268372277341879,0.35863739410862167,13107.0,0.7919854503124952,0.0,0.0,inf,0.8345272500294602,3277.0,0.0,0.06896815056350394,0.20977793059815603,11.613514198111744,0.09648844595023853,8108.0,0.7919854503124952,0.0,0.0,inf,0.8820967766336025,2435.0,0.0
socofing:000115:left_ring,peripheral_only,0.30000001192092896,0.04911834617258681,0.16011635380435651,13.087562644281922,0.3657170024678548,11469.0,0.8022793531417847,0.0,0.0,inf,0.8893747092660835,4915.0,0.0,0.07491347497330464,0.21887354664007372,11.254400570642444,0.10478072569639604,7156.0,0.8022793531417847,0.0,0.0,inf,0.9218929736807637,3495.0,0.0
socofing:000115:left_little,peripheral_only,0.4000000059604645,0.04129323021433275,0.14499194206379065,13.8412114257,0.4187064044432103,9830.0,0.8470603227615356,0.0,0.0,inf,0.9045885704317459,6554.0,0.0,0.06847111308241792,0.2090168750828737,11.644926120826913,0.10966951660046192,5533.0,0.8470603227615356,0.0,0.0,inf,0.9232404220291869,3232.0,0.0
socofing:000115:right_thumb,peripheral_only,0.5,0.049246190168768335,0.15900666536555264,13.076273621751245,0.35439804248094187,8192.0,0.8451040983200073,0.0,0.0,inf,0.9770640560070344,8192.0,0.0,0.06881935467240805,0.2089287702663187,11.622894041290124,0.11887484998713158,5567.0,0.8451040983200073,0.0,0.0,inf,0.9752847869298801,6352.0,0.0
socofing:000115:right_index,peripheral_only,0.6000000238418579,0.04346718204204406,0.14858084806770558,13.618385140134329,0.3843368347616037,6554.0,0.861529141664505,0.0,0.0,inf,0.9695841101201824,9830.0,0.0,0.06648170264522794,0.21002505412318395,11.772978664808928,0.09692077530657056,4069.0,0.861529141664505,0.0,0.0,inf,0.9712419961372711,7341.0,0.0
socofing:000115:right_middle,peripheral_only,0.699999988079071,0.051017288761218055,0.15790324854727983,12.922826250545153,0.37678130885823535,4915.0,0.8465715050697327,0.0,0.0,inf,0.9801662212272818,11469.0,0.0,0.07568888357953123,0.22005456353886288,11.209679006132703,0.12843746859336827,3177.0,0.8465715050697327,0.0,0.0,inf,0.9797809545320945,8616.0,0.0
socofing:000115:right_ring,peripheral_only,0.800000011920929,0.05202450041863062,0.16775798026175626,12.837920815435094,0.33402822157538453,3277.0,0.7461359649896622,0.0,0.0,inf,0.9876943572529799,13107.0,0.0,0.0704348049177963,0.21762963114285308,11.522126839190923,0.12281422726427159,2215.0,0.7461359649896622,0.0,0.0,inf,0.9832534818598851,6989.0,0.0
socofing:000115:right_little,central_only,0.10000000149011612,0.0570519567846336,0.19143644473252716,12.437294554316601,0.35847298467086136,14746.0,0.842828243970871,0.0,0.0,inf,0.9710936358525275,1638.0,0.0,0.07944713279850793,0.23431455559655665,10.999217716127463,0.1132495210078542,9296.0,0.842828243970871,0.0,0.0,inf,0.9710936358525275,1638.0,0.0
socofing:000118:left_thumb,central_only,0.20000000298023224,0.05115852448506539,0.16598228437630919,12.910819899407464,0.42434191650363523,13107.0,0.9242832213640213,0.0,0.0,inf,0.9653339103231564,3277.0,0.0,0.07880718344338553,0.21202815169099123,11.034341938348856,0.11107033099735604,6666.0,0.9242832213640213,0.0,0.0,inf,0.9653339103231564,3277.0,0.0
socofing:000118:left_index,central_only,0.30000001192092896,0.03599962663788495,0.146173526045646,14.437020033979115,0.5374430495920892,11469.0,0.8421119898557663,0.0,0.0,inf,0.9547570011066929,4915.0,0.0,0.05717221383267673,0.1782108974166033,12.428149906316204,0.13517112234202686,4141.0,0.8421119898557663,0.0,0.0,inf,0.9702590528270066,4775.0,0.0
socofing:000118:left_middle,central_only,0.4000000059604645,0.0509977582847988,0.15922905574964846,12.924489138224384,0.5474963474984036,9830.0,0.8242484778165817,0.0,0.0,inf,0.9851822856735494,6554.0,0.0,0.0764982680161889,0.2034026001857475,11.163483975199373,0.2995064082563934,3760.0,0.8242484778165817,0.0,0.0,inf,0.9851822856735494,6554.0,0.0
socofing:000118:left_ring,central_only,0.5,0.025833411255360247,0.11909582987254907,15.878182422370191,0.692543386702184,8192.0,0.8353703171014786,0.0,0.0,inf,0.9483816355982555,8192.0,0.0,0.0663446000956648,0.2043107666840546,11.781944193570572,0.27554933564522277,1655.0,0.8353703171014786,0.0,0.0,inf,0.9856036442257068,6613.0,0.0
socofing:000118:left_little,central_only,0.6000000238418579,0.04970455738348199,0.13500217252334498,13.036037892192361,0.6670176039463394,6554.0,0.8596605807542801,0.0,0.0,inf,0.9641638368909081,9830.0,0.0,0.15428305885429033,0.30304717496958256,8.116817592902443,0.22561824488183232,971.0,0.8596605807542801,0.0,0.0,inf,0.9881923309610303,7051.0,0.0
socofing:000118:right_thumb,central_only,0.699999988079071,0.030371928872072504,0.11057645446390656,15.175276258658512,0.5878518607355926,4915.0,0.7697288393974304,0.0,0.0,inf,0.9827444432593156,11469.0,0.0,0.06410586952425361,0.19675488538580807,11.93102204719974,0.1582663780980411,1460.0,0.7697288393974304,0.0,0.0,inf,0.9906316251750819,9897.0,0.0
socofing:000118:right_index,central_only,0.800000011920929,0.029202751677467668,0.09088342469188433,15.345762245092464,0.7501071274089912,3277.0,0.8171966150403023,0.0,0.0,inf,0.9914539848410056,13107.0,0.0,0.09761578806172273,0.2216432352568644,10.104799352680562,0.4197577682407028,661.0,0.8171966150403023,0.0,0.0,inf,0.9934534642229258,10432.0,0.0
socofing:000118:right_middle,disconnected_fragments,0.10000000149011612,0.03967387877762255,0.15161091748791272,14.014953379838806,0.3697385637631327,14746.0,0.8872780874371529,0.0,0.0,inf,0.8995107318034755,1638.0,0.0,0.04949342104557895,0.17421861519087456,13.054525261874703,0.17553070738534438,9172.0,0.8872780874371529,0.0,0.0,inf,0.9030324572889373,1555.0,0.0
socofing:000118:right_ring,disconnected_fragments,0.20000000298023224,0.03179092773036721,0.14260336395716597,14.976967982160785,0.503953138385959,13107.0,0.7543370053172112,0.0,0.0,inf,0.9004313497500838,3277.0,0.0,0.0496678165373166,0.17635128873021855,13.0392493174301,0.15233376708737484,5799.0,0.7543370053172112,0.0,0.0,inf,0.9449724652586846,2773.0,0.0
socofing:000118:right_little,disconnected_fragments,0.30000001192092896,0.043356426239841206,0.15155348699266732,13.629465227861182,0.43227752994764695,11469.0,0.7894793599843979,0.0,0.0,inf,0.920015968239678,4915.0,0.0,0.06317423560624119,0.19204453756600803,11.994600042398613,0.10671851275190282,5166.0,0.7894793599843979,0.0,0.0,inf,0.9567639758196765,2389.0,0.0
socofing:000132:left_thumb,disconnected_fragments,0.4000000059604645,0.0702818176143662,0.1921529269963882,11.531570153941304,0.3075879137500814,9830.0,0.9269928932189941,0.0,0.0,inf,0.978621595723669,6554.0,0.0,0.09090852506652186,0.23831355928370324,10.413953883319966,0.11509835347561131,6719.0,0.9269928932189941,0.0,0.0,inf,0.9798864589237742,5647.0,0.0
socofing:000132:left_index,disconnected_fragments,0.5,0.041910414642308054,0.14521238126457092,13.776780424356488,0.49365675390097374,8192.0,0.8329144567251205,0.0,0.0,inf,0.9786084816665226,8192.0,0.0,0.07932099607176052,0.2291169917496453,11.006118407885573,0.15321834751467656,3911.0,0.8329144567251205,0.0,0.0,inf,0.9855113162208547,6463.0,0.0
socofing:000132:left_middle,disconnected_fragments,0.6000000238418579,0.053820835005707904,0.16598896077527986,12.690495686391873,0.4223049879460711,6554.0,0.8594536110758781,0.0,0.0,inf,0.9854704557774571,9830.0,0.0,0.07993962643696419,0.2306388322025987,10.97237885557327,0.20274229828442353,4078.0,0.8594536110758781,0.0,0.0,inf,0.9860224002302699,7902.0,0.0
socofing:000132:left_ring,disconnected_fragments,0.699999988079071,0.07281072005495022,0.19018705142557712,11.37804674011646,0.37170528251024937,4915.0,0.854122094810009,0.0,0.0,inf,0.992045196502468,11469.0,0.0,0.1155892208076792,0.28328665549232873,9.37082663856798,0.0982562052246561,2844.0,0.854122094810009,0.0,0.0,inf,0.9942922057338828,8688.0,0.0
socofing:000132:left_little,disconnected_fragments,0.800000011920929,0.005882339358379462,0.055396945621314704,22.30449924198176,0.74100939999032,3277.0,0.49011093378067017,0.0,0.0,inf,0.9904698460318238,13107.0,0.0,0.011988491869928865,0.08195963863707155,19.21235446906433,0.45948682010531156,589.0,0.48568078875541687,0.0,0.0,inf,0.9952533259920695,10627.0,0.0
socofing:000132:right_thumb,stripes,0.10000000149011612,0.07809691448939637,0.21501604437598928,11.073661242110468,0.20069808979735496,14746.0,0.9029033184051514,0.0,0.0,inf,0.8176770402229678,1638.0,0.0,0.09685448682788307,0.25072838689829924,10.13880255590661,0.05666051271341277,11337.0,0.9029033184051514,0.0,0.0,inf,0.8679477188563457,612.0,0.0
socofing:000132:right_index,stripes,0.20000000298023224,0.06341336875958205,0.19002856585940603,11.978191748238302,0.27148218315160255,13107.0,0.8603018671274185,0.0,0.0,inf,0.9458736929825888,3277.0,0.0,0.08554876719493563,0.23391781541476167,10.677862445015414,0.0692656311390526,9313.0,0.8603018671274185,0.0,0.0,inf,0.9558587513924314,2325.0,0.0
socofing:000132:right_middle,stripes,0.30000001192092896,0.04912236072246452,0.16766229207811076,13.087207700406765,0.3472781892917936,11469.0,0.8708462081849575,0.0,0.0,inf,0.949105818892036,4915.0,0.0,0.06729259879897329,0.20855106724972156,11.720326991864525,0.1382959276270977,7662.0,0.8708462081849575,0.0,0.0,inf,0.9583044124889806,3718.0,0.0
socofing:000132:right_ring,stripes,0.4000000059604645,0.09127317706288059,0.23494855987243468,10.396568321600782,0.17984286152405438,9830.0,0.9255667887628078,0.0,0.0,inf,0.985032494296263,6554.0,0.0,0.10803609150682932,0.272271537518491,9.664311359592336,0.07070103991697096,8119.0,0.9255667887628078,0.0,0.0,inf,0.9827371778827602,3675.0,0.0
socofing:000132:right_little,stripes,0.5,0.04840465825121876,0.1579766567712113,13.151128417553469,0.3284090417471809,8192.0,0.8182818815112114,0.0,0.0,inf,0.9824633826247431,8192.0,0.0,0.06598742203254297,0.20330563793376807,11.80538838131449,0.11161350374302519,5905.0,0.8182818815112114,0.0,0.0,inf,0.9739260130894106,4805.0,0.0
socofing:000138:left_thumb,stripes,0.6000000238418579,0.047491515805892066,0.15685961635444834,13.233839686443716,0.4200540380183671,6554.0,0.8369150748476386,0.0,0.0,inf,0.9839275319813553,9830.0,0.0,0.07474278681816963,0.2207904989246116,11.264307133208797,0.16733977632764652,3819.0,0.8369150748476386,0.0,0.0,inf,0.985502381736422,5584.0,0.0
socofing:000138:left_index,stripes,0.699999988079071,0.05736072609431039,0.17600366910227924,12.41385359837528,0.37878256354312256,4915.0,0.8098434954881668,0.0,0.0,inf,0.9864420581554827,11469.0,0.0,0.07158137398375453,0.21129267453626185,11.45199969709134,0.2636726614137114,3860.0,0.8098434954881668,0.0,0.0,inf,0.9845148960087056,6974.0,0.0
socofing:000138:left_middle,stripes,0.800000011920929,0.055180178363855234,0.1703071718785979,12.58216900045436,0.37263160174908455,3277.0,0.8789350241422653,0.0,0.0,inf,0.9915371749741492,13107.0,0.0,0.08552515649799071,0.2438570473739633,10.679061224495165,0.10460416904615115,1966.0,0.8789350241422653,0.0,0.0,inf,0.9913044659356579,7099.0,0.0
socofing:000138:left_ring,severe_partial,0.10000000149011612,0.07858341589165366,0.22039952891599374,11.04669097048102,0.3409297577997952,14746.0,0.9197095148265362,0.0,0.0,inf,0.8368621702401341,1638.0,0.0,0.11978042518060558,0.2901846401935975,9.216141496483447,0.07542048982987622,8526.0,0.9197095148265362,0.0,0.0,inf,0.8719423394420263,1149.0,0.0
socofing:000138:left_little,severe_partial,0.20000000298023224,0.07301724546331896,0.21411741506765913,11.365745546052041,0.33106723673147154,13107.0,0.8434169739484787,0.0,0.0,inf,0.8847570412899655,3277.0,0.0,0.10664825293928787,0.27043586631831396,9.720462545609326,0.10271212066816109,7153.0,0.8434169739484787,0.0,0.0,inf,0.9517116835710302,1784.0,0.0
socofing:000138:right_thumb,severe_partial,0.30000001192092896,0.045714995446787095,0.16692720972986874,13.399413191518072,0.48115125002380404,11469.0,0.7940161805599928,0.0,0.0,inf,0.9438188933518774,4915.0,0.0,0.08261500412320678,0.2380857934431927,10.829410711280662,0.1137068637911857,5084.0,0.7940161805599928,0.0,0.0,inf,0.9660623702563578,4075.0,0.0
socofing:000138:right_index,random_rectangles,0.10000000149011612,0.08122013527145439,0.2248744169658066,10.903362915315608,0.27236272150367924,14746.0,0.834891140460968,0.0,0.0,inf,0.8672128726155869,1638.0,0.0,0.11150192367364405,0.2825522188645931,9.52717639937418,0.06549930734145527,8261.0,0.834891140460968,0.0,0.0,inf,0.7383417426134904,15.0,0.0
socofing:000138:right_middle,random_rectangles,0.20000000298023224,0.06777400239174936,0.2091276627645025,11.689368663545888,0.26497385230309856,13107.0,0.8405728335492313,0.0,0.0,inf,0.9086448395306103,3277.0,0.0,0.09732456301321682,0.2630256191173738,10.117775375853942,0.06133378297272588,6657.0,0.8405728335492313,0.0,0.0,inf,0.8814046351276786,645.0,0.0
socofing:000138:right_ring,random_rectangles,0.30000001192092896,0.09168656347583307,0.2335403156768453,10.376943048519616,0.23618401061571256,11469.0,0.9448205819353461,0.0,0.0,inf,0.9274068902855829,4915.0,0.0,0.12006777535941006,0.28581881101761986,9.2057353598975,0.07896392431523912,8371.0,0.9448205819353461,0.0,0.0,inf,0.8276919019438705,881.0,0.0
socofing:000138:right_little,random_rectangles,0.4000000059604645,0.08607409031345596,0.22302436683178214,10.651275585034401,0.29910233310554757,9830.0,0.874299643561244,0.0,0.0,inf,0.9517607481244925,6554.0,0.0,0.12151247158354139,0.28989352835715215,9.153791454241322,0.12872080559178473,6568.0,0.874299643561244,0.0,0.0,inf,0.9261921250681135,1404.0,0.0
socofing:000153:left_thumb,random_rectangles,0.5,0.08630994296802016,0.2307960263523796,10.639391703635061,0.11781955396573793,8192.0,0.9683365216478705,0.0,0.0,inf,0.9744929176118728,8192.0,0.0,0.08883056302323006,0.23708990675955727,10.514375852499589,0.09248381524280914,7859.0,0.9683365216478705,0.0,0.0,inf,0.9593853160939328,4694.0,0.0
socofing:000153:left_index,random_rectangles,0.6000000238418579,0.06354170071966317,0.19777326310713664,11.969411652834976,0.22059743529621959,6554.0,0.8034081757068634,0.0,0.0,inf,0.984439658437414,9830.0,0.0,0.07016743505583739,0.21536953634441608,11.538643986522564,0.16617036046730527,5898.0,0.8034081757068634,0.0,0.0,inf,0.9785720147644473,5942.0,0.0
socofing:000153:left_middle,random_rectangles,0.699999988079071,0.04907156457208432,0.1624932224385721,13.091700949803545,0.28111590556472693,4915.0,0.8480193000286818,0.0,0.0,inf,0.9893219156218261,11469.0,0.0,0.058249093308580455,0.18796968390013835,12.347108303731014,0.15228193957209896,4022.0,0.8480193000286818,0.0,0.0,inf,0.9849832450538911,7515.0,0.0
socofing:000153:left_ring,random_rectangles,0.800000011920929,0.07987033772908529,0.23279582732975218,10.976144791637722,0.1371681836036852,3277.0,0.814590685069561,0.0,0.0,inf,0.9868539660321067,13107.0,0.0,0.07978507243627869,0.2328916014478915,10.980783563308032,0.13245386098252115,3221.0,0.814590685069561,0.0,0.0,inf,0.9808476604223119,8139.0,0.0
socofing:000153:left_little,irregular,0.10000000149011612,0.05559867108889156,0.18580103487343633,12.549355887355436,0.2999369620582434,14746.0,0.8260518908500671,0.0,0.0,inf,0.5997397966076562,1638.0,0.0,0.07804593206651349,0.22996382090705214,11.076497284389358,0.1071814442755168,9188.0,0.8260518908500671,0.0,0.0,inf,0.7608501763133487,694.0,0.0
socofing:000153:right_thumb,irregular,0.20000000298023224,0.05713325139715247,0.1793088217997703,12.431110599642812,0.27184413942646807,13107.0,0.9033352695405483,0.0,0.0,inf,0.8950920471424324,3277.0,0.0,0.06827274033057636,0.20830601982816163,11.657526650908558,0.13581983925896385,10118.0,0.9033352695405483,0.0,0.0,inf,0.8881418838941614,2300.0,0.0
socofing:000153:right_index,irregular,0.30000001192092896,0.04468022899734897,0.15917453909293955,13.498846096828796,0.30815090825634095,11469.0,0.8655255399644375,0.0,0.0,inf,0.891745132284506,4915.0,0.0,0.05661647809849965,0.19005884632335782,12.470571499825727,0.1450094671185551,8607.0,0.8655255399644375,0.0,0.0,inf,0.8717280767479183,2970.0,0.0
socofing:000153:right_middle,irregular,0.4000000059604645,0.040003152893044236,0.14810539796628203,13.979057779198152,0.3498662824936414,9830.0,0.8103262111544609,0.0,0.0,inf,0.9401151690247929,6554.0,0.0,0.05140811017456517,0.18124124608500722,12.889683610394755,0.17945900862060427,7245.0,0.8103262111544609,0.0,0.0,inf,0.9403962538598922,4809.0,0.0
socofing:000153:right_ring,irregular,0.5,0.0318568788128011,0.12693986805743407,14.967967765819294,0.42261446868022623,8192.0,0.8188526593148708,0.0,0.0,inf,0.9287666630997026,8192.0,0.0,0.04568581668288396,0.16392755695175537,13.402186072040053,0.21693791762517925,5151.0,0.8188526593148708,0.0,0.0,inf,0.9428002099603409,6311.0,0.0
socofing:000153:right_little,irregular,0.6000000238418579,0.0435104600209862,0.149446850156083,13.614063250382475,0.4451048996326814,6554.0,0.811679600737989,0.0,0.0,inf,0.9616270074581557,9830.0,0.0,0.06736923509703382,0.2113385386002036,11.715383835516297,0.2338169633859764,4077.0,0.811679600737989,0.0,0.0,inf,0.9640517394595478,5708.0,0.0
socofing:000161:left_thumb,irregular,0.699999988079071,0.04156147528751182,0.14729651360187987,13.813090449008564,0.3741843803634661,4915.0,0.7685509845614433,0.0,0.0,inf,0.9797316204654579,11469.0,0.0,0.05321782846604896,0.1819546203784655,12.739428506499637,0.21037050878514366,3615.0,0.6893160790205002,0.0,0.0,inf,0.9780905325263306,8795.0,0.0
socofing:000161:left_index,irregular,0.800000011920929,0.04117817939621315,0.15191279283545964,13.853328586810074,0.34369277934283154,3277.0,0.758865013718605,0.0,0.0,inf,0.981418406073811,13107.0,0.0,0.047852531365593656,0.17254176570714022,13.200950834037341,0.237884085438908,2699.0,0.758865013718605,0.0,0.0,inf,0.9769797199554175,7934.0,0.0
socofing:000161:left_middle,central_missing,0.10000000149011612,0.05485834353106517,0.18107607925219027,12.60757310223632,0.192541541391387,14746.0,0.8540183287113905,0.0,0.0,inf,0.8648552460519578,1638.0,0.0,0.06645730044734376,0.20731922461118027,11.774573041140917,0.05878361224625862,11618.0,0.8540183287113905,0.0,0.0,inf,0.9334673279964012,153.0,0.0
socofing:000161:left_ring,central_missing,0.20000000298023224,0.05921301081359186,0.18826382274448047,12.275828557144015,0.2655582468176928,13107.0,0.8420785591006279,0.0,0.0,inf,0.9420520154179384,3277.0,0.0,0.07583125878922725,0.22404489094232036,11.201517347205744,0.08289386217028685,8669.0,0.8420785591006279,0.0,0.0,inf,0.9631506489789492,522.0,0.0
socofing:000161:left_little,central_missing,0.30000001192092896,0.06692907193116224,0.2014078938746782,11.743851970788175,0.23298181405432156,11469.0,0.8179243505001068,0.0,0.0,inf,0.9673529020957445,4915.0,0.0,0.08336426216527731,0.23852972660066835,10.790200892995754,0.05935326283876471,6975.0,0.8179243505001068,0.0,0.0,inf,0.9371546823929576,416.0,0.0
socofing:000161:right_thumb,central_missing,0.4000000059604645,0.09392666686135885,0.2456068997830342,10.272110890272415,0.036116299986458156,9830.0,0.9168336372822523,0.0,0.0,inf,0.972395238694431,6554.0,0.0,0.09442850778980547,0.24680920684890956,10.248968732151816,0.031611432653677086,9766.0,0.9168336372822523,0.0,0.0,inf,0.9415835723835833,2727.0,0.0
socofing:000161:right_index,central_missing,0.5,0.0768204629705773,0.22013885767483998,11.145230798190966,0.07214079585116207,8192.0,0.8463620916008949,0.0,0.0,inf,0.9856140327835441,8192.0,0.0,0.0777495944108246,0.22270045183215373,11.093018678393916,0.06152955206278012,8094.0,0.8463620916008949,0.0,0.0,inf,0.9672389245696404,3450.0,0.0
socofing:000161:right_middle,central_missing,0.6000000238418579,0.09120637804671225,0.2482023299733523,10.399747904694006,0.04262138367354548,6554.0,0.8258661925792694,0.0,0.0,inf,0.989143768492954,9830.0,0.0,0.09120637804671225,0.2482023299733523,10.399747904694006,0.04262138367354548,6554.0,0.8258661925792694,0.0,0.0,inf,0.9821484182478651,5978.0,0.0
socofing:000161:right_ring,central_missing,0.699999988079071,0.04931335459783254,0.17837241397391804,13.07035453080838,0.07954854889197761,4915.0,0.8036208674311638,0.0,0.0,inf,0.991570173738389,11469.0,0.0,0.04931335459783254,0.17837241397391804,13.07035453080838,0.07954854889197761,4915.0,0.8036208674311638,0.0,0.0,inf,0.9858071524670554,6812.0,0.0
socofing:000161:right_little,central_missing,0.800000011920929,0.07478244897097333,0.22087414865119132,11.262003167003211,0.0841428812462244,3277.0,0.8078680261969566,0.0,0.0,inf,0.9931275195238213,13107.0,0.0,0.07478244897097333,0.22087414865119132,11.262003167003211,0.0841428812462244,3277.0,0.8078680261969566,0.0,0.0,inf,0.9857697311846327,6330.0,0.0
socofing:000163:left_thumb,peripheral_only,0.10000000149011612,0.043699782986342264,0.1657919275641207,13.595207197359414,0.3266604308224671,14746.0,0.8560194820165634,0.0,0.0,inf,0.8027060817691792,1638.0,0.0,0.058437862059174485,0.1941959978083093,12.333056810486134,0.08072735174597395,9278.0,0.8560194820165634,0.0,0.0,inf,0.8777992460023465,1106.0,0.0
socofing:000163:left_index,peripheral_only,0.20000000298023224,0.034380522130756,0.14193389318787353,14.636875320473292,0.37481851409904976,13107.0,0.7594972550868988,0.0,0.0,inf,0.8723472544051435,3277.0,0.0,0.04975037864862016,0.17808608843542723,13.03203609503572,0.101635613505258,7710.0,0.7594972550868988,0.0,0.0,inf,0.9445101971066521,2138.0,0.0
socofing:000163:left_middle,peripheral_only,0.30000001192092896,0.02835221710407031,0.12628801709775242,15.474129742167618,0.3835412001626524,11469.0,0.718360424041748,0.0,0.0,inf,0.9241288478012032,4915.0,0.0,0.04160029491842955,0.16200659575636023,13.809035905032438,0.10758481037635316,7049.0,0.718360424041748,0.0,0.0,inf,0.9553077518693116,3145.0,0.0
socofing:000163:left_ring,peripheral_only,0.4000000059604645,0.028644126619979303,0.1290619906409438,15.429644151635802,0.44826908814062255,9830.0,0.7999194264411926,0.0,0.0,inf,0.9176146386036985,6554.0,0.0,0.04770005972400726,0.17592039608463905,13.214810771906922,0.11531058367779559,4372.0,0.7999194264411926,0.0,0.0,inf,0.9540134719456398,2978.0,0.0
socofing:000163:left_little,peripheral_only,0.5,0.018281899646032516,0.10761323527367495,17.379786793393087,0.486987686782936,8192.0,0.7875683754682541,0.0,0.0,inf,0.9143518206569322,8192.0,0.0,0.028586003521538828,0.1344982029077896,15.438465571241247,0.17706608115789618,3536.0,0.7875683754682541,0.0,0.0,inf,0.9566739105565921,3034.0,0.0
socofing:000163:right_thumb,peripheral_only,0.6000000238418579,0.04064697710341584,0.1413711896932834,13.909717471454808,0.36355390554876704,6554.0,0.9059804063290358,0.0,0.0,inf,0.9785415453097416,9830.0,0.0,0.055634406257263604,0.1822243390450156,12.546565424781162,0.11936254356694954,4455.0,0.9059804063290358,0.0,0.0,inf,0.9757685553639357,7943.0,0.0
socofing:000163:right_index,peripheral_only,0.699999988079071,0.022520885191255006,0.10516729771878688,16.47414543388976,0.4293046264152016,4915.0,0.657492384314537,0.0,0.0,inf,0.976396579417845,11469.0,0.0,0.03227717255627064,0.1433443544831883,14.911045159881084,0.14641426158982646,2971.0,0.657492384314537,0.0,0.0,inf,0.9735321126003113,7931.0,0.0
socofing:000163:right_middle,peripheral_only,0.800000011920929,0.027707091262110715,0.11606785717460352,15.574090648031637,0.383128053103012,3277.0,0.7858746834099293,0.0,0.0,inf,0.9919048262238607,13107.0,0.0,0.03922361045495866,0.1547703143190203,14.06452432889096,0.13322167018139364,2057.0,0.7858746834099293,0.0,0.0,inf,0.9911763553911189,8942.0,0.0
socofing:000163:right_ring,central_only,0.10000000149011612,0.04419863869833437,0.1664419547733888,13.545911065537577,0.37678888875864885,14746.0,0.7614431604743004,0.0,0.0,inf,0.9392207574442716,1638.0,0.0,0.06298665079341972,0.20349059355343793,12.007514838966308,0.1239304734410362,8008.0,0.7614431604743004,0.0,0.0,inf,0.9392207574442716,1638.0,0.0
socofing:000163:right_little,central_only,0.20000000298023224,0.05218569674630012,0.1781122614284593,12.82448513767039,0.49076956393775073,13107.0,0.8462517708539963,0.0,0.0,inf,0.9555095297153964,3277.0,0.0,0.08710642954075883,0.23940634404562994,10.599497874605756,0.14904462639644825,5271.0,0.8462517708539963,0.0,0.0,inf,0.9555095297153964,3277.0,0.0
socofing:000185:left_thumb,central_only,0.30000001192092896,0.048605397145169565,0.16304277046029378,13.133155039841224,0.3694054526729961,11469.0,0.8405300937592983,0.0,0.0,inf,0.9761131805108907,4915.0,0.0,0.06750840882603854,0.2041836689139915,11.70642128216409,0.11674087491522805,6779.0,0.8201091252267361,0.0,0.0,inf,0.9761131805108907,4915.0,0.0
socofing:000185:left_index,central_only,0.4000000059604645,0.0245939198155412,0.12633534765173232,16.09172247243774,0.6389190183635904,9830.0,0.7303665839135647,0.0,0.0,inf,0.9429989795378567,6554.0,0.0,0.0496041269285039,0.17805887040968346,13.044821898864749,0.18144645526626918,2844.0,0.7303665839135647,0.0,0.0,inf,0.9840984199686572,5211.0,0.0
socofing:000185:left_middle,central_only,0.5,0.026254824396494424,0.11262766063873642,15.80790882114632,0.5531687739608371,8192.0,0.7716392800211906,0.0,0.0,inf,0.9888501930829695,8192.0,0.0,0.040319195577155575,0.15893778715463885,13.944881412422806,0.25756267152843193,3351.0,0.7281663939356804,0.0,0.0,inf,0.9888501930829695,8192.0,0.0
socofing:000185:left_ring,central_only,0.6000000238418579,0.021848919086617596,0.09768815241393974,16.605700436514166,0.6080928511256923,6554.0,0.7065576873719692,0.0,0.0,inf,0.9809413597143536,9830.0,0.0,0.03686786217956858,0.14979711059523726,14.333520446703824,0.2570671463486462,2175.0,0.6977932900190353,0.0,0.0,inf,0.9925212382637985,7671.0,0.0
socofing:000185:left_little,central_only,0.699999988079071,0.01731109832695085,0.09000946672800038,17.61675376826982,0.683472994168082,4915.0,0.5857876241207123,0.0,0.0,inf,0.9837185908790789,11469.0,0.0,0.04129513246696104,0.15755045947679444,13.84101136414339,0.24504254881479942,1305.0,0.5857876241207123,0.0,0.0,inf,0.9871209949023089,6301.0,0.0
socofing:000185:right_thumb,central_only,0.800000011920929,0.01985923426679812,0.09178894689433938,17.020375010629646,0.6466452821908474,3277.0,0.718958668410778,0.0,0.0,inf,0.9951400432645315,13107.0,0.0,0.03939491728081012,0.15831624482529139,14.045598070904134,0.22066333567057633,963.0,0.718958668410778,0.0,0.0,inf,0.9966178722339557,11524.0,0.0
socofing:000185:right_index,disconnected_fragments,0.10000000149011612,0.07970730213511037,0.21018502272347944,10.985018902511047,0.2564820158784369,14746.0,0.9134841542690992,0.0,0.0,inf,0.903217645193083,1638.0,0.0,0.10165661837966414,0.25619828737839917,9.928643412541925,0.08738305284187586,10837.0,0.9134841542690992,0.0,0.0,inf,0.9388211332857682,1510.0,0.0
socofing:000185:right_middle,disconnected_fragments,0.20000000298023224,0.08247356929253505,0.21607364227814368,10.836852096261666,0.27232039963049265,13107.0,0.9065082650631666,0.0,0.0,inf,0.8770107803212419,3277.0,0.0,0.11070866721132226,0.27714249148158154,9.558183775431088,0.04656985640204268,8282.0,0.8895398341119289,0.0,0.0,inf,0.9080228820012267,886.0,0.0
socofing:000185:right_ring,disconnected_fragments,0.30000001192092896,0.0470180351096613,0.1630592448959267,13.277355240596973,0.4376219462990146,11469.0,0.8543984740972519,0.0,0.0,inf,0.9383462638793374,4915.0,0.0,0.08067616578538729,0.23071699865490855,10.93254750243825,0.09695664635351182,4990.0,0.8543984740972519,0.0,0.0,inf,0.9646662790880169,3475.0,0.0
socofing:000185:right_little,disconnected_fragments,0.4000000059604645,0.04165782949562662,0.14587928667159547,13.803033619117748,0.415692365781262,9830.0,0.8125791102647781,0.0,0.0,inf,0.975679261290866,6554.0,0.0,0.06703849562909207,0.20714987088689507,11.736757400119476,0.146914947736279,5577.0,0.8125791102647781,0.0,0.0,inf,0.9749086464693556,4233.0,0.0
socofing:000200:left_thumb,disconnected_fragments,0.5,0.07966726035277794,0.20361481071995513,10.987201173659841,0.342900079667889,8192.0,0.9351247027516365,0.0,0.0,inf,0.9900692374693063,8192.0,0.0,0.12403818027851347,0.29256863781891185,9.06444613772967,0.06859512326681183,4587.0,0.9351247027516365,0.0,0.0,inf,0.9910640392017316,6556.0,0.0
socofing:000200:left_index,disconnected_fragments,0.6000000238418579,0.046621992660796675,0.15316879073769504,13.31409168329512,0.48168210154744184,6554.0,0.8436334952712059,0.0,0.0,inf,0.9770159844669036,9830.0,0.0,0.07867391320236537,0.23157470451758652,11.041692476962886,0.19424209519341948,3633.0,0.8436334952712059,0.0,0.0,inf,0.9859641774158927,6734.0,0.0
socofing:000200:left_middle,disconnected_fragments,0.699999988079071,0.09670559904157193,0.20899013061188199,10.14548380493377,0.4467637203950815,4915.0,0.8842216059565544,0.0,0.0,inf,0.995973442547667,11469.0,0.0,0.16914049826001948,0.3240360284991747,7.717523943829337,0.1709023469272811,1496.0,0.8842216059565544,0.0,0.0,inf,0.9957912232578533,8708.0,0.0
socofing:000200:left_ring,disconnected_fragments,0.800000011920929,0.05385696634807498,0.1591326149821686,12.687581131487256,0.45959974791924596,3277.0,0.9069371223449707,0.0,0.0,inf,0.9925123138834954,13107.0,0.0,0.07949997896138697,0.2267716138013261,10.996329862737781,0.20334552963610492,1480.0,0.9069371223449707,0.0,0.0,inf,0.9898268680862037,7921.0,0.0
socofing:000200:left_little,stripes,0.10000000149011612,0.054924952402320266,0.18519772268937457,12.602303107646414,0.39669481423001324,14746.0,0.8475745841860771,0.0,0.0,inf,0.881760207002879,1638.0,0.0,0.08371734841551894,0.23542652962127492,10.771845355500865,0.108273299741486,7338.0,0.8475745841860771,0.0,0.0,inf,0.9160438807148272,1067.0,0.0
socofing:000200:right_thumb,stripes,0.20000000298023224,0.06661651555662028,0.1974013591970516,11.764180872573952,0.2828193193789986,13107.0,0.8921917071565986,0.0,0.0,inf,0.9470154888950696,3277.0,0.0,0.08717569220879665,0.24203672983176178,10.5960459547172,0.09245305922340795,9501.0,0.8921917071565986,0.0,0.0,inf,0.9629583239616416,2086.0,0.0
socofing:000200:right_index,stripes,0.30000001192092896,0.052120304840816034,0.1784293972240313,12.829930528539828,0.3112309298757335,11469.0,0.8556025549769402,0.0,0.0,inf,0.9823203740560303,4915.0,0.0,0.0692282725912774,0.22334218102245576,11.597165049252649,0.1171079779942455,7786.0,0.8556025549769402,0.0,0.0,inf,0.9796982620404332,3871.0,0.0
socofing:000200:right_middle,stripes,0.4000000059604645,0.05209925198909115,0.1685704972922787,12.831685120045478,0.3254563760990904,9830.0,0.8068057894706726,0.0,0.0,inf,0.9372365652203681,6554.0,0.0,0.06998760296150554,0.21180054763788594,11.549788805888575,0.12952361602381837,6670.0,0.8061108663678169,0.0,0.0,inf,0.9431034199885618,3893.0,0.0
socofing:000200:right_ring,stripes,0.5,0.0795811999154632,0.19947441137435362,10.991895169019234,0.3248622617081131,8192.0,0.8634045124053955,0.0,0.0,inf,0.9813895908450574,8192.0,0.0,0.09169743591477261,0.23555875785692149,10.376428080991642,0.14465907711137763,5116.0,0.8634045124053955,0.0,0.0,inf,0.9761277549754027,5412.0,0.0
socofing:000200:right_little,stripes,0.6000000238418579,0.06534418468388263,0.1882202228892033,11.847930564702501,0.32204927203855743,6554.0,0.9109428450465202,0.0,0.0,inf,0.9853569222650499,9830.0,0.0,0.08919017236165772,0.24504830284431586,10.4968299679247,0.10294940788915809,4322.0,0.9109428450465202,0.0,0.0,inf,0.9780964822244826,4530.0,0.0
socofing:000203:left_thumb,stripes,0.699999988079071,0.06367456022009424,0.17716839423380407,11.960340458876434,0.4396244721037851,4915.0,0.8749985061585903,0.0,0.0,inf,0.9945467612131182,11469.0,0.0,0.12287391688975309,0.29543221018119664,9.105402973663328,0.10880352549359332,2236.0,0.8749985061585903,0.0,0.0,inf,0.9953845374566506,7479.0,0.0
socofing:000203:left_index,stripes,0.800000011920929,0.06642930283153517,0.19372561999358212,11.776403054089101,0.2597527000301888,3277.0,0.8175711035728455,0.0,0.0,inf,0.9900877011079104,13107.0,0.0,0.0809826608566984,0.231611367393002,10.916079576689109,0.12151517949507923,2527.0,0.8175711035728455,0.0,0.0,inf,0.9853323325066453,6520.0,0.0
socofing:000203:left_middle,severe_partial,0.10000000149011612,0.06463139384911763,0.19960579527891256,11.895564779245667,0.3131123099271553,14746.0,0.8794237375259399,0.0,0.0,inf,0.807260608095286,1638.0,0.0,0.09834841139311667,0.26513616701412196,10.0723265078049,0.053079978721610466,8379.0,0.8794237375259399,0.0,0.0,inf,0.9278427020469933,957.0,0.0
socofing:000203:left_ring,severe_partial,0.20000000298023224,0.06359498934156184,0.1934773619534344,11.965771011288789,0.38292660537950174,13107.0,0.8995627155527472,0.0,0.0,inf,0.9034530372057815,3277.0,0.0,0.10479749708917349,0.27120568361298414,9.796490896169976,0.09392063737188538,6770.0,0.8995627155527472,0.0,0.0,inf,0.9627365312693755,2059.0,0.0
socofing:000203:left_little,severe_partial,0.30000001192092896,0.052156483523268314,0.18547089340066028,12.826916971442703,0.4847564555793708,11469.0,0.8644816726446152,0.0,0.0,inf,0.8696662787271777,4915.0,0.0,0.10214205219095407,0.2743482580007166,9.907954207486032,0.12622872999519388,3899.0,0.8644816726446152,0.0,0.0,inf,0.9628365007572417,2849.0,0.0
socofing:000203:right_thumb,random_rectangles,0.10000000149011612,0.08379410873584063,0.22264003331156437,10.767865139885153,0.20024014677057717,14746.0,0.8822179399430752,0.0,0.0,inf,0.8325813567126406,1638.0,0.0,0.11003276085690317,0.27307652735644933,9.584779899228383,0.041384433581201745,10757.0,0.8822179399430752,0.0,0.0,inf,0.7259243708029371,9.0,0.0
socofing:000203:right_index,random_rectangles,0.20000000298023224,0.07243973307567447,0.21258433817010344,11.400231586337279,0.24818265418368837,13107.0,0.8729826435446739,0.0,0.0,inf,0.9143390713042101,3277.0,0.0,0.09985809390572306,0.2629258215942909,10.006167280278248,0.06255499673162071,7660.0,0.8729826435446739,0.0,0.0,inf,0.9037598944558197,670.0,0.0
socofing:000203:right_middle,random_rectangles,0.30000001192092896,0.07272024336408554,0.20317822322594528,11.38344676382588,0.21938111625513,11469.0,0.881432294845581,0.0,0.0,inf,0.9513584164640643,4915.0,0.0,0.09359279517489821,0.24733351500110975,10.287575822043989,0.05620149845689186,8402.0,0.881432294845581,0.0,0.0,inf,0.9424299526231498,1450.0,0.0
socofing:000203:right_ring,random_rectangles,0.4000000059604645,0.049874993908527926,0.16898628490856665,13.02117144347659,0.3380685384022342,9830.0,0.8278345428407192,0.0,0.0,inf,0.947855429529454,6554.0,0.0,0.07138844469422262,0.22004069001404333,11.463720797037492,0.11308144753691117,6339.0,0.8278345428407192,0.0,0.0,inf,0.9535303538486488,2273.0,0.0
socofing:000203:right_little,random_rectangles,0.5,0.06874552105233941,0.19759252184138631,11.62755591979433,0.29488093497956985,8192.0,0.9045107960700989,0.0,0.0,inf,0.9668503658853062,8192.0,0.0,0.09447986714257328,0.25061377485372227,10.246607260982659,0.1300921029333733,5213.0,0.9045107960700989,0.0,0.0,inf,0.9509855571792103,3372.0,0.0
socofing:000206:left_thumb,random_rectangles,0.6000000238418579,0.1304985023006008,0.2819446815764102,8.843944725886665,0.13510828601234182,6554.0,0.9618693580850959,0.0,0.0,inf,0.9760654351333279,9830.0,0.0,0.14010807230487893,0.30269443575945143,8.535368421840943,0.07592687442002782,5925.0,0.9618693580850959,0.0,0.0,inf,0.9746526341666596,5370.0,0.0
socofing:000206:left_index,random_rectangles,0.699999988079071,0.06050119489515672,0.19894623882634638,12.182360479715229,0.15780538166220745,4915.0,0.8251027017831802,0.0,0.0,inf,0.9885246492026099,11469.0,0.0,0.06284758312900944,0.20622131580690048,12.017114189154427,0.12738170384762745,4731.0,0.8251027017831802,0.0,0.0,inf,0.9822104965053147,7248.0,0.0
socofing:000206:left_middle,random_rectangles,0.800000011920929,0.04727248925353467,0.17801883793784135,13.253915282109334,0.19698832275576053,3277.0,0.7233098149299622,0.0,0.0,inf,0.9955607929904571,13107.0,0.0,0.049441197066811424,0.18834793379292109,13.059110226842694,0.13070419969054145,2948.0,0.7233098149299622,0.0,0.0,inf,0.9939309098686259,9323.0,0.0
socofing:000206:left_ring,irregular,0.10000000149011612,0.057229406123295266,0.18344049462231948,12.423807607963814,0.2873041256371563,14746.0,0.8406463228166103,0.0,0.0,inf,0.868738896287592,1638.0,0.0,0.07258826427406552,0.21944254013182007,11.391335882944286,0.12265046441572121,10753.0,0.8406463228166103,0.0,0.0,inf,0.8897620563605094,1131.0,0.0
socofing:000206:left_little,irregular,0.20000000298023224,0.05003504939385262,0.1720038298384237,13.007256671499384,0.34359997171593054,13107.0,0.8068051487207413,0.0,0.0,inf,0.8089596087665977,3277.0,0.0,0.06717176949752734,0.2149266024977991,11.728132109853664,0.14081866176481572,8745.0,0.8068051487207413,0.0,0.0,inf,0.8334757489513338,2379.0,0.0
socofing:000206:right_thumb,irregular,0.30000001192092896,0.08148376310319415,0.2178539972856598,10.889289225141198,0.25213945409078065,11469.0,0.9329442968592048,0.0,0.0,inf,0.9438128097754163,4915.0,0.0,0.09948994162960277,0.2573546594236139,10.022208239333594,0.12541181294500886,8771.0,0.9329442968592048,0.0,0.0,inf,0.9425731661740079,4030.0,0.0
socofing:000206:right_index,irregular,0.4000000059604645,0.06024010728691577,0.18278440304483276,12.201142633333518,0.31995480777703933,9830.0,0.9413800234906375,0.0,0.0,inf,0.9571940308267683,6554.0,0.0,0.07281717813307084,0.21674510870572547,11.37766155187599,0.18568191590984767,7498.0,0.9413800234906375,0.0,0.0,inf,0.9542751223683978,4609.0,0.0
socofing:000206:right_middle,irregular,0.5,0.05434109277465889,0.17616146164414204,12.648716323658197,0.3348453312387567,8192.0,0.8567112679593265,0.0,0.0,inf,0.9606671833921289,8192.0,0.0,0.0645060319692035,0.20417763740502648,11.903996725204797,0.2063868122201446,6590.0,0.8567112679593265,0.0,0.0,inf,0.9518567203602473,5682.0,0.0
socofing:000206:right_ring,irregular,0.6000000238418579,0.04044908550635627,0.14714800135346473,13.930912926928157,0.40410235304365255,6554.0,0.8578783273696899,0.0,0.0,inf,0.9650535005113424,9830.0,0.0,0.05155345325818324,0.18116479980188,12.87742238610466,0.24270958460909628,4698.0,0.8578783273696899,0.0,0.0,inf,0.9578665498817667,7400.0,0.0
socofing:000206:right_little,irregular,0.699999988079071,0.039734734095691275,0.14874907671526028,14.008296889302231,0.42618698563128254,4915.0,0.6828809939324856,0.0,0.0,inf,0.9610608078193039,11469.0,0.0,0.054222840294547374,0.19035100854103842,12.658177369963822,0.23534223412567434,3281.0,0.6828809939324856,0.0,0.0,inf,0.9503779783923432,6428.0,0.0
socofing:000214:left_thumb,irregular,0.800000011920929,0.04533652185815145,0.1549782999653368,13.435518012750855,0.5520757963665355,3277.0,0.8022102266550064,0.0,0.0,inf,0.9869596525463087,13107.0,0.0,0.0665551172528448,0.21152084618057695,11.768185471129172,0.41624895340279044,2188.0,0.8022102266550064,0.0,0.0,inf,0.9858239967032512,7505.0,0.0
socofing:000214:left_index,central_missing,0.10000000149011612,0.09316194304343373,0.23800254618791591,10.307614621270375,0.22241872720442118,14746.0,0.8519489760510623,0.0,0.0,inf,0.822644514794608,1638.0,0.0,0.11139908280023605,0.2720436223743068,9.531183848933143,0.05185008097490666,9518.0,0.8519489760510623,0.0,0.0,inf,0.7167888133426202,43.0,0.0
socofing:000214:left_middle,central_missing,0.20000000298023224,0.07109132566476536,0.21060935962478247,11.481833872554521,0.1962493812314321,13107.0,0.8859624247997999,0.0,0.0,inf,0.9427472172277509,3277.0,0.0,0.08493215299071372,0.24017506551533743,10.709278666118653,0.05841856203787463,9038.0,0.8859624247997999,0.0,0.0,inf,0.9559401503640979,228.0,0.0
socofing:000214:left_ring,central_missing,0.30000001192092896,0.0807184974988036,0.22219373518921814,10.93026930691509,0.22121948944244207,11469.0,0.8993303701281548,0.0,0.0,inf,0.962984751648591,4915.0,0.0,0.09700889164595258,0.25825158513440455,10.131884573235098,0.050347995305282105,6682.0,0.8993303701281548,0.0,0.0,inf,0.93215916679082,513.0,0.0
socofing:000214:left_little,central_missing,0.4000000059604645,0.0651157730773677,0.20105128634852734,11.863137989781238,0.23358929347487148,9830.0,0.8418058753013611,0.0,0.0,inf,0.9631038154524495,6554.0,0.0,0.08868088544931213,0.2517815261824027,10.521699792491319,0.07466138811144506,6689.0,0.8418058753013611,0.0,0.0,inf,0.8905254803222955,369.0,0.0
socofing:000214:right_thumb,central_missing,0.5,0.0779534116567702,0.212859738630641,11.081648730179719,0.10765391085323031,8192.0,0.9637963767163455,0.0,0.0,inf,0.9780358390480155,8192.0,0.0,0.08228163283746805,0.22345925859465332,10.846970985370367,0.06802798815991572,7757.0,0.9637963767163455,0.0,0.0,inf,0.9453907371190942,2668.0,0.0
socofing:000214:right_index,central_missing,0.6000000238418579,0.08170668018818865,0.21768409387605833,10.877424348963721,0.14892831476488974,6554.0,0.9274798594415188,0.0,0.0,inf,0.9871217900692318,9830.0,0.0,0.08776528543077745,0.2320191961291848,10.566772304162356,0.09460257184140651,6097.0,0.9274798594415188,0.0,0.0,inf,0.9782814483554154,5030.0,0.0
socofing:000214:right_middle,central_missing,0.699999988079071,0.06047967126280462,0.1917911826131727,12.18390578107676,0.1332748592852656,4915.0,0.8050028160214424,0.0,0.0,inf,0.9804127607091877,11469.0,0.0,0.07115470451192235,0.21610448338917995,11.477963805266608,0.05725177815189684,4074.0,0.8050028160214424,0.0,0.0,inf,0.9709650879494611,4436.0,0.0
socofing:000214:right_ring,central_missing,0.800000011920929,0.08124359491486187,0.23157368962097938,10.90210867921769,0.06116703821365294,3277.0,0.8818368539214134,0.0,0.0,inf,0.993371802254394,13107.0,0.0,0.08124359491486187,0.23157368962097938,10.90210867921769,0.06116703821365294,3277.0,0.8818368539214134,0.0,0.0,inf,0.9874257073597256,6909.0,0.0
socofing:000214:right_little,peripheral_only,0.10000000149011612,0.06342844054749765,0.20793738114648452,11.977159660413204,0.33315922748956434,14746.0,0.8540979027748108,0.0,0.0,inf,0.6306547352701498,1638.0,0.0,0.08874972337037142,0.25547215091777115,10.518329919507101,0.15241889271789252,9280.0,0.8540979027748108,0.0,0.0,inf,0.7305413804465359,1163.0,0.0
socofing:000217:left_thumb,peripheral_only,0.20000000298023224,0.06866326534739361,0.19558840080806641,11.632755471288249,0.3368262569586358,13107.0,0.915810652077198,0.0,0.0,inf,0.8846251281668026,3277.0,0.0,0.0946277879088783,0.24771884939289238,10.239813121882417,0.12661118703066349,8529.0,0.915810652077198,0.0,0.0,inf,0.935820987355365,2471.0,0.0
socofing:000217:left_index,peripheral_only,0.30000001192092896,0.05522923709043501,0.17606796947806394,12.57830955865634,0.41258080873190345,11469.0,0.874477282166481,0.0,0.0,inf,0.8967912248821325,4915.0,0.0,0.08993780893290401,0.2470881218490635,10.460576969319666,0.12526911548641462,6310.0,0.874477282166481,0.0,0.0,inf,0.9492028651697374,2401.0,0.0
socofing:000217:left_middle,peripheral_only,0.4000000059604645,0.053583416781514834,0.1689529615459113,12.709695967739806,0.43697571402735635,9830.0,0.8600567430257797,0.0,0.0,inf,0.9526190603134488,6554.0,0.0,0.08328539431049392,0.23784692730107934,10.794311537735556,0.16906135832392466,5824.0,0.8600567430257797,0.0,0.0,inf,0.9727903084829415,4175.0,0.0
socofing:000217:left_ring,peripheral_only,0.5,0.05336852331203222,0.1662662718709953,12.727148138032764,0.43331036924203914,8192.0,0.8284833133220673,0.0,0.0,inf,0.9266465629595839,8192.0,0.0,0.09357840361538833,0.25312981358243214,10.288243678523386,0.14825865424383242,4263.0,0.8284833133220673,0.0,0.0,inf,0.9709067190970082,4065.0,0.0
socofing:000217:left_little,peripheral_only,0.6000000238418579,0.05965783841694276,0.17585368225128448,12.243324864852006,0.38361275626473346,6554.0,0.8325029388070107,0.0,0.0,inf,0.9628009700960805,9830.0,0.0,0.09127473856784349,0.24952992789578363,10.396494022972222,0.12372138767117763,4008.0,0.8325029388070107,0.0,0.0,inf,0.9715605076073077,5507.0,0.0
socofing:000217:right_thumb,peripheral_only,0.699999988079071,0.06789847336093294,0.1933259535042734,11.68139990349487,0.3510284387426094,4915.0,0.8798494916409254,0.0,0.0,inf,0.9820359734857531,11469.0,0.0,0.08947716982996934,0.2478599175504641,10.482877611273263,0.1659751128632441,3346.0,0.8270450457930565,0.0,0.0,inf,0.9802453882167331,8966.0,0.0
socofing:000217:right_index,peripheral_only,0.800000011920929,0.06225935607527535,0.1773960646752042,12.057953753721165,0.4477178289847633,3277.0,0.8741481527686119,0.0,0.0,inf,0.990310522880248,13107.0,0.0,0.09170374668425244,0.24489210478881615,10.376129202617587,0.220425601738178,2076.0,0.8741481527686119,0.0,0.0,inf,0.9884273087468485,9464.0,0.0
socofing:000217:right_middle,central_only,0.10000000149011612,0.065910096464048,0.19871661246755618,11.810480527389338,0.30948197862878307,14746.0,0.9143595024943352,0.0,0.0,inf,0.9629727242228068,1638.0,0.0,0.09602349320365645,0.25833215751368754,10.176224990388256,0.042138677642112224,8785.0,0.9143595024943352,0.0,0.0,inf,0.9629727242228068,1638.0,0.0
socofing:000217:right_ring,central_only,0.20000000298023224,0.0469274438634388,0.16947084502560375,13.285731011515999,0.41294027649031795,13107.0,0.7972476035356522,0.0,0.0,inf,0.9730466305030784,3277.0,0.0,0.07390943029916199,0.22917802311760893,11.313001452912623,0.11317292210617277,6546.0,0.7972476035356522,0.0,0.0,inf,0.9730466305030784,3277.0,0.0
socofing:000217:right_little,central_only,0.30000001192092896,0.06127088927707727,0.18527892290521406,12.127458163332193,0.45392100555495823,11469.0,0.885557234287262,0.0,0.0,inf,0.9837900459652735,4915.0,0.0,0.0991893343911999,0.2576453286347022,10.035350240562472,0.1379397162273952,4863.0,0.885557234287262,0.0,0.0,inf,0.9837900459652735,4915.0,0.0
socofing:000241:left_thumb,central_only,0.4000000059604645,0.04783937604926969,0.1642823375302006,13.20214493319944,0.49667692464597574,9830.0,0.8997501358389854,0.0,0.0,inf,0.9846580753015411,6554.0,0.0,0.09163279794634718,0.2523741788844223,10.379490523402868,0.13166128470918748,4142.0,0.8997501358389854,0.0,0.0,inf,0.9846580753015411,6554.0,0.0
socofing:000241:left_index,central_only,0.5,0.030736338116133737,0.13197979391810577,15.123478749848722,0.6432297031268503,8192.0,0.805028036236763,0.0,0.0,inf,0.9745963358972285,8192.0,0.0,0.06843164785567858,0.2073129462096325,11.647430019295765,0.29298062275152226,2314.0,0.805028036236763,0.0,0.0,inf,0.9871605792771091,8023.0,0.0
socofing:000241:left_middle,central_only,0.6000000238418579,0.023185768537369127,0.11020292623635287,16.34778503994757,0.6890356759979959,6554.0,0.6439261734485626,0.0,0.0,inf,0.9756279278047725,9830.0,0.0,0.06347127428667054,0.20903557440353265,11.974227824468125,0.326314061059892,1473.0,0.6439261734485626,0.0,0.0,inf,0.9929194915163765,9128.0,0.0
socofing:000241:left_ring,central_only,0.699999988079071,0.011246371291094003,0.0789408899654207,19.489875826609122,0.8168116102969508,4915.0,0.617563858628273,0.0,0.0,inf,0.9790524511067967,11469.0,0.0,0.05570481857398095,0.2008245833937756,12.541072358931018,0.4220006008702033,352.0,0.5922996997833252,0.0,0.0,inf,0.9940290835491397,9723.0,0.0
socofing:000241:left_little,central_only,0.800000011920929,0.010250963168353827,0.0708657612306227,19.892353268961127,0.825964301046428,3277.0,0.5735377371311188,0.0,0.0,inf,0.9838486452240821,13107.0,0.0,0.062467130948692974,0.2218179103356224,12.043484402964076,0.5041914692884498,222.0,0.5684307813644409,0.0,0.0,inf,0.9982756574878561,8001.0,0.0
socofing:000241:right_thumb,disconnected_fragments,0.10000000149011612,0.0664221984218013,0.19539621239032273,11.776867543525567,0.28682686469774854,14746.0,0.9139736886136234,0.0,0.0,inf,0.8609259766538088,1638.0,0.0,0.08896752831543055,0.24724686948342145,10.507684747782612,0.08164070884180195,9926.0,0.8933650851249695,0.0,0.0,inf,0.9100443770330343,1350.0,0.0
socofing:000241:right_index,disconnected_fragments,0.20000000298023224,0.05402491632289429,0.18073780628561006,12.674058971061449,0.35086896195979717,13107.0,0.7477089166641235,0.0,0.0,inf,0.922485915844842,3277.0,0.0,0.0790032991751244,0.2364561041131688,11.023547722078646,0.11523012014032921,8009.0,0.7477089166641235,0.0,0.0,inf,0.9530472879105991,1719.0,0.0
socofing:000241:right_middle,disconnected_fragments,0.30000001192092896,0.04210424044957823,0.15365398765436616,13.756741628077364,0.39961930276912316,11469.0,0.7890274375677109,0.0,0.0,inf,0.9613591097582026,4915.0,0.0,0.06230834150172078,0.20248696946151717,12.05453808466581,0.12653697582173085,7039.0,0.7890274375677109,0.0,0.0,inf,0.9818303880545515,3671.0,0.0
socofing:000241:right_ring,disconnected_fragments,0.4000000059604645,0.04982852850887081,0.1598509400481849,13.025219378322255,0.5001233269079535,9830.0,0.8361987173557281,0.0,0.0,inf,0.951142414871395,6554.0,0.0,0.0855263025540588,0.23592797149612527,10.679003028461164,0.14685479613330354,4009.0,0.8361987173557281,0.0,0.0,inf,0.9764550968531289,4715.0,0.0
socofing:000241:right_little,disconnected_fragments,0.5,0.03274561698937406,0.13277193433640377,14.84846822228426,0.48967082156222713,8192.0,0.6724558994174004,0.0,0.0,inf,0.9822064397427119,8192.0,0.0,0.06020858880658529,0.20208151083131878,12.203415518444254,0.1397441699364818,3638.0,0.6659082770347595,0.0,0.0,inf,0.9895738113168393,5618.0,0.0
socofing:000249:left_thumb,disconnected_fragments,0.6000000238418579,0.022923256865993037,0.09681004899172274,16.397236790936205,0.5023458669549056,6554.0,0.7662173733115196,0.0,0.0,inf,0.9917659799004213,9830.0,0.0,0.03535944956185468,0.135814230145924,14.514945042389924,0.18157321158830567,3529.0,0.7662173733115196,0.0,0.0,inf,0.9927064827418814,7283.0,0.0
socofing:000249:left_index,disconnected_fragments,0.699999988079071,0.020387175687230485,0.09287144057717958,16.90642934516547,0.5605810728466117,4915.0,0.7196954265236855,0.0,0.0,inf,0.9868602184904569,11469.0,0.0,0.03791905547038447,0.14842058188475718,14.211424890847331,0.17674559745886861,2384.0,0.7196954265236855,0.0,0.0,inf,0.9864828427236739,8170.0,0.0
socofing:000249:left_middle,disconnected_fragments,0.800000011920929,0.10144344652013632,0.22488199105400444,9.937760041463935,0.2441454523464849,3277.0,0.7593085020780563,0.0,0.0,inf,0.9950293188922796,13107.0,0.0,0.10767250868978355,0.25312368958722364,9.678951680891307,0.11058314063964855,2142.0,0.7593085020780563,0.0,0.0,inf,0.9934062484252597,7660.0,0.0
socofing:000249:left_ring,stripes,0.10000000149011612,0.04081179318671062,0.15736886709584935,13.892143227963349,0.38840566450709996,14746.0,0.7786816284060478,0.0,0.0,inf,0.847941846059197,1638.0,0.0,0.05834958520486794,0.1960937499847733,12.33962226917279,0.1343296554994682,8514.0,0.7786816284060478,0.0,0.0,inf,0.9068982497163603,653.0,0.0
socofing:000249:left_little,stripes,0.20000000298023224,0.08907626642473736,0.23505460652336932,10.502379944345343,0.337753932815408,13107.0,0.8925821771845222,0.0,0.0,inf,0.8846877964285821,3277.0,0.0,0.1250796508282466,0.29624071993534523,9.028133398018051,0.0674900613106581,6021.0,0.8925821771845222,0.0,0.0,inf,0.9395685298915342,727.0,0.0
socofing:000249:right_thumb,stripes,0.30000001192092896,0.0671543737693135,0.2021426874623323,11.729256964424852,0.24849491380737748,11469.0,0.942100583575666,0.0,0.0,inf,0.9221177965425841,4915.0,0.0,0.07662461237517795,0.23667079324339615,11.156317094555456,0.08996841465872447,8416.0,0.942100583575666,0.0,0.0,inf,0.9023228155036142,3613.0,0.0
socofing:000249:right_index,stripes,0.4000000059604645,0.058249519508076227,0.1908301311105467,12.347076527199993,0.21236589266122305,9830.0,0.9114329214207828,0.0,0.0,inf,0.9628775693056365,6554.0,0.0,0.06597536974623815,0.2171902830128748,11.806181671814109,0.08539107219074431,7934.0,0.9114329214207828,0.0,0.0,inf,0.9327106789116898,3247.0,0.0
socofing:000249:right_middle,stripes,0.5,0.04934638935004697,0.1527881451511348,13.067446189359309,0.22480515173439974,8192.0,0.915277935564518,0.0,0.0,inf,0.9914922359672192,8192.0,0.0,0.053512240054903466,0.16901517740039346,12.715468688141671,0.10247711831407877,6331.0,0.915277935564518,0.0,0.0,inf,0.981990855690052,3535.0,0.0
socofing:000249:right_ring,stripes,0.6000000238418579,0.04674711200347725,0.1413309801248268,13.30245214303672,0.41674019390229705,6554.0,0.886267863214016,0.0,0.0,inf,0.9855466318708046,9830.0,0.0,0.06707436706473173,0.1887452617636201,11.73443416778891,0.18770275907205772,3591.0,0.886267863214016,0.0,0.0,inf,0.9815436534849651,6679.0,0.0
socofing:000249:right_little,stripes,0.699999988079071,0.040745156763095876,0.13344331925028097,13.899240069502252,0.48438504844880687,4915.0,0.7889874428510666,0.0,0.0,inf,0.9783840265490865,11469.0,0.0,0.07199972593580688,0.19275114841788252,11.426691566908607,0.2557993056101692,2052.0,0.7889874428510666,0.0,0.0,inf,0.9834024942053239,5293.0,0.0
socofing:000256:left_thumb,stripes,0.800000011920929,0.04240212519221313,0.14837633783630355,13.72612376045913,0.36659903700908464,3277.0,0.7977152429521084,0.0,0.0,inf,0.996875413577731,13107.0,0.0,0.05875173610523114,0.19450635594337445,12.309792955280258,0.14934349253414864,2111.0,0.7977152429521084,0.0,0.0,inf,0.9956689250269861,9023.0,0.0
socofing:000256:left_index,severe_partial,0.10000000149011612,0.07389916756285715,0.21369563749273635,11.31360453687635,0.235874757042307,14746.0,0.9062228798866272,0.0,0.0,inf,0.7565316108734395,1638.0,0.0,0.09494759817418977,0.25118681408034327,10.225160168447001,0.04930871466612053,9690.0,0.8797268271446228,0.0,0.0,inf,0.8690241072676517,1180.0,0.0
socofing:000256:left_middle,severe_partial,0.20000000298023224,0.06307813191637847,0.18987171845683978,12.001211769541351,0.3493835328567018,13107.0,0.8641938492655754,0.0,0.0,inf,0.9713540916570018,3277.0,0.0,0.08615949852859632,0.24038910310803188,10.646968374131534,0.15292637315862442,8915.0,0.8641938492655754,0.0,0.0,inf,0.9716338555708722,3201.0,0.0
socofing:000256:left_ring,severe_partial,0.30000001192092896,0.05046377924692392,0.16533722702103762,12.970202281619969,0.3821009421796466,11469.0,0.8388846511952579,0.0,0.0,inf,0.9725223814804443,4915.0,0.0,0.07477324955510951,0.21866949059982338,11.262537450295763,0.1376367063114235,7239.0,0.8388846511952579,0.0,0.0,inf,0.9790729227596394,4534.0,0.0
socofing:000256:left_little,random_rectangles,0.10000000149011612,0.08648668403388403,0.2294173265844783,10.630507537580492,0.22891405755827626,14746.0,0.8890929813496768,0.0,0.0,inf,0.7378954863923922,1638.0,0.0,0.11241313691491107,0.27460884095814664,9.491829329282208,0.05626213426838981,9591.0,0.8890929813496768,0.0,0.0,inf,0.69935011522762,44.0,0.0
socofing:000256:right_thumb,random_rectangles,0.20000000298023224,0.0757678691077114,0.20853160081040892,11.205149266581312,0.17867927755399746,13107.0,0.871725969016552,0.0,0.0,inf,0.9218132496609235,3277.0,0.0,0.0894866317650369,0.23713758630799,10.482418382518041,0.0686681270580704,10904.0,0.871725969016552,0.0,0.0,inf,0.8989845618072382,753.0,0.0
socofing:000256:right_index,random_rectangles,0.30000001192092896,0.07348885038882329,0.20766848734239657,11.337785463840689,0.2394680141895383,11469.0,0.8841708078980446,0.0,0.0,inf,0.9426377746733214,4915.0,0.0,0.09382779628866647,0.2488000176555328,10.2766848372659,0.07900423764306136,7386.0,0.8841708078980446,0.0,0.0,inf,0.9024349012234554,1078.0,0.0
socofing:000256:right_middle,random_rectangles,0.4000000059604645,0.08131583595536825,0.22370915781495296,10.898248689408888,0.17536238479241753,9830.0,0.938505170866847,0.0,0.0,inf,0.9736917387274471,6554.0,0.0,0.08646557928063457,0.2366397510022189,10.631567445990825,0.12740332036295676,9170.0,0.938505170866847,0.0,0.0,inf,0.9567905306851028,3421.0,0.0
socofing:000256:right_ring,random_rectangles,0.5,0.05771580865498079,0.1865447223893284,12.387052150717286,0.21246068482197994,8192.0,0.8185592256486416,0.0,0.0,inf,0.9744299200826207,8192.0,0.0,0.06490289475972107,0.20854989597483392,11.877359326274131,0.11173049538117484,6999.0,0.8185592256486416,0.0,0.0,inf,0.9632210581512394,3011.0,0.0
socofing:000256:right_little,random_rectangles,0.6000000238418579,0.0692539263390196,0.20266393973474467,11.595555993172074,0.21514009620698882,6554.0,0.8820838890969753,0.0,0.0,inf,0.9731197642029691,9830.0,0.0,0.07818274680560308,0.22543698856740882,11.0688907550571,0.11675841000212678,5638.0,0.8820838890969753,0.0,0.0,inf,0.9514136804199866,3166.0,0.0
socofing:000263:left_thumb,random_rectangles,0.699999988079071,0.053526620971648405,0.1800931678525914,12.714301718918584,0.11545609714362429,4915.0,0.8517788052558899,0.0,0.0,inf,0.9850668388611851,11469.0,0.0,0.057214930057822834,0.19170745576279874,12.424906286255403,0.06031187827077391,4597.0,0.8517788052558899,0.0,0.0,inf,0.9675786191430494,5186.0,0.0
socofing:000263:left_index,random_rectangles,0.800000011920929,0.055477622566100185,0.18748138349805668,12.55882158423319,0.10454044751802029,3277.0,0.7876340001821518,0.0,0.0,inf,0.9897609394924435,13107.0,0.0,0.05661572431808572,0.19081701251048583,12.470629321305369,0.09136503652940597,3210.0,0.7876340001821518,0.0,0.0,inf,0.9768540641367229,5174.0,0.0
socofing:000263:left_middle,irregular,0.10000000149011612,0.03904236443674388,0.1595376995816563,14.084638889885358,0.2842224316186186,14746.0,0.8487035483121872,0.0,0.0,inf,0.5504362934036082,1638.0,0.0,0.051121323818589554,0.18259451487531486,12.913979083773485,0.07954595133200848,9056.0,0.8487035483121872,0.0,0.0,inf,0.6594940372083373,588.0,0.0
socofing:000263:left_ring,irregular,0.20000000298023224,0.03400653484407355,0.14662537604211276,14.684376190160373,0.384374442022675,13107.0,0.805793896317482,0.0,0.0,inf,0.7209804756640426,3277.0,0.0,0.048272002070549117,0.17732587630405106,13.1630468854073,0.15122952984323257,7217.0,0.805793896317482,0.0,0.0,inf,0.8772405579263604,1792.0,0.0
socofing:000263:left_little,irregular,0.30000001192092896,0.032599318417490857,0.14415873961641895,14.867914800123403,0.3592834291112582,11469.0,0.7479730099439621,0.0,0.0,inf,0.7993907548168908,4915.0,0.0,0.047454143788864006,0.17572286064332387,13.237258581352734,0.1399505236739891,6201.0,0.7479730099439621,0.0,0.0,inf,0.8572867660574186,1575.0,0.0
socofing:000263:right_thumb,irregular,0.4000000059604645,0.04257089884782,0.1578820260325475,13.708871799725662,0.34277341046951865,9830.0,0.8092165552079678,0.0,0.0,inf,0.898160550149429,6554.0,0.0,0.054339041730019216,0.19474076480626212,12.648880246416173,0.1621544294391048,7233.0,0.8092165552079678,0.0,0.0,inf,0.8687762916087158,3881.0,0.0
socofing:000263:right_index,irregular,0.5,0.035421075557769,0.13769638361765146,14.507382556328974,0.37639141129667114,8192.0,0.7688332349061966,0.0,0.0,inf,0.9360979631688842,8192.0,0.0,0.0482824522045913,0.1746965563686823,13.162106807478953,0.18969155441900606,5701.0,0.7688332349061966,0.0,0.0,inf,0.9378176610156091,5093.0,0.0
socofing:000263:right_middle,irregular,0.6000000238418579,0.03546051986813176,0.1338023463943203,14.502549017242172,0.3625781123669361,6554.0,0.808545671403408,0.0,0.0,inf,0.951448891156251,9830.0,0.0,0.046221071197822636,0.16452298108687174,13.351599937354784,0.19372937519105382,4824.0,0.808545671403408,0.0,0.0,inf,0.9454978503897894,5741.0,0.0
socofing:000263:right_ring,irregular,0.699999988079071,0.03067568693239084,0.12935092690128866,15.132057031696153,0.4187993774567613,4915.0,0.692930637858808,0.0,0.0,inf,0.9634879104031068,11469.0,0.0,0.04025860116361925,0.1639060027802325,13.951413193002065,0.24795867544178377,3430.0,0.692930637858808,0.0,0.0,inf,0.9457029323823923,6636.0,0.0
socofing:000263:right_little,irregular,0.800000011920929,0.026312767298393415,0.10937458010510333,15.798334750149301,0.45685716459970477,3277.0,0.8370005264878273,0.0,0.0,inf,0.9797664527905224,13107.0,0.0,0.04033162472581704,0.15336207766040322,13.943542824495022,0.216068609523773,2045.0,0.8370005264878273,0.0,0.0,inf,0.9756345660025304,6885.0,0.0
socofing:000274:left_thumb,central_missing,0.10000000149011612,0.10421530726119059,0.24895774183392416,9.820684866907964,0.1357645767021476,14746.0,0.9442852139472961,0.0,0.0,inf,0.8825096795595152,1638.0,0.0,0.12196299055045351,0.28151007952727714,9.13771935211572,0.031104953908832566,12216.0,0.9442852139472961,0.0,0.0,inf,0.8866191857550578,270.0,0.0
socofing:000274:left_index,central_missing,0.20000000298023224,0.09370985042374874,0.23313935725353052,10.282147553253715,0.15835193950435528,13107.0,0.9403539877384901,0.0,0.0,inf,0.9126259500567481,3277.0,0.0,0.10694076708520035,0.26008541640248733,9.70856705033931,0.0614491768092723,11087.0,0.9403539877384901,0.0,0.0,inf,0.8021653318949089,670.0,0.0
socofing:000274:left_middle,central_missing,0.30000001192092896,0.12605306454156623,0.284097249053228,8.994465915003207,0.039679846382557726,11469.0,0.9870642423629761,0.0,0.0,inf,0.952131667600809,4915.0,0.0,0.1284025147937543,0.2885301647926439,8.914264704232759,0.02539799702548365,11042.0,0.9870642423629761,0.0,0.0,inf,0.9224976984704852,1683.0,0.0
socofing:000274:left_ring,central_missing,0.4000000059604645,0.10319669204468794,0.25742379790380415,9.863342237336486,0.048658879608894444,9830.0,0.9791183467023075,0.0,0.0,inf,0.9626364999635736,6554.0,0.0,0.10350298142592343,0.2579187173125888,9.850471400797414,0.04266154859595929,9745.0,0.9791183467023075,0.0,0.0,inf,0.9291958181040307,2656.0,0.0
socofing:000274:left_little,central_missing,0.5,0.07762239611883374,0.22212567236095992,11.10012955191393,0.10687976572121785,8192.0,0.9722358575090766,0.0,0.0,inf,0.9797383809633452,8192.0,0.0,0.07850985941603052,0.22447023851070694,11.05075800310777,0.09868774883953539,8099.0,0.9722358575090766,0.0,0.0,inf,0.9471641686441135,2868.0,0.0
socofing:000274:right_thumb,central_missing,0.6000000238418579,0.1160742557797198,0.28358735601863344,9.352640921700559,0.13248846980043022,6554.0,0.8544286340475082,0.0,0.0,inf,0.9892453274693774,9830.0,0.0,0.1160742557797198,0.28358735601863344,9.352640921700559,0.13248846980043022,6554.0,0.8544286340475082,0.0,0.0,inf,0.9831363166412472,6269.0,0.0
socofing:000274:right_index,central_missing,0.699999988079071,0.10424149795650571,0.2663993125392971,9.81959356413178,0.08819584707368494,4915.0,0.8445266783237457,0.0,0.0,inf,0.9930876662186209,11469.0,0.0,0.10424149795650571,0.2663993125392971,9.81959356413178,0.08819584707368494,4915.0,0.8445266783237457,0.0,0.0,inf,0.9883381058931102,6798.0,0.0
socofing:000274:right_middle,central_missing,0.800000011920929,0.09701590729947876,0.2580510624084732,10.1315705041438,0.14066759144355725,3277.0,0.8699453175067902,0.0,0.0,inf,0.9950791603752797,13107.0,0.0,0.09701590729947876,0.2580510624084732,10.1315705041438,0.14066759144355725,3277.0,0.8699453175067902,0.0,0.0,inf,0.993044597761112,9273.0,0.0
socofing:000274:right_ring,peripheral_only,0.10000000149011612,0.0629323043294007,0.18762059817698207,12.011263658336187,0.2948366243425157,14746.0,0.8891329728066921,0.0,0.0,inf,0.9166842086265504,1638.0,0.0,0.0836092900469376,0.2347295089487654,10.777454642838912,0.09662224916426776,10490.0,0.8891329728066921,0.0,0.0,inf,0.9186947710049995,1565.0,0.0
socofing:000274:right_little,peripheral_only,0.20000000298023224,0.05769152029810674,0.18034428819532813,12.388880162788325,0.3657340870962483,13107.0,0.862480565905571,0.0,0.0,inf,0.8811052410036297,3277.0,0.0,0.08471350757540039,0.23920337815681453,10.720473358588187,0.1339375780121099,8413.0,0.862480565905571,0.0,0.0,inf,0.9289577576749971,2541.0,0.0
socofing:000284:left_thumb,peripheral_only,0.30000001192092896,0.03570870291679837,0.13913466113592954,14.472259248368417,0.3357166873185467,11469.0,0.8387789763510227,0.0,0.0,inf,0.958372680895622,4915.0,0.0,0.04821160608067494,0.1710649560510368,13.16848400556895,0.14097686201725665,7610.0,0.8387789763510227,0.0,0.0,inf,0.9604708959284958,4223.0,0.0
socofing:000284:left_index,peripheral_only,0.4000000059604645,0.04605195577432903,0.15953253004264129,13.367519210814091,0.4510070895162399,9830.0,0.8034771755337715,0.0,0.0,inf,0.904825593926371,6554.0,0.0,0.0800431304440129,0.2333002907044118,10.96675934678817,0.16326265302787893,5136.0,0.8034771755337715,0.0,0.0,inf,0.9639368244961446,2664.0,0.0
socofing:000284:left_middle,peripheral_only,0.5,0.028248961700838203,0.11400133607548923,15.489975101766992,0.4284267519003435,8192.0,0.8988465368747711,0.0,0.0,inf,0.9639188194907657,8192.0,0.0,0.03937895902353576,0.1477529560930361,14.047357685511159,0.16820892862864031,4744.0,0.8988465368747711,0.0,0.0,inf,0.9658483080063822,6353.0,0.0
socofing:000284:left_ring,peripheral_only,0.6000000238418579,0.02846250457311323,0.11784661684394437,15.457268865980504,0.44085260401724424,6554.0,0.8343305587768555,0.0,0.0,inf,0.9736601769748018,9830.0,0.0,0.04695434345826187,0.17380619773147665,13.283242276213858,0.11209192671235052,3755.0,0.8343305587768555,0.0,0.0,inf,0.9755477994321469,5776.0,0.0
socofing:000284:left_little,peripheral_only,0.699999988079071,0.025991603033611022,0.10855584854784962,15.851669345358326,0.5241221063602922,4915.0,0.7199395149946213,0.0,0.0,inf,0.9739801739689344,11469.0,0.0,0.04595250083613335,0.16922844369009754,13.37690848374097,0.19822161070019748,2466.0,0.7199395149946213,0.0,0.0,inf,0.9779628906501393,6522.0,0.0
socofing:000284:right_thumb,peripheral_only,0.800000011920929,0.02112551305605648,0.10644549544278827,16.751927349364458,0.4372555850841623,3277.0,0.6953324601054192,0.0,0.0,inf,0.9845968698005201,13107.0,0.0,0.028774026748360947,0.13735995704967743,15.4099935701058,0.19964984142349046,2053.0,0.6110923886299133,0.0,0.0,inf,0.9821583556866641,9696.0,0.0
socofing:000284:right_index,central_only,0.10000000149011612,0.02442947764212856,0.12109085440380019,16.120858191324366,0.39433999168256684,14746.0,0.7513991706073284,0.0,0.0,inf,0.9452533839939673,1638.0,0.0,0.028563339131482218,0.1301786870050889,15.441910237302615,0.20863641587898765,9750.0,0.7513991706073284,0.0,0.0,inf,0.9452533839939673,1638.0,0.0
socofing:000284:right_middle,central_only,0.20000000298023224,0.03333044977392076,0.13408444654641308,14.771588257629947,0.41981707888265973,13107.0,0.8084946870803833,0.0,0.0,inf,0.9714021682915184,3277.0,0.0,0.03950815673692503,0.14463845172345943,14.03313231965126,0.18752828803757565,7254.0,0.8084946870803833,0.0,0.0,inf,0.9714021682915184,3277.0,0.0
socofing:000284:right_ring,central_only,0.30000001192092896,0.027260562390021684,0.12613947057672809,15.644651888401679,0.5587451450181886,11469.0,0.6725328266620636,0.0,0.0,inf,0.9735992759566606,4915.0,0.0,0.03925731820081729,0.1504501512031287,14.060793718365648,0.2344607671476289,5131.0,0.6725328266620636,0.0,0.0,inf,0.9735992759566606,4915.0,0.0
socofing:000284:right_little,central_only,0.4000000059604645,0.03162921836957599,0.132155543127659,14.99911540362949,0.6260497892090074,9830.0,0.7739864140748978,0.0,0.0,inf,0.9798661613579663,6554.0,0.0,0.05609469292851854,0.1783118523286291,12.51078225034126,0.24283349679259017,3233.0,0.7739864140748978,0.0,0.0,inf,0.9798661613579663,6554.0,0.0
socofing:000289:left_thumb,central_only,0.5,0.024570985449166766,0.11445583106939239,16.095774252637945,0.6835592287152757,8192.0,0.7861075978726149,0.0,0.0,inf,0.9544860058717608,8192.0,0.0,0.06378563634903911,0.2073295325538917,11.952771074334105,0.2538270391672798,2182.0,0.7601379146799445,0.0,0.0,inf,0.9876479673052416,6707.0,0.0
socofing:000289:left_index,central_only,0.6000000238418579,0.028618344585297495,0.10826323155038341,15.43355491410046,0.6332325757808505,6554.0,0.778260812163353,0.0,0.0,inf,0.969961117160147,9830.0,0.0,0.0708775574279206,0.20422976964296383,11.494912574564179,0.24582345095170788,1732.0,0.733592301607132,0.0,0.0,inf,0.9886313718019537,6907.0,0.0
socofing:000289:left_middle,central_only,0.699999988079071,0.008720727713238358,0.06913798165356974,20.594472732489486,0.751700894311809,4915.0,0.62814661860466,0.0,0.0,inf,0.9885515425129581,11469.0,0.0,0.019801992766055647,0.10721988537105279,17.032911024782038,0.45500030216226073,1197.0,0.62814661860466,0.0,0.0,inf,0.994484215126064,10419.0,0.0
socofing:000289:left_ring,central_only,0.800000011920929,0.019146415125829465,0.08031886093063251,17.17912529100765,0.6895899833689874,3277.0,0.7331974357366562,0.0,0.0,inf,0.9885400812175228,13107.0,0.0,0.06362345343581252,0.1940778670522074,11.96382761393195,0.20055240279604333,450.0,0.690702348947525,0.0,0.0,inf,0.9960050004071894,8931.0,0.0
socofing:000289:left_little,disconnected_fragments,0.10000000149011612,0.06714582584823274,0.20401058056063734,11.729809802763544,0.32962147493510346,14746.0,0.9066910594701767,0.0,0.0,inf,0.9301217385949151,1638.0,0.0,0.09881078334642952,0.2649672509685344,10.051956577170017,0.0852083217301308,8209.0,0.9066910594701767,0.0,0.0,inf,0.9324118426543959,1551.0,0.0
socofing:000289:right_thumb,disconnected_fragments,0.20000000298023224,0.05489839167268085,0.19587562930347938,12.604403786448316,0.48982342447222,13107.0,0.7925643473863602,0.0,0.0,inf,0.8544760732993302,3277.0,0.0,0.09589898129385663,0.261285942262447,10.181860061849836,0.09947810132506199,4652.0,0.7925643473863602,0.0,0.0,inf,0.9104003196717875,2495.0,0.0
socofing:000289:right_index,disconnected_fragments,0.30000001192092896,0.06669325856307795,0.19284071423705645,11.75918062887373,0.3190637167829835,11469.0,0.9282699227333069,0.0,0.0,inf,0.9747544242810045,4915.0,0.0,0.09116769335453949,0.24937633565982506,10.401590332015791,0.1044107704750289,7708.0,0.9023969764821231,0.0,0.0,inf,0.9754295487202841,4332.0,0.0
socofing:000289:right_middle,disconnected_fragments,0.4000000059604645,0.059687100899477354,0.1784647515128885,12.241195149923325,0.39734298677180513,9830.0,0.8352106204256415,0.0,0.0,inf,0.9859800406605672,6554.0,0.0,0.09084687040262295,0.24923052988319966,10.416900291735828,0.14832236896850343,6110.0,0.8352106204256415,0.0,0.0,inf,0.9867524852263031,6014.0,0.0
socofing:000289:right_ring,disconnected_fragments,0.5,0.03854120887176491,0.14057965608202494,14.140746675190934,0.4039301801307687,8192.0,0.8378497920930386,0.0,0.0,inf,0.982887879927802,8192.0,0.0,0.05950727686315143,0.18449691691435083,12.254299232080017,0.13701988240410382,4706.0,0.8378497920930386,0.0,0.0,inf,0.9844168405441891,7343.0,0.0
socofing:000289:right_little,disconnected_fragments,0.6000000238418579,0.05056152332013985,0.16852898889729684,12.96179850082378,0.5461918534376295,6554.0,0.8921994119882584,0.0,0.0,inf,0.99281021470551,9830.0,0.0,0.10395167715518323,0.2901246625113307,9.831684993737289,0.24053761926658815,2821.0,0.8921994119882584,0.0,0.0,inf,0.9915618335028509,7958.0,0.0
socofing:000291:left_thumb,disconnected_fragments,0.699999988079071,0.08677817931759813,0.2127165702471011,10.615894659908044,0.35169918201256495,4915.0,0.9484986644238234,0.0,0.0,inf,0.9899372361034489,11469.0,0.0,0.107019890881046,0.25680854575795636,9.705354961741705,0.22259637833980547,3442.0,0.9396665096282959,0.0,0.0,inf,0.9891858582121453,8437.0,0.0
socofing:000291:left_index,disconnected_fragments,0.800000011920929,0.015589869551672481,0.07960557226099581,18.07157518757652,0.7666849669610629,3277.0,0.6077395677566528,0.0,0.0,inf,0.9949512773304733,13107.0,0.0,0.045620990383174194,0.1735760028734887,13.408352908857887,0.45779569427542227,889.0,0.6077395677566528,0.0,0.0,inf,0.9975892942536488,9127.0,0.0
socofing:000291:left_middle,stripes,0.10000000149011612,0.05860872004503216,0.18775357487673366,12.320377630655654,0.3345163964653616,14746.0,0.883123217150569,0.0,0.0,inf,0.878560600670085,1638.0,0.0,0.08462540039784973,0.2407858436570428,10.724992634747126,0.07432132870554434,9019.0,0.8142006359994411,0.0,0.0,inf,0.9345684189412762,1014.0,0.0
socofing:000291:left_ring,stripes,0.20000000298023224,0.06229641835401146,0.19080136860732538,12.05536921780693,0.26697747894258994,13107.0,0.8151908442378044,0.0,0.0,inf,0.95292058028107,3277.0,0.0,0.0784981162851314,0.2287750161437376,11.051407648698891,0.08611524303412475,8568.0,0.7698090672492981,0.0,0.0,inf,0.9653766174601324,1344.0,0.0
socofing:000291:left_little,stripes,0.30000001192092896,0.05059927948348518,0.17269723353405952,12.958556673217505,0.3742673573523638,11469.0,0.8755683228373528,0.0,0.0,inf,0.923726647393365,4915.0,0.0,0.08173129018222108,0.23744682816062276,10.876116454027862,0.10076199759560985,5673.0,0.8755683228373528,0.0,0.0,inf,0.9709893038236975,2137.0,0.0
socofing:000291:right_thumb,stripes,0.4000000059604645,0.0663517782669332,0.19342575827513994,11.781474332943851,0.2252626452872906,9830.0,0.9284679284319282,0.0,0.0,inf,0.9797259729986767,6554.0,0.0,0.08129007409821645,0.22805923827715613,10.899624805749863,0.0758704281466617,7805.0,0.9284679284319282,0.0,0.0,inf,0.9718611844106407,3828.0,0.0
socofing:000291:right_index,stripes,0.5,0.0674840472521537,0.19817229190408625,11.707988791568821,0.2899190810925417,8192.0,0.8721392154693604,0.0,0.0,inf,0.9790448678889447,8192.0,0.0,0.07968783604471931,0.22798664978729288,10.986079664561839,0.1825462516403038,6846.0,0.8721392154693604,0.0,0.0,inf,0.9659886022382439,4186.0,0.0
socofing:000291:right_middle,stripes,0.6000000238418579,0.0513492612588713,0.16381191276020957,12.89465800041456,0.4563712929611815,6554.0,0.8868138785474002,0.0,0.0,inf,0.9906099118630138,9830.0,0.0,0.09083612072630001,0.2500765479577823,10.417414211622962,0.16956429746205148,3394.0,0.8868138785474002,0.0,0.0,inf,0.9947608641864127,7611.0,0.0
socofing:000291:right_ring,stripes,0.699999988079071,0.05402259482819744,0.16765389902430036,12.674245594950516,0.3969022465505445,4915.0,0.8218084424734116,0.0,0.0,inf,0.9903741492404505,11469.0,0.0,0.08242329552083791,0.2364121968463026,10.83950025119581,0.12012690277314071,2995.0,0.8218084424734116,0.0,0.0,inf,0.9899799853394509,4987.0,0.0
socofing:000291:right_little,stripes,0.800000011920929,0.041316445783868894,0.14971854942198531,13.838770454012996,0.4458205136129673,3277.0,0.7212980948388577,0.0,0.0,inf,0.9846321928305464,13107.0,0.0,0.0637642865607153,0.20980857531464359,11.95422495139399,0.2006220857317211,2029.0,0.7212980948388577,0.0,0.0,inf,0.9846478308215277,6068.0,0.0
socofing:000293:left_thumb,severe_partial,0.10000000149011612,0.06954884535923736,0.2013254106486178,11.577100757118242,0.3048861673314517,14746.0,0.8579919934272766,0.0,0.0,inf,0.8776647542873456,1638.0,0.0,0.09235041228162905,0.24430115510102468,10.345611613906396,0.0887377147197104,9359.0,0.8579919934272766,0.0,0.0,inf,0.9160038903015463,1476.0,0.0
socofing:000293:left_index,severe_partial,0.20000000298023224,0.046868312306704143,0.16718721869639314,13.291206848216286,0.3453347576820258,13107.0,0.8126351796090603,0.0,0.0,inf,0.8836744863976166,3277.0,0.0,0.06829427858470191,0.21349743565226034,11.656156782097128,0.07856595495321367,8177.0,0.8126351796090603,0.0,0.0,inf,0.9128130778833922,983.0,0.0
socofing:000293:left_middle,severe_partial,0.30000001192092896,0.04619513876661235,0.16133331716632635,13.354037239658545,0.4003753244880387,11469.0,0.7498851381242275,0.0,0.0,inf,0.9539952786355067,4915.0,0.0,0.07039828289783807,0.22001576285059135,11.52437933714256,0.1335530749166551,6446.0,0.7498851381242275,0.0,0.0,inf,0.970898051316145,3303.0,0.0
socofing:000293:left_ring,random_rectangles,0.10000000149011612,0.09144654910214488,0.23875977618343927,10.388326787515217,0.19195131311105182,14746.0,0.9377248277887702,0.0,0.0,inf,0.6757316924697957,1638.0,0.0,0.1064586897623742,0.26497692191351724,9.728188831986998,0.07791657929610428,10284.0,0.920984267257154,0.0,0.0,inf,0.5076175185701755,93.0,0.0
socofing:000293:left_little,random_rectangles,0.20000000298023224,0.05747237929459313,0.18987730777800904,12.405408231704042,0.29940625872655097,13107.0,0.8555635362863541,0.0,0.0,inf,0.9030587299810465,3277.0,0.0,0.07984983277338402,0.234687852667192,10.977259890517674,0.10759670218419101,7786.0,0.8555635362863541,0.0,0.0,inf,0.8304667180794383,357.0,0.0
socofing:000293:right_thumb,random_rectangles,0.30000001192092896,0.07613468211102034,0.20986162509779108,11.18417461255509,0.17370666061246454,11469.0,0.9467724543064833,0.0,0.0,inf,0.9692651427585142,4915.0,0.0,0.08635963985631673,0.23339650090098296,10.636891774626385,0.07772307742968393,9958.0,0.9467724543064833,0.0,0.0,inf,0.9575307236525993,1327.0,0.0
socofing:000293:right_index,random_rectangles,0.4000000059604645,0.061451654325874204,0.1920474877576263,12.114664210781367,0.19546925031375695,9830.0,0.8197010736912489,0.0,0.0,inf,0.9721458005736243,6554.0,0.0,0.07185911997637588,0.21888057765297653,11.435181056916829,0.0835488527768566,8263.0,0.8197010736912489,0.0,0.0,inf,0.9525411478237643,1954.0,0.0
socofing:000293:right_middle,random_rectangles,0.5,0.060257120724519414,0.19006344435251776,12.19991624128442,0.2066438658042333,8192.0,0.8526377603411674,0.0,0.0,inf,0.9709802475019746,8192.0,0.0,0.06816578601478142,0.21166815317936713,11.66433553105761,0.11698681128191174,7079.0,0.8526377603411674,0.0,0.0,inf,0.9489479269970035,2733.0,0.0
socofing:000293:right_ring,random_rectangles,0.6000000238418579,0.04248299498244673,0.1622752863491738,13.717848737886364,0.23716287212632797,6554.0,0.7377915941178799,0.0,0.0,inf,0.9695840316763435,9830.0,0.0,0.048051715760394645,0.1791943268287537,13.182911005663364,0.15476115311415234,5703.0,0.7377915941178799,0.0,0.0,inf,0.9423690832457774,3988.0,0.0
socofing:000293:right_little,random_rectangles,0.699999988079071,0.06374779766470262,0.18271349774065332,11.955348144797092,0.4287328879701586,4915.0,0.8841296136379242,0.0,0.0,inf,0.9719519121924786,11469.0,0.0,0.09837274651451063,0.25882739159992096,10.071252031718632,0.21476549556223282,3113.0,0.8841296136379242,0.0,0.0,inf,0.9710372166370567,5738.0,0.0
socofing:000302:left_thumb,random_rectangles,0.800000011920929,0.07696252367570751,0.2194696877856259,11.13720699799974,0.15678680713837928,3277.0,0.9187064133584499,0.0,0.0,inf,0.9885621364570627,13107.0,0.0,0.07696252367570751,0.2194696877856259,11.13720699799974,0.15678680713837928,3277.0,0.9187064133584499,0.0,0.0,inf,0.9822260949553571,8337.0,0.0
socofing:000302:left_index,irregular,0.10000000149011612,0.05938371873864952,0.19049588322137237,12.26332609415862,0.24978029068661023,14746.0,0.826096348464489,0.0,0.0,inf,0.7790104599597953,1638.0,0.0,0.07514826877267838,0.2281546153775806,11.240810200156378,0.0806289686557942,10237.0,0.826096348464489,0.0,0.0,inf,0.7950370915240036,859.0,0.0
socofing:000302:left_middle,irregular,0.20000000298023224,0.042902800544951616,0.16196255062502768,13.67514357663264,0.3315150322884604,13107.0,0.7819370608776808,0.0,0.0,inf,0.8480546555179671,3277.0,0.0,0.0575015279782672,0.20115101075558617,12.403206147240553,0.1381397637947833,8698.0,0.7819370608776808,0.0,0.0,inf,0.8577528727461315,2052.0,0.0
socofing:000302:left_ring,irregular,0.30000001192092896,0.04818429282862506,0.1693809492200823,13.170945105076244,0.30584764623610794,11469.0,0.8782050460577011,0.0,0.0,inf,0.842575498168379,4915.0,0.0,0.060597777410035816,0.2055158942475608,12.175433044848445,0.1492096808922917,8446.0,0.8782050460577011,0.0,0.0,inf,0.7979510666087173,3347.0,0.0
socofing:000302:left_little,irregular,0.4000000059604645,0.02198531711385996,0.10876190292507804,16.578672657819926,0.42846271032664823,9830.0,0.7688349038362503,0.0,0.0,inf,0.8858419970076177,6554.0,0.0,0.03103197590626253,0.13482168416648288,15.081905706012614,0.22878029705802846,6181.0,0.7688349038362503,0.0,0.0,inf,0.9140567263610319,3515.0,0.0
socofing:000302:right_thumb,irregular,0.5,0.05566516910909042,0.17478576686204406,12.544164672201068,0.3273404990916973,8192.0,0.8773013334721327,0.0,0.0,inf,0.9550116956397436,8192.0,0.0,0.06799336804400513,0.20765079730109923,11.67533445563678,0.19381161839176642,6254.0,0.8773013334721327,0.0,0.0,inf,0.9540924032240733,5482.0,0.0
socofing:000302:right_index,irregular,0.6000000238418579,0.06438134242659045,0.1881670438081167,11.912399720060694,0.2573330731262153,6554.0,0.9248567819595337,0.0,0.0,inf,0.9534980681036325,9830.0,0.0,0.07245243911134239,0.20756029194039963,11.399469894230895,0.1729850782294664,5734.0,0.9248567819595337,0.0,0.0,inf,0.9181582215498298,4771.0,0.0
socofing:000302:right_middle,irregular,0.699999988079071,0.055993728935204407,0.18117990272180276,12.518606094463067,0.31291283472748216,4915.0,0.8809334002435207,0.0,0.0,inf,0.9680501752220664,11469.0,0.0,0.06280673151537058,0.19901182625620725,12.019938068470548,0.23591308678632028,4071.0,0.8092789575457573,0.0,0.0,inf,0.9535479277680793,7354.0,0.0
socofing:000302:right_ring,irregular,0.800000011920929,0.039645750872980855,0.1362326003114875,14.018033523893752,0.4253707978619186,3277.0,0.7936646267771721,0.0,0.0,inf,0.9814629172153523,13107.0,0.0,0.05832485160430262,0.1870309576579121,12.341463575065973,0.1869442959115342,2182.0,0.7936646267771721,0.0,0.0,inf,0.9816162058652397,9214.0,0.0
socofing:000302:right_little,central_missing,0.10000000149011612,0.06439838145720872,0.1955358585418933,11.911250477494473,0.21505415022284205,14746.0,0.8457255326211452,0.0,0.0,inf,0.8470261144636206,1638.0,0.0,0.08221777767600628,0.23305349327194552,10.850342662578234,0.06132318775672905,10973.0,0.8457255326211452,0.0,0.0,inf,0.5381640763002044,53.0,0.0
socofing:000303:left_thumb,central_missing,0.20000000298023224,0.05076834675946424,0.17747925847690338,12.944069789025118,0.26150375261031267,13107.0,0.8195072114467621,0.0,0.0,inf,0.9047886527558427,3277.0,0.0,0.06920905816735129,0.21679230941557032,11.598370608228963,0.07476103167388201,8349.0,0.8195072114467621,0.0,0.0,inf,0.842751106860112,124.0,0.0
socofing:000303:left_index,central_missing,0.30000001192092896,0.06756378510270657,0.20407885213515148,11.702860280890153,0.2581640777383555,11469.0,0.8276243954896927,0.0,0.0,inf,0.9314966002437483,4915.0,0.0,0.09264937331207959,0.2553925894312545,10.331575139384586,0.08433705562791498,6976.0,0.8276243954896927,nan,nan,nan,nan,0.0,nan
socofing:000303:left_middle,central_missing,0.4000000059604645,0.05808904891816715,0.1848721565028306,12.359057340931157,0.22610308522912728,9830.0,0.8894128054380417,0.0,0.0,inf,0.9518590464512061,6554.0,0.0,0.07369354743700385,0.2195425635169377,11.325705370416838,0.09721247669418046,7512.0,0.8894128054380417,0.0,0.0,inf,0.8062622793902561,567.0,0.0
socofing:000303:left_ring,central_missing,0.5,0.05863399812325222,0.18574731122987487,12.318504912208708,0.22737027163114415,8192.0,0.8012367263436317,0.0,0.0,inf,0.9822808371597614,8192.0,0.0,0.07619102295555341,0.2274359544244848,11.180961954653181,0.07632351295977505,5988.0,0.8012367263436317,0.0,0.0,inf,0.9547654227229784,1564.0,0.0
socofing:000303:left_little,central_missing,0.6000000238418579,0.049916253957197135,0.16426596942883204,13.017580144066184,0.1547412241419371,6554.0,0.8426560312509537,0.0,0.0,inf,0.988301887493865,9830.0,0.0,0.05346991800089453,0.17461631298406396,12.718904819139913,0.10577559718510264,6114.0,0.8426560312509537,0.0,0.0,inf,0.9777233173979906,4115.0,0.0
socofing:000303:right_thumb,central_missing,0.699999988079071,0.05781699403270813,0.1941578218472756,12.379444915125346,0.0840026704986208,4915.0,0.7699084579944611,0.0,0.0,inf,0.9930560698103016,11469.0,0.0,0.05781699403270813,0.1941578218472756,12.379444915125346,0.0840026704986208,4915.0,0.7699084579944611,0.0,0.0,inf,0.9874917645130125,6367.0,0.0
socofing:000303:right_index,central_missing,0.800000011920929,0.059128122956952335,0.19504930597747316,12.282059076130539,0.09280563209774491,3277.0,0.7303259521722794,0.0,0.0,inf,0.9946759119604821,13107.0,0.0,0.059128122956952335,0.19504930597747316,12.282059076130539,0.09280563209774491,3277.0,0.7303259521722794,0.0,0.0,inf,0.989539376115431,6671.0,0.0
socofing:000303:right_middle,peripheral_only,0.10000000149011612,0.04732416840861013,0.16740905994173733,13.249170088216395,0.3518155998729159,14746.0,0.8559822430834174,0.0,0.0,inf,0.8201758128615373,1638.0,0.0,0.06658268321347396,0.20977441066051217,11.766387072069138,0.10570801821433462,9437.0,0.8559822430834174,0.0,0.0,inf,0.8632479110473894,1495.0,0.0
socofing:000303:right_ring,peripheral_only,0.20000000298023224,0.04846985818667837,0.1717923956611893,13.145282509360637,0.35994667277998493,13107.0,0.8131527900695801,0.0,0.0,inf,0.8198048375347193,3277.0,0.0,0.07295665521531576,0.219389561603343,11.369350849706162,0.08230185045516858,7159.0,0.8131527900695801,0.0,0.0,inf,0.8938016615093042,1684.0,0.0
socofing:000303:right_little,peripheral_only,0.30000001192092896,0.04361243067831532,0.1650326055285294,13.603897078516358,0.40350213506593546,11469.0,0.8424278497695923,0.0,0.0,inf,0.8103524355951977,4915.0,0.0,0.07204421425143696,0.2232664513199366,11.42400890902289,0.10814619341763773,5197.0,0.8424278497695923,0.0,0.0,inf,0.9295134344597205,1914.0,0.0
socofing:000308:left_thumb,peripheral_only,0.4000000059604645,0.028552756485550397,0.12163545889429377,15.44351958567808,0.3501508424600563,9830.0,0.8787453547120094,0.0,0.0,inf,0.9683359481750906,6554.0,0.0,0.035637009858276385,0.14509110165418873,14.480987428093798,0.17688721590088366,7100.0,0.8787453547120094,0.0,0.0,inf,0.9664336593158043,5679.0,0.0
socofing:000308:left_index,peripheral_only,0.5,0.02595914456180232,0.10530568910508009,15.857096230507926,0.4060530351585846,8192.0,0.7431444525718689,0.0,0.0,inf,0.9608024439727332,8192.0,0.0,0.0336111259655209,0.13096944414515854,14.735169385147017,0.19132084889094716,5460.0,0.7431444525718689,0.0,0.0,inf,0.9580578975323157,6054.0,0.0
socofing:000308:left_middle,peripheral_only,0.6000000238418579,0.02098303616567323,0.10478028135080326,16.781316708328355,0.39098044930865755,6554.0,0.7870780229568481,0.0,0.0,inf,0.969030503774583,9830.0,0.0,0.025181631144743113,0.12437520614948538,15.989161418128525,0.23047245085395374,4583.0,0.7870780229568481,0.0,0.0,inf,0.9647226623722129,7634.0,0.0
socofing:000308:left_ring,peripheral_only,0.699999988079071,0.030955833477675023,0.12824704782736024,15.092574982289484,0.35853710058152516,4915.0,0.7388915568590164,0.0,0.0,inf,0.9742554599529659,11469.0,0.0,0.04098420791098416,0.16386068544298357,13.873834539703811,0.13056147800646045,3318.0,0.7388915568590164,0.0,0.0,inf,0.9586874224726656,6483.0,0.0
socofing:000308:left_little,peripheral_only,0.800000011920929,0.02135219257689259,0.09175303131160047,16.705575222710994,0.6106735101118898,3277.0,0.8153097033500671,0.0,0.0,inf,0.9844476834295949,13107.0,0.0,0.04741093007711363,0.17024145795135942,13.241215248878316,0.19271171048249508,1313.0,0.8153097033500671,0.0,0.0,inf,0.9835730085603068,7464.0,0.0
socofing:000308:right_thumb,central_only,0.10000000149011612,0.1263939094955691,0.2742321133699102,8.98273852764029,0.20709285143442888,14746.0,0.9693784117698669,0.0,0.0,inf,0.8545537041577957,1638.0,0.0,0.14183927510094588,0.31578500722862596,8.482034969535544,0.0659876549668688,10901.0,0.9693784117698669,0.0,0.0,inf,0.8545537041577957,1638.0,0.0
socofing:000308:right_index,central_only,0.20000000298023224,0.06593113754274664,0.19171816454494026,11.809094310927009,0.2914593279470861,13107.0,0.8771166205406189,0.0,0.0,inf,0.9198170582080959,3277.0,0.0,0.08044562573301413,0.23032234177488337,10.944975658802091,0.09842838755211575,7421.0,0.7842431049793959,0.0,0.0,inf,0.9198170582080959,3277.0,0.0
socofing:000308:right_middle,central_only,0.30000001192092896,0.027895660688184575,0.12507370006325866,15.54463348186758,0.4544385161106835,11469.0,0.7331483662128448,0.0,0.0,inf,0.9644864962636382,4915.0,0.0,0.0392318400494948,0.15646360423138064,14.06361322138078,0.2095599643929645,6503.0,0.7331483662128448,0.0,0.0,inf,0.9644864962636382,4915.0,0.0
socofing:000308:right_ring,central_only,0.4000000059604645,0.026346614220252217,0.11715024552921009,15.792751876597412,0.5006650377707896,9830.0,0.7641666382551193,0.0,0.0,inf,0.9774702427351041,6554.0,0.0,0.036000748330502944,0.14519793853172602,14.436884716652049,0.25644687671066974,5032.0,0.7641666382551193,0.0,0.0,inf,0.9774702427351041,6554.0,0.0
socofing:000308:right_little,central_only,0.5,0.022244292821625433,0.10658095096187026,16.527813965487844,0.6369454136233713,8192.0,0.7522340938448906,0.0,0.0,inf,0.9586502871302232,8192.0,0.0,0.0504867412496202,0.17544521494989157,12.968226606568988,0.21089853872008285,2474.0,0.7522340938448906,0.0,0.0,inf,0.9854442805607865,7206.0,0.0
socofing:000309:left_thumb,central_only,0.6000000238418579,0.050673345576322436,0.14616974164290722,12.952204215950516,0.5313174383487765,6554.0,0.8982724538072944,0.0,0.0,inf,0.9823746584099259,9830.0,0.0,0.10686544285900351,0.26709721726764646,9.711627101509277,0.0937696005352432,2216.0,0.8982724538072944,0.0,0.0,inf,0.9892850958949936,9251.0,0.0
socofing:000309:left_index,central_only,0.699999988079071,0.020307128887128847,0.09011096727540707,16.923514747546943,0.730186253551279,4915.0,0.8235207125544548,0.0,0.0,inf,0.987570030527028,11469.0,0.0,0.0614689710322507,0.19147260608127645,12.113440567466522,0.39170790975248726,779.0,0.8235207125544548,0.0,0.0,inf,0.9960695725361202,10474.0,0.0
socofing:000309:left_middle,central_only,0.800000011920929,0.022867374358377216,0.08753566285848235,16.407836984072738,0.7330102087741566,3277.0,0.7953791581094265,0.0,0.0,inf,0.9932318440742366,13107.0,0.0,0.08388459680105713,0.24681664453464783,10.763177786044881,0.3229197238147922,499.0,0.7553755007684231,0.0,0.0,inf,0.9978871994614614,10961.0,0.0
socofing:000309:left_ring,disconnected_fragments,0.10000000149011612,0.06807006276330319,0.20896102970113725,11.670438489584445,0.33593881382403384,14746.0,0.895367294549942,0.0,0.0,inf,0.8512293100579418,1638.0,0.0,0.10066467565963255,0.2635495646804454,9.971229014173403,0.08077947709322597,7305.0,0.895367294549942,0.0,0.0,inf,0.927660593121591,1306.0,0.0
socofing:000309:left_little,disconnected_fragments,0.20000000298023224,0.07225354408315497,0.2044298436352063,11.411408456232039,0.3733394413668131,13107.0,0.8663581907749176,0.0,0.0,inf,0.8721221465439282,3277.0,0.0,0.11493443744225823,0.28258527373007125,9.395498255300645,0.1076822133197278,6438.0,0.8663581907749176,0.0,0.0,inf,0.9538650710245382,1483.0,0.0
socofing:000309:right_thumb,disconnected_fragments,0.30000001192092896,0.0697564652485146,0.19523719183896646,11.564155344109077,0.3300913786560933,11469.0,0.9302911143749952,0.0,0.0,inf,0.9732890550856432,4915.0,0.0,0.09156878423692007,0.2481447296375307,10.382525519233194,0.13796241248705812,7599.0,0.9302911143749952,0.0,0.0,inf,0.9732890550856432,4915.0,0.0
socofing:000309:right_index,disconnected_fragments,0.4000000059604645,0.04404368577026797,0.15291551495291147,13.561163444979734,0.4902581489338803,9830.0,0.8382689915597439,0.0,0.0,inf,0.9759241802178832,6554.0,0.0,0.07966963199409877,0.22895738558387035,10.987071889007229,0.17044459524551064,4935.0,0.8382689915597439,0.0,0.0,inf,0.9811108955971974,5345.0,0.0
socofing:000309:right_middle,disconnected_fragments,0.5,0.03015873123870222,0.12547963639497084,15.205869329488413,0.4983776498271305,8192.0,0.772722065448761,0.0,0.0,inf,0.9657200942605775,8192.0,0.0,0.05323784645761943,0.17847868895936111,12.737795206370446,0.20115329044140762,4056.0,0.772722065448761,0.0,0.0,inf,0.978207525237849,7165.0,0.0
socofing:000309:right_ring,disconnected_fragments,0.6000000238418579,0.015479062640651832,0.09788378448059869,18.10255342252494,0.7575713367706027,6554.0,0.7138008456677198,0.0,0.0,inf,0.9604680207023321,9830.0,0.0,0.05608723690022306,0.19066882731934062,12.511359546872946,0.3074017126738316,957.0,0.7138008456677198,0.0,0.0,inf,0.9880076605921995,8206.0,0.0
socofing:000309:right_little,disconnected_fragments,0.699999988079071,0.030443461085232416,0.11506020799336059,15.165059746094167,0.6867142777655035,4915.0,0.8836699053645134,0.0,0.0,inf,0.983737929135145,11469.0,0.0,0.21806998079861933,0.4301818771005021,6.614041146634313,0.25523177990177426,303.0,0.8836699053645134,0.0,0.0,inf,0.9929936519924013,7939.0,0.0
socofing:000317:left_thumb,disconnected_fragments,0.800000011920929,0.04747674994132234,0.1462829725550835,13.235190186740713,0.44773089522247184,3277.0,0.7866352791897953,0.0,0.0,inf,0.9975658338455335,13107.0,0.0,0.06999287190969422,0.2157945257771057,11.549461863845128,0.18207549682895052,1711.0,0.729566752910614,0.0,0.0,inf,0.9971170646108078,10767.0,0.0
socofing:000317:left_index,stripes,0.10000000149011612,0.05909637786463327,0.1858331481982985,12.284391370816872,0.27766637492271756,14746.0,0.8632966866716743,0.0,0.0,inf,0.9222046129066784,1638.0,0.0,0.07888498936720867,0.229802409338721,11.0300562866877,0.0698951358778855,10322.0,0.8632966866716743,0.0,0.0,inf,0.9549997499972328,753.0,0.0
socofing:000317:left_middle,stripes,0.20000000298023224,0.0805964170682519,0.21451434238370504,10.936842644241146,0.23595379079262263,13107.0,0.9257556791417301,0.0,0.0,inf,0.9608508800538887,3277.0,0.0,0.09641065387485391,0.25248752399197827,10.158749716635459,0.08298890849618312,9382.0,0.8761532893404365,0.0,0.0,inf,0.9816561838260501,2641.0,0.0
socofing:000317:left_ring,stripes,0.30000001192092896,0.057847016461751694,0.18096752370705174,12.377190354609237,0.24596522122256678,11469.0,0.8520725816488266,0.0,0.0,inf,0.982554539110022,4915.0,0.0,0.0699451152488998,0.21154062484817743,11.552426099001492,0.09944551452224555,8966.0,0.8520725816488266,0.0,0.0,inf,0.9762429422500892,2703.0,0.0
socofing:000317:left_little,stripes,0.4000000059604645,0.07379461393441825,0.2031605440421676,11.319753349780816,0.3234055214211418,9830.0,0.9065420851111412,0.0,0.0,inf,0.9795588187461837,6554.0,0.0,0.10118022782817851,0.26199646501067164,9.949043470226348,0.10223990302878282,5979.0,0.9065420851111412,0.0,0.0,inf,0.974118084369827,2875.0,0.0
socofing:000317:right_thumb,stripes,0.5,0.062604911582531,0.18442252790526936,12.03391593474638,0.20737979638484394,8192.0,0.8608487229794264,0.0,0.0,inf,0.986732579977449,8192.0,0.0,0.07345727962462936,0.2114462516179533,11.339651591092707,0.0819010145299657,6782.0,0.8608487229794264,0.0,0.0,inf,0.9827140923366864,5368.0,0.0
socofing:000317:right_index,stripes,0.6000000238418579,0.09753087094534695,0.23920044476117486,10.108578975409078,0.15602455639841195,6554.0,0.9495326867327094,0.0,0.0,inf,0.9895209022775918,9830.0,0.0,0.10928929655299814,0.26630724611702217,9.614223693914678,0.07448804284163084,5631.0,0.9495326867327094,0.0,0.0,inf,0.9855117889020653,6658.0,0.0
socofing:000317:right_middle,stripes,0.699999988079071,0.06956293657744217,0.19721017443022615,11.576220926776717,0.27470726940895074,4915.0,0.8574172221124172,0.0,0.0,inf,0.9916037857979506,11469.0,0.0,0.083516360214866,0.23207165524206644,10.78228441222131,0.1459912383082266,4037.0,0.8574172221124172,0.0,0.0,inf,0.9899563043025812,8773.0,0.0
socofing:000317:right_ring,stripes,0.800000011920929,0.05706467718788352,0.18601183014557215,12.436326351738309,0.24912769658243455,3277.0,0.8409491740167141,0.0,0.0,inf,0.9954161791758341,13107.0,0.0,0.061162565687986406,0.2026491243497603,12.135143048038067,0.1772096109558773,2678.0,0.822143591940403,0.0,0.0,inf,0.9949779291634111,9388.0,0.0
socofing:000317:right_little,severe_partial,0.10000000149011612,0.06038123525427758,0.1947004287397239,12.190980066055829,0.3485090810935603,14746.0,0.8238005023449659,0.0,0.0,inf,0.8490773725742039,1638.0,0.0,0.08752953005795021,0.2433351858051651,10.578454032334912,0.07835131752926888,8192.0,0.8238005023449659,0.0,0.0,inf,0.9321804841180727,1159.0,0.0
socofing:000318:left_thumb,severe_partial,0.20000000298023224,0.05913384813671586,0.18228240062576376,12.28163858356507,0.27034331072888595,13107.0,0.9225937719456851,0.0,0.0,inf,0.9625582318646212,3277.0,0.0,0.07613345956750375,0.21977145369297973,11.184244350570843,0.08397548379609904,9430.0,0.9225937719456851,0.0,0.0,inf,0.9623121313536613,3123.0,0.0
socofing:000318:left_index,severe_partial,0.30000001192092896,0.0739341463971079,0.20300476778784537,11.311549368852978,0.2723241194723607,11469.0,0.9120543580502272,0.0,0.0,inf,0.979461581795274,4915.0,0.0,0.09997632284649312,0.2570978287967617,10.001028407465133,0.08124424840700772,7907.0,0.9120543580502272,0.0,0.0,inf,0.9764576482491345,2559.0,0.0
socofing:000318:left_middle,random_rectangles,0.10000000149011612,0.07149634010862543,0.21026901563212794,11.457161891263329,0.1581634656766186,14746.0,0.9424788951873779,0.0,0.0,inf,0.7834996601990568,1638.0,0.0,0.08417454514592786,0.2355111694888255,10.748192217310509,0.05959983162796858,11505.0,0.9424788951873779,0.0,0.0,inf,0.6628229576619596,113.0,0.0
socofing:000318:left_ring,random_rectangles,0.20000000298023224,0.08532122782082545,0.23216502039005552,10.689429034339021,0.20115800014175583,13107.0,0.8726103603839874,0.0,0.0,inf,0.814807767892326,3277.0,0.0,0.0816091593069611,0.22578979282330827,10.882610959858566,0.08744574589879017,8747.0,0.8726103603839874,0.0,0.0,inf,0.7553631904252808,273.0,0.0
socofing:000318:left_little,random_rectangles,0.30000001192092896,0.0709185232257265,0.20607658853789806,11.492403165228342,0.1926071377721072,11469.0,0.8736783713102341,0.0,0.0,inf,0.8915581985128244,4915.0,0.0,0.08463678777672089,0.23395918955333164,10.724408277913756,0.10530624472816828,8963.0,0.8736783713102341,0.0,0.0,inf,0.8997021521405614,475.0,0.0
socofing:000318:right_thumb,random_rectangles,0.4000000059604645,0.0940038886132965,0.24276812791830024,10.268541807793811,0.11876371511439392,9830.0,0.9537848811596632,0.0,0.0,inf,0.9567224345711494,6554.0,0.0,0.09767639900848893,0.2511736013759064,10.102103597057814,0.08265769782853508,9302.0,0.9537848811596632,0.0,0.0,inf,0.9494257372472273,3152.0,0.0
socofing:000318:right_index,random_rectangles,0.5,0.07951023169338187,0.22239824903715544,10.995769810032028,0.1327286443155331,8192.0,0.9219027739018202,0.0,0.0,inf,0.9782126536348605,8192.0,0.0,0.08184103344627265,0.22859759312721264,10.87028895215009,0.1077334820264447,7940.0,0.9219027739018202,0.0,0.0,inf,0.9622337017180519,4119.0,0.0
socofing:000318:right_middle,random_rectangles,0.6000000238418579,0.07422837881726692,0.20676633850148424,11.294300245396458,0.20855506242690713,6554.0,0.9021623125299811,0.0,0.0,inf,0.9798353663269981,9830.0,0.0,0.08318153927170263,0.22861849715284133,10.799730472913387,0.12773268192540918,5837.0,0.9021623125299811,0.0,0.0,inf,0.9517045668695889,3509.0,0.0
socofing:000318:right_ring,random_rectangles,0.699999988079071,0.07435741163477544,0.22045922147769514,11.286757363328853,0.11066805097135403,4915.0,0.9244810929521918,0.0,0.0,inf,0.9906388949802358,11469.0,0.0,0.07505178038629247,0.22219057411956467,11.246390009187614,0.1034654575015447,4836.0,0.9244810929521918,0.0,0.0,inf,0.9783740873881384,4613.0,0.0
socofing:000318:right_little,random_rectangles,0.800000011920929,0.07911207951613171,0.22250250568496888,11.017571996038122,0.1980075146405873,3277.0,0.857489101588726,0.0,0.0,inf,0.9916522724118783,13107.0,0.0,0.0809322513433169,0.22723934896461273,10.91878378396772,0.18084138550164425,3203.0,0.857489101588726,0.0,0.0,inf,0.9868385612083217,7914.0,0.0
socofing:000319:left_thumb,irregular,0.10000000149011612,0.08380842321841961,0.23085728576841993,10.767123301353482,0.2743899383419273,14746.0,0.8672860376536846,0.0,0.0,inf,0.7204053356992096,1638.0,0.0,0.11117161679315021,0.27854410868334034,9.540060782534193,0.09952303267134346,9781.0,0.8672860376536846,0.0,0.0,inf,0.7935086507122443,978.0,0.0
socofing:000319:left_index,irregular,0.20000000298023224,0.053721811554561814,0.18614576515564932,12.698493509012236,0.39163010205160736,13107.0,0.8149949908256531,0.0,0.0,inf,0.6907506198373836,3277.0,0.0,0.08856236945080577,0.25053124131853843,10.527507725985725,0.11850969922296223,6353.0,0.8149949908256531,0.0,0.0,inf,0.8783362733138412,1163.0,0.0
socofing:000319:left_middle,irregular,0.30000001192092896,0.05115041834096676,0.1768634235151424,12.911508099981466,0.3143089828567494,11469.0,0.8536903187632561,0.0,0.0,inf,0.854274484742041,4915.0,0.0,0.06650437405412651,0.210097532559031,11.771497898081858,0.1484907171337509,8303.0,0.8536903187632561,0.0,0.0,inf,0.8716574023703111,3226.0,0.0
socofing:000319:left_ring,irregular,0.4000000059604645,0.047390058276041175,0.168395114025823,13.243127572438876,0.33932172193463334,9830.0,0.8223824203014374,0.0,0.0,inf,0.8824572924784327,6554.0,0.0,0.06538574708967551,0.207625010351733,11.845169097018132,0.1651176505133082,6540.0,0.8223824203014374,0.0,0.0,inf,0.9132978434664086,3792.0,0.0
socofing:000319:left_little,irregular,0.5,0.05935069670553297,0.17977007392573796,12.265741785865165,0.36814764446176845,8192.0,0.8309226185083389,0.0,0.0,inf,0.9267798632672799,8192.0,0.0,0.0836485884000025,0.2343004742547208,10.775413835152419,0.1928221484227439,5563.0,0.8309226185083389,0.0,0.0,inf,0.9273490786839473,3129.0,0.0
socofing:000319:right_thumb,irregular,0.6000000238418579,0.07882373235878327,0.21659222266048211,11.033430048364767,0.306370834737528,6554.0,0.85592320561409,0.0,0.0,inf,0.9589246362103426,9830.0,0.0,0.09510267940161335,0.25360179310107045,10.218072471746458,0.20924265567576264,5279.0,0.85592320561409,0.0,0.0,inf,0.9311839000900738,4646.0,0.0
socofing:000319:right_index,irregular,0.699999988079071,0.041601819219052774,0.14666725335470263,13.80887677557849,0.4768578016995008,4915.0,0.7433910295367241,0.0,0.0,inf,0.9715301744954793,11469.0,0.0,0.06299666283354775,0.20547445287963578,12.006824561236002,0.24740659558689831,3140.0,0.7433910295367241,0.0,0.0,inf,0.9721303919154818,8188.0,0.0
socofing:000319:right_middle,irregular,0.800000011920929,0.05240355879931601,0.16661075282848173,12.806392184662132,0.38967853059767943,3277.0,0.7799009159207344,0.0,0.0,inf,0.985730565332258,13107.0,0.0,0.07108817738157905,0.2141695743257673,11.482026204358505,0.21727822196967625,2353.0,0.7799009159207344,0.0,0.0,inf,0.984859583512706,8156.0,0.0
socofing:000319:right_ring,central_missing,0.10000000149011612,0.05788669509166691,0.18568379221793285,12.374212447746054,0.2557309041775672,14746.0,0.8811607509851456,0.0,0.0,inf,0.9103812536780931,1638.0,0.0,0.07856496171632035,0.23110140413355135,11.047710967845823,0.054063323502091004,9667.0,0.8811607509851456,0.0,0.0,inf,0.9485389587165127,244.0,0.0
socofing:000319:right_little,central_missing,0.20000000298023224,0.07980642313382603,0.21678180639564756,10.97962153519973,0.1967504538939591,13107.0,0.8891863785684109,0.0,0.0,inf,0.9109666418768874,3277.0,0.0,0.09917282129547556,0.25585564878748296,10.036073316629473,0.06026612361575154,10281.0,0.8891863785684109,0.0,0.0,inf,0.8704197872830693,528.0,0.0
socofing:000321:left_thumb,central_missing,0.30000001192092896,0.08209017428346246,0.22074559462985205,10.857088222940254,0.10084833261943772,11469.0,0.9476532926782966,0.0,0.0,inf,0.9748678765881859,4915.0,0.0,0.08602785014334664,0.23207377593637563,10.653609300871732,0.04625655194689898,10528.0,0.9106143694370985,0.0,0.0,inf,0.9416274205621084,1573.0,0.0
socofing:000321:left_index,central_missing,0.4000000059604645,0.08615190423917066,0.2336333347143395,10.647351187798034,0.07031612100390562,9830.0,0.9793596263043582,0.0,0.0,inf,0.9591447850282195,6554.0,0.0,0.08550480369217892,0.2330718027625694,10.680094857583452,0.06894202769376497,9732.0,0.9793596263043582,0.0,0.0,inf,0.9382825396566654,2713.0,0.0
socofing:000321:left_middle,central_missing,0.5,0.11592465241630838,0.2770930540506811,9.358241976008495,0.029992976721327787,8192.0,0.8895707204937935,0.0,0.0,inf,0.9823456483556712,8192.0,0.0,0.11592465241630838,0.2770930540506811,9.358241976008495,0.029992976721327787,8192.0,0.8895707204937935,0.0,0.0,inf,0.9630390955263425,3912.0,0.0
socofing:000321:left_ring,central_missing,0.6000000238418579,0.09745973928885221,0.24215662781121297,10.111747547191845,0.11297091279596612,6554.0,0.9066204987466335,0.0,0.0,inf,0.9863169921020188,9830.0,0.0,0.10502328443555171,0.2596572835367528,9.787144039700086,0.05239542294402991,6080.0,0.9066204987466335,0.0,0.0,inf,0.9676510604863789,3659.0,0.0
socofing:000321:left_little,central_missing,0.699999988079071,0.08677262289558027,0.23867810155243244,10.616172748328442,0.04071601137668955,4915.0,0.9118494968861341,0.0,0.0,inf,0.9905556999399243,11469.0,0.0,0.08677262289558027,0.23867810155243244,10.616172748328442,0.04071601137668955,4915.0,0.9118494968861341,0.0,0.0,inf,0.980123997865886,5448.0,0.0
socofing:000321:right_thumb,central_missing,0.800000011920929,0.09377808944642813,0.24926258366200293,10.278986194466665,0.11329435362438166,3277.0,0.8594970554113388,0.0,0.0,inf,0.9947649117580937,13107.0,0.0,0.09377808944642813,0.24926258366200293,10.278986194466665,0.11329435362438166,3277.0,0.8594970554113388,0.0,0.0,inf,0.9926123706302039,9288.0,0.0
socofing:000321:right_index,peripheral_only,0.10000000149011612,0.06775151993847683,0.1968084149283117,11.690809573762294,0.2637125124202035,14746.0,0.9358787531964481,0.0,0.0,inf,0.9193395313970637,1638.0,0.0,0.08324974922113199,0.23372053338881787,10.796170660744064,0.10661414630330412,10857.0,0.9227250809781253,0.0,0.0,inf,0.9236857547037023,1614.0,0.0
socofing:000321:right_middle,peripheral_only,0.20000000298023224,0.04731736330435353,0.16378037760534006,13.249794638385655,0.30798694142354494,13107.0,0.8904455881565809,0.0,0.0,inf,0.9206234189817045,3277.0,0.0,0.05699237437935539,0.19552506026646035,12.44183249354095,0.12485316329388141,9349.0,0.8904455881565809,0.0,0.0,inf,0.9196854594891073,2909.0,0.0
socofing:000321:right_ring,peripheral_only,0.30000001192092896,0.04758581099533212,0.15970469654629255,13.22522524696617,0.35608310838548357,11469.0,0.8433431349694729,0.0,0.0,inf,0.9428380193288621,4915.0,0.0,0.06677355170663055,0.2093826595371085,11.753955228893634,0.11091502200227313,7445.0,0.8148740828037262,0.0,0.0,inf,0.9444748327764808,3627.0,0.0
socofing:000321:right_little,peripheral_only,0.4000000059604645,0.05139690904365758,0.16210705204449957,12.89062998235217,0.4188783261191973,9830.0,0.8657063841819763,0.0,0.0,inf,0.9403668634041931,6554.0,0.0,0.07961245896215345,0.22820083898240603,10.990189619720685,0.14282409269362617,6031.0,0.8657063841819763,0.0,0.0,inf,0.954845460323904,3895.0,0.0
socofing:000339:left_thumb,peripheral_only,0.5,0.05156721311502542,0.16246759241096242,12.876263388564404,0.37277071455606015,8192.0,0.8640236854553223,0.0,0.0,inf,0.9727796997752289,8192.0,0.0,0.0701982089113033,0.20822495651592207,11.536739686374446,0.15691610146219173,5594.0,0.8640236854553223,0.0,0.0,inf,0.9701955920358257,6739.0,0.0
socofing:000339:left_index,peripheral_only,0.6000000238418579,0.044981545724127256,0.15306049522754517,13.469656247579952,0.39062279079242057,6554.0,0.9164251070469618,0.0,0.0,inf,0.9832469046708014,9830.0,0.0,0.060306085104863016,0.19961675790047928,12.196388637449418,0.1792313493359536,4327.0,0.7104825368151069,0.0,0.0,inf,0.9830797749098973,8162.0,0.0
socofing:000339:left_middle,peripheral_only,0.699999988079071,0.044077036903417244,0.14427680927949332,13.557876087966749,0.43127004287323606,4915.0,0.8356575071811676,0.0,0.0,inf,0.9878574779668966,11469.0,0.0,0.06371359046377499,0.1965419256422548,11.957679203508915,0.20431386229684526,3245.0,0.8356575071811676,0.0,0.0,inf,0.9877190432513224,9430.0,0.0
socofing:000339:left_ring,peripheral_only,0.800000011920929,0.039153636935094285,0.13580846662104792,14.07227890630783,0.47499812141230213,3277.0,0.7653420558199286,0.0,0.0,inf,0.9878818535925592,13107.0,0.0,0.06610771358942183,0.2100063968882465,11.797478631486538,0.17370779968800223,1847.0,0.7653420558199286,0.0,0.0,inf,0.9885363448232073,9181.0,0.0
socofing:000339:left_little,central_only,0.10000000149011612,0.09083132163434002,0.23219451777565384,10.41764366596324,0.26268828773184655,14746.0,0.904986709356308,0.0,0.0,inf,0.9594971587091188,1638.0,0.0,0.10042863718082626,0.250931736558722,9.981424306547108,0.06392582541196362,8548.0,0.904986709356308,0.0,0.0,inf,0.9594971587091188,1638.0,0.0
socofing:000339:right_thumb,central_only,0.20000000298023224,0.04870227694626658,0.16629804490045869,13.124507340198026,0.3003622651656648,13107.0,0.8932312717661262,0.0,0.0,inf,0.9802483449769724,3277.0,0.0,0.06145882433930504,0.19556193722603782,12.11415751724221,0.11529406551736213,9236.0,0.860547601711005,0.0,0.0,inf,0.9802483449769724,3277.0,0.0
socofing:000339:right_index,central_only,0.30000001192092896,0.04387165018005894,0.15850536154429784,13.57816029816269,0.34796169818518413,11469.0,0.8651977144181728,0.0,0.0,inf,0.9777818065612566,4915.0,0.0,0.05903965252998613,0.18976242241664318,12.288562071598406,0.12059507149619487,7254.0,0.8651977144181728,0.0,0.0,inf,0.9777818065612566,4915.0,0.0
socofing:000339:right_middle,central_only,0.4000000059604645,0.05936290190112225,0.16880579453841846,12.264848771218846,0.3540518939341903,9830.0,0.92865753127262,0.0,0.0,inf,0.9866351722136554,6554.0,0.0,0.08411034774821932,0.21971881848754557,10.751505714612655,0.15573404258029416,6045.0,0.92865753127262,0.0,0.0,inf,0.9866351722136554,6554.0,0.0
socofing:000339:right_ring,central_only,0.5,0.037795579215221545,0.13443911782712803,14.22558994731904,0.4924820472400452,8192.0,0.875929830595851,0.0,0.0,inf,0.9859440284092749,8192.0,0.0,0.057247981854209845,0.18320461884477618,12.422398187702424,0.2209953521560526,4039.0,0.875929830595851,0.0,0.0,inf,0.9859440284092749,8192.0,0.0
socofing:000339:right_little,central_only,0.6000000238418579,0.017766735210163122,0.09744900030434657,17.50392370195631,0.5737786539347963,6554.0,0.8150791488587856,0.0,0.0,inf,0.9722818722386608,9830.0,0.0,0.027146234171228398,0.123255118658419,15.66290408877711,0.23062350264559425,2232.0,0.8150791488587856,0.0,0.0,inf,0.9849932509935294,9107.0,0.0
socofing:000345:left_thumb,central_only,0.699999988079071,0.02337147029771017,0.09953744804234617,16.313139653101036,0.6281273209895467,4915.0,0.7193543761968613,0.0,0.0,inf,0.99006011685543,11469.0,0.0,0.052650082069149694,0.18101765217880408,12.786009475145617,0.18331363966253927,1500.0,0.7193543761968613,0.0,0.0,inf,0.9929908390226238,9895.0,0.0
socofing:000345:left_index,central_only,0.800000011920929,0.007298354116614853,0.05496115246796193,21.367750684637315,0.8760290628068429,3277.0,0.7439088672399521,0.0,0.0,inf,0.9858812733833665,13107.0,0.0,0.06794528345774761,0.207520896425614,11.678406852062151,0.40734736258409343,104.0,0.7439088672399521,0.0,0.0,inf,0.9985065417814514,9038.0,0.0
