experiment,relative_path,format,role,size_bytes,sha256
classical_nearest_validation,outputs/classical_nearest_validation/metrics.json,json,aggregate_metrics,120785,5c57d897d8b40feea3c68b4cecf7aed4db5650fe9dcef126d19225d243f997b3
classical_nearest_validation,outputs/classical_nearest_validation/per-image-metrics.csv,csv,unit_level_metrics,329901,6a9b2812c30912ae1448f41936eb2b040266822a24277553eae373e8839e0cdf
_root,outputs/classical_vs_unet_paired_tests.json,json,statistical_comparison,1928,17b70eadb1d2d7c611a6d9cf577de6a28a25c4683018243635580e93180ccc5b
_root,outputs/conformal_structural.json,json,other_machine_readable,3157,416372f54e33634a59ce6928c79414edbe44872a573519ee0f9457d82f646082
_root,outputs/conformal_structural_regions.json,json,other_machine_readable,3145,d5f7c1305075cf321ad0533ac5edb9f9af8e1b008abe9be079d1b813117d49ee
_root,outputs/conformal_structural_zeroshot.json,json,other_machine_readable,4308,442b13163ff0e699e01f013639a6ecc0b3a13b6fc095b50b0d49176d3c4cb036
cvae_full_mps,outputs/cvae_full_mps/metrics.json,json,aggregate_metrics,30994,fee88f0ebff3e633bb2317752ceebfe3f4739497fe20f093e93925970c737ee8
cvae_full_mps,outputs/cvae_full_mps/per-image-probabilistic-metrics.csv,csv,unit_level_metrics,168446,c10afbe3a02a09a0d152667c2e19ad205f372e040557525811a2b5e5cc700384
cvae_pilot_mps,outputs/cvae_pilot_mps/metrics.json,json,aggregate_metrics,4753,78fc3daeb7db4ceb459220a3504a9d194d54e4a84a3b9bd4b21455e39d19a3ce
cvae_pilot_mps,outputs/cvae_pilot_mps/per-image-probabilistic-metrics.csv,csv,unit_level_metrics,71835,4ba1a313348c275fddd4ae2a94486246f3d32fa51bbcef53f2b3d7b189f1fe46
cvae_smoke,outputs/cvae_smoke/metrics.json,json,aggregate_metrics,2797,49d1b179c01cde77c30aecf7c2755a41b78f7a67cee0327fffadb096db7ba1e1
cvae_smoke,outputs/cvae_smoke/per-image-probabilistic-metrics.csv,csv,unit_level_metrics,579,43b0d9b8172e6d3719207a1b71d2fbe78e890385bfab7c4ccc09c8539f2323df
ddim50_k5_balanced90,outputs/ddim50_k5_balanced90/metrics.json,json,aggregate_metrics,185629,a802bbb2c8eca5ba79b746b94ce4f5ed5bcd601bb8ffb5b79689481eed40de53
ddim50_k5_balanced90,outputs/ddim50_k5_balanced90/per-image-probabilistic-metrics.csv,csv,unit_level_metrics,59791,ec998a4c17bcbb2b28eeb700d1669684ffd405f9d83d1de11582d8cf9536d5e1
ddim50_k5_pilot50,outputs/ddim50_k5_pilot50/metrics.json,json,aggregate_metrics,173961,5582148c7aa005453aee7bf1de951a48c9f5a054c482b3087ba884671e3580d7
ddim50_k5_pilot50,outputs/ddim50_k5_pilot50/per-image-probabilistic-metrics.csv,csv,unit_level_metrics,33782,fa92fe9c1f3dd0ab12e4820f941625e59af9d095516e2936555bdd93731a3ba5
_root,outputs/ddim50_vs_repaint_u2_paired_balanced90.json,json,statistical_comparison,4109,e4bf0f0a0bcfca27b2d24faf95bebccaae2ca58e1bad67b4a6a434f05dec733b
_root,outputs/ddim50_vs_repaint_u2_paired_pilot50.json,json,statistical_comparison,4105,bd697e3242eb05a8ce0ea0a17cf8df369aace6a006fd900934eaff74ad38b33c
ddim_100step_k10_pilot,outputs/ddim_100step_k10_pilot/metrics.json,json,aggregate_metrics,10075,e2738f237ef6700be7a5f05bd2a859416d0b044f4ef07f638ca8a4a9e6019e2a
ddim_100step_k10_pilot,outputs/ddim_100step_k10_pilot/per-image-probabilistic-metrics.csv,csv,unit_level_metrics,66142,0899928442669845f8134b4970447265ff7cc2ff551caaa17ecc3b48c6343838
_root,outputs/ddim_50_vs_100_paired.json,json,statistical_comparison,4134,e20a09812b7e1e3c548544476cc8f929a4851632dd3023bfa8e274f2318569a1
ddim_50step_k10_validation,outputs/ddim_50step_k10_validation/metrics.json,json,aggregate_metrics,10115,e9a7ab17965b3928c1a3a1efc183edd48fb29f7a1605f4b5671d2120d6d77016
ddim_50step_k10_validation,outputs/ddim_50step_k10_validation/per-image-probabilistic-metrics.csv,csv,unit_level_metrics,585185,469ac6d5d55edb222384497adb6450316882e6899ee19f19691b693c1ae30271
ddim_50step_k10_validation,outputs/ddim_50step_k10_validation/stratified-summary.json,json,aggregate_metrics,171650,1b4531f2bd8c1b272f872daae0f13b2ea30bdd8763b204f4a4bfae8e6789ea85
ddim_50step_pilot,outputs/ddim_50step_pilot/metrics.json,json,aggregate_metrics,10012,8dcea2121430539ba7ccb42116328df7d4aa7b2d800021c5e16688752e42c5db
ddim_50step_pilot,outputs/ddim_50step_pilot/per-image-probabilistic-metrics.csv,csv,unit_level_metrics,5914,8f3125a0f0dd23b917a54e65e53eb17a7cc00df47d0cc9bcd1e064151838801e
ddim_cpu_smoke,outputs/ddim_cpu_smoke/metrics.json,json,aggregate_metrics,9216,68d8c30fd038f81227a04b9a59056442811450bf3c374c47c52da71375b820bf
ddim_cpu_smoke,outputs/ddim_cpu_smoke/per-image-probabilistic-metrics.csv,csv,unit_level_metrics,1301,cd45fd22b073011121d29df3543318a6d45134da88fc825cb930eef07130cdc7
ddpm_limited_full_mps,outputs/ddpm_limited_full_mps/metrics.json,json,aggregate_metrics,13909,41e71eb5b5c220aa46a8a1fbbc5a9063127f81295ceaf970252fc5b3d1a64fc8
ddpm_pilot_mps,outputs/ddpm_pilot_mps/metrics.json,json,aggregate_metrics,2361,f4258541977661d846034625166455cb913efbc079901f2cb2fe3da4c75ff6ab
ddpm_smoke,outputs/ddpm_smoke/metrics.json,json,aggregate_metrics,718,ffa2b1c7cd4642d6580d3b8fb7683428995dc0bf680d2d02e2b1405dd2a143e5
gated_full_mps,outputs/gated_full_mps/metrics.json,json,aggregate_metrics,180150,f8681da44c8da1c82484d620677af608ca35b5cd29a29a675b1d3434ea0ff1b1
gated_full_mps,outputs/gated_full_mps/per-image-metrics.csv,csv,unit_level_metrics,342550,9c12f6b1aaea3b9cc8c7463712cc709ca154a0d4d60485bf5647d8ba0ea04930
gated_pilot_mps,outputs/gated_pilot_mps/metrics.json,json,aggregate_metrics,126583,7e32fb6e07a392b145236f0923856d8c243e7923d1db8769e9733eb17495be8a
gated_pilot_mps,outputs/gated_pilot_mps/per-image-metrics.csv,csv,unit_level_metrics,194863,700d86f6a320202e0f923fb518c7bc850d8d3683e1fa9ad7fc649593a58f0b63
gated_ridge_band_finetune4,outputs/gated_ridge_band_finetune4/metrics.json,json,aggregate_metrics,126274,0183ca5825a9cd34ac98e0a3fb1fa866e81a3fc865eb7ce6683a266afcdb0b17
gated_ridge_band_finetune4,outputs/gated_ridge_band_finetune4/per-image-metrics.csv,csv,unit_level_metrics,342667,c5ccea69437ba88636e7d9ea2f55e64a3aacf451238b4e4d1a2195417ff08490
gated_ridge_band_pilot,outputs/gated_ridge_band_pilot/metrics.json,json,aggregate_metrics,123189,c3aaeb11762a238918b0c617fba314f676cf3b6164522c6f3716830aa55d5855
gated_ridge_band_pilot,outputs/gated_ridge_band_pilot/per-image-metrics.csv,csv,unit_level_metrics,49274,30073b05e92639b3f1330ae10118aab38019b76ee8e43bc640dfc6afb74eb85e
gated_ridge_band_smoke,outputs/gated_ridge_band_smoke/metrics.json,json,aggregate_metrics,28901,142511635d9afb84502b68b87ab1fa7d0c4677cdd2111071241507433cc628c5
gated_ridge_band_smoke,outputs/gated_ridge_band_smoke/per-image-metrics.csv,csv,unit_level_metrics,1341,2b1102712217835bb2467eecf64467c7f5c93d15c87249f68e7e0aad402e7f0a
gated_ridge_hybrid_full,outputs/gated_ridge_hybrid_full/metrics.json,json,aggregate_metrics,132736,187668cd4f66d7cc44dca0f0ba90df3d6063d4cfb6d76abf3680b47a7ba76d67
gated_ridge_hybrid_full,outputs/gated_ridge_hybrid_full/per-image-metrics.csv,csv,unit_level_metrics,342698,7722dbfb673ed0d46c7008ea604f8896fa2eaea643e0ceeea750cb3b268623a0
gated_ridge_hybrid_full,outputs/gated_ridge_hybrid_full/vs_v3_loss_paired.json,json,statistical_comparison,2007,e6067374eb14fb384082b2ac3a77ca8198a1989040d53343f886524c718368de
gated_ridge_hybrid_pilot,outputs/gated_ridge_hybrid_pilot/metrics.json,json,aggregate_metrics,126772,9c8a623af3676191e344c8aa87c3d49857bc9365bf91eec93ed14b067b3c70b0
gated_ridge_hybrid_pilot,outputs/gated_ridge_hybrid_pilot/per-image-metrics.csv,csv,unit_level_metrics,24927,8648ff30fdfe6badfbb2064a839ffa285ea95baf0b69f0dd0be86ab97969027d
gated_smoke,outputs/gated_smoke/metrics.json,json,aggregate_metrics,28794,672e742b12bd21faef3bfc2ae4147d66aac9f3d4864d7b627c3ffd7859213167
gated_smoke,outputs/gated_smoke/per-image-metrics.csv,csv,unit_level_metrics,1343,4476c788d06e5405765ff0cc6a79ffe6d8065320a3433cc512946e5ba1da92c9
_root,outputs/gated_vs_cvae_paired_tests.json,json,statistical_comparison,1584,6eb56a2cf30875da37ea049821bd6d2f4574c56678ed1102c717b3a3f11ed0dd
_root,outputs/gated_vs_ddim50_paired_tests.json,json,statistical_comparison,3364,5e52e19a289a9f934126e916baf03a463055614cd608c814164de896b3b87dd8
_root,outputs/geometry_conditioned_heldout.json,json,other_machine_readable,2334,61c9fe626e9f64b910a5f392098f1022e1d4c7a8babae9b48c7eb10206d84f62
_root,outputs/geometry_conditioned_heldout.per-image.csv,csv,unit_level_metrics,117873,786c12c2fe6696312e4ae0fd3740ce641033818477de7cec4913b1f47e6e3b12
_root,outputs/geometry_conditioned_v2_heldout.json,json,other_machine_readable,2365,94d8f8ee5c2aaa18c294d0a886e9283e6f800c720706a721ab671e2853f82fcc
_root,outputs/geometry_conditioned_v2_heldout.per-image.csv,csv,unit_level_metrics,117847,31bbc4425dbf551aef203e93677feda1e4a5f32ba4413985e5d2eaca61964350
_root,outputs/geometry_reliability.json,json,other_machine_readable,1543,f1d9060c9bdd68d696e68544e9f46f6671e5403367e72340184a28822faa09d7
_root,outputs/geometry_reliability.per-image.csv,csv,unit_level_metrics,17428,f183b2703a647bfa9e47c081ab03fa522550062be995cea5f719470d28eef0ff
_root,outputs/geometry_reliability_nist302.json,json,other_machine_readable,392,9d72ac187e831cf16e59ff694005f7e1816619b82d3dc30048a64ab0f37035e8
_root,outputs/geometry_reliability_nist302.per-image.csv,csv,unit_level_metrics,43239,1ce2c42d50bef08bfdde0dcb405becfa53e1d0145201b46238afb57dbc506dc3
latent_autoencoder_full,outputs/latent_autoencoder_full/metrics.json,json,aggregate_metrics,41130,753a837a362c31eb160a7ef8aca7d34845688a4eacec2cbb04ac494ffdcee3e8
latent_autoencoder_full,outputs/latent_autoencoder_full/per-image-codec-metrics.csv,csv,unit_level_metrics,159738,5b028a41b5222df013824d28a38b884c4e1a1666f325f9757e85e1f61bd1628e
latent_autoencoder_pilot,outputs/latent_autoencoder_pilot/metrics.json,json,aggregate_metrics,8523,725351da7b7a04f8eaf263b6dc334ac61efb50286f20e53938322dabcaebdfce
latent_autoencoder_pilot,outputs/latent_autoencoder_pilot/per-image-codec-metrics.csv,csv,unit_level_metrics,89874,e05e567c61c23d2c924371df6d520d9992d60482d99066941d236711bbd77127
latent_autoencoder_smoke,outputs/latent_autoencoder_smoke/metrics.json,json,aggregate_metrics,3122,62b965d492c4db8b85ae632e4a307934120df1623e6d4d6f18856e2bbdc6b032
latent_autoencoder_smoke,outputs/latent_autoencoder_smoke/per-image-codec-metrics.csv,csv,unit_level_metrics,833,a75f955e2a15e48293ce6c20fcab64da2b89ba2a33fe04a35a05605fb08231f2
latent_diffusion_full,outputs/latent_diffusion_full/metrics.json,json,aggregate_metrics,1600,cf60ec84bdda881138ceafd92acf29bf2a34c7990e973ef3ff06ac669e546327
latent_diffusion_pilot,outputs/latent_diffusion_pilot/metrics.json,json,aggregate_metrics,1466,06f129166355d6651d38a1c732f922a85f6cc438bdc9ce05b2688cff0049b61c
latent_diffusion_smoke,outputs/latent_diffusion_smoke/metrics.json,json,aggregate_metrics,631,d47d563cf675b513ef24526ca7baded29cf1c62268cc12924957071fa754a38b
latent_diffusion_v2,outputs/latent_diffusion_v2/metrics.json,json,aggregate_metrics,2868,9f6f259edcece984a3f15f3c23433636cd3364132adc349f927e3196d1dd73f0
latent_diffusion_v3,outputs/latent_diffusion_v3/metrics.json,json,aggregate_metrics,2182,6324ce15d04fbb3edfab38295745f116dd55a47279bc9a8d91161db1f00834e1
latent_diffusion_v3_adapter,outputs/latent_diffusion_v3_adapter/metrics.json,json,aggregate_metrics,2261,e7c24cd4c7ce3ffebdb2b41661d80f456f85080b1855f3af149ce215adede8c5
latent_diffusion_v3_smoke,outputs/latent_diffusion_v3_smoke/metrics.json,json,aggregate_metrics,770,344962c516edd82a8356e21cc576b6cc9097ede43ae6a1b2df04c1cdfdf470f4
latent_fraction_seeded_plain,outputs/latent_fraction_seeded_plain/metrics.json,json,aggregate_metrics,3960,9470865f4bb496be3fea21975d720869a1ec46181a82da19e6f170eabcfb2667
latent_fraction_seeded_reinjected,outputs/latent_fraction_seeded_reinjected/metrics.json,json,aggregate_metrics,3964,a2422347b9c7c248f51538264c2be2cd9ad2c8e262f3acc259ac918db6da4d23
latent_observed_fraction_gate,outputs/latent_observed_fraction_gate/metrics.json,json,aggregate_metrics,3926,4c070e26044e3030038cef0c6537408183bd24bf271e5a294334374f6ad4c627
latent_observed_fraction_gate_reinjected,outputs/latent_observed_fraction_gate_reinjected/metrics.json,json,aggregate_metrics,3964,f3d9cba917b10158ff48c7fe2d5656c82c4501520bfa4fc983e1f8113785bf97
latent_reinjection_paired90,outputs/latent_reinjection_paired90/metrics.json,json,aggregate_metrics,4233,57c069dad45687d4987ff80149d77ccb08cd687cadc2c0052961bb275c4b692b
latent_reinjection_paired90,outputs/latent_reinjection_paired90/paired-per-image.csv,csv,unit_level_metrics,106932,605edb9bbc3076a5163c6e626e2ff0af9cf6d47c3a360b406cd4a0770abc1382
latent_shape_constraint_preview,outputs/latent_shape_constraint_preview/metrics.json,json,aggregate_metrics,861,bbf90223c0059a171291f58ab3ae9012f07fe90b3782d9cb19d7d070de57d988
_root,outputs/latent_v1_vs_v2_epoch8_reinjected_paired90.json,json,statistical_comparison,3255,85915de93a376adb886354d87d92e4c308b76af863852d0056a2bcf670b0db0e
_root,outputs/latent_v1_vs_v2_reinjected_paired90.json,json,statistical_comparison,3259,5f258e10e1429b7c858ab204e5fbb85b3887bf06b5c368ea69f4af589b23de61
_root,outputs/latent_v2_epoch5_vs_epoch8_paired90.json,json,statistical_comparison,3274,40a6ab8f06341aa01ae5955e8bbb833762c59583eef43b5f2039c1e9f0fbe6e5
latent_v2_epoch8_reinjection_paired90,outputs/latent_v2_epoch8_reinjection_paired90/metrics.json,json,aggregate_metrics,4234,a97c3fabf0873cd76c584b020415736883046a479b27e6775ffdbbabab8d6b30
latent_v2_epoch8_reinjection_paired90,outputs/latent_v2_epoch8_reinjection_paired90/paired-per-image.csv,csv,unit_level_metrics,106846,53bb261b9a30d4099a4f53caa07e628c100be9ac22761099f8e3f00979fa9bbe
latent_v2_reinjection_paired90,outputs/latent_v2_reinjection_paired90/metrics.json,json,aggregate_metrics,4240,aadf0ccfed2618b46771ee670fbeb950890d30f8563b35657b17bbcb3cd1dda1
latent_v2_reinjection_paired90,outputs/latent_v2_reinjection_paired90/paired-per-image.csv,csv,unit_level_metrics,106905,82c39990dfc252ab08938ea35297ddf2360abcc64aa7c5ad2b8e2921c08d1d8c
_root,outputs/latent_v2_vs_v3_adapter_reinjected_paired90.json,json,statistical_comparison,3276,4b25c7e6c58e856f99c2c20ced7903851b72d5a7aab0f87609964c7b45567d31
_root,outputs/latent_v2_vs_v3_structure_reinjected_paired90.json,json,statistical_comparison,3293,064f0f4c6cfaa3e238b8fa0e2bf0066116a21431800d2b91363355d21cc31342
latent_v3_adapter_pixel_projection5_paired90,outputs/latent_v3_adapter_pixel_projection5_paired90/metrics.json,json,aggregate_metrics,4315,f77c48335ec5102337b4ac8d55e1c9a5f20db89c8606590cbe91a8a5400142c7
latent_v3_adapter_pixel_projection5_paired90,outputs/latent_v3_adapter_pixel_projection5_paired90/paired-per-image.csv,csv,unit_level_metrics,114175,c5d46cee5adbfd90e1af1cf83847fc166e1581ffdc617ef774e797e82f5d1486
latent_v3_adapter_reinjection_paired90,outputs/latent_v3_adapter_reinjection_paired90/metrics.json,json,aggregate_metrics,4250,87fa6c74e4a171f490a58e957859ad381cd6ad3d6e20eefeca353729234a38cb
latent_v3_adapter_reinjection_paired90,outputs/latent_v3_adapter_reinjection_paired90/paired-per-image.csv,csv,unit_level_metrics,106957,510f79ee9c84e9f5d92361a403e72c837692e4eadd46acb661861d51f578a90d
_root,outputs/latent_v3_adapter_reinjection_vs_projection5_paired90.json,json,statistical_comparison,3267,6e81fc5517978611c63fe2059cd3bcd4148642464fa64f678d616ef779c03633
_root,outputs/latent_v3_projection5_vs_residual_v1_paired90.json,json,statistical_comparison,3269,ecb11b39b075847f505912e5383ce0c7917aaac8b69ac219a5db06dcb2d69c94
latent_v3_structure_reinjection_paired90,outputs/latent_v3_structure_reinjection_paired90/metrics.json,json,aggregate_metrics,4234,f90ad50cc2930d7c11d6976995fb8c015c776905b7f0b15cb68fba0da1415508
latent_v3_structure_reinjection_paired90,outputs/latent_v3_structure_reinjection_paired90/paired-per-image.csv,csv,unit_level_metrics,106889,512a9f50705a9f02fa388265800566f7bfdf49e0c4c00d13ac6e8fccb6e7650e
_root,outputs/multisignal_reliability.json,json,other_machine_readable,1511,c4aabf6f17a01af21a6151ebb76e8f1ea30129ba929c22d1653613cc4f52fd8f
nist302_TEST_FINAL_bbdm_track_e,outputs/nist302_TEST_FINAL_bbdm_track_e/metrics.json,json,aggregate_metrics,3273,fab1f16fa652fe8b40aae01a21fb8e68cfa9d373803bdab706013e3b5f5dd9d0
nist302_TEST_FINAL_bbdm_track_e,outputs/nist302_TEST_FINAL_bbdm_track_e/per-image-metrics.csv,csv,unit_level_metrics,1208671,7209cbb5cbed0bc434b31a21b4844288891b7ef3b5ad2a4f65724282e3146d82
nist302_TEST_FINAL_boundary_continuity,outputs/nist302_TEST_FINAL_boundary_continuity/metrics.json,json,aggregate_metrics,4396,c59b027ae8b8e4e46cd0f6f0c1877a8859beef7fa3e5157ae73f78b514c89b02
nist302_TEST_FINAL_boundary_continuity,outputs/nist302_TEST_FINAL_boundary_continuity/per-image-metrics.csv,csv,unit_level_metrics,64317,6ef77bcb46fe2632ccdbcabb79aa9f3a2ef9b1582fe3ddfe6c19010b4c32043a
nist302_TEST_FINAL_cvae_spatial,outputs/nist302_TEST_FINAL_cvae_spatial/method-audit.json,json,audit_or_provenance,3988,f97bf4083be79f71c19e9a5e69ac0900e00fa92f872de597846cccc12e0af5d2
nist302_TEST_FINAL_cvae_spatial,outputs/nist302_TEST_FINAL_cvae_spatial/metrics.json,json,aggregate_metrics,33425,409c8381439bf812607a3020fe0ba72ff0c5085b3088008ea2d336d4cf092eaa
nist302_TEST_FINAL_cvae_spatial,outputs/nist302_TEST_FINAL_cvae_spatial/per-image-probabilistic-metrics.csv,csv,unit_level_metrics,494830,bf64119578a0f23ccf5d8fc42cc1857bb468031dc1f8bd2e372dc34878bb2317
nist302_TEST_FINAL_ddim,outputs/nist302_TEST_FINAL_ddim/method-audit.json,json,audit_or_provenance,301,2f278218697d6d49ece30761412b0ce2dbf860cdd7f45ac9d0597da656b30805
nist302_TEST_FINAL_ddim,outputs/nist302_TEST_FINAL_ddim/metrics.json,json,aggregate_metrics,24185,ba56160eabee605ecff5262c4f8fe28f9220da7de97028f1736a825eab407898
nist302_TEST_FINAL_ddim,outputs/nist302_TEST_FINAL_ddim/per-image-probabilistic-metrics.csv,csv,unit_level_metrics,358781,7996dae784596cde97029c7cd7738810e0b5c944bec95faa73eeb4f2b48e9cb2
nist302_TEST_FINAL_ensemble,outputs/nist302_TEST_FINAL_ensemble/metrics.json,json,aggregate_metrics,16425,90722d87c5b4b282dd4523f6304c21b5e446ec417870f3b928a431943114688e
nist302_TEST_FINAL_ensemble,outputs/nist302_TEST_FINAL_ensemble/per-image-metrics.csv,csv,unit_level_metrics,206172,bbfb9a8b3c170c878ea1f00849e5c95c818682226b6d1e4108d9ffb77f0f6eee
nist302_TEST_FINAL_finetuned_support_spectrum,outputs/nist302_TEST_FINAL_finetuned_support_spectrum/metrics.json,json,aggregate_metrics,4401,23999eaaece82de431b7a8086e4d7febef86c4b114b890cedb07bd8a581f8186
nist302_TEST_FINAL_finetuned_support_spectrum,outputs/nist302_TEST_FINAL_finetuned_support_spectrum/per-image-metrics.csv,csv,unit_level_metrics,64325,bfaa100dd1ed143d712eb7abdead3825961c99a1d68b2bcf33f7ffbe0965d954
nist302_TEST_FINAL_flow_matching,outputs/nist302_TEST_FINAL_flow_matching/metrics.json,json,aggregate_metrics,10940,71cb638337677cb9ed9aef138cce43528554674b117ad523ba97c0a23e7484cc
nist302_TEST_FINAL_flow_matching,outputs/nist302_TEST_FINAL_flow_matching/per-image-probabilistic-metrics.csv,csv,unit_level_metrics,159093,c14abc9aa1256ef0d4746d1a6f450e26d6707fbf018312a352936026ea14d0d3
nist302_TEST_FINAL_latent_diffusion_plain,outputs/nist302_TEST_FINAL_latent_diffusion_plain/method-audit.json,json,audit_or_provenance,390,01befa47c538c2f65783450719a2bd996665741804934d9356290b4ae641230f
nist302_TEST_FINAL_latent_diffusion_plain,outputs/nist302_TEST_FINAL_latent_diffusion_plain/metrics.json,json,aggregate_metrics,11138,9628a0078c120a7a8719d7eec7ddc889ec04b712806a4e008ae9cd474e2a060d
nist302_TEST_FINAL_latent_diffusion_plain,outputs/nist302_TEST_FINAL_latent_diffusion_plain/per-image-probabilistic-metrics.csv,csv,unit_level_metrics,158096,f040d2192457837e72189c523d0efe3f4d373788efff3991631bd75ab43e6ec2
nist302_TEST_FINAL_latent_diffusion_structure_guided,outputs/nist302_TEST_FINAL_latent_diffusion_structure_guided/method-audit.json,json,audit_or_provenance,390,01befa47c538c2f65783450719a2bd996665741804934d9356290b4ae641230f
nist302_TEST_FINAL_latent_diffusion_structure_guided,outputs/nist302_TEST_FINAL_latent_diffusion_structure_guided/metrics.json,json,aggregate_metrics,11236,6f9a189fda99138e9120457eab5351b925c5093db1d4cd4def5eec12d20ba7fe
nist302_TEST_FINAL_latent_diffusion_structure_guided,outputs/nist302_TEST_FINAL_latent_diffusion_structure_guided/per-image-probabilistic-metrics.csv,csv,unit_level_metrics,158127,7b7a5edd30794fed0be7fa080410ee23ba02930ce06fbb4f370486abd68036a4
nist302_TEST_FINAL_repaint,outputs/nist302_TEST_FINAL_repaint/method-audit.json,json,audit_or_provenance,301,2f278218697d6d49ece30761412b0ce2dbf860cdd7f45ac9d0597da656b30805
nist302_TEST_FINAL_repaint,outputs/nist302_TEST_FINAL_repaint/metrics.json,json,aggregate_metrics,10950,8821225201a0c08c35bb6938d004706faf16322e7621b98a2fcfef5b8f217987
nist302_TEST_FINAL_repaint,outputs/nist302_TEST_FINAL_repaint/per-image-probabilistic-metrics.csv,csv,unit_level_metrics,159541,d69a22817d2bb4b6b08f08e80e6072db97efcfac05621eb645aa2b4edcded06a
nist302_TEST_FINAL_residual_ddpm,outputs/nist302_TEST_FINAL_residual_ddpm/method-audit.json,json,audit_or_provenance,301,2f278218697d6d49ece30761412b0ce2dbf860cdd7f45ac9d0597da656b30805
nist302_TEST_FINAL_residual_ddpm,outputs/nist302_TEST_FINAL_residual_ddpm/metrics.json,json,aggregate_metrics,24308,8fdf49b9bc63fa9a9d6497321a93fed6684a39afd78e2affc412c405c757dd4d
nist302_TEST_FINAL_residual_ddpm,outputs/nist302_TEST_FINAL_residual_ddpm/per-image-probabilistic-metrics.csv,csv,unit_level_metrics,359360,cb9e45a271124790d44b990b99f1850e055b23e08701428ec52b39ebfe16763b
nist302_TEST_FINAL_zeroshot_deterministic,outputs/nist302_TEST_FINAL_zeroshot_deterministic/metrics.json,json,aggregate_metrics,4379,21028bf521aea39f682207d8ea119dea69ec222657ebd073eee80075475ee598
nist302_TEST_FINAL_zeroshot_deterministic,outputs/nist302_TEST_FINAL_zeroshot_deterministic/per-image-metrics.csv,csv,unit_level_metrics,64429,14d543d5f86a8f349a08464c2e49fcacad48f15a980fb869e97a4067ecee9494
nist302_ablation_orientation_only_full,outputs/nist302_ablation_orientation_only_full/method-audit.json,json,audit_or_provenance,3485,7d6dd67f50be5f7ad59b6485cc023dc9eadbb78a4597f3b04fd566a54d265b53
nist302_ablation_orientation_only_full,outputs/nist302_ablation_orientation_only_full/training-metrics.json,json,aggregate_metrics,17637,783856a48ae18f13e6339b0886933aa54f767ed5747781cee6a2137bd3cf9658
nist302_ablation_orientation_only_heldout,outputs/nist302_ablation_orientation_only_heldout/metrics.json,json,aggregate_metrics,4408,0623b7d16053493b05687dd2100b764e8aacfc9a5bf1d742b269a9d1ee50d3b4
nist302_ablation_orientation_only_heldout,outputs/nist302_ablation_orientation_only_heldout/per-image-metrics.csv,csv,unit_level_metrics,85788,d5985be296e08783fb3b866dd83f1f72f807d181a0267c01e9b5a88de8e0cf86
nist302_ablation_orientation_only_smoke,outputs/nist302_ablation_orientation_only_smoke/method-audit.json,json,audit_or_provenance,3491,4e108d9ff9450962708bdae451634845a2a8ec8e7e782036ae8a877603d9c80f
nist302_ablation_orientation_only_smoke,outputs/nist302_ablation_orientation_only_smoke/training-metrics.json,json,aggregate_metrics,1571,f13efbce93aba4a5648cbe35b8f9da76a501ed578dfecca3d0203649b59317e3
_root,outputs/nist302_ablation_orientation_only_vs_full_subject_tests.json,json,other_machine_readable,2760,9e035ba1446724fcd6dbd331259c9d12599067ff4ab306ed59cf6fce833e5131
nist302_ablation_ridge_band_only_full,outputs/nist302_ablation_ridge_band_only_full/method-audit.json,json,audit_or_provenance,3485,a808f2272d5603d298c07ec0680b896031984e574a19ae9c1bcc4504e3d99fb4
nist302_ablation_ridge_band_only_full,outputs/nist302_ablation_ridge_band_only_full/training-metrics.json,json,aggregate_metrics,14320,40004951ccf72d0a4e805e9736d8bd564cf516f9463da6efa0b73942949a6c59
nist302_ablation_ridge_band_only_heldout,outputs/nist302_ablation_ridge_band_only_heldout/metrics.json,json,aggregate_metrics,4401,c717ad6d62a8f1532fdc821e4474d884fe8c39ca2b4f7401a04e755eef5fa404
nist302_ablation_ridge_band_only_heldout,outputs/nist302_ablation_ridge_band_only_heldout/per-image-metrics.csv,csv,unit_level_metrics,85937,930346b2d21df37f1256db879ba850ee98275acf262c896201214c2016c78f4d
_root,outputs/nist302_ablation_ridge_band_only_vs_full_subject_tests.json,json,other_machine_readable,2751,52de3bd4beb1248b64c259761cfe472c3548d716edd3e7ca9c7b62d18112cb33
nist302_annotations,outputs/nist302_annotations/comp_pilot/annotation_summary.csv,csv,aggregate_metrics,2082,8932b916d071b3679b91ad3e01be4a7070f4c70af0d53e12cb92a19206a05121
nist302_annotations,outputs/nist302_annotations/comp_pilot/extraction_audit.json,json,audit_or_provenance,474,0ea110e87bb15d9bc34eece7d54b789b02b6347e58ca2670b1767032fa6a3eb0
nist302_annotations,outputs/nist302_annotations/comp_random200/annotation_summary.csv,csv,aggregate_metrics,95371,55c1b7ce89ba3bfddb7c4ef448682bd38ec1eb586d7a18a439ea46c5fef36661
nist302_annotations,outputs/nist302_annotations/comp_random200/extraction_audit.json,json,audit_or_provenance,596,410e05d3c61c7545e8d3ed015f5cdd60175f137a141defb1b0f11442ac92b6e5
nist302_annotations,outputs/nist302_annotations/full_audit/annotation_statistics.json,json,statistical_comparison,2203,22c456d58f42d18d6b7003eba9eebe5bd6b8f14336100b81f2c4369a7d61ebb0
nist302_annotations,outputs/nist302_annotations/lffs_pilot/annotation_summary.csv,csv,aggregate_metrics,1105,6b39618ec0ff970cb13239e816d7309eaaae308987635890e945ff2a5a44047f
nist302_annotations,outputs/nist302_annotations/lffs_pilot/extraction_audit.json,json,audit_or_provenance,474,5065674351719056e07b4b5280aa47630fc6664064a9e413b38f87c06b0492ad
nist302_annotations,outputs/nist302_annotations/lffs_random200/annotation_summary.csv,csv,aggregate_metrics,29856,dabdccad5744a4431f7606b8d3c2a408c27772ff287ef01961c5e72d8486e6af
nist302_annotations,outputs/nist302_annotations/lffs_random200/extraction_audit.json,json,audit_or_provenance,597,06db054dfc6d8a79a2f2f19909d97f9108e887269cd9e53a451c3012dfcca89f
nist302_bbdm_track_e_eval,outputs/nist302_bbdm_track_e_eval/metrics.json,json,aggregate_metrics,3258,c441da71503c2d563ff581a1b6e9fae46725affe50c2d5c0560f76700178749e
nist302_bbdm_track_e_eval,outputs/nist302_bbdm_track_e_eval/per-image-metrics.csv,csv,unit_level_metrics,80158,4ac068c77fb2a0239bf96cfb78dfed12112e3cfa72dbd58f2ae7938031e0e9bd
nist302_bbdm_track_e_full,outputs/nist302_bbdm_track_e_full/metrics.json,json,aggregate_metrics,3623,fded4f9da9eca1113da072d83ead23669a0b654bcb2046bcd76a3c1d59144807
nist302_bbdm_track_e_full_fixed,outputs/nist302_bbdm_track_e_full_fixed/metrics.json,json,aggregate_metrics,3183,3154e02817ac93276135eadd53d9632ddc22a770369b8e3dc9cfa08df51b3332
_root,outputs/nist302_bbdm_vs_zeroshot_subject_tests.json,json,other_machine_readable,1977,904c91789c6f68fc2809ea9464db17ba09618f490652b27c2db2217cc0a7abcb
nist302_boundary_continuity_full,outputs/nist302_boundary_continuity_full/method-audit.json,json,audit_or_provenance,3555,59689f53510c3e0503336833667a8c15123b0073c02feb958dc52c09046e341d
nist302_boundary_continuity_full,outputs/nist302_boundary_continuity_full/training-metrics.json,json,aggregate_metrics,19998,9a23cb9e8636752af3d9efc954a3600d3e16b15cefc8d7d3b2b1a60e491622e7
nist302_boundary_continuity_heldout,outputs/nist302_boundary_continuity_heldout/metrics.json,json,aggregate_metrics,4404,70e557c389437e22aec39ad09717201ba056f466cacd79ddff4ad982fee199b0
nist302_boundary_continuity_heldout,outputs/nist302_boundary_continuity_heldout/per-image-metrics.csv,csv,unit_level_metrics,85896,39cc44169df638f9dad06d7070de6ca74053a605872048808f4e4b6e9ffebd87
_root,outputs/nist302_boundary_continuity_vs_full_subject_tests.json,json,other_machine_readable,2768,91ee0e1132601d61afdf57bbd3577435b59e2af6888bdeeefb396272fb3ecaa9
nist302_classical_128_validation,outputs/nist302_classical_128_validation/distance_strata_tests.json,json,other_machine_readable,6336,9e22b4522b32a5fc0e3521ea9dd93faacbb177486ca3f3fd784123d2142baf8a
nist302_classical_128_validation,outputs/nist302_classical_128_validation/metrics.json,json,aggregate_metrics,24631,34e9df0a128f392dc367a3259d7bd244e1ac798b24c47347c015cc14c325ca1c
nist302_classical_128_validation,outputs/nist302_classical_128_validation/per-image-metrics.csv,csv,unit_level_metrics,429696,daa4872d614210ebfa7772cc3abe3f51a79a81ca92abb72ca46a867b0a57a319
_root,outputs/nist302_cvae_distance_diag_full.json,json,other_machine_readable,931,8f8733cb8f3a7d033410d13ab706780f7c8cc8a0ecd09e68dc52a31893d5472d
_root,outputs/nist302_cvae_distance_diag_smoke.json,json,other_machine_readable,915,66caa88836c5752ed911f3649fc370453447a06164d7afbd4f8725415eda8848
nist302_cvae_fair_global_full,outputs/nist302_cvae_fair_global_full/method-audit.json,json,audit_or_provenance,3862,3c254043ee7b3b17132df1c332dadd3042b331efe2ed40310c35939c7c13096b
nist302_cvae_fair_global_full,outputs/nist302_cvae_fair_global_full/metrics.json,json,aggregate_metrics,56313,01cfd4a52b58f6844584679637423cdcb1acbf4ee77e69f8f52f810dd2e822dd
nist302_cvae_fair_global_full,outputs/nist302_cvae_fair_global_full/per-image-probabilistic-metrics.csv,csv,unit_level_metrics,658382,ce82f1a97c7ad9806ed5b0cf6357aed1c981a9a1221de244de64dd564b04f4b0
nist302_cvae_fair_global_pilot,outputs/nist302_cvae_fair_global_pilot/method-audit.json,json,audit_or_provenance,3830,af2628ec3ce23bf8fffa5fe6b231852ddd230c5ab840474841733fe512852add
nist302_cvae_fair_global_pilot,outputs/nist302_cvae_fair_global_pilot/metrics.json,json,aggregate_metrics,24958,c46f727f5d2357966fdda9e64cc513df253b808be58e4c05276346d74aba4753
nist302_cvae_fair_global_pilot,outputs/nist302_cvae_fair_global_pilot/per-image-probabilistic-metrics.csv,csv,unit_level_metrics,89236,c7aa18c4619b378ce3988c82cdd38d74a8984125e9313f8ca71a5d066149a5b6
nist302_cvae_fair_global_pilot_full_validation,outputs/nist302_cvae_fair_global_pilot_full_validation/method-audit.json,json,audit_or_provenance,3928,144c8ca0e8e97ea854b6defdc59de7663c6f50336ee8d37c6c0a8ec3f84f8ab7
nist302_cvae_fair_global_pilot_full_validation,outputs/nist302_cvae_fair_global_pilot_full_validation/metrics.json,json,aggregate_metrics,33476,7dbca4433b92484aa536c0c7ea617f2f2ad2284f19a4ba4c06df99dbb1e5147f
nist302_cvae_fair_global_pilot_full_validation,outputs/nist302_cvae_fair_global_pilot_full_validation/per-image-probabilistic-metrics.csv,csv,unit_level_metrics,666147,79fb63e647071e3414a5e299c605490f13b41ebc7c975383f4314c99ffd49708
nist302_cvae_fair_global_smoke,outputs/nist302_cvae_fair_global_smoke/method-audit.json,json,audit_or_provenance,3833,e234a04f5b86fbd028492250e38026e2633580c8ecb7753061141cc0efd2306b
nist302_cvae_fair_global_smoke,outputs/nist302_cvae_fair_global_smoke/metrics.json,json,aggregate_metrics,21508,93957c473badaf05010139570cb61fb0ace97d3218c1ec630b4f112581f9c630
nist302_cvae_fair_global_smoke,outputs/nist302_cvae_fair_global_smoke/per-image-probabilistic-metrics.csv,csv,unit_level_metrics,4515,66d2cb1dfce099d0071d48ce100ae870553bd522744a0c25449e5c219cdc2222
nist302_cvae_fair_spatial_full,outputs/nist302_cvae_fair_spatial_full/method-audit.json,json,audit_or_provenance,3861,257b7ad2071a24ae53b29051af2056d1682a7d3066995f869b8599feb7ea71a7
nist302_cvae_fair_spatial_full,outputs/nist302_cvae_fair_spatial_full/metrics.json,json,aggregate_metrics,66022,3b15281d269a68e43ad2cb4167a6ccd1e2403e8325e607cebaabc752fbf87181
nist302_cvae_fair_spatial_full,outputs/nist302_cvae_fair_spatial_full/per-image-probabilistic-metrics.csv,csv,unit_level_metrics,655086,12dfd7305d7f68c3d1b65cb97adf4abb57ba8ad754b37bfb29a4418d3343a65c
nist302_cvae_fair_spatial_pilot,outputs/nist302_cvae_fair_spatial_pilot/method-audit.json,json,audit_or_provenance,3829,51f7e734a5d87a0557ab49909b6d4e5186d9d5610349eb8156eea858fae328fa
nist302_cvae_fair_spatial_pilot,outputs/nist302_cvae_fair_spatial_pilot/metrics.json,json,aggregate_metrics,24852,b67df7bd1c1833f8ea6dd08a5f587a33d66a0f61d8b32645b9637b875df07354
nist302_cvae_fair_spatial_pilot,outputs/nist302_cvae_fair_spatial_pilot/per-image-probabilistic-metrics.csv,csv,unit_level_metrics,87985,2fe5798ecd873636dbe6f7df49d10fad6f1e740613a54e6ca0a131d8bc3f1cb6
nist302_cvae_fair_spatial_pilot_full_validation,outputs/nist302_cvae_fair_spatial_pilot_full_validation/method-audit.json,json,audit_or_provenance,3928,633247122804d7a4a11b18a1d544b1ba437f01bc5163a0831c55e100cb7e0773
nist302_cvae_fair_spatial_pilot_full_validation,outputs/nist302_cvae_fair_spatial_pilot_full_validation/metrics.json,json,aggregate_metrics,33298,8516867e2058dbe43726c5966d6a00a030990a0b04254bab1babea9a2571df76
nist302_cvae_fair_spatial_pilot_full_validation,outputs/nist302_cvae_fair_spatial_pilot_full_validation/per-image-probabilistic-metrics.csv,csv,unit_level_metrics,654751,f4384380376e60d6cc3a584abe32dd9840d0b9cb41ad46dc6965dc6f3a8a76fd
nist302_cvae_fair_spatial_smoke,outputs/nist302_cvae_fair_spatial_smoke/method-audit.json,json,audit_or_provenance,3834,c73cf08c51ab3794a1ea3fe0c5829071c9e76e9143fb9ba207c3417973b77eb9
nist302_cvae_fair_spatial_smoke,outputs/nist302_cvae_fair_spatial_smoke/metrics.json,json,aggregate_metrics,21460,58efd54575d1b767cc848961c4757394b9924c6a66b5468c200c445fba7f9301
nist302_cvae_fair_spatial_smoke,outputs/nist302_cvae_fair_spatial_smoke/per-image-probabilistic-metrics.csv,csv,unit_level_metrics,4486,8fe1e8676cdf6f7b0a0d16500ceba4194ce0d6cf01676cbc1b05612d9a2ef807
nist302_cvae_pilot,outputs/nist302_cvae_pilot/method-audit.json,json,audit_or_provenance,1538,62c9b558b8352e3c789634b8dcf3f036e8b52f9b5fb2fbd5474d95df1aa1512a
nist302_cvae_pilot,outputs/nist302_cvae_pilot/metrics.json,json,aggregate_metrics,6214,bde3dc9237b33d4011c1c2c088fafc895f457658361be4ed2ff3e53d94939b65
nist302_cvae_pilot,outputs/nist302_cvae_pilot/per-image-probabilistic-metrics.csv,csv,unit_level_metrics,32003,6a0078c1601f743b59c533d3b09f851990cf592a6526547ddd6b42eb573cad22
nist302_cvae_smoke,outputs/nist302_cvae_smoke/method-audit.json,json,audit_or_provenance,1543,d6fe9e33022a14904dd4c058bf44d4c183f58d200c089b1e3b21f66860a0df24
nist302_cvae_smoke,outputs/nist302_cvae_smoke/metrics.json,json,aggregate_metrics,4990,6c7dc9725d31b5ce41c0ccf77feb642046132001fb6395cd8d8c1d5f3c54827f
nist302_cvae_smoke,outputs/nist302_cvae_smoke/per-image-probabilistic-metrics.csv,csv,unit_level_metrics,1449,cc29f58ac46e799998037685c44f9d29901ebbfd3c126efa8934f7700663d97f
nist302_cvae_spatial_bilinear_soft_validation,outputs/nist302_cvae_spatial_bilinear_soft_validation/method-audit.json,json,audit_or_provenance,3968,b87777b28357e3206fb5fddc206a75b87a220c71ce2457b723af922ddf477c75
nist302_cvae_spatial_bilinear_soft_validation,outputs/nist302_cvae_spatial_bilinear_soft_validation/metrics.json,json,aggregate_metrics,33408,23e496d2c351d5ef47497032bbf16e6c8e87c9440ac5b95a2ac259096b6085de
nist302_cvae_spatial_bilinear_soft_validation,outputs/nist302_cvae_spatial_bilinear_soft_validation/per-image-probabilistic-metrics.csv,csv,unit_level_metrics,655064,cfca65dd2beeccd2322305cf0f30303d08b7b9066a134547abc36642599ca424
nist302_cvae_spatial_bilinear_uncertainty_calibration,outputs/nist302_cvae_spatial_bilinear_uncertainty_calibration/calibration.json,json,calibration,6774,5b75b9278bb9584bbd5b10c1a54f7f9ae6aa17036f9b3cdb2274e9365bb114b6
nist302_cvae_spatial_bilinear_uncertainty_calibration,outputs/nist302_cvae_spatial_bilinear_uncertainty_calibration/cross_fitted_per_image.csv,csv,unit_level_metrics,134195,ece332c75a88093bff8f934bd547ae3b077183a41d90b4537fd0e5024cd49272
nist302_cvae_spatial_feathered_t50_s15_validation,outputs/nist302_cvae_spatial_feathered_t50_s15_validation/method-audit.json,json,audit_or_provenance,3927,d4093c61f16770bad612343c73518416248a49eb3b62f4c76ab57bbbf2cc21fa
nist302_cvae_spatial_feathered_t50_s15_validation,outputs/nist302_cvae_spatial_feathered_t50_s15_validation/metrics.json,json,aggregate_metrics,33408,d610dab5936eb6a52bc277f8319e25e9855726a635876dfa01aa80f0d6708db4
nist302_cvae_spatial_feathered_t50_s15_validation,outputs/nist302_cvae_spatial_feathered_t50_s15_validation/per-image-probabilistic-metrics.csv,csv,unit_level_metrics,655358,efd6d6c928bf20f27ce59b18403585a2ef0b47ea5c2ef5f89ddd241967298275
nist302_cvae_spatial_pilot,outputs/nist302_cvae_spatial_pilot/method-audit.json,json,audit_or_provenance,1474,be5bdc15e016020e097a4fd12367a421e04cc6bc6d86c59c7b875d1363fc2cda
nist302_cvae_spatial_pilot,outputs/nist302_cvae_spatial_pilot/metrics.json,json,aggregate_metrics,6400,bc68bb7c63dcbcba4c6ebfd140aaf09d6f46e5d2654924d627f9e3c742418171
nist302_cvae_spatial_pilot,outputs/nist302_cvae_spatial_pilot/per-image-probabilistic-metrics.csv,csv,unit_level_metrics,32964,1adfa7c855977381ffcbba2abc4bc1ee63d96004178004b626353ed4924a9eff
nist302_cvae_spatial_smoke,outputs/nist302_cvae_spatial_smoke/method-audit.json,json,audit_or_provenance,1479,d9f4f2f2db8fe8ec513da980370335c752a794ea830ad2bb81b6f03d543637bc
nist302_cvae_spatial_smoke,outputs/nist302_cvae_spatial_smoke/metrics.json,json,aggregate_metrics,5190,f58b3553148fd26020c0a891aa3dfa1db6f4afd7ec585d7fc57c5b08848788a8
nist302_cvae_spatial_smoke,outputs/nist302_cvae_spatial_smoke/per-image-probabilistic-metrics.csv,csv,unit_level_metrics,1480,74b1400026239d98c2fffa782fed010478a907c2c1e57a2ef285ff4e2de92aa4
_root,outputs/nist302_cvae_vs_ddim_subject_tests.json,json,other_machine_readable,2877,b7321e7d6c387b595007cf4935679aaf85cc65ab5b0c5b14b69cd73d52154d7b
_root,outputs/nist302_ddim_vs_repaint_subject_tests.json,json,other_machine_readable,2862,64c2ddc0f78619b8eb694fd1153c8ba40af728091d02b569ea1ca79a383ea312
nist302_ddpm_calibration_full,outputs/nist302_ddpm_calibration_full/calibration_report.json,json,calibration,1691,b4e13584bedb1c7a96afad75d51186002cc6580660c43794d2d9358d5804bbe3
nist302_ddpm_calibration_full,outputs/nist302_ddpm_calibration_full/cross_fitted_per_image.csv,csv,unit_level_metrics,134438,4b4d47a66d92ad690a13e68c20111ea4ca8a687463007157da5f708a6865f1b8
nist302_ddpm_calibration_full,outputs/nist302_ddpm_calibration_full/cross_fitted_per_subject.csv,csv,other_machine_readable,11892,47e534e79dbbf5545a2eeedc0820526c81ad142095ccafdf2b2fdaa91871d0db
nist302_ddpm_calibration_smoke,outputs/nist302_ddpm_calibration_smoke/calibration_report.json,json,calibration,1397,af050c9fef672f70331f22f835568ae3e671b86ebabab8c948d1b5392dc872c5
nist302_ddpm_calibration_smoke,outputs/nist302_ddpm_calibration_smoke/cross_fitted_per_image.csv,csv,unit_level_metrics,19292,13e3d0263b1e6daad2ae66ed424f6df3da6d0b954da5c99e1c76ad7c9b79af7d
nist302_ddpm_calibration_smoke,outputs/nist302_ddpm_calibration_smoke/cross_fitted_per_subject.csv,csv,other_machine_readable,2754,a48cc176da87a017dacdc6d568fb03cb58051a526ee922659c1ebedac94a1a2d
_root,outputs/nist302_ddpm_checkpoint_selection_comparison.json,json,statistical_comparison,4306,cb53155932f612efb1254250ed506837f2945332fbf37e4a936ffd97d1b29cec
_root,outputs/nist302_ddpm_difficulty_calibration_full.json,json,calibration,10126,9d113ae0a87258dd76c51d8c48d268ee6995fd435dc90c895b7a98fafa58c663
_root,outputs/nist302_ddpm_distance_diag_full.json,json,other_machine_readable,941,bcaff38d4502752211e18e284dbfd3d11d6c10b6cf7fd95f61a7876542c7da10
_root,outputs/nist302_ddpm_distance_diag_smoke.json,json,other_machine_readable,927,7fd1366ad02b2a47c235715d059ee18aeadfbc90a8ee9801473bc1382c826567
nist302_ddpm_full_validation_ddim20,outputs/nist302_ddpm_full_validation_ddim20/method-audit.json,json,audit_or_provenance,301,2f278218697d6d49ece30761412b0ce2dbf860cdd7f45ac9d0597da656b30805
nist302_ddpm_full_validation_ddim20,outputs/nist302_ddpm_full_validation_ddim20/metrics.json,json,aggregate_metrics,17551,68515ab00775e53ac7341eded3be6c54bc0076224ae25d86cb97aba765b31aa6
nist302_ddpm_full_validation_ddim20,outputs/nist302_ddpm_full_validation_ddim20/per-image-probabilistic-metrics.csv,csv,unit_level_metrics,342781,89c761d3649bb70da30fc2c854c894d195474cbf4b30683d70516f89248e50f5
nist302_ddpm_full_validation_ddim20_k20_50,outputs/nist302_ddpm_full_validation_ddim20_k20_50/method-audit.json,json,audit_or_provenance,301,2f278218697d6d49ece30761412b0ce2dbf860cdd7f45ac9d0597da656b30805
nist302_ddpm_full_validation_ddim20_k20_50,outputs/nist302_ddpm_full_validation_ddim20_k20_50/metrics.json,json,aggregate_metrics,17563,53d92f8bf91918bf90a653808a9e4b3d16030e52951ac13f3a0c962d69796a10
nist302_ddpm_full_validation_ddim20_k20_50,outputs/nist302_ddpm_full_validation_ddim20_k20_50/per-image-probabilistic-metrics.csv,csv,unit_level_metrics,342774,7da3bc4bcd450e3c52226725f78f1487db417bf0e5dd3b9437ce28bdb88ed368
nist302_ddpm_pilot_eval_64_ddim10,outputs/nist302_ddpm_pilot_eval_64_ddim10/method-audit.json,json,audit_or_provenance,301,2f278218697d6d49ece30761412b0ce2dbf860cdd7f45ac9d0597da656b30805
nist302_ddpm_pilot_eval_64_ddim10,outputs/nist302_ddpm_pilot_eval_64_ddim10/metrics.json,json,aggregate_metrics,17433,0b06bd47757cfe118a7073e3915abd9d197371ed17dfbdecfb609c4eb0441114
nist302_ddpm_pilot_eval_64_ddim10,outputs/nist302_ddpm_pilot_eval_64_ddim10/per-image-probabilistic-metrics.csv,csv,unit_level_metrics,77181,329d747a3e3765608c8afd189f589b7bd07c4e1ec44d4fc7af74ab488111cbdf
nist302_ddpm_pilot_eval_64_ddim20,outputs/nist302_ddpm_pilot_eval_64_ddim20/method-audit.json,json,audit_or_provenance,301,2f278218697d6d49ece30761412b0ce2dbf860cdd7f45ac9d0597da656b30805
nist302_ddpm_pilot_eval_64_ddim20,outputs/nist302_ddpm_pilot_eval_64_ddim20/metrics.json,json,aggregate_metrics,17442,40911961e4bd53d7b6d0ed123c8f395c6002d2f9c605158e06cdba3abddda0e7
nist302_ddpm_pilot_eval_64_ddim20,outputs/nist302_ddpm_pilot_eval_64_ddim20/per-image-probabilistic-metrics.csv,csv,unit_level_metrics,77350,f7abb7d721bf5bb39fd1565945d15e101d52966800b071f01d8f23ba8b2ce253
nist302_ddpm_pilot_eval_64_ddim50,outputs/nist302_ddpm_pilot_eval_64_ddim50/method-audit.json,json,audit_or_provenance,301,2f278218697d6d49ece30761412b0ce2dbf860cdd7f45ac9d0597da656b30805
nist302_ddpm_pilot_eval_64_ddim50,outputs/nist302_ddpm_pilot_eval_64_ddim50/metrics.json,json,aggregate_metrics,17429,90b41dac912cf6749dedd0263c0af44b6102339f827070216240d665722df4b6
nist302_ddpm_pilot_eval_64_ddim50,outputs/nist302_ddpm_pilot_eval_64_ddim50/per-image-probabilistic-metrics.csv,csv,unit_level_metrics,77331,257c229204976b57b8c531d6d00b085f70fb56b4235e368346dc7a1d89f60b2b
nist302_ddpm_pilot_eval_smoke,outputs/nist302_ddpm_pilot_eval_smoke/method-audit.json,json,audit_or_provenance,301,2f278218697d6d49ece30761412b0ce2dbf860cdd7f45ac9d0597da656b30805
nist302_ddpm_pilot_eval_smoke,outputs/nist302_ddpm_pilot_eval_smoke/metrics.json,json,aggregate_metrics,17404,f88912529263b4eb279201d7971a2e553460141c723954bd80c478a4c7453888
nist302_ddpm_pilot_eval_smoke,outputs/nist302_ddpm_pilot_eval_smoke/per-image-probabilistic-metrics.csv,csv,unit_level_metrics,6335,ec4bfd99aaaddc68794422aaaed8a3e9a3f6f6344f906fd6dd68c2887dee3e41
nist302_eda,outputs/nist302_eda/eda-summary.json,json,aggregate_metrics,1142,aa0794857788c6d8c412576b2d53690605db803b2eb92d7c98e58d7bdcb29d66
nist302_ensemble_combiner_full,outputs/nist302_ensemble_combiner_full/metrics.json,json,aggregate_metrics,2194,b7bd7593075ad63c2f6f94958d834a74a8414121c43697395fa8c480cb1aae62
nist302_ensemble_evaluation_full,outputs/nist302_ensemble_evaluation_full/metrics.json,json,aggregate_metrics,16443,8281756e6a89a29c10302b3ade2802bfa4458fbe611345c83f82711c111b2a34
nist302_ensemble_evaluation_full,outputs/nist302_ensemble_evaluation_full/per-image-metrics.csv,csv,unit_level_metrics,276403,1f594f56397746e21f98decae0a270dd1c195c7cc896cefbd241ab72dbf2def1
_root,outputs/nist302_ensemble_key_comparisons.json,json,statistical_comparison,2228,e81a606f22f29f6b8458a846f71200b83895c569e19eeded42c28cbdd27e649f
nist302_flow_matching_full,outputs/nist302_flow_matching_full/method-audit.json,json,audit_or_provenance,593,4b0b997f780c5d79c96685b190b0f2a7019eb14c641f4a3befb871b203b0e99e
nist302_flow_matching_full,outputs/nist302_flow_matching_full/metrics.json,json,aggregate_metrics,5596,be876bd9fd3f4405c431f9a30ae91628b0a2a9798cef16716d610dc47e521f10
nist302_flow_matching_full_validation,outputs/nist302_flow_matching_full_validation/metrics.json,json,aggregate_metrics,30762,5b91c70baafb582177d59ecb4e61da36253c53dd5d8658fdcf9d302f71eca80d
nist302_flow_matching_full_validation,outputs/nist302_flow_matching_full_validation/per-image-probabilistic-metrics.csv,csv,unit_level_metrics,607994,dc324dbd3c4224301034793e8d3d2402fd5c4f759430876887a388135b40ae44
nist302_flow_matching_full_validation_steps20,outputs/nist302_flow_matching_full_validation_steps20/metrics.json,json,aggregate_metrics,17519,1c4e0442ba53c620fda1d07c7680cfba91f20e69ef71e7a3fdfb242d06da4b64
nist302_flow_matching_full_validation_steps20,outputs/nist302_flow_matching_full_validation_steps20/per-image-probabilistic-metrics.csv,csv,unit_level_metrics,343219,467921ef11175ee8ebd24ae46069c43e6bab5fae9e28a24604e6a29d8282522d
_root,outputs/nist302_flow_matching_vs_repaint_subject_tests.json,json,other_machine_readable,5957,2073fbbf4311bd3592860ffd3cad115bcfd47b6506f113babed422001382a775
_root,outputs/nist302_flow_matching_vs_residual_ddpm_subject_tests.json,json,other_machine_readable,5991,5e474c8e40cd36a1a8f35e769c36621d4d90343e88432f0d0cb72283c0b0dadc
_root,outputs/nist302_friedman_omnibus_mae.json,json,other_machine_readable,7582,aeb17061aaaa73c7682e7711ac68e0da2d014245be8f9e9cab104ddaddb90965
nist302_gated_zeroshot_validation,outputs/nist302_gated_zeroshot_validation/metrics.json,json,aggregate_metrics,24632,1cdcd7230d03549dc4ab5a3b0a0dabd4098f2e2f731ad6cb07f9d3163e75bbd1
nist302_gated_zeroshot_validation,outputs/nist302_gated_zeroshot_validation/per-image-metrics.csv,csv,unit_level_metrics,429101,dde5173edf885dbe0ed1562e6a7ab400e2c69524716090d9d8447a46fd7ae4bf
nist302_geometry_conditioned_full,outputs/nist302_geometry_conditioned_full/method-audit.json,json,audit_or_provenance,3193,1f48fe8759ddba83e1c95bf7b2b25487c7b703cd17a4f487a4b22be0b0281831
nist302_geometry_conditioned_full,outputs/nist302_geometry_conditioned_full/training-metrics.json,json,aggregate_metrics,16802,345466f28d423b5a2a54ae0d2eceef34079557e16fac57f3108b9282af5570f8
nist302_geometry_conditioned_smoke,outputs/nist302_geometry_conditioned_smoke/method-audit.json,json,audit_or_provenance,3199,3c2ec1fc52dcb0dcebe762f115dc00070f13c7cdb0d10b7005639936c82d950e
nist302_geometry_conditioned_smoke,outputs/nist302_geometry_conditioned_smoke/training-metrics.json,json,aggregate_metrics,1724,e05bce240e2e3443d3ca4b17577b910cb19ef3ea824e91dfad8827af00025c8b
nist302_geometry_conditioned_v2,outputs/nist302_geometry_conditioned_v2/method-audit.json,json,audit_or_provenance,3193,1f48fe8759ddba83e1c95bf7b2b25487c7b703cd17a4f487a4b22be0b0281831
nist302_geometry_conditioned_v2,outputs/nist302_geometry_conditioned_v2/training-metrics.json,json,aggregate_metrics,20908,5c45718ffa91ffe2a03a54f49980e4689fd58c0b3feb7ffacafa3b440550ad5f
nist302_latent_autoencoder_smoke,outputs/nist302_latent_autoencoder_smoke/metrics.json,json,aggregate_metrics,3712,10d5f9bcf5e53eafb0f7d33192e157de4184c614fac9110494bcee0da7b7ca72
nist302_latent_autoencoder_smoke,outputs/nist302_latent_autoencoder_smoke/per-image-codec-metrics.csv,csv,unit_level_metrics,738,8f8cb482d1e8672480b8fd24e8eb782e35b8e0f7be3624d3264643a752b542b3
nist302_latent_diffusion_full_validation,outputs/nist302_latent_diffusion_full_validation/method-audit.json,json,audit_or_provenance,390,01befa47c538c2f65783450719a2bd996665741804934d9356290b4ae641230f
nist302_latent_diffusion_full_validation,outputs/nist302_latent_diffusion_full_validation/metrics.json,json,aggregate_metrics,30843,8d76ef83e79cd941f2d4d810f81c6cd49d87b541aa1743c577990cf433a53c8c
nist302_latent_diffusion_full_validation,outputs/nist302_latent_diffusion_full_validation/per-image-probabilistic-metrics.csv,csv,unit_level_metrics,601466,2217ed8043389b9fc25b4171fd1c3f8f5b6d8365632f8d31d5708f4c033889ec
nist302_latent_diffusion_smoke,outputs/nist302_latent_diffusion_smoke/method-audit.json,json,audit_or_provenance,823,bc435d77cded8495f8703717d4dd3462ec5c2ef0b1156c1a1e27f64e0193e933
nist302_latent_diffusion_smoke,outputs/nist302_latent_diffusion_smoke/metrics.json,json,aggregate_metrics,694,32b5a4ea5e43c4b3d95262c5886cea2726d487aa30c83e8ce36d67eea0273c7a
nist302_latent_diffusion_structure_guided_full_validation,outputs/nist302_latent_diffusion_structure_guided_full_validation/method-audit.json,json,audit_or_provenance,390,01befa47c538c2f65783450719a2bd996665741804934d9356290b4ae641230f
nist302_latent_diffusion_structure_guided_full_validation,outputs/nist302_latent_diffusion_structure_guided_full_validation/metrics.json,json,aggregate_metrics,30984,1336f16716f89e766722f47c9146055d3e21ab3a778440580a2927834a9a4892
nist302_latent_diffusion_structure_guided_full_validation,outputs/nist302_latent_diffusion_structure_guided_full_validation/per-image-probabilistic-metrics.csv,csv,unit_level_metrics,601380,b3fa6fb2bb03e413f7681a14e5e4aebea3bd9769230c718e99aed0c69084de9b
_root,outputs/nist302_latent_diffusion_structure_guided_vs_plain_subject_tests.json,json,other_machine_readable,5970,78dc9226f9a1768252aef73437363fbe84ae560ff882b0ac63300b0de8cc2201
nist302_latent_enhancement_calibrated_confidence_FULL_soft,outputs/nist302_latent_enhancement_calibrated_confidence_FULL_soft/metrics.json,json,aggregate_metrics,4414,e3b9f24c945d8b6a79ebac633e459f2fcb2bfa9e3dd02b5fa2c4bc6108692ec1
nist302_latent_enhancement_calibrated_confidence_FULL_soft,outputs/nist302_latent_enhancement_calibrated_confidence_FULL_soft/per-image-metrics.csv,csv,unit_level_metrics,85856,fff215e35e87ae909515f7c8f87aa52f17c5b4731cb60ef570dd84143c44c17f
nist302_latent_enhancement_old_soft,outputs/nist302_latent_enhancement_old_soft/metrics.json,json,aggregate_metrics,4416,fe7d40232ba8b2ad1acbe15543d6946a4a80e58cd6d39c6deb6b316cf6b023cb
nist302_latent_enhancement_old_soft,outputs/nist302_latent_enhancement_old_soft/per-image-metrics.csv,csv,unit_level_metrics,85789,a0df97a26a79e295f24e2c62014354bedd113f03ada52995a9ec6e49a51c915e
nist302_latent_enhancement_support_constrained_full_soft,outputs/nist302_latent_enhancement_support_constrained_full_soft/metrics.json,json,aggregate_metrics,4409,8544a53133eec0b16035c6851c57a712805e664e6800e50fc7a3a13e534ecbab
nist302_latent_enhancement_support_constrained_full_soft,outputs/nist302_latent_enhancement_support_constrained_full_soft/per-image-metrics.csv,csv,unit_level_metrics,85876,2ef9121bd8aeeb7cfc51f8b950e7ba9b01545a315c9cd0875ac3112967678360
nist302_latent_enhancement_support_constrained_full_soft,outputs/nist302_latent_enhancement_support_constrained_full_soft/vs_old_FINAL_subject_tests.json,json,other_machine_readable,2767,e531d8bde9ad06bc4852edcb05bd8a80474622fca89b09afcdf62181e91b9e40
nist302_latent_enhancement_support_pilot_soft,outputs/nist302_latent_enhancement_support_pilot_soft/metrics.json,json,aggregate_metrics,4419,55162049c06ec87a2f9b4b75d4f5fda0a8d09fe799d5f3965ff2c741be0b3879
nist302_latent_enhancement_support_pilot_soft,outputs/nist302_latent_enhancement_support_pilot_soft/per-image-metrics.csv,csv,unit_level_metrics,85900,3c66a1e40d4dbb0aa5c424f1369233ce246449f31be1c723b9ef06dba8fe58cd
nist302_latent_enhancement_support_spectrum_full_soft,outputs/nist302_latent_enhancement_support_spectrum_full_soft/metrics.json,json,aggregate_metrics,4408,768c7202f62dc44cf136a0e6840f9a384b1ce98f29b515d232521969800eeda8
nist302_latent_enhancement_support_spectrum_full_soft,outputs/nist302_latent_enhancement_support_spectrum_full_soft/per-image-metrics.csv,csv,unit_level_metrics,85856,fff215e35e87ae909515f7c8f87aa52f17c5b4731cb60ef570dd84143c44c17f
nist302_latent_enhancement_support_spectrum_full_soft,outputs/nist302_latent_enhancement_support_spectrum_full_soft/vs_support_constrained_FINAL_subject_tests.json,json,other_machine_readable,2790,3892fe32c4907680d1b8f8018832b3dc09b5fd3e9882a86db628b0e95cd845e5
nist302_latent_enhancement_support_spectrum_pilot_soft,outputs/nist302_latent_enhancement_support_spectrum_pilot_soft/metrics.json,json,aggregate_metrics,4412,bd1ae70032538d177775ff37875c5f4985fd904a704698c05e9f1bbbb09d47e3
nist302_latent_enhancement_support_spectrum_pilot_soft,outputs/nist302_latent_enhancement_support_spectrum_pilot_soft/per-image-metrics.csv,csv,unit_level_metrics,85838,46adc3f62db6a86050481653742e8de51c57a7dce9b439654889e19456741d47
nist302_latent_enhancement_support_spectrum_pilot_soft,outputs/nist302_latent_enhancement_support_spectrum_pilot_soft/vs_support_pilot_subject_tests.json,json,other_machine_readable,2775,70c3fc5743e1a7cd229a51225c9c4ba752bc29a3f2ecb62ddf1014feab136f10
nist302_latent_enhancement_support_trained_soft,outputs/nist302_latent_enhancement_support_trained_soft/metrics.json,json,aggregate_metrics,4419,a3c5f6025269f78fff7fbc872286138b6bb9e74e29e4717c8342508f658e56ba
nist302_latent_enhancement_support_trained_soft,outputs/nist302_latent_enhancement_support_trained_soft/per-image-metrics.csv,csv,unit_level_metrics,85885,c62b43c03efe2988527155ba7ab27aa2dbec7b4b34c64c0ea635c8f7d9d6e1e2
nist302_latent_enhancement_support_trained_soft,outputs/nist302_latent_enhancement_support_trained_soft/vs_old_subject_tests.json,json,other_machine_readable,2786,068ead2115895a9edd59f65e8026864fd78e19742581164c2bd07b9ed66f5511
nist302_latent_enhancement_uniform_confidence_soft,outputs/nist302_latent_enhancement_uniform_confidence_soft/metrics.json,json,aggregate_metrics,4429,109262625294d7291d83f7ca5c352de994aef5ecce9a23b51c134fe96a72be62
nist302_latent_enhancement_uniform_confidence_soft,outputs/nist302_latent_enhancement_uniform_confidence_soft/per-image-metrics.csv,csv,unit_level_metrics,85880,e30b7327267da3503d6c691a6f265928849a63b001a56dcef0c98b3585c6c013
nist302_latent_enhancement_zeroshot_soft,outputs/nist302_latent_enhancement_zeroshot_soft/metrics.json,json,aggregate_metrics,4381,386efcd712499c42ad69f547566fdf420b3bc03b6f8d988cc046474ae1856a1e
nist302_latent_enhancement_zeroshot_soft,outputs/nist302_latent_enhancement_zeroshot_soft/per-image-metrics.csv,csv,unit_level_metrics,85934,1429ebcddf011e5b08696c2d21f1b208c4cd2bf1b86accebac72968eb8edb8f9
_root,outputs/nist302_nonrigid_registration_train.json,json,other_machine_readable,1042,34a356825240c27715f8dedbb5be784c351de8227825024e20eb139b4fec3408
_root,outputs/nist302_nonrigid_registration_validation.json,json,other_machine_readable,1041,2afc945832b4bcba46e1c89b11b9954e3b98be1bdd1ac494dfe06a02b27e1fbb
nist302_patch_pilot_full,outputs/nist302_patch_pilot_full/metrics.json,json,aggregate_metrics,3578,5cee452780fb7997e67de3e899b547bccf79137d267079f1dc341de07e422e6c
_root,outputs/nist302_permuted_observed_control_full.json,json,other_machine_readable,1068,6e97c6c26bc3afb4225f96ccdeddc2ddd1bd563320fc286a02efe940b8a26ef2
_root,outputs/nist302_permuted_observed_control_smoke.json,json,other_machine_readable,1033,2de967a3af892e06482ecfe90305fd288dbbb00c8f77a6d76b5a8a3f707238f5
_root,outputs/nist302_pixel_vs_latent_diffusion_subject_tests.json,json,other_machine_readable,5969,4fd0aac472334117e768191b365d5d041cf2ad77ab5171d24b0ff0c80996c552
_root,outputs/nist302_pixel_vs_residual_ddpm_subject_tests.json,json,other_machine_readable,2871,69dcd06c254d6ee2e926c7972e4c3e63989c6c86ab72a2db636502af8f56748b
nist302_registered_baseline_smoke,outputs/nist302_registered_baseline_smoke/metrics.json,json,aggregate_metrics,23051,4b0e5b3e8cfbedb76758b5cb83a1600e13a94b4d37a6680e537689d7cb180702
nist302_registered_baseline_smoke,outputs/nist302_registered_baseline_smoke/per-image-metrics.csv,csv,unit_level_metrics,7782,20ee4da7d7b4087250bbf22ae6ee10ff153551014a8f4968ba32bd956802be44
nist302_registered_baseline_validation,outputs/nist302_registered_baseline_validation/distance_strata_tests.json,json,other_machine_readable,6347,dadafb1a5d411dadbf52c8ac5114d6f78a6fdd3b1fde7b3237b4574be0126262
nist302_registered_baseline_validation,outputs/nist302_registered_baseline_validation/metrics.json,json,aggregate_metrics,24571,26a6b54f3eea57d33a33b7c96e7653797fb23b27d8ab932640fe3266915cde53
nist302_registered_baseline_validation,outputs/nist302_registered_baseline_validation/per-image-metrics.csv,csv,unit_level_metrics,423368,2290859a7bd08fc951ce795657820d6d84f413bc0e15ef69037ce0e02c2f03ae
nist302_registered_cvae_full,outputs/nist302_registered_cvae_full/method-audit.json,json,audit_or_provenance,1511,e219e2d82b19e90149deca2ac1035eba1146b207b1752625eb2997e7a21bc20a
nist302_registered_cvae_full,outputs/nist302_registered_cvae_full/metrics.json,json,aggregate_metrics,15872,761f60a1b79008a8aa4d68e30b63b2cf5ae05e654ebddb04f359209b4c9eaad6
nist302_registered_cvae_full,outputs/nist302_registered_cvae_full/per-image-probabilistic-metrics.csv,csv,unit_level_metrics,148131,5b0de8feef354bc5cb83a53fb7217aac696826d481b38896c090580b9ea94931
nist302_registered_cvae_spatial_full,outputs/nist302_registered_cvae_spatial_full/method-audit.json,json,audit_or_provenance,1473,6fc8b9871158daedb373466712fae3815fbdc679c4903d9b80cbbf5f2090cd7e
nist302_registered_cvae_spatial_full,outputs/nist302_registered_cvae_spatial_full/metrics.json,json,aggregate_metrics,16544,8c42f7fb2999843e994a183724c578d84fd38980c56c83160c7a145dc95cb254
nist302_registered_cvae_spatial_full,outputs/nist302_registered_cvae_spatial_full/per-image-probabilistic-metrics.csv,csv,unit_level_metrics,148399,50391e8f74d26ddc7afd8957921a3ae1a5848273beeb181ded13a27609e424da
nist302_registered_ddpm_full,outputs/nist302_registered_ddpm_full/method-audit.json,json,audit_or_provenance,418,571dcc8f1eec2e7096390def342390f8d712dcd12190bf2fc87116866dda113d
nist302_registered_ddpm_full,outputs/nist302_registered_ddpm_full/metrics.json,json,aggregate_metrics,9232,60507229b7682e5123989e9f73b6eb0b8dc7b5fef42122770cfbfc0a0b0098ad
nist302_registered_ddpm_full_with_epochs,outputs/nist302_registered_ddpm_full_with_epochs/method-audit.json,json,audit_or_provenance,418,571dcc8f1eec2e7096390def342390f8d712dcd12190bf2fc87116866dda113d
nist302_registered_ddpm_full_with_epochs,outputs/nist302_registered_ddpm_full_with_epochs/metrics.json,json,aggregate_metrics,10398,c31247bb91028fb488c2e161e1b1f85517747d0e02da67780e72976a50804e8e
nist302_registered_ddpm_pilot,outputs/nist302_registered_ddpm_pilot/method-audit.json,json,audit_or_provenance,419,a954c81ad8ca22d8baade969bb49d9b240bda8df01d70ae7b18edc06bfa8693c
nist302_registered_ddpm_pilot,outputs/nist302_registered_ddpm_pilot/metrics.json,json,aggregate_metrics,2168,c60c2c9ae5fb6e562e415543a4a7ed44f91e4a979219fabcfdbd2827e206782f
nist302_registered_ddpm_smoke,outputs/nist302_registered_ddpm_smoke/method-audit.json,json,audit_or_provenance,424,107e495856a7c0d9f1c57e1697157b1e27e2fad935061cb663eec76b429e3c88
nist302_registered_ddpm_smoke,outputs/nist302_registered_ddpm_smoke/metrics.json,json,aggregate_metrics,996,0afb8be6ab1a30a066133bfc9d5b31d683dec24802bddfdc0f2e6e371bc0d321
nist302_registered_finetune_no_spectrum_full,outputs/nist302_registered_finetune_no_spectrum_full/evaluation_validation/metrics.json,json,aggregate_metrics,24728,828a5912c65124c65d9fe899c3e422597ac889a7e58becc62239b724173adfb7
nist302_registered_finetune_no_spectrum_full,outputs/nist302_registered_finetune_no_spectrum_full/evaluation_validation/per-image-metrics.csv,csv,unit_level_metrics,432365,0cddc67fa743a19e46a7959c5a8a03416de1939e499def1d897ffe54a290ea98
nist302_registered_finetune_no_spectrum_full,outputs/nist302_registered_finetune_no_spectrum_full/method-audit.json,json,audit_or_provenance,3261,d867bda6f42c86f17aee5e863c84ed3576e80653b2c431a0e54a77dfe1bfc541
nist302_registered_finetune_no_spectrum_full,outputs/nist302_registered_finetune_no_spectrum_full/training-metrics.json,json,aggregate_metrics,22546,f5d222cd08ef0057dd18c33ebc4cca5d60a7e78824bb7e35975e66cbd5d58506
nist302_registered_finetune_no_spectrum_full,outputs/nist302_registered_finetune_no_spectrum_full/vs_pilot_subject_tests.json,json,other_machine_readable,2225,31b2c477c34b6ec1b7d1f0762fb82eb005c6445a316d463c3a372e5bdfcefcaf
nist302_registered_finetune_no_spectrum_full,outputs/nist302_registered_finetune_no_spectrum_full/vs_zeroshot_subject_tests.json,json,other_machine_readable,2231,75176dc3ba30c83640781485b5a504398ccadf1fff13a91949c8bbcec762afca
nist302_registered_finetune_pilot,outputs/nist302_registered_finetune_pilot/evaluation_validation/metrics.json,json,aggregate_metrics,24700,b7aee17afb27fc9ae7dab64d96ab3209124424469dd9e1249742ae4a0c41d35c
nist302_registered_finetune_pilot,outputs/nist302_registered_finetune_pilot/evaluation_validation/per-image-metrics.csv,csv,unit_level_metrics,431445,3d75725a0c866c51c5b43f4f0019939b6ed8f42c0221f15d740bee394558972e
nist302_registered_finetune_pilot,outputs/nist302_registered_finetune_pilot/method-audit.json,json,audit_or_provenance,3188,9d6950752f1caaa4ed3d8a697986fe462706b7f6114897d533a6e2a7cf75de93
nist302_registered_finetune_pilot,outputs/nist302_registered_finetune_pilot/training-metrics.json,json,aggregate_metrics,3318,3faf294d36608ff1084463395e5eee781ea1a89e88a2f799ebd2c84a9dc28420
nist302_registered_finetune_smoke,outputs/nist302_registered_finetune_smoke/method-audit.json,json,audit_or_provenance,3193,de0922558037e6d5cbba3f57e33352169add80f27a439bc2f864990b5255eaf5
nist302_registered_finetune_smoke,outputs/nist302_registered_finetune_smoke/training-metrics.json,json,aggregate_metrics,1338,ede0575695ac788a5303b7cc4d2f07b627dd6661f8ff9bd699384e93fcd4ce27
nist302_registered_latent_autoencoder_full,outputs/nist302_registered_latent_autoencoder_full/metrics.json,json,aggregate_metrics,30345,56f1234c68a301d6f6df5e98967a453ebf3b5c1c5f66fbd351049b876c8df38d
nist302_registered_latent_autoencoder_full,outputs/nist302_registered_latent_autoencoder_full/per-image-codec-metrics.csv,csv,unit_level_metrics,44775,79111f33f6588ff1477d64ee53012d9b19d7b9fd5efd9206c459109c2e1ce704
nist302_registered_latent_diffusion_full,outputs/nist302_registered_latent_diffusion_full/method-audit.json,json,audit_or_provenance,827,9b0ff13d3eca07ee96b53ceb81bef0d68e6981fff9588caddecb1d2bfa147943
nist302_registered_latent_diffusion_full,outputs/nist302_registered_latent_diffusion_full/metrics.json,json,aggregate_metrics,4071,82318e4560cef2958ad0e431793d4f0d41065fa934cb5d3d686c9c8c431d9cad
nist302_registered_latent_diffusion_structure_guided_full,outputs/nist302_registered_latent_diffusion_structure_guided_full/method-audit.json,json,audit_or_provenance,955,9ebadaa2fe5471a51f1d088f6d5f6d198ecbb361719bffac57962d2ba074fd69
nist302_registered_latent_diffusion_structure_guided_full,outputs/nist302_registered_latent_diffusion_structure_guided_full/metrics.json,json,aggregate_metrics,4063,fa9fb8f17e8902ab61ce22c7b740f2acfb2014ba0c32f01a4b8e0117a7b10fb6
nist302_registered_model_comparison,outputs/nist302_registered_model_comparison/paired_subject_tests.json,json,statistical_comparison,6130,7e539db86187506bf5ab0ad523b419d74c2331e6d7acf8feef841ef47ff2b961
nist302_registered_residual_ddpm_full,outputs/nist302_registered_residual_ddpm_full/method-audit.json,json,audit_or_provenance,604,cd2098f7442e8e3cdca1755c1a5c67e3e51ee7c13a306091b6ba7eb26ebd0b7a
nist302_registered_residual_ddpm_full,outputs/nist302_registered_residual_ddpm_full/metrics.json,json,aggregate_metrics,10446,1557790251ca89c31aa1eb2eb272a508bc92b8dc9a15d43335c6d3a3dce53291
nist302_registered_spectrum_pilot,outputs/nist302_registered_spectrum_pilot/evaluation_epoch2_validation/metrics.json,json,aggregate_metrics,24688,b657314b68cf93284ee61b3c0f64068bd86f9dbfc68f4d958196216235caffe7
nist302_registered_spectrum_pilot,outputs/nist302_registered_spectrum_pilot/evaluation_epoch2_validation/per-image-metrics.csv,csv,unit_level_metrics,431452,3c7d72c6426203e0231a19378352689130fe3b253ad1dcd8abb2f7c6defb69e9
nist302_registered_spectrum_pilot,outputs/nist302_registered_spectrum_pilot/evaluation_epoch3_validation/metrics.json,json,aggregate_metrics,24718,742b3748cb881f15aacad051e6d44f5a752a4fe548c9a5279fb4bc27f6786a88
nist302_registered_spectrum_pilot,outputs/nist302_registered_spectrum_pilot/evaluation_epoch3_validation/per-image-metrics.csv,csv,unit_level_metrics,431270,e8cf4bc52dfb5dc94f90c08ea939365f8809f18e850bf9015be57edb71f46032
nist302_registered_spectrum_pilot,outputs/nist302_registered_spectrum_pilot/method-audit.json,json,audit_or_provenance,3262,2bd0f05350f5cc98aa4b5326a73adc1cdb37bebb7f69a93965a3682d177b6952
nist302_registered_spectrum_pilot,outputs/nist302_registered_spectrum_pilot/training-metrics.json,json,aggregate_metrics,3600,362028dda91d3463802654595f3724624c86bd34bfa4a9abe94453a94afd997a
nist302_registered_spectrum_smoke,outputs/nist302_registered_spectrum_smoke/method-audit.json,json,audit_or_provenance,3267,30e414abae6ac77748ad59b73dbfeeba3d7baa27ada68f8ca4cefcf7715e5fc2
nist302_registered_spectrum_smoke,outputs/nist302_registered_spectrum_smoke/training-metrics.json,json,aggregate_metrics,1433,5c952be8615aeaa9b39a102a6a911be783194d7b5c835ba1afeeee4fadac94e7
nist302_registered_structure_predictor_full,outputs/nist302_registered_structure_predictor_full/metrics.json,json,aggregate_metrics,12780,43b476ebca894f5e6463cfa5a997a0b50e8a16d99ff923b6dcbf478bf5b0f314
nist302_registered_support_constrained_full,outputs/nist302_registered_support_constrained_full/method-audit.json,json,audit_or_provenance,3486,d5835ec370adedcfc1f15d542cf967fb8f9833314b5c752d09390a9af20e3961
nist302_registered_support_constrained_full,outputs/nist302_registered_support_constrained_full/training-metrics.json,json,aggregate_metrics,19356,b638f538575ca75e13dba08eaabaa0562f925231357e41c2479d082e40e5626c
nist302_registered_support_constrained_pilot,outputs/nist302_registered_support_constrained_pilot/method-audit.json,json,audit_or_provenance,3487,a5bf819816dc5a7f4708e1789c9810a67d0fe4970e3d776a98edc5c30e0df7de
nist302_registered_support_constrained_pilot,outputs/nist302_registered_support_constrained_pilot/training-metrics.json,json,aggregate_metrics,4144,ab1ee69922643a4dad335496397393524501ddc033e073cdaf3cf726ec7c5649
nist302_registered_support_constrained_smoke,outputs/nist302_registered_support_constrained_smoke/method-audit.json,json,audit_or_provenance,3492,5379e459a74f7613c4cba72ad932431d13975a2ec9c7d93d83cb60d43f6425a9
nist302_registered_support_constrained_smoke,outputs/nist302_registered_support_constrained_smoke/training-metrics.json,json,aggregate_metrics,1615,5a93ddf924ee2157b24df2e3dded194056b9a690badccbde11659b96b50d69d1
nist302_registered_support_spectrum_full,outputs/nist302_registered_support_spectrum_full/method-audit.json,json,audit_or_provenance,3486,e278890e8413ead30f4fd0b41a3ad0aa5d3eaba4d741e96934e86832ea1698c0
nist302_registered_support_spectrum_pilot,outputs/nist302_registered_support_spectrum_pilot/method-audit.json,json,audit_or_provenance,3487,7a9611283e316ecc7f3bec5868698f5569b18e36c97cfdf14d25b5dd0fe2c4a6
nist302_registered_support_spectrum_pilot,outputs/nist302_registered_support_spectrum_pilot/training-metrics.json,json,aggregate_metrics,4244,1e0c35c8a5cd76633cef78f3e7734629f33b7e62831f841dbd6f366784fcac1e
nist302_registered_support_spectrum_uniform_confidence_256,outputs/nist302_registered_support_spectrum_uniform_confidence_256/method-audit.json,json,audit_or_provenance,3186,3d9b6568a26ec500534068378fbe3b4b18f171300da51b0e95f97cc6e4b80e45
nist302_registered_support_spectrum_uniform_confidence_256,outputs/nist302_registered_support_spectrum_uniform_confidence_256/training-metrics.json,json,aggregate_metrics,27755,b9d7c30a6d9d41cfdca7ffb77d8cf0d74bb20208e16de503554d8b14febf497d
nist302_registered_support_spectrum_uniform_confidence_full,outputs/nist302_registered_support_spectrum_uniform_confidence_full/method-audit.json,json,audit_or_provenance,3193,1f48fe8759ddba83e1c95bf7b2b25487c7b703cd17a4f487a4b22be0b0281831
nist302_registered_support_spectrum_uniform_confidence_full,outputs/nist302_registered_support_spectrum_uniform_confidence_full/training-metrics.json,json,aggregate_metrics,23732,590b504357a612d748bf8799dce84a2f72ebd0c1aafab049e49afd61c6d2d525
nist302_registration,outputs/nist302_registration/full_audit/registration_audit.json,json,audit_or_provenance,7724,62f373598e0a23d78e676410ee2a0fb532694adca3cb54ed554bf36308de7723
nist302_registration,outputs/nist302_registration/full_audit/registration_diagnostics.csv,csv,audit_or_provenance,1306256,91c45fb2e3f5abb34e66f75150053283601d6cf3f45fb5c4490bdd5cbee597c7
nist302_registration,outputs/nist302_registration/full_audit_v2/registration_audit.json,json,audit_or_provenance,8650,fc0d0acff74c00cf2937ed82e8e0c38d281a03ba3537a0285776403c929e4b0e
nist302_registration,outputs/nist302_registration/full_audit_v2/registration_diagnostics.csv,csv,audit_or_provenance,2894875,26ec7fffd9c31a969eca55f53682a6a577a0e4f89c70131e83881226cb28d8cf
nist302_registration,outputs/nist302_registration/full_audit_v2/validation_calibration.json,json,calibration,15756,94130529329e7bc5c4b178e28de27b5fe8edd0964a78889fd49adda61ba16569
nist302_registration,outputs/nist302_registration/full_audit_v3/registration_audit.json,json,audit_or_provenance,8650,fc0d0acff74c00cf2937ed82e8e0c38d281a03ba3537a0285776403c929e4b0e
nist302_registration,outputs/nist302_registration/full_audit_v3/registration_diagnostics.csv,csv,audit_or_provenance,4241189,fc92a744faa24cba259f1041a5442cea93d8f32ac240fdbda8664965d9bb6dda
nist302_registration,outputs/nist302_registration/full_audit_v3/validation_calibration.json,json,calibration,15756,94130529329e7bc5c4b178e28de27b5fe8edd0964a78889fd49adda61ba16569
nist302_registration,outputs/nist302_registration/geometric_confidence_calibration_128.json,json,calibration,1148,4630130cd385637f67659cf00ed209e43ac47b3e9ff70523e72100df9867ffc8
nist302_registration,outputs/nist302_registration/geometric_confidence_uniform_128.json,json,aggregate_metrics,849,ad644f88d54ebfb4ab15e936acdcc9f2753121b29481f3929800368cd9c955ab
nist302_registration,outputs/nist302_registration/rejected_value_audit/audit.json,json,audit_or_provenance,780,8d3a1229b63a59a791e77efd28de4fcf083d96508ce7236d6f321936625a7908
nist302_registration,outputs/nist302_registration/rejected_value_audit/rejected_value_qualitative.csv,csv,other_machine_readable,5163,48ec8a816ddf9f929242a78aed9388fe2ed06be4a24fe21d0901939e4738ad8f
nist302_registration,outputs/nist302_registration/ridge_band_train_128.json,json,other_machine_readable,1141,59fb9eee8d80edb21e3cb74b1b31acb9d47bdc1bf8391edeb890b6b44d6ab2e1
nist302_registration,outputs/nist302_registration/ridge_band_train_256.json,json,other_machine_readable,1137,b6d874cce3c8eaf533a4affcfa9eafca61e2c873a5e9131a5468c14d2696142a
_root,outputs/nist302_repaint_distance_diag_full.json,json,other_machine_readable,951,a89a9e48d2e86f383d5104e5a65f5b6031cbb9289f4d0c2bf8bf321de100ebad
_root,outputs/nist302_repaint_distance_diag_smoke.json,json,other_machine_readable,932,7da4d7e9bf22565d03b3d63dfb134d15bae74771e1f7c4ea79ee0aa90148fd83
nist302_repaint_full_validation,outputs/nist302_repaint_full_validation/method-audit.json,json,audit_or_provenance,301,2f278218697d6d49ece30761412b0ce2dbf860cdd7f45ac9d0597da656b30805
nist302_repaint_full_validation,outputs/nist302_repaint_full_validation/metrics.json,json,aggregate_metrics,10950,f465ad5653801d2686fbe902a10e67ce6a29deaaf9fdcb923bbbd3bd13464b86
nist302_repaint_full_validation,outputs/nist302_repaint_full_validation/per-image-probabilistic-metrics.csv,csv,unit_level_metrics,211648,75c8e5b1c6e0eb1747e860c18aa1fb9d71900f7c569a5a1fece780a0b41a61c9
nist302_repaint_timing_smoke,outputs/nist302_repaint_timing_smoke/method-audit.json,json,audit_or_provenance,301,2f278218697d6d49ece30761412b0ce2dbf860cdd7f45ac9d0597da656b30805
nist302_repaint_timing_smoke,outputs/nist302_repaint_timing_smoke/metrics.json,json,aggregate_metrics,10892,2069770bc79ebbd6e9cf842e572bec1a7c0799902fb0d93fdbc776b8f122ffab
nist302_repaint_timing_smoke,outputs/nist302_repaint_timing_smoke/per-image-probabilistic-metrics.csv,csv,unit_level_metrics,3220,833a2103928f5c6cccb3f2573dffc1773b698cd9e92be1f4649af8b8501ceaa9
nist302_residual_ddpm_eval_smoke,outputs/nist302_residual_ddpm_eval_smoke/method-audit.json,json,audit_or_provenance,301,2f278218697d6d49ece30761412b0ce2dbf860cdd7f45ac9d0597da656b30805
nist302_residual_ddpm_eval_smoke,outputs/nist302_residual_ddpm_eval_smoke/metrics.json,json,aggregate_metrics,10985,0049ba9fb998c0f65e2657beedbd3050bfe4bd9930715621af1d2ce9d2f68624
nist302_residual_ddpm_eval_smoke,outputs/nist302_residual_ddpm_eval_smoke/per-image-probabilistic-metrics.csv,csv,unit_level_metrics,3922,87e4b4ad14ee42c003477df49838ff3b94ef15612df456c0c43048e5b1413fb1
nist302_residual_ddpm_full_validation,outputs/nist302_residual_ddpm_full_validation/method-audit.json,json,audit_or_provenance,301,2f278218697d6d49ece30761412b0ce2dbf860cdd7f45ac9d0597da656b30805
nist302_residual_ddpm_full_validation,outputs/nist302_residual_ddpm_full_validation/metrics.json,json,aggregate_metrics,17680,b6a47ca635bdbb9d46faf86f91dd70de393518c6dd4a8e633ac47c461489621e
nist302_residual_ddpm_full_validation,outputs/nist302_residual_ddpm_full_validation/per-image-probabilistic-metrics.csv,csv,unit_level_metrics,343525,6dc7658b96880314b72354c24e1ba527bb32369608af0107fdea26c0ad9f8bcf
nist302_residual_ddpm_full_validation_k20_50,outputs/nist302_residual_ddpm_full_validation_k20_50/method-audit.json,json,audit_or_provenance,301,2f278218697d6d49ece30761412b0ce2dbf860cdd7f45ac9d0597da656b30805
nist302_residual_ddpm_full_validation_k20_50,outputs/nist302_residual_ddpm_full_validation_k20_50/metrics.json,json,aggregate_metrics,17706,25dcef7109f07c0abe4f50e98ab57741a309e8ade9b279550b875e4e61f8a205
nist302_residual_ddpm_full_validation_k20_50,outputs/nist302_residual_ddpm_full_validation_k20_50/per-image-probabilistic-metrics.csv,csv,unit_level_metrics,343316,11532ace993e1790676b48e845a83abaae618bd48f8b21b3b6d1a82fa4352dea
nist302_residual_ddpm_pilot,outputs/nist302_residual_ddpm_pilot/method-audit.json,json,audit_or_provenance,605,8cb667a2c9745b15b61ad1e020768c30eaa9f3445d48874acdac93ec594562fe
nist302_residual_ddpm_pilot,outputs/nist302_residual_ddpm_pilot/metrics.json,json,aggregate_metrics,2165,1b472f4e3c600b68f0eb1ce2e467ccfa80285093aec537543e29f0aa2f9a17af
nist302_residual_ddpm_smoke,outputs/nist302_residual_ddpm_smoke/method-audit.json,json,audit_or_provenance,610,70c817f681b0d94fbeb95c8f19c083906e69993d34cc54bec41658c4e77d0bf7
nist302_residual_ddpm_smoke,outputs/nist302_residual_ddpm_smoke/metrics.json,json,aggregate_metrics,995,62acab0ca2968d7d2ba2ff8862a666681494a3949026ebdae4c05f156a1ca9d2
_root,outputs/nist302_ridge_markov_full.json,json,other_machine_readable,4438,d9297acf6916e15647a836f65c396cdb7c841bcaa24b750a7c93cb5ef096122c
_root,outputs/nist302_ridge_markov_full.per-image.csv,csv,unit_level_metrics,95516,8f22888499e258b8a4e9da415d388b8ec1b6a3cfee773bd97d60311ac0f9e83f
_root,outputs/nist302_ridge_markov_smoke.json,json,other_machine_readable,4383,f19194e750181f43b6ec68e9b3cd1fbfe55683ce4cf757adbeebe015a86fcc52
_root,outputs/nist302_ridge_markov_subject_tests.json,json,other_machine_readable,2058,4fdfaf5473a023d8c5a74934085afa64caee743ad686a657ee683253bcf3222a
_root,outputs/nist302_ridge_topology_artifacts_full.json,json,other_machine_readable,2846,dccd9f2c1b53fb7ad5a6f02443bf58f19eff26026da8827ba9dea0294f0b11c9
nist302_support_predictor_full_support_pilot,outputs/nist302_support_predictor_full_support_pilot/metrics.json,json,aggregate_metrics,2113,9f45bedc6c7c11d914c14cb769f0d4668258f0b18845b666616fb2c76815ebad
nist302_support_predictor_pilot,outputs/nist302_support_predictor_pilot/metrics.json,json,aggregate_metrics,1923,1bd600e85a5c1e61777de67c3b1236c22ed512c5e0c27d1f336f09c70ca54bd8
nist302_support_predictor_pilot_v2,outputs/nist302_support_predictor_pilot_v2/metrics.json,json,aggregate_metrics,2033,f508a897642d688ec785c768afdbb701085dbef3f7f8c5cb9ce88425b97fbd58
nist302_support_predictor_quality_pilot,outputs/nist302_support_predictor_quality_pilot/metrics.json,json,aggregate_metrics,2028,19f6d543bb0d346a89d0b2530ca3d922d7d5c8072567cafe3f8a9ccd6ea07067
nist302_synthetic_exact_gt_finetuned_full,outputs/nist302_synthetic_exact_gt_finetuned_full/metrics.json,json,aggregate_metrics,3617,70b2527f0c85780257b0415e73e7d2860cff00ebd45ce805222c4fb4416567a5
nist302_synthetic_exact_gt_finetuned_full,outputs/nist302_synthetic_exact_gt_finetuned_full/per-image-metrics.csv,csv,unit_level_metrics,239390,d5758a5d4d02dd1e399124fa20c63414508570711ea31217c5c37d78a486541d
nist302_synthetic_exact_gt_zeroshot_full,outputs/nist302_synthetic_exact_gt_zeroshot_full/metrics.json,json,aggregate_metrics,3595,9389ae80cae9af7cd0c351d28b5b3c0d3a189ca3c66d54673835dcacb636ce2c
nist302_synthetic_exact_gt_zeroshot_full,outputs/nist302_synthetic_exact_gt_zeroshot_full/per-image-metrics.csv,csv,unit_level_metrics,238865,e50cfe1b7d84d84d63fb8c6438f90ba5c99e5dbd9469bcb80deece6133283352
_root,outputs/nist302_synthetic_exact_gt_zeroshot_vs_finetuned_subject_tests.json,json,other_machine_readable,1971,98e82a200d1cca881a40e458c5587941b1e217dd3908e3f9680c451701347383
_root,outputs/nist302_target_ranking_smoke.json,json,other_machine_readable,6929,a1d8108cf4e14d34f329048a20f9c6784eba8a61f02acbcc87b8039f8fe6327a
_root,outputs/nist302_target_ranking_smoke.per-image.csv,csv,unit_level_metrics,22841,e94a109c5f7df3322fe7c1c292005af295174ca7896d159459993bff30953d57
_root,outputs/nist302_target_ranking_validation.json,json,other_machine_readable,6937,cf8d59c6b25b41ec957b7c9f1fd2a0be2f413227c12178816350303a59bb9dcf
_root,outputs/nist302_target_ranking_validation.per-image.csv,csv,unit_level_metrics,810795,1334becb168309e99af8be038836fdaca663542b0dfe57999fc4310a84d14cbf
nist302_track_e_full,outputs/nist302_track_e_full/method-audit.json,json,audit_or_provenance,275,0dc332c753bcddaacd76780132df1deeb52b4fcbbb3280ce8bf58125f0789bcf
nist302_track_e_full,outputs/nist302_track_e_full/training-metrics.json,json,aggregate_metrics,21177,4975dd6bd98ee319de9a36f2a37db4330036b71e67ede917ca697679b7438d56
nist302_track_e_smoke,outputs/nist302_track_e_smoke/method-audit.json,json,audit_or_provenance,275,0dc332c753bcddaacd76780132df1deeb52b4fcbbb3280ce8bf58125f0789bcf
nist302_track_e_smoke,outputs/nist302_track_e_smoke/training-metrics.json,json,aggregate_metrics,2211,0ee7ca17088393dd18c55d108addf1a6bc8bbf77f682c887adfc159d7c23a51c
nist302_trust_weighted_full,outputs/nist302_trust_weighted_full/method-audit.json,json,audit_or_provenance,3193,1f48fe8759ddba83e1c95bf7b2b25487c7b703cd17a4f487a4b22be0b0281831
nist302_trust_weighted_full,outputs/nist302_trust_weighted_full/training-metrics.json,json,aggregate_metrics,23672,634b1e51fcc86c34b88bdaaa1ddaaf418f3a812e588b0c3c660003dc8ea79356
nist302_unet_zeroshot_smoke,outputs/nist302_unet_zeroshot_smoke/metrics.json,json,aggregate_metrics,22988,ac9e05769ee48932e56505d6f77491cda5eb58072cba1ae9011e6efdc9e7e875
nist302_unet_zeroshot_smoke,outputs/nist302_unet_zeroshot_smoke/per-image-metrics.csv,csv,unit_level_metrics,7626,d3ce94bb4345f4db5cfaf6a691b8089cd5f52f237f3933d3760f22dddcdf71f5
nist302_unet_zeroshot_validation,outputs/nist302_unet_zeroshot_validation/metrics.json,json,aggregate_metrics,24634,594c077402367abcffb2178533981f970c52671ced8e129273080148e4d6ba6a
nist302_unet_zeroshot_validation,outputs/nist302_unet_zeroshot_validation/per-image-metrics.csv,csv,unit_level_metrics,428494,44c6857e61c2203570a0c434c9eeccbf04be2048bd99848e9bd0b1106abba8f0
_root,outputs/nist302_uniform_vs_calibrated_confidence_FULL_subject_tests.json,json,calibration,2784,e21aa3542ef8c3c260ca3e25757e3c24ef94fa8ed750c3f80ddb1c73938f939d
_root,outputs/nist302_uniform_vs_calibrated_confidence_subject_tests.json,json,calibration,2768,bc8a6be185c8fbef4816bd2eec06e5cecb2660d5e2ae868203cf98765d1d7982
nist302_visible_support_predictor_256,outputs/nist302_visible_support_predictor_256/metrics.json,json,aggregate_metrics,6591,8f826c8959f2f2aff536c3b6443d371a8cf288f8d8ada45d6774392992f21efe
nist302_visible_support_predictor_full,outputs/nist302_visible_support_predictor_full/metrics.json,json,aggregate_metrics,6590,85e9cc1e8936f4d51d6b9ebeb06eeeb279439f23d4d41649e8c9f103ee982c61
_root,outputs/nist302_zeroshot_vs_finetuned_soft_subject_tests.json,json,other_machine_readable,2781,07564e1d29ce9714c12647cb4cff541ce63d5528de83180753b74e8e4ef75dd5
_root,outputs/pseudo_target_following.json,json,other_machine_readable,854,f76e1686177abce42f0ed4ff6aee6c887429be7ff4ee7f121f50cbdcef7cdb21
_root,outputs/pseudo_target_following.per-image.csv,csv,unit_level_metrics,60397,3c5f1653303998cce852f41c8d264fc111502ff32877195dcd168493009983b9
repaint_u1_k5_pilot50,outputs/repaint_u1_k5_pilot50/metrics.json,json,aggregate_metrics,173871,6d014fb60f9a035d9242131f2304e9b0123853fd35605cd8e0b85e01a5e961b9
repaint_u1_k5_pilot50,outputs/repaint_u1_k5_pilot50/per-image-probabilistic-metrics.csv,csv,unit_level_metrics,34536,f610997461a03c040499ff0efd118515973ab1df0382bee84f00d9120f7f3444
repaint_u1_smoke,outputs/repaint_u1_smoke/metrics.json,json,aggregate_metrics,42167,99d58a2efdeadb2e03e05ef18f4f49c0e03933682c79022b92148aceecb48bd0
repaint_u1_smoke,outputs/repaint_u1_smoke/per-image-probabilistic-metrics.csv,csv,unit_level_metrics,2070,299e29e6f25e9f81c67dcec276d7cb020d79d1fb450b2418775820b718271ca5
_root,outputs/repaint_u1_vs_u2_paired_pilot50.json,json,statistical_comparison,4101,90b4a0c6149ba6af9c28485153e25b8ab76488c23ab8d5e31961eda7f3c0cf16
repaint_u2_k5_balanced90,outputs/repaint_u2_k5_balanced90/metrics.json,json,aggregate_metrics,185543,83ea0d1f95a2fc0265a3f512a0b04ce9dcbf31547fd4668ccbe5cf586a0f2f28
repaint_u2_k5_balanced90,outputs/repaint_u2_k5_balanced90/per-image-probabilistic-metrics.csv,csv,unit_level_metrics,61429,be4a7e1dba171920d971c2fcdaf503a176bd265fc4be21375937f7ebcc703a68
repaint_u2_k5_pilot50,outputs/repaint_u2_k5_pilot50/metrics.json,json,aggregate_metrics,173802,a873427db162bb01bb23f11d3ee52f19bc7dfe94c7af15ec60ca4cd2dce96832
repaint_u2_k5_pilot50,outputs/repaint_u2_k5_pilot50/per-image-probabilistic-metrics.csv,csv,unit_level_metrics,34494,e631997a60ada8009bd9438e44f80a4f27c04a3ce295d0f998247f6062eda473
repaint_u2_smoke,outputs/repaint_u2_smoke/metrics.json,json,aggregate_metrics,42120,36fef9c227cf37795d3493fcc772e3233ec29f0f60edfe303d182396d107f5ad
repaint_u2_smoke,outputs/repaint_u2_smoke/per-image-probabilistic-metrics.csv,csv,unit_level_metrics,2062,4f644e5d0c50c99eca071c3cb27172baeef5d4a3ae904ff4cc2f08b2919473dc
residual_factorial_nested12_k3_s25,outputs/residual_factorial_nested12_k3_s25/analysis/factorial-analysis.json,json,aggregate_metrics,93374,c0a661282796f1d9ad4a9fca32ca56603bf5be7d5a3e0f4f6a90d85f170abff4
residual_factorial_nested12_k3_s25,outputs/residual_factorial_nested12_k3_s25/factorial-metadata.json,json,audit_or_provenance,663,a5e3b6fe7a7e6b9435e185dd578c578f843f18932d7eaf433d208ca437d56a5f
residual_factorial_nested12_k3_s25,outputs/residual_factorial_nested12_k3_s25/factorial-per-condition.csv,csv,unit_level_metrics,674921,e83ba57fb2203f66bde2b634e155eb4f89917a0d61ea0ffe51a2aa2dcba53ac0
residual_factorial_smoke,outputs/residual_factorial_smoke/factorial-metadata.json,json,audit_or_provenance,471,6502c77c8d52806ad0da4d82fed6ec31d07a6f3061425a0a03a50fa41b08171e
residual_factorial_smoke,outputs/residual_factorial_smoke/factorial-per-condition.csv,csv,unit_level_metrics,9316,4175433b0b02b3169c02d4977a1da3641c337f75fc7bf54dd76961b3b7152bf8
_root,outputs/residual_frequency_sigma2_vs_sigma4_paired90.json,json,statistical_comparison,3308,5f9589ebbda90d02bca27dba01f09908f2b42d87da3d654a786efb3d518c3e9c
residual_gabor_ridge_frequency_diagnostic20,outputs/residual_gabor_ridge_frequency_diagnostic20/comparison-vs-original.json,json,statistical_comparison,4277,8516b4a440690d278c1a4e6af09fa80a7c5879c789d0dc41f0b1559ac33311cc
residual_gabor_ridge_frequency_diagnostic20,outputs/residual_gabor_ridge_frequency_diagnostic20/metrics.json,json,aggregate_metrics,770,77a8092a456b3d345eb73f43d7c96de734485e7c8fc065787f50dffbd76e5916
residual_gabor_ridge_frequency_diagnostic20,outputs/residual_gabor_ridge_frequency_diagnostic20/paired-per-image.csv,csv,unit_level_metrics,19119,f8925ac0c8e0267fbe060462fdd10d1e065935d1e6aefacefb462acd413242a8
residual_gabor_uncertainty_calibration_k20,outputs/residual_gabor_uncertainty_calibration_k20/calibration.json,json,calibration,3915,d0aac98bedd76d3ed278af21faf8b564239f55e86e36545c664dc6257c0edfc1
residual_latent_diffusion_smoke,outputs/residual_latent_diffusion_smoke/metrics.json,json,aggregate_metrics,620,834b42738f40d1a3e5ea50ab7b1b672208e02965efb44ed1f0b94615dac62325
residual_latent_diffusion_v1,outputs/residual_latent_diffusion_v1/metrics.json,json,aggregate_metrics,2088,6ca080b7c4438f9e379265aed6e3868c1c8535a882859af7514afb8f43009986
residual_latent_diffusion_v1_continued,outputs/residual_latent_diffusion_v1_continued/metrics.json,json,aggregate_metrics,1358,06c8825b44f4ca65ac5f592e87bc3c4bc8a66a91b6d4f90bf0111276b8f0becc
residual_latent_gabor_coarse_v1,outputs/residual_latent_gabor_coarse_v1/metrics.json,json,aggregate_metrics,1359,7b2400521dfc09e8c373e5193299a0d989346dab52ae252c37727fb99c2fe860
residual_latent_gabor_coarse_v1_paired90,outputs/residual_latent_gabor_coarse_v1_paired90/comparison-vs-original.json,json,statistical_comparison,3603,b0b3eb4eb413d7acc3c7e6a66b893747389b0548597d38278791d223528f3e73
residual_latent_gabor_coarse_v1_paired90,outputs/residual_latent_gabor_coarse_v1_paired90/metrics.json,json,aggregate_metrics,769,03c8808b0712ffecda477bc3d36d67de80bafcc0c4ead3d0644a5e22df9ebed0
residual_latent_gabor_coarse_v1_paired90,outputs/residual_latent_gabor_coarse_v1_paired90/paired-per-image.csv,csv,unit_level_metrics,80986,a3cac2704dc34164f5c8f43c04bac47b0676b1a3eab22275f17cef88b04050f6
residual_latent_gabor_coarse_v1_stratified90,outputs/residual_latent_gabor_coarse_v1_stratified90/mask-family-summary.csv,csv,aggregate_metrics,1438,c8d06968527fab091759b45abf46fc530d3355a0d40f6aecef5bff8df78f2948
residual_latent_gabor_coarse_v1_stratified90,outputs/residual_latent_gabor_coarse_v1_stratified90/stratified-summary.json,json,aggregate_metrics,42563,90ec47f60ffb7991f1fceb46096e1e80cd8f1e263d06862b52a31f0389703c8d
residual_latent_v1_continued_projection5_paired90,outputs/residual_latent_v1_continued_projection5_paired90/metrics.json,json,aggregate_metrics,582,88f99ea0774ef6c898ce453288bccab2aabde14d74a55f7d6755d20e342fe009
residual_latent_v1_continued_projection5_paired90,outputs/residual_latent_v1_continued_projection5_paired90/paired-per-image.csv,csv,unit_level_metrics,63864,a0ac8717a329d78ff4ce7a1d02c36936c2d46bebff4b0123bf40d416435146ce
residual_latent_v1_frequency_sigma2_paired90,outputs/residual_latent_v1_frequency_sigma2_paired90/metrics.json,json,aggregate_metrics,657,271208ea8055a8ce522991b9b57f473378369c1fdb5d6cf5d27ef4a1866c9e1c
residual_latent_v1_frequency_sigma2_paired90,outputs/residual_latent_v1_frequency_sigma2_paired90/paired-per-image.csv,csv,unit_level_metrics,63821,f202d09ca806be1303b2a16d4079aecfbe9b6cbaac7fbca41897a10372a1c6bd
residual_latent_v1_frequency_sigma4_paired90,outputs/residual_latent_v1_frequency_sigma4_paired90/metrics.json,json,aggregate_metrics,656,cb3f012d855cc029fb0eca1e56e760b414e3cd381757b19bebbef6c26c4b29fb
residual_latent_v1_frequency_sigma4_paired90,outputs/residual_latent_v1_frequency_sigma4_paired90/paired-per-image.csv,csv,unit_level_metrics,63852,26ce691370a425bcc7c510a9b991b793e2383c29aa8cfbe059cffabe2ec785b5
residual_latent_v1_frequency_sigma4_stratified,outputs/residual_latent_v1_frequency_sigma4_stratified/mask-family-summary.csv,csv,aggregate_metrics,1438,7352effc6ea4d2caca8ced9a2304f5e26d1d7a7e903f8c42cda19dd7a39264da
residual_latent_v1_frequency_sigma4_stratified,outputs/residual_latent_v1_frequency_sigma4_stratified/stratified-summary.json,json,aggregate_metrics,42564,c325cefb31f3e21b64ebcd7e07c1a4ce1e91836208a06c50f9b3651a886f6190
residual_latent_v1_projection5_paired90,outputs/residual_latent_v1_projection5_paired90/metrics.json,json,aggregate_metrics,584,2b655441c5e0bee80554111093dd04ce09aca3f5e1a0518b02b445d675b1b765
residual_latent_v1_projection5_paired90,outputs/residual_latent_v1_projection5_paired90/paired-per-image.csv,csv,unit_level_metrics,63830,131717cc8461ae31e5b654ef93a3687c166b037067cdb5d54c4565af701d3210
_root,outputs/residual_projection5_vs_frequency_sigma2_paired90.json,json,statistical_comparison,3277,6aa091f61387bf1f3b48cc99a0e1dccb10bc9cae7bde1851df96fd0489148f3f
_root,outputs/residual_projection5_vs_frequency_sigma4_paired90.json,json,statistical_comparison,3300,9f9bd7f18f4361750fb8b82a759471ee59cfa808b47b37c527dd0e9bf3c1876e
residual_ridge_frequency_diagnostic20,outputs/residual_ridge_frequency_diagnostic20/metrics.json,json,aggregate_metrics,770,cf12c9b4566aacdc82ff5cb9cf56245e2068d1248e23d56156f809db0762afea
residual_ridge_frequency_diagnostic20,outputs/residual_ridge_frequency_diagnostic20/paired-per-image.csv,csv,unit_level_metrics,19145,7c9b3ef7968068a168b0d04913c19e62aabe4d7bfe1a550761f3c9ca5ddf9e98
residual_uncertainty_calibration_k20,outputs/residual_uncertainty_calibration_k20/calibration.json,json,calibration,3910,b4ef40cdba531b38a3e0799f64a195c7cd8940ad7beeba2b4a73d1926d2d4036
residual_uncertainty_k10_paired30,outputs/residual_uncertainty_k10_paired30/metrics.json,json,aggregate_metrics,656,989ef6a3f29b05bd6d936303427c848ee917324bc4c782aa863ab23bedd9ef06
residual_uncertainty_k10_paired30,outputs/residual_uncertainty_k10_paired30/paired-per-image.csv,csv,unit_level_metrics,22070,1a5659f02491e022ba103484dff89497a43c089d3c6eaa72de9e084b91ea9497
residual_uncertainty_k20_paired30,outputs/residual_uncertainty_k20_paired30/metrics.json,json,aggregate_metrics,657,5f9c7c783cc778b69fd443eb12adc21eb629098fd31082e7d938e17d62e09dbc
residual_uncertainty_k20_paired30,outputs/residual_uncertainty_k20_paired30/paired-per-image.csv,csv,unit_level_metrics,22075,913e7974c8b85e12ce995e5a1978c218bdfa724989044024b8c2d79efe06d3e8
residual_uncertainty_k50_paired30,outputs/residual_uncertainty_k50_paired30/metrics.json,json,aggregate_metrics,654,afea81dd40dc2599a4ddb13144c532eb7ac6ef2dac3bd38d234f0eb6188ae5d2
residual_uncertainty_k50_paired30,outputs/residual_uncertainty_k50_paired30/paired-per-image.csv,csv,unit_level_metrics,22065,81515dfb619fde022ff5a56f779b5182e30f28f4bcdf96e363e6a508b7c344ef
residual_uncertainty_k5_paired30,outputs/residual_uncertainty_k5_paired30/metrics.json,json,aggregate_metrics,655,258c774f62ab52da0a81503000d52ccdf9b59ac5f95b3d0d81d93eb47911f26d
residual_uncertainty_k5_paired30,outputs/residual_uncertainty_k5_paired30/paired-per-image.csv,csv,unit_level_metrics,22037,09fb9718477766929de0491d1bfeba5afc3288eea7ec509e6ced17dcb18c13bd
residual_uncertainty_k_analysis,outputs/residual_uncertainty_k_analysis/k-scaling.csv,csv,other_machine_readable,1218,427663d950543bc8611c83009217ee256e64c3ee03e87234177c288f88784bbc
residual_uncertainty_k_analysis,outputs/residual_uncertainty_k_analysis/k-scaling.json,json,other_machine_readable,2429,20ee61086a27e2e53c830f05c2a208348c86fb87166b93cce60295637e12a0fe
_root,outputs/residual_v1_vs_continued_paired90.json,json,statistical_comparison,3276,e09fcd33e8a8e30c511b3735fdd3070db28e5ab5510e8dbc02120f5fe22d06a0
_root,outputs/resolution_artifact_128.json,json,other_machine_readable,804,d9ee625b8012c7738052d76419db6d40e26d3a82951e822b33753cbca4d90813
_root,outputs/resolution_artifact_128.per-image.csv,csv,unit_level_metrics,12940,c5e52dc436bf3c2d39f0c232dcdbfca9b607a8f693b0d0393b21d699b9b8206b
_root,outputs/resolution_artifact_256.json,json,other_machine_readable,801,1aef1c0f966fdb6b593de8282caa656b3eb9ebd05b7c3447f4597197cf5834ce
_root,outputs/resolution_artifact_256.per-image.csv,csv,unit_level_metrics,13204,10b3909f39184541991f35a2ad31be93e943eecaa3d25648f3264d0d509a7e65
ridge_band_audit_train100,outputs/ridge_band_audit_train100/per-image.json,json,unit_level_metrics,63077,2ae8e8c75e1ce01059e0d3175e3068ee1f69bc96652ceed8ac4be689f15ed794
ridge_band_audit_train100,outputs/ridge_band_audit_train100/ridge-band-report.json,json,other_machine_readable,2030,c1832b2f4902ba0ac05b651875e9cba1e02310c6afddde7e9daded39026e9ae4
ridge_band_audit_train100_bandpass,outputs/ridge_band_audit_train100_bandpass/per-image.json,json,unit_level_metrics,63267,a9b5bc83c44bdc391dcc76de5d351813625fab7ed98bfab6332fe4504b5f6eae
ridge_band_audit_train100_bandpass,outputs/ridge_band_audit_train100_bandpass/ridge-band-report.json,json,other_machine_readable,2093,9ceb473a16e53ffcaa5f477f54ad5ba36e2e78bdef15e1842a0e6c2fbdd9788c
ridge_band_audit_train100_oriented,outputs/ridge_band_audit_train100_oriented/per-image.json,json,unit_level_metrics,63065,fd34a2cfad997e097622002dc45330cfde474cf7fea35461840d00ff2ee18a7b
ridge_band_audit_train100_oriented,outputs/ridge_band_audit_train100_oriented/ridge-band-report.json,json,other_machine_readable,2077,0c18347db4106ef83e226fff780032f8a799e375e06e5f19c08f2c8d0e562ddb
ridge_band_compare_gabor_full_val100,outputs/ridge_band_compare_gabor_full_val100/per-image.json,json,unit_level_metrics,63563,76a2e2d44cb755bf4ed264b598e58b4486fbecd030169c343a193907e358b4cf
ridge_band_compare_gabor_full_val100,outputs/ridge_band_compare_gabor_full_val100/ridge-band-report.json,json,other_machine_readable,2186,37163db693d08f145ff95178f7d5f15664bd47c39c821340b74876bc4bd6304f
ridge_band_compare_gabor_val100,outputs/ridge_band_compare_gabor_val100/per-image.json,json,unit_level_metrics,63537,ec1abfe3ec38620565775c3fd8a44bab2302f66ad67b2d533fedb64b7304ad45
ridge_band_compare_gabor_val100,outputs/ridge_band_compare_gabor_val100/ridge-band-report.json,json,other_machine_readable,2183,3881107ea049455bd51fca72e44df382324498b30a83c1da4c6e2cd32741332d
ridge_band_compare_old_val100,outputs/ridge_band_compare_old_val100/per-image.json,json,unit_level_metrics,63494,5d1c1e2b655f8973b7b2bf5dc257716b3c03b5424aa52badb4bdbcf8bf081916
ridge_band_compare_old_val100,outputs/ridge_band_compare_old_val100/ridge-band-report.json,json,other_machine_readable,2176,9139ee97f3207939af51e7374b40ad31bc24d306af1005b6dea9e37a5b55c15f
_root,outputs/ridge_hybrid_vs_baseline_paired.json,json,statistical_comparison,2017,ab0b15f987517342e0efab1ebda075d6c1dec8529ec3b8af164f792808fdcc0b
ridge_v3_integration_smoke,outputs/ridge_v3_integration_smoke/metrics.json,json,aggregate_metrics,30366,f0e21b63369e0a7ffdf13d867fc542980701a22ea73a8a40d32f81b05f24a8e8
ridge_v3_integration_smoke,outputs/ridge_v3_integration_smoke/per-image-metrics.csv,csv,unit_level_metrics,1340,e722dd837df756e84031fa9858eec7d8acbc26a9bf6fb164268b029b27b648b5
_root,outputs/ridge_v3_vs_baseline_paired.json,json,statistical_comparison,2019,095ad23e880474db4f049a166c82a0106e796d8665e39bfbf1892f1c19c24d9f
rq6_central_vs_peripheral_roi_nested12_k3_s25,outputs/rq6_central_vs_peripheral_roi_nested12_k3_s25/analysis/factorial-analysis.json,json,aggregate_metrics,42324,c23dff6e80f2f0a58589e3cb9f7aaeabc428123714f414343f6c0a5119f36f31
rq6_central_vs_peripheral_roi_nested12_k3_s25,outputs/rq6_central_vs_peripheral_roi_nested12_k3_s25/factorial-metadata.json,json,audit_or_provenance,571,6e28207429d2b9dc3badc2b7df4eba8863a6773b1c218787a9241324b2918fa6
rq6_central_vs_peripheral_roi_nested12_k3_s25,outputs/rq6_central_vs_peripheral_roi_nested12_k3_s25/factorial-per-condition.csv,csv,unit_level_metrics,188405,d99f479d8abb903fb69c4d46d4e890f4ad043290829ba739a9307c994c044856
_root,outputs/selective_reconstruction_curve.json,json,other_machine_readable,1266,e169ca9c869001b73b07850fea0fcd13a1b5007851e680964935ba40858b3a17
socofing_eda,outputs/socofing_eda/eda-summary.json,json,aggregate_metrics,2475,3813e7c5eeaa767100696f560cb8ca35517da9f6a02c858a8f29a5d956ade286
_root,outputs/socofing_eda_report.json,json,other_machine_readable,1285,6ba0c00a84b18f955f79b5ef25997158acfad321d4768f8a2347bd1e1cac4f82
_root,outputs/socofing_identification_r030.json,json,other_machine_readable,823,b10d1dde5a9f05a10e4ca628a4ff490e398823dc3c261fbf50fdf2289d99f56c
_root,outputs/socofing_identification_r030.per-probe.csv,csv,other_machine_readable,4702,f92983e7d28ab9e98a88a09a4acef9653d29f08f6510e438854136ec5108c61f
_root,outputs/socofing_identification_r050.json,json,other_machine_readable,825,5eb5d2a8c175b3bcc35f6d3aa46877f64e105cb2aa293ffbe8d3a92c332a149c
_root,outputs/socofing_identification_r050.per-probe.csv,csv,other_machine_readable,4607,4e4c948fe552dd11aa22c19dc8ecd6bdc29a38f34dba03c496e91b75476a2f11
_root,outputs/socofing_identification_r070.json,json,other_machine_readable,821,c090264c679235c986d983f75e93af60230495809d56af5c75cee57beda1be8f
_root,outputs/socofing_identification_r070.per-probe.csv,csv,other_machine_readable,4606,1e4b58ba904e74260de0e9e3f0a1373eaef040f3383ea4b753c19f820aeca91f
_root,outputs/socofing_identification_r80.json,json,other_machine_readable,822,724dd72125317daeed31db9f2e99bfb2489c73298d7f4adc6828b7aecd4cfe02
_root,outputs/socofing_identification_r80.per-probe.csv,csv,other_machine_readable,4617,2846b6609f53a4bb82136448fcf290b122eff2adb1322b6be0f45dc0d53233ff
_root,outputs/socofing_orientation_geometry.json,json,other_machine_readable,1205,1199807a97574c6bc3b6aa22cdec43ff1ca6798597b8bc05b76af8eae32e5fd8
_root,outputs/socofing_orientation_geometry.per-image.csv,csv,unit_level_metrics,10191,8324cc85f9ae79bae6065ab9514b888cf41b48793c0937ecbbe58bb36f748436
_root,outputs/socofing_orientation_geometry_smoke.json,json,other_machine_readable,1203,c27de12a99d6631a662b33992aba7f8527c73ae316e07116acbb611b8f3f87ba
_root,outputs/socofing_orientation_geometry_smoke.per-image.csv,csv,unit_level_metrics,1320,778e690e1db84cb6d92556708d93b4bd556e872293b68953906607a5047f4313
_root,outputs/socofing_orientation_geometry_v2.json,json,other_machine_readable,2011,d770a3c1d8b8a362106f1b41dc96830534582038e4f306bf56c9275cb7b09136
_root,outputs/socofing_orientation_geometry_v2.per-image.csv,csv,unit_level_metrics,18007,df789043cbf96fa118b3da2f81b6d888fc094baa083334883f3310a3c43bbe27
_root,outputs/socofing_orientation_geometry_v2_smoke.json,json,other_machine_readable,2012,f79fa1a3bb559a825831126964a4f54258ce87d882a6731984fce47914539fee
_root,outputs/socofing_orientation_geometry_v2_smoke.per-image.csv,csv,unit_level_metrics,2366,32dcc80400e9c1d5a9c2b8718fbd6fa7f97680bc565316d292543c358924ca10
_root,outputs/socofing_orientation_mirror.json,json,other_machine_readable,2190,bf66755dca5581b031840a85b3de9bc0e6cc31d647edf5716ab246bc10b51052
_root,outputs/socofing_orientation_mirror.per-image.csv,csv,unit_level_metrics,19943,aed1997a901875e53de9ca5ccd148f61c06a616a419098f3bda3f5ef8f4f71b4
_root,outputs/socofing_reconstructibility_segmented.json,json,other_machine_readable,3719,68ec1ecc24d7c12b60fd554865573519566293c15243c0967f34322eebea3315
structure_gated_consistency_pilot,outputs/structure_gated_consistency_pilot/metrics.json,json,aggregate_metrics,123435,9aa560b8fd66e013a81598c749f8b4cd8f74ec3cd4776f2f9cf46ccba52f9e4c
structure_gated_consistency_pilot,outputs/structure_gated_consistency_pilot/per-image-metrics.csv,csv,unit_level_metrics,49243,46f173cf7fa1af99937b14d26f2a8fea34de77c1fe5e23321d217e6881390f77
structure_gated_ridge_band_pilot,outputs/structure_gated_ridge_band_pilot/metrics.json,json,aggregate_metrics,123182,c68409d51f4d84c779943d97d0c5ec00aa94dd7aaf65693ac99ae18bb431bba8
structure_gated_ridge_band_pilot,outputs/structure_gated_ridge_band_pilot/per-image-metrics.csv,csv,unit_level_metrics,49289,740f40053946f0338f6e1c52f52c8c68677633fc4661d99f3e6855dc70ed628b
structure_gated_ridge_band_v2_pilot,outputs/structure_gated_ridge_band_v2_pilot/metrics.json,json,aggregate_metrics,123162,974de6f0123c71a32ddde0cd5a73d473ea20dce301aef480c610329a90112cae
structure_gated_ridge_band_v2_pilot,outputs/structure_gated_ridge_band_v2_pilot/per-image-metrics.csv,csv,unit_level_metrics,49217,00a0fd3940983670e94043a21f809998e38f8ba628ed134a6e0b02c3d7cd5ff5
structure_predictor_full,outputs/structure_predictor_full/metrics.json,json,aggregate_metrics,12810,973ff0aaca025575f247c61e05ea1cc49832fd3292278706294e4b0b5ad637e4
structure_predictor_smoke,outputs/structure_predictor_smoke/metrics.json,json,aggregate_metrics,1132,ec7011b2cf58269a1c764a845525bd14d014c6ae5b3cac579af5e654caf91f45
support_predictor_full,outputs/support_predictor_full/metrics.json,json,aggregate_metrics,6196,f8d8b777a4e737ceb8c3ea4ae4fea229b6147597fe6043c86bcab28a15563921
support_predictor_smoke,outputs/support_predictor_smoke/metrics.json,json,aggregate_metrics,801,1a3e61b14d9b94bd4025b5192e067dc19b7ee909b5f79d2d0ff1ee78ebbf64ac
_root,outputs/track_e_preview_vs_pseudo.json,json,other_machine_readable,2367,a4cc6a8439f393931b1c37c3787fc6bb30fab5647965690366a335928b39ab97
_root,outputs/track_e_preview_vs_pseudo.per-image.csv,csv,unit_level_metrics,118020,173c4d7c735902d740a1fece29c8a52f805696a284847f5893a7b0b6a47b8300
_root,outputs/track_e_preview_vs_zeroshot.json,json,other_machine_readable,2384,d102ce1b64b1bd08f36769040e4da27b32c322ff2fe2e9e6594d7c106b38015b
_root,outputs/track_e_preview_vs_zeroshot.per-image.csv,csv,unit_level_metrics,118153,89cf9bfdabe182eb0283319d3d12976c24b3107ec97debffafc93961651e1939
_root,outputs/track_e_vs_pseudo.json,json,other_machine_readable,2367,a4cc6a8439f393931b1c37c3787fc6bb30fab5647965690366a335928b39ab97
_root,outputs/track_e_vs_pseudo.per-image.csv,csv,unit_level_metrics,118020,173c4d7c735902d740a1fece29c8a52f805696a284847f5893a7b0b6a47b8300
_root,outputs/track_e_vs_zeroshot.json,json,other_machine_readable,2384,d102ce1b64b1bd08f36769040e4da27b32c322ff2fe2e9e6594d7c106b38015b
_root,outputs/track_e_vs_zeroshot.per-image.csv,csv,unit_level_metrics,118153,89cf9bfdabe182eb0283319d3d12976c24b3107ec97debffafc93961651e1939
_root,outputs/trust_weighted_heldout.json,json,other_machine_readable,2376,dfbcfaad9fb6c2454a8d60293d67d381531900a8c43843b3a8ee9dfeff0902bd
_root,outputs/trust_weighted_heldout.per-image.csv,csv,unit_level_metrics,117889,7fd3bd0252c982c2109cd8ea72ce3f384236a16f4dfa409bc84a88118b0964a0
_root,outputs/trust_weighted_vs_zeroshot.json,json,other_machine_readable,2392,cca3a28d1bfb5dba12ed8e32e04eed280c9187589838dfb55e2decf5126fcb84
_root,outputs/trust_weighted_vs_zeroshot.per-image.csv,csv,unit_level_metrics,118022,82b9442c85587d0704ebb4a28e1778fea30830fb1812fe4aa76b5e22f1c7ae9b
unet_full_mps,outputs/unet_full_mps/metrics.json,json,aggregate_metrics,167300,df66e4d1b9f110e35f59bbc961201ff421284344bfe0cbb8db53c25415f139b0
unet_full_mps,outputs/unet_full_mps/per-image-metrics.csv,csv,unit_level_metrics,342674,0ce37560d11efcb435a892dc88191fef583cd3264189ee54e6e34f75ed177848
unet_pilot_mps,outputs/unet_pilot_mps/metrics.json,json,aggregate_metrics,7657,238adb4feacb8aad4402b9110fd580108899c09a5cce52535c49bf1909b4da8b
unet_pilot_mps,outputs/unet_pilot_mps/per-image-metrics.csv,csv,unit_level_metrics,26823,416fcdf6592db0bc26affb0662d1ca6c5cb09daccca243169374275c63ae8e20
unet_ridgeaware_pilot_mps,outputs/unet_ridgeaware_pilot_mps/metrics.json,json,aggregate_metrics,116058,3a75785ffc89d0eea0b086dcae1402de2823567c207d3f5cd44ff68686f8ccec
unet_ridgeaware_pilot_mps,outputs/unet_ridgeaware_pilot_mps/per-image-metrics.csv,csv,unit_level_metrics,181251,6ca0ae35a9e0adb92fe0d410c5ae023ce8d9090498d31649719d36d9e34a20e2
unet_smoke,outputs/unet_smoke/metrics.json,json,aggregate_metrics,808,7d51dee6933a9cd51cba97d0655ceb6ff6b41a4a6b8b7289fa1962838a85fb37
unet_structural_pilot_mps,outputs/unet_structural_pilot_mps/metrics.json,json,aggregate_metrics,115170,8f095a84db6662849be876b9b4a08c8e3860f11251ac1261b2bec1162ff20e1f
unet_structural_pilot_mps,outputs/unet_structural_pilot_mps/per-image-metrics.csv,csv,unit_level_metrics,181351,a29bb3ae0630f7389297893a39b5d40788403c135ca1d863b8c83becae16ea35
unet_structural_resize_pilot_mps,outputs/unet_structural_resize_pilot_mps/metrics.json,json,aggregate_metrics,115157,e7e90a0c637870f1eb0e7b70ac2cd86eb2e1635dfd7e0086c1ae7d55c4cf556c
unet_structural_resize_pilot_mps,outputs/unet_structural_resize_pilot_mps/per-image-metrics.csv,csv,unit_level_metrics,181259,8d555e9093bcb7266f02d23406af9f852395ee7685b12fa7af7742d15f52ad52
unet_structural_smoke,outputs/unet_structural_smoke/metrics.json,json,aggregate_metrics,26306,fa2692d1b3e58c84ec94bee50579cff53427fb3cef295e1c3440e3394b67e309
unet_structural_smoke,outputs/unet_structural_smoke/per-image-metrics.csv,csv,unit_level_metrics,1218,f9bf81a75cfcb40661ad14615e8045a83b4c4f5366c5c9eed76abf087ea8ada3
_root,outputs/unet_vs_gated_paired_tests.json,json,statistical_comparison,2010,81d66026f1a91a1b75ac1e8c471e3f3bef2783e784562279d538ed01d485bc68
