sample_id,mask_family,observed_fraction,roi_mse,roi_mae,roi_psnr,roi_ssim_map_mean,roi_pixels,roi_max_absolute_error,roi_orientation_error
socofing:000023:left_thumb,full_image_codec,1.0,0.0032097379124617557,0.03895445692830748,24.935304279747417,0.8691075240102062,11204.0,0.40513649582862854,0.0024074156498584483
socofing:000023:left_index,full_image_codec,1.0,0.0028230696138118526,0.036161116105290256,25.49278412493678,0.8925557506373657,10071.0,0.4152818024158478,0.0014595897520894303
socofing:000023:left_middle,full_image_codec,1.0,0.0021314975323376865,0.03131255724750362,26.713151658049075,0.8994110513157147,10191.0,0.33566564321517944,0.0017611714271375553
socofing:000023:left_ring,full_image_codec,1.0,0.0022847578647290446,0.03213008505889709,26.411598190445027,0.9111657823736456,7917.0,0.3050644099712372,0.003393514332141986
socofing:000023:left_little,full_image_codec,1.0,0.00164665578499316,0.027161610946421635,27.83397175755351,0.9065472698107606,8429.0,0.324909508228302,0.0018346198475472678
socofing:000023:right_thumb,full_image_codec,1.0,0.003986032428185397,0.03973665767108954,23.994591724381685,0.8947030479945923,12233.0,0.5411630198359489,0.0024906896852704796
socofing:000023:right_index,full_image_codec,1.0,0.00312973080126184,0.03818682889958405,25.04493015985293,0.8866644823833275,11534.0,0.38966548442840576,0.0022857544992295332
socofing:000023:right_middle,full_image_codec,1.0,0.0023442614550750296,0.03235418173492079,26.29993953164146,0.8805099108788289,10574.0,0.45764610171318054,0.0024360661794395207
socofing:000023:right_ring,full_image_codec,1.0,0.0020168480510667675,0.029972686663827977,26.95326820215113,0.8932620940220951,11243.0,0.3890993893146515,0.003313006980332151
socofing:000023:right_little,full_image_codec,1.0,0.0023044563047319683,0.03301926572336174,26.374315222080224,0.8910618219745514,10196.0,0.3626532256603241,0.0037225446369092813
socofing:000030:left_thumb,full_image_codec,1.0,0.002954036781057825,0.038083017515297544,25.295841015389623,0.9641100212569442,10917.0,0.5688436031341553,0.00035694907153685355
socofing:000030:left_index,full_image_codec,1.0,0.0037054837073087266,0.040481728269167086,24.311550919482798,0.9445254445177609,9808.0,0.5588243305683136,0.001166587206912562
socofing:000030:left_middle,full_image_codec,1.0,0.0028532341395818106,0.03797607268806391,25.446625881900854,0.9514565870542907,10321.0,0.3582223504781723,0.000578572821905805
socofing:000030:left_ring,full_image_codec,1.0,0.00259828081034734,0.03613719479828209,25.853139141583195,0.949522458693292,9071.0,0.39545589685440063,0.001587058808114652
socofing:000030:left_little,full_image_codec,1.0,0.0058671524190780895,0.05317673224374856,22.31572629372772,0.9090534057456848,8099.0,0.5864201635122299,0.004749304106488835
socofing:000030:right_thumb,full_image_codec,1.0,0.0016057234331368687,0.024735749401529953,27.943292547023134,0.9484378036022941,12325.0,0.44067835062742233,0.0014780272421047085
socofing:000030:right_index,full_image_codec,1.0,0.0031474332994941372,0.034507476331719085,25.020434647049534,0.9273559710101474,9634.0,0.555079996585846,0.0034228420285208143
socofing:000030:right_middle,full_image_codec,1.0,0.003836197227036391,0.042620812416934,24.16099072926894,0.9386855626853027,11645.0,0.5147657990455627,0.0011070386421300382
socofing:000030:right_ring,full_image_codec,1.0,0.0030064882867349386,0.038203056750018165,25.219404838245655,0.9172369991877868,10070.0,0.3617768883705139,0.004126548700867639
socofing:000030:right_little,full_image_codec,1.0,0.004441541753023797,0.04580828088504715,23.524662509201875,0.8806542835180023,7951.0,0.4620209038257599,0.004479909901105024
socofing:000032:left_thumb,full_image_codec,1.0,0.0029690566298991266,0.037477402198524114,25.273815188680327,0.9704682627212041,11191.0,0.4495586156845093,0.00023855440456244909
socofing:000032:left_index,full_image_codec,1.0,0.003114980234707891,0.03822437038026515,25.065447046980797,0.9639452402434555,9939.0,0.4334013760089874,0.0004188698496269772
socofing:000032:left_middle,full_image_codec,1.0,0.0027090862006182792,0.037641801206854675,25.671771758980782,0.9712732795247081,8433.0,0.35264188051223755,0.0001820002464365962
socofing:000032:left_ring,full_image_codec,1.0,0.002023156987800673,0.03192444133345932,26.939704166408106,0.9648811761111231,7974.0,0.3297841250896454,0.0003306506335686062
socofing:000032:left_little,full_image_codec,1.0,0.0032408472499487364,0.03794239801864535,24.893414379797335,0.9597545974240863,6969.0,0.49896877259016037,0.0006998273073590514
socofing:000032:right_thumb,full_image_codec,1.0,0.0026588222566279636,0.03429499234893854,25.753106944645232,0.9753215712290042,12459.0,0.5376428961753845,0.00014570850186914786
socofing:000032:right_index,full_image_codec,1.0,0.0022389842286517883,0.031786785454696334,26.49948965569529,0.9743776492268885,10328.0,0.4184313416481018,0.00028743063968876103
socofing:000032:right_middle,full_image_codec,1.0,0.0019870394866174064,0.029939678398891188,27.0179350246761,0.9754018545018065,10198.0,0.4147912859916687,0.0003098452744855842
socofing:000032:right_ring,full_image_codec,1.0,0.0018391162392110048,0.026154662006105424,27.353908208149097,0.9587744412440377,9467.0,0.46265220642089844,0.00036500393774000856
socofing:000032:right_little,full_image_codec,1.0,0.0024615342302849266,0.03117248778759841,26.087941205166597,0.9460948703571022,7697.0,0.3751581311225891,0.0012114051530084135
socofing:000039:left_thumb,full_image_codec,1.0,0.002023725076196308,0.03174759726337428,26.93848486891845,0.9804573058894841,11679.0,0.45889541506767273,0.00010199724492744922
socofing:000039:left_index,full_image_codec,1.0,0.0023939140407286657,0.03313938585130521,26.208914480429925,0.97329686008193,10352.0,0.43392837047576904,8.000992336992346e-05
socofing:000039:left_middle,full_image_codec,1.0,0.002215475221593108,0.03286631423079205,26.54533102858982,0.975540109713018,11714.0,0.5251961946487427,0.00011069401822273707
socofing:000039:left_ring,full_image_codec,1.0,0.0025591874947705623,0.03536042552799624,25.918978950579792,0.9701753890160918,11152.0,0.40803414583206177,0.0002193210515072644
socofing:000039:left_little,full_image_codec,1.0,0.0029888035189823193,0.03754609472563733,25.24502634116454,0.9740906813113291,8165.0,0.7107915207743645,0.00030589242441044623
socofing:000039:right_thumb,full_image_codec,1.0,0.001852070089555615,0.02972442700970909,27.323425819460603,0.9760345364233158,12599.0,0.43757426738739014,0.0002760860585178552
socofing:000039:right_index,full_image_codec,1.0,0.002127450945742468,0.031004089893750256,26.721404449867208,0.9802816862556926,12097.0,0.45668715238571167,0.00011923952281714979
socofing:000039:right_middle,full_image_codec,1.0,0.001668641418192473,0.027075202964298127,27.776369807754506,0.9676287143401535,12357.0,0.6562661826610565,0.0001918432671180498
socofing:000039:right_ring,full_image_codec,1.0,0.002139660818924141,0.032031704079695446,26.696550659706304,0.9748706064174216,10421.0,0.4029071778059006,0.00039311763800623547
socofing:000039:right_little,full_image_codec,1.0,0.0019948040743092,0.031507768639273494,27.000997534232972,0.979447792355483,10178.0,0.3082939684391022,0.00014434817018817668
socofing:000052:left_thumb,full_image_codec,1.0,0.002485947515714776,0.035512748292293526,26.04508044590622,0.9576008248236342,12036.0,0.3744468092918396,0.0002724203707135596
socofing:000052:left_index,full_image_codec,1.0,0.0028184537240982304,0.03708550196960259,25.499890914216788,0.9552735852194992,12050.0,0.4626753032207489,0.00044211428105775326
socofing:000052:left_middle,full_image_codec,1.0,0.0029235267160329153,0.038995667927310816,25.340929330999455,0.9189725445574854,12379.0,0.3363353908061981,0.009531101494074075
socofing:000052:left_ring,full_image_codec,1.0,0.00257947216610522,0.036630745348939245,25.884691540368955,0.925112338256268,12346.0,0.3633366525173187,0.0014674680944270924
socofing:000052:left_little,full_image_codec,1.0,0.0024552338453904805,0.035378465670665715,26.099071377869656,0.9424243833140526,11921.0,0.3145947754383087,0.0007516646659846641
socofing:000052:right_thumb,full_image_codec,1.0,0.0012075299736485018,0.022205153431208238,29.181020802629224,0.9626686020702752,12934.0,0.3741548955440521,0.0006930976431036699
socofing:000052:right_index,full_image_codec,1.0,0.0015192353983691225,0.02628353626777677,28.183749290390242,0.9731418930770662,12026.0,0.27582699060440063,0.00016698731261570378
socofing:000052:right_middle,full_image_codec,1.0,0.002790787931882862,0.0372337048680967,25.542731636949046,0.9230741460403431,12512.0,0.48004722595214844,0.0014838867210399034
socofing:000052:right_ring,full_image_codec,1.0,0.002457951765395646,0.03591265344785592,26.09426643918258,0.9257980922699512,12148.0,0.36867430806159973,0.001184371873708198
socofing:000052:right_little,full_image_codec,1.0,0.0020873807133347734,0.0316357707388946,26.80398333578827,0.9154682270340178,11073.0,0.3930525481700897,0.001682801043228846
socofing:000054:left_thumb,full_image_codec,1.0,0.0028537461453683774,0.036728684582534435,25.445846621145417,0.9569478157902073,12308.0,0.5066560804843903,0.0009810816719191986
socofing:000054:left_index,full_image_codec,1.0,0.0021613450844549503,0.032019341947342995,26.65275887300094,0.9501318628144583,11131.0,0.4571320116519928,0.0019210352040651814
socofing:000054:left_middle,full_image_codec,1.0,0.0031683864183143693,0.038065206856534965,24.9916185703597,0.9500209857258343,11331.0,0.48999348282814026,0.000874311649114187
socofing:000054:left_ring,full_image_codec,1.0,0.0037331165308067283,0.04150804970287251,24.279284531767118,0.9404169804599332,11808.0,0.5362642705440521,0.0016960884301599898
socofing:000054:left_little,full_image_codec,1.0,0.005049043996825103,0.04794325046255936,22.967908448927265,0.9372479860418901,11441.0,0.5508299916982651,0.0009793645973951754
socofing:000054:right_thumb,full_image_codec,1.0,0.003062602096490148,0.03666949449431805,25.13909424520239,0.9430247201982256,12905.0,0.6066135168075562,0.002176810919226297
socofing:000054:right_index,full_image_codec,1.0,0.0027172756865571873,0.03576823789160858,25.658662971446276,0.9614380401502086,11704.0,0.45447635650634766,0.00044305870329312277
socofing:000054:right_middle,full_image_codec,1.0,0.003041275075228017,0.038065964234090005,25.169442973004948,0.9569996939798231,12564.0,0.7181185334920883,0.0013122009235480086
socofing:000054:right_ring,full_image_codec,1.0,0.0030751493546104913,0.03872114605199556,25.1213378645507,0.9580730955861345,11199.0,0.5604547262191772,0.00047009854217587224
socofing:000054:right_little,full_image_codec,1.0,0.003314890945828581,0.03948369785348588,24.79530754560543,0.959641453855558,10908.0,0.48709365725517273,0.0006204153115391328
socofing:000057:left_thumb,full_image_codec,1.0,0.003165250344811514,0.04019584063047702,24.995919352293917,0.9685284255883079,12607.0,0.49540233612060547,0.0005409928657326966
socofing:000057:left_index,full_image_codec,1.0,0.0027442939923346247,0.0362179485615425,25.61569365119311,0.9694322139298868,11336.0,0.5504101812839508,0.0004529085218770361
socofing:000057:left_middle,full_image_codec,1.0,0.0025479964152020237,0.0343551220524196,25.938011873488833,0.9555631486422754,12534.0,0.5514893233776093,0.0006454402602189702
socofing:000057:left_ring,full_image_codec,1.0,0.00398667858945534,0.043162508035296046,23.993887762394476,0.9450340735816848,12449.0,0.7867919728159904,0.001055984905443995
socofing:000057:left_little,full_image_codec,1.0,0.0034663313118227872,0.04042920775289852,24.601299297871755,0.9534403560585178,11277.0,0.5880920216441154,0.001128182312081397
socofing:000057:right_thumb,full_image_codec,1.0,0.005854060090045732,0.049713968218432304,22.32542823986043,0.9315363541735455,12019.0,0.7101583480834961,0.003509698830243938
socofing:000057:right_index,full_image_codec,1.0,0.0025550651325429302,0.035456152648924405,25.92598024553359,0.976042782402119,11604.0,0.47807060182094574,0.00041931909240444204
socofing:000057:right_middle,full_image_codec,1.0,0.0030897120594700254,0.0389276063603938,25.10081992034732,0.9670735950029796,11279.0,0.4633738696575165,0.0006715886129795657
socofing:000057:right_ring,full_image_codec,1.0,0.004122219515453352,0.04275010380812413,23.848688849945358,0.9380136640732526,11811.0,0.6128986403346062,0.0023914145043888125
socofing:000057:right_little,full_image_codec,1.0,0.0034360388210091042,0.03987116672696271,24.63941938072811,0.9517085214847881,10977.0,0.5307695716619492,0.001890102856339326
socofing:000061:left_thumb,full_image_codec,1.0,0.004071232800727733,0.043092013977349124,23.90274063137495,0.9631401935890306,9400.0,0.5500468909740448,0.00032175525518012216
socofing:000061:left_index,full_image_codec,1.0,0.0029811798716731044,0.036450841725328004,25.25611819700881,0.964408726041268,10225.0,0.573229193687439,0.000787904857523069
socofing:000061:left_middle,full_image_codec,1.0,0.002528238338135564,0.035090158829642136,25.971819873287217,0.9755909886777289,9238.0,0.4430215358734131,0.00012608025659139837
socofing:000061:left_ring,full_image_codec,1.0,0.003012487934169426,0.03591812531943893,25.210746838806873,0.948301270552131,7616.0,0.5073221325874329,0.00050765196749588
socofing:000061:left_little,full_image_codec,1.0,0.0028692874694259264,0.03589876505049886,25.422259382889948,0.9649316520713228,8548.0,0.3988804668188095,0.00038945840062562856
socofing:000061:right_thumb,full_image_codec,1.0,0.001830690912616832,0.029860868755560002,27.373849742543793,0.9843368445699022,11242.0,0.36335477232933044,7.763362386801344e-05
socofing:000061:right_index,full_image_codec,1.0,0.0012130831646516007,0.02091478754848326,29.16109424433351,0.9660935418617416,11159.0,0.30906911939382553,0.0005241597471809049
socofing:000061:right_middle,full_image_codec,1.0,0.0018628926226787123,0.028898073088808342,27.29812177160691,0.9747013944187596,10009.0,0.4015014171600342,0.00037732607324502423
socofing:000061:right_ring,full_image_codec,1.0,0.0020322001084531085,0.031189689424712105,26.920335297945854,0.9793134973981423,9508.0,0.4002198874950409,0.00015331834660651034
socofing:000061:right_little,full_image_codec,1.0,0.0022496175114129994,0.031304609594416936,26.478913160235184,0.9733380157278756,6942.0,0.3361395597457886,0.0002111097080539685
socofing:000064:left_thumb,full_image_codec,1.0,0.00282812159344349,0.03645200178064585,25.48501922234998,0.9738429628032287,12241.0,0.4821464717388153,0.0002043302362382259
socofing:000064:left_index,full_image_codec,1.0,0.002549062887522425,0.03394048792500606,25.936194499889254,0.9769581901719141,9829.0,0.46078231930732727,0.0002402751932430607
socofing:000064:left_middle,full_image_codec,1.0,0.0018353277413363982,0.0297222430131832,27.362863708972466,0.9791281694914065,11622.0,0.38384875655174255,0.000102189511909603
socofing:000064:left_ring,full_image_codec,1.0,0.002971668839755853,0.03720195326390354,25.269995896220983,0.9694940372835082,9578.0,0.4879663288593292,0.0008371483068472871
socofing:000064:left_little,full_image_codec,1.0,0.004356080751425295,0.04546784263374157,23.609040780500198,0.96195652640686,6748.0,0.3977484107017517,0.0004734219262828892
socofing:000064:right_thumb,full_image_codec,1.0,0.0023369233035167927,0.03373299003143577,26.313555406698278,0.9738133926343204,12681.0,0.39380744099617004,0.00019001374999435343
socofing:000064:right_index,full_image_codec,1.0,0.002626169791724975,0.03533330955143107,25.80677198571975,0.9723635217223374,11947.0,0.46211540699005127,0.00024238960958256764
socofing:000064:right_middle,full_image_codec,1.0,0.0023856337646708786,0.0328167610030074,26.223962271328336,0.9774857454985665,10571.0,0.5037087500095367,0.000149375001231416
socofing:000064:right_ring,full_image_codec,1.0,0.002248177451059208,0.03259617374411358,26.48169412420463,0.9722624121402164,10909.0,0.458208829164505,0.0002686897362486024
socofing:000064:right_little,full_image_codec,1.0,0.0027114815594634447,0.03435611669614914,25.667933448152873,0.9617983733089656,11061.0,0.5093492567539215,0.0008819201765171127
socofing:000066:left_thumb,full_image_codec,1.0,0.002103881332070106,0.03228683296616694,26.769787598987897,0.9804320968727767,11546.0,0.4412020146846771,0.00013882184027051134
socofing:000066:left_index,full_image_codec,1.0,0.002737476531328271,0.0356819307095567,25.62649595387741,0.974463036529246,11497.0,0.46469131112098694,0.00021809024394624192
socofing:000066:left_middle,full_image_codec,1.0,0.0027966158753453545,0.036274277567251316,25.533671813489654,0.9692148105348332,11806.0,0.4046132266521454,0.000495981257122197
socofing:000066:left_ring,full_image_codec,1.0,0.002685949421658432,0.034821917423984966,25.709021696648694,0.9630448432423822,11434.0,0.4421878457069397,0.0007343670710002767
socofing:000066:left_little,full_image_codec,1.0,0.0029779235344262757,0.03715364802123918,25.26086458028798,0.9631884950850006,8154.0,0.5099826753139496,0.0003815508896987629
socofing:000066:right_thumb,full_image_codec,1.0,0.0022225371857006004,0.03342631571223611,26.531509640317758,0.9819228344375155,12173.0,0.3814503997564316,8.584377133684834e-05
socofing:000066:right_index,full_image_codec,1.0,0.0015527348921337825,0.026940078777972595,28.08902687678838,0.9829768203810191,10635.0,0.3404275178909302,0.00020921709493431693
socofing:000066:right_middle,full_image_codec,1.0,0.0023392192325544705,0.03356096399210707,26.309290740322787,0.9762197643785879,11659.0,0.48006436228752136,0.0002129025566229415
socofing:000066:right_ring,full_image_codec,1.0,0.0031829612193646547,0.03871619511360522,24.971686527137553,0.9693967597397443,11863.0,0.4401592016220093,0.00046165456612686987
socofing:000066:right_little,full_image_codec,1.0,0.003197121381832055,0.038585964818561726,24.95240875001645,0.962105510648555,9964.0,0.41945308446884155,0.0007294743501487623
socofing:000068:left_thumb,full_image_codec,1.0,0.003985406269753251,0.04210877854437998,23.99527400310888,0.956645864860312,12618.0,0.6682463213801384,0.0003703409292682453
socofing:000068:left_index,full_image_codec,1.0,0.004244464553778513,0.04152968878415864,23.721770889315643,0.9440002541087246,12282.0,0.6193526238203049,0.0005188669833691163
socofing:000068:left_middle,full_image_codec,1.0,0.004355382819775984,0.044034607634129266,23.609736663257934,0.9431894095946316,12662.0,0.4720911979675293,0.00039265482409599846
socofing:000068:left_ring,full_image_codec,1.0,0.005653887318165865,0.04837062946719051,22.4765285123851,0.9041532198778325,10891.0,0.7171643897891045,0.0015970900463838315
socofing:000068:left_little,full_image_codec,1.0,0.003898727521355291,0.039402203727658874,24.090771162115875,0.9051298752511377,10254.0,0.5987658798694611,0.0032124704006412865
socofing:000068:right_thumb,full_image_codec,1.0,0.006048093679074915,0.053241278898841386,22.183814906566145,0.9356123991171769,12749.0,0.5948180854320526,0.0009622108175896711
socofing:000068:right_index,full_image_codec,1.0,0.0065078296383706494,0.05481910895831775,21.865638245249702,0.935132714470518,12221.0,0.704063706099987,0.0024010113614358628
socofing:000068:right_middle,full_image_codec,1.0,0.007364732480001085,0.05909540084298208,21.328430240514162,0.913204422505084,12436.0,0.6272396743297577,0.0011036253208885688
socofing:000068:right_ring,full_image_codec,1.0,0.007330686920056784,0.059031144055761826,21.34855328003828,0.9136769238247666,12318.0,0.6067885756492615,0.0015814410951184184
socofing:000068:right_little,full_image_codec,1.0,0.007689637553867378,0.06048077446661821,21.140941299079312,0.8980816560240917,10672.0,0.7241009175777435,0.002529345869828301
socofing:000077:left_thumb,full_image_codec,1.0,0.00481621675427207,0.04683375978902977,23.172939758478282,0.9599717426109591,12633.0,0.537227064371109,0.00102499334542685
socofing:000077:left_index,full_image_codec,1.0,0.00307140547337769,0.03734659772784941,25.12662846133829,0.9670640813253137,11759.0,0.46871238946914673,0.0004910709643138504
socofing:000077:left_middle,full_image_codec,1.0,0.003220660269034505,0.03880330474890493,24.920550842660475,0.9651195711931493,11765.0,0.4227783530950546,0.0005380686330017835
socofing:000077:left_ring,full_image_codec,1.0,0.0036593098672216954,0.04087451581154424,24.36600813271918,0.9564373631104667,10421.0,0.5378665328025818,0.0007844778858921278
socofing:000077:left_little,full_image_codec,1.0,0.003266483068591691,0.03878588388260305,24.859195885797117,0.957773104282374,11712.0,0.4841545820236206,0.0005145002504645578
socofing:000077:right_thumb,full_image_codec,1.0,0.003940709946265693,0.043407610895869794,24.044255299585735,0.9577690545875651,12558.0,0.6050489246845245,0.0009662021553482027
socofing:000077:right_index,full_image_codec,1.0,0.0034031335072763442,0.03991874110026651,24.681210128977057,0.9586809924555107,12297.0,0.5540684461593628,0.0005490308700491577
socofing:000077:right_middle,full_image_codec,1.0,0.002753127228878153,0.034636440496740216,25.601737183113666,0.9504500761317795,12588.0,0.5898567363619804,0.002121048076270168
socofing:000077:right_ring,full_image_codec,1.0,0.00543935940785504,0.049723600353210724,22.64452244054609,0.9367977901658463,11958.0,0.6043801754713058,0.001437551026091568
socofing:000077:right_little,full_image_codec,1.0,0.004793750835658952,0.04698946925863357,23.193245429996082,0.952124949926588,8777.0,0.4692780077457428,0.0008916980606224333
socofing:000081:left_thumb,full_image_codec,1.0,0.005689967439995372,0.05054722419859239,22.448902187843313,0.9292492223706815,11091.0,0.656380757689476,0.0048934651283969914
socofing:000081:left_index,full_image_codec,1.0,0.005477833326266573,0.04978517910489558,22.613911861353486,0.9358954185641356,11428.0,0.621032640337944,0.0013397837752923288
socofing:000081:left_middle,full_image_codec,1.0,0.009609499203223824,0.06497278912230599,20.172992448958308,0.8851054072053445,11833.0,0.6549886167049408,0.007900460787597808
socofing:000081:left_ring,full_image_codec,1.0,0.008121463758347663,0.059516751133942246,20.90365689369363,0.8834376100103343,12163.0,0.657100722193718,0.008258563360342168
socofing:000081:left_little,full_image_codec,1.0,0.008527523748741786,0.06100219137186236,20.691770624297238,0.880712551379628,10120.0,0.6897746250033379,0.004773304994849377
socofing:000081:right_thumb,full_image_codec,1.0,0.004854418805116971,0.04630919304923369,23.138627585139318,0.9450766642630505,12393.0,0.5161198675632477,0.00278103698685658
socofing:000081:right_index,full_image_codec,1.0,0.005347629136004766,0.04659373387419079,22.718387191683792,0.9295668139853148,11266.0,0.5854072868824005,0.0023092147437606685
socofing:000081:right_middle,full_image_codec,1.0,0.005778358714449741,0.0504918568228572,22.381955011089154,0.931454766094723,12293.0,0.7107358537614346,0.0023055512003918514
socofing:000081:right_ring,full_image_codec,1.0,0.00632962939288034,0.05081827970171847,21.98621717682315,0.8984572226029394,10437.0,0.7372523993253708,0.005101498010912613
socofing:000081:right_little,full_image_codec,1.0,0.007651904531164998,0.05642537506050455,21.16230457077424,0.8941971548134441,11103.0,0.6643126904964447,0.006440091732881508
socofing:000089:left_thumb,full_image_codec,1.0,0.00532752052766744,0.05076314290542689,22.7347486821432,0.9530938399352257,12229.0,0.6058051884174347,0.0008998304769718031
socofing:000089:left_index,full_image_codec,1.0,0.005681063433458952,0.05112305975123122,22.455703614625072,0.9458599139866108,11865.0,0.5587235391139984,0.0015118580942365446
socofing:000089:left_middle,full_image_codec,1.0,0.0046368057968232375,0.047382829189521504,23.3378109326405,0.9424538206525317,12307.0,0.44896939396858215,0.0012849893855297202
socofing:000089:left_ring,full_image_codec,1.0,0.007140450619974858,0.058189911618216815,21.46274379877438,0.9159695300022521,12175.0,0.6540581583976746,0.0018951078756564784
socofing:000089:left_little,full_image_codec,1.0,0.006851442410014839,0.055585147413081376,21.64217988395847,0.9233942288888184,10208.0,0.5792953073978424,0.002527299513271208
socofing:000089:right_thumb,full_image_codec,1.0,0.005969563238206616,0.05306333841342327,22.240574427694032,0.9368632890903745,11865.0,0.5329979658126831,0.0017666172784436855
socofing:000089:right_index,full_image_codec,1.0,0.007122074411389391,0.057089230729951965,21.473934931320006,0.9092246018851449,10793.0,0.6252038180828094,0.00396691824516256
socofing:000089:right_middle,full_image_codec,1.0,0.005518661002059232,0.051547598514254826,22.58166282770539,0.9228480109339309,11777.0,0.4870210886001587,0.003409928255026588
socofing:000089:right_ring,full_image_codec,1.0,0.0065548602185131356,0.05529028793175539,21.834365651448643,0.9060323896449504,11727.0,0.5943193733692169,0.004027433448882917
socofing:000089:right_little,full_image_codec,1.0,0.006488930955651142,0.053588223425550904,21.87826846852071,0.9174528049616413,9672.0,0.6600912138819695,0.0028140289411415164
socofing:000093:left_thumb,full_image_codec,1.0,0.006177861381382592,0.05354169492144885,22.091618406082205,0.9240665589782652,12460.0,0.6248176544904709,0.002033061901178062
socofing:000093:left_index,full_image_codec,1.0,0.004403911138924276,0.04490069211225615,23.561614527030535,0.9486019880174575,11511.0,0.5867565870285034,0.0008504030556866357
socofing:000093:left_middle,full_image_codec,1.0,0.004778151735814795,0.046852237754197425,23.207400628363025,0.9349587976419198,12102.0,0.514144629240036,0.000875211442514637
socofing:000093:left_ring,full_image_codec,1.0,0.005836546257955294,0.05171621120606315,22.338440680956666,0.8940268562220474,11466.0,0.6772035360336304,0.0030932759873511483
socofing:000093:left_little,full_image_codec,1.0,0.0057172373065844965,0.04979470643718948,22.428137810582044,0.9186007718316873,9700.0,0.7356046289205551,0.0023516449072282504
socofing:000093:right_thumb,full_image_codec,1.0,0.004963027244452511,0.04866569277724272,23.042533407440608,0.9463995489200312,12169.0,0.5654230564832687,0.0014932251938715576
socofing:000093:right_index,full_image_codec,1.0,0.0031625802142058027,0.0377414215320158,24.99958450434258,0.9558442915763379,11812.0,0.5400277823209763,0.0006696804647190484
socofing:000093:right_middle,full_image_codec,1.0,0.0038339244888171585,0.042542846955117196,24.16356445034632,0.9445954692943095,12480.0,0.6220639944076538,0.0009590694091302424
socofing:000093:right_ring,full_image_codec,1.0,0.0034857288537330287,0.038542425628816046,24.577063986108342,0.9460967665520734,12008.0,0.569946676492691,0.0014150367412626042
socofing:000093:right_little,full_image_codec,1.0,0.004340336863733188,0.04253076015241253,23.624765625651246,0.9422661608234228,10649.0,0.6353432536125183,0.0011558726610438094
socofing:000096:left_thumb,full_image_codec,1.0,0.002974623890035565,0.03657539596513943,25.265679384423827,0.9728530765035732,11614.0,0.6487624049186707,0.00032925374261228146
socofing:000096:left_index,full_image_codec,1.0,0.0018762975802981796,0.028573577102827333,27.266982815047342,0.9683638571196315,10248.0,0.32783740758895874,0.00032121126489150886
socofing:000096:left_middle,full_image_codec,1.0,0.002386567873243533,0.03454283776522327,26.22226209922932,0.9504457023714916,10736.0,0.34014809131622314,0.0008181925057579451
socofing:000096:left_ring,full_image_codec,1.0,0.0023644832346521147,0.03433423522336728,26.262637609988985,0.9529810060922691,9707.0,0.4601483941078186,0.00143677445052544
socofing:000096:left_little,full_image_codec,1.0,0.0025428179559713326,0.03546931941941349,25.946847304837807,0.9640765777459329,8013.0,0.3278087079524994,0.0005141837240463889
socofing:000096:right_thumb,full_image_codec,1.0,0.004024095446704818,0.04241887065969217,23.953317268871142,0.9540762596117208,11965.0,0.4982502907514572,0.0006903458635873189
socofing:000096:right_index,full_image_codec,1.0,0.004096578266057425,0.04338651780194685,23.875787434306908,0.9574653123824736,10282.0,0.4687265455722809,0.0005828630696862571
socofing:000096:right_middle,full_image_codec,1.0,0.003128303128814856,0.03706825022413311,25.04691170959643,0.9590057307162111,12529.0,0.4943014830350876,0.00042464712713159047
socofing:000096:right_ring,full_image_codec,1.0,0.003839933445074306,0.04120509927845892,24.156763028948287,0.9438310545708284,11865.0,0.5053825080394745,0.000959939467375933
socofing:000096:right_little,full_image_codec,1.0,0.0033318756927474035,0.037514982203890906,24.773112098345532,0.9561797287845991,10294.0,0.693336121737957,0.0005708548900830152
socofing:000097:left_thumb,full_image_codec,1.0,0.0036269465897764454,0.04133851356238715,24.404588397700362,0.9590216835860804,10939.0,0.4836174249649048,0.0018608406056918583
socofing:000097:left_index,full_image_codec,1.0,0.0027974802516237507,0.036077199175393995,25.532329706230634,0.9721639563053177,10207.0,0.4925915002822876,0.0003447177261778495
socofing:000097:left_middle,full_image_codec,1.0,0.003286036287462324,0.03910303008266211,24.833276449917562,0.9642300495466877,9090.0,0.6094550937414169,0.0009558276505140763
socofing:000097:left_ring,full_image_codec,1.0,0.003643504437225907,0.04028565826840228,24.38480697235235,0.9452363046401225,9487.0,0.6763693615794182,0.0016941434193166185
socofing:000097:left_little,full_image_codec,1.0,0.004169104513427604,0.04358482854417593,23.79957217601944,0.9453033340007545,7221.0,0.46667420864105225,0.002237307501277749
socofing:000097:right_thumb,full_image_codec,1.0,0.002330301458319992,0.032393820979504336,26.325878930442723,0.9673756909396984,11632.0,0.6064361035823822,0.000979918971880332
socofing:000097:right_index,full_image_codec,1.0,0.002324924188487432,0.03278069314086502,26.335912040894556,0.9624068246395543,10671.0,0.5530188381671906,0.0008946941633415259
socofing:000097:right_middle,full_image_codec,1.0,0.0030150131649956113,0.037246471210229996,25.207107871813868,0.9545491817524054,11026.0,0.47772374749183655,0.0021278548670015875
socofing:000097:right_ring,full_image_codec,1.0,0.003878751766970191,0.04117960581796506,24.113080135643415,0.9499693645919479,11321.0,0.5970237255096436,0.001131398198723677
socofing:000097:right_little,full_image_codec,1.0,0.003286192611863454,0.0370434624112648,24.833069850829645,0.9419325830751059,8392.0,0.4899596869945526,0.00162490315790004
socofing:000103:left_thumb,full_image_codec,1.0,0.003908608072395116,0.04260217231447056,24.079778753671004,0.9437347309052838,11271.0,0.614063024520874,0.0012571942609324834
socofing:000103:left_index,full_image_codec,1.0,0.006875573804667065,0.05498131266138222,21.62691051708356,0.9149669618585482,11945.0,0.6187260150909424,0.005112841844179217
socofing:000103:left_middle,full_image_codec,1.0,0.0055172009569645466,0.051932231544873676,22.58281197135,0.9072919381731439,11611.0,0.5764807760715485,0.0030736142557126396
socofing:000103:left_ring,full_image_codec,1.0,0.005385710388195401,0.05141839146251636,22.687570040976123,0.9012839574840853,12036.0,0.521953821182251,0.006087685393187149
socofing:000103:left_little,full_image_codec,1.0,0.005687098174155683,0.04987312288160708,22.451092746270188,0.8612353445078215,9084.0,0.5398837029933929,0.007605356123108296
socofing:000103:right_thumb,full_image_codec,1.0,0.0018670641729007487,0.028940851154033963,27.28840754649894,0.9549828909218748,12330.0,0.3048771768808365,0.0010533699717160314
socofing:000103:right_index,full_image_codec,1.0,0.005093411796806276,0.047688246367445244,22.9299121016765,0.9298810403323219,10972.0,0.5645725126378238,0.004098025266527921
socofing:000103:right_middle,full_image_codec,1.0,0.0069550081326221515,0.05578591114922092,21.577023578429113,0.915098165744342,11715.0,0.704090029001236,0.0032953789386050976
socofing:000103:right_ring,full_image_codec,1.0,0.006216455139831219,0.053907683120792596,22.06457196028093,0.9114470704424761,11535.0,0.5304757948033512,0.002791668774759904
socofing:000103:right_little,full_image_codec,1.0,0.0013140997021426912,0.022565600983365162,28.813716831417242,0.8565862153225825,7651.0,0.3468908667564392,0.025614206190838873
socofing:000107:left_thumb,full_image_codec,1.0,0.002762618126935457,0.03576143294722404,25.58679142888948,0.9654981348412807,11407.0,0.4051583707332611,0.0005558418663788369
socofing:000107:left_index,full_image_codec,1.0,0.003310380776784844,0.03827023645370966,24.801220485972948,0.9569971510301846,10885.0,0.6151037812232971,0.000338262150817467
socofing:000107:left_middle,full_image_codec,1.0,0.0036191990492160896,0.0407577191086472,24.413875308462224,0.9590848617454817,10938.0,0.615046352148056,0.00033205670077441523
socofing:000107:left_ring,full_image_codec,1.0,0.004008506759945938,0.042372896038289073,23.97017379671746,0.9530346252533638,10099.0,0.5890034735202789,0.000695395347861308
socofing:000107:left_little,full_image_codec,1.0,0.005535950189149729,0.04974619914929407,22.568078261876305,0.9332260379670035,8882.0,0.660449430346489,0.0018931643735868278
socofing:000107:right_thumb,full_image_codec,1.0,0.0035999474816509644,0.04173208656829663,24.437038349537005,0.9689820758110816,11765.0,0.5287414770573378,0.0003142607078958168
socofing:000107:right_index,full_image_codec,1.0,0.002365245879112696,0.030858239504367023,26.261237055006706,0.9611948634730145,9152.0,0.5931993573904037,0.0006674412212826806
socofing:000107:right_middle,full_image_codec,1.0,0.0035809004480688886,0.039853797783251835,24.460077525584186,0.9490260567222961,12502.0,0.5691601485013962,0.0007497765707751719
socofing:000107:right_ring,full_image_codec,1.0,0.003439973361458553,0.03771256996101803,24.634449205146183,0.9400720406115712,8708.0,0.6280391663312912,0.0018609653109684637
socofing:000107:right_little,full_image_codec,1.0,0.0032797906188037416,0.03793484308129472,24.841538806787668,0.9325178751397469,7079.0,0.42554038763046265,0.002156768257606868
socofing:000112:left_thumb,full_image_codec,1.0,0.004798663012212332,0.04811653083542998,23.188797474785687,0.9440738453951052,10658.0,0.45189832150936127,0.0014614462417462438
socofing:000112:left_index,full_image_codec,1.0,0.006960239722724096,0.05677581408689935,21.573758022768846,0.8740864931489499,10444.0,0.6187742054462433,0.0053113926504786335
socofing:000112:left_middle,full_image_codec,1.0,0.006647846688818509,0.05548030784434169,21.773190047124956,0.8579900608935587,10197.0,0.6011117696762085,0.005818362613678106
socofing:000112:left_ring,full_image_codec,1.0,0.006139138330486273,0.05378110828535702,22.118925807441485,0.8754223124519348,8526.0,0.5633798837661743,0.0033874450298697193
socofing:000112:left_little,full_image_codec,1.0,0.007315947788376517,0.057779501885534414,21.357294026079888,0.8734095879681066,8059.0,0.6087319254875183,0.0025530148746766147
socofing:000112:right_thumb,full_image_codec,1.0,0.0021572184020346597,0.028730883379549026,26.66105883642534,0.9286041244294386,12747.0,0.5478874444961548,0.0021315155729597903
socofing:000112:right_index,full_image_codec,1.0,0.003003255466431753,0.036327390073373364,25.22407723764153,0.9101740825031979,11726.0,0.4235880374908447,0.002195206416543048
socofing:000112:right_middle,full_image_codec,1.0,0.004102602427767115,0.04437186974040768,23.86940567311129,0.8890401519547119,9934.0,0.4615817666053772,0.0051183951464079174
socofing:000112:right_ring,full_image_codec,1.0,0.009823207146823174,0.0678487889413979,20.077466976743224,0.8142189353142131,10626.0,0.5889816284179688,0.010690439189588069
socofing:000112:right_little,full_image_codec,1.0,0.009240175565792676,0.06498818706012813,20.343197769908667,0.8667617945045526,10851.0,0.6250473782420158,0.0050669418982442725
socofing:000115:left_thumb,full_image_codec,1.0,0.008282572164760844,0.06259468178072122,20.8183477148936,0.8929344275258306,11857.0,0.6647153794765472,0.00690404128767712
socofing:000115:left_index,full_image_codec,1.0,0.006037323315780821,0.05193901811614288,22.19155565822912,0.874522762006076,10800.0,0.6523087322711945,0.0084744082218409
socofing:000115:left_middle,full_image_codec,1.0,0.009746802112550513,0.06562862724586431,20.11137851243221,0.8552732464522462,10543.0,0.6720640659332275,0.00916609244895476
socofing:000115:left_ring,full_image_codec,1.0,0.01049624459538659,0.06862773358110633,19.78966057428306,0.8411483757225543,10651.0,0.664189875125885,0.009075973189311866
socofing:000115:left_little,full_image_codec,1.0,0.0069634073008446075,0.055477356631308795,21.571782015017224,0.8733506410662375,8765.0,0.5942913740873337,0.005402087306741528
socofing:000115:right_thumb,full_image_codec,1.0,0.007645844477721301,0.05972003828410201,21.16574540106473,0.9089030005834042,11919.0,0.8298017904162407,0.007424894804239771
socofing:000115:right_index,full_image_codec,1.0,0.01010679426721237,0.06799612107460602,19.95386574659739,0.8606315150008415,11410.0,0.6796970367431641,0.011092219321432967
socofing:000115:right_middle,full_image_codec,1.0,0.012626984533353761,0.07744411577043439,18.987003514942405,0.7993701459259919,11793.0,0.6636683642864227,0.011271278298353617
socofing:000115:right_ring,full_image_codec,1.0,0.010064995905069082,0.06940733156438555,19.97186397467454,0.8546145439989513,9204.0,0.877580039203167,0.008381715901377536
socofing:000115:right_little,full_image_codec,1.0,0.007235248567971449,0.05524976093158329,21.405465440412797,0.8938007319026715,10934.0,0.7034987509250641,0.003659727294544609
socofing:000118:left_thumb,full_image_codec,1.0,0.003082571192460298,0.03850701675650748,25.110868845179162,0.9432456020977728,9943.0,0.42794370651245117,0.002633698054455587
socofing:000118:left_index,full_image_codec,1.0,0.0031329681220115535,0.03828512389378304,25.040440240474076,0.9361766040365909,8916.0,0.5128016471862793,0.0026489817968288485
socofing:000118:left_middle,full_image_codec,1.0,0.003344809754369848,0.039042822060218405,24.75628578935631,0.9400304420232221,10314.0,0.3989996314048767,0.0011634529853341874
socofing:000118:left_ring,full_image_codec,1.0,0.003182689144416116,0.03940039456979226,24.972057771683307,0.9279685006019405,8268.0,0.3627079725265503,0.0033487496024937145
socofing:000118:left_little,full_image_codec,1.0,0.002871777006637954,0.03708914964016582,25.418492860685035,0.915045858009191,8022.0,0.3556021451950073,0.0025167089288752283
socofing:000118:right_thumb,full_image_codec,1.0,0.0018686981464826663,0.027670757133083004,27.284608451723706,0.9687116661957333,11357.0,0.3947807848453522,0.0005613641516225732
socofing:000118:right_index,full_image_codec,1.0,0.002789664566307557,0.03206600083823534,25.544480138445167,0.9445291970878006,11093.0,0.5179746598005295,0.0013726403897047234
socofing:000118:right_middle,full_image_codec,1.0,0.0026838398431836322,0.03423951159344144,25.712434040383968,0.9273663205598971,10727.0,0.459471195936203,0.002054667253567728
socofing:000118:right_ring,full_image_codec,1.0,0.002376441851798687,0.03393361073228949,26.24072807816485,0.9293888191016119,8572.0,0.297696977853775,0.0038834620622399106
socofing:000118:right_little,full_image_codec,1.0,0.0031598152467084964,0.03880597009199649,25.00338309685613,0.9162713964341993,7555.0,0.34080368280410767,0.003558118733598002
socofing:000132:left_thumb,full_image_codec,1.0,0.002974837178066524,0.03607976870038478,25.265367995496725,0.9633660318219075,12366.0,0.4400998055934906,0.0005955739279454397
socofing:000132:left_index,full_image_codec,1.0,0.0024555851780364113,0.03261261775296778,26.09844996694422,0.9660344016701445,10374.0,0.502916619181633,0.0005067513714405789
socofing:000132:left_middle,full_image_codec,1.0,0.002806631779320928,0.03548424988736294,25.518145616081046,0.9700574760488607,11980.0,0.6786031052470207,0.0003802680954517559
socofing:000132:left_ring,full_image_codec,1.0,0.0024622851097766485,0.03485620132630657,26.08661661220396,0.9654222250152236,11532.0,0.3887462913990021,0.0005155261787755513
socofing:000132:left_little,full_image_codec,1.0,0.003792615520981189,0.04166940929159388,24.210611819688946,0.9542218144314024,11216.0,0.5666894838213921,0.000847653866352127
socofing:000132:right_thumb,full_image_codec,1.0,0.0037391027009105854,0.04176321598102666,24.272326060342785,0.9585281915550137,11949.0,0.6277612894773483,0.001364925124941539
socofing:000132:right_index,full_image_codec,1.0,0.0033095919997329784,0.039155685898977034,24.802255419300508,0.95716737648729,11638.0,0.4814290702342987,0.000575811128520293
socofing:000132:right_middle,full_image_codec,1.0,0.0031051737613985134,0.03756793042221753,25.07914092265153,0.9577351338303102,11380.0,0.47982005774974823,0.0006252894061467748
socofing:000132:right_ring,full_image_codec,1.0,0.0026234859967554608,0.034320178644605924,25.81121249570488,0.9410433013438223,11794.0,0.3860155940055847,0.0009548354206503002
socofing:000132:right_little,full_image_codec,1.0,0.004443680019423259,0.04469829446572661,23.52257221288776,0.917657255743166,10710.0,0.592891201376915,0.002182677169712705
socofing:000138:left_thumb,full_image_codec,1.0,0.003708373811469306,0.040971721922058627,24.308164945718218,0.9530514868613515,9403.0,0.39232829213142395,0.0006992407112646046
socofing:000138:left_index,full_image_codec,1.0,0.002664188441216101,0.03250972282006313,25.744350602502486,0.958464412672118,10834.0,0.6653559654951096,0.0011449995430627905
socofing:000138:left_middle,full_image_codec,1.0,0.0029705085064753826,0.03394738437553433,25.271691996212347,0.96376693590333,9065.0,0.592060623690486,0.000490856103461481
socofing:000138:left_ring,full_image_codec,1.0,0.003313539974665222,0.036503166731119696,24.797077856970574,0.9570300601194651,9675.0,0.6347184032201767,0.0009028364159635193
socofing:000138:left_little,full_image_codec,1.0,0.003735317966156918,0.03898286527352856,24.276724232810402,0.9638746597425446,8937.0,0.6352896615862846,0.0005214789736837353
socofing:000138:right_thumb,full_image_codec,1.0,0.004135311038448975,0.04405198253638117,23.834918193153527,0.9511750002195772,9159.0,0.5677318423986435,0.0007344384969277537
socofing:000138:right_index,full_image_codec,1.0,0.0026316674381603915,0.03473198844034156,25.797689930585342,0.9486308386070456,8276.0,0.46483807265758514,0.0010191609820685982
socofing:000138:right_middle,full_image_codec,1.0,0.0026471792596152767,0.03403789346174969,25.772166484887006,0.9495162025791514,7302.0,0.4422662779688835,0.0008613060245866855
socofing:000138:right_ring,full_image_codec,1.0,0.0027940643844182175,0.03432140728036788,25.537635905355863,0.9405025188835675,9252.0,0.4670139476656914,0.0013102473285268963
socofing:000138:right_little,full_image_codec,1.0,0.0025952854895452838,0.032318526015680506,25.858148614323042,0.9287693933001373,7972.0,0.45548924803733826,0.0034590348348491067
socofing:000153:left_thumb,full_image_codec,1.0,0.004523044618208179,0.04678523677750611,23.44569128074106,0.9508111546293028,12553.0,0.550110399723053,0.001162708084704252
socofing:000153:left_index,full_image_codec,1.0,0.0039386300881065865,0.0415643720528523,24.04654805745297,0.9442507176434312,11840.0,0.5634733736515045,0.0013802783872503533
socofing:000153:left_middle,full_image_codec,1.0,0.004371572642115017,0.04476499981191592,23.593623005747794,0.9396962254825796,11537.0,0.5676022171974182,0.002148830169867813
socofing:000153:left_ring,full_image_codec,1.0,0.005622876093366298,0.05045026187468517,22.500414865706592,0.9240413612496017,11360.0,0.6465024948120117,0.002026471740104673
socofing:000153:left_little,full_image_codec,1.0,0.004969552177566608,0.04715181791760401,23.03682745185048,0.9436207151472373,9882.0,0.6883119307458401,0.0016248671417579145
socofing:000153:right_thumb,full_image_codec,1.0,0.0053450383356865565,0.051482223575595176,22.720491755969384,0.9343737622609205,12418.0,0.5164508149027824,0.002827032347982394
socofing:000153:right_index,full_image_codec,1.0,0.004438754692348528,0.04260520612857344,23.527388555835987,0.924877552535459,11577.0,0.6628659963607788,0.0033827453624620018
socofing:000153:right_middle,full_image_codec,1.0,0.00569513203014459,0.0504966047033853,22.444962032269213,0.9145733199884267,12054.0,0.6279154121875763,0.00401688859841325
socofing:000153:right_ring,full_image_codec,1.0,0.005448845711994451,0.04804130979242264,22.636954892840162,0.8779107334967426,11462.0,0.6755943857133389,0.005766616820235266
socofing:000153:right_little,full_image_codec,1.0,0.004284814989141793,0.04382135879689058,23.680679254162683,0.9388684054005647,9785.0,0.5430885255336761,0.001695413085204873
socofing:000161:left_thumb,full_image_codec,1.0,0.003474338063446345,0.04119889037353403,24.591279256856726,0.9577685566252562,12410.0,0.7288343906402588,0.0009539007956998369
socofing:000161:left_index,full_image_codec,1.0,0.00459902472587867,0.045644196054855195,23.3733425550885,0.9409331943531041,10633.0,0.678471565246582,0.002005759099024076
socofing:000161:left_middle,full_image_codec,1.0,0.005524115130956509,0.049080524679080945,22.577372786419115,0.9239091843164862,11771.0,0.6905460879206657,0.0013713495026942593
socofing:000161:left_ring,full_image_codec,1.0,0.0076889331366565,0.05697568219770956,21.14133915726004,0.9032191118616467,9191.0,0.7786430101841688,0.002395241776517832
socofing:000161:left_little,full_image_codec,1.0,0.008104230910449779,0.059745617758557294,20.912881933010983,0.8940345844290022,7391.0,0.7983841150999069,0.0041159778896335516
socofing:000161:right_thumb,full_image_codec,1.0,0.003344026074003859,0.04047803817080425,24.757303449435923,0.9637709879590515,12493.0,0.5077972710132599,0.00048423815089319324
socofing:000161:right_index,full_image_codec,1.0,0.003307845274585334,0.0387210521316727,24.804548128937775,0.9477146201848193,11544.0,0.6397677641361952,0.0011097855840332754
socofing:000161:right_middle,full_image_codec,1.0,0.004349074036889972,0.045381885102705986,23.616031990168707,0.9483947944851472,12532.0,0.6478786915540695,0.001046959970290322
socofing:000161:right_ring,full_image_codec,1.0,0.004131927790979056,0.04169452943168615,23.838472767587476,0.9253506731987222,11727.0,0.6775399968028069,0.002330076514330248
socofing:000161:right_little,full_image_codec,1.0,0.004264802172325372,0.04312323277803186,23.701011092702146,0.9409585791455051,9607.0,0.7362991869449615,0.0014743961126827492
socofing:000163:left_thumb,full_image_codec,1.0,0.00298700541566548,0.03834299345964276,25.247639899865977,0.9463870369648403,10384.0,0.4013991057872772,0.0007214727865290905
socofing:000163:left_index,full_image_codec,1.0,0.0036359440441536906,0.04188055226126887,24.393828090315537,0.9203448543532792,9848.0,0.551840290427208,0.0046505121114496575
socofing:000163:left_middle,full_image_codec,1.0,0.0055502955612144675,0.05047916387234666,22.556838894562873,0.8764356327296875,10194.0,0.7408428192138672,0.0051835263846915025
socofing:000163:left_ring,full_image_codec,1.0,0.004658474899961124,0.046483970690949436,23.317562401638323,0.8856613640133568,7350.0,0.6906307339668274,0.005546993355456933
socofing:000163:left_little,full_image_codec,1.0,0.005764651528135292,0.053021555213623395,22.39226940577793,0.7891606125218471,6570.0,0.42229464650154114,0.01710841244000434
socofing:000163:right_thumb,full_image_codec,1.0,0.004483902079125942,0.04321466051746694,23.483438802339816,0.9012774243491852,12398.0,0.7067805528640747,0.004599630479933368
socofing:000163:right_index,full_image_codec,1.0,0.0030999095151484704,0.03564690975559466,25.086509828254826,0.9299845316867507,10902.0,0.49092867970466614,0.004697477435967182
socofing:000163:right_middle,full_image_codec,1.0,0.004754385545363427,0.047273306176828456,23.22905603122227,0.9068629526054671,10999.0,0.5087144672870636,0.003600027572424357
socofing:000163:right_ring,full_image_codec,1.0,0.00452054108486726,0.046607572039256764,23.44809579324018,0.8735660481815164,9646.0,0.43085628747940063,0.00714257511961483
socofing:000163:right_little,full_image_codec,1.0,0.006480004368466578,0.05410729425013149,21.884247013515843,0.8340739516500926,8548.0,0.5636346936225891,0.017001322724381162
socofing:000185:left_thumb,full_image_codec,1.0,0.006699120540884901,0.05628067614663248,21.739822076440134,0.9066882075119339,11694.0,0.6005740165710449,0.0027367910949243133
socofing:000185:left_index,full_image_codec,1.0,0.0038560881359390683,0.042569999233544945,24.13853048287216,0.9463586834231563,8055.0,0.5547868311405182,0.0013215700641360966
socofing:000185:left_middle,full_image_codec,1.0,0.0047052983860382275,0.04795530875369404,23.27412830621229,0.9241697987305671,11543.0,0.6274498105049133,0.002127763169583845
socofing:000185:left_ring,full_image_codec,1.0,0.005021214603393978,0.04895805106944761,22.991912167698278,0.9179011012422704,9846.0,0.44686582684516907,0.0024762406726584318
socofing:000185:left_little,full_image_codec,1.0,0.005021556168392765,0.0468947957787793,22.99161675162713,0.9210323586563257,7606.0,0.5531785488128662,0.002726035266547594
socofing:000185:right_thumb,full_image_codec,1.0,0.0023186104826362717,0.03410145147977533,26.347722049844453,0.9662273419701252,12487.0,0.48085466027259827,0.0010659400865584143
socofing:000185:right_index,full_image_codec,1.0,0.0030035121258975297,0.038038544544754464,25.223706103622877,0.9534611197644807,12347.0,0.4003780782222748,0.0008316086722318656
socofing:000185:right_middle,full_image_codec,1.0,0.002686430215061416,0.03619343761756348,25.708244365422953,0.9528414691777847,9168.0,0.3926445245742798,0.001138921518112858
socofing:000185:right_ring,full_image_codec,1.0,0.004105809183706612,0.042102898485360064,23.866012382067655,0.9277429360212607,8465.0,0.6439474076032639,0.0024772910746554914
socofing:000185:right_little,full_image_codec,1.0,0.0032805224005745793,0.039344886706185044,24.84056992379257,0.9572550286179132,9810.0,0.4823637306690216,0.0010556539362142048
socofing:000200:left_thumb,full_image_codec,1.0,0.0029059761978413585,0.03631816496231771,25.367079472260528,0.9718362184480022,11143.0,0.5515718162059784,0.00024821827635523256
socofing:000200:left_index,full_image_codec,1.0,0.003448828143928937,0.037067491718026827,24.62328446108945,0.9633016374765704,10367.0,0.6219247281551361,0.0006931803422419771
socofing:000200:left_middle,full_image_codec,1.0,0.003290855684597208,0.03775141585340065,24.82691162603023,0.9529879179406381,10204.0,0.5995598435401917,0.000921757505930568
socofing:000200:left_ring,full_image_codec,1.0,0.004338881405572718,0.04174043690276961,23.62622220257798,0.9315290706954851,9401.0,0.5146418511867523,0.002279194573944362
socofing:000200:left_little,full_image_codec,1.0,0.005587363395310346,0.04779515975065737,22.52793081737081,0.9254193455485415,8405.0,0.5406735837459564,0.0015671347217577232
socofing:000200:right_thumb,full_image_codec,1.0,0.002609133969438864,0.03437752891571433,25.835036209019655,0.9739554630360882,11587.0,0.4824627488851547,0.00018350259941575338
socofing:000200:right_index,full_image_codec,1.0,0.0019622444209228536,0.027148748192542465,27.072468970342463,0.9548476364895115,11657.0,0.4644283652305603,0.000940551238323396
socofing:000200:right_middle,full_image_codec,1.0,0.0034879504598731024,0.03774797089216633,24.574296920756332,0.9459208332689634,10563.0,0.46408602595329285,0.0017026800816031184
socofing:000200:right_ring,full_image_codec,1.0,0.0034261291719736267,0.03660905402464938,24.65196267284743,0.9441549964913784,10528.0,0.5284494012594223,0.0014771077353725954
socofing:000200:right_little,full_image_codec,1.0,0.004936249789383198,0.045244361329495476,23.066028717856028,0.9363692908639563,8852.0,0.5063309967517853,0.001954267020526143
socofing:000203:left_thumb,full_image_codec,1.0,0.0033291198615885607,0.03898243637323165,24.776705682289155,0.9758046139433793,9715.0,0.43646927922964096,0.0001701360526300242
socofing:000203:left_index,full_image_codec,1.0,0.002245776173101387,0.030305342082824874,26.48633530189833,0.9715537569404809,9047.0,0.4752127528190613,0.00021106212630688155
socofing:000203:left_middle,full_image_codec,1.0,0.003907078551842165,0.040731859182683156,24.08147857193783,0.9659446471626066,9336.0,0.5289695858955383,0.00035004415214869223
socofing:000203:left_ring,full_image_codec,1.0,0.0035146555955510553,0.03939249548820133,24.54117225489073,0.9658228540682385,8829.0,0.6002855878323317,0.00027879028869334387
socofing:000203:left_little,full_image_codec,1.0,0.004356080751425295,0.04546784263374157,23.609040780500198,0.96195652640686,6748.0,0.3977484107017517,0.0004734219262828892
socofing:000203:right_thumb,full_image_codec,1.0,0.004313033803109393,0.04530203743518048,23.652171380872147,0.9575748006290994,10766.0,0.575803741812706,0.000688608728369202
socofing:000203:right_index,full_image_codec,1.0,0.0023293449039521372,0.032292706488451665,26.327662011205245,0.9703815205049441,8330.0,0.4279111549258232,0.0003263132493900416
socofing:000203:right_middle,full_image_codec,1.0,0.002414426279433713,0.03230688540405627,26.171860505344657,0.9728339341882932,9852.0,0.5834022015333176,0.00026972848214125623
socofing:000203:right_ring,full_image_codec,1.0,0.002930266159547608,0.03523709798996071,25.330929303718253,0.9570054220248215,8612.0,0.38827595114707947,0.0010007764438738304
socofing:000203:right_little,full_image_codec,1.0,0.002294047635018126,0.03189067750253612,26.393975683829943,0.9690590084378817,8585.0,0.4361881613731384,0.000270481214268704
socofing:000206:left_thumb,full_image_codec,1.0,0.003055160515709091,0.03833397858186191,25.14965967334552,0.9742752759655618,11295.0,0.4972435235977173,0.00022831829799635148
socofing:000206:left_index,full_image_codec,1.0,0.0018626997435839412,0.029361599975667743,27.29857145218585,0.9754358857261158,11979.0,0.4111398756504059,0.0002500209958383965
socofing:000206:left_middle,full_image_codec,1.0,0.0030163824857619096,0.03758739743808427,25.205135895517135,0.9636363809616657,12271.0,0.48885777592658997,0.00047350458693674495
socofing:000206:left_ring,full_image_codec,1.0,0.002143129574778011,0.03259815720057454,26.68951570484124,0.9746430640657997,11884.0,0.4073813408613205,0.0002911971709436943
socofing:000206:left_little,full_image_codec,1.0,0.0018040701210137273,0.02837432253011896,27.437465862078856,0.9669690021058909,11124.0,0.4077944755554199,0.00037777663116978427
socofing:000206:right_thumb,full_image_codec,1.0,0.004062192802178569,0.04415140881175978,23.91239467702475,0.9680828048904886,12801.0,0.4742751121520996,0.0006690126754890204
socofing:000206:right_index,full_image_codec,1.0,0.002490484498703814,0.033908253381318164,26.03716157062835,0.9731549435086047,12107.0,0.3988574594259262,0.0001826695051158292
socofing:000206:right_middle,full_image_codec,1.0,0.0027753562595107173,0.03559629876001749,25.566812606102186,0.9656375659057621,12272.0,0.5878656953573227,0.00040153652799644986
socofing:000206:right_ring,full_image_codec,1.0,0.003176091036422093,0.03801711615577468,24.981070578667477,0.9550885921044873,12098.0,0.7339984700083733,0.0005775195896629375
socofing:000206:right_little,full_image_codec,1.0,0.0028678346483993157,0.034007164347457944,25.42445892529319,0.9491179504623087,9709.0,0.4799344390630722,0.0009037521515062626
socofing:000214:left_thumb,full_image_codec,1.0,0.005908765121801308,0.0524955522543805,22.285032732345833,0.9511280795130705,9693.0,0.5026184916496277,0.0006654394262433935
socofing:000214:left_index,full_image_codec,1.0,0.0029613634051388125,0.03586881921143774,25.285082946835445,0.9601837106836986,9561.0,0.5013413727283478,0.0005367871876179158
socofing:000214:left_middle,full_image_codec,1.0,0.004007616211364591,0.04166080960001818,23.971138752813374,0.9520149226709548,9266.0,0.4791712164878845,0.0014255231443916364
socofing:000214:left_ring,full_image_codec,1.0,0.004098111272057173,0.040987159107579406,23.87416253796133,0.9474733124614655,7195.0,0.6025168746709824,0.0024671806703414805
socofing:000214:left_little,full_image_codec,1.0,0.0037981199637034074,0.04055422535064541,24.204313221815113,0.9558959555750306,7058.0,0.6523674577474594,0.0015141639776637798
socofing:000214:right_thumb,full_image_codec,1.0,0.002722589615254789,0.03456808230609631,25.650178163398213,0.9581821177091533,10425.0,0.4395773410797119,0.0011191233479476222
socofing:000214:right_index,full_image_codec,1.0,0.002145900341173527,0.03125183719000325,26.683904511880634,0.9570736654376752,11127.0,0.31987661123275757,0.0008485944338208558
socofing:000214:right_middle,full_image_codec,1.0,0.001476701826738964,0.023308855479530613,28.307071878801633,0.9586977307581815,8510.0,0.3898794651031494,0.001057036994034656
socofing:000214:right_ring,full_image_codec,1.0,0.0027123501641857345,0.03257495178174518,25.666542438032014,0.9572375447686895,10186.0,0.4769432842731476,0.0008914345031198422
socofing:000214:right_little,full_image_codec,1.0,0.003004015575365118,0.03328330945386772,25.222978199110155,0.9287884723134555,10443.0,0.46999239921569824,0.002248064655927865
socofing:000217:left_thumb,full_image_codec,1.0,0.005872160716251899,0.04881489809712564,22.312020666433853,0.9485802481930414,11000.0,0.7204841896891594,0.0006667746601363129
socofing:000217:left_index,full_image_codec,1.0,0.006571179228074403,0.05338177627262364,21.823566873214013,0.9450684900881857,8711.0,0.604172870516777,0.00034016147924593207
socofing:000217:left_middle,full_image_codec,1.0,0.004247525272985486,0.04371538228530547,23.718640283775784,0.9640401769360623,9999.0,0.6918734163045883,0.00018182467340998777
socofing:000217:left_ring,full_image_codec,1.0,0.004253845367768715,0.04330123570331888,23.71218301256363,0.9556399254314406,8328.0,0.5431194007396698,0.00028034426797683373
socofing:000217:left_little,full_image_codec,1.0,0.004806554096609257,0.04501246798233458,23.181661654445552,0.9545005040369489,9515.0,0.5687499940395355,0.0010131988487154001
socofing:000217:right_thumb,full_image_codec,1.0,0.003850607423811596,0.03963599169795214,24.144707562053966,0.9589981208735284,12312.0,0.6180410832166672,0.00023451031020513244
socofing:000217:right_index,full_image_codec,1.0,0.00424011162102793,0.04246167667231085,23.726227104453766,0.9501392509050156,11540.0,0.6768017262220383,0.00032248890048350873
socofing:000217:right_middle,full_image_codec,1.0,0.0053402517720124165,0.04716981745105311,22.724382672002644,0.9506637968632001,10423.0,0.6801051944494247,0.0002735576953005075
socofing:000217:right_ring,full_image_codec,1.0,0.0037513787799081733,0.038240612866553225,24.258090825518256,0.9542757958096864,9823.0,0.6251634359359741,0.00030361441120892955
socofing:000217:right_little,full_image_codec,1.0,0.0052042955215382365,0.04809694322644079,22.83638050363846,0.9524051670741279,9778.0,0.6452808976173401,0.00024547367751325666
socofing:000241:left_thumb,full_image_codec,1.0,0.00410596677698365,0.04340545079876685,23.865845690012396,0.9677661530859942,10696.0,0.48894112557172775,0.00031502311797268457
socofing:000241:left_index,full_image_codec,1.0,0.0033132106189616567,0.0376289958708926,24.797509553811246,0.9619368095983234,10337.0,0.5398291349411011,0.0005847132361135516
socofing:000241:left_middle,full_image_codec,1.0,0.002677319094481728,0.03620591233657077,25.72299864631539,0.9607102052507334,10601.0,0.5354208946228027,0.00039880319964658175
socofing:000241:left_ring,full_image_codec,1.0,0.0038376889742576786,0.04343029310034759,24.15930225597714,0.9398147913886737,10075.0,0.4465348571538925,0.0010965782784893722
socofing:000241:left_little,full_image_codec,1.0,0.004993658437809544,0.04702399703050532,23.0158116635943,0.9255094040654864,8223.0,0.691503569483757,0.001941982394371078
socofing:000241:right_thumb,full_image_codec,1.0,0.0015764148104544754,0.025091126889721187,28.023294935803257,0.9746947695651019,11276.0,0.37049776315689087,0.00022293931617565737
socofing:000241:right_index,full_image_codec,1.0,0.002419258127100773,0.03325427464010557,26.16317791334376,0.9755479131242023,9728.0,0.46718335151672363,0.00021348231047963031
socofing:000241:right_middle,full_image_codec,1.0,0.0035330712589515248,0.03975752108538198,24.518476031376593,0.9614337090030782,10710.0,0.5566820204257965,0.0011491724515994928
socofing:000241:right_ring,full_image_codec,1.0,0.003694339380697879,0.04172374420008908,24.324632105757725,0.9503051739151227,8724.0,0.4621585011482239,0.0017891079937064733
socofing:000241:right_little,full_image_codec,1.0,0.006275608852584767,0.05371611585686436,22.023441330356874,0.9183081738944323,9256.0,0.5990084409713745,0.00228937958160434
socofing:000249:left_thumb,full_image_codec,1.0,0.0025649236712221735,0.03560547980497468,25.909255543963184,0.9387157038829864,10812.0,0.4929197281599045,0.0008069540376529852
socofing:000249:left_index,full_image_codec,1.0,0.00214697655308933,0.030604398606236694,26.68172698423334,0.9224577807234908,10554.0,0.49857425689697266,0.0008785429734690388
socofing:000249:left_middle,full_image_codec,1.0,0.002005430154834865,0.029864023550751986,26.97792459036623,0.9206662631008415,9802.0,0.3894513249397278,0.0015992310516743792
socofing:000249:left_ring,full_image_codec,1.0,0.0015168028627161854,0.025878901640832053,28.190708603457576,0.9071417925663684,9167.0,0.293413907289505,0.0010401703121686254
socofing:000249:left_little,full_image_codec,1.0,0.004356080751425295,0.04546784263374157,23.609040780500198,0.96195652640686,6748.0,0.3977484107017517,0.0004734219262828892
socofing:000249:right_thumb,full_image_codec,1.0,0.0011252669508151308,0.017969127220359243,29.487444362077216,0.9509743153735108,12029.0,0.43072032928466797,0.00229932277603695
socofing:000249:right_index,full_image_codec,1.0,0.0019099188478386665,0.025635559073351234,27.189850854667256,0.9485526532801671,11181.0,0.456695020198822,0.0007180841726904968
socofing:000249:right_middle,full_image_codec,1.0,0.002288606263021495,0.03302841385104897,26.404289179002344,0.9296752547819529,9866.0,0.5373299717903137,0.001022790622142907
socofing:000249:right_ring,full_image_codec,1.0,0.0025194034124332914,0.034148155975481084,25.987022867431445,0.9266598733423995,10270.0,0.4075404107570648,0.0024582118771412447
socofing:000249:right_little,full_image_codec,1.0,0.0011417041457701625,0.021342004902554338,29.4244642192713,0.9079886342162039,7345.0,0.270105242729187,0.0033174051938840406
socofing:000256:left_thumb,full_image_codec,1.0,0.006290427348550002,0.05446002724416017,22.013198491791115,0.9413524653645083,11134.0,0.49649086594581604,0.0009793777699394616
socofing:000256:left_index,full_image_codec,1.0,0.005337769912710444,0.04914616287716775,22.726401506297872,0.9437639328085872,10870.0,0.6876425594091415,0.0010674030886199484
socofing:000256:left_middle,full_image_codec,1.0,0.0031932446100104627,0.03930614489788966,24.957678122125696,0.9661428232169661,12116.0,0.5861937999725342,0.00039952732729760693
socofing:000256:left_ring,full_image_codec,1.0,0.00391098930901831,0.04287976544549101,24.07713371222684,0.9542091077992524,11773.0,0.5135814249515533,0.0009414862105194331
socofing:000256:left_little,full_image_codec,1.0,0.005762500667072547,0.05095692846347004,22.39389011327951,0.939342031742928,9635.0,0.6306448578834534,0.001290564362189612
socofing:000256:right_thumb,full_image_codec,1.0,0.005109142625760266,0.05001963867626217,22.916519734743076,0.9442472160027304,11657.0,0.49100904166698456,0.001224138176057937
socofing:000256:right_index,full_image_codec,1.0,0.003220809868337018,0.03729560056453508,24.9203491180535,0.9476655906266187,8464.0,0.5558019578456879,0.0013342462297547355
socofing:000256:right_middle,full_image_codec,1.0,0.004099694722668416,0.04316730496121748,23.872484811331,0.9541683110992916,12591.0,0.5076736211776733,0.0007954595573440786
socofing:000256:right_ring,full_image_codec,1.0,0.003241063994747523,0.03871638424514042,24.893123937467667,0.9575250694777976,10010.0,0.5020934902131557,0.0007411846626152729
socofing:000256:right_little,full_image_codec,1.0,0.0041204184243675245,0.04279259850397141,23.850586795574273,0.9424380120671417,8804.0,0.4523632526397705,0.0017858067656553367
socofing:000263:left_thumb,full_image_codec,1.0,0.007247276065010548,0.060488407320068695,21.39825195115116,0.8626921102365952,9783.0,0.5361822545528412,0.012462004724715937
socofing:000263:left_index,full_image_codec,1.0,0.010978424468602246,0.07180879224135757,19.59459981715461,0.8189456678391228,8384.0,0.6518591940402985,0.026122058431918515
socofing:000263:left_middle,full_image_codec,1.0,0.01297310625089129,0.07904943246489035,18.869560249872723,0.7243417969488047,9644.0,0.6499311309307814,0.036266798240397295
socofing:000263:left_ring,full_image_codec,1.0,0.011565699438722677,0.0737258937733552,19.36828098025878,0.7245608800671345,9009.0,0.6872177720069885,0.02165010882780501
socofing:000263:left_little,full_image_codec,1.0,0.010144881105142261,0.06991053779069105,19.937530383973396,0.743512553765622,7776.0,0.6319815963506699,0.03166276400571732
socofing:000263:right_thumb,full_image_codec,1.0,0.004364679158909225,0.04030667045535793,23.600476751282823,0.9038907091842098,11114.0,0.5870599746704102,0.005013419602682811
socofing:000263:right_index,full_image_codec,1.0,0.009675435494719994,0.06239644230987234,20.143294781232882,0.8489891391278228,10794.0,0.7376138493418694,0.010552788504692262
socofing:000263:right_middle,full_image_codec,1.0,0.015778505039943127,0.08636023825293665,18.01934147112635,0.742273770227749,10565.0,0.8396137654781342,0.03862941172861575
socofing:000263:right_ring,full_image_codec,1.0,0.00712571309380846,0.055642639117270264,21.4717166785144,0.8063870070358795,10066.0,0.621322438120842,0.006764450898115442
socofing:000263:right_little,full_image_codec,1.0,0.00637070698140557,0.05574074079264852,21.958123696919607,0.7928685234781997,8930.0,0.5261613726615906,0.01407276943649703
socofing:000274:left_thumb,full_image_codec,1.0,0.005361624698616584,0.04982025232195142,22.707035889029793,0.9591203621029505,12486.0,0.5703058540821075,0.0003569058867797872
socofing:000274:left_index,full_image_codec,1.0,0.0025359410458375563,0.031193386102607763,25.958608469121664,0.9508337214223317,11757.0,0.45302199572324753,0.0007175171439605367
socofing:000274:left_middle,full_image_codec,1.0,0.005032246400234256,0.047679510415954356,22.982381021330983,0.941890807425978,12725.0,0.5983269810676575,0.000995013931408274
socofing:000274:left_ring,full_image_codec,1.0,0.005561237905438926,0.05132859232941739,22.548285257450182,0.9378489427931563,12401.0,0.518579751253128,0.0010764301906912158
socofing:000274:left_little,full_image_codec,1.0,0.005367996119112073,0.04874547820418884,22.701878068198432,0.9396226584105948,10967.0,0.6091050952672958,0.0013262769719680294
socofing:000274:right_thumb,full_image_codec,1.0,0.004320530999427903,0.04517492367331484,23.644628744930287,0.9675628457466285,12823.0,0.566567175090313,0.00020522331595838636
socofing:000274:right_index,full_image_codec,1.0,0.004254243309708831,0.044006425943123845,23.71177675448291,0.9597375635929184,11713.0,0.5673167556524277,0.0003216318968917423
socofing:000274:right_middle,full_image_codec,1.0,0.005254070701099945,0.050632325262944415,22.795040874519323,0.9502518846341654,12550.0,0.6437617987394333,0.00041886643471547233
socofing:000274:right_ring,full_image_codec,1.0,0.006572087434203886,0.0564859090343949,21.822966674007485,0.9378522699856259,12055.0,0.6402765437960625,0.0006812040309097345
socofing:000274:right_little,full_image_codec,1.0,0.005873499562898512,0.051960884827193056,22.311030592313813,0.934505793697042,10954.0,0.546896904706955,0.0009669794446925966
socofing:000284:left_thumb,full_image_codec,1.0,0.0023216356677187087,0.03451774186040486,26.34205932708533,0.9483484033557696,11833.0,0.36658400297164917,0.0009273929221787155
socofing:000284:left_index,full_image_codec,1.0,0.002899623293026816,0.037961058838245194,25.376584201653603,0.9695045388118312,7800.0,0.4735116809606552,0.00030414164416404336
socofing:000284:left_middle,full_image_codec,1.0,0.002257512468409638,0.03221181191882003,26.463698423670365,0.9174153162313389,11097.0,0.5365552753210068,0.0019225514082147825
socofing:000284:left_ring,full_image_codec,1.0,0.0030698954022950102,0.03677946191533967,25.12876421584693,0.9221787096545019,9531.0,0.4317467510700226,0.002065855079589327
socofing:000284:left_little,full_image_codec,1.0,0.002762293935250942,0.03615629234159316,25.587301100928563,0.8932556012636036,8988.0,0.34003081917762756,0.003783533675805628
socofing:000284:right_thumb,full_image_codec,1.0,0.002167093648249272,0.029576033933771635,26.641223207802675,0.9570140113047781,11749.0,0.4699208587408066,0.0009894472508933732
socofing:000284:right_index,full_image_codec,1.0,0.0023564858391032263,0.03243979309859885,26.27735165714575,0.8759133594343842,11388.0,0.41895294189453125,0.004794860799858102
socofing:000284:right_middle,full_image_codec,1.0,0.00198092400119665,0.031246846240194602,27.031321859930323,0.9203736731412696,10531.0,0.33991026878356934,0.0019058163113338908
socofing:000284:right_ring,full_image_codec,1.0,0.0023311192114195056,0.03364994152475585,26.324355164674806,0.9054509606360529,10046.0,0.4140012562274933,0.005325278537288179
socofing:000284:right_little,full_image_codec,1.0,0.0031305787829710415,0.039467292253045634,25.043753624493593,0.9170182401539596,9787.0,0.34929171204566956,0.0036115349606380158
socofing:000289:left_thumb,full_image_codec,1.0,0.0030707101406516712,0.03624875570330691,25.127611768023684,0.9669548965219342,8889.0,0.3857995271682739,0.0019227374849623868
socofing:000289:left_index,full_image_codec,1.0,0.0020650029488437026,0.02881652083657988,26.85079323830518,0.9561310060838017,8639.0,0.3383721709251404,0.0014458928521365758
socofing:000289:left_middle,full_image_codec,1.0,0.0070823557469890655,0.055869194109312875,21.498222624022517,0.9265402656529808,11616.0,0.6662268936634064,0.0013936195905412524
socofing:000289:left_ring,full_image_codec,1.0,0.005002908779464779,0.04747882272955636,23.007774157526605,0.9344247435455707,9381.0,0.5531338155269623,0.0024921531958721457
socofing:000289:left_little,full_image_codec,1.0,0.006158340500062118,0.05312344655909835,22.105363022451208,0.9270222807259727,9760.0,0.4824136793613434,0.0021885099502950197
socofing:000289:right_thumb,full_image_codec,1.0,0.005349704322334834,0.047415457167160335,22.716702207314775,0.9349872999388276,7147.0,0.5096422284841537,0.0061337751488913855
socofing:000289:right_index,full_image_codec,1.0,0.006845005583851192,0.05619936962526886,21.64626193251719,0.926448819975193,12040.0,0.6554145216941833,0.003652174467930925
socofing:000289:right_middle,full_image_codec,1.0,0.0050393668764981275,0.04804533566948191,22.976240229423723,0.9454311484221583,12124.0,0.6599914133548737,0.0013167382528599424
socofing:000289:right_ring,full_image_codec,1.0,0.006746435292378168,0.05578700835013549,21.709256407663023,0.9151042708184609,12049.0,0.6034331023693085,0.0026512564737561934
socofing:000289:right_little,full_image_codec,1.0,0.005700220019789786,0.049156743030019136,22.441083809000556,0.9179336291392614,10779.0,0.5245558470487595,0.0034734795016269347
socofing:000291:left_thumb,full_image_codec,1.0,0.0036016528591728226,0.04122147517719716,24.43498148432345,0.9658228553141621,11879.0,0.46948450803756714,0.00024606455255055484
socofing:000291:left_index,full_image_codec,1.0,0.002549703480457308,0.03394484815831942,25.935103232087787,0.957443461591093,10016.0,0.5423819422721863,0.0007904625887432879
socofing:000291:left_middle,full_image_codec,1.0,0.0034679410094174017,0.03986484120676693,24.599282985955966,0.9576707056539896,10033.0,0.5049629211425781,0.0005964159284837983
socofing:000291:left_ring,full_image_codec,1.0,0.004427705533455323,0.04454644262732237,23.53821269782451,0.9497466446182055,9912.0,0.5448718629777431,0.0011757813990324634
socofing:000291:left_little,full_image_codec,1.0,0.005860522789727035,0.05098442149625211,22.320636408818153,0.9222316478160429,7810.0,0.6241306625306606,0.0028798813939440214
socofing:000291:right_thumb,full_image_codec,1.0,0.004323112172438334,0.04463674369140266,23.642034956162522,0.9454851075241627,11633.0,0.4770842641592026,0.0010802276370983016
socofing:000291:right_index,full_image_codec,1.0,0.003965312650840631,0.04176455847029199,24.01722564416561,0.9434687212244633,11032.0,0.5037180706858635,0.0010635676297375846
socofing:000291:right_middle,full_image_codec,1.0,0.005285902497618655,0.048996182564038385,22.768808520133756,0.9395325749132926,11005.0,0.584878072142601,0.0012152744854028433
socofing:000291:right_ring,full_image_codec,1.0,0.0040920786532051565,0.04319080385340756,23.880560273731955,0.9464466482798828,7982.0,0.540202260017395,0.0008039471769926095
socofing:000291:right_little,full_image_codec,1.0,0.004124018895661101,0.04249750619264897,23.84679353509145,0.9408504934233004,8097.0,0.5336878001689911,0.0014672374743944308
socofing:000293:left_thumb,full_image_codec,1.0,0.004566799281816117,0.04421786215563744,23.403880759155086,0.9359317734785543,10835.0,0.5323304533958435,0.0015655143532489618
socofing:000293:left_index,full_image_codec,1.0,0.005619670300321327,0.04920939886632404,22.502891632479056,0.9239277015269936,9160.0,0.6182005256414413,0.0017630903183815212
socofing:000293:left_middle,full_image_codec,1.0,0.004169103264968754,0.043392951300719074,23.799573476535816,0.9418478837629064,9749.0,0.6249773427844048,0.0012809115097873684
socofing:000293:left_ring,full_image_codec,1.0,0.005566052981304419,0.04880206101252973,22.544526640855832,0.9197564804602021,10377.0,0.5331490337848663,0.00413665180314364
socofing:000293:left_little,full_image_codec,1.0,0.0070373571811001,0.05543868215570491,21.525904057945255,0.8841261686364037,8143.0,0.5611150115728378,0.005546194002263198
socofing:000293:right_thumb,full_image_codec,1.0,0.0035435665234885903,0.0405177188141368,24.505594098016246,0.956912454520246,11285.0,0.43786561489105225,0.0008090691216899339
socofing:000293:right_index,full_image_codec,1.0,0.003934132729359827,0.041302625633755405,24.051509919875613,0.9474115784369624,10217.0,0.6641198098659515,0.002042344153022496
socofing:000293:right_middle,full_image_codec,1.0,0.0035274015941609005,0.03817263892662886,24.525450931537797,0.9476958309612686,9812.0,0.9019764056429267,0.0011126806455882886
socofing:000293:right_ring,full_image_codec,1.0,0.0023735429347561394,0.030814327527356154,26.24602907969625,0.9372389040791163,9691.0,0.6633019894361496,0.0012634556441247784
socofing:000293:right_little,full_image_codec,1.0,0.0045828121892170556,0.04371252463826007,23.388679404549706,0.9332872297007058,8851.0,0.5806211233139038,0.0010733966699189444
socofing:000302:left_thumb,full_image_codec,1.0,0.004145321133265325,0.043264561878653275,23.824418195159282,0.9433045168527969,11614.0,0.5093992054462433,0.0015103619452942949
socofing:000302:left_index,full_image_codec,1.0,0.0036529434024323484,0.037128784254848994,24.373570565594317,0.9349351678915668,11096.0,0.5726817175745964,0.0022584753258030727
socofing:000302:left_middle,full_image_codec,1.0,0.005559489213118098,0.047775079753423155,22.549651080788248,0.9067173754346297,10750.0,0.6152595728635788,0.00420132994031706
socofing:000302:left_ring,full_image_codec,1.0,0.0037060887025978694,0.03559255718327708,24.310841903631086,0.914162536840364,11793.0,0.6135624647140503,0.005054991390617802
socofing:000302:left_little,full_image_codec,1.0,0.002890953184667613,0.035531557185065135,25.38958941122544,0.8877137102366506,9696.0,0.44039860367774963,0.005535397964697485
socofing:000302:right_thumb,full_image_codec,1.0,0.00475151158057472,0.048601432053668105,23.23168207918053,0.950701506908052,11736.0,0.4480311870574951,0.0012420964496998093
socofing:000302:right_index,full_image_codec,1.0,0.006789237981675854,0.05343820730460074,21.681789678291924,0.9074891104556618,10505.0,0.5915632098913193,0.00477341842683868
socofing:000302:right_middle,full_image_codec,1.0,0.005512786623233986,0.050896819445306614,22.586288169068048,0.9203212609931479,11425.0,0.673034131526947,0.00251385777623133
socofing:000302:right_ring,full_image_codec,1.0,0.0076984053568517116,0.061553555644488646,21.1359922501474,0.8760925791306288,11396.0,0.6094285547733307,0.006446184881667361
socofing:000302:right_little,full_image_codec,1.0,0.005355757835623708,0.04825930834523847,22.711790681480764,0.9169203734897327,11026.0,0.6473933309316635,0.0028543279457731276
socofing:000303:left_thumb,full_image_codec,1.0,0.01135371275612636,0.07318809247691882,19.448620974284946,0.8360989249351124,8473.0,0.6226750612258911,0.01772183931294262
socofing:000303:left_index,full_image_codec,1.0,0.011846743047917992,0.0706573979544732,19.264010311505736,0.8289328167916877,6976.0,0.8490465208888054,0.013543369029402948
socofing:000303:left_middle,full_image_codec,1.0,0.006873722110355477,0.05452954526787765,21.628080294258368,0.9088404393463116,8079.0,0.662907749414444,0.005254784497777464
socofing:000303:left_ring,full_image_codec,1.0,0.006616343735290745,0.055130954347000855,21.793819402054876,0.8921975454261226,7552.0,0.6239784210920334,0.005027112388267303
socofing:000303:left_little,full_image_codec,1.0,0.005963531049486599,0.054963664242320194,22.244965152236862,0.8677571173558332,10229.0,0.47415921092033386,0.0025445309032758215
socofing:000303:right_thumb,full_image_codec,1.0,0.003989183051864307,0.0428535325447815,23.991160347378994,0.9326078891603936,11282.0,0.6303002685308456,0.002802788347185055
socofing:000303:right_index,full_image_codec,1.0,0.005069522278560865,0.04746071793168752,22.950329640512884,0.9215120563867453,9948.0,0.5958826541900635,0.003476331212477468
socofing:000303:right_middle,full_image_codec,1.0,0.006043237833082054,0.051752326680980135,22.18730313651158,0.896004965524686,10932.0,0.547171413898468,0.0035905473389572784
socofing:000303:right_ring,full_image_codec,1.0,0.008718674532578524,0.06278402722402429,20.595495342120785,0.8737980297213442,8843.0,0.6908765733242035,0.009425906814122828
socofing:000303:right_little,full_image_codec,1.0,0.007046963396079555,0.056729878561466204,21.51997984345211,0.9007961305631907,7111.0,0.5342377126216888,0.00382714867673682
socofing:000308:left_thumb,full_image_codec,1.0,0.003071977109620177,0.039971965038540384,25.125820247091074,0.8905580863043498,12779.0,0.41115802526474,0.002283981648710675
socofing:000308:left_index,full_image_codec,1.0,0.0018520555203253805,0.028818519349538847,27.323459983184858,0.8981458237825739,11514.0,0.31088995933532715,0.004412377070138526
socofing:000308:left_middle,full_image_codec,1.0,0.0020289253613067176,0.030741536781695566,26.927339291957594,0.8760603760248548,12217.0,0.38304170966148376,0.003920523060276024
socofing:000308:left_ring,full_image_codec,1.0,0.002540986715914533,0.033236549215260335,25.949976054022464,0.8702126279661735,9801.0,0.3499022424221039,0.00517622096242139
socofing:000308:left_little,full_image_codec,1.0,0.0029977495432021647,0.03643937227774063,25.232046545260932,0.8927916560273382,8777.0,0.3659878075122833,0.005680353118318951
socofing:000308:right_thumb,full_image_codec,1.0,0.0014603063827946887,0.01990230255267444,28.35556016545976,0.9414307026942689,12539.0,0.47194258868694305,0.0013274837024023563
socofing:000308:right_index,full_image_codec,1.0,0.001977052325907617,0.025650110046248162,27.039818362239046,0.9444482062360143,10698.0,0.45058202743530273,0.001312036516759865
socofing:000308:right_middle,full_image_codec,1.0,0.0024849177043216094,0.033722076961112575,26.046879896875232,0.8926697855644217,11418.0,0.35440799593925476,0.003283810809223017
socofing:000308:right_ring,full_image_codec,1.0,0.003036232596172361,0.03832300784554729,25.17664961576017,0.879942516483642,11586.0,0.3681620955467224,0.004160030418602784
socofing:000308:right_little,full_image_codec,1.0,0.002453176073667167,0.03430082318950291,26.102712797276535,0.9153549256803362,9680.0,0.33634501695632935,0.0038973865262493792
socofing:000309:left_thumb,full_image_codec,1.0,0.00403072728204782,0.04256979631978164,23.94616585103824,0.9601968029729819,11467.0,0.6486989855766296,0.0006602086297352054
socofing:000309:left_index,full_image_codec,1.0,0.003956510658223754,0.042551303842059206,24.026876600131743,0.9649126748593193,11253.0,0.5786730051040649,0.0004500196571551456
socofing:000309:left_middle,full_image_codec,1.0,0.0030082764459160713,0.03731942818086451,25.21682256704295,0.9647716488138995,11460.0,0.4956927224993706,0.0007171498322612957
socofing:000309:left_ring,full_image_codec,1.0,0.005429733386509587,0.04919590044321282,22.652214948329576,0.9367718232040506,8611.0,0.5473173223435879,0.004843275087336213
socofing:000309:left_little,full_image_codec,1.0,0.004045480811238253,0.04311505259862274,23.93029854457589,0.9605260251428189,7921.0,0.4394352436065674,0.000731454690086019
socofing:000309:right_thumb,full_image_codec,1.0,0.003329237367213513,0.040080247063023634,24.77655239509605,0.9743350176121497,12514.0,0.4468531608581543,0.00014682301278871394
socofing:000309:right_index,full_image_codec,1.0,0.0020965346214217233,0.030440047798825042,26.78497961417694,0.9623935330958113,10280.0,0.4828557353466749,0.001194434332290459
socofing:000309:right_middle,full_image_codec,1.0,0.00490305957451945,0.04602410310387005,23.09532829836042,0.9311027960817359,11221.0,0.5512592159211636,0.002741407039785752
socofing:000309:right_ring,full_image_codec,1.0,0.0035969026882281424,0.038554534313979316,24.440713115663154,0.9536721483055763,9163.0,0.5374176204204559,0.0016693718935650598
socofing:000309:right_little,full_image_codec,1.0,0.0030574032098953517,0.03736486356050948,25.146472828031126,0.9695628388728322,8242.0,0.43673235177993774,0.0005558737600233569
socofing:000317:left_thumb,full_image_codec,1.0,0.003101808726833452,0.038046797755578725,25.083849864843543,0.9626162902560583,12478.0,0.6140478849411011,0.0006842101984400571
socofing:000317:left_index,full_image_codec,1.0,0.0019299164114171747,0.03143783741220664,27.144615007572096,0.9788813656736929,11075.0,0.32461807131767273,0.00014544466026588453
socofing:000317:left_middle,full_image_codec,1.0,0.0025686629395420615,0.03529024637577454,25.902928802026167,0.9680867857253103,12023.0,0.4737453982234001,0.0003162008388822581
socofing:000317:left_ring,full_image_codec,1.0,0.002831257031964904,0.035741839431783655,25.48020701988872,0.9619992581786123,11669.0,0.5314021110534668,0.0003063306084434488
socofing:000317:left_little,full_image_codec,1.0,0.002970194870744913,0.037916546381969174,25.272150562340123,0.9678205424661257,8854.0,0.4178323596715927,0.0006459879468405822
socofing:000317:right_thumb,full_image_codec,1.0,0.004634908410045454,0.04578601614629597,23.339588434838568,0.9464552400905939,12150.0,0.5871478170156479,0.002060720388873839
socofing:000317:right_index,full_image_codec,1.0,0.0022955803388073257,0.03300989847718173,26.391075035556998,0.9761340384070422,12289.0,0.4989987909793854,0.00021282311790045628
socofing:000317:right_middle,full_image_codec,1.0,0.002376272124719256,0.03510617883116222,26.24103826528918,0.9731920645589444,12810.0,0.3934851884841919,0.00018627926073333946
socofing:000317:right_ring,full_image_codec,1.0,0.0028040327161812763,0.03616389172252335,25.52216923524884,0.9631573967980301,12066.0,0.4441321790218353,0.0005502881725431875
socofing:000317:right_little,full_image_codec,1.0,0.003846973325510268,0.04266304603475353,24.148808250328937,0.9537977027977296,9351.0,0.48586347699165344,0.0004639767014294104
socofing:000318:left_thumb,full_image_codec,1.0,0.005132970888795545,0.04745311028868854,22.896311987961838,0.9436768070689822,12553.0,0.6416386067867279,0.002585259732507989
socofing:000318:left_index,full_image_codec,1.0,0.004515762350792854,0.045536515949836424,23.45268921586537,0.9547000347376627,10466.0,0.45166584849357605,0.0015441711590221839
socofing:000318:left_middle,full_image_codec,1.0,0.005796990720417625,0.05052577534051287,22.367973948292708,0.9389203482802233,11618.0,0.6845532059669495,0.0015141579180162957
socofing:000318:left_ring,full_image_codec,1.0,0.004957488610006581,0.043632061158290374,23.047382749273947,0.9324163080406517,9020.0,0.5274049043655396,0.002538000765304337
socofing:000318:left_little,full_image_codec,1.0,0.005205628696174069,0.047349895691320705,22.835268122071,0.9275701755915886,9438.0,0.7213392239063978,0.0028944495637520692
socofing:000318:right_thumb,full_image_codec,1.0,0.0035460814986301267,0.041078291784082656,24.502512873480132,0.9657120772394571,12454.0,0.45128051936626434,0.0007836608045684261
socofing:000318:right_index,full_image_codec,1.0,0.0035492146299303503,0.03992181001841968,24.498677369792752,0.9500294581569707,12059.0,0.7752051912248135,0.0014102865807792747
socofing:000318:right_middle,full_image_codec,1.0,0.004293117993078194,0.04324932022627284,23.67227175103473,0.9396939246982065,9346.0,0.5727882832288742,0.0013075776718785668
socofing:000318:right_ring,full_image_codec,1.0,0.004328196603769096,0.04374331164762499,23.636930200843025,0.9423814196957557,9449.0,0.5315479040145874,0.0023891010748137926
socofing:000318:right_little,full_image_codec,1.0,0.004539502212102915,0.0451202713452555,23.42991767933558,0.9329537877682589,11117.0,0.41405270993709564,0.002490587811400977
socofing:000319:left_thumb,full_image_codec,1.0,0.00410234464083606,0.0414458617662542,23.869678570524925,0.9492254140183384,10759.0,0.4928441643714905,0.0009537255018218847
socofing:000319:left_index,full_image_codec,1.0,0.006130326372548682,0.051333419169163494,22.125164034548682,0.9450064532286341,7516.0,0.5469203293323517,0.0024175447092475433
socofing:000319:left_middle,full_image_codec,1.0,0.006370305886864149,0.052790086240977724,21.958397133808685,0.9124297259583042,11529.0,0.5727472603321075,0.003438888836758329
socofing:000319:left_ring,full_image_codec,1.0,0.006401471313060264,0.053370283394503906,21.937201963745956,0.8921014404231031,10332.0,0.5079790353775024,0.0040160750990070075
socofing:000319:left_little,full_image_codec,1.0,0.004804202355939829,0.04758054177021566,23.183787081348267,0.9533395525819593,8692.0,0.43752241134643555,0.0007828988322224208
socofing:000319:right_thumb,full_image_codec,1.0,0.005362293436609744,0.0483532085330683,22.70649424143983,0.9451220784967781,9925.0,0.6159857511520386,0.0014178331660210028
socofing:000319:right_index,full_image_codec,1.0,0.004858542830621599,0.04633472290530171,23.134939643819905,0.9445758331234677,11328.0,0.49777206778526306,0.0015985239176298867
socofing:000319:right_middle,full_image_codec,1.0,0.00435684373634134,0.04507153262141856,23.608280163005748,0.9540163269043793,10509.0,0.609450563788414,0.000975443740086902
socofing:000319:right_ring,full_image_codec,1.0,0.0038778830348265084,0.04077724264235533,24.11405294302051,0.9587624231027779,9911.0,0.644692450761795,0.0005419172649769431
socofing:000319:right_little,full_image_codec,1.0,0.003851540516349954,0.04035767664792024,24.143655292101105,0.9528596306331518,10809.0,0.6216568648815155,0.001175262479652056
socofing:000321:left_thumb,full_image_codec,1.0,0.0040804760645896465,0.04365453307301609,23.892891653015248,0.9566986451980015,12101.0,0.49679815769195557,0.0009951783252244734
socofing:000321:left_index,full_image_codec,1.0,0.00711297766814738,0.055404103303334895,21.479485548077854,0.9140007681609615,12445.0,0.8347442131489515,0.0035208076979661965
socofing:000321:left_middle,full_image_codec,1.0,0.006788946709414867,0.057260516334232126,21.68197600354611,0.9352487194802531,12104.0,0.6528324782848358,0.0032369994132053423
socofing:000321:left_ring,full_image_codec,1.0,0.009016548740380543,0.06541437474328542,20.449596653218336,0.9064940489116334,9739.0,0.6472761482000351,0.007504108077758376
socofing:000321:left_little,full_image_codec,1.0,0.005916717460688486,0.053025917124691936,22.279191689676423,0.9361207218117437,10363.0,0.5556710213422775,0.002918474792427154
socofing:000321:right_thumb,full_image_codec,1.0,0.005777557231705784,0.05152933832263174,22.382557437647502,0.9430280666885538,12565.0,0.5806687921285629,0.0037029309296943208
socofing:000321:right_index,full_image_codec,1.0,0.005289456104629904,0.04920912960408462,22.765889825776483,0.9482956603057392,12471.0,0.5671568438410759,0.0016712491834013567
socofing:000321:right_middle,full_image_codec,1.0,0.003170263508894641,0.03738364700877121,24.989046381915042,0.9559348881414457,12258.0,0.5059214681386948,0.001487802994264483
socofing:000321:right_ring,full_image_codec,1.0,0.005409249543296664,0.049362153383399186,22.66862982917914,0.9351571018380753,11072.0,0.5299444645643234,0.0035192967884133883
socofing:000321:right_little,full_image_codec,1.0,0.005853755099774586,0.05105575455268033,22.32565450853597,0.9353303669454792,9926.0,0.5737213343381882,0.0025516510562422277
socofing:000339:left_thumb,full_image_codec,1.0,0.004354588041119758,0.043617272862966246,23.61052924452187,0.9396390190585121,12333.0,0.6139287203550339,0.002320004350022032
socofing:000339:left_index,full_image_codec,1.0,0.003981218997711686,0.04262639157897905,23.99983932217005,0.950554846807797,12489.0,0.4934212416410446,0.0014341456692659976
socofing:000339:left_middle,full_image_codec,1.0,0.007350568092249721,0.058709788650083236,21.33679094957287,0.9195413626938365,12675.0,0.6032368838787079,0.0021098661697530525
socofing:000339:left_ring,full_image_codec,1.0,0.007775989195867786,0.06031556912947995,21.092443514997683,0.8866545446603277,11028.0,0.6099631637334824,0.006780074893786833
socofing:000339:left_little,full_image_codec,1.0,0.006968339539705597,0.05549563131450213,21.568706960273893,0.9198969995506308,10186.0,0.6576230973005295,0.005688677248318008
socofing:000339:right_thumb,full_image_codec,1.0,0.004240534308985725,0.044611959571581046,23.72579418684512,0.945414109519443,12513.0,0.43221234902739525,0.0009179666650194227
socofing:000339:right_index,full_image_codec,1.0,0.00547112676374648,0.050661667146433685,22.6192322268226,0.9269850170661817,12169.0,0.5270045846700668,0.00190240920800439
socofing:000339:right_middle,full_image_codec,1.0,0.005013825695017986,0.049216454029203,22.99830768305143,0.9473579741148555,12599.0,0.5178248733282089,0.0009025251039006159
socofing:000339:right_ring,full_image_codec,1.0,0.005868111121706908,0.051480170995749024,22.315016707170997,0.9183253059523415,12231.0,0.7738980501890182,0.003611427388859073
socofing:000339:right_little,full_image_codec,1.0,0.004675881573922972,0.041146797373768,23.301364967495193,0.9152937283547793,11339.0,0.5350456088781357,0.004217000269166723
socofing:000345:left_thumb,full_image_codec,1.0,0.00371905702147327,0.0422964954285336,24.295671628829353,0.9466025187107414,11395.0,0.4416521489620209,0.001088490399689025
socofing:000345:left_index,full_image_codec,1.0,0.0022023062979926833,0.033231269545385335,26.571222792438682,0.9670657813618649,9142.0,0.38531550765037537,0.0003917118471406084
socofing:000345:left_middle,full_image_codec,1.0,0.002846036480556082,0.038099392379555744,25.457595374201595,0.9652197703798832,10700.0,0.3415639102458954,0.000397132939599542
socofing:000345:left_ring,full_image_codec,1.0,0.0019398316319211835,0.031090698265032937,27.122359631114016,0.941960805316174,9236.0,0.3378671407699585,0.0010229653127893157
socofing:000345:left_little,full_image_codec,1.0,0.0024916957520738784,0.035647240043019446,26.03504988201537,0.9399216136237479,8950.0,0.3370887339115143,0.0020184651713648877
socofing:000345:right_thumb,full_image_codec,1.0,0.004482793772433267,0.046088495504200286,23.484512400667015,0.9537637393836776,12315.0,0.4695829451084137,0.0015527741467980297
socofing:000345:right_index,full_image_codec,1.0,0.0018354174180808393,0.02669022714078296,27.36265151164695,0.9674104863646449,10152.0,0.6485579460859299,0.00039573351780819156
socofing:000345:right_middle,full_image_codec,1.0,0.002404464841532459,0.03279549746205107,26.189815688667714,0.9643333388761038,11573.0,0.4550393521785736,0.00041010637574179595
socofing:000345:right_ring,full_image_codec,1.0,0.0024202787252079645,0.03267596863977894,26.161346167264362,0.9589298412390265,9727.0,0.36503108590841293,0.0008966878210865161
socofing:000345:right_little,full_image_codec,1.0,0.0027830069718883725,0.03714605820839453,25.554857056857717,0.9564828434792436,10085.0,0.4687122702598572,0.0008638929060116809
socofing:000356:left_thumb,full_image_codec,1.0,0.002541906182519915,0.03550474240533651,25.948404825647806,0.974159172014774,12550.0,0.3829640746116638,0.0006229688350392648
socofing:000356:left_index,full_image_codec,1.0,0.002982369961146495,0.036887601581135555,25.254384835797403,0.9715063344393796,12071.0,0.60430639795959,0.000328691251993332
socofing:000356:left_middle,full_image_codec,1.0,0.002929270726533804,0.037632278680931074,25.332404884732806,0.9674740062449066,12668.0,0.3973354995250702,0.0003820660503435332
socofing:000356:left_ring,full_image_codec,1.0,0.002908250154448641,0.036853959004747056,25.363682401705837,0.9694179237000727,11556.0,0.5024367272853851,0.0003686555813341226
socofing:000356:left_little,full_image_codec,1.0,0.0024060451781811394,0.03394175542669847,26.186962221954417,0.9751246390330387,10830.0,0.33560091257095337,0.00027494338149602405
socofing:000356:right_thumb,full_image_codec,1.0,0.0028341473300541164,0.0369203898674873,25.475775771773353,0.975332747758911,12765.0,0.620672732591629,0.00025223562566948607
socofing:000356:right_index,full_image_codec,1.0,0.0026006362917628885,0.03393311432396676,25.849203811856242,0.9656385862642429,11764.0,0.6382990777492523,0.0006929041475425645
socofing:000356:right_middle,full_image_codec,1.0,0.0029286604933228765,0.03703477939444946,25.3333097124175,0.9711197631910424,12195.0,0.433339923620224,0.00039543676531907573
socofing:000356:right_ring,full_image_codec,1.0,0.0030285209698736634,0.03779558247848519,25.187694148787084,0.9636363090425986,12082.0,0.5396190732717514,0.0005278965261138683
socofing:000356:right_little,full_image_codec,1.0,0.0033478167644029884,0.040096979853748674,24.752383202087664,0.9653952382417146,10840.0,0.7477979362010956,0.0006820678885683989
socofing:000358:left_thumb,full_image_codec,1.0,0.0037790927738535376,0.04203588765430068,24.226124463528734,0.952727786246495,12220.0,0.5316499322652817,0.000863999557668858
socofing:000358:left_index,full_image_codec,1.0,0.0030922376942322033,0.038685261197739976,25.097271301075914,0.9595372385439835,10801.0,0.45758578181266785,0.000508319405659189
socofing:000358:left_middle,full_image_codec,1.0,0.0036342055047898715,0.039050192407522534,24.395905181196788,0.929221335126016,12571.0,0.45369306206703186,0.002204701198030886
socofing:000358:left_ring,full_image_codec,1.0,0.0032276293286353764,0.040757512799793755,24.911163468656,0.9585957822962824,8463.0,0.3558710813522339,0.0008681531167369235
socofing:000358:left_little,full_image_codec,1.0,0.0041798315174563835,0.04329321785360296,23.788412236110116,0.9251848522989481,9885.0,0.5482369661331177,0.0013430196579917895
socofing:000358:right_thumb,full_image_codec,1.0,0.002643633475784849,0.03602527613981593,25.77798757385437,0.9675492584911439,12350.0,0.5807773768901825,0.000262152489450743
socofing:000358:right_index,full_image_codec,1.0,0.0030271554946264254,0.03831763508018783,25.189652702479897,0.9640247055383676,12318.0,0.4231583774089813,0.0004838478717768838
socofing:000358:right_middle,full_image_codec,1.0,0.00684321639771777,0.05635120968572167,21.647397264294128,0.9112152976870596,12486.0,0.7082847654819489,0.0022278809329077712
socofing:000358:right_ring,full_image_codec,1.0,0.0041903051435966746,0.04329168122039283,23.777543499800323,0.9312179630228083,11989.0,0.5495399162173271,0.0016203934962232352
socofing:000358:right_little,full_image_codec,1.0,0.004026755484626785,0.04406737967210767,23.95044741115534,0.9476410347916816,11966.0,0.513509213924408,0.0007548194701699927
socofing:000377:left_thumb,full_image_codec,1.0,0.0036393948639736337,0.041935261297142395,24.389708221434773,0.9682918513354684,12876.0,0.42776184529066086,0.00032952857877009846
socofing:000377:left_index,full_image_codec,1.0,0.0027979709802175424,0.03635374613240593,25.531567942032854,0.9677683559185613,11494.0,0.5406735837459564,0.0005116216060043721
socofing:000377:left_middle,full_image_codec,1.0,0.0030377881865915,0.03850443068801636,25.17442511118876,0.9719293950802798,10850.0,0.5337838381528854,0.00020899594659684107
socofing:000377:left_ring,full_image_codec,1.0,0.003516307582141478,0.040258931517954906,24.539131428746515,0.9590439528796774,10053.0,0.7241841554641724,0.0009921681297496393
socofing:000377:left_little,full_image_codec,1.0,0.003157727537826467,0.03825053590050223,25.00625345487732,0.9599714065216985,10108.0,0.4403805732727051,0.0005640029589432802
socofing:000377:right_thumb,full_image_codec,1.0,0.004206075333933319,0.04481065246769557,23.761229530432914,0.9592771076249546,12332.0,0.5095695555210114,0.0005537721840093248
socofing:000377:right_index,full_image_codec,1.0,0.002395933488061126,0.03275786651986378,26.20525242279792,0.9640021075700882,11290.0,0.44660520553588867,0.0005012093426492718
socofing:000377:right_middle,full_image_codec,1.0,0.002664975395547379,0.034920036499132195,25.743067962536685,0.976789578031643,9774.0,0.4748934358358383,0.0001807300251458717
socofing:000377:right_ring,full_image_codec,1.0,0.0035891900019640265,0.04069495323653912,24.450035506886657,0.9567501297838482,11699.0,0.5617505889385939,0.0007298460409991325
socofing:000377:right_little,full_image_codec,1.0,0.00598108425375887,0.05229487148849337,22.232200797673226,0.9391700562573408,11574.0,0.6063781678676605,0.0015085666044132697
socofing:000380:left_thumb,full_image_codec,1.0,0.0049374618195237585,0.04980045152924294,23.06496249671156,0.9503477200592603,12218.0,0.4388735592365265,0.0010832621146907064
socofing:000380:left_index,full_image_codec,1.0,0.004269118600135917,0.04307195379498554,23.696617799186782,0.9433374981913162,10434.0,0.5116041004657745,0.001891769340772375
socofing:000380:left_middle,full_image_codec,1.0,0.0044225406678960475,0.045798347732374005,23.543281648033975,0.9528285162642268,11837.0,0.5095812082290649,0.0007729248192919489
socofing:000380:left_ring,full_image_codec,1.0,0.005509131991298486,0.050761465709928524,22.589168223978,0.930545542507617,10407.0,0.5588988959789276,0.0027493142832845695
socofing:000380:left_little,full_image_codec,1.0,0.004989770615750469,0.04784167520517609,23.019194188262272,0.9378440026718701,7682.0,0.5020124167203903,0.0026327887402741905
socofing:000380:right_thumb,full_image_codec,1.0,0.0035350862185164456,0.04222832699022099,24.515999895702482,0.965179493738247,11764.0,0.47235769033432007,0.0005583369476144464
socofing:000380:right_index,full_image_codec,1.0,0.0034401641639928335,0.038401361531231526,24.634208324822247,0.9530827521249657,10819.0,0.5565476417541504,0.0012878875528856018
socofing:000380:right_middle,full_image_codec,1.0,0.0031831411851087127,0.03775148013353251,24.971440982455327,0.9577547131648189,11819.0,0.6293031275272369,0.0008051668656023537
socofing:000380:right_ring,full_image_codec,1.0,0.0034167117005242725,0.038781046687734924,24.66391665085851,0.9374366420872052,9638.0,0.6111913025379181,0.00203910032778028
socofing:000380:right_little,full_image_codec,1.0,0.004255581940352402,0.04211639779571144,23.710410428172978,0.9230301100314431,8505.0,0.585141658782959,0.0025198897646559267
socofing:000396:left_thumb,full_image_codec,1.0,0.007413123740321858,0.059014815781968474,21.299987505472913,0.9070046805858202,11579.0,0.654429167509079,0.0022360482641784105
socofing:000396:left_index,full_image_codec,1.0,0.006753047346942354,0.0560233929695108,21.70500205345164,0.8692985987947622,10543.0,0.6170002073049545,0.005921906954325711
socofing:000396:left_middle,full_image_codec,1.0,0.0071363695711276,0.05775369018384751,21.465226672438533,0.8864108319409534,11614.0,0.608194887638092,0.0035818273800934334
socofing:000396:left_ring,full_image_codec,1.0,0.006227476855464633,0.054037102406203394,22.056878778521025,0.909709005830192,11055.0,0.5666805803775787,0.003050858564542326
socofing:000396:left_little,full_image_codec,1.0,0.006624093001099837,0.05434056152435237,21.788735787622862,0.9112832594693832,9441.0,0.5564532279968262,0.004365027522617978
socofing:000396:right_thumb,full_image_codec,1.0,0.006792274650610149,0.056839278683771706,21.67984761392956,0.9104160082334282,12755.0,0.5921209156513214,0.0013531727891201639
socofing:000396:right_index,full_image_codec,1.0,0.006860889177944385,0.05702169000135274,21.636195956562354,0.8927853264794977,11430.0,0.5276948735117912,0.003409585310841931
socofing:000396:right_middle,full_image_codec,1.0,0.005360650730300035,0.046896039243231075,22.707824880264713,0.9270419832256606,10745.0,0.5501938313245773,0.0012624523409859982
socofing:000396:right_ring,full_image_codec,1.0,0.005760552137813781,0.05076813805581722,22.39535888293162,0.8867101152072514,12190.0,0.583931565284729,0.007153257368913691
socofing:000396:right_little,full_image_codec,1.0,0.006208670637191307,0.05488798619972238,22.0700137836377,0.8993963092050568,10660.0,0.556208461523056,0.0043330326659908
socofing:000406:left_thumb,full_image_codec,1.0,0.006078753554760432,0.05092919786593854,22.16185463455041,0.9262193117014053,9694.0,0.6214923113584518,0.004717520013344643
socofing:000406:left_index,full_image_codec,1.0,0.008733039675617662,0.05850008228986604,20.588345667666754,0.9048548231286269,10923.0,0.7858104556798935,0.006387270871466668
socofing:000406:left_middle,full_image_codec,1.0,0.008434025847886653,0.06047027681858271,20.739650723302447,0.8908920995435653,10504.0,0.6790324151515961,0.005996272735133798
socofing:000406:left_ring,full_image_codec,1.0,0.006523100409164192,0.053201570279503375,21.8554593639238,0.8866078777577798,10468.0,0.5920436978340149,0.008092099207962576
socofing:000406:left_little,full_image_codec,1.0,0.008045323076073235,0.05760977684352137,20.944565112494033,0.9064002095445947,7587.0,0.617480918765068,0.0066956229575214025
socofing:000406:right_thumb,full_image_codec,1.0,0.005182147011233955,0.047591244857769235,22.854902707670103,0.9424097604505862,11906.0,0.6989669725298882,0.0027807510886732204
socofing:000406:right_index,full_image_codec,1.0,0.004753312213781958,0.04177668549961201,23.23003658823381,0.9243137886614814,10162.0,0.5444114655256271,0.003601245793164822
socofing:000406:right_middle,full_image_codec,1.0,0.0017256491357403863,0.02083386007365209,27.6304750172731,0.9353981161614384,11226.0,0.48582154512405396,0.0032926137440941776
socofing:000406:right_ring,full_image_codec,1.0,0.0019957390696773033,0.022289440322060396,26.998962406072465,0.9427736627126257,8832.0,0.4723145067691803,0.0020755203008117162
socofing:000406:right_little,full_image_codec,1.0,0.0034570473399078254,0.032912058636362033,24.612946733011064,0.9261085852620048,8600.0,0.4513392299413681,0.0038146177519350704
socofing:000407:left_thumb,full_image_codec,1.0,0.0034921454291280533,0.040278554812716305,24.569076785539007,0.9682459717168043,12238.0,0.5618431866168976,0.00044284860860370473
socofing:000407:left_index,full_image_codec,1.0,0.0028231270188101214,0.03614501874204029,25.492695815316676,0.9755911135397384,11726.0,0.5167299211025238,0.0003795420608576953
socofing:000407:left_middle,full_image_codec,1.0,0.0024231453683637803,0.03340576647934639,26.156205310608097,0.9599767125489552,11614.0,0.4365173280239105,0.0007368291909019536
socofing:000407:left_ring,full_image_codec,1.0,0.003565428231196941,0.04099339802921601,24.47888301078104,0.9496549290439956,10106.0,0.49087749421596527,0.0013327229575040168
socofing:000407:left_little,full_image_codec,1.0,0.0039163456598073155,0.04289395075217239,24.071189839981226,0.95623729161039,10248.0,0.5371550768613815,0.0004708794630282578
socofing:000407:right_thumb,full_image_codec,1.0,0.0031663013183019935,0.03902964362601685,24.994477582516087,0.9744691204993434,12625.0,0.5292846411466599,0.00014802589095411683
socofing:000407:right_index,full_image_codec,1.0,0.0027917615240421125,0.035893781474393614,25.541216824729247,0.9714499164840807,11976.0,0.559336930513382,0.00032981483554549135
socofing:000407:right_middle,full_image_codec,1.0,0.0017185749251345602,0.024201226674380592,27.64831529070447,0.951735226839851,12552.0,0.44504690170288086,0.0016934460404033366
socofing:000407:right_ring,full_image_codec,1.0,0.0032298112701531034,0.03778180553079797,24.908228543641822,0.9554984732457159,10627.0,0.5602995604276657,0.0008695229800541299
socofing:000407:right_little,full_image_codec,1.0,0.00362551334136708,0.04065029585001114,24.40630492392566,0.9592479158550627,10659.0,0.4994664788246155,0.0005765003248164359
socofing:000422:left_thumb,full_image_codec,1.0,0.003397875381345765,0.03959660467006718,24.6879255312628,0.956346708311887,12409.0,0.47861596941947937,0.000625290990754663
socofing:000422:left_index,full_image_codec,1.0,0.0030885144577966787,0.037263595427484655,25.10250361324305,0.9698017858206729,12140.0,0.5642730891704559,0.0004319335153669579
socofing:000422:left_middle,full_image_codec,1.0,0.0035788618809393835,0.04222191842722982,24.462550620188654,0.9481412187298679,12332.0,0.4056171476840973,0.000748344516432453
socofing:000422:left_ring,full_image_codec,1.0,0.004631814339625488,0.04766839318511972,23.342488570725326,0.9227864980984958,12182.0,0.4648553133010864,0.0030909041956952233
socofing:000422:left_little,full_image_codec,1.0,0.003285336868184443,0.0400809809414754,24.834200926208506,0.9474761833757486,11562.0,0.39990949630737305,0.0008349618766885659
socofing:000422:right_thumb,full_image_codec,1.0,0.0024413243692001786,0.03390872119023178,26.1237451374349,0.9694541769959296,12772.0,0.5139058828353882,0.00026065189876069584
socofing:000422:right_index,full_image_codec,1.0,0.002478388822486918,0.0330263384042309,26.05830558244972,0.9751548777550396,11712.0,0.4617721736431122,0.00020162839866739256
socofing:000422:right_middle,full_image_codec,1.0,0.002819750269637045,0.03755064694696118,25.49789353142044,0.97456196513985,10898.0,0.33741872012615204,0.00016727081138184335
socofing:000422:right_ring,full_image_codec,1.0,0.003741985679381302,0.04263616897206155,24.268978788823958,0.9641679431228772,11901.0,0.5452271699905396,0.0007418369296104986
socofing:000422:right_little,full_image_codec,1.0,0.004182504369143584,0.0432697931264185,23.785635966909812,0.9556835863578904,12152.0,0.5662985444068909,0.0004524008515018815
socofing:000424:left_thumb,full_image_codec,1.0,0.005954556097840042,0.051868180196565146,22.251506088989647,0.9289238892472966,11590.0,0.6812493726611137,0.001450319374856044
socofing:000424:left_index,full_image_codec,1.0,0.0041216813656640774,0.041427372417314,23.849255852114894,0.9430112700490909,11776.0,0.5225296318531036,0.0012800286798418771
socofing:000424:left_middle,full_image_codec,1.0,0.003512449722187512,0.039524844754561556,24.543898836086584,0.9481337441267506,11284.0,0.4147568643093109,0.0007582040223989867
socofing:000424:left_ring,full_image_codec,1.0,0.004922673113113927,0.04730797633622581,23.07799002310583,0.9459154302502967,9822.0,0.545926209539175,0.0011955778698663603
socofing:000424:left_little,full_image_codec,1.0,0.005337517113559211,0.048559954639719766,22.726607194962092,0.9357412021900253,10173.0,0.5654620975255966,0.0012065887736570362
socofing:000424:right_thumb,full_image_codec,1.0,0.006525618950083308,0.055281402396385154,21.853782895287928,0.9238808818623819,10731.0,0.497639924287796,0.001683857021837762
socofing:000424:right_index,full_image_codec,1.0,0.003214226574048359,0.036895555767678404,24.929235126409036,0.9610930067638822,12841.0,0.46413323283195496,0.00038585309611007603
socofing:000424:right_middle,full_image_codec,1.0,0.00361292086671071,0.04030370766416615,24.421415506177624,0.9612725899989342,12487.0,0.47819703817367554,0.0003894433801464621
socofing:000424:right_ring,full_image_codec,1.0,0.0038134569522472062,0.04241865880160541,24.18681151728923,0.9574560371996246,10748.0,0.4923705980181694,0.0007155787003397969
socofing:000424:right_little,full_image_codec,1.0,0.004433133559721155,0.044502913955450085,23.532891842485725,0.950401016916651,10677.0,0.6163844168186188,0.0006212928414771043
socofing:000425:left_thumb,full_image_codec,1.0,0.0022009603610455273,0.03328259326735044,26.57387778952429,0.9527950287561637,11135.0,0.32902005314826965,0.0007228112663231704
socofing:000425:left_index,full_image_codec,1.0,0.0023080716876327885,0.03389892801615675,26.367507063222682,0.9266005313911252,11144.0,0.374897837638855,0.0017334036581387303
socofing:000425:left_middle,full_image_codec,1.0,0.0023328102816530874,0.03400271183040821,26.32120579243738,0.9045018546775228,11892.0,0.30241483449935913,0.0016752243226576145
socofing:000425:left_ring,full_image_codec,1.0,0.001768027385936502,0.02836613929945762,27.525110122477244,0.9007796563225655,11796.0,0.389411062002182,0.0028644055150877108
socofing:000425:left_little,full_image_codec,1.0,0.001886475270838619,0.029673159470474324,27.2434888344402,0.9135556669176068,11090.0,0.36234143376350403,0.0024679651434980784
socofing:000425:right_thumb,full_image_codec,1.0,0.0014711321166781747,0.02368183290445353,28.32348323215506,0.9609033662273967,12937.0,0.46553605794906616,0.0004234458677327971
socofing:000425:right_index,full_image_codec,1.0,0.004121057135842292,0.041190845587019735,23.849913642162484,0.940828798281351,12385.0,0.6406311094760895,0.0012807940589364972
socofing:000425:right_middle,full_image_codec,1.0,0.0022371917297272104,0.029825227812760303,26.502967948061865,0.9560647730275275,11832.0,0.3899979293346405,0.0015431449944515146
socofing:000425:right_ring,full_image_codec,1.0,0.0018453656699853511,0.029888258299618227,27.339175629892654,0.9279809332183773,10358.0,0.3187195956707001,0.002119603442862957
socofing:000425:right_little,full_image_codec,1.0,0.002511555184310064,0.03384487617136241,26.000572750086917,0.9262303653862192,11188.0,0.3782111704349518,0.001250220389544091
socofing:000429:left_thumb,full_image_codec,1.0,0.004479372023511658,0.046062404343273834,23.48782866769701,0.958084258780369,12262.0,0.5044299066066742,0.0004134345887073534
socofing:000429:left_index,full_image_codec,1.0,0.006575989155989062,0.054902000765167824,21.82038911632543,0.9336307459306507,12159.0,0.6139539182186127,0.0013312916863071204
socofing:000429:left_middle,full_image_codec,1.0,0.007680463381419618,0.05925610626190156,21.14612577113975,0.9182315624494694,12298.0,0.6833364367485046,0.001807396340010246
socofing:000429:left_ring,full_image_codec,1.0,0.0073021322704408895,0.05972040107674581,21.365503045275783,0.9172601528291231,11685.0,0.5387192070484161,0.002667683888235879
socofing:000429:left_little,full_image_codec,1.0,0.0055698812770643156,0.05139854463870276,22.541540617859393,0.9326867742148692,12250.0,0.5553421676158905,0.0011138341676192938
socofing:000429:right_thumb,full_image_codec,1.0,0.0038593010079540553,0.042455405436831274,24.13491347110049,0.9605981129476014,12465.0,0.5908359736204147,0.0002659088637613088
socofing:000429:right_index,full_image_codec,1.0,0.005661802827525371,0.05229245272166213,22.47045259027565,0.939793547445967,12307.0,0.6138487458229065,0.0011735759899890541
socofing:000429:right_middle,full_image_codec,1.0,0.005710386292587517,0.05125629163360355,22.43334511882942,0.9165961104135028,12375.0,0.5552350580692291,0.0013758876108785308
socofing:000429:right_ring,full_image_codec,1.0,0.006461224838338445,0.05557070989353344,21.896851460747143,0.9234881233961237,11665.0,0.760124072432518,0.0013337665378212943
socofing:000429:right_little,full_image_codec,1.0,0.004998511592673954,0.04953952298776552,23.011592963278467,0.9394746449617299,8869.0,0.4799140393733978,0.0012639598973967947
socofing:000444:left_thumb,full_image_codec,1.0,0.004711994218759919,0.04442951469927536,23.26795251065226,0.9623156109868201,11652.0,0.5949061214923859,0.0003835709809372844
socofing:000444:left_index,full_image_codec,1.0,0.004209713579443846,0.042617130359727536,23.757474516936902,0.9533815999001688,11122.0,0.49417179822921753,0.0006826267487699751
socofing:000444:left_middle,full_image_codec,1.0,0.0034231013339129693,0.040194631429479336,24.655802442720468,0.9480765807417221,12285.0,0.5366531535983086,0.0003712539925630632
socofing:000444:left_ring,full_image_codec,1.0,0.004085089933416804,0.04390688876922407,23.88798378016088,0.958055581286299,9846.0,0.5230566561222076,0.00044911397720424516
socofing:000444:left_little,full_image_codec,1.0,0.003080535911439978,0.03772436304372301,25.113737240400855,0.970182128357086,9781.0,0.6315178126096725,0.0003149095359754076
socofing:000444:right_thumb,full_image_codec,1.0,0.002733181072986622,0.032830021220692736,25.63331595386029,0.9655736183150686,11895.0,0.5716421529650688,0.0004511820526761645
socofing:000444:right_index,full_image_codec,1.0,0.002872469253663125,0.03461768970808613,25.41744611216146,0.9576299976982366,11638.0,0.6801362931728363,0.0004862931926417736
socofing:000444:right_middle,full_image_codec,1.0,0.003519244618046851,0.04011420384289094,24.535505448795956,0.9567681405104057,12240.0,0.5640471875667572,0.00039242330180687954
socofing:000444:right_ring,full_image_codec,1.0,0.00460415512138264,0.04490469747825722,23.368500527169594,0.9495122683921885,11616.0,0.6067298650741577,0.00040082392902419207
socofing:000444:right_little,full_image_codec,1.0,0.0027245390826392394,0.03573673369243548,25.647069579001474,0.9695230154533869,10327.0,0.3976221904158592,0.00018953534533191382
socofing:000448:left_thumb,full_image_codec,1.0,0.0021979394703244503,0.03164012691862982,26.579842719061823,0.9785203739447478,11816.0,0.4140544533729553,0.00012082564288040693
socofing:000448:left_index,full_image_codec,1.0,0.0018949468419056186,0.028322144707719328,27.224029685934653,0.9779341475901823,11795.0,0.4910672828555107,8.075009304945041e-05
socofing:000448:left_middle,full_image_codec,1.0,0.0017923112107437378,0.029824339940805328,27.465865787286216,0.9844315498753609,12375.0,0.32402274012565613,3.7439452016488935e-05
socofing:000448:left_ring,full_image_codec,1.0,0.0022652872604849565,0.03229182419397371,26.448767173893234,0.9794024825774156,9918.0,0.42511388659477234,0.00014779330127816462
socofing:000448:left_little,full_image_codec,1.0,0.002216921659089047,0.03274100141286556,26.542496535821627,0.9799084998929121,11959.0,0.3897901177406311,0.00014551052088673948
socofing:000448:right_thumb,full_image_codec,1.0,0.0035285843609493025,0.04087521760680802,24.523994950480976,0.9561480053718573,12664.0,0.40771955251693726,0.00043495760003038093
socofing:000448:right_index,full_image_codec,1.0,0.0023399367665372325,0.03366266385596945,26.30795878621912,0.9792094879263511,12169.0,0.3859517574310303,0.00012465860586675096
socofing:000448:right_middle,full_image_codec,1.0,0.0033372950191911024,0.03869793378037443,24.766053997151786,0.9685906973762428,12023.0,0.45757560431957245,0.00012331268515029922
socofing:000448:right_ring,full_image_codec,1.0,0.0025507873609128253,0.03462151404712965,25.933257435976785,0.976377956360171,12545.0,0.4541577994823456,8.849008547104731e-05
socofing:000448:right_little,full_image_codec,1.0,0.002646928073266539,0.03456619389161356,25.772578599105355,0.9794372519606312,11897.0,0.4458770155906677,0.00010530037160025279
socofing:000449:left_thumb,full_image_codec,1.0,0.0025556435885905845,0.03576379115833994,25.92499713229314,0.9170114502742585,11681.0,0.31724420189857483,0.003539152511219208
socofing:000449:left_index,full_image_codec,1.0,0.0027080715365551252,0.0350305602459134,25.67339867490292,0.8997622289846172,10659.0,0.4003356695175171,0.004013154003784185
socofing:000449:left_middle,full_image_codec,1.0,0.0035933321769518255,0.04227620044810148,24.445026336305908,0.9135479151598801,10941.0,0.4510124921798706,0.0031646329170909996
socofing:000449:left_ring,full_image_codec,1.0,0.002900050300079597,0.03644113077479563,25.3759446939154,0.8828560215560941,8635.0,0.36108091473579407,0.007805156032934888
socofing:000449:left_little,full_image_codec,1.0,0.0022760406787763325,0.03145843642694342,26.42819980233813,0.8682163959756216,8904.0,0.3322526216506958,0.007226424677853713
socofing:000449:right_thumb,full_image_codec,1.0,0.0012275186014326879,0.021083038324526567,29.109719179924788,0.9491986256995076,11982.0,0.3236641585826874,0.002633077404865693
socofing:000449:right_index,full_image_codec,1.0,0.002421119079883012,0.030257201094435377,26.15983849771696,0.9430663069314352,10225.0,0.41856589913368225,0.0020465407819453075
socofing:000449:right_middle,full_image_codec,1.0,0.003169643066036602,0.03880058069318676,24.989896409931255,0.919718307428022,12094.0,0.5732176229357719,0.002493120697863448
socofing:000449:right_ring,full_image_codec,1.0,0.002219995853625364,0.03165073249258438,26.536478366976972,0.8894874447247614,8997.0,0.37621861696243286,0.00672925700662072
socofing:000449:right_little,full_image_codec,1.0,0.002830784716324508,0.03642647957589051,25.480931578575976,0.9032117237462803,8068.0,0.3776461184024811,0.00454059856112658
socofing:000472:left_thumb,full_image_codec,1.0,0.002116529755091161,0.032563323855960315,26.743756216472995,0.9340535536179251,11916.0,0.36335355043411255,0.001577077631195911
socofing:000472:left_index,full_image_codec,1.0,0.0016928396797409066,0.028641260945134694,27.71384169771,0.9213137554392268,11700.0,0.3347508907318115,0.0012708611516000076
socofing:000472:left_middle,full_image_codec,1.0,0.0019890926661659675,0.03143894210118616,27.013449838604373,0.9296836552959908,9709.0,0.33389991521835327,0.0014814709016234373
socofing:000472:left_ring,full_image_codec,1.0,0.002499112588044979,0.03494077739922076,26.022141779410866,0.9065838642002402,9785.0,0.41036415100097656,0.0015554563347972086
socofing:000472:left_little,full_image_codec,1.0,0.0021819760029921447,0.032681265348289995,26.6115003001963,0.9462195855725398,9388.0,0.29266512393951416,0.0011427692117024228
socofing:000472:right_thumb,full_image_codec,1.0,0.0011360342303813953,0.02126342628310333,29.446085824966698,0.9667771412846687,12230.0,0.3507936894893646,0.0005088337221853931
socofing:000472:right_index,full_image_codec,1.0,0.0018515097221128952,0.02761799626044925,27.32474003166849,0.9591515028674937,11494.0,0.4924772083759308,0.0005035711463330638
socofing:000472:right_middle,full_image_codec,1.0,0.002199179021582066,0.03233349636679059,26.577394159686087,0.9696889406594288,10280.0,0.5013789385557175,0.000318020029361944
socofing:000472:right_ring,full_image_codec,1.0,0.0020346465490905237,0.03186541076043742,26.9151102384009,0.9349875303646011,10102.0,0.6191006749868393,0.0013348562638273664
socofing:000472:right_little,full_image_codec,1.0,0.00215474610523944,0.03262722317842727,26.666038956144025,0.9548410125900093,10058.0,0.48355989158153534,0.0008187129961744966
socofing:000484:left_thumb,full_image_codec,1.0,0.0034047118736631934,0.04010567414306256,24.679196346976568,0.9757242656907107,11107.0,0.6360766887664795,0.00027172578299115445
socofing:000484:left_index,full_image_codec,1.0,0.0035285918031805427,0.03943603733666325,24.523985790670064,0.9630780531583635,10642.0,0.5372862219810486,0.0013263934714138551
socofing:000484:left_middle,full_image_codec,1.0,0.0037858434749743495,0.039480950174949056,24.218373458292135,0.9466843696663529,9347.0,0.5053660273551941,0.0022127286795166432
socofing:000484:left_ring,full_image_codec,1.0,0.00328032465926112,0.03692086634522906,24.8408317130418,0.9507336960283973,9305.0,0.5089325904846191,0.0021429235300989505
socofing:000484:left_little,full_image_codec,1.0,0.005849175241807454,0.050855070850663965,22.32905366940681,0.9132208700561087,7649.0,0.6536338031291962,0.002701238594589942
socofing:000484:right_thumb,full_image_codec,1.0,0.0034664755627900777,0.04087099370338973,24.60111857049756,0.9672316201510622,12463.0,0.5729559510946274,0.00038148854981294157
socofing:000484:right_index,full_image_codec,1.0,0.003988126542408393,0.04149524152192331,23.992310700700607,0.9492446395010097,11253.0,0.5360209941864014,0.001114676136376856
socofing:000484:right_middle,full_image_codec,1.0,0.0036501831484800785,0.040318267852873416,24.376853442068793,0.9519150890273501,11840.0,0.489952027797699,0.0013161031317775232
socofing:000484:right_ring,full_image_codec,1.0,0.0027641824838353273,0.03374611561108214,25.584332894068588,0.9407707689183127,9860.0,0.4924006387591362,0.0014388830356412898
socofing:000484:right_little,full_image_codec,1.0,0.004448672861818632,0.04248366357409067,23.517695294128135,0.9290462328946789,9916.0,0.6176473796367645,0.003859004669390893
socofing:000493:left_thumb,full_image_codec,1.0,0.005071364617113128,0.046837465904752185,22.948751637555,0.9490100289659738,11802.0,0.5943086445331573,0.001192801559993869
socofing:000493:left_index,full_image_codec,1.0,0.0038641651862468024,0.039457529275918064,24.129443165365437,0.948990130855582,11488.0,0.4982059597969055,0.002002375184702254
socofing:000493:left_middle,full_image_codec,1.0,0.0024213441299095295,0.029900873663245463,26.159434827186058,0.9346872345639918,11981.0,0.48199593648314476,0.0026477284344323124
socofing:000493:left_ring,full_image_codec,1.0,0.003672013435512158,0.04283188370949568,24.350957384299136,0.9172352446284272,10677.0,0.4019063413143158,0.007085839425782304
socofing:000493:left_little,full_image_codec,1.0,0.004816551193676138,0.04834307007573405,23.172638193676637,0.903304461838202,8469.0,0.5123005360364914,0.006254864295005516
socofing:000493:right_thumb,full_image_codec,1.0,0.0033888189176591826,0.03880232029407929,24.699516371710327,0.9638987013046713,11652.0,0.6845116317272186,0.0004796826658862798
socofing:000493:right_index,full_image_codec,1.0,0.005664736898451004,0.04903787117866155,22.46820256357403,0.9343493841259299,11583.0,0.8018480464816093,0.0027258369949121858
socofing:000493:right_middle,full_image_codec,1.0,0.00363488503702308,0.03850843790054029,24.39509320314171,0.9418635302860506,11927.0,0.5776577442884445,0.002097475511068579
socofing:000493:right_ring,full_image_codec,1.0,0.006774692814899384,0.05606022076527012,21.69110392234908,0.9227630293483691,11291.0,0.6464564502239227,0.006136682221495252
socofing:000493:right_little,full_image_codec,1.0,0.006329059260751363,0.0519520342673288,21.986608378857596,0.928558349010221,8945.0,0.5543381869792938,0.005759823536603557
socofing:000496:left_thumb,full_image_codec,1.0,0.003965796662367731,0.0434047296849977,24.016695570685705,0.9527412574703211,12038.0,0.5631138533353806,0.0015848080130551369
socofing:000496:left_index,full_image_codec,1.0,0.004475143223129579,0.04483191012499975,23.491930609023708,0.944014937684288,11505.0,0.5029607266187668,0.0014547033591033203
socofing:000496:left_middle,full_image_codec,1.0,0.006792191852070645,0.057001828680829515,21.679900555204522,0.9204508131988611,12629.0,0.5205281376838684,0.003555992364119337
socofing:000496:left_ring,full_image_codec,1.0,0.006942574706148236,0.056534591126938136,21.584794382909376,0.9026996486788499,10897.0,0.5959842186421156,0.00419239188894049
socofing:000496:left_little,full_image_codec,1.0,0.004562376040794189,0.04583188785904011,23.40808922103776,0.9288930059545317,11387.0,0.48375824093818665,0.0021303711443279175
socofing:000496:right_thumb,full_image_codec,1.0,0.0034707275248808058,0.04060920043568783,24.59579479986214,0.9652427682248045,12188.0,0.4935900568962097,0.000442943891074062
socofing:000496:right_index,full_image_codec,1.0,0.003184865346273855,0.037965439652652685,24.96908924586542,0.959360359008827,11129.0,0.4514239728450775,0.0008679988701970807
socofing:000496:right_middle,full_image_codec,1.0,0.0034016265441627115,0.03922911203805322,24.683133681814873,0.936684490469822,12559.0,0.5404170453548431,0.0020920672128151613
socofing:000496:right_ring,full_image_codec,1.0,0.005325321368658389,0.04802878714519786,22.736541786077943,0.9204176757346231,11383.0,0.669628232717514,0.0031199201304270424
socofing:000496:right_little,full_image_codec,1.0,0.004588966337555037,0.045023851754838105,23.38285128068626,0.9400212895838345,9814.0,0.4928313419222832,0.0014407799874423092
socofing:000503:left_thumb,full_image_codec,1.0,0.004233352678665634,0.04231964892102615,23.733155491451534,0.952377626414266,8446.0,0.5389672964811325,0.0013618416370144114
socofing:000503:left_index,full_image_codec,1.0,0.003395472323888065,0.03865131214810072,24.690998050681472,0.9537355351756067,10212.0,0.4244663715362549,0.0010862590780426906
socofing:000503:left_middle,full_image_codec,1.0,0.0027476427316464594,0.034223843986299025,25.61039738046823,0.9507984652916851,10446.0,0.49626097083091736,0.0017077461961046017
socofing:000503:left_ring,full_image_codec,1.0,0.0030698781136281996,0.03786278966343859,25.128788673988836,0.9632133725345736,9491.0,0.4409645199775696,0.0008155598101571245
socofing:000503:left_little,full_image_codec,1.0,0.004040741174182007,0.04303094273791981,23.935389669848455,0.9507790344195489,8086.0,0.4423791468143463,0.0017381000613460754
socofing:000503:right_thumb,full_image_codec,1.0,0.003149434746745784,0.031956785125517376,25.01767385384218,0.926770094001401,11597.0,0.6118996143341064,0.0033304690018297117
socofing:000503:right_index,full_image_codec,1.0,0.0035152003857828315,0.03613921186411964,24.540499127610293,0.9456329129542539,10334.0,0.7213819473981857,0.0017499801881686041
socofing:000503:right_middle,full_image_codec,1.0,0.003345416924730372,0.03843023036438444,24.75549750294832,0.9505172537168797,9221.0,0.5365097522735596,0.0011193590235045487
socofing:000503:right_ring,full_image_codec,1.0,0.003713841233551042,0.03848607183034594,24.301766662576565,0.9382926652686211,11053.0,0.5432217568159103,0.0019136460096241769
socofing:000503:right_little,full_image_codec,1.0,0.004108630162411629,0.04046863534318911,23.863029499166714,0.9611773764078744,6833.0,0.658226303756237,0.0013837923028603297
socofing:000504:left_thumb,full_image_codec,1.0,0.0035369788460471677,0.04065703791747512,24.5136753760466,0.9620965637035915,11223.0,0.516969233751297,0.0008163752227429641
socofing:000504:left_index,full_image_codec,1.0,0.003973800180424173,0.0403184123706757,24.00793974851007,0.9416104625965509,11577.0,0.5778181254863739,0.0007907805464102939
socofing:000504:left_middle,full_image_codec,1.0,0.003941337343561229,0.04203305568869753,24.04356391783181,0.9468896228394307,11710.0,0.4661339968442917,0.0007064149708862454
socofing:000504:left_ring,full_image_codec,1.0,0.004617659309879179,0.04633067135449662,23.35578112410095,0.9445726185996827,10940.0,0.49933046102523804,0.0017727417227215946
socofing:000504:left_little,full_image_codec,1.0,0.0046499010898930606,0.04679515132655791,23.325562850822,0.9449413893722425,10087.0,0.5003124475479126,0.0010667094265580284
socofing:000504:right_thumb,full_image_codec,1.0,0.005457768759119323,0.0498328897534203,22.62984868953028,0.9446083669220475,12104.0,0.6342869699001312,0.0018479591387610347
socofing:000504:right_index,full_image_codec,1.0,0.002221405356747244,0.03126193125381499,26.533721851996166,0.9652812762262559,12124.0,0.37681031227111816,0.0003931004788164918
socofing:000504:right_middle,full_image_codec,1.0,0.003908083803690515,0.04176316327649793,24.080361319824036,0.9489291743746586,11976.0,0.7849009931087494,0.001221719812636532
socofing:000504:right_ring,full_image_codec,1.0,0.004777659491291227,0.045771202507188476,23.207848060978513,0.9447704859009752,11516.0,0.5239581763744354,0.0013936073664160404
socofing:000504:right_little,full_image_codec,1.0,0.003959575011252828,0.043346860073284185,24.023514252291726,0.9551360369914149,10039.0,0.5597983002662659,0.0011310293573273448
socofing:000509:left_thumb,full_image_codec,1.0,0.0034515249416342654,0.041442372632200505,24.61988983937274,0.9298824856847298,10561.0,0.5014998614788055,0.0013013944604725282
socofing:000509:left_index,full_image_codec,1.0,0.0028238349423278524,0.03650964634470593,25.49160692085949,0.9266369707163686,10810.0,0.3933441638946533,0.00204689130883253
socofing:000509:left_middle,full_image_codec,1.0,0.0021419547432639133,0.0317788094845252,26.691897094884723,0.9251612084173366,9209.0,0.33817869424819946,0.0012810512302306744
socofing:000509:left_ring,full_image_codec,1.0,0.0023872440767108115,0.03482211804369696,26.221031755681956,0.8974259209115976,10004.0,0.29167670011520386,0.0027099755498874215
socofing:000509:left_little,full_image_codec,1.0,0.002107493412623696,0.03141766707943977,26.762337741720934,0.8912194154610559,9987.0,0.42302483320236206,0.0026012273893999066
socofing:000509:right_thumb,full_image_codec,1.0,0.0015709043107491895,0.02271080667842461,28.03850268543272,0.9463036517395655,12503.0,0.4177882671356201,0.0012255578197232816
socofing:000509:right_index,full_image_codec,1.0,0.0021409962179766455,0.02938923732316273,26.69384099876661,0.9479019668967366,9964.0,0.3810737431049347,0.0010309651560361504
socofing:000509:right_middle,full_image_codec,1.0,0.0025802015535874023,0.03565003820983144,25.88346367605815,0.9217045942349101,10924.0,0.3425329923629761,0.0008952402523565629
socofing:000509:right_ring,full_image_codec,1.0,0.003499773292597838,0.0415610983179186,24.559600873533334,0.9241485745107675,9070.0,0.40250444412231445,0.0017527442759097819
socofing:000509:right_little,full_image_codec,1.0,0.0026487757324130433,0.035835630808860444,25.7695481116243,0.9390903297054284,7385.0,0.40510648488998413,0.0015489383419698094
socofing:000511:left_thumb,full_image_codec,1.0,0.002248281661916334,0.03332625261975752,26.481492818247766,0.9475353041812721,10770.0,0.35657554864883423,0.0004609013788702762
socofing:000511:left_index,full_image_codec,1.0,0.0020708883708028154,0.03160000745954551,26.83843310691755,0.938353763509317,10461.0,0.41058459877967834,0.001375531318106857
socofing:000511:left_middle,full_image_codec,1.0,0.0041083888258692195,0.043964582304044354,23.863284606593943,0.9230042055079137,9272.0,0.501581221818924,0.003486221457196608
socofing:000511:left_ring,full_image_codec,1.0,0.0029974951129189847,0.03608405434950402,25.232415162971865,0.9491164857970804,12176.0,0.4446336030960083,0.0006218743375418405
socofing:000511:left_little,full_image_codec,1.0,0.0023620135045491716,0.033106714441043385,26.267176236850702,0.948347406638603,11168.0,0.42866986244916916,0.0010620580957345202
socofing:000511:right_thumb,full_image_codec,1.0,0.0028240419881187125,0.03525573024015357,25.491288504415156,0.963730193187311,9443.0,0.46330296248197556,0.0005640899326738015
socofing:000511:right_index,full_image_codec,1.0,0.0014363280394469695,0.02198855092697706,28.427463613111783,0.9407476531452686,12165.0,0.4828251898288727,0.0027066953551160536
socofing:000511:right_middle,full_image_codec,1.0,0.001820302932223942,0.026133079130845012,27.398563313305967,0.9365881071843128,10837.0,0.47421392798423767,0.0013510196558414905
socofing:000511:right_ring,full_image_codec,1.0,0.002121838018103123,0.030316706787063937,26.732877733701656,0.9086188194928645,9256.0,0.33702635765075684,0.003894260268404538
socofing:000511:right_little,full_image_codec,1.0,0.002032552535746067,0.03127331752140128,26.91958220302282,0.9219844489358897,7355.0,0.27992045879364014,0.0024917733349431597
socofing:000522:left_thumb,full_image_codec,1.0,0.005043479729810853,0.046920446554954025,22.97269720299993,0.936033685057515,11097.0,0.5888028144836426,0.002455380741705421
socofing:000522:left_index,full_image_codec,1.0,0.0053645202124766094,0.04779694834605851,22.7046911403197,0.9328357101740989,11817.0,0.6194912791252136,0.0016420530587667806
socofing:000522:left_middle,full_image_codec,1.0,0.007976245360160467,0.059724005717712275,20.982014950017156,0.9112851093966756,12229.0,0.6040564179420471,0.0022954574884494617
socofing:000522:left_ring,full_image_codec,1.0,0.004352801295307708,0.04490324912490793,23.61231157864671,0.9556604928143154,11690.0,0.46988312900066376,0.0006482545221863855
socofing:000522:left_little,full_image_codec,1.0,0.005358673058682939,0.048993585824843255,22.709427391574145,0.9373803754328361,10918.0,0.5022568553686142,0.0011900696473957553
socofing:000522:right_thumb,full_image_codec,1.0,0.003620752212338915,0.039414777621856426,24.412011952868472,0.9382912112429014,12495.0,0.5877344459295273,0.0020733890548261585
socofing:000522:right_index,full_image_codec,1.0,0.003988976228880879,0.04346125728368819,23.991385517314296,0.9579445209940802,12293.0,0.6475940346717834,0.0005334613658162935
socofing:000522:right_middle,full_image_codec,1.0,0.004823741930909606,0.046173757020434865,23.166159349018866,0.9344320646418728,12248.0,0.5767844617366791,0.0016376531838041544
socofing:000522:right_ring,full_image_codec,1.0,0.004641562148065006,0.04728965353601028,23.333358301980653,0.9147565711035084,11705.0,0.5326534360647202,0.0022552380559379926
socofing:000522:right_little,full_image_codec,1.0,0.005322754595950578,0.04987598173721209,22.73863556386202,0.9075008338574829,10407.0,0.6333053112030029,0.002289148994352511
socofing:000524:left_thumb,full_image_codec,1.0,0.0027895568252443155,0.036294586876075376,25.544647872779265,0.9782453094363684,11881.0,0.541108638048172,0.0001681010637183724
socofing:000524:left_index,full_image_codec,1.0,0.003235712380543639,0.03786323760989628,24.900300893756665,0.9643418873130708,10373.0,0.5631407797336578,0.0005704517703667472
socofing:000524:left_middle,full_image_codec,1.0,0.0023166980404815303,0.03450872783368578,26.351305686695156,0.9397073602203786,11998.0,0.27845486998558044,0.0029627416803691014
socofing:000524:left_ring,full_image_codec,1.0,0.003071965591340642,0.03917921910536695,25.125836530853753,0.9305984358271006,10773.0,0.40248164534568787,0.003943499336777068
socofing:000524:left_little,full_image_codec,1.0,0.003198552550532742,0.039707525357744855,24.95046509658343,0.9348581312276348,8359.0,0.40785621106624603,0.0038050304838005418
socofing:000524:right_thumb,full_image_codec,1.0,0.002670894069791425,0.03610520614863502,25.733433361708165,0.9751909961245654,12358.0,0.36392544209957123,0.00032532738201422785
socofing:000524:right_index,full_image_codec,1.0,0.0035089979516000997,0.03980882026792564,24.548168853066894,0.9516143000543296,11406.0,0.4399368166923523,0.001373502519432028
socofing:000524:right_middle,full_image_codec,1.0,0.0032750779657470235,0.03714262668141958,24.84778356835351,0.9449959944475519,12508.0,0.61018405854702,0.0014188405095962333
socofing:000524:right_ring,full_image_codec,1.0,0.004196858897883569,0.04198818693697877,23.770756319085198,0.9426015486267577,11060.0,0.4966054856777191,0.002334861111568121
socofing:000524:right_little,full_image_codec,1.0,0.00569398284004685,0.04863139174778947,22.44583846020148,0.9315632871705791,9402.0,0.6937234848737717,0.0017116615072091544
socofing:000527:left_thumb,full_image_codec,1.0,0.0035064702616634997,0.04180656408527191,24.551298399964008,0.9528215661326477,10867.0,0.39493003487586975,0.0005494450901227638
socofing:000527:left_index,full_image_codec,1.0,0.002696960661494604,0.0361207449455139,25.691253882228295,0.9652033936104639,9003.0,0.3856673240661621,0.00043386349973933335
socofing:000527:left_middle,full_image_codec,1.0,0.00305744131115342,0.03903564539594113,25.146418706733108,0.960109525901128,10039.0,0.4824454188346863,0.0004927460547294913
socofing:000527:left_ring,full_image_codec,1.0,0.0035547245178823906,0.04165349688492986,24.49194050348936,0.9556929110919666,10192.0,0.7036919593811035,0.0008962041030089518
socofing:000527:left_little,full_image_codec,1.0,0.0031740753181195482,0.03903072909361968,24.983827720185964,0.955397503810368,8015.0,0.625499814748764,0.0007221062171270807
socofing:000527:right_thumb,full_image_codec,1.0,0.0027763368105064965,0.034934345775809485,25.565278487101914,0.9611886222622723,12148.0,0.45758673548698425,0.0004110684057103909
socofing:000527:right_index,full_image_codec,1.0,0.0024157604302443925,0.03396857043545741,26.169461366824073,0.9674862467975138,11207.0,0.31239137053489685,0.0002614437976148757
socofing:000527:right_middle,full_image_codec,1.0,0.0020494721912989026,0.031786401293225984,26.883579701249232,0.968124411546251,11560.0,0.3331543207168579,0.00020016239979768057
socofing:000527:right_ring,full_image_codec,1.0,0.002503026216379193,0.03591277389617444,26.015346016226225,0.9650210210360572,9824.0,0.42453452944755554,0.00045360995009741464
socofing:000527:right_little,full_image_codec,1.0,0.004297022922451329,0.04483628318455718,23.668323295677673,0.9463911347244874,8352.0,0.5298324227333069,0.000992480931751334
socofing:000528:left_thumb,full_image_codec,1.0,0.004470576816339053,0.04512467813981036,23.496364383912145,0.9540324912493312,11273.0,0.5238254368305206,0.0005590108130855506
socofing:000528:left_index,full_image_codec,1.0,0.004475220313832879,0.04429969297347514,23.491855796270208,0.9581924949425206,10759.0,0.5539177656173706,0.00044287150852873015
socofing:000528:left_middle,full_image_codec,1.0,0.004479846557956495,0.04390522141306881,23.487368610406996,0.9596439612412341,10262.0,0.6863870918750763,0.00041296320450881735
socofing:000528:left_ring,full_image_codec,1.0,0.005525147992154765,0.04931991228741205,22.576560848255845,0.933271352783034,10803.0,0.6096642911434174,0.0004208719282544966
socofing:000528:left_little,full_image_codec,1.0,0.005561436048671849,0.0504943005235382,22.548130523951656,0.9338401642359045,7867.0,0.6733275353908539,0.0017623591201090748
socofing:000528:right_thumb,full_image_codec,1.0,0.003385318767324265,0.03947535907225117,24.704004311525694,0.9659859620051985,11840.0,0.5098783895373344,0.00048135443795003054
socofing:000528:right_index,full_image_codec,1.0,0.0024794182431834215,0.03336147303251013,26.056502076469954,0.9574171373991756,11800.0,0.44129717350006104,0.0007027870761476515
socofing:000528:right_middle,full_image_codec,1.0,0.0022896313745604585,0.032334693728607734,26.40234432455227,0.9635848317932567,9277.0,0.349374383687973,0.00034279653119528977
socofing:000528:right_ring,full_image_codec,1.0,0.0033832910079893436,0.038827567336058806,24.70660645508357,0.9654873738083187,10370.0,0.5625805556774139,0.0006707881532686961
socofing:000528:right_little,full_image_codec,1.0,0.004225234007287875,0.04442965325187749,23.741492333984194,0.9582852065650335,8726.0,0.621574155986309,0.0008640237719963445
socofing:000530:left_thumb,full_image_codec,1.0,0.004891461974636723,0.04736421326756659,23.105613182539976,0.908091006101581,9779.0,0.4973534196615219,0.002915799262764696
socofing:000530:left_index,full_image_codec,1.0,0.006386646184841567,0.05549360831316901,21.947271427471602,0.9137048338426551,9911.0,0.5064331740140915,0.0020443612319383736
socofing:000530:left_middle,full_image_codec,1.0,0.008283964214067557,0.06329590090458956,20.81761785885123,0.8870386492137934,11773.0,0.6802292764186859,0.005577792791045679
socofing:000530:left_ring,full_image_codec,1.0,0.007006037246937453,0.05891823118092653,21.54527558126462,0.892020938727424,10125.0,0.5908147022128105,0.004984509907569167
socofing:000530:left_little,full_image_codec,1.0,0.006255873749316772,0.055141187389627734,22.037120244188486,0.906475166770069,8973.0,0.5396714806556702,0.004420350158182664
socofing:000530:right_thumb,full_image_codec,1.0,0.0053046708639789015,0.050463264545767265,22.753415573596598,0.9324698502921709,12147.0,0.6156996339559555,0.001464540532809324
socofing:000530:right_index,full_image_codec,1.0,0.005997799194324857,0.05306478343125024,22.220080784658723,0.9157769186054975,12075.0,0.49405333399772644,0.003363557829951127
socofing:000530:right_middle,full_image_codec,1.0,0.006014790811982807,0.05235476328272459,22.20779472360936,0.9166838178841417,11355.0,0.7015288919210434,0.0034381754560776465
socofing:000530:right_ring,full_image_codec,1.0,0.007947712520987887,0.0638224661368669,20.997578502696456,0.8988220647003857,9506.0,0.640240952372551,0.005929159781389371
socofing:000530:right_little,full_image_codec,1.0,0.00788491437146592,0.061621657836542394,21.032030186574335,0.8877419127135654,8983.0,0.5745237767696381,0.007678636182106581
socofing:000531:left_thumb,full_image_codec,1.0,0.0051846876456765585,0.048157418628380605,22.852774027937937,0.9531143570084714,12144.0,0.6304327696561813,0.0007146279429011076
socofing:000531:left_index,full_image_codec,1.0,0.0038389955312213004,0.04081992352194956,24.157823934223345,0.9639924240880092,10203.0,0.5013557970523834,0.0003093930813575081
socofing:000531:left_middle,full_image_codec,1.0,0.0036806025663969994,0.04160068406685779,24.34081075392037,0.9618713001373451,11870.0,0.521518886089325,0.0002295355939923414
socofing:000531:left_ring,full_image_codec,1.0,0.004417422850403943,0.04485411837993701,23.548310266398587,0.9497440053992627,10033.0,0.5274055004119873,0.0015797147207900054
socofing:000531:left_little,full_image_codec,1.0,0.0042674417305313,0.043869917755919044,23.698324002147494,0.9618955070445673,8475.0,0.5866766273975372,0.0005789387829846326
socofing:000531:right_thumb,full_image_codec,1.0,0.005109823654405465,0.048660713931139236,22.915940875835123,0.9605007137088729,9552.0,0.6013530194759369,0.0007577103603147458
socofing:000531:right_index,full_image_codec,1.0,0.0026858690719699296,0.03345775834319246,25.709151616996465,0.9729052452818476,11762.0,0.5186830163002014,0.00014549953418926232
socofing:000531:right_middle,full_image_codec,1.0,0.0023948757834733724,0.03271978050982183,26.207170074899572,0.9752570103848135,11609.0,0.5002944767475128,9.72489593141033e-05
socofing:000531:right_ring,full_image_codec,1.0,0.002783571049700837,0.0351376605447097,25.553976889971683,0.9707005759992122,10427.0,0.4975354000926018,0.0003790712226680658
socofing:000531:right_little,full_image_codec,1.0,0.0044888030697470185,0.04424173721819757,23.478694473045692,0.961327124370895,8087.0,0.6065052151679993,0.0028613387644812385
socofing:000540:left_thumb,full_image_codec,1.0,0.0037479942972281997,0.042774766929413295,24.26201078585809,0.959921130480836,11602.0,0.46041546761989594,0.0009710997592754752
socofing:000540:left_index,full_image_codec,1.0,0.0031951920485013005,0.037308474171258356,24.95503033249632,0.9397242881399563,10871.0,0.4980028569698334,0.0011613903486063734
socofing:000540:left_middle,full_image_codec,1.0,0.0040208035191477065,0.04372843994900625,23.956871486416304,0.9383612445971076,10885.0,0.4151099920272827,0.0015563488409841956
socofing:000540:left_ring,full_image_codec,1.0,0.004786294176946685,0.0461973587522971,23.200006121374646,0.9208958755979492,10759.0,0.6339316219091415,0.0027499546031805044
socofing:000540:left_little,full_image_codec,1.0,0.006334411232571475,0.05271563061558132,21.98293745473235,0.876070860968063,9246.0,0.5810262858867645,0.0065928293614423705
socofing:000540:right_thumb,full_image_codec,1.0,0.0038883454438241654,0.04248724490752081,24.102351589509325,0.9592478958940295,11247.0,0.45201659202575684,0.0004939350787547033
socofing:000540:right_index,full_image_codec,1.0,0.0050581468678023425,0.048013175053955734,22.960085646811933,0.9430279088115113,11015.0,0.6272638142108917,0.001417314141129136
socofing:000540:right_middle,full_image_codec,1.0,0.00443873106910748,0.04524982140099508,23.527411669234326,0.9461966843975276,10117.0,0.5133080184459686,0.0008093341717340512
socofing:000540:right_ring,full_image_codec,1.0,0.006122021830121955,0.05303109750028869,22.131051261133003,0.9148023861536175,11000.0,0.607108049094677,0.0021688692370219207
socofing:000540:right_little,full_image_codec,1.0,0.004622796388594072,0.04514168270044323,23.35095234672974,0.9207671974142819,10140.0,0.5005475580692291,0.002256628855382506
socofing:000545:left_thumb,full_image_codec,1.0,0.005224494164592331,0.04601553456679199,22.819557515634614,0.9380173898019898,9042.0,0.6858473867177963,0.002063409671171442
socofing:000545:left_index,full_image_codec,1.0,0.0029929837332905275,0.036085298024324614,25.23895643521105,0.9622345331431261,9193.0,0.5113120675086975,0.0003353023269164438
socofing:000545:left_middle,full_image_codec,1.0,0.005308244531824026,0.04921060855982243,22.75049078954609,0.943598002305209,10360.0,0.6009198278188705,0.0009973995113386255
socofing:000545:left_ring,full_image_codec,1.0,0.004450706716230951,0.045383195238111414,23.51571023043713,0.953487322979353,8839.0,0.5586599707603455,0.0009563648070396576
socofing:000545:left_little,full_image_codec,1.0,0.006481072108066752,0.05273382598347116,21.883531465824486,0.9341904191066442,5724.0,0.5780974924564362,0.003984037928243172
socofing:000545:right_thumb,full_image_codec,1.0,0.003642738416984329,0.041271057134989554,24.385720140831157,0.960804012698497,12367.0,0.46379444003105164,0.0007217668974249555
socofing:000545:right_index,full_image_codec,1.0,0.0022905930526773343,0.02962184827054102,26.40052060821567,0.9462479117558871,11101.0,0.43470436334609985,0.0012780292553333016
socofing:000545:right_middle,full_image_codec,1.0,0.002218213664811205,0.0293577404363726,26.539966236605864,0.9486431219582553,11248.0,0.4159199595451355,0.0010397950683586215
socofing:000545:right_ring,full_image_codec,1.0,0.0032504917985096177,0.03720068570408544,24.880509254148436,0.9543680611635378,8704.0,0.5355156511068344,0.0018196770103572958
socofing:000545:right_little,full_image_codec,1.0,0.005453658186154168,0.047081216479995136,22.633120854114498,0.929817860175927,5070.0,0.49006131291389465,0.003477378587630335
socofing:000553:left_thumb,full_image_codec,1.0,0.004229614290190589,0.04408870402694105,23.736992352915127,0.9629886435256192,8097.0,0.490160197019577,0.00046121708396808784
socofing:000553:left_index,full_image_codec,1.0,0.005134819178422948,0.048582426666536865,22.89474845386238,0.9552021446444551,10368.0,0.6920506209135056,0.0008727249092871426
socofing:000553:left_middle,full_image_codec,1.0,0.005490892587226211,0.0513750713220998,22.60357051870884,0.9428324458807025,10450.0,0.5405077189207077,0.0011289010915275792
socofing:000553:left_ring,full_image_codec,1.0,0.005423278128804398,0.0495264387482172,22.657381225223823,0.9520713418906224,9095.0,0.7331902086734772,0.0010155124265367789
socofing:000553:left_little,full_image_codec,1.0,0.0020708883708028154,0.03160000745954551,26.83843310691755,0.938353763509317,10461.0,0.41058459877967834,0.001375531318106857
socofing:000553:right_thumb,full_image_codec,1.0,0.0035355637519321427,0.04033903610366675,24.515413273175433,0.9633986380619662,12635.0,0.6164811216294765,0.0009571271001314983
socofing:000553:right_index,full_image_codec,1.0,0.0029772703209196665,0.03606333150695881,25.26181731845051,0.9609336482801215,12176.0,0.4424624443054199,0.001134631732095482
socofing:000553:right_middle,full_image_codec,1.0,0.0032414435230758974,0.03941951083051384,24.892615408758758,0.9696330087260806,12104.0,0.5590663552284241,0.0005002454472497541
socofing:000553:right_ring,full_image_codec,1.0,0.00412680561087147,0.044571772608047164,23.84385987656178,0.9600966235921288,11993.0,0.510990247130394,0.0010831663003756705
socofing:000553:right_little,full_image_codec,1.0,0.00412235415029275,0.04370619467158149,23.848547008365195,0.9624221593911539,9413.0,0.43708810210227966,0.000559657208432532
socofing:000554:left_thumb,full_image_codec,1.0,0.00271348546181593,0.035472231890627495,25.664725009207064,0.9779418417114013,9364.0,0.42803916335105896,0.00019012960914958007
socofing:000554:left_index,full_image_codec,1.0,0.0016507418817419816,0.027894963100385837,27.823208298861374,0.9788091673366806,10055.0,0.25745633244514465,0.00022148383344579393
socofing:000554:left_middle,full_image_codec,1.0,0.00212888282053943,0.0321387021959566,26.718482426451274,0.9619685348648147,10741.0,0.44081538915634155,0.0008867048185385977
socofing:000554:left_ring,full_image_codec,1.0,0.002366738362248199,0.034766753681597394,26.25849749722919,0.9611515866638747,8388.0,0.31486761569976807,0.0005682983469817015
socofing:000554:left_little,full_image_codec,1.0,0.004229614290190589,0.04408870402694105,23.736992352915127,0.9629886435256192,8097.0,0.490160197019577,0.00046121708396808784
socofing:000554:right_thumb,full_image_codec,1.0,0.0031679788146584346,0.03839356311809334,24.992177313463394,0.9722326646475624,12242.0,0.47811341285705566,0.0005056640653097937
socofing:000554:right_index,full_image_codec,1.0,0.0017483486301434488,0.028125289813837332,27.573719624048646,0.9749067524337444,10805.0,0.4404955953359604,0.0002830148662274983
socofing:000554:right_middle,full_image_codec,1.0,0.00348609170794985,0.03930487468870166,24.576611921736205,0.9687081963990981,11540.0,0.5209262818098068,0.00039609154619051274
socofing:000554:right_ring,full_image_codec,1.0,0.00252236470457699,0.033636343053302875,25.981921192957905,0.9771820932432747,9901.0,0.5460842102766037,0.0003059217684291719
socofing:000554:right_little,full_image_codec,1.0,0.0025831906322016807,0.03364692095312156,25.87843542933019,0.9768520906504091,7446.0,0.4521884620189667,0.0006162472795585266
socofing:000558:left_thumb,full_image_codec,1.0,0.004650314599916287,0.0447179465733931,23.325176655216634,0.9587491970252006,10182.0,0.43182651698589325,0.0006050779100827608
socofing:000558:left_index,full_image_codec,1.0,0.005292476013303795,0.046516164616039565,22.763411016247353,0.9503418373665514,9273.0,0.5891234129667282,0.001409725699293864
socofing:000558:left_middle,full_image_codec,1.0,0.004300686080294359,0.04043783103252453,23.664622567185177,0.9304604937660225,9818.0,0.5399907231330872,0.0026149830269868684
socofing:000558:left_ring,full_image_codec,1.0,0.005445464225028846,0.048976036611077536,22.63965090788919,0.9447923400383821,9527.0,0.5337429624050856,0.0011657821216293144
socofing:000558:left_little,full_image_codec,1.0,0.006840648485827509,0.05485868215141064,21.64902725697022,0.9301445319422019,8030.0,0.7964159697294235,0.003590657300631364
socofing:000558:right_thumb,full_image_codec,1.0,0.004754958011233731,0.04635255333246327,23.22853313757063,0.9523256212724245,11186.0,0.4835154414176941,0.0005393682884200159
socofing:000558:right_index,full_image_codec,1.0,0.0037658394209706073,0.03836066196215753,24.241382026606217,0.9583602710314681,10376.0,0.5885043144226074,0.0012897534696141356
socofing:000558:right_middle,full_image_codec,1.0,0.0027126213755754008,0.03338839024684553,25.666108203090147,0.9669218620543305,11209.0,0.45562198758125305,0.00032175404447086606
socofing:000558:right_ring,full_image_codec,1.0,0.0033854095278548512,0.03833706327424292,24.703887878563414,0.9639913733356831,10045.0,0.49891287088394165,0.0009855852913240894
socofing:000558:right_little,full_image_codec,1.0,0.004481480139384874,0.043510185478022656,23.485785239033756,0.9528558777503365,8997.0,0.7072533071041107,0.0013689835418418948
socofing:000564:left_thumb,full_image_codec,1.0,0.00531613883202899,0.049160306876742735,22.744036858939406,0.9516769166896516,10339.0,0.5397474020719528,0.0019303837985330007
socofing:000564:left_index,full_image_codec,1.0,0.006671638051028966,0.05392937942019702,21.75767523027507,0.9134023369131871,9423.0,0.5393576622009277,0.004940810246908842
socofing:000564:left_middle,full_image_codec,1.0,0.00850375081488068,0.062200441383328926,20.70389474414658,0.894721722618452,10298.0,0.6297824308276176,0.006878450358628343
socofing:000564:left_ring,full_image_codec,1.0,0.0154321116564545,0.08315952751350596,18.115746430879515,0.813228673215499,8771.0,0.8051211759448051,0.01720652103097169
socofing:000564:left_little,full_image_codec,1.0,0.0106222063616488,0.06783006914452,19.73785265630609,0.8604038234952762,7950.0,0.6518180351704359,0.012369657242031819
socofing:000564:right_thumb,full_image_codec,1.0,0.005066530151725965,0.04702642289806888,22.95289368449398,0.9432411948081687,10226.0,0.6567064821720123,0.0024108021748643696
socofing:000564:right_index,full_image_codec,1.0,0.005814761718562457,0.04817854682884759,22.354680773987766,0.9251173956777086,10810.0,0.5890407860279083,0.005843868253493705
socofing:000564:right_middle,full_image_codec,1.0,0.0024805261197250877,0.026877921168733096,26.054561955204584,0.9315180218856559,10827.0,0.4908600449562073,0.004336585686135875
socofing:000564:right_ring,full_image_codec,1.0,0.009276097450948383,0.06352389633846175,20.326346974869583,0.8706850949217849,7856.0,0.7578909248113632,0.008589976450947464
socofing:000564:right_little,full_image_codec,1.0,0.010831753810556708,0.06789846985218262,19.653012194059553,0.8541992817236269,7397.0,0.6844009459018707,0.008912593577398275
socofing:000584:left_thumb,full_image_codec,1.0,0.0023167850568551907,0.034125219727831814,26.351142566510504,0.9422346369150056,12134.0,0.408608078956604,0.0007845160612848093
socofing:000584:left_index,full_image_codec,1.0,0.0016087499152316145,0.028179620172486954,27.935114629714377,0.8869946032450235,12011.0,0.32962316274642944,0.00229954441449092
socofing:000584:left_middle,full_image_codec,1.0,0.002560251427173735,0.03643851062530901,25.91717383097386,0.8671815963341523,12371.0,0.30761662125587463,0.0026282219108349045
socofing:000584:left_ring,full_image_codec,1.0,0.002169269009166828,0.033222038791843905,26.636865881644646,0.8646186556732999,12060.0,0.3647972345352173,0.007624615766315974
socofing:000584:left_little,full_image_codec,1.0,0.001767066535748337,0.029216184809472825,27.527470975988784,0.8918889623835544,11250.0,0.47515588998794556,0.003205435703409413
socofing:000584:right_thumb,full_image_codec,1.0,0.0013410603067091932,0.021061708632824493,28.725516917366775,0.9492029020248165,12412.0,0.4131753295660019,0.001532937583212194
socofing:000584:right_index,full_image_codec,1.0,0.002487049820242692,0.0326884018558771,26.04315514915116,0.9632754961513306,12028.0,0.5779896378517151,0.00031810105333549314
socofing:000584:right_middle,full_image_codec,1.0,0.003825584793491839,0.04186362520312752,24.173021675237074,0.917434617741961,12687.0,0.42873939871788025,0.001163107725307659
socofing:000584:right_ring,full_image_codec,1.0,0.0031008492501939542,0.03959780354216538,25.08519346758583,0.9020154341771713,11602.0,0.41404983401298523,0.008837214401388838
socofing:000584:right_little,full_image_codec,1.0,0.002626492400353075,0.036672848059887554,25.806238514721418,0.9386603417603584,9957.0,0.5144885182380676,0.0015093290645142518
socofing:000589:left_thumb,full_image_codec,1.0,0.004170252774811215,0.04365373481030934,23.798376199954138,0.914475367763364,10105.0,0.5154852569103241,0.0006837768991359301
socofing:000589:left_index,full_image_codec,1.0,0.003087743662968038,0.037560362441165465,25.103587609202908,0.9209503656940509,9475.0,0.4015403240919113,0.0005871009152336553
socofing:000589:left_middle,full_image_codec,1.0,0.0029961910016204304,0.03726210387220032,25.234305046221884,0.9370978911957689,9862.0,0.5549819320440292,0.0005922043933829588
socofing:000589:left_ring,full_image_codec,1.0,0.0032963291194936157,0.03860549191410345,24.819694330052254,0.9239773093160393,9914.0,0.49801498651504517,0.0007180018315441231
socofing:000589:left_little,full_image_codec,1.0,0.0032045662290590402,0.03819818541168663,24.942307483839684,0.9400802483765762,8256.0,0.4844667762517929,0.0003838743884280184
socofing:000589:right_thumb,full_image_codec,1.0,0.0031206190201660514,0.036005640437167,25.05759248809547,0.9623471959188344,10029.0,0.4687163829803467,0.0004838226699529318
socofing:000589:right_index,full_image_codec,1.0,0.0023861441931333936,0.02823616528372463,26.223033157411123,0.9543437294308591,8903.0,0.4824119135737419,0.0007429401182065166
socofing:000589:right_middle,full_image_codec,1.0,0.0027811343907073434,0.03269690856555213,25.557780245366217,0.9583051091910065,9918.0,0.6277773678302765,0.00037363746058524053
socofing:000589:right_ring,full_image_codec,1.0,0.0014127537894146251,0.020745030123132197,28.49933519124982,0.9557987283954785,11049.0,0.3920510336756706,0.0005882118655129708
socofing:000589:right_little,full_image_codec,1.0,0.0025125855452261606,0.03166768097268879,25.998791430292776,0.9583400162474681,9401.0,0.5434219539165497,0.0007179594940209953
socofing:000594:left_thumb,full_image_codec,1.0,0.0041721760237327845,0.04394235325570728,23.7963737701368,0.9656100170222699,12235.0,0.5269336402416229,0.0004640113939518
socofing:000594:left_index,full_image_codec,1.0,0.004097288157377998,0.04329037950483906,23.875034915610325,0.957145815674309,11841.0,0.6583641022443771,0.0006310000912969267
socofing:000594:left_middle,full_image_codec,1.0,0.003240000838264235,0.0380356989615155,24.894548774312014,0.969034701370175,11796.0,0.5060331672430038,0.0005131267233625644
socofing:000594:left_ring,full_image_codec,1.0,0.0055367899962786545,0.050172804573244925,22.567419484380316,0.9438523179313364,12154.0,0.5161161124706268,0.0014226216988460542
socofing:000594:left_little,full_image_codec,1.0,0.005151140006068313,0.04687628723774097,22.88096645996614,0.9307857705072079,10941.0,0.4794757813215256,0.0016299461980147291
socofing:000594:right_thumb,full_image_codec,1.0,0.0046199145272523105,0.04628000322418545,23.353660592244054,0.9616118212725734,11968.0,0.5637437552213669,0.0005716345583234786
socofing:000594:right_index,full_image_codec,1.0,0.004902367361578661,0.048462031810452236,23.095941477700688,0.9605826540789897,12142.0,0.5923861563205719,0.0004136367040422436
socofing:000594:right_middle,full_image_codec,1.0,0.004422527560751613,0.04615549691873774,23.543294519298176,0.9615694309698138,12085.0,0.7689413279294968,0.0004347973003528376
socofing:000594:right_ring,full_image_codec,1.0,0.00467675964865335,0.04809350989509708,23.300549490878165,0.9592375860630754,11762.0,0.5302077531814575,0.000517740323996044
socofing:000594:right_little,full_image_codec,1.0,0.00590734786884562,0.05193182781483851,22.286074538803767,0.9415827435563711,10599.0,0.6933562606573105,0.00074996961275083
socofing:000598:left_thumb,full_image_codec,1.0,0.007015057349048973,0.05665893445813929,21.53968774204587,0.9173719712773705,12105.0,0.6788120716810226,0.0013443069966768606
socofing:000598:left_index,full_image_codec,1.0,0.004198633280129035,0.043485479937136806,23.768920561483075,0.9593286983765488,12230.0,0.6191505119204521,0.0005246520384686426
socofing:000598:left_middle,full_image_codec,1.0,0.004324762422145403,0.045322700196166084,23.64037745213097,0.955208438187488,11804.0,0.5697889626026154,0.0005853712726292403
socofing:000598:left_ring,full_image_codec,1.0,0.006665471432922185,0.05479784035901625,21.7616912854928,0.9371446402267268,12322.0,0.65164964646101,0.001064163306654565
socofing:000598:left_little,full_image_codec,1.0,0.004904499615365441,0.04612754788296148,23.09405295189446,0.9490710525195653,11236.0,0.6124802827835083,0.00045988698538617756
socofing:000598:right_thumb,full_image_codec,1.0,0.006926569987679592,0.054930623581495135,21.594817732083627,0.9131642031069666,11946.0,0.6498244255781174,0.0019793088261160917
socofing:000598:right_index,full_image_codec,1.0,0.004462740930044059,0.044840224798192586,23.503983239858222,0.9558318833070791,12013.0,0.6465145945549011,0.0005618208728003116
socofing:000598:right_middle,full_image_codec,1.0,0.00406116627959854,0.0450257144258026,23.913492284775288,0.9617222448753101,12584.0,0.5165531039237976,0.0003381917857115781
socofing:000598:right_ring,full_image_codec,1.0,0.0070686430906910045,0.055499901221914595,21.506639461441317,0.9364889346179252,12191.0,0.8139557838439941,0.0017708558243419645
socofing:000598:right_little,full_image_codec,1.0,0.0059669509189415465,0.05254103941495158,22.2424753442346,0.9438836358696061,11248.0,0.6823670268058777,0.0006071968604709976
