sample_id,subject_id,baseline_mse,baseline_mae,baseline_psnr,baseline_ssim_map_mean,baseline_pixels,baseline_max_absolute_error,baseline_orientation_error,baseline_ridge_frequency_mae_cpx,baseline_ridge_period_mae_pixels,baseline_ridge_frequency_relative_mae,baseline_ridge_frequency_windows,candidate_mse,candidate_mae,candidate_psnr,candidate_ssim_map_mean,candidate_pixels,candidate_max_absolute_error,candidate_orientation_error,candidate_ridge_frequency_mae_cpx,candidate_ridge_period_mae_pixels,candidate_ridge_frequency_relative_mae,candidate_ridge_frequency_windows
nist302-registered:00002304/00002304_1C_R_L01_BP_S22_1000PPI_8BPC_1CH_LP03-1_1,00002304,0.0023883440212531543,0.03880461995754767,26.21903116499538,0.6346690876819246,436.0,0.18658602237701416,0.07798164720742952,nan,nan,nan,0.0,0.01448481891633148,0.10221380651543993,18.39086929809863,0.22205212011051764,436.0,0.2510501742362976,0.048690758738644854,nan,nan,nan,0.0
nist302-registered:00002304/00002304_1F_R_L01_BP_S22_1000PPI_8BPC_1CH_LP03-1_1,00002304,0.0046771563177529065,0.04923781293618361,23.300181150598434,0.5546708096043081,1461.0,0.284010648727417,0.18134413326133586,0.08203125,5.794388860280556,0.9941426030010829,5.0,0.008696509779041087,0.07329783624855318,20.60655010350525,0.33805966455290715,1461.0,0.2517017126083374,0.1477457187232373,0.09453125,5.779635694520914,1.180990176867942,5.0
nist302-registered:00002304/00002304_1F_R_L01_BP_S22_1000PPI_8BPC_1CH_LP06-1_1,00002304,0.005266911280616649,0.05022417011114212,22.78443997128211,0.578479514355811,2664.0,0.3338351845741272,0.4474800421661693,0.06373355263157894,4.284789470998235,0.6334698054238123,19.0,0.010624569562404885,0.08017941183961548,19.73688655673795,0.3714580128029409,2664.0,0.38235723972320557,0.46463618548062446,0.09457236842105263,3.885990292476708,0.9000534113321264,19.0
nist302-registered:00002304/00002304_2A_X_L02_BP_S22_1000PPI_8BPC_1CH_LP08-1_1,00002304,0.0188912921091911,0.11043755878288544,17.237383365884597,0.3453324273694303,3190.0,0.4907393157482147,0.27484838530040306,nan,nan,nan,0.0,0.01552606825502234,0.09909799667921933,18.08938508941995,0.34094102717899216,3190.0,0.39703088998794556,0.37909464475141463,nan,nan,nan,0.0
nist302-registered:00002304/00002304_5A_X_647_IN_D800_1000PPI_8BPC_1CH_LP04-1_1,00002304,0.008279642184611385,0.07525359115540331,20.819884314043243,0.47360302013546907,1741.0,0.31125491857528687,0.252843174966552,nan,nan,nan,0.0,0.0014627618270768644,0.029061594035418675,28.34826381739921,0.6919796241166519,1741.0,0.2875063419342041,0.26016322273087616,nan,nan,nan,0.0
nist302-registered:00002304/00002304_5A_X_648_IN_D800_1000PPI_8BPC_1CH_LP04-1_1,00002304,0.006848242946306509,0.0678528122432077,21.644208411508842,0.5836799306769733,954.0,0.3765881657600403,0.4791756535900237,nan,nan,nan,0.0,0.0039591374815489975,0.05627927290318647,24.0239941705522,0.6752765227175882,954.0,0.3133544921875,0.2580390901172076,nan,nan,nan,0.0
nist302-registered:00002304/00002304_7D_X_065_CA_D800_1000PPI_8BPC_1CH_LP03-1_1,00002304,0.0486370136526493,0.16952434820437548,13.13033098907846,0.3414672797888502,607.0,0.5454212129116058,0.07514340913061728,nan,nan,nan,0.0,0.050452445058768,0.1900180467761918,12.971177818591855,0.24230868871124875,607.0,0.41934317350387573,0.12528538646520876,nan,nan,nan,0.0
nist302-registered:00002304/00002304_7D_X_066_CA_D800_1000PPI_8BPC_1CH_LP45-1_1,00002304,0.0197782230135208,0.10718126357691095,17.03812730438021,0.4774257603120246,1915.0,0.5068105459213257,0.2706185257698661,0.036458333333333336,5.493741361646419,0.3510234364401031,6.0,0.02011429800339397,0.10262593142980073,16.964951198698685,0.4035046136659768,1915.0,0.4073168635368347,0.21736408943567362,0.11458333333333333,5.7692081276054,1.2936041581874915,6.0
nist302-registered:00002325/00002325_1H_R_L01_BP_S21_1000PPI_8BPC_1CH_LP03-1_1,00002325,0.005341075679578405,0.06093341868625359,22.723712683161203,0.5539210280251791,1434.0,0.19299554824829102,0.7770705590144108,nan,nan,nan,0.0,0.0020245243257132894,0.03898531294101784,26.936770005900208,0.6816898101703929,1434.0,0.12007564306259155,1.0166790789242839,nan,nan,nan,0.0
nist302-registered:00002325/00002325_4A_X_606_IN_D800_1000PPI_8BPC_1CH_LP01-1_1,00002325,0.007197086435677406,0.06726625720559037,21.428432814847564,0.5196810975049303,2364.0,0.4926036596298218,0.4049466747187551,nan,nan,nan,0.0,0.00644776858961061,0.06875348905520592,21.905905577505187,0.5752926572176512,2364.0,0.3459305763244629,0.4707185718078001,nan,nan,nan,0.0
nist302-registered:00002325/00002325_6E_X_074_BT_D800_1000PPI_8BPC_1CH_LP14-1_1,00002325,0.0604060071744388,0.16364105453504277,12.18919870104299,0.32743878001396653,3558.0,0.8025687485933304,0.37328998517750467,0.01171875,0.3713733075435206,0.06818181818181818,1.0,0.04371965373664829,0.14028612047563682,13.593232863577063,0.3074452865093994,3558.0,0.9264089465141296,0.27190887749118337,0.01171875,0.3713733075435206,0.06818181818181818,1.0
nist302-registered:00002325/00002325_6E_X_074_BT_D800_1000PPI_8BPC_1CH_LP18-1_1,00002325,0.04851913362701987,0.1479905279937783,13.140869626357167,0.2775199954547196,1571.0,0.7055313289165497,0.34596208199908435,nan,nan,nan,0.0,0.03337317710003834,0.11744835488095093,14.766024468862554,0.2970885317275917,1571.0,0.8109957277774811,0.5149661902238548,nan,nan,nan,0.0
nist302-registered:00002325/00002325_6E_X_074_BT_D800_1000PPI_8BPC_1CH_LP21-1_1,00002325,0.034065488267960166,0.13669873528918366,14.676853818438822,0.3441877136449155,3240.0,0.6912701725959778,0.21982340722081353,0.10904947916666667,3.949425848081207,0.9859893205509161,12.0,0.022167220087351662,0.11520890285387451,16.542887668053062,0.28586275329231076,3240.0,0.5131880640983582,0.2355659612993771,0.095703125,3.472799368631008,0.8920522566593285,12.0
nist302-registered:00002325/00002325_6E_X_074_BT_D800_1000PPI_8BPC_1CH_LP23-1_1,00002325,0.03190339132269484,0.1281617884904566,14.961631490917508,0.4129605277708228,1065.0,0.6836481392383575,0.2232664439047137,nan,nan,nan,0.0,0.025374540864036156,0.11448795370092973,15.956018072863971,0.4180008494783855,1065.0,0.577352374792099,0.2764874229687032,nan,nan,nan,0.0
nist302-registered:00002325/00002325_6E_X_074_BT_D800_1000PPI_8BPC_1CH_LP26-1_1,00002325,0.028607714154734176,0.1288059393395589,15.435168422872042,0.3587038003897471,2817.0,0.6850361227989197,0.20202406740451767,0.107421875,3.368764630816924,0.821672691123849,4.0,0.021796738338037937,0.1063407051212025,16.616084893206597,0.2566233585661269,2817.0,0.7080456912517548,0.48473100867630975,0.0693359375,2.68062104647698,0.5890470259967658,4.0
nist302-registered:00002326/00002326_1C_L_L01_BP_S06_1000PPI_8BPC_1CH_LP03-1_1,00002326,0.006599523013869694,0.061645590707670575,21.80487452326346,0.5753949593455251,2746.0,0.33138352632522583,0.29544233119317087,nan,nan,nan,0.0,0.007483020131410791,0.07089477037306867,21.25923086402134,0.523933575987637,2746.0,0.3300744891166687,0.42719789419338644,nan,nan,nan,0.0
nist302-registered:00002326/00002326_1F_R_L01_BP_S06_1000PPI_8BPC_1CH_LP01-1_1,00002326,0.00505515658193541,0.05707265303052705,22.9626538772534,0.5966111736550005,1740.0,0.29438602924346924,0.18978738690045094,nan,nan,nan,0.0,0.008262810942663464,0.08044004943864098,20.828721840095405,0.46414489722887825,1740.0,0.2622908055782318,0.21691629222041392,nan,nan,nan,0.0
nist302-registered:00002326/00002326_1F_X_L01_BP_S06_1000PPI_8BPC_1CH_LP03-1_1,00002326,0.005682884542826356,0.05982772774737457,22.454311672744268,0.5452062867253127,1856.0,0.2545735836029053,0.27265139833376084,nan,nan,nan,0.0,0.003892818521098202,0.05309838242828846,24.09735842139209,0.5263380023871029,1856.0,0.23106884956359863,0.32330427017127666,nan,nan,nan,0.0
nist302-registered:00002326/00002326_1F_X_L01_BP_S06_1000PPI_8BPC_1CH_LP06-1_1,00002326,0.002487554086866226,0.03924433288411198,26.04227467618548,0.7084653702338546,1053.0,0.20420092344284058,0.08877903377094039,nan,nan,nan,0.0,0.012385271645046794,0.0960273914187722,19.070944636319517,0.5259224068496547,1053.0,0.28062504529953003,0.2737414232954513,nan,nan,nan,0.0
nist302-registered:00002326/00002326_1G_L_L01_BP_S06_1000PPI_8BPC_1CH_LP04-1_1,00002326,0.01557751219469518,0.10476772783717121,18.075019000901,0.4926061516324521,5678.0,0.33257871866226196,0.3593650815364818,0.07427978515625,6.733347598143947,0.6142127363616012,64.0,0.004728341200213751,0.05313252284204343,23.25291192020309,0.3893408479987808,5678.0,0.3220061659812927,0.636321531209068,0.11029052734375,4.344289530064497,1.0601925699235486,64.0
nist302-registered:00002326/00002326_1G_R_L01_BP_S06_1000PPI_8BPC_1CH_LP08-1_1,00002326,0.03950629091461675,0.13500858872468344,14.033337425516564,0.37159353549305996,767.0,0.5262544751167297,0.1606681755902551,nan,nan,nan,0.0,0.03317893505127924,0.13368446528523034,14.791375576960867,0.41288661878511573,767.0,0.5390445291996002,0.15488270181247846,nan,nan,nan,0.0
nist302-registered:00002326/00002326_4D_X_288_IN_D800_1000PPI_8BPC_1CH_LP01-1_1,00002326,0.027047158182509686,0.12362436680232777,15.67878359041318,0.2553647334950438,2125.0,0.5877925157546997,0.246121104235158,nan,nan,nan,0.0,0.014615980464957334,0.0858245706277735,18.351720461130242,0.26774336153672473,2125.0,0.42358338832855225,0.3111741119099124,nan,nan,nan,0.0
nist302-registered:00002326/00002326_6A_X_163_BT_D800_1000PPI_8BPC_1CH_LP01-1_1,00002326,0.027243809915925402,0.1194864999003445,15.647321585154266,0.3294153687231385,3707.0,0.6409927606582642,0.3081781329271512,0.0881076388888889,4.813169517957565,0.9718681045195464,9.0,0.01931596960741688,0.09213611750484381,17.140834866088998,0.23093099848098675,3707.0,0.6282545328140259,0.45909887763891816,0.1427951388888889,7.016574808081405,1.7273519212581765,9.0
nist302-registered:00002326/00002326_6C_X_083_BT_D800_1000PPI_8BPC_1CH_LP17-1_1,00002326,0.01479785897936149,0.08889824257340542,18.298011157342277,0.40229527263602777,1075.0,0.5109972059726715,0.22227862297845727,nan,nan,nan,0.0,0.0069076224968102635,0.0534508328382359,21.606714047513663,0.4034526388458359,1075.0,0.3409716486930847,0.1897574260878058,nan,nan,nan,0.0
nist302-registered:00002326/00002326_6C_X_083_BT_D800_1000PPI_8BPC_1CH_LP25-1_1,00002326,0.01420131322938918,0.09375111425303978,18.47671493510847,0.33915458814335697,657.0,0.4415546655654907,0.19757834797516505,nan,nan,nan,0.0,0.011811934469149184,0.08020775176618741,19.27678971101291,0.2847235982239088,657.0,0.26777803897857666,0.1910044776768049,nan,nan,nan,0.0
nist302-registered:00002326/00002326_6C_X_083_BT_D800_1000PPI_8BPC_1CH_LP27-1_1,00002326,0.017268993321088597,0.09944560822024806,17.627329784625903,0.4429008986318468,2745.0,0.4758056402206421,0.603898437148,0.09326171875,5.671132460236719,1.1496887530053803,8.0,0.0075880636620329475,0.05783594397247815,21.198690341416203,0.47484981982712354,2745.0,0.28747355937957764,0.681614354498625,0.111328125,5.536377093121256,1.314278190622632,8.0
nist302-registered:00002334/00002334_1C_L_L01_BP_S21_1000PPI_8BPC_1CH_LP06-1_1,00002334,0.014025574044022656,0.09804353272266572,18.53079354738501,0.6160119164166281,3843.0,0.527005523443222,1.2187330039347364,0.062174479166666664,3.9019349107786536,0.652007456974655,36.0,0.030144421462914527,0.16511037522326402,15.207930467754025,0.4898243523222519,3843.0,0.4917800724506378,0.48024822688305935,0.1086154513888889,4.879332728441603,1.07845324411376,36.0
nist302-registered:00002334/00002334_1D_L_L01_BP_S21_1000PPI_8BPC_1CH_LP01-1_1,00002334,0.010026544277216417,0.07457443994969261,19.98848724002248,0.48437953211785606,1591.0,0.4367872178554535,0.32113840559742207,nan,nan,nan,0.0,0.015043023417408973,0.10547564126724421,18.22664868429447,0.3646804954769175,1591.0,0.44843345880508423,0.18390745501442027,nan,nan,nan,0.0
nist302-registered:00002334/00002334_1G_R_L01_BP_S21_1000PPI_8BPC_1CH_LP01-1_1,00002334,0.006625281892214526,0.06651772100775676,21.787956386547364,0.333791568818735,589.0,0.2125774621963501,0.05387865425450183,nan,nan,nan,0.0,0.002935702618737924,0.04244624718340629,25.322879397581133,0.49411758730945843,589.0,0.20775777101516724,0.09703694415172466,nan,nan,nan,0.0
nist302-registered:00002334/00002334_1H_L_L01_BP_S21_1000PPI_8BPC_1CH_LP01-1_1,00002334,0.006490434787256074,0.06501627901860721,21.87726209304198,0.5757266431944587,3199.0,0.3440020680427551,0.6058355290962654,0.0681423611111111,3.733550355530112,0.6449625512843904,9.0,0.0504264644568892,0.21145274464731553,12.973414803970886,0.3105707172453598,3199.0,0.5308692455291748,0.5104087174209393,0.10112847222222222,6.7443572875632904,0.965462740750097,9.0
nist302-registered:00002334/00002334_1H_L_L01_BP_S21_1000PPI_8BPC_1CH_LP10-1_1,00002334,0.00266813249448794,0.04108141911886496,25.73792607965284,0.63846369852333,4105.0,0.21604782342910767,0.34709509798013094,0.07003348214285714,2.432185457593438,0.4456979537710396,14.0,0.03213332659904073,0.15415012458936014,14.930443118334216,0.42093551199612034,4105.0,0.5083668231964111,0.9102627044027288,0.11635044642857142,5.7791563206727545,0.7781308949050721,14.0
nist302-registered:00002334/00002334_1H_R_L01_BP_S21_1000PPI_8BPC_1CH_LP04-1_1,00002334,0.004725252048316742,0.05191525864251045,23.255750209592346,0.6281426980030889,3337.0,0.380759060382843,0.8741293265596205,0.06166294642857143,2.58376461409609,0.5292356827557365,14.0,0.032063516649090074,0.16940722325836285,14.939888469993916,0.38158378441359064,3337.0,0.4064862132072449,0.5613695881586734,0.05133928571428571,2.5786812778485113,0.4009571888487704,14.0
nist302-registered:00002334/00002334_4G_X_066_IN_D800_1000PPI_8BPC_1CH_LP03-1_1,00002334,0.037746019280549784,0.1484961720437573,14.231288425950165,0.2160252429141542,3013.0,0.7004912495613098,0.4329919043444677,nan,nan,nan,0.0,0.017123623076367295,0.09462884938424107,17.664043403831265,0.22166447277784268,3013.0,0.5657162964344025,0.4632174847834356,nan,nan,nan,0.0
nist302-registered:00002342/00002342_4F_X_452_IN_D800_1000PPI_8BPC_1CH_LP13-1_1,00002342,0.015300185987538418,0.09148197545352595,18.153032899098065,0.49041305604425295,895.0,0.4081149697303772,0.055857504850854084,nan,nan,nan,0.0,0.014845643307069651,0.08468710545388014,18.284009783537478,0.36710227793251027,895.0,0.5195273458957672,0.12342528784997948,nan,nan,nan,0.0
nist302-registered:00002342/00002342_4F_X_462_IN_D800_1000PPI_8BPC_1CH_LP43-1_1,00002342,0.06133022689582892,0.19619426178769261,12.123254286041394,0.2574814491647057,1756.0,0.8028737753629684,0.41000127163335304,nan,nan,nan,0.0,0.03202319964773626,0.13706824790202676,14.94535277040951,0.23200174582353586,1756.0,0.5830318778753281,0.3851693975700468,nan,nan,nan,0.0
nist302-registered:00002342/00002342_6E_X_153_BT_D800_1000PPI_8BPC_1CH_LP17-1_1,00002342,0.0601502709333924,0.1763101178975779,12.207624121377311,0.32725564136865964,3179.0,0.7603132128715515,0.3219917932228596,nan,nan,nan,0.0,0.023112732356664376,0.11534657094717851,16.36148709766359,0.3712333251629879,3179.0,0.5989089906215668,0.34353469718898544,nan,nan,nan,0.0
nist302-registered:00002360/00002360_1D_L_L01_BP_S06_1000PPI_8BPC_1CH_LP01-1_1,00002360,0.02777429384727928,0.13215950179958466,15.563569740478888,0.4014261303709017,2333.0,0.36603403091430664,0.462876478561971,0.082421875,4.7659786564652435,0.7908268457329783,10.0,0.01582740491121478,0.10107801116897576,18.00590286977792,0.3496002583795053,2333.0,0.36889708042144775,0.512234173666399,0.096484375,4.275688921981415,1.0192902327399254,10.0
nist302-registered:00002360/00002360_1D_R_L01_BP_S06_1000PPI_8BPC_1CH_LP03-1_1,00002360,0.007743019777996974,0.06887507524939009,21.110896314165693,0.5245670050433415,1658.0,0.29878827929496765,0.1588049074448894,nan,nan,nan,0.0,0.011957450176480467,0.0897901747892504,19.223614200420055,0.4891193306413783,1658.0,0.35142332315444946,0.1499347336975807,nan,nan,nan,0.0
nist302-registered:00002360/00002360_1E_L_L01_BP_S06_1000PPI_8BPC_1CH_LP02-1_1,00002360,0.007998996485998503,0.06892893502450785,20.96964493999326,0.399130799400518,2307.0,0.4045645594596863,0.43982936538603257,0.049879807692307696,2.182498837884189,0.38362115194121316,13.0,0.005659302246312979,0.05949128741147356,22.472371110831144,0.4128586196362784,2307.0,0.29496288299560547,0.4113718065022812,0.054086538461538464,2.3619435950213816,0.42835967968459254,13.0
nist302-registered:00002360/00002360_1E_R_L01_BP_S06_1000PPI_8BPC_1CH_LP01-1_1,00002360,0.014591532907709912,0.09486517366373313,18.358990810750694,0.4474236341095931,1855.0,0.337272584438324,0.33691036954558157,nan,nan,nan,0.0,0.007401341580924803,0.07025689445737238,21.306895521090013,0.36226251646952035,1855.0,0.28832077980041504,0.5081248429119906,nan,nan,nan,0.0
nist302-registered:00002360/00002360_1G_L_L01_BP_S06_1000PPI_8BPC_1CH_LP01-1_1,00002360,0.00485507706253031,0.05776832599479419,23.13803872333512,0.5318107117847245,2080.0,0.21932107210159302,0.5812141892515285,0.056640625,3.7656678281068525,0.351335656213705,2.0,0.0023616233856645326,0.040986339318064544,26.267893592918522,0.6284309034102117,2080.0,0.12160319089889526,0.36194153327671746,0.111328125,2.505697848402966,0.687862950058072,2.0
nist302-registered:00002360/00002360_1G_L_L01_BP_S06_1000PPI_8BPC_1CH_LP07-1_1,00002360,0.00735844001878475,0.06334701757204819,21.33214245858463,0.48234907576818115,1328.0,0.3221001625061035,0.25496388648364693,nan,nan,nan,0.0,0.009267568354105568,0.0613359832036567,20.330342020935014,0.44045728274094675,1328.0,0.40019649267196655,0.3962971259722184,nan,nan,nan,0.0
nist302-registered:00002360/00002360_1G_L_L01_BP_S06_1000PPI_8BPC_1CH_LP10-1_1,00002360,0.01683300664854596,0.10073030272241897,17.738383050432112,0.5601594499833464,4482.0,0.4912109375,0.6780599934548667,0.08822408536585366,7.167240243940544,0.6835242766571704,41.0,0.009136790936193925,0.07140184079148523,20.392063122991424,0.5114164826858787,4482.0,0.35238808393478394,0.8957899414189532,0.10775533536585366,4.467765360434013,0.9918097891344085,41.0
nist302-registered:00002360/00002360_1G_L_L01_BP_S06_1000PPI_8BPC_1CH_LP12-1_1,00002360,0.00837532722453277,0.07032856997102499,20.769982160484034,0.3953198153063738,576.0,0.3767010569572449,0.4965855186732906,nan,nan,nan,0.0,0.005294525037736007,0.043269638903439045,22.76172993581482,0.5482980494290426,576.0,0.2649097442626953,0.5170050757834211,nan,nan,nan,0.0
nist302-registered:00002360/00002360_1G_R_L01_BP_S06_1000PPI_8BPC_1CH_LP01-1_1,00002360,0.00802756611781561,0.06303927100394383,20.954161087469195,0.4455402515930781,1210.0,0.39658910036087036,0.4153040043649398,nan,nan,nan,0.0,0.0038169120665766556,0.03855371977672104,24.18287845144018,0.5574077902643223,1210.0,0.32183897495269775,0.497315556318521,nan,nan,nan,0.0
nist302-registered:00002360/00002360_1G_R_L01_BP_S06_1000PPI_8BPC_1CH_LP02-1_1,00002360,0.00956773022057645,0.0850755748614459,20.191910788998516,0.49181077556568564,2982.0,0.2994912266731262,0.48544065164697575,0.0712890625,8.769348541760465,0.49111235005778725,12.0,0.0036138816155637365,0.04029900870972396,24.42026078269142,0.540315675364633,2982.0,0.34898364543914795,0.2852144014380555,0.09895833333333333,3.2727517893871436,0.8154155839329488,12.0
nist302-registered:00002360/00002360_1G_R_L01_BP_S06_1000PPI_8BPC_1CH_LP03-1_1,00002360,0.024465257222372187,0.13123795565201285,16.114502138026896,0.6016737230320643,5209.0,0.4531169533729553,0.5284762503294184,0.07564786585365854,4.533886775421556,0.5589011765961677,41.0,0.006552728112259532,0.056964723568178686,21.835778515456227,0.4626706405762215,5209.0,0.40663671493530273,0.504400252687387,0.09565548780487805,3.371602236397683,0.818573095625379,41.0
nist302-registered:00002360/00002360_1G_R_L01_BP_S06_1000PPI_8BPC_1CH_LP09-1_1,00002360,0.025485748969782146,0.12343236530547273,15.937025989336638,0.41434411357651585,4817.0,0.5052123665809631,0.5769201959053228,0.105859375,8.205568259415644,0.6675138876325525,30.0,0.004933417619895106,0.04748979332116919,23.06852119417412,0.5092469597056956,4817.0,0.2982215881347656,0.4714602893527376,0.122265625,3.8536684730547752,0.9746460058017278,30.0
nist302-registered:00002360/00002360_1H_L_L01_BP_S06_1000PPI_8BPC_1CH_LP06-1_1,00002360,0.0035323652172491978,0.05005010295473786,24.519344003277176,0.5864251080901847,1747.0,0.22479724884033203,0.30527603797852715,nan,nan,nan,0.0,0.04779238151055215,0.19128532990020006,13.20641327898922,0.12284076147267693,1747.0,0.6029896140098572,0.22502294471216386,nan,nan,nan,0.0
nist302-registered:00002360/00002360_4G_X_336_IN_D800_1000PPI_8BPC_1CH_LP02-1_1,00002360,0.05090735976276256,0.14552419652795842,12.932194264393274,0.3743026008488681,2851.0,0.7316915094852448,0.6489369921037861,0.045703125,8.652606023141809,0.45172133006820925,10.0,0.04126908503200625,0.15699284488445664,13.843751596652476,0.34090828741958895,2851.0,0.7962162494659424,0.6296675496836452,0.09140625,5.122375575098066,1.107884466260827,10.0
nist302-registered:00002360/00002360_5A_X_793_IN_D800_1000PPI_8BPC_1CH_LP04-1_1,00002360,0.031492544583447905,0.1280834422507715,15.017922471467768,0.363776375313155,1712.0,0.6799236238002777,0.39180182620260134,nan,nan,nan,0.0,0.014864063723769695,0.09124028848083778,18.27862441481339,0.35716217251796073,1712.0,0.4731801152229309,0.39297265954364174,nan,nan,nan,0.0
nist302-registered:00002360/00002360_5A_X_796_IN_D800_1000PPI_8BPC_1CH_LP01-1_1,00002360,0.01713641258273867,0.11310388120259429,17.660800901484425,0.42892857783450283,1189.0,0.4337436258792877,0.268929356032659,nan,nan,nan,0.0,0.009347900979890368,0.07338177294316063,20.29285896634429,0.3903705177499838,1189.0,0.43048834800720215,0.18143287100082262,nan,nan,nan,0.0
nist302-registered:00002360/00002360_5A_X_796_IN_D800_1000PPI_8BPC_1CH_LP02-1_1,00002360,0.02631741667550583,0.12654225610909614,15.797567434256784,0.3221823059231027,721.0,0.7370969504117966,0.35157302740743107,nan,nan,nan,0.0,0.022806100295265367,0.09427650258379075,16.419489700954884,0.44690740797959744,721.0,0.5274428874254227,0.05335959113772222,nan,nan,nan,0.0
nist302-registered:00002360/00002360_6D_X_062_WT_D800_1000PPI_8BPC_1CH_LP03-1_1,00002360,0.04227309606614126,0.1380170986984887,13.739359434366452,0.36564579716471307,1011.0,0.5945400893688202,0.21553459239207404,nan,nan,nan,0.0,0.023044025376701888,0.09580570205854497,16.37441655188458,0.3896234727471792,1011.0,0.6568343937397003,0.2185488304576072,nan,nan,nan,0.0
nist302-registered:00002372/00002372_1C_R_L01_BP_S12_1000PPI_8BPC_1CH_LP01-1_1,00002372,0.0012808600343331188,0.028832008913020627,28.924983250858105,0.7343965604221262,2148.0,0.1014147400856018,0.0717162322271332,nan,nan,nan,0.0,0.07035370624650361,0.23121078499702102,11.527130189114349,0.0920275627650842,2148.0,0.578882098197937,0.08539597262601226,nan,nan,nan,0.0
nist302-registered:00002372/00002372_1C_R_L01_BP_S12_1000PPI_8BPC_1CH_LP03-1_1,00002372,0.00900759212884773,0.0736522299719881,20.453912872575085,0.47793626477909334,838.0,0.4272231459617615,0.0481693550609659,nan,nan,nan,0.0,0.02519421058938806,0.14493533887129126,15.986992448511266,0.2024389226560086,838.0,0.37095826864242554,0.14712594901176332,nan,nan,nan,0.0
nist302-registered:00002372/00002372_1D_L_L01_BP_S12_1000PPI_8BPC_1CH_LP03-1_1,00002372,0.0035650416631549937,0.04549001551359167,24.479353903639858,0.6408521189929755,2507.0,0.19823431968688965,0.08381541059650811,nan,nan,nan,0.0,0.018279302385929924,0.1265151842115027,17.3804038276643,0.3050598986993519,2507.0,0.3397578001022339,0.18463795894306215,nan,nan,nan,0.0
nist302-registered:00002372/00002372_1D_R_L01_BP_S12_1000PPI_8BPC_1CH_LP03-1_1,00002372,0.0041308983347164326,0.04639445865960946,23.83955493286539,0.689477949578726,1330.0,0.1915474534034729,0.08140470294932557,nan,nan,nan,0.0,0.03581800938395917,0.17358832610280892,14.458985540979508,0.2112458903808522,1330.0,0.39406871795654297,0.056523411634871124,nan,nan,nan,0.0
nist302-registered:00002372/00002372_1D_R_L01_BP_S12_1000PPI_8BPC_1CH_LP07-1_1,00002372,0.005513950298239294,0.05948380156771477,22.58537152865301,0.6621615820984423,1413.0,0.21834635734558105,0.17647684376663306,nan,nan,nan,0.0,0.02089157257041561,0.12440302765546585,16.80028868159993,0.24843951994067703,1413.0,0.42407554388046265,0.2429373297239177,nan,nan,nan,0.0
nist302-registered:00002372/00002372_1E_R_L01_BP_S12_1000PPI_8BPC_1CH_LP04-1_1,00002372,0.025874005003183747,0.12641969068916992,15.871363422088585,0.4784686648265812,4091.0,0.4376002550125122,0.49379947486199605,0.06178977272727273,5.972462596590332,0.8200601152864189,22.0,0.010686558876039396,0.08229026663889077,19.711621172171988,0.4273372640751518,4091.0,0.29294639825820923,0.7169485984457104,0.13121448863636365,7.806666547644958,1.7704362019632602,22.0
nist302-registered:00002372/00002372_1G_L_L01_BP_S12_1000PPI_8BPC_1CH_LP02-1_1,00002372,0.019663516120333662,0.11242443570132003,17.06338821441684,0.6120014394985636,5128.0,0.51466503739357,0.47348746495078314,0.07183159722222222,6.381348136501082,0.6744152837920093,54.0,0.010668122712036893,0.07573290225612392,19.719119974015488,0.2800707312063565,5128.0,0.43076246976852417,0.47953952374312825,0.107421875,5.010176069464495,1.1840174862038446,54.0
nist302-registered:00002372/00002372_1H_R_L01_BP_S12_1000PPI_8BPC_1CH_LP10-1_1,00002372,0.008347417177634308,0.06291453838852232,20.784478812852527,0.5640071325150493,1183.0,0.453300803899765,0.09427027766150314,nan,nan,nan,0.0,0.03741520162176957,0.1838686038454206,14.269519101232655,0.06125477817225229,1183.0,0.4217560887336731,0.09642953253443622,nan,nan,nan,0.0
nist302-registered:00002372/00002372_2B_X_L01_BP_S12_1000PPI_8BPC_1CH_LP14-1_1,00002372,0.012330144678480233,0.0643780180853142,19.09031827483994,0.5798185106173162,1878.0,0.49846768379211426,0.292440884799122,nan,nan,nan,0.0,0.03392402280412959,0.16393057357706328,14.694926535248673,0.2022412404231687,1878.0,0.4432426691055298,0.40560625335298445,nan,nan,nan,0.0
nist302-registered:00002402/00002402_1D_L_L01_BP_S10_1000PPI_8BPC_1CH_LP02-1_1,00002402,0.011770511718699144,0.07022969717542157,19.29204655952111,0.4926771532896934,916.0,0.37926071882247925,0.21999844251207107,nan,nan,nan,0.0,0.03784619099120362,0.18275203142624236,14.219778232905558,0.06333525659704808,916.0,0.4012712240219116,0.23950518658571,nan,nan,nan,0.0
nist302-registered:00002402/00002402_1D_L_L01_BP_S10_1000PPI_8BPC_1CH_LP05-1_1,00002402,0.012878728578803296,0.0832036214748834,18.901270095278285,0.4603950247752978,2155.0,0.3946865200996399,0.31101662082342557,nan,nan,nan,0.0,0.031335078072366435,0.14334353273539974,15.039692189038318,0.23913981388732114,2155.0,0.5538399517536163,0.526913308483476,nan,nan,nan,0.0
nist302-registered:00002402/00002402_1D_L_L01_BP_S10_1000PPI_8BPC_1CH_LP06-1_1,00002402,0.008666825245663127,0.07165104936429784,20.62139960285032,0.568201236007617,1358.0,0.3203023672103882,0.1602118080719604,nan,nan,nan,0.0,0.027666078681076275,0.1429239371037097,15.580523922813317,0.21419610805546174,1358.0,0.41858404874801636,0.44725868381667583,nan,nan,nan,0.0
nist302-registered:00002402/00002402_1E_L_L01_BP_S10_1000PPI_8BPC_1CH_LP07-1_1,00002402,0.0018772410824079357,0.03521103811525677,27.264799500551966,0.7285146653874813,729.0,0.15690165758132935,0.04498295878385533,nan,nan,nan,0.0,0.020260409655761907,0.1354324645139226,16.9335177766092,0.22561235682890157,729.0,0.27453768253326416,0.0440106343708605,nan,nan,nan,0.0
nist302-registered:00002402/00002402_1E_R_L01_BP_S10_1000PPI_8BPC_1CH_LP01-1_1,00002402,0.011317040649376123,0.08449577363759186,19.46267124178838,0.48307693055432244,5136.0,0.3914121389389038,0.34734744904315634,0.0486328125,3.1470201995751994,0.3657983661495704,40.0,0.01877080374309092,0.12055333489058917,17.265171310165886,0.4017379173527371,5136.0,0.3740580081939697,0.6851965737968356,0.08701171875,2.8814658100041837,0.675654078940501,40.0
nist302-registered:00002402/00002402_1F_L_L01_BP_S10_1000PPI_8BPC_1CH_LP02-1_1,00002402,0.005049701185268038,0.05486076545893201,22.96734320382088,0.6222705559445663,3217.0,0.2987845540046692,0.19113128547136252,0.07329963235294118,4.7261781243309136,0.8485649921229609,17.0,0.019898378836966237,0.12885675305789548,17.01182305039528,0.37953649368390785,3217.0,0.48791372776031494,0.601842319207066,0.10386029411764706,5.6554226772238385,1.2490879904651235,17.0
nist302-registered:00002402/00002402_1H_R_L01_BP_S10_1000PPI_8BPC_1CH_LP18-1_1,00002402,0.007420567968833267,0.0618065679021616,21.29562852633363,0.5793397705647783,3227.0,0.5060596168041229,0.1767200984117502,0.06875,5.020746764876397,0.534593845268508,10.0,0.015863372617453315,0.10392613138692978,17.99604474430965,0.3646060844883989,3227.0,0.28965121507644653,0.2356877608186723,0.108984375,4.371884976652706,1.0422806096951525,10.0
nist302-registered:00002402/00002402_5A_X_770_IN_D800_1000PPI_8BPC_1CH_LP02-1_1,00002402,0.008399647313814379,0.06923600860937741,20.7573894880477,0.4900336221514519,1277.0,0.4181119203567505,0.11566077736146824,nan,nan,nan,0.0,0.0034160772323832177,0.03536257976279561,24.664723191251024,0.5838249393859893,1277.0,0.310330331325531,0.13428783838383654,nan,nan,nan,0.0
nist302-registered:00002402/00002402_5A_X_770_IN_D800_1000PPI_8BPC_1CH_LP08-1_1,00002402,0.05469872978873105,0.19544560736098573,12.620227587150163,0.2964574962995227,3702.0,0.6851668059825897,0.28517031970042683,0.07672991071428571,8.643686883862735,0.7228195327295897,14.0,0.022403877099580725,0.11884358077325623,16.496768183957407,0.25854924403800694,3702.0,0.6064195930957794,0.3214212958114944,0.10100446428571429,5.497159903287733,1.1423210634839098,14.0
nist302-registered:00002402/00002402_6C_X_192_BT_D800_1000PPI_8BPC_1CH_LP03-1_1,00002402,0.01303564886016406,0.08751423904931643,18.848673465919056,0.5376544810373783,4122.0,0.481731653213501,0.4998387089041552,0.08671875,10.27285193569576,0.6464767168562112,30.0,0.004669543609075615,0.039480955550995685,23.307255643473663,0.5198888656775215,4122.0,0.41282719373703003,0.6866349559344693,0.13424479166666667,6.612224769824124,1.5305854874344986,30.0
nist302-registered:00002405/00002405_1C_L_L01_BP_S11_1000PPI_8BPC_1CH_LP08-1_1,00002405,0.01888983922174249,0.10276737730648966,17.237717384999346,0.4832497246351796,2239.0,0.509736180305481,0.41632762577852783,nan,nan,nan,0.0,0.010186831795151698,0.07553245982403944,19.919608648478878,0.4445952251483732,2239.0,0.5067847967147827,0.19404660713853486,nan,nan,nan,0.0
nist302-registered:00002405/00002405_1C_L_L01_BP_S11_1000PPI_8BPC_1CH_LP10-1_1,00002405,0.014736245142615427,0.08773687749613271,18.316131624458404,0.5600982730756925,2627.0,0.5106118023395538,0.2199594000108645,0.0625,9.78450708380863,0.523325827310647,7.0,0.009754018954297885,0.07969489793474338,20.10816404809761,0.4285756691597201,2627.0,0.37435048818588257,0.24828406671024147,0.12165178571428571,5.553567805582509,1.3683703323172014,7.0
nist302-registered:00002405/00002405_1C_L_L01_BP_S11_1000PPI_8BPC_1CH_LP11-1_1,00002405,0.04460098608782085,0.1600282277379717,13.50655539320031,0.3895700524923326,2009.0,0.49833714962005615,0.31777904759114994,nan,nan,nan,0.0,0.03144750830052743,0.14752124022227012,15.024137595732736,0.3181106823436037,2009.0,0.4747622609138489,0.468194308194909,nan,nan,nan,0.0
nist302-registered:00002405/00002405_1D_R_L01_BP_S11_1000PPI_8BPC_1CH_LP04-1_1,00002405,0.002257907114059138,0.043208783774260656,26.462939280803614,0.76604010699765,1117.0,0.1253320574760437,0.08269109786432524,nan,nan,nan,0.0,0.043431403148825785,0.19327381415994657,13.621961395544522,0.04161008057264629,1117.0,0.5083524882793427,0.17389931316934712,nan,nan,nan,0.0
nist302-registered:00002405/00002405_1D_R_L01_BP_S11_1000PPI_8BPC_1CH_LP05-1_1,00002405,0.0018102607481849382,0.03553186528399209,27.42258865273414,0.779105972996256,1026.0,0.1358928084373474,0.07636730700269073,nan,nan,nan,0.0,0.04009503995510359,0.18957268218664167,13.969093494088224,0.05635808933292382,1026.0,0.4915115237236023,0.08915861958750064,nan,nan,nan,0.0
nist302-registered:00002405/00002405_1E_L_L01_BP_S11_1000PPI_8BPC_1CH_LP06-1_1,00002405,0.005107753936494644,0.04356622212476554,22.9177003282534,0.6957694643163261,1461.0,0.3915429711341858,0.07770471045498399,nan,nan,nan,0.0,0.031490184074485804,0.15226286127500385,15.018248007067463,0.40593880292961176,1461.0,0.5737372934818268,0.029779574301964273,nan,nan,nan,0.0
nist302-registered:00002405/00002405_1E_R_L02_BP_S11_1000PPI_8BPC_1CH_LP01-1_1,00002405,0.0015524717914362606,0.030802662719883377,28.089762822527497,0.7236267434327717,1119.0,0.17593473196029663,0.058683657557532756,nan,nan,nan,0.0,0.03950689320904923,0.1835678730616088,14.033271215515937,0.09138217250383156,1119.0,0.5203656256198883,0.13059377549021464,nan,nan,nan,0.0
nist302-registered:00002405/00002405_1E_R_L02_BP_S11_1000PPI_8BPC_1CH_LP03-1_1,00002405,0.0024537901894332013,0.03908571735505135,26.10162574236101,0.6846344829752119,1085.0,0.27710843086242676,0.07344521493101525,nan,nan,nan,0.0,0.023502485220981927,0.14881662416018648,16.28886211741385,0.2342380551612837,1085.0,0.24631816148757935,0.05809074053157511,nan,nan,nan,0.0
nist302-registered:00002405/00002405_1F_L_L01_BP_S11_1000PPI_8BPC_1CH_LP01-1_1,00002405,0.001221072159493392,0.026921259344748733,29.132586705810777,0.7057042592391604,954.0,0.1313239336013794,0.2122688970404151,nan,nan,nan,0.0,0.03759747515620589,0.1913574061803598,14.248413189698127,0.220374666302383,954.0,0.2976917028427124,0.10934244991429005,nan,nan,nan,0.0
nist302-registered:00002405/00002405_1F_L_L01_BP_S11_1000PPI_8BPC_1CH_LP02-1_1,00002405,0.0009002054866856905,0.024896638275220477,30.456583443968093,0.7416026738562753,928.0,0.09692716598510742,0.13656474903448537,nan,nan,nan,0.0,0.034864376582117225,0.1789318491415731,14.576180961084832,0.0882321611834178,928.0,0.4227529764175415,0.10971409833826234,nan,nan,nan,0.0
nist302-registered:00002405/00002405_6E_X_064_BT_D800_1000PPI_8BPC_1CH_LP10-1_1,00002405,0.06299810461924689,0.1595779892709416,12.006725166699878,0.23350133644618967,3307.0,0.9341684654355049,0.6831345427023302,0.05685763888888889,4.004366070620345,0.36164480997239923,9.0,0.021341851598611516,0.09966830979995508,16.70767904303512,0.18748977877919126,3307.0,0.8415990695357323,0.7270070370007118,0.09505208333333333,3.641357365513329,0.8161266602478161,9.0
nist302-registered:00002406/00002406_1D_L_L01_BP_S21_1000PPI_8BPC_1CH_LP03-1_1,00002406,0.021297049048191158,0.11069742940066374,16.71680568902663,0.44679399295899924,3503.0,0.35822832584381104,0.5527329386107513,0.06966145833333333,4.043404106441561,0.49805663039199993,24.0,0.013080663152548657,0.09857704203502471,18.83370237954264,0.39386940168249573,3503.0,0.2820852994918823,0.23143075734851437,0.06966145833333333,2.77513828444961,0.493412715730889,24.0
nist302-registered:00002406/00002406_1F_R_L01_BP_S21_1000PPI_8BPC_1CH_LP04-1_1,00002406,0.005966227717629023,0.059106245220584025,22.243001746041333,0.5210225308698232,2720.0,0.4096476435661316,0.27387195390590513,0.08902138157894737,4.33104898764991,0.6313108881890205,19.0,0.016069141616659247,0.10461787504746634,17.940073218119494,0.25994742636205953,2720.0,0.3500564694404602,0.4890403001892216,0.08778782894736842,3.4145545444767946,0.6621998655385829,19.0
nist302-registered:00002406/00002406_1G_L_L01_BP_S21_1000PPI_8BPC_1CH_LP01-1_1,00002406,0.024631404853368632,0.13011816357632716,16.08510817447684,0.39649090990356506,3320.0,0.42224833369255066,0.7386341105671935,0.06711647727272728,5.1799194195795035,0.43421455307021034,22.0,0.006579538714902341,0.05833561039832701,21.8180455328497,0.3526960957966284,3320.0,0.30355775356292725,0.8040906735938427,0.083984375,3.251685507144558,0.724118225938036,22.0
nist302-registered:00002406/00002406_1H_R_L01_BP_S21_1000PPI_8BPC_1CH_LP01-1_1,00002406,0.009373569624069966,0.07893884933221963,20.280949904554888,0.5836581526082829,2047.0,0.3557860255241394,0.1815257397487334,nan,nan,nan,0.0,0.022241657775200843,0.14047987438086829,16.528328458763923,0.42814536166309786,2047.0,0.4170949459075928,0.34400537337201176,nan,nan,nan,0.0
nist302-registered:00002406/00002406_6D_X_184_WT_D800_1000PPI_8BPC_1CH_LP10-1_1,00002406,0.04387523058367111,0.1408044758361469,13.577805881112399,0.45530777588404386,2074.0,0.6253409683704376,0.3207247315069282,nan,nan,nan,0.0,0.036288491149684014,0.12608125630547018,14.402310890876555,0.3019293979491656,2074.0,0.6342610418796539,0.36160216073390533,nan,nan,nan,0.0
nist302-registered:00002408/00002408_1D_R_L01_BP_S25_1000PPI_8BPC_1CH_LP02-1_1,00002408,0.0049055911793501605,0.05558181694192122,23.09308647721633,0.6288151510322533,3818.0,0.2687867283821106,0.5954579494488239,0.06089154411764706,7.387221658334162,0.5906028963728994,34.0,0.010478638071979697,0.07932136160594247,19.79695159743517,0.4176138113742119,3818.0,0.2969403862953186,0.4993491662980047,0.13890165441176472,6.280757705902143,1.6267917079874052,34.0
nist302-registered:00002408/00002408_1E_R_L01_BP_S25_1000PPI_8BPC_1CH_LP01-1_1,00002408,0.01834146565095013,0.1059902531117085,17.36565963175959,0.5013944975656037,1801.0,0.29729920625686646,0.454501284765399,0.052083333333333336,6.398186634932777,0.39651186951327205,3.0,0.02200342492322673,0.13485241680923665,16.575097142009582,0.29484751026622097,1801.0,0.3658871650695801,0.3948464370683767,0.1328125,4.832552269298412,1.2135343618513323,3.0
nist302-registered:00002408/00002408_1H_R_L01_BP_S25_1000PPI_8BPC_1CH_LP13-1_1,00002408,0.005636482665380777,0.05834289732836099,22.48991824303608,0.6034905453603663,2115.0,0.3110145926475525,0.12138817429033662,0.076171875,6.242267637616475,0.7442129629629629,4.0,0.028413205599879213,0.1485977094787796,15.464797660728163,0.21219352453732548,2115.0,0.43792232871055603,0.26830077399231367,0.1416015625,5.681003584229391,1.3888888888888888,4.0
nist302-registered:00002408/00002408_2B_X_L03_BP_S25_1000PPI_8BPC_1CH_LP04-1_1,00002408,0.019733941423789505,0.11176814047545704,17.047861652470463,0.5592403440212779,3801.0,0.4656164050102234,0.687298872223211,0.0615625,6.7767743467843555,0.5951094922703608,25.0,0.02770422608930618,0.1542373043522964,15.574539772434123,0.40209803728758153,3801.0,0.4234616160392761,0.789847084772114,0.11734375,4.736979329507833,1.1282444074476141,25.0
nist302-registered:00002408/00002408_2B_X_L03_BP_S25_1000PPI_8BPC_1CH_LP11-1_1,00002408,0.030598689291971553,0.1243047582353808,15.142971763110882,0.3273448855990589,3627.0,0.5483948886394501,0.15578244637759203,0.05234375,6.477026751345261,0.3689125556413935,5.0,0.01652145347683083,0.09152042753183057,17.819517482263013,0.4075904553945122,3627.0,0.4177367091178894,0.24511206408723066,0.1140625,3.7112214672246906,0.8960662914321451,5.0
nist302-registered:00002408/00002408_6C_X_073_BT_D800_1000PPI_8BPC_1CH_LP04-1_1,00002408,0.015399177804121715,0.0728676887204945,18.125024664794672,0.42433545384756133,3858.0,0.5834022164344788,0.39855506725629014,0.076171875,3.7199974855751523,0.43607824844691345,28.0,0.008886802426021616,0.06311498268735785,20.512544750857412,0.3851421529734957,3858.0,0.5428643822669983,0.5707818006411725,0.060546875,2.0801120056739926,0.47417554356396385,28.0
nist302-registered:00002408/00002408_6C_X_073_BT_D800_1000PPI_8BPC_1CH_LP07-1_1,00002408,0.006942010847194042,0.058948079872498615,21.585147120600496,0.40814607208414366,779.0,0.33681720495224,0.18603830130560906,nan,nan,nan,0.0,0.0020298783409732906,0.02696671087261342,26.925299903760866,0.5652498126820299,779.0,0.3130740523338318,0.17096093396644077,nan,nan,nan,0.0
nist302-registered:00002412/00002412_1D_L_L01_BP_S06_1000PPI_8BPC_1CH_LP04-1_1,00002412,0.0037886998528505224,0.04971006587954635,24.21509798898668,0.6587293651234295,1662.0,0.1988646388053894,0.10346023357237252,nan,nan,nan,0.0,0.024300440208565924,0.14652588475769035,16.143858589770204,0.16139125356450945,1662.0,0.4122532606124878,0.1060476646796554,nan,nan,nan,0.0
nist302-registered:00002412/00002412_1D_R_L01_BP_S06_1000PPI_8BPC_1CH_LP04-1_1,00002412,0.0029598371937639935,0.04177526686103846,25.287321767094646,0.6190636539857421,2093.0,0.17711234092712402,0.10802266002172091,nan,nan,nan,0.0,0.013247071855326328,0.102058068138529,18.778801079618873,0.39536203665418784,2093.0,0.22976434230804443,0.1467260483588415,nan,nan,nan,0.0
nist302-registered:00002412/00002412_1E_R_L02_BP_S06_1000PPI_8BPC_1CH_LP01-1_1,00002412,0.0017050698112398765,0.03287393366447603,27.682578348441687,0.7231897756009567,1980.0,0.10548073053359985,0.17441333076732574,nan,nan,nan,0.0,0.03646748199886933,0.17589109108002499,14.3809422275009,0.2405406172682509,1980.0,0.43816399574279785,0.27772151868620065,nan,nan,nan,0.0
nist302-registered:00002412/00002412_4A_X_354_IN_D800_1000PPI_8BPC_1CH_LP24-1_1,00002412,0.016682855303337293,0.10008741429901748,17.777296169860712,0.31762847354615686,1222.0,0.39723390340805054,0.8046771948567636,nan,nan,nan,0.0,0.016555408115588217,0.10184168279073437,17.810601087709717,0.3499126943154606,1222.0,0.30443471670150757,0.687540310112448,nan,nan,nan,0.0
nist302-registered:00002412/00002412_4A_X_357_IN_D800_1000PPI_8BPC_1CH_LP24-1_1,00002412,0.041565121249143,0.15926765841093865,13.8127094828474,0.33076279102776734,2631.0,0.7864414751529694,0.3291107900360974,nan,nan,nan,0.0,0.030017251082416402,0.12669495211405157,15.226290820594633,0.38940079097748215,2631.0,0.7583865374326706,0.3369494304417168,nan,nan,nan,0.0
nist302-registered:00002412/00002412_4A_X_358_IN_D800_1000PPI_8BPC_1CH_LP07-1_1,00002412,0.11482425061141004,0.2537685427318961,9.399663802787865,0.2047652505997689,3682.0,0.8487850725650787,0.31017368936683226,0.10670230263157894,10.398357777324778,0.5616508885149849,19.0,0.050822056656918566,0.180267263780561,12.939477639869905,0.1939054283879814,3682.0,0.6827682256698608,0.3075458770676737,0.05057565789473684,2.514672578575228,0.40774968764038594,19.0
nist302-registered:00002412/00002412_7C_X_569_CA_D800_1000PPI_8BPC_1CH_LP03-1_1,00002412,0.026458781444941987,0.1245909402770812,15.77430161052667,0.2571954243713766,3317.0,0.6136876940727234,0.626932354743284,0.077734375,4.978677552328493,0.633346680534969,10.0,0.01993265971112874,0.11122671402215886,17.004347474210327,0.17095375818742078,3317.0,0.5490328073501587,0.5836269715853278,0.087109375,3.1182332326275892,0.7547308131370369,10.0
nist302-registered:00002413/00002413_1D_R_L01_BP_S24_1000PPI_8BPC_1CH_LP01-1_1,00002413,0.008622332302363405,0.06625531051193667,20.643752435672912,0.5157457274919971,1989.0,0.29331207275390625,0.25139593931044707,nan,nan,nan,0.0,0.013359744447276773,0.10333613580108708,18.74201849210699,0.429610399949331,1989.0,0.27884581685066223,0.38279330524538324,nan,nan,nan,0.0
nist302-registered:00002413/00002413_4G_X_347_IN_D800_1000PPI_8BPC_1CH_LP16-1_1,00002413,0.014860921705119729,0.09367060937812585,18.279542538975342,0.40412651763348734,3115.0,0.4144951403141022,0.27633109479512136,0.037760416666666664,2.014141872965402,0.25588972431077694,3.0,0.01602957771030364,0.10570912895003635,17.950779187251207,0.3987338118217204,3115.0,0.49728482961654663,0.5190878569331592,0.045572916666666664,1.617235477700594,0.3258145363408521,3.0
nist302-registered:00002426/00002426_1C_L_L01_BP_S04_1000PPI_8BPC_1CH_LP04-1_1,00002426,0.008510372547942431,0.06657900422774395,20.70051427932541,0.47782603594407497,803.0,0.25001585483551025,0.1739271816966953,nan,nan,nan,0.0,0.009481360144202656,0.08488398396953996,20.231293566756197,0.33116254087354097,803.0,0.27158045768737793,0.17238652418473965,nan,nan,nan,0.0
nist302-registered:00002426/00002426_1C_R_L01_BP_S04_1000PPI_8BPC_1CH_LP01-1_1,00002426,0.009634076636463894,0.07368984425626932,20.16189903313156,0.48484049034429055,3156.0,0.3613664507865906,0.237290045093659,0.1171875,3.1937417220409285,0.8578231292517007,2.0,0.0027914126719952633,0.038863060648903644,25.54175954295306,0.634042257984989,3156.0,0.31528031826019287,0.1990096985821777,0.021484375,1.0489520504558096,0.16394557823129252,2.0
nist302-registered:00002426/00002426_1C_R_L01_BP_S04_1000PPI_8BPC_1CH_LP02-1_1,00002426,0.012400105265299987,0.08427737566933446,19.06574628068017,0.4851111434377735,2106.0,0.3665725588798523,0.2106160702763048,nan,nan,nan,0.0,0.0059931485252738646,0.06448829216495199,22.22344959262038,0.4968699371203378,2106.0,0.298799991607666,0.1740408481918226,nan,nan,nan,0.0
nist302-registered:00002426/00002426_1C_R_L01_BP_S04_1000PPI_8BPC_1CH_LP03-1_1,00002426,0.0075026158092327344,0.062137934118049985,21.247872921480212,0.5398651655190012,2271.0,0.30239105224609375,0.11838256330726521,nan,nan,nan,0.0,0.006108277005081239,0.057553670286659836,22.140812762897472,0.5043051129699778,2271.0,0.30219584703445435,0.24283712216405634,nan,nan,nan,0.0
nist302-registered:00002426/00002426_1C_R_L01_BP_S04_1000PPI_8BPC_1CH_LP04-1_1,00002426,0.004715831577920945,0.05171263834895796,23.264417137732384,0.6845812315915472,1111.0,0.25571054220199585,0.11547759540372957,nan,nan,nan,0.0,0.010412588402093364,0.08748711325047147,19.82441298441976,0.6197277565575491,1111.0,0.27421140670776367,0.16254504476890447,nan,nan,nan,0.0
nist302-registered:00002426/00002426_1C_X_L01_BP_S04_1000PPI_8BPC_1CH_LP01-1_1,00002426,0.01571895851515097,0.08912648248860217,18.035762322219856,0.4577278165562761,2413.0,0.5040765106678009,0.11228238564215452,0.03125,3.1030303030303035,0.26666666666666666,1.0,0.0068527704597017534,0.06342408170949064,21.64133815060536,0.5390481872072026,2413.0,0.25961506366729736,0.1606058425388576,0.0234375,2.133333333333333,0.2,1.0
nist302-registered:00002426/00002426_1C_X_L01_BP_S04_1000PPI_8BPC_1CH_LP06-1_1,00002426,0.006730676785337991,0.045257316149749864,21.71941264251529,0.6293494849354436,1396.0,0.493944376707077,0.11239917412822341,nan,nan,nan,0.0,0.01931156880572013,0.12728486788648588,17.141824441909584,0.366563387849512,1396.0,0.3401455879211426,0.6178722761185194,nan,nan,nan,0.0
nist302-registered:00002426/00002426_1E_L_L01_BP_S04_1000PPI_8BPC_1CH_LP01-1_1,00002426,0.004218726607210156,0.049751916824481185,23.748186179760612,0.612356711726628,2310.0,0.347095251083374,0.12203084657215822,nan,nan,nan,0.0,0.027860477807831373,0.15355155873092222,15.550114396878927,0.31348300404013757,2310.0,0.36100858449935913,0.16446581353620499,nan,nan,nan,0.0
nist302-registered:00002426/00002426_1E_L_L01_BP_S04_1000PPI_8BPC_1CH_LP02-1_1,00002426,0.006348538514362705,0.0580971892984187,21.973262413537515,0.5834145821831122,2440.0,0.5308730900287628,0.19169251087181743,0.06705729166666667,5.166325515684839,0.4234796450629083,6.0,0.01864310722152881,0.12377558371326962,17.294817026739725,0.3934631181357422,2440.0,0.43561312556266785,0.44030161846134175,0.044921875,2.103800401001152,0.32870926994928257,6.0
nist302-registered:00002426/00002426_1E_L_L01_BP_S04_1000PPI_8BPC_1CH_LP03-1_1,00002426,0.002733127461044411,0.042267813546928816,25.63340114250459,0.6393583165679025,1670.0,0.15616202354431152,0.1092374161047454,nan,nan,nan,0.0,0.03788896600558808,0.1728288031088378,14.214872465116201,0.2612012649300571,1670.0,0.4904078543186188,0.1755482218535253,nan,nan,nan,0.0
nist302-registered:00002426/00002426_1E_R_L01_BP_S04_1000PPI_8BPC_1CH_LP02-1_1,00002426,0.013240101380126445,0.08545220722159831,18.781086894687565,0.4891440537566043,3306.0,0.4652270972728729,0.40051224659199286,nan,nan,nan,0.0,0.01617733923116553,0.10773781960614869,17.910929074609154,0.44536524335478966,3306.0,0.44148749113082886,0.39000195392432235,nan,nan,nan,0.0
nist302-registered:00002426/00002426_1F_R_L01_BP_S04_1000PPI_8BPC_1CH_LP04-1_1,00002426,0.021257530732523136,0.11421386657027424,16.724871843809872,0.5221509099885286,4925.0,0.3511112928390503,1.046658459978998,0.07756696428571429,7.862796076865067,0.7051317282837163,56.0,0.014772035883692214,0.10698727434661788,18.3055964604742,0.4365482347113666,4925.0,0.3000231981277466,0.8650783093694612,0.12269810267857142,5.170719393677958,1.2798411014548827,56.0
nist302-registered:00002426/00002426_1G_L_L01_BP_S04_1000PPI_8BPC_1CH_LP03-1_1,00002426,0.00973168431900589,0.07695321461614844,20.11811987363228,0.547290157866933,2479.0,0.32276690006256104,0.11272166441988243,0.048828125,7.5405294563189305,0.3996083959899749,4.0,0.005571990413814538,0.05765159325332303,22.539896394180367,0.4490702295783911,2479.0,0.24566948413848877,0.15720411492112335,0.1220703125,4.886763758203817,1.1902725563909775,4.0
nist302-registered:00002426/00002426_1G_L_L01_BP_S04_1000PPI_8BPC_1CH_LP04-1_1,00002426,0.012419611347615283,0.0871852651946292,19.058919945158827,0.4606394959184735,821.0,0.2984488904476166,0.05855044322883097,nan,nan,nan,0.0,0.0031291233222111438,0.04440109731218847,25.045773204906272,0.647292573401863,821.0,0.23717159032821655,0.022565844107716292,nan,nan,nan,0.0
nist302-registered:00002426/00002426_4A_X_471_IN_D800_1000PPI_8BPC_1CH_LP01-1_1,00002426,0.027635844758959513,0.1213297387698364,15.585272555784107,0.25544730283178413,4438.0,0.7370224297046661,0.454441152020477,0.05608258928571429,6.292075029263367,0.44779461736287546,14.0,0.015655547753906356,0.09564463711633721,18.05331732752441,0.23928665539063323,4438.0,0.45758020877838135,0.5527852735509965,0.07003348214285714,2.888274697194786,0.5877421661764514,14.0
nist302-registered:00002426/00002426_4A_X_473_IN_D800_1000PPI_8BPC_1CH_LP01-1_1,00002426,0.05926328310282639,0.19500435626281817,12.272142928838836,0.2259751224367156,3497.0,0.8295237272977829,0.3033927559187521,0.05078125,3.7477477477477468,0.5416666666666666,1.0,0.04849925691639672,0.17682861066952002,13.142649154097105,0.13798348464235005,3497.0,0.6169134080410004,0.26341459828458447,0.08984375,5.219858156028368,0.9583333333333334,1.0
nist302-registered:00002426/00002426_4A_X_474_IN_D800_1000PPI_8BPC_1CH_LP02-1_1,00002426,0.05634131826277043,0.1732614118104541,12.491729956969076,0.1871238891889678,2103.0,0.8003399670124054,0.5278858627566881,nan,nan,nan,0.0,0.020346093953029155,0.11287611238994998,16.915189543734165,0.23432018149371453,2103.0,0.5287807285785675,0.5854263443322479,nan,nan,nan,0.0
nist302-registered:00002426/00002426_4A_X_475_IN_D800_1000PPI_8BPC_1CH_LP02-1_1,00002426,0.031665967109292086,0.13108099927671352,14.99407243660186,0.27596412931086267,2148.0,0.6922358721494675,0.6056439237303008,nan,nan,nan,0.0,0.020518861643474644,0.10352557613141487,16.87846736916505,0.24278752743757182,2148.0,0.5508057326078415,0.5034066031420207,nan,nan,nan,0.0
nist302-registered:00002426/00002426_6C_X_185_BT_D800_1000PPI_8BPC_1CH_LP27-1_1,00002426,0.02581510894946117,0.11730613260746706,15.88126037726968,0.4741118612302333,5422.0,0.5459648668766022,0.6310834877774244,0.11024305555555555,9.569304409278697,0.6531030684015704,36.0,0.008228525853093574,0.05496078224496092,20.846779620187096,0.34928290159495645,5422.0,0.5619988739490509,0.5993654200108939,0.0798611111111111,3.4633194445672273,0.7880810683234716,36.0
nist302-registered:00002426/00002426_6C_X_185_BT_D800_1000PPI_8BPC_1CH_LP29-1_1,00002426,0.03962376289725072,0.14465808853482165,14.020442837719092,0.3681413911545876,2396.0,0.5575993955135345,0.2949790228124776,nan,nan,nan,0.0,0.02039320578809951,0.08492419557748533,16.90514498270633,0.4194049121913465,2396.0,0.474338173866272,0.32772017176142504,nan,nan,nan,0.0
nist302-registered:00002426/00002426_6C_X_185_BT_D800_1000PPI_8BPC_1CH_LP30-1_1,00002426,0.033808022868628274,0.14744332455678807,14.7098022652355,0.35786061561444726,3249.0,0.49324703216552734,0.2874415706344391,0.11467633928571429,12.717340405156394,0.6109510662329518,14.0,0.004664161186688472,0.045226561340708925,23.312264493983236,0.43312543973755235,3249.0,0.39969003200531006,0.35168309166249884,0.05078125,1.9159967496382262,0.39631674858568566,14.0
nist302-registered:00002426/00002426_6C_X_185_BT_D800_1000PPI_8BPC_1CH_LP37-1_1,00002426,0.05569524434471662,0.16267848564196224,12.541818863886089,0.36541580523559686,5235.0,0.6069537997245789,0.3872444152313762,0.10328125,6.908727994769849,0.5214592050768044,25.0,0.006094445490558459,0.04918787296089311,22.150658029817663,0.35004047533168414,5235.0,0.5491639971733093,0.5211790629407366,0.08546875,3.1789417348060187,0.785294940018125,25.0
nist302-registered:00002426/00002426_6C_X_185_BT_D800_1000PPI_8BPC_1CH_LP38-1_1,00002426,0.04308467184297955,0.1427399310117231,13.656772105361155,0.35761046407551766,2461.0,0.5619512796401978,0.2600348304564107,nan,nan,nan,0.0,0.024350597246801855,0.1086090564582465,16.13490382383251,0.4398058980211672,2461.0,0.504585862159729,0.16969706138823012,nan,nan,nan,0.0
nist302-registered:00002426/00002426_6C_X_185_BT_D800_1000PPI_8BPC_1CH_LP54-1_1,00002426,0.08763997247986036,0.19835219287731898,10.572977674856666,0.38609016036145055,3693.0,0.7721267193555832,0.39951976555599455,0.06848958333333334,8.517667891565948,0.48435333278298104,15.0,0.036746252836944646,0.10514847297325323,14.347869410752898,0.347461840760986,3693.0,0.8150095492601395,0.4928931572121735,0.13307291666666668,6.944918888623224,1.7972455681419144,15.0
nist302-registered:00002462/00002462_1E_L_L01_BP_S21_1000PPI_8BPC_1CH_LP03-1_1,00002462,0.014951716348254943,0.10112228224923045,18.25308950631108,0.5724696137185917,4443.0,0.5277217030525208,0.49404184280510455,0.056463068181818184,6.062073967132197,0.4695093224441386,33.0,0.012082470119219934,0.09640751020773665,19.178442702278936,0.5589799207638464,4443.0,0.3135611414909363,0.4919180068411225,0.09375,4.960713947723073,1.0246258312114993,33.0
nist302-registered:00002462/00002462_1E_R_L01_BP_S21_1000PPI_8BPC_1CH_LP01-1_1,00002462,0.011935620668906579,0.09025046972314674,19.231549921517782,0.4712930389748614,1769.0,0.2734372019767761,0.4046182194272164,0.08022836538461539,6.915337271259558,0.7841715373886439,13.0,0.01739535180670242,0.10936662334045358,17.595667835783903,0.22425026258076672,1769.0,0.38970106840133667,0.44540962857651445,0.11207932692307693,4.800848268841409,1.178620680495725,13.0
nist302-registered:00002462/00002462_1H_L_L01_BP_S21_1000PPI_8BPC_1CH_LP12-1_1,00002462,0.004489187815892345,0.05270711279917036,23.478322244715145,0.6212800074001181,1571.0,0.22616297006607056,0.15036100850478729,nan,nan,nan,0.0,0.02138172835232045,0.14275495965036142,16.69957192320061,0.4124062579388913,1571.0,0.2511710524559021,0.1566142593515491,nan,nan,nan,0.0
nist302-registered:00002462/00002462_6E_X_093_BT_D800_1000PPI_8BPC_1CH_LP18-1_1,00002462,0.038306937781339964,0.16583228024443897,14.167225637000506,0.35811165106598625,2849.0,0.500538170337677,0.4346918536273795,0.107421875,3.728069848237599,0.5379981134169196,8.0,0.016131461838688375,0.09710621444142965,17.923262749105472,0.28215165486785254,2849.0,0.42003652453422546,0.5723354407623534,0.083984375,2.8562774398306443,0.6508252458629544,8.0
nist302-registered:00002462/00002462_6E_X_093_BT_D800_1000PPI_8BPC_1CH_LP24-1_1,00002462,0.009502684663196646,0.06337064054390903,20.221536821112753,0.638106744683163,1165.0,0.32279109954833984,0.14822660158521977,nan,nan,nan,0.0,0.021450733155514608,0.11093873703940232,16.685578596586048,0.4405328083092547,1165.0,0.3325086832046509,0.23996987904127237,nan,nan,nan,0.0
nist302-registered:00002462/00002462_6E_X_094_BT_D800_1000PPI_8BPC_1CH_LP07-1_1,00002462,0.0261977233011357,0.12893068621526957,15.817364491656058,0.2904784497031667,3767.0,0.5623824596405029,0.28788814332657475,0.08311631944444445,8.39406781392626,0.6757056207223074,18.0,0.030827269408103073,0.13382535574763404,15.110649421405887,0.2157839135446056,3767.0,0.5847579538822174,0.7358781367330605,0.07855902777777778,4.023119662693442,0.8197246300406015,18.0
nist302-registered:00002494/00002494_1D_L_L01_BP_S05_1000PPI_8BPC_1CH_LP03-1_1,00002494,0.0027623722603820912,0.04047359036640217,25.587177958023453,0.7065819880522073,1382.0,0.15009164810180664,0.06218540325519816,nan,nan,nan,0.0,0.02902822958953976,0.15796583491969213,15.371794506629804,0.19908163838141577,1382.0,0.42917340993881226,0.06864292430940792,nan,nan,nan,0.0
nist302-registered:00002494/00002494_1F_L_L01_BP_S05_1000PPI_8BPC_1CH_LP03-1_1,00002494,0.002594853269691036,0.03930462005124177,25.858871950275354,0.6970915265904488,1006.0,0.17672383785247803,0.05900019386977244,nan,nan,nan,0.0,0.022119168343262028,0.14450706443777142,16.55231206061829,0.18333650596081458,1006.0,0.28905075788497925,0.09840239671568858,nan,nan,nan,0.0
nist302-registered:00002494/00002494_1G_L_L01_BP_S05_1000PPI_8BPC_1CH_LP02-1_1,00002494,0.0025296367255432236,0.04077423500541478,25.969418422312103,0.6805739116530326,2116.0,0.25173622369766235,0.4069453030042423,0.0703125,3.5543101737735228,0.4722101928623667,6.0,0.0279226562064609,0.15476007515913145,15.540432708290071,0.16251098279590717,2116.0,0.42812326550483704,0.22760798772254462,0.08528645833333333,3.0051230988746855,0.6522917528352311,6.0
nist302-registered:00002494/00002494_1G_L_L01_BP_S05_1000PPI_8BPC_1CH_LP03-1_1,00002494,0.004800280910294596,0.057489895074033306,23.18733347161672,0.6155533962493079,3417.0,0.19981706142425537,0.3780574414427868,0.07156808035714286,5.412198737870135,0.6671257578064422,28.0,0.006472856438759993,0.05754295641265838,21.889040250762687,0.45294240226358873,3417.0,0.34235644340515137,0.35389110073242636,0.12890625,5.51027006555955,1.4592795947635844,28.0
nist302-registered:00002494/00002494_1G_R_L01_BP_S05_1000PPI_8BPC_1CH_LP02-1_1,00002494,0.0017245558841598543,0.034445276997547625,27.633227277744048,0.7313998670914172,1436.0,0.13312208652496338,0.362559108505666,nan,nan,nan,0.0,0.03428958979769607,0.17560176248337897,14.648377102674601,0.19392222347891236,1436.0,0.4022005796432495,0.4716956184649542,nan,nan,nan,0.0
nist302-registered:00002494/00002494_2B_X_L01_BP_S05_1000PPI_8BPC_1CH_LP05-1_1,00002494,0.013743607446540955,0.09065043095768655,18.618992579246363,0.5179631295552936,6237.0,0.5240146815776825,0.40996817925811074,0.07837975543478261,6.7350033906848426,0.7028877814550831,46.0,0.004240335263050305,0.050090604014210886,23.725998044599752,0.5887090238578288,6237.0,0.3028663694858551,0.750097170524837,0.11565896739130435,4.3555007230834,1.0803127293593922,46.0
nist302-registered:00002494/00002494_4A_X_531_IN_D800_1000PPI_8BPC_1CH_LP10-1_1,00002494,0.08032508103559387,0.22050562244984767,10.951488276402038,0.30490580738969736,4663.0,0.6933389008045197,0.362468892975198,0.08526400862068965,8.904910160297902,0.5346497719519858,29.0,0.027309142624908973,0.12190769570926574,15.636919343939883,0.26328395004898897,4663.0,0.52496537566185,0.3674590017344566,0.08768857758620689,3.5841295350583757,0.8276954362512692,29.0
nist302-registered:00002494/00002494_4A_X_534_IN_D800_1000PPI_8BPC_1CH_LP08-1_1,00002494,0.012987061803971791,0.08759293098140646,18.86489092703491,0.47709701830954737,1512.0,0.40328332781791687,0.08202800554223742,nan,nan,nan,0.0,0.012302386589466065,0.08808388054449723,19.100106298538165,0.4858365019922202,1512.0,0.4563373625278473,0.08023731670304517,nan,nan,nan,0.0
nist302-registered:00002494/00002494_4A_X_536_IN_D800_1000PPI_8BPC_1CH_LP01-1_1,00002494,0.028111023277351904,0.14302867585119247,15.511233452278898,0.3254689914593397,3303.0,0.6139187514781952,0.5567116369210968,0.09779575892857142,9.48519469804919,0.5867893066061453,28.0,0.01985066714865528,0.11594650589658245,17.02224892724004,0.21483831505915138,3303.0,0.45060010254383087,0.6540482794715475,0.07728794642857142,2.5080652546650084,0.5728850631359056,28.0
nist302-registered:00002494/00002494_4A_X_537_IN_D800_1000PPI_8BPC_1CH_LP01-1_1,00002494,0.05445655639548369,0.18064995422434055,12.639498250916121,0.2687166963541155,1078.0,0.5959920287132263,0.2828474820664406,nan,nan,nan,0.0,0.049618613320704656,0.1676186099510246,13.043553770162726,0.31630999756222417,1078.0,0.6602849364280701,0.7740925069660031,nan,nan,nan,0.0
nist302-registered:00002494/00002494_6E_X_183_BT_D800_1000PPI_8BPC_1CH_LP10-1_1,00002494,0.03188190116825982,0.13615747556508145,14.964557888359627,0.2764422037678993,1070.0,0.5981293320655823,0.31407339305326015,nan,nan,nan,0.0,0.01947490974029017,0.10929145058181798,17.10524546460777,0.3669023090571332,1070.0,0.5376114249229431,0.3193054777308135,nan,nan,nan,0.0
nist302-registered:00002494/00002494_6E_X_183_BT_D800_1000PPI_8BPC_1CH_LP14-1_1,00002494,0.011951852061327109,0.07680114600271197,19.225647911433793,0.4986599294346055,1841.0,0.5925075709819794,0.33880595234594685,nan,nan,nan,0.0,0.012025314769396347,0.09327281214244207,19.19903546902342,0.37655449255479406,1841.0,0.3870922029018402,0.17703211912140118,nan,nan,nan,0.0
nist302-registered:00002494/00002494_6E_X_183_BT_D800_1000PPI_8BPC_1CH_LP15-1_1,00002494,0.054303321061387924,0.16233844763756108,12.65173609185931,0.29417310310579486,4598.0,0.747543677687645,0.30496472846620337,0.06201171875,6.067983869074088,0.43266686174032715,24.0,0.03065443191575754,0.14436274835626786,15.135067277552366,0.2966474168904825,4598.0,0.48191261291503906,0.408687971092269,0.06591796875,3.2006166145265014,0.5352247631566203,24.0
nist302-registered:00002494/00002494_6E_X_183_BT_D800_1000PPI_8BPC_1CH_LP15-2_1,00002494,0.06575528431148088,0.18502562361330016,11.820693400990477,0.3076087594666552,3506.0,0.6756310164928436,0.2593204012896568,0.07596982758620689,8.893095328701607,0.4895172744937618,29.0,0.05376133994103147,0.18684346692108522,12.695299155170282,0.18836406379096035,3506.0,0.7462320923805237,0.2503635454112986,0.09011314655172414,3.269330747977872,0.7470944394370447,29.0
nist302-registered:00002494/00002494_6E_X_183_BT_D800_1000PPI_8BPC_1CH_LP25-1_1,00002494,0.05788752033561461,0.17529178420931946,12.374150534324071,0.27461664747082826,5718.0,0.7200978696346283,0.4844338322342137,0.07630208333333334,7.128423355940546,0.5163949883453091,30.0,0.02537018137495235,0.12821157409015674,15.956764279355657,0.25966451351183095,5718.0,0.5851587951183319,0.5341529644048604,0.08294270833333334,3.285502047296373,0.645995864251853,30.0
nist302-registered:00002494/00002494_7D_X_290_CA_D800_1000PPI_8BPC_1CH_LP02-1_1,00002494,0.024931347249713538,0.12999407580965366,16.03254252290168,0.32178091371067613,3997.0,0.507880449295044,0.5725120865787395,0.103515625,7.786316149755605,0.5133321583764868,14.0,0.006546001117388656,0.05747877511719868,21.840239248948514,0.352126228840651,3997.0,0.336246132850647,0.44892352265684393,0.05998883928571429,2.257965818572746,0.38815456943255505,14.0
nist302-registered:00002494/00002494_7D_X_290_CA_D800_1000PPI_8BPC_1CH_LP24-1_1,00002494,0.02440866710447847,0.11692914029342599,16.12455935657574,0.38042486548833454,5331.0,0.5240156054496765,0.33999304125416074,0.057542067307692304,4.719043761534273,0.41546601846352116,26.0,0.0074593094856098725,0.06668412289874814,21.273013736626197,0.36720351280523317,5331.0,0.5528864413499832,0.6004663010983268,0.07542067307692307,3.096625230952439,0.7197667759795875,26.0
nist302-registered:00002495/00002495_1C_R_L01_BP_S24_1000PPI_8BPC_1CH_LP10-1_1,00002495,0.0027862987442085823,0.044131360454753625,25.549723207887304,0.6698482906311818,1178.0,0.1964782476425171,0.3873763907849984,nan,nan,nan,0.0,0.023933469633214775,0.14473212622928294,16.209943371855303,0.10963773122010363,1178.0,0.4442574083805084,0.6253499515326826,nan,nan,nan,0.0
nist302-registered:00002495/00002495_1C_R_L01_BP_S24_1000PPI_8BPC_1CH_LP13-1_1,00002495,0.004380974785655448,0.03284652730638684,23.584292463612485,0.8146058407868801,2577.0,0.5058663189411163,0.1854428287916468,nan,nan,nan,0.0,0.05709696186703544,0.22488407060347837,12.433869999763068,0.2883507235897612,2577.0,0.48457038402557373,0.13591236459794903,nan,nan,nan,0.0
nist302-registered:00002495/00002495_1E_L_L01_BP_S24_1000PPI_8BPC_1CH_LP04-1_1,00002495,0.0019542538291194445,0.03325707223947532,27.09019028423516,0.7430038322319896,793.0,0.15627413988113403,0.06219336408078167,nan,nan,nan,0.0,0.02553207058173494,0.15536603433036564,15.929139636619551,0.10202853417528035,793.0,0.3548398017883301,0.08922764740252884,nan,nan,nan,0.0
nist302-registered:00002495/00002495_1E_R_L01_BP_S24_1000PPI_8BPC_1CH_LP04-1_1,00002495,0.0014576625478221967,0.03083496630326961,28.363430045373615,0.6976987937689323,882.0,0.1321256160736084,0.10394446704759372,nan,nan,nan,0.0,0.020932575466533432,0.14130578952041073,16.79177334389825,0.18640425466271537,882.0,0.21602457761764526,0.13884912185430323,nan,nan,nan,0.0
nist302-registered:00002495/00002495_6E_X_121_BT_D800_1000PPI_8BPC_1CH_LP06-1_1,00002495,0.03520766842903468,0.14085619614249276,14.533627344280315,0.4901354062943142,496.0,0.536600798368454,0.07334585475187756,nan,nan,nan,0.0,0.02802934736939885,0.14055966886301194,15.523870141615294,0.46852408301205833,496.0,0.42535847425460815,0.042605145001853584,nan,nan,nan,0.0
nist302-registered:00002495/00002495_6E_X_121_BT_D800_1000PPI_8BPC_1CH_LP08-1_1,00002495,0.09823352964144995,0.24070413882044095,10.077402509825983,0.20852302647033588,4413.0,0.7783004492521286,0.4676379019907952,0.085625,7.869693528816999,0.5345761006389482,25.0,0.03911936295052558,0.15504121119584893,14.076082262086732,0.19953763136341782,4413.0,0.6486146748065948,0.3516033165732751,0.09015625,2.8937025809213464,0.6670433587855724,25.0
nist302-registered:00002495/00002495_6E_X_121_BT_D800_1000PPI_8BPC_1CH_LP34-1_1,00002495,0.04035114309927513,0.1577530741067457,13.941441577281415,0.39782369790275934,955.0,0.5139036178588867,0.1455779349246166,nan,nan,nan,0.0,0.026778926346199286,0.12704809323655372,15.72206839245906,0.31682974030493605,955.0,0.42924731969833374,0.17344599498086694,nan,nan,nan,0.0
nist302-registered:00002508/00002508_1C_L_L01_BP_S22_1000PPI_8BPC_1CH_LP03-1_1,00002508,0.0036440636551338785,0.04936197670876754,24.384140453016926,0.584450288874752,3698.0,0.23398363590240479,0.33006927502564154,0.059244791666666664,3.1286353337046777,0.5333798353406197,6.0,0.011426149989231287,0.0882411690709912,19.4210007932431,0.4629619965404189,3698.0,0.306524395942688,0.3318749863209407,0.119140625,4.415265104835066,1.1308786539178697,6.0
nist302-registered:00002508/00002508_1C_R_L01_BP_S22_1000PPI_8BPC_1CH_LP02-1_1,00002508,0.005074182044459515,0.0584282155991774,22.946339558202414,0.6549635783985882,3251.0,0.20819830894470215,0.2472974520184086,0.099609375,5.57664972642483,1.0614035087719298,2.0,0.020480190581918,0.13352494585774416,16.886660062757855,0.5025604350448604,3251.0,0.34575730562210083,0.19035712240982433,0.046875,3.668391156962397,0.565531475748194,2.0
nist302-registered:00002508/00002508_1C_R_L01_BP_S22_1000PPI_8BPC_1CH_LP10-1_1,00002508,0.0023371453520875237,0.04017587153139512,26.313142770615407,0.7118719724840733,2807.0,0.15803629159927368,0.4319724337023485,0.06099759615384615,2.462488025172931,0.42004912370939435,13.0,0.029096635257190147,0.1608608964609004,15.361572300424097,0.4065963191814608,2807.0,0.5098909437656403,0.5603722269072733,0.09825721153846154,3.713799244111965,0.6439262804631951,13.0
nist302-registered:00002508/00002508_1D_L_L01_BP_S22_1000PPI_8BPC_1CH_LP02-1_1,00002508,0.005601208949534114,0.05785494392787275,22.51718225949892,0.6370636556718116,2971.0,0.2390804886817932,0.7888397781335695,0.09539473684210527,7.898811031628083,1.2434204630828283,19.0,0.05309064741440842,0.20361093456036553,12.749819786183323,0.3539760259945026,2971.0,0.5792142450809479,0.7313066635711541,0.11430921052631579,9.002866357968667,1.6885791617747112,19.0
nist302-registered:00002508/00002508_1D_L_L01_BP_S22_1000PPI_8BPC_1CH_LP04-1_1,00002508,0.044190914609514666,0.1751212130920961,13.546670098485507,0.638531732907637,5497.0,0.36327528953552246,0.8524447557859451,0.0765749007936508,7.10743361868609,0.7641132350285914,63.0,0.032491873896895826,0.16533565117876076,14.882252409599312,0.44454899649171625,5497.0,0.5660058557987213,0.38114231430055906,0.12524801587301587,5.416555677992355,1.2794280710335375,63.0
nist302-registered:00002508/00002508_1D_R_L01_BP_S22_1000PPI_8BPC_1CH_LP04-1_1,00002508,0.004401774449404726,0.05380253226957107,23.563722148241368,0.6907668668678778,4624.0,0.20836222171783447,0.7924096598059208,0.0771484375,4.027269795660754,0.7931297790268323,44.0,0.025153243066024896,0.1415400893063281,15.994060124021663,0.44261644482996554,4624.0,0.4816843867301941,0.7012520646536535,0.10404829545454546,5.173933176605423,0.9968874552328605,44.0
nist302-registered:00002508/00002508_1E_R_L01_BP_S22_1000PPI_8BPC_1CH_LP01-1_1,00002508,0.01119185487787157,0.08575454553403572,19.51097929873287,0.4788658323801372,1826.0,0.2520288825035095,0.3214127206645488,nan,nan,nan,0.0,0.019575655699897127,0.12210021999553418,17.082836820374354,0.28375840674255787,1826.0,0.36058467626571655,0.12761398330588117,nan,nan,nan,0.0
nist302-registered:00002508/00002508_1F_L_L01_BP_S22_1000PPI_8BPC_1CH_LP05-1_1,00002508,0.011789149193694311,0.07979398380136474,19.285175361955446,0.5715061002568321,6106.0,0.5059904754161835,0.3609939650557015,0.08094113372093023,5.492001821880421,0.9360519773939034,43.0,0.023246584412218572,0.1312122031377645,16.336408483609258,0.5046675052362005,6106.0,0.5181124210357666,0.754353888120976,0.10928415697674419,5.914438204824882,1.300413182419572,43.0
nist302-registered:00002508/00002508_1F_R_L01_BP_S22_1000PPI_8BPC_1CH_LP07-1_1,00002508,0.010168205167027225,0.07962963114653898,19.92755699471273,0.6743971586333118,6507.0,0.27840250730514526,0.7284570977157999,0.07464599609375,4.93021271925663,0.7661212768878909,64.0,0.021724811072930367,0.13864848906678393,16.63043991649864,0.4947394231942791,6507.0,0.31225383281707764,0.8962824932233991,0.10809326171875,5.482557006560638,1.1277615236271887,64.0
nist302-registered:00002508/00002508_6E_X_109_BT_D800_1000PPI_8BPC_1CH_LP10-1_1,00002508,0.03711015443242121,0.15150717052862336,14.305072383483656,0.24779801104750715,1921.0,0.5936675071716309,0.4207074815060233,0.19140625,19.006060606060608,0.8166666666666667,1.0,0.017786170538159955,0.09873758086557502,17.49917547878516,0.23991909099318423,1921.0,0.5985037684440613,0.4343572389528702,0.01953125,0.3878787878787877,0.08333333333333333,1.0
nist302-registered:00002508/00002508_6E_X_109_BT_D800_1000PPI_8BPC_1CH_LP23-1_1,00002508,0.02392101767698143,0.11298299709317262,16.212203480073804,0.32912494893204347,6627.0,0.7910588085651398,0.3536326500845671,0.06901041666666667,7.279980836825254,0.5492756107801626,27.0,0.010808686513631687,0.07891220669005636,19.66227078899671,0.22833850302994904,6627.0,0.48935413360595703,0.43454475545169885,0.08723958333333333,4.179530189800644,0.8435547196247648,27.0
nist302-registered:00002508/00002508_6E_X_109_BT_D800_1000PPI_8BPC_1CH_LP24-1_1,00002508,0.05915388678380738,0.18534472167688937,12.280167142093008,0.32469476382627716,6353.0,0.8589098453521729,0.32999037209601856,0.12514740566037735,10.653558704054594,0.5777630396929132,53.0,0.020946278928291994,0.10227093792714116,16.788931175399078,0.2573239514088831,6353.0,0.8010855168104172,0.28049523016299244,0.05446639150943396,1.551078728990899,0.37954083456429616,53.0
nist302-registered:00002508/00002508_6E_X_109_BT_D800_1000PPI_8BPC_1CH_LP27-1_1,00002508,0.05238974592639762,0.16732915350001223,12.807537077370332,0.30229969841282867,4792.0,0.7403202503919601,0.40155022779321103,0.12909226190476192,8.347866430117682,0.6025981353067233,21.0,0.022527149177804875,0.11511308985928662,16.4729376498659,0.1850304806411785,4792.0,0.502594992518425,0.5583223141576312,0.06473214285714286,1.4932349821555613,0.3657754305198453,21.0
nist302-registered:00002508/00002508_6E_X_109_BT_D800_1000PPI_8BPC_1CH_LP30-1_1,00002508,0.06162724233696052,0.17446080283971213,12.102272654128623,0.2584037858839227,7293.0,0.8539673388004303,0.3942403304781294,0.08465786637931035,6.006488065071387,0.47567911375431116,58.0,0.021751395806619004,0.11075859510729412,16.625128687478675,0.17718464132192477,7293.0,0.7698607742786407,0.4178051588935501,0.07684536637931035,2.4857846488967725,0.5712339417796519,58.0
nist302-registered:00002534/00002534_1C_R_L01_BP_S03_1000PPI_8BPC_1CH_LP07-1_1,00002534,0.006781603185237968,0.05609131036168438,21.686676258677714,0.6293270258907733,2242.0,0.32408878207206726,0.4996860572024658,nan,nan,nan,0.0,0.015175444497425621,0.11702524106966183,18.188585793332997,0.5310768248999278,2242.0,0.2962934672832489,0.42663912632547657,nan,nan,nan,0.0
nist302-registered:00002534/00002534_1E_R_L01_BP_S03_1000PPI_8BPC_1CH_LP04-1_1,00002534,0.019196634650282825,0.11163978013254347,17.167749005108412,0.41708380991007415,4200.0,0.3771381378173828,0.6419595830143977,0.08723958333333333,8.459047980554814,0.5815903142701109,24.0,0.015563583173431072,0.10061950720491863,18.078904090622622,0.31628638078287774,4200.0,0.4936341345310211,0.7264183257645285,0.08333333333333333,4.072462646660889,0.9006136787650615,24.0
nist302-registered:00002534/00002534_1G_L_L01_BP_S03_1000PPI_8BPC_1CH_LP02-1_1,00002534,0.012406325027395373,0.08613346309765525,19.06356845147902,0.4191086937005916,2760.0,0.38856226205825806,0.6249615396308102,0.08138020833333333,2.7554126824525405,0.34857325212387846,6.0,0.020129636661191407,0.12868166393127994,16.961640640315508,0.2873890762452271,2760.0,0.35631996393203735,0.22407703796329187,0.10091145833333333,2.9482345123526055,0.4790099131672157,6.0
nist302-registered:00002534/00002534_1G_R_L01_BP_S03_1000PPI_8BPC_1CH_LP01-1_1,00002534,0.005101399781517815,0.055965006726154405,22.92310640769181,0.5289796013604048,3977.0,0.22804272174835205,0.45336832855890596,0.05970982142857143,3.9326959556741525,0.6385195878503956,7.0,0.011905997351133126,0.09250519804418582,19.24234218406842,0.44071469848049927,3977.0,0.2805231809616089,0.3750294845793399,0.13337053571428573,6.136500162250395,1.4809611207819005,7.0
nist302-registered:00002534/00002534_1G_R_L01_BP_S03_1000PPI_8BPC_1CH_LP03-1_1,00002534,0.009300893229440577,0.07902428541978888,20.314753411246702,0.573780109799642,4622.0,0.3631157875061035,0.4398672071847956,0.058349609375,6.214695875019679,0.5344611316907648,32.0,0.006028830798109914,0.06246808516881209,22.19766904636614,0.6219622368966523,4622.0,0.2627025246620178,0.2850900452979614,0.1259765625,5.789828676216578,1.4269585146474912,32.0
nist302-registered:00002534/00002534_1G_R_L01_BP_S03_1000PPI_8BPC_1CH_LP06-1_1,00002534,0.010885083171644716,0.07962773971765943,19.631682482169747,0.4497246855057811,5150.0,0.5001541674137115,0.43578614038902447,0.07045717592592593,4.462449942496883,0.6045728815205194,27.0,0.00703158849594405,0.06999811505808413,21.529465530608555,0.5695360607219221,5150.0,0.2533656358718872,0.3611484877645299,0.08101851851851852,3.6282678477067796,0.7603555452560061,27.0
nist302-registered:00002534/00002534_1H_L_L01_BP_S03_1000PPI_8BPC_1CH_LP09-1_1,00002534,0.005380921930903084,0.058944797165354654,22.691433088685685,0.5200135395546643,3469.0,0.24003887176513672,0.2258025712241622,0.10286458333333333,2.766257336768882,0.505619361574829,3.0,0.013185974736451177,0.10260661835971502,18.798877606740966,0.31572282936206436,3469.0,0.30164557695388794,0.3509439594190638,0.06770833333333333,2.1219182040289257,0.5096100077036482,3.0
nist302-registered:00002534/00002534_1H_L_L01_BP_S03_1000PPI_8BPC_1CH_LP10-1_1,00002534,0.014136124550672794,0.08853355846261284,18.496696369993387,0.4917470776445029,1924.0,0.5271834135055542,0.18791409483798827,nan,nan,nan,0.0,0.015872179198328826,0.11561177432413161,17.993634419385074,0.3768572637975771,1924.0,0.3416801691055298,0.46395871968854585,nan,nan,nan,0.0
nist302-registered:00002534/00002534_1H_R_L01_BP_S03_1000PPI_8BPC_1CH_LP06-1_1,00002534,0.008366316519732835,0.06700647790712691,20.77465708943404,0.4522646165509958,3788.0,0.43653440475463867,0.5477087620888346,0.055078125,1.221470351171919,0.2427537490206928,10.0,0.011943766469307362,0.09354331020222546,19.228586967501005,0.36905410905275454,3788.0,0.478299617767334,0.7286518440998073,0.06953125,2.1614057663778703,0.3356060022437012,10.0
nist302-registered:00002534/00002534_1H_R_L01_BP_S03_1000PPI_8BPC_1CH_LP07-1_1,00002534,0.011978072768750554,0.08258443145953506,19.216130528338084,0.5009216639787891,2768.0,0.5250352621078491,0.23080456256024895,0.09375,2.3569512296598303,0.553940530782636,5.0,0.014676701275454607,0.10688461472059606,18.33371545159212,0.44867547980603184,2768.0,0.36459285020828247,0.4347373380895018,0.04140625,1.226956844641055,0.24168171326066065,5.0
nist302-registered:00002534/00002534_1H_R_L01_BP_S03_1000PPI_8BPC_1CH_LP11-1_1,00002534,0.016894978315402126,0.1061998711427812,17.722423613029495,0.38004598399194994,4187.0,0.44002699851989746,0.3805895887397988,0.08746603260869565,5.723312969802947,0.44307354149458517,23.0,0.010573539944114661,0.0809274330995007,19.75779589720482,0.3185417669206609,4187.0,0.3915707468986511,0.5894420713205586,0.06606657608695653,1.8993191501773843,0.3942458600865562,23.0
nist302-registered:00002534/00002534_2B_X_L01_BP_S03_1000PPI_8BPC_1CH_LP05-1_1,00002534,0.009587942452601831,0.07955991286333366,20.182745812917503,0.474571247012616,4237.0,0.3400890827178955,0.5797543090738112,0.05447048611111111,5.066931170969934,0.5630322427546929,36.0,0.006175596640084683,0.061492873948785755,22.093210777478017,0.4464738025342503,4237.0,0.3365776538848877,1.000027414938656,0.08940972222222222,4.130324649121237,0.9268797718523527,36.0
nist302-registered:00002534/00002534_2B_X_L02_BP_S03_1000PPI_8BPC_1CH_LP10-1_1,00002534,0.00881103246263849,0.07347171408753908,20.549731986759582,0.5055719409641342,1914.0,0.35286223888397217,0.35658715840492955,nan,nan,nan,0.0,0.014562274197398835,0.10877795733877359,18.367707957472604,0.374781281162532,1914.0,0.2718921899795532,0.349247444057933,nan,nan,nan,0.0
nist302-registered:00002534/00002534_4A_X_427_IN_D800_1000PPI_8BPC_1CH_LP03-1_1,00002534,0.022779001617851093,0.12859990332886398,16.424653145571785,0.41922424379987594,1842.0,0.34638500213623047,0.10626075044578333,nan,nan,nan,0.0,0.01788380049808776,0.10799645928587122,17.475401835290608,0.447158372899054,1842.0,0.44122427701950073,0.12116621430917895,nan,nan,nan,0.0
nist302-registered:00002534/00002534_4A_X_428_IN_D800_1000PPI_8BPC_1CH_LP01-1_1,00002534,0.021722784624325846,0.11517209361759899,16.630845036935487,0.39149942852697506,5338.0,0.7153463959693909,0.2723725357287987,0.07479319852941177,7.817514576744509,0.767004596645994,34.0,0.013577557075078912,0.09025084255238784,18.671783629165002,0.3738997248653855,5338.0,0.45448994636535645,0.3808388017183168,0.09225643382352941,5.00386818560001,0.9881459022094902,34.0
nist302-registered:00002534/00002534_4A_X_430_IN_D800_1000PPI_8BPC_1CH_LP01-1_1,00002534,0.030047990335949206,0.1344010215382398,15.221845690919851,0.44602997203529837,1579.0,0.47096821665763855,0.21773303728241364,nan,nan,nan,0.0,0.03276777727961367,0.13596987380794215,14.845530169007407,0.4167374253797188,1579.0,0.6672457456588745,0.2881239932427537,nan,nan,nan,0.0
nist302-registered:00002534/00002534_4A_X_431_IN_D800_1000PPI_8BPC_1CH_LP02-1_1,00002534,0.0353733760730617,0.14984292098420057,14.51323488674628,0.30882228913194554,4006.0,0.5603344440460205,0.5045752266211598,0.07906788793103449,4.429382541610228,0.6262902359579342,29.0,0.04026376548247606,0.15932295449855502,13.950856121649398,0.18809309926882464,4006.0,0.6736718714237213,0.7618966376352808,0.07947198275862069,3.488097824557332,0.7604502006817694,29.0
nist302-registered:00002534/00002534_6D_X_123_WT_D800_1000PPI_8BPC_1CH_LP01-1_1,00002534,0.035214487883329336,0.134138274181178,14.532786230763177,0.37665553496116044,6149.0,0.6144521534442902,0.5214676461740513,0.07439630681818182,6.000323457891249,0.5290382448201697,44.0,0.008734485464154213,0.05903625501367324,20.587626735843465,0.3287453655370912,6149.0,0.5566055178642273,0.583175808083277,0.08904474431818182,3.355159755224767,0.8245098885620014,44.0
nist302-registered:00002534/00002534_6D_X_123_WT_D800_1000PPI_8BPC_1CH_LP13-1_1,00002534,0.027122869974475217,0.12230114229203809,15.666643580154629,0.3393342227971655,3718.0,0.5482941269874573,0.22171253435377516,nan,nan,nan,0.0,0.005140122317434687,0.054324989415997775,22.890265461496927,0.3779953348882708,3718.0,0.3420707583427429,0.3058855003578322,nan,nan,nan,0.0
nist302-registered:00002544/00002544_1C_L_L01_BP_S21_1000PPI_8BPC_1CH_LP01-1_1,00002544,0.025419582669273067,0.12348753208548356,15.94831583833924,0.3813366694500005,3911.0,0.5110889673233032,0.6196559670560285,0.08026713709677419,6.842903822633706,0.7577911032124167,31.0,0.014098610295459335,0.09704978615845661,18.508236937813663,0.27818411949101496,3911.0,0.41938745975494385,0.6371688912878638,0.0672883064516129,3.3248752850909247,0.681219650282615,31.0
nist302-registered:00002544/00002544_1F_R_L01_BP_S21_1000PPI_8BPC_1CH_LP01-1_1,00002544,0.004009219541154089,0.0512902874123009,23.96940161534161,0.6053312016807685,4076.0,0.25856369733810425,0.3878334928459412,0.07046274038461539,4.323095823727778,0.5407218734723531,26.0,0.019592138568549206,0.12883534985096345,17.079181562549497,0.41868039982370475,4076.0,0.3404223918914795,0.6296789714190526,0.08323317307692307,3.682355637131761,0.5764890849024933,26.0
nist302-registered:00002544/00002544_1F_R_L01_BP_S21_1000PPI_8BPC_1CH_LP03-1_1,00002544,0.007437956094870577,0.06640976752299049,21.285463895440955,0.6167694725643617,6354.0,0.5050719976425171,0.738727780635963,0.06747159090909091,3.596088437948351,0.5556740496492338,55.0,0.026033853450626084,0.1497403780525497,15.844615442041896,0.4888591066432161,6354.0,0.384149432182312,0.6326515138191958,0.07982954545454546,3.6661903410999592,0.6599222003029636,55.0
nist302-registered:00002544/00002544_1H_R_L01_BP_S21_1000PPI_8BPC_1CH_LP19-2_1,00002544,0.012924859624657009,0.08951471987153535,18.88574165028443,0.398801948400232,4782.0,0.3494530916213989,0.546220819296367,0.0578125,3.2876769210325114,0.4055366994290307,25.0,0.013665509150867585,0.09604168450518265,18.64374182683877,0.30595987641149075,4782.0,0.39419400691986084,0.6115153175568115,0.0740625,2.633359094741847,0.5084875833300648,25.0
nist302-registered:00002544/00002544_4E_X_176_IN_D800_1000PPI_8BPC_1CH_LP01-1_1,00002544,0.0887220405192027,0.23153098770310143,10.519684784003847,0.2038670955435793,3347.0,0.9375951364636421,0.2796199263267912,nan,nan,nan,0.0,0.02924348391508506,0.13338521200357145,15.339708890683099,0.20294033164474515,3347.0,0.6334389820694923,0.36428290751326564,nan,nan,nan,0.0
nist302-registered:00002544/00002544_5A_X_506_IN_D800_1000PPI_8BPC_1CH_LP03-1_1,00002544,0.015465977268135797,0.10248119084550159,18.106226324827105,0.44625562497670956,1816.0,0.3086908459663391,0.1731285751128562,nan,nan,nan,0.0,0.00982659986089259,0.07876608630699733,20.075967280575124,0.35722507989861263,1816.0,0.4287862479686737,0.20184640887336036,nan,nan,nan,0.0
nist302-registered:00002544/00002544_6A_X_062_BT_D800_1000PPI_8BPC_1CH_LP04-1_1,00002544,0.046635736851714266,0.14853447208206672,13.312811569282449,0.32053458709320126,2687.0,0.7756508886814117,0.35977319878014263,nan,nan,nan,0.0,0.010059109033444686,0.06837538308954434,19.974404843888735,0.2853091632892237,2687.0,0.5780977308750153,0.6693118916114814,nan,nan,nan,0.0
nist302-registered:00002544/00002544_6D_X_055_WT_D800_1000PPI_8BPC_1CH_LP07-1_1,00002544,0.08331255606372322,0.22454988274995874,10.792895409911136,0.2541106366072907,2624.0,0.7049569189548492,0.23574455821270293,nan,nan,nan,0.0,0.023599242389248196,0.10293516670012982,16.271019390404984,0.15674498175410212,2624.0,0.646508514881134,0.26383691855410163,nan,nan,nan,0.0
nist302-registered:00002546/00002546_1C_R_L01_BP_S21_1000PPI_8BPC_1CH_LP07-1_1,00002546,0.016934315720001293,0.10202909187412325,17.712323475892727,0.4226863204226093,4567.0,0.5246337950229645,1.0266036006521093,0.06259300595238096,6.1217980849856914,0.5028473569583024,42.0,0.011290646292992442,0.07931536752571547,19.47281197716587,0.2815807173486531,4567.0,0.4196879267692566,0.5953499521330549,0.10621279761904762,4.140520122934457,1.0119641173439813,42.0
nist302-registered:00002546/00002546_1F_L_L01_BP_S21_1000PPI_8BPC_1CH_LP03-1_1,00002546,0.04642201640624901,0.18221852052063803,13.33275999272432,0.44987622784423775,4109.0,0.39554786682128906,0.45525553793184126,0.06953125,5.484308500607902,0.7020123654357117,25.0,0.017170781119501165,0.11285146666896056,17.652099478109633,0.3378391627311637,4109.0,0.3669774830341339,0.460971146887307,0.11359375,5.46306457468635,1.3018207921561842,25.0
nist302-registered:00002546/00002546_1F_L_L01_BP_S21_1000PPI_8BPC_1CH_LP10-1_1,00002546,0.009286369808032347,0.07572724705742875,20.32154025560013,0.4607795128928782,3079.0,0.40358370542526245,0.2690447936655324,0.09033203125,4.401361025900464,0.9752448156337703,8.0,0.013572218243675946,0.09599563443610404,18.673491654384943,0.33549015697064727,3079.0,0.4094519019126892,0.5671275516285991,0.146484375,5.402583813508973,1.5546220452186623,8.0
nist302-registered:00002546/00002546_1F_R_L01_BP_S21_1000PPI_8BPC_1CH_LP08-1_1,00002546,0.010874580748187616,0.06396287176473987,19.63587477569507,0.6033603764389885,2754.0,0.4231874942779541,0.17179794731350953,nan,nan,nan,0.0,0.022015032205789608,0.1315502737450617,16.572806748746128,0.4946277320932776,2754.0,0.5276528298854828,0.20368548356105484,nan,nan,nan,0.0
nist302-registered:00002546/00002546_1H_L_L01_BP_S21_1000PPI_8BPC_1CH_LP09-1_1,00002546,0.011380689670232536,0.08182400289522715,19.43831418881134,0.4796641213297067,2904.0,0.40803515911102295,0.5528331209461242,0.07177734375,4.335352838274346,0.939737204767197,8.0,0.015560713392060091,0.10593228764606244,18.079704963480644,0.38606446299950026,2904.0,0.4140419363975525,0.2931145299684978,0.11279296875,5.557543094922026,1.3396606943215883,8.0
nist302-registered:00002546/00002546_1H_R_L01_BP_S21_1000PPI_8BPC_1CH_LP18-1_1,00002546,0.003416867279385042,0.043744377159978275,24.66371890077486,0.6733775394322064,2028.0,0.3961638808250427,0.2828344227215271,nan,nan,nan,0.0,0.02675480158737666,0.1544277526776231,15.725982653896693,0.3105675406277906,2028.0,0.4181528389453888,0.26142206908245064,nan,nan,nan,0.0
nist302-registered:00002546/00002546_1H_R_L01_BP_S21_1000PPI_8BPC_1CH_LP23-1_1,00002546,0.007363718932383313,0.06904194698154954,21.329027965456063,0.5952563523093334,2107.0,0.2764478921890259,0.19064043142053183,nan,nan,nan,0.0,0.016484008503763244,0.11634830524415612,17.829371701037402,0.38961384129099175,2107.0,0.31497472524642944,0.19423527278490488,nan,nan,nan,0.0
nist302-registered:00002546/00002546_4A_X_725_IN_D800_1000PPI_8BPC_1CH_LP06-1_1,00002546,0.008945257491019331,0.0759739669381323,20.484071536634794,0.5229877942507857,4151.0,0.5225744843482971,0.5031833880938056,0.05578125,3.500003583448064,0.4117404352154498,25.0,0.014004074301208706,0.10698755714756068,18.537455936711197,0.40841463769622355,4151.0,0.404636412858963,0.5527259435397477,0.11,3.8175977065126894,0.9851374431074332,25.0
nist302-registered:00002546/00002546_4A_X_727_IN_D800_1000PPI_8BPC_1CH_LP03-1_1,00002546,0.027516568531028154,0.125790522499195,15.604057259945854,0.29790786631035826,3020.0,0.6275915801525116,0.4543095912574233,0.021484375,1.7560090702947848,0.2111111111111111,2.0,0.015416661871778979,0.09683064373321092,18.120096527187897,0.26705149547529766,3020.0,0.5733493864536285,0.8002746770574479,0.083984375,4.232530043056359,0.9349206349206349,2.0
nist302-registered:00002546/00002546_4A_X_729_IN_D800_1000PPI_8BPC_1CH_LP05-1_1,00002546,0.025160180318847085,0.11813783338701582,15.992862506989606,0.3171683546592242,2510.0,0.5401813089847565,0.32175147902122364,nan,nan,nan,0.0,0.013626027808354443,0.08529706816393065,18.65630729076163,0.3534292392344197,2510.0,0.5103180408477783,0.2757283784593978,nan,nan,nan,0.0
nist302-registered:00002546/00002546_4A_X_732_IN_D800_1000PPI_8BPC_1CH_LP03-1_1,00002546,0.03372816321820202,0.14981470706863406,14.720073091493628,0.3286911884110579,5244.0,0.6265816986560822,0.28419714586632516,0.06901041666666667,6.159366075387639,0.4885220093618119,33.0,0.01706073919022733,0.1032742002593889,17.68002156094512,0.24060533545167317,5244.0,0.4887969493865967,0.34247814631217804,0.07445549242424243,2.918382547981573,0.6872788511831615,33.0
nist302-registered:00002546/00002546_4A_X_732_IN_D800_1000PPI_8BPC_1CH_LP05-1_1,00002546,0.024596402921790633,0.12034846243613095,16.091284012479356,0.21375216984545897,4647.0,0.5453965663909912,0.5264562541348523,0.0726318359375,5.2228374732430805,0.5100469240843151,32.0,0.012415849154053889,0.08686981442053138,19.060235725001892,0.22346077926923213,4647.0,0.4387224316596985,0.9038789656528835,0.099853515625,3.34736925537168,0.7836121528048368,32.0
nist302-registered:00002546/00002546_4A_X_736_IN_D800_1000PPI_8BPC_1CH_LP02-1_1,00002546,0.007167731022754349,0.06490932812246289,21.446183004337286,0.42337804360602616,2532.0,0.35786497592926025,0.6025905949275391,0.07198660714285714,2.5447378823966615,0.5983552896699501,7.0,0.01574605436282585,0.1152959533071066,18.02828253501485,0.2796400384714967,2532.0,0.2803828716278076,0.5576241771892445,0.045200892857142856,1.9506171176259686,0.3706306854417571,7.0
nist302-registered:00002546/00002546_5A_X_571_IN_D800_1000PPI_8BPC_1CH_LP07-1_1,00002546,0.018571639994543164,0.10861340824042505,17.31149743587531,0.6202281361495509,7567.0,0.4153667092323303,0.7025263376357797,0.0677734375,4.962170778878719,0.6497644470896564,80.0,0.0014057703716845197,0.026860476524775988,28.520856142058484,0.6139435252434429,7567.0,0.24918168783187866,0.6980572987132619,0.097607421875,4.17024153363796,1.0092187242254926,80.0
nist302-registered:00002546/00002546_6D_X_124_WT_D800_1000PPI_8BPC_1CH_LP11-1_1,00002546,0.10505699632953933,0.23614706338099029,9.785750202105651,0.255967247825094,5803.0,0.8255664706230164,0.4413465862433897,0.11479334677419355,10.157391362050408,0.5155329385509133,31.0,0.017396800577793126,0.09890794365771285,17.595306148881843,0.3031812938996678,5803.0,0.7122611403465271,0.33944150764916775,0.048639112903225805,1.0827448668897333,0.2590975168139697,31.0
nist302-registered:00002546/00002546_7C_X_212_CA_D800_1000PPI_8BPC_1CH_LP06-1_1,00002546,0.012207881548308356,0.09319166625158778,19.133596932789086,0.6024321320464952,5467.0,0.381109356880188,0.664490501464502,0.054017857142857145,4.107930340888473,0.4247869507273281,35.0,0.0031612691396748524,0.044416633263047706,25.001385282351194,0.6202786228471535,5467.0,0.40980038046836853,0.731973545424088,0.09910714285714285,3.58558009592026,0.8666083242836525,35.0
nist302-registered:00002547/00002547_1C_L_L01_BP_S21_1000PPI_8BPC_1CH_LP01-1_1,00002547,0.0036566547509196815,0.05009349939853113,24.369160423550504,0.7498725038037027,2228.0,0.19107770919799805,0.3620593981919998,nan,nan,nan,0.0,0.037398403186635655,0.18420243679246526,14.271469406347496,0.32105048158723914,2228.0,0.5268374979496002,0.21251255569215177,nan,nan,nan,0.0
nist302-registered:00002547/00002547_1C_R_L01_BP_S21_1000PPI_8BPC_1CH_LP08-1_1,00002547,0.005109183166207976,0.061509276628902654,22.91648527412185,0.7655095565356519,5838.0,0.4227694272994995,0.4639710504530606,0.07803622159090909,5.666109357653293,0.7619861774303637,44.0,0.03541283135284513,0.17980045112856205,14.508393488205654,0.5190617805966522,5838.0,0.4536975622177124,0.7967488953189334,0.09623579545454546,5.09200602847087,1.00160577167463,44.0
nist302-registered:00002547/00002547_1C_X_L01_BP_S21_1000PPI_8BPC_1CH_LP01-1_1,00002547,0.0015700226313742388,0.030859348716019034,28.04094087329549,0.7582914794008327,3539.0,0.1944407820701599,0.5117103075196809,0.04975328947368421,2.872963510289621,0.45054591500268143,19.0,0.040981668814145826,0.18806361222408627,13.874103606732755,0.37182675473604604,3539.0,0.550041526556015,0.4381233661251909,0.07627467105263158,3.8849805155217947,0.7572302320843964,19.0
nist302-registered:00002547/00002547_1E_R_L01_BP_S21_1000PPI_8BPC_1CH_LP05-1_1,00002547,0.05052423875503536,0.18588778610359857,12.965002212461687,0.5556427168921404,4755.0,0.43168359994888306,0.841181304404085,0.07839133522727272,7.608513775076062,0.7737376438995631,44.0,0.04291231504543974,0.17977932259111373,13.674180553964998,0.36017735982252796,4755.0,0.5584267675876617,0.8469402837432956,0.10635653409090909,5.6269516095198,1.2016143757091244,44.0
nist302-registered:00002547/00002547_1G_R_L01_BP_S21_1000PPI_8BPC_1CH_LP02-1_1,00002547,0.004128366448620714,0.04879951997635018,23.84221760133157,0.6137028952792567,3973.0,0.2624801993370056,0.5335079547974443,0.05189732142857143,3.4306786679159584,0.4923154217322372,14.0,0.010441496456329797,0.08797982019289537,19.81237254575828,0.47932329342072827,3973.0,0.4009513854980469,0.543856363585986,0.07756696428571429,4.4454161300507975,0.6371857280233534,14.0
nist302-registered:00002547/00002547_6C_X_155_BT_D800_1000PPI_8BPC_1CH_LP06-3_1,00002547,0.03600639391836551,0.12453021824052389,14.436203715411267,0.46789333278124573,3489.0,0.5266307890415192,0.583951901918172,0.05007102272727273,6.964358796160365,0.45456804841095466,11.0,0.029886968056130406,0.13805058556663577,15.245181406074327,0.5968700798528397,3489.0,0.5363763272762299,0.3399614138335638,0.02947443181818182,2.615304752272149,0.359459513587838,11.0
nist302-registered:00002547/00002547_6C_X_155_BT_D800_1000PPI_8BPC_1CH_LP07-1_1,00002547,0.05032926860165306,0.17597140365706057,12.981793808401779,0.39231592729786785,5380.0,0.5893027484416962,0.48383080297854364,0.121826171875,8.31772587568611,0.5487604914880053,32.0,0.011528273175093515,0.06311632444922809,19.382357409874345,0.3260606949300139,5380.0,0.7045398056507111,0.4593266980345587,0.0826416015625,2.2537686309569764,0.5289121709464013,32.0
nist302-registered:00002547/00002547_7D_X_177_CA_D800_1000PPI_8BPC_1CH_LP01-1_1,00002547,0.01382724119202314,0.08277157874768203,18.5926446158258,0.61494408792698,6522.0,0.562112495303154,0.5481546634055686,0.06896551724137931,6.18695913669966,0.5146559822949164,58.0,0.020748382159644994,0.11745091758174916,16.83015761435319,0.42432947091849865,6522.0,0.7305422499775887,0.9396990241720543,0.11348329741379311,4.373145333255009,1.110083287410575,58.0
nist302-registered:00002561/00002561_1C_R_L03_BP_S11_1000PPI_8BPC_1CH_LP03-1_1,00002561,0.008093442899440854,0.07288391473122553,20.918666929547687,0.5986192528017054,2262.0,0.22387468814849854,0.3878631937935203,0.052734375,1.7571519378867941,0.36376287001287,4.0,0.02749512145748425,0.15698123175838583,15.607443575169741,0.3097359371651706,2262.0,0.31823599338531494,0.5260425403896594,0.0849609375,2.487240488551964,0.5922404547404547,4.0
nist302-registered:00002561/00002561_1E_L_L01_BP_S11_1000PPI_8BPC_1CH_LP04-1_1,00002561,0.005303554561270324,0.058599191153051795,22.754329589068224,0.47267750643782896,5127.0,0.25976064801216125,0.409516836141774,0.05867866847826087,3.975719516518849,0.48441926013763753,46.0,0.006903230486288623,0.06708793759764531,21.609476260681298,0.38865534691488324,5127.0,0.2501755952835083,0.49362861762858123,0.10377038043478261,4.212057163817913,1.0409215807997592,46.0
nist302-registered:00002561/00002561_1F_L_L01_BP_S11_1000PPI_8BPC_1CH_LP04-1_1,00002561,0.003959567555671302,0.05047238993903865,24.023522429737426,0.591483172136396,920.0,0.16876763105392456,0.11019957057206047,nan,nan,nan,0.0,0.0178182656392894,0.13104015044544054,17.491345707785474,0.24422105722225246,920.0,0.21211975812911987,0.06617513058198933,nan,nan,nan,0.0
nist302-registered:00002561/00002561_1G_L_L01_BP_S11_1000PPI_8BPC_1CH_LP01-1_1,00002561,0.06071166002550991,0.20952249966805092,12.167278921466124,0.5417374097165286,4226.0,0.45069456100463867,0.7164624107444644,0.0716796875,6.501965745060943,0.57569416045636,40.0,0.02025382577944941,0.11761723175271112,16.934929300803844,0.4587725729186579,4226.0,0.3966837227344513,1.200392318319303,0.1255859375,4.168998049512137,1.0917392594010444,40.0
nist302-registered:00002561/00002561_1G_R_L01_BP_S11_1000PPI_8BPC_1CH_LP01-1_1,00002561,0.020563985878747776,0.10833594616693307,16.868927030341432,0.44127324851955957,2226.0,0.4516725242137909,0.6790002990041373,0.048828125,1.2834039932806391,0.20389985556090515,2.0,0.002215446702350812,0.03632280482221913,26.5453869345605,0.5346644918343983,2226.0,0.23631519079208374,0.33033127873300744,0.076171875,2.3169451526081914,0.5770341839191141,2.0
nist302-registered:00002561/00002561_6E_X_092_BT_D800_1000PPI_8BPC_1CH_LP11-1_1,00002561,0.014567464257156713,0.09872700984569142,18.366160388248144,0.40687893310297946,497.0,0.48626840114593506,0.2538092332455639,nan,nan,nan,0.0,0.013943308232953994,0.09031158859581055,18.55634171943913,0.43348330530919876,497.0,0.46754807233810425,0.581983987834033,nan,nan,nan,0.0
nist302-registered:00002575/00002575_1C_L_L01_BP_S22_1000PPI_8BPC_1CH_LP01-1_1,00002575,0.011075984917919158,0.07703250456254145,19.55617644301413,0.5642492209594131,5214.0,0.5273252427577972,1.2036176794702744,0.065673828125,3.236034785032571,0.6039169412198622,48.0,0.01669249203724199,0.11944961883942194,17.774788222643277,0.443964486792353,5214.0,0.2740861177444458,0.3727044784828056,0.10400390625,4.056019818946004,0.9802092837060252,48.0
nist302-registered:00002575/00002575_1D_X_L01_BP_S22_1000PPI_8BPC_1CH_LP04-1_1,00002575,0.0024717919146217374,0.03836106405880466,26.06988092699446,0.6571384344688035,2544.0,0.20388418436050415,0.2762004386232736,nan,nan,nan,0.0,0.01927458520457703,0.12461201780996982,17.15014959336755,0.403257304394652,2544.0,0.2885054349899292,0.16372065351214857,nan,nan,nan,0.0
nist302-registered:00002575/00002575_1H_L_L01_BP_S22_1000PPI_8BPC_1CH_LP09-1_1,00002575,0.004675609675259739,0.05326208033677739,23.301617513503025,0.5650509895230147,863.0,0.200270414352417,0.29003747230520976,nan,nan,nan,0.0,0.02526270732172165,0.15460541177873402,15.975201093673775,0.09350868401241284,863.0,0.2524000406265259,0.11383494216165613,nan,nan,nan,0.0
nist302-registered:00002575/00002575_2A_X_L02_BP_S22_1000PPI_8BPC_1CH_LP08-1_1,00002575,0.0022784056843331403,0.036971673793607884,26.42368944532249,0.7632927373871565,1651.0,0.1735956072807312,0.12512157344364994,nan,nan,nan,0.0,0.03155757558648463,0.17173580503117164,15.008963688927652,0.1596474528137211,1651.0,0.3226262331008911,0.19029412488095773,nan,nan,nan,0.0
nist302-registered:00002575/00002575_4A_X_627_IN_D800_1000PPI_8BPC_1CH_LP15-1_1,00002575,0.045490958571215136,0.15748108933779648,13.420749117564787,0.2725075963484002,2881.0,0.828961193561554,0.5305426397367167,nan,nan,nan,0.0,0.03019730602279657,0.10524781464920074,15.200317998117455,0.330275769829432,2881.0,0.888456217944622,1.019442707211556,nan,nan,nan,0.0
nist302-registered:00002575/00002575_5A_X_597_IN_D800_1000PPI_8BPC_1CH_LP07-1_1,00002575,0.013287904984400885,0.08466900967620887,18.765434859824538,0.4532717467671175,6167.0,0.6726883351802826,0.2171849149465003,0.07882254464285714,5.776880570777402,0.8073848037153818,56.0,0.020859212704613776,0.11154792333864133,16.807020873042312,0.24133436066154687,6167.0,0.48080572485923767,0.3872729152668746,0.11077008928571429,5.3056272256650825,1.2223449756121048,56.0
nist302-registered:00002575/00002575_5A_X_598_IN_D800_1000PPI_8BPC_1CH_LP03-1_1,00002575,0.05923863340042116,0.21142222532846358,12.273949689472833,0.21668261356080562,1694.0,0.5180270224809647,0.08162735735724938,nan,nan,nan,0.0,0.026215410454510042,0.13171013665012796,15.814433381511625,0.5013310222607477,1694.0,0.4759420305490494,0.18998174650160252,nan,nan,nan,0.0
nist302-registered:00002575/00002575_5A_X_599_IN_D800_1000PPI_8BPC_1CH_LP01-1_1,00002575,0.012599389716022752,0.09325331629020704,18.996504905477252,0.4412267692181255,1793.0,0.2984222173690796,0.14593100971797443,nan,nan,nan,0.0,0.002821726067675556,0.03951862868289341,25.494851497139845,0.6192125131563837,1793.0,0.24787768721580505,0.2709659454565593,nan,nan,nan,0.0
nist302-registered:00002575/00002575_5A_X_599_IN_D800_1000PPI_8BPC_1CH_LP08-1_1,00002575,0.016550616274909818,0.10031390782179576,17.81185830298557,0.4905469605422096,2912.0,0.7714149206876755,0.2255946497316722,nan,nan,nan,0.0,0.004927690203351051,0.04624916782991572,23.073566034419105,0.5034053884608521,2912.0,0.541571244597435,0.37505342051299645,nan,nan,nan,0.0
nist302-registered:00002575/00002575_6E_X_078_BT_D800_1000PPI_8BPC_1CH_LP06-1_1,00002575,0.07812599423360878,0.1877608326486083,11.072044427688601,0.261235182084931,4624.0,0.8802374005317688,0.3971149372296307,0.09765625,7.837660008177684,0.4760331332226132,11.0,0.016810481695109483,0.09800236981851936,17.74419841912655,0.22377167019182864,4624.0,0.761351078748703,0.4213664099588163,0.07350852272727272,2.387762158183365,0.4937827749329481,11.0
nist302-registered:00002575/00002575_6E_X_078_BT_D800_1000PPI_8BPC_1CH_LP13-1_1,00002575,0.04243757779252787,0.16902175401651515,13.722494122673908,0.38491948872288384,4107.0,0.6290970146656036,0.3610999471255266,0.06435032894736842,5.813598854058395,0.39792221448341214,19.0,0.012127161425835132,0.08082315600757213,19.162408414550708,0.2667282995217421,4107.0,0.65126633644104,0.5973224079835229,0.08655427631578948,3.191892868450993,0.7834462153321167,19.0
nist302-registered:00002583/00002583_1C_L_L01_BP_S21_1000PPI_8BPC_1CH_LP03-1_1,00002583,0.006068926843907414,0.0640196456276113,22.168880975530023,0.6566478434804481,3043.0,0.25578081607818604,0.3222453930081809,0.09313322368421052,8.040296187186012,1.5514068812614854,19.0,0.01040120112515836,0.08918710786027811,19.82916505710093,0.6240606443712545,3043.0,0.20647919178009033,0.6040241211128661,0.11739309210526316,8.509351225123657,1.869776547295741,19.0
nist302-registered:00002583/00002583_1C_R_L01_BP_S21_1000PPI_8BPC_1CH_LP05-1_1,00002583,0.007014077966290487,0.06917590405955498,21.54029410946455,0.5583954060515705,2962.0,0.23923665285110474,0.5975060080654777,0.0681640625,7.07737867230337,0.690841593016609,20.0,0.01979374058802152,0.12258941754145368,17.03472125792193,0.34485544918532457,2962.0,0.4766547977924347,0.6459791065819573,0.130078125,5.147558763457722,1.3344214237196017,20.0
nist302-registered:00002583/00002583_1D_L_L01_BP_S21_1000PPI_8BPC_1CH_LP03-1_1,00002583,0.0021674221300825997,0.03662447982483945,26.640564966581795,0.6308740178895289,1549.0,0.1974077820777893,0.33798022339772715,nan,nan,nan,0.0,0.047784918627476296,0.18313658291328486,13.207091492109038,0.17329548625242275,1549.0,0.5733403265476227,0.35263075315234665,nan,nan,nan,0.0
nist302-registered:00002583/00002583_1D_L_L01_BP_S21_1000PPI_8BPC_1CH_LP04-1_1,00002583,0.002155783880995884,0.036739727969693145,26.663947796613186,0.6895674394998813,1685.0,0.23465746641159058,0.16822987860936933,nan,nan,nan,0.0,0.03817119949010246,0.17231269738794433,14.182641925856762,0.19920352573199504,1685.0,0.503318578004837,0.21024789624714382,nan,nan,nan,0.0
nist302-registered:00002583/00002583_1D_R_L01_BP_S21_1000PPI_8BPC_1CH_LP01-1_1,00002583,0.0016542331815838297,0.03435356671976793,27.81403272088609,0.716798345890618,2189.0,0.14487403631210327,0.5341503533466148,nan,nan,nan,0.0,0.031201830518203934,0.17253049790124034,15.058199264740292,0.32739185414114813,2189.0,0.3010794520378113,0.4067274100640733,nan,nan,nan,0.0
nist302-registered:00002583/00002583_1D_R_L01_BP_S21_1000PPI_8BPC_1CH_LP03-1_1,00002583,0.004408403276330495,0.048085606498931996,23.557186835133667,0.75892198905232,2811.0,0.5262689590454102,0.3924538401383918,0.049479166666666664,4.924012822937483,0.37208004413886764,9.0,0.03713086461001405,0.18826663704030414,14.302649379005237,0.3927121882736483,2811.0,0.41182655096054077,0.6439925799910762,0.0920138888888889,4.102372239743415,0.8925503845671913,9.0
nist302-registered:00002583/00002583_1G_L_L01_BP_S21_1000PPI_8BPC_1CH_LP03-1_1,00002583,0.022274902496378434,0.11329415909163133,16.521841883181352,0.38949921868593895,1361.0,0.36560767889022827,0.20470341876679984,nan,nan,nan,0.0,0.018391416171311306,0.11778083244375584,17.35384828037294,0.3056749157831702,1361.0,0.43607738614082336,0.5782097291545418,nan,nan,nan,0.0
nist302-registered:00002583/00002583_1G_R_L01_BP_S21_1000PPI_8BPC_1CH_LP01-1_1,00002583,0.01474462519316677,0.08627631482586526,18.313662626922657,0.42929798544048264,912.0,0.3737652897834778,0.09541968523929564,nan,nan,nan,0.0,0.012952467625796658,0.10450863080066547,18.876474845421296,0.29711770952303396,912.0,0.18487489223480225,0.04771670084463128,nan,nan,nan,0.0
nist302-registered:00002583/00002583_1G_R_L01_BP_S21_1000PPI_8BPC_1CH_LP03-1_1,00002583,0.012656925582442163,0.07225228572168896,18.976717733652922,0.4798094566256073,2323.0,0.5111396908760071,0.463477212201592,nan,nan,nan,0.0,0.012510549582810804,0.09298878396270709,19.027236115264493,0.4191471658721547,2323.0,0.43895453214645386,0.8094861505689225,nan,nan,nan,0.0
nist302-registered:00002583/00002583_6E_X_004_BT_D800_1000PPI_8BPC_1CH_LP21-1_1,00002583,0.03570367520418282,0.1371133899202152,14.472870769201805,0.28476498085315183,1323.0,0.6392890214920044,0.32346550325606427,nan,nan,nan,0.0,0.016125096443051996,0.08803928346680766,17.92497679200599,0.25789424852760773,1323.0,0.6448293030261993,0.426257613874103,nan,nan,nan,0.0
nist302-registered:00002583/00002583_6E_X_004_BT_D800_1000PPI_8BPC_1CH_LP25-1_1,00002583,0.04011409891050992,0.12533302272890812,13.967029589790872,0.4084950291926183,1767.0,0.6678114533424377,0.23400459373173926,nan,nan,nan,0.0,0.013053889842251726,0.08073600407333514,18.84260056501699,0.2334081368188539,1767.0,0.692092776298523,0.2537279961792805,nan,nan,nan,0.0
nist302-registered:00002611/00002611_1A_X_L01_BP_S22_1000PPI_8BPC_1CH_LP08-1_1,00002611,0.006310437748663156,0.0582040357104676,21.9994051314338,0.5183761907403878,1917.0,0.28602051734924316,0.3064565152191638,0.06982421875,5.048700430946568,0.7480114617125021,8.0,0.010644372638989012,0.08547477285005055,19.728799300409918,0.33931464964175245,1917.0,0.23246169090270996,0.27880559491752965,0.142578125,6.191241030732378,1.6159468381220983,8.0
nist302-registered:00002611/00002611_1D_L_L01_BP_S22_1000PPI_8BPC_1CH_LP02-1_1,00002611,0.0015781655900275404,0.03236325107101406,28.01847430111242,0.6588488186710965,883.0,0.12134194374084473,0.11698193215587029,nan,nan,nan,0.0,0.030786898171167868,0.17075445103888334,15.116340647507451,0.14201427303097336,883.0,0.37227755784988403,0.18274789840218522,nan,nan,nan,0.0
nist302-registered:00002611/00002611_1D_R_L01_BP_S22_1000PPI_8BPC_1CH_LP03-1_1,00002611,0.004504498443062483,0.04873387341556242,23.463535588551142,0.5567237962379095,1927.0,0.2458316683769226,0.14453291631276055,nan,nan,nan,0.0,0.014210692156075315,0.10501743143991787,18.473847685015663,0.286427676002831,1927.0,0.3950992524623871,0.19547091985550052,nan,nan,nan,0.0
nist302-registered:00002611/00002611_1F_L_L01_BP_S22_1000PPI_8BPC_1CH_LP04-1_1,00002611,0.006393532413270159,0.06910047013909586,21.942591287402937,0.6726562976091452,4499.0,0.2353762984275818,0.32891925904189306,0.05747767857142857,2.9399861648275527,0.5166754021185809,35.0,0.017185158977646445,0.11518916007438536,17.64846445907015,0.42869250961998906,4499.0,0.31981706619262695,0.7037724514211967,0.12421875,4.439850386552565,1.137033484260642,35.0
nist302-registered:00002611/00002611_1F_R_L01_BP_S22_1000PPI_8BPC_1CH_LP02-1_1,00002611,0.004867013431929961,0.05336267684808615,23.127374551937212,0.6252150460968663,4563.0,0.2668697237968445,0.26773523690833617,0.07042738970588236,4.021622347955269,0.7364902758528521,34.0,0.008675700737165216,0.07539588069278316,20.616954371142,0.5843145442031777,4563.0,0.27398455142974854,0.7557163339227956,0.11580882352941177,5.424215709329005,1.2481569333873705,34.0
nist302-registered:00002611/00002611_4D_X_108_IN_D800_1000PPI_8BPC_1CH_LP01-1_1,00002611,0.04740837138486097,0.16215315522815243,13.241449637005914,0.2643669890234766,5897.0,0.7449155747890472,0.46037799127379453,0.0784375,6.123491132867628,0.49075422084224785,50.0,0.0200647323562424,0.10819696207076428,16.975666289519356,0.21065676782139378,5897.0,0.5555650889873505,0.43059320145328067,0.0875,3.1116972662744375,0.7585291861190769,50.0
nist302-registered:00002611/00002611_4D_X_109_IN_D800_1000PPI_8BPC_1CH_LP08-1_1,00002611,0.030275958450552993,0.1267417369658711,15.18902099441801,0.29520542912894243,6646.0,0.5962716341018677,0.6896123723512251,0.08191964285714286,8.031736378129196,0.5381120758052511,70.0,0.009244231084552643,0.07450508774492778,20.34129206692313,0.2418614822666365,6646.0,0.437921404838562,0.773533883664597,0.08152901785714285,2.787376538251396,0.6584371639807395,70.0
nist302-registered:00002614/00002614_1C_L_L01_BP_S05_1000PPI_8BPC_1CH_LP05-1_1,00002614,0.002901578664518745,0.0418981114259133,25.373656508091507,0.6558746104350398,780.0,0.17034995555877686,0.13927548268762105,nan,nan,nan,0.0,0.027540965488174304,0.1598466618702962,15.60020838994249,0.18659366446686373,780.0,0.39530736207962036,0.05871866871457154,nan,nan,nan,0.0
nist302-registered:00002614/00002614_1C_R_L01_BP_S05_1000PPI_8BPC_1CH_LP06-1_1,00002614,0.004034936142371682,0.04933400228156806,23.941633341104506,0.5510102941545888,805.0,0.19916820526123047,0.0672958242061961,nan,nan,nan,0.0,0.015172674407212322,0.10971783925287472,18.189378616704442,0.2968785383536341,805.0,0.2079128623008728,0.3200124516113924,nan,nan,nan,0.0
nist302-registered:00002614/00002614_1F_L_L01_BP_S05_1000PPI_8BPC_1CH_LP03-1_1,00002614,0.007586024034500448,0.06489004446038724,21.199857856729878,0.5172790915023752,2105.0,0.3513016700744629,0.2653565405359964,0.08705357142857142,10.991356234379529,1.6487413946597618,7.0,0.011900117107576618,0.09064763065188627,19.24448764748304,0.3108752824024273,2105.0,0.3926497995853424,0.6184424724808102,0.15959821428571427,11.876259721368019,2.872945761721272,7.0
nist302-registered:00002614/00002614_3_X_0262_IN_D800_1000PPI_8BPC_1CH_LP03-1_1,00002614,0.106180260212922,0.2519009414572546,9.73956214680512,0.2216832431569487,3544.0,0.8516953438520432,0.9398784125260442,0.0822265625,8.887013676843342,0.553307614734108,20.0,0.01979950674703046,0.10866400317770364,17.033456289158003,0.19895260388058505,3544.0,0.5746051073074341,0.7560650915683393,0.12890625,5.3987356863010305,1.317533286952893,20.0
nist302-registered:00002614/00002614_3_X_0262_IN_D800_1000PPI_8BPC_1CH_LP14-1_1,00002614,0.08088338673030057,0.19877299254928424,10.921406723590989,0.22964436005370972,8025.0,0.860745757818222,0.37482872998129807,0.07161458333333333,5.486532479709174,0.49667414635487145,78.0,0.037295542996576024,0.14925329757070988,14.283430654472987,0.1271030146414936,8025.0,0.8133789300918579,0.6085617639007415,0.06465344551282051,2.563661954614856,0.5438761222020724,78.0
nist302-registered:00002614/00002614_5B_X_0203_IN_D800_1000PPI_8BPC_1CH_LP37-1_1,00002614,0.07638341673230016,0.22022991501263753,11.170009189556847,0.3154109065692301,2034.0,0.942107543349266,0.21561274867761338,nan,nan,nan,0.0,0.021585460870846555,0.11089790168318132,16.658386742938486,0.4096855744066381,2034.0,0.6172242164611816,0.15410710534313557,nan,nan,nan,0.0
nist302-registered:00002614/00002614_5B_X_0203_IN_D800_1000PPI_8BPC_1CH_LP39-1_1,00002614,0.04456942731878392,0.16461367491086176,13.50962946212004,0.22551493217060928,4414.0,0.8372191861271858,0.7679299300289554,0.09130859375,7.517216017991012,0.6306642086967875,24.0,0.03702386387768832,0.14943294997499146,14.315182594568853,0.15716664977260159,4414.0,0.7357501685619354,0.8997050160493324,0.09619140625,3.131182848143338,0.7694999988675203,24.0
nist302-registered:00002614/00002614_5B_X_0205_IN_D800_1000PPI_8BPC_1CH_LP18-1_1,00002614,0.08713742170863106,0.22729389066639383,10.597952944608565,0.21013455709648293,4835.0,0.9034509211778641,0.36399204020015075,0.056808035714285714,4.353069263960332,0.4627350897654141,35.0,0.02357381472974954,0.12512561058637137,16.275701339785392,0.1811528216864161,4835.0,0.5024293661117554,0.5881967279257884,0.07042410714285714,2.735271146406302,0.6246259403840062,35.0
nist302-registered:00002614/00002614_5B_X_0207_IN_D800_1000PPI_8BPC_1CH_LP14-1_1,00002614,0.0938720078229357,0.23284487952447888,10.274638929352935,0.27512458244748283,5218.0,0.8588328659534454,0.4245669991084472,0.09720552884615384,5.853735419408209,0.9023005342385745,26.0,0.02177635831138185,0.10772717358589447,16.620147461370806,0.26648135788351196,5218.0,0.5430921912193298,0.4140570372415724,0.09314903846153846,4.27624858019067,1.0089898240970354,26.0
nist302-registered:00002614/00002614_5B_X_0209_IN_D800_1000PPI_8BPC_1CH_LP41-1_1,00002614,0.10366789478521139,0.24238831122086876,9.843557207222675,0.22164705350364897,4967.0,0.9985087908571586,0.6535155064447468,0.09470016891891891,9.543475745020038,0.7021100139054663,37.0,0.0456388326214011,0.15820963283745954,13.406654727675773,0.1994211327184112,4967.0,0.726034676656127,0.6808029786639137,0.07918074324324324,3.9147670762149787,0.7859677790237899,37.0
nist302-registered:00002625/00002625_1D_L_L01_BP_S23_1000PPI_8BPC_1CH_LP03-1_1,00002625,0.006155629871892129,0.06334232012430827,22.107275014830876,0.5618439014732229,7500.0,0.4305645823478699,0.3747035660531535,0.071875,4.659957914177201,0.3896144479034265,75.0,0.027356917498633098,0.13582555090586346,15.629328392893672,0.42113366116195927,7500.0,0.4016377627849579,0.9730556352279934,0.05708333333333333,1.6802907050677975,0.38512635385111005,75.0
nist302-registered:00002625/00002625_1F_L_L01_BP_S23_1000PPI_8BPC_1CH_LP02-1_1,00002625,0.007190625541766386,0.06401264269456135,21.43233326930026,0.5875052531128855,4028.0,0.42328307032585144,0.19808495099541776,0.06861979166666667,6.49252476874829,0.6839111042696666,30.0,0.016575645849659655,0.11309633999619015,17.8052954084302,0.46907693813780227,4028.0,0.3004080057144165,0.2624936800700389,0.09908854166666667,4.436052021278716,1.0163790780358573,30.0
nist302-registered:00002625/00002625_1F_R_L01_BP_S23_1000PPI_8BPC_1CH_LP02-1_1,00002625,0.005398654059725175,0.05716792169428587,22.67714500786941,0.5424941723593789,4402.0,0.2852787971496582,0.26148652948279383,0.06715745192307693,4.581841468130978,0.7054361978140988,26.0,0.008038462657239294,0.06844399602019965,20.9482700141549,0.44498884052657517,4402.0,0.30370932817459106,0.29751270763186016,0.08263221153846154,4.988495120564323,0.8593971996883839,26.0
nist302-registered:00002625/00002625_1H_L_L01_BP_S23_1000PPI_8BPC_1CH_LP05-1_1,00002625,0.004524570061323956,0.05131201261041948,23.44422682506433,0.5871385272457786,1192.0,0.21463841199874878,0.1959811989376559,nan,nan,nan,0.0,0.019930721150147136,0.12760938849025125,17.004769870063175,0.27242090706845606,1192.0,0.3308071494102478,0.0839096123819529,nan,nan,nan,0.0
nist302-registered:00002625/00002625_1H_L_L01_BP_S23_1000PPI_8BPC_1CH_LP06-1_1,00002625,0.0057870697913761475,0.06393506863657997,22.375412800648657,0.5858507780195249,701.0,0.17750418186187744,0.03182052187035753,nan,nan,nan,0.0,0.02257732626426309,0.14476883879061603,16.46327490995249,0.1291550883566791,701.0,0.22787213325500488,0.020493351882762585,nan,nan,nan,0.0
nist302-registered:00002625/00002625_4E_X_439_IN_D800_1000PPI_8BPC_1CH_LP16-1_1,00002625,0.017630087247473992,0.10673488952005501,17.537455384662618,0.36416563146908426,1915.0,0.43286876380443573,0.24796245720288507,nan,nan,nan,0.0,0.011859571267461918,0.08664707254336335,19.25931010764423,0.30625029250369984,1915.0,0.48457930982112885,0.25181246457645634,nan,nan,nan,0.0
nist302-registered:00002625/00002625_6A_X_099_BT_D800_1000PPI_8BPC_1CH_LP02-1_1,00002625,0.015036416126782018,0.08224112469450397,18.228556638664134,0.4580387727406912,944.0,0.7237987220287323,0.26678024306186465,nan,nan,nan,0.0,0.006975197901716782,0.06176334423786503,21.564434659892346,0.3276159119658258,944.0,0.4845583289861679,0.3410177221205666,nan,nan,nan,0.0
nist302-registered:00002626/00002626_1A_X_L01_BP_S21_1000PPI_8BPC_1CH_LP04-1_1,00002626,0.003948142982386948,0.04926898368098427,24.03607127700164,0.5084899546924732,2355.0,0.1991557478904724,0.515729973985889,0.10306490384615384,7.6505860397987915,1.3638116363659842,13.0,0.009664140838985551,0.07997346162289824,20.14836749547802,0.33403626202165315,2355.0,0.23130947351455688,0.3025667492395727,0.1484375,7.696008406669446,1.9006434286468612,13.0
nist302-registered:00002626/00002626_1D_L_L01_BP_S21_1000PPI_8BPC_1CH_LP03-1_1,00002626,0.002139789247790822,0.036819988307594406,26.696289990941562,0.6751823449181387,3086.0,0.20639532804489136,0.3227992140808747,0.05859375,2.5983202012807114,0.48916140657034995,8.0,0.032854685023364326,0.15590754421747743,14.834026920184517,0.36674945296352923,3086.0,0.5157149732112885,0.411297908138317,0.06201171875,2.721300531999786,0.5919311950821147,8.0
nist302-registered:00002626/00002626_1F_R_L01_BP_S21_1000PPI_8BPC_1CH_LP03-1_1,00002626,0.005465428348108749,0.05784287298305366,22.623757949348025,0.5348066943751413,2077.0,0.27113503217697144,0.21135622434792514,nan,nan,nan,0.0,0.012293214261406863,0.09557394425801262,19.103345488888618,0.32781439065265566,2077.0,0.2314968705177307,0.37351792070134615,nan,nan,nan,0.0
nist302-registered:00002626/00002626_1H_L_L01_BP_S21_1000PPI_8BPC_1CH_LP03-1_1,00002626,0.007851447504810026,0.0681788937020893,21.05050268681609,0.5171558511692069,3025.0,0.38764700293540955,0.29530322642439816,0.0920138888888889,6.566168895228049,0.45250144633286393,9.0,0.01167834211639615,0.09592945024986897,19.32618806265183,0.3372506909888307,3025.0,0.24170953035354614,0.4161958354887022,0.09288194444444445,3.017147445172645,0.6907500892749935,9.0
nist302-registered:00002626/00002626_1H_L_L01_BP_S21_1000PPI_8BPC_1CH_LP04-1_1,00002626,0.017239288971211478,0.09894366763557717,17.634806504746084,0.37581092235144864,3207.0,0.5016135573387146,0.22524341137707166,0.08935546875,4.721456309675104,0.70690802514961,8.0,0.014500273541375404,0.09643516474176056,18.386238049105856,0.33039182462821715,3207.0,0.4544377624988556,0.23245698184293023,0.04541015625,1.6791381669450616,0.32071849391274354,8.0
nist302-registered:00002626/00002626_1H_L_L01_BP_S21_1000PPI_8BPC_1CH_LP05-1_1,00002626,0.0065282900127485435,0.05971956508582268,21.85200560728045,0.5550780428021745,2076.0,0.4626937508583069,0.3230760795835043,nan,nan,nan,0.0,0.012135495940915968,0.09685511565507032,19.1594247067098,0.3987907496649533,2076.0,0.22151398658752441,0.419985160912805,nan,nan,nan,0.0
nist302-registered:00002626/00002626_1H_R_L01_BP_S21_1000PPI_8BPC_1CH_LP04-2_1,00002626,0.005524571123615712,0.044897278929670305,22.577014309236887,0.5356493481864643,1618.0,0.5070787370204926,0.40008474234019376,nan,nan,nan,0.0,0.030577070530302005,0.16056536681425143,15.146041249886943,0.4418747875029778,1618.0,0.3733330965042114,0.44854455016198214,nan,nan,nan,0.0
nist302-registered:00002626/00002626_1H_R_L01_BP_S21_1000PPI_8BPC_1CH_LP04-3_1,00002626,0.007042369086535128,0.0661086960760335,21.522812175440134,0.5224964609154082,2665.0,0.26536786556243896,0.4059321710364914,0.12630208333333334,11.261543135227347,2.402014652014652,3.0,0.015099579220623511,0.10705491320053587,18.210351550053417,0.48000485507789387,2665.0,0.43611153960227966,0.26563512522129434,0.1640625,11.845012503836033,3.101648351648352,3.0
