sample_id,subject_id,baseline_mse,baseline_mae,baseline_psnr,baseline_ssim_map_mean,baseline_pixels,baseline_max_absolute_error,baseline_orientation_error,baseline_ridge_frequency_mae_cpx,baseline_ridge_period_mae_pixels,baseline_ridge_frequency_relative_mae,baseline_ridge_frequency_windows,candidate_mse,candidate_mae,candidate_psnr,candidate_ssim_map_mean,candidate_pixels,candidate_max_absolute_error,candidate_orientation_error,candidate_ridge_frequency_mae_cpx,candidate_ridge_period_mae_pixels,candidate_ridge_frequency_relative_mae,candidate_ridge_frequency_windows
nist302-registered:00002304/00002304_1C_R_L01_BP_S22_1000PPI_8BPC_1CH_LP03-1_1,00002304,0.02411453070745239,0.13355369660832467,16.177211854587476,0.08263512618767574,436.0,0.3918212950229645,1.1278866191187664,nan,nan,nan,0.0,0.01448481891633148,0.10221380651543993,18.39086929809863,0.22205212011051764,436.0,0.2510501742362976,0.048690758738644854,nan,nan,nan,0.0
nist302-registered:00002304/00002304_1F_R_L01_BP_S22_1000PPI_8BPC_1CH_LP03-1_1,00002304,0.02248368175805014,0.12582743079143383,16.481325704926416,0.1562602580616514,1461.0,0.5713090300559998,0.3108652098395828,0.18984375,7.2018512277544415,2.167158381890373,5.0,0.008696509779041087,0.07329783624855318,20.60655010350525,0.33805966455290715,1461.0,0.2517017126083374,0.1477457187232373,0.09453125,5.779635694520914,1.180990176867942,5.0
nist302-registered:00002304/00002304_1F_R_L01_BP_S22_1000PPI_8BPC_1CH_LP06-1_1,00002304,0.028658918796454578,0.14657403891151016,15.427401980835086,0.17787586232282399,2664.0,0.49394044280052185,0.560402694093116,0.12171052631578948,4.1604620219731,1.0902711542570425,19.0,0.010624569562404885,0.08017941183961548,19.73688655673795,0.3714580128029409,2664.0,0.38235723972320557,0.46463618548062446,0.09457236842105263,3.885990292476708,0.9000534113321264,19.0
nist302-registered:00002304/00002304_2A_X_L02_BP_S22_1000PPI_8BPC_1CH_LP08-1_1,00002304,0.037643586005974304,0.15702945736695234,14.243090114821715,0.13793578599261333,3190.0,0.6012978851795197,0.5558816587379926,nan,nan,nan,0.0,0.01552606825502234,0.09909799667921933,18.08938508941995,0.34094102717899216,3190.0,0.39703088998794556,0.37909464475141463,nan,nan,nan,0.0
nist302-registered:00002304/00002304_5A_X_647_IN_D800_1000PPI_8BPC_1CH_LP04-1_1,00002304,0.00886297674067299,0.07452863480495626,20.524203904238316,0.25127150196569903,1741.0,0.3961108922958374,0.3270818704406902,nan,nan,nan,0.0,0.0014627618270768644,0.029061594035418675,28.34826381739921,0.6919796241166519,1741.0,0.2875063419342041,0.26016322273087616,nan,nan,nan,0.0
nist302-registered:00002304/00002304_5A_X_648_IN_D800_1000PPI_8BPC_1CH_LP04-1_1,00002304,0.02243324417262183,0.1275110001396583,16.49107916591464,0.18121908671731693,954.0,0.4441174268722534,0.6343064523417498,nan,nan,nan,0.0,0.0039591374815489975,0.05627927290318647,24.0239941705522,0.6752765227175882,954.0,0.3133544921875,0.2580390901172076,nan,nan,nan,0.0
nist302-registered:00002304/00002304_7D_X_065_CA_D800_1000PPI_8BPC_1CH_LP03-1_1,00002304,0.04595208604722174,0.18211255911154645,13.37694768538293,0.3391866520291519,607.0,0.4464889168739319,0.30105557602171795,nan,nan,nan,0.0,0.050452445058768,0.1900180467761918,12.971177818591855,0.24230868871124875,607.0,0.41934317350387573,0.12528538646520876,nan,nan,nan,0.0
nist302-registered:00002304/00002304_7D_X_066_CA_D800_1000PPI_8BPC_1CH_LP45-1_1,00002304,0.02592692712139569,0.12858832824012317,15.862489530842264,0.267937104968572,1915.0,0.5679525136947632,0.39755023756220575,0.13997395833333334,6.312311981129187,1.5409654388821055,6.0,0.02011429800339397,0.10262593142980073,16.964951198698685,0.4035046136659768,1915.0,0.4073168635368347,0.21736408943567362,0.11458333333333333,5.7692081276054,1.2936041581874915,6.0
nist302-registered:00002325/00002325_1H_R_L01_BP_S21_1000PPI_8BPC_1CH_LP03-1_1,00002325,0.010034477963941081,0.08381145219922564,19.9850521642782,0.18505847423529195,1434.0,0.29143381118774414,0.8683538550364374,nan,nan,nan,0.0,0.0020245243257132894,0.03898531294101784,26.936770005900208,0.6816898101703929,1434.0,0.12007564306259155,1.0166790789242839,nan,nan,nan,0.0
nist302-registered:00002325/00002325_4A_X_606_IN_D800_1000PPI_8BPC_1CH_LP01-1_1,00002325,0.013047633231694175,0.09366594289008737,18.84468259791975,0.13972099727744958,2364.0,0.5247036218643188,0.5904273762694527,nan,nan,nan,0.0,0.00644776858961061,0.06875348905520592,21.905905577505187,0.5752926572176512,2364.0,0.3459305763244629,0.4707185718078001,nan,nan,nan,0.0
nist302-registered:00002325/00002325_6E_X_074_BT_D800_1000PPI_8BPC_1CH_LP14-1_1,00002325,0.06003140768324705,0.20634853351754442,12.216214727044525,0.19312258493728252,3558.0,0.6945868134498596,0.6860190163573839,0.0,0.0,0.0,1.0,0.04371965373664829,0.14028612047563682,13.593232863577063,0.3074452865093994,3558.0,0.9264089465141296,0.27190887749118337,0.01171875,0.3713733075435206,0.06818181818181818,1.0
nist302-registered:00002325/00002325_6E_X_074_BT_D800_1000PPI_8BPC_1CH_LP18-1_1,00002325,0.035734861977344504,0.14415014531868875,14.469078909825264,0.2538707011747656,1571.0,0.6021216511726379,0.5667969831993286,nan,nan,nan,0.0,0.03337317710003834,0.11744835488095093,14.766024468862554,0.2970885317275917,1571.0,0.8109957277774811,0.5149661902238548,nan,nan,nan,0.0
nist302-registered:00002325/00002325_6E_X_074_BT_D800_1000PPI_8BPC_1CH_LP21-1_1,00002325,0.03246267546915201,0.14579237192225308,14.886156898823636,0.2749100355847391,3240.0,0.6164129376411438,0.32191596886171203,0.09309895833333333,3.387402585723125,0.8312869275603605,12.0,0.022167220087351662,0.11520890285387451,16.542887668053062,0.28586275329231076,3240.0,0.5131880640983582,0.2355659612993771,0.095703125,3.472799368631008,0.8920522566593285,12.0
nist302-registered:00002325/00002325_6E_X_074_BT_D800_1000PPI_8BPC_1CH_LP23-1_1,00002325,0.02983824985352777,0.13564477067598155,15.252266537612316,0.3402470322172442,1065.0,0.6035121083259583,0.18998303916994064,nan,nan,nan,0.0,0.025374540864036156,0.11448795370092973,15.956018072863971,0.4180008494783855,1065.0,0.577352374792099,0.2764874229687032,nan,nan,nan,0.0
nist302-registered:00002325/00002325_6E_X_074_BT_D800_1000PPI_8BPC_1CH_LP26-1_1,00002325,0.029587847241592843,0.13700598952276807,15.288866321732035,0.23553443311864464,2817.0,0.6004847288131714,0.39626645393199483,0.1044921875,3.280209245333805,0.8752221004804299,4.0,0.021796738338037937,0.1063407051212025,16.616084893206597,0.2566233585661269,2817.0,0.7080456912517548,0.48473100867630975,0.0693359375,2.68062104647698,0.5890470259967658,4.0
nist302-registered:00002326/00002326_1C_L_L01_BP_S06_1000PPI_8BPC_1CH_LP03-1_1,00002326,0.01625710572632728,0.10414900340394911,17.889567698716114,0.16384542767348415,2746.0,0.5078500211238861,0.914271492639963,nan,nan,nan,0.0,0.007483020131410791,0.07089477037306867,21.25923086402134,0.523933575987637,2746.0,0.3300744891166687,0.42719789419338644,nan,nan,nan,0.0
nist302-registered:00002326/00002326_1F_R_L01_BP_S06_1000PPI_8BPC_1CH_LP01-1_1,00002326,0.014603977526534393,0.09828868563147797,18.355288440398677,0.28141611903718106,1740.0,0.4042694866657257,0.32978329663775774,nan,nan,nan,0.0,0.008262810942663464,0.08044004943864098,20.828721840095405,0.46414489722887825,1740.0,0.2622908055782318,0.21691629222041392,nan,nan,nan,0.0
nist302-registered:00002326/00002326_1F_X_L01_BP_S06_1000PPI_8BPC_1CH_LP03-1_1,00002326,0.016884070367504476,0.10821616675319343,17.725228465108053,0.27112309829923953,1856.0,0.3397371768951416,0.4415611135685015,nan,nan,nan,0.0,0.003892818521098202,0.05309838242828846,24.09735842139209,0.5263380023871029,1856.0,0.23106884956359863,0.32330427017127666,nan,nan,nan,0.0
nist302-registered:00002326/00002326_1F_X_L01_BP_S06_1000PPI_8BPC_1CH_LP06-1_1,00002326,0.023009680136002693,0.12738050742593132,16.380894185384204,0.158094123595295,1053.0,0.42723891139030457,0.11256099227599436,nan,nan,nan,0.0,0.012385271645046794,0.0960273914187722,19.070944636319517,0.5259224068496547,1053.0,0.28062504529953003,0.2737414232954513,nan,nan,nan,0.0
nist302-registered:00002326/00002326_1G_L_L01_BP_S06_1000PPI_8BPC_1CH_LP04-1_1,00002326,0.017980724924361896,0.10873714075222028,17.451928029084847,0.2408280445739418,5678.0,0.366372287273407,0.39286869998401014,0.101318359375,4.257550874808839,0.9471642926461152,64.0,0.004728341200213751,0.05313252284204343,23.25291192020309,0.3893408479987808,5678.0,0.3220061659812927,0.636321531209068,0.11029052734375,4.344289530064497,1.0601925699235486,64.0
nist302-registered:00002326/00002326_1G_R_L01_BP_S06_1000PPI_8BPC_1CH_LP08-1_1,00002326,0.05196060511078305,0.17930413108450183,12.843257999634476,0.1616716285556671,767.0,0.5589391887187958,0.1757110784076328,nan,nan,nan,0.0,0.03317893505127924,0.13368446528523034,14.791375576960867,0.41288661878511573,767.0,0.5390445291996002,0.15488270181247846,nan,nan,nan,0.0
nist302-registered:00002326/00002326_4D_X_288_IN_D800_1000PPI_8BPC_1CH_LP01-1_1,00002326,0.015554864592872437,0.096406188249588,18.081337651290013,0.3376577105221743,2125.0,0.5140148997306824,0.2943144323015704,nan,nan,nan,0.0,0.014615980464957334,0.0858245706277735,18.351720461130242,0.26774336153672473,2125.0,0.42358338832855225,0.3111741119099124,nan,nan,nan,0.0
nist302-registered:00002326/00002326_6A_X_163_BT_D800_1000PPI_8BPC_1CH_LP01-1_1,00002326,0.04843397833104709,0.1789780497100754,13.14849856861777,0.2046652857361804,3707.0,0.6515586525201797,0.38474539124562845,0.0802951388888889,5.531877435560024,1.018534696514434,9.0,0.01931596960741688,0.09213611750484381,17.140834866088998,0.23093099848098675,3707.0,0.6282545328140259,0.45909887763891816,0.1427951388888889,7.016574808081405,1.7273519212581765,9.0
nist302-registered:00002326/00002326_6C_X_083_BT_D800_1000PPI_8BPC_1CH_LP17-1_1,00002326,0.013635782914727435,0.08770940698856532,18.653199214711933,0.2619551351308302,1075.0,0.49640822410583496,0.48636787688396604,nan,nan,nan,0.0,0.0069076224968102635,0.0534508328382359,21.606714047513663,0.4034526388458359,1075.0,0.3409716486930847,0.1897574260878058,nan,nan,nan,0.0
nist302-registered:00002326/00002326_6C_X_083_BT_D800_1000PPI_8BPC_1CH_LP25-1_1,00002326,0.018583857798671825,0.10487080985734089,17.308641263615243,0.2229116606941591,657.0,0.6285566091537476,0.6092475750193876,nan,nan,nan,0.0,0.011811934469149184,0.08020775176618741,19.27678971101291,0.2847235982239088,657.0,0.26777803897857666,0.1910044776768049,nan,nan,nan,0.0
nist302-registered:00002326/00002326_6C_X_083_BT_D800_1000PPI_8BPC_1CH_LP27-1_1,00002326,0.017268829699165184,0.10457500134660898,17.62737093377327,0.23256042117999767,2745.0,0.5121847689151764,0.7408140287487958,0.0849609375,5.007850204104266,1.010730913670386,8.0,0.0075880636620329475,0.05783594397247815,21.198690341416203,0.47484981982712354,2745.0,0.28747355937957764,0.681614354498625,0.111328125,5.536377093121256,1.314278190622632,8.0
nist302-registered:00002334/00002334_1C_L_L01_BP_S21_1000PPI_8BPC_1CH_LP06-1_1,00002334,0.02418011753681918,0.13373940210617863,16.165415924137115,0.21057984100679752,3843.0,0.42480140924453735,1.4273802790720385,0.07996961805555555,4.112451608517987,0.84330688325852,36.0,0.030144421462914527,0.16511037522326402,15.207930467754025,0.4898243523222519,3843.0,0.4917800724506378,0.48024822688305935,0.1086154513888889,4.879332728441603,1.07845324411376,36.0
nist302-registered:00002334/00002334_1D_L_L01_BP_S21_1000PPI_8BPC_1CH_LP01-1_1,00002334,0.023252332444112893,0.12760589693718027,16.3353347646003,0.26357698261365486,1591.0,0.48171740770339966,0.2058235466169093,nan,nan,nan,0.0,0.015043023417408973,0.10547564126724421,18.22664868429447,0.3646804954769175,1591.0,0.44843345880508423,0.18390745501442027,nan,nan,nan,0.0
nist302-registered:00002334/00002334_1G_R_L01_BP_S21_1000PPI_8BPC_1CH_LP01-1_1,00002334,0.009387590462920549,0.0782542106251158,20.274458649163595,0.25296602130731377,589.0,0.3330053985118866,0.07660100154535633,nan,nan,nan,0.0,0.002935702618737924,0.04244624718340629,25.322879397581133,0.49411758730945843,589.0,0.20775777101516724,0.09703694415172466,nan,nan,nan,0.0
nist302-registered:00002334/00002334_1H_L_L01_BP_S21_1000PPI_8BPC_1CH_LP01-1_1,00002334,0.020491751764605406,0.11530355712740673,16.884209137714464,0.17466730967139818,3199.0,0.452635794878006,1.2842564752613765,0.07899305555555555,4.235558042675184,0.8207289517634345,9.0,0.0504264644568892,0.21145274464731553,12.973414803970886,0.3105707172453598,3199.0,0.5308692455291748,0.5104087174209393,0.10112847222222222,6.7443572875632904,0.965462740750097,9.0
nist302-registered:00002334/00002334_1H_L_L01_BP_S21_1000PPI_8BPC_1CH_LP10-1_1,00002334,0.03090386904166542,0.15583451017102137,15.099871452270264,0.19387357831830876,4105.0,0.5315985679626465,0.49202727911350513,0.10212053571428571,2.8413716873713417,0.737863521799171,14.0,0.03213332659904073,0.15415012458936014,14.930443118334216,0.42093551199612034,4105.0,0.5083668231964111,0.9102627044027288,0.11635044642857142,5.7791563206727545,0.7781308949050721,14.0
nist302-registered:00002334/00002334_1H_R_L01_BP_S21_1000PPI_8BPC_1CH_LP04-1_1,00002334,0.021595030566695584,0.12145468264880707,16.65646176893731,0.18678809430990354,3337.0,0.39194875955581665,1.212802218101961,0.07142857142857142,2.793006362442646,0.5973951915928001,14.0,0.032063516649090074,0.16940722325836285,14.939888469993916,0.38158378441359064,3337.0,0.4064862132072449,0.5613695881586734,0.05133928571428571,2.5786812778485113,0.4009571888487704,14.0
nist302-registered:00002334/00002334_4G_X_066_IN_D800_1000PPI_8BPC_1CH_LP03-1_1,00002334,0.04033745684613115,0.15819879092827532,13.942914862052593,0.12906178040489683,3013.0,0.7089159190654755,0.566313763953078,nan,nan,nan,0.0,0.017123623076367295,0.09462884938424107,17.664043403831265,0.22166447277784268,3013.0,0.5657162964344025,0.4632174847834356,nan,nan,nan,0.0
nist302-registered:00002342/00002342_4F_X_452_IN_D800_1000PPI_8BPC_1CH_LP13-1_1,00002342,0.01401933160029962,0.08910837987614743,18.5327269173465,0.3569698363952609,895.0,0.519724890589714,0.11480883166736706,nan,nan,nan,0.0,0.014845643307069651,0.08468710545388014,18.284009783537478,0.36710227793251027,895.0,0.5195273458957672,0.12342528784997948,nan,nan,nan,0.0
nist302-registered:00002342/00002342_4F_X_462_IN_D800_1000PPI_8BPC_1CH_LP43-1_1,00002342,0.050431770072945435,0.1699352217562378,12.972957885447736,0.2661894892776947,1756.0,0.7590240091085434,0.3266765955898066,nan,nan,nan,0.0,0.03202319964773626,0.13706824790202676,14.94535277040951,0.23200174582353586,1756.0,0.5830318778753281,0.3851693975700468,nan,nan,nan,0.0
nist302-registered:00002342/00002342_6E_X_153_BT_D800_1000PPI_8BPC_1CH_LP17-1_1,00002342,0.04725166736801233,0.17697076831796926,13.255828619494112,0.22115940756789593,3179.0,0.5798024535179138,0.47706683616774404,nan,nan,nan,0.0,0.023112732356664376,0.11534657094717851,16.36148709766359,0.3712333251629879,3179.0,0.5989089906215668,0.34353469718898544,nan,nan,nan,0.0
nist302-registered:00002360/00002360_1D_L_L01_BP_S06_1000PPI_8BPC_1CH_LP01-1_1,00002360,0.024167778993937225,0.1323482032834947,16.167632591909324,0.20686657244802886,2333.0,0.4028497040271759,0.6342827775237921,0.1328125,4.9518763793159675,1.3595365895014915,10.0,0.01582740491121478,0.10107801116897576,18.00590286977792,0.3496002583795053,2333.0,0.36889708042144775,0.512234173666399,0.096484375,4.275688921981415,1.0192902327399254,10.0
nist302-registered:00002360/00002360_1D_R_L01_BP_S06_1000PPI_8BPC_1CH_LP03-1_1,00002360,0.029130522967455275,0.1402260454414262,15.356517186046938,0.1575606155824967,1658.0,0.4814833998680115,0.6357241401054929,nan,nan,nan,0.0,0.011957450176480467,0.0897901747892504,19.223614200420055,0.4891193306413783,1658.0,0.35142332315444946,0.1499347336975807,nan,nan,nan,0.0
nist302-registered:00002360/00002360_1E_L_L01_BP_S06_1000PPI_8BPC_1CH_LP02-1_1,00002360,0.017524115592724626,0.1074475738125856,17.56363890787352,0.16436908606351508,2307.0,0.4405106008052826,0.46993642210966036,0.1201923076923077,3.494863931854015,1.021650399487569,13.0,0.005659302246312979,0.05949128741147356,22.472371110831144,0.4128586196362784,2307.0,0.29496288299560547,0.4113718065022812,0.054086538461538464,2.3619435950213816,0.42835967968459254,13.0
nist302-registered:00002360/00002360_1E_R_L01_BP_S06_1000PPI_8BPC_1CH_LP01-1_1,00002360,0.02252574066820005,0.12210678054958662,16.473209200903526,0.21409427283357035,1855.0,0.49431878328323364,0.5158925638537267,nan,nan,nan,0.0,0.007401341580924803,0.07025689445737238,21.306895521090013,0.36226251646952035,1855.0,0.28832077980041504,0.5081248429119906,nan,nan,nan,0.0
nist302-registered:00002360/00002360_1G_L_L01_BP_S06_1000PPI_8BPC_1CH_LP01-1_1,00002360,0.016833342048330747,0.1069175131045855,17.73829651756983,0.12473226849848909,2080.0,0.4576931595802307,0.3981890120808219,0.1015625,2.3667533657227917,0.625725900116144,2.0,0.0023616233856645326,0.040986339318064544,26.267893592918522,0.6284309034102117,2080.0,0.12160319089889526,0.36194153327671746,0.111328125,2.505697848402966,0.687862950058072,2.0
nist302-registered:00002360/00002360_1G_L_L01_BP_S06_1000PPI_8BPC_1CH_LP07-1_1,00002360,0.016490444936639984,0.09913920566260097,17.827676262887344,0.27436903026005444,1328.0,0.39928942918777466,0.332197946359556,nan,nan,nan,0.0,0.009267568354105568,0.0613359832036567,20.330342020935014,0.44045728274094675,1328.0,0.40019649267196655,0.3962971259722184,nan,nan,nan,0.0
nist302-registered:00002360/00002360_1G_L_L01_BP_S06_1000PPI_8BPC_1CH_LP10-1_1,00002360,0.03334503433642605,0.1599750661493571,14.769688310384701,0.24607288008014064,4482.0,0.44399547576904297,0.798674045561842,0.10661204268292683,4.276541618934926,0.9552486968554353,41.0,0.009136790936193925,0.07140184079148523,20.392063122991424,0.5114164826858787,4482.0,0.35238808393478394,0.8957899414189532,0.10775533536585366,4.467765360434013,0.9918097891344085,41.0
nist302-registered:00002360/00002360_1G_L_L01_BP_S06_1000PPI_8BPC_1CH_LP12-1_1,00002360,0.021336555522037875,0.11617471686460906,16.708756898090478,0.11957914623999456,576.0,0.442554235458374,0.36606954531278224,nan,nan,nan,0.0,0.005294525037736007,0.043269638903439045,22.76172993581482,0.5482980494290426,576.0,0.2649097442626953,0.5170050757834211,nan,nan,nan,0.0
nist302-registered:00002360/00002360_1G_R_L01_BP_S06_1000PPI_8BPC_1CH_LP01-1_1,00002360,0.010580413536896021,0.08021565562437388,19.75497357510457,0.2388218924815764,1210.0,0.39523637294769287,0.3340239712650946,nan,nan,nan,0.0,0.0038169120665766556,0.03855371977672104,24.18287845144018,0.5574077902643223,1210.0,0.32183897495269775,0.497315556318521,nan,nan,nan,0.0
nist302-registered:00002360/00002360_1G_R_L01_BP_S06_1000PPI_8BPC_1CH_LP02-1_1,00002360,0.017056175101133445,0.10730855805533272,17.681183541013596,0.17405233739265838,2982.0,0.5339671075344086,0.27801613839212136,0.07942708333333333,3.001799860087802,0.6994858315832796,12.0,0.0036138816155637365,0.04029900870972396,24.42026078269142,0.540315675364633,2982.0,0.34898364543914795,0.2852144014380555,0.09895833333333333,3.2727517893871436,0.8154155839329488,12.0
nist302-registered:00002360/00002360_1G_R_L01_BP_S06_1000PPI_8BPC_1CH_LP03-1_1,00002360,0.01668761558427623,0.10351236233511683,17.776057132050862,0.2889991222677297,5209.0,0.5636950135231018,0.5445515558550512,0.09165396341463415,3.631037041425318,0.717670543672304,41.0,0.006552728112259532,0.056964723568178686,21.835778515456227,0.4626706405762215,5209.0,0.40663671493530273,0.504400252687387,0.09565548780487805,3.371602236397683,0.818573095625379,41.0
nist302-registered:00002360/00002360_1G_R_L01_BP_S06_1000PPI_8BPC_1CH_LP09-1_1,00002360,0.025453463020532936,0.12691834843675948,15.942531222312047,0.1955552770532677,4817.0,0.5173731744289398,1.0563180600174593,0.09153645833333333,3.3130216386020384,0.6878516128635251,30.0,0.004933417619895106,0.04748979332116919,23.06852119417412,0.5092469597056956,4817.0,0.2982215881347656,0.4714602893527376,0.122265625,3.8536684730547752,0.9746460058017278,30.0
nist302-registered:00002360/00002360_1H_L_L01_BP_S06_1000PPI_8BPC_1CH_LP06-1_1,00002360,0.0250964638642085,0.1315621210461558,16.003874670627688,0.15522222973368097,1747.0,0.4442366063594818,1.0087315570481767,nan,nan,nan,0.0,0.04779238151055215,0.19128532990020006,13.20641327898922,0.12284076147267693,1747.0,0.6029896140098572,0.22502294471216386,nan,nan,nan,0.0
nist302-registered:00002360/00002360_4G_X_336_IN_D800_1000PPI_8BPC_1CH_LP02-1_1,00002360,0.04686042118573595,0.1575973290062837,13.291938122431334,0.23399789764238763,2851.0,0.7444723546504974,0.5002088348398935,0.084375,6.8475749432540285,0.8043679560132698,10.0,0.04126908503200625,0.15699284488445664,13.843751596652476,0.34090828741958895,2851.0,0.7962162494659424,0.6296675496836452,0.09140625,5.122375575098066,1.107884466260827,10.0
nist302-registered:00002360/00002360_5A_X_793_IN_D800_1000PPI_8BPC_1CH_LP04-1_1,00002360,0.04935043286531043,0.18358469491598206,13.067090336692935,0.261067199768604,1712.0,0.5870124101638794,0.2995825840402588,nan,nan,nan,0.0,0.014864063723769695,0.09124028848083778,18.27862441481339,0.35716217251796073,1712.0,0.4731801152229309,0.39297265954364174,nan,nan,nan,0.0
nist302-registered:00002360/00002360_5A_X_796_IN_D800_1000PPI_8BPC_1CH_LP01-1_1,00002360,0.014174221618936599,0.08553570452560588,18.48500781174558,0.3576272710574502,1189.0,0.543073832988739,0.13128117350051702,nan,nan,nan,0.0,0.009347900979890368,0.07338177294316063,20.29285896634429,0.3903705177499838,1189.0,0.43048834800720215,0.18143287100082262,nan,nan,nan,0.0
nist302-registered:00002360/00002360_5A_X_796_IN_D800_1000PPI_8BPC_1CH_LP02-1_1,00002360,0.010052405592535394,0.07487643544204357,19.97729996895378,0.4064383041545454,721.0,0.5417430251836777,0.21324419523437543,nan,nan,nan,0.0,0.022806100295265367,0.09427650258379075,16.419489700954884,0.44690740797959744,721.0,0.5274428874254227,0.05335959113772222,nan,nan,nan,0.0
nist302-registered:00002360/00002360_6D_X_062_WT_D800_1000PPI_8BPC_1CH_LP03-1_1,00002360,0.047273409265384696,0.17944379771380703,13.253830761029937,0.22843823114213668,1011.0,0.7107358276844025,0.2462520696343805,nan,nan,nan,0.0,0.023044025376701888,0.09580570205854497,16.37441655188458,0.3896234727471792,1011.0,0.6568343937397003,0.2185488304576072,nan,nan,nan,0.0
nist302-registered:00002372/00002372_1C_R_L01_BP_S12_1000PPI_8BPC_1CH_LP01-1_1,00002372,0.021819922090041376,0.12462081459092472,16.611468044317064,0.11765612567742767,2148.0,0.36396920680999756,0.7674321631141464,nan,nan,nan,0.0,0.07035370624650361,0.23121078499702102,11.527130189114349,0.0920275627650842,2148.0,0.578882098197937,0.08539597262601226,nan,nan,nan,0.0
nist302-registered:00002372/00002372_1C_R_L01_BP_S12_1000PPI_8BPC_1CH_LP03-1_1,00002372,0.020463877322262958,0.11956925274079626,16.89012076384965,0.26302259430395103,838.0,0.3877188563346863,0.23881926249406554,nan,nan,nan,0.0,0.02519421058938806,0.14493533887129126,15.986992448511266,0.2024389226560086,838.0,0.37095826864242554,0.14712594901176332,nan,nan,nan,0.0
nist302-registered:00002372/00002372_1D_L_L01_BP_S12_1000PPI_8BPC_1CH_LP03-1_1,00002372,0.0328176957775761,0.1512421933383546,14.838919152455802,0.10742712100109428,2507.0,0.5226829051971436,0.6534558867412191,nan,nan,nan,0.0,0.018279302385929924,0.1265151842115027,17.3804038276643,0.3050598986993519,2507.0,0.3397578001022339,0.18463795894306215,nan,nan,nan,0.0
nist302-registered:00002372/00002372_1D_R_L01_BP_S12_1000PPI_8BPC_1CH_LP03-1_1,00002372,0.03176460831229562,0.14722666366207868,14.980564955579789,0.11102387572972813,1330.0,0.48127156496047974,0.8616724179068925,nan,nan,nan,0.0,0.03581800938395917,0.17358832610280892,14.458985540979508,0.2112458903808522,1330.0,0.39406871795654297,0.056523411634871124,nan,nan,nan,0.0
nist302-registered:00002372/00002372_1D_R_L01_BP_S12_1000PPI_8BPC_1CH_LP07-1_1,00002372,0.021018849515485095,0.1235947922578705,16.773910591332022,0.16996737616034216,1413.0,0.36901921033859253,0.7742558112240897,nan,nan,nan,0.0,0.02089157257041561,0.12440302765546585,16.80028868159993,0.24843951994067703,1413.0,0.42407554388046265,0.2429373297239177,nan,nan,nan,0.0
nist302-registered:00002372/00002372_1E_R_L01_BP_S12_1000PPI_8BPC_1CH_LP04-1_1,00002372,0.020405124496511176,0.11872702325593869,16.90260751148839,0.20255026632174966,4091.0,0.45627373456954956,0.48678904175209076,0.10724431818181818,7.323001562969406,1.5449439592997087,22.0,0.010686558876039396,0.08229026663889077,19.711621172171988,0.4273372640751518,4091.0,0.29294639825820923,0.7169485984457104,0.13121448863636365,7.806666547644958,1.7704362019632602,22.0
nist302-registered:00002372/00002372_1G_L_L01_BP_S12_1000PPI_8BPC_1CH_LP02-1_1,00002372,0.018878009883255383,0.11059790666036412,17.240437908788365,0.22277963010161256,5128.0,0.485759437084198,0.5501383401882933,0.09635416666666667,4.954199018384936,1.0759105511274825,54.0,0.010668122712036893,0.07573290225612392,19.719119974015488,0.2800707312063565,5128.0,0.43076246976852417,0.47953952374312825,0.107421875,5.010176069464495,1.1840174862038446,54.0
nist302-registered:00002372/00002372_1H_R_L01_BP_S12_1000PPI_8BPC_1CH_LP10-1_1,00002372,0.02783564254644679,0.13922877890622323,15.553987491673393,0.07861216192932316,1183.0,0.5132518708705902,0.3806603068325227,nan,nan,nan,0.0,0.03741520162176957,0.1838686038454206,14.269519101232655,0.06125477817225229,1183.0,0.4217560887336731,0.09642953253443622,nan,nan,nan,0.0
nist302-registered:00002372/00002372_2B_X_L01_BP_S12_1000PPI_8BPC_1CH_LP14-1_1,00002372,0.0269660807354876,0.13406936938579853,15.691821695514843,0.13224324644541552,1878.0,0.4825894236564636,0.6838768125354803,nan,nan,nan,0.0,0.03392402280412959,0.16393057357706328,14.694926535248673,0.2022412404231687,1878.0,0.4432426691055298,0.40560625335298445,nan,nan,nan,0.0
nist302-registered:00002402/00002402_1D_L_L01_BP_S10_1000PPI_8BPC_1CH_LP02-1_1,00002402,0.04308751318608079,0.1760868589235185,13.656485706767434,0.07681477672442139,916.0,0.5952653586864471,0.6397868509753121,nan,nan,nan,0.0,0.03784619099120362,0.18275203142624236,14.219778232905558,0.06333525659704808,916.0,0.4012712240219116,0.23950518658571,nan,nan,nan,0.0
nist302-registered:00002402/00002402_1D_L_L01_BP_S10_1000PPI_8BPC_1CH_LP05-1_1,00002402,0.04503825367302195,0.17426918071549896,13.464184572968874,0.11020716333783127,2155.0,0.607620358467102,0.5874696785126908,nan,nan,nan,0.0,0.031335078072366435,0.14334353273539974,15.039692189038318,0.23913981388732114,2155.0,0.5538399517536163,0.526913308483476,nan,nan,nan,0.0
nist302-registered:00002402/00002402_1D_L_L01_BP_S10_1000PPI_8BPC_1CH_LP06-1_1,00002402,0.02472662650678705,0.12391507899901653,16.0683513108815,0.2513238044509229,1358.0,0.5507740080356598,0.20158095248180957,nan,nan,nan,0.0,0.027666078681076275,0.1429239371037097,15.580523922813317,0.21419610805546174,1358.0,0.41858404874801636,0.44725868381667583,nan,nan,nan,0.0
nist302-registered:00002402/00002402_1E_L_L01_BP_S10_1000PPI_8BPC_1CH_LP07-1_1,00002402,0.03345498356432591,0.15864376222972842,14.755391791435194,0.0777296157810788,729.0,0.43544769287109375,0.523945657479471,nan,nan,nan,0.0,0.020260409655761907,0.1354324645139226,16.9335177766092,0.22561235682890157,729.0,0.27453768253326416,0.0440106343708605,nan,nan,nan,0.0
nist302-registered:00002402/00002402_1E_R_L01_BP_S10_1000PPI_8BPC_1CH_LP01-1_1,00002402,0.023644424409812022,0.12882349087140085,16.262712538069437,0.19981580641802862,5136.0,0.45500311255455017,0.3338222690206628,0.09326171875,2.7386841077253736,0.7110547814492487,40.0,0.01877080374309092,0.12055333489058917,17.265171310165886,0.4017379173527371,5136.0,0.3740580081939697,0.6851965737968356,0.08701171875,2.8814658100041837,0.675654078940501,40.0
nist302-registered:00002402/00002402_1F_L_L01_BP_S10_1000PPI_8BPC_1CH_LP02-1_1,00002402,0.027317619443047537,0.1416465278493717,15.635571493460795,0.1453903294592615,3217.0,0.4535565972328186,0.3153516054304548,0.12178308823529412,6.102000023892556,1.2905397202782891,17.0,0.019898378836966237,0.12885675305789548,17.01182305039528,0.37953649368390785,3217.0,0.48791372776031494,0.601842319207066,0.10386029411764706,5.6554226772238385,1.2490879904651235,17.0
nist302-registered:00002402/00002402_1H_R_L01_BP_S10_1000PPI_8BPC_1CH_LP18-1_1,00002402,0.018868478250180436,0.10864651004596505,17.242631244349187,0.17003158367785118,3227.0,0.4403917193412781,0.49564771215651704,0.17734375,5.341557825158455,1.6417314157606513,10.0,0.015863372617453315,0.10392613138692978,17.99604474430965,0.3646060844883989,3227.0,0.28965121507644653,0.2356877608186723,0.108984375,4.371884976652706,1.0422806096951525,10.0
nist302-registered:00002402/00002402_5A_X_770_IN_D800_1000PPI_8BPC_1CH_LP02-1_1,00002402,0.012565985145873124,0.09129111876035913,19.00803457994992,0.21782435077405582,1277.0,0.3853355050086975,0.2508534420795013,nan,nan,nan,0.0,0.0034160772323832177,0.03536257976279561,24.664723191251024,0.5838249393859893,1277.0,0.310330331325531,0.13428783838383654,nan,nan,nan,0.0
nist302-registered:00002402/00002402_5A_X_770_IN_D800_1000PPI_8BPC_1CH_LP08-1_1,00002402,0.06219147478744437,0.20385837931133632,12.062691443529856,0.21955381603068758,3702.0,0.6847712099552155,0.10697833331668932,0.07589285714285714,4.808614065150868,0.8945690600780575,14.0,0.022403877099580725,0.11884358077325623,16.496768183957407,0.25854924403800694,3702.0,0.6064195930957794,0.3214212958114944,0.10100446428571429,5.497159903287733,1.1423210634839098,14.0
nist302-registered:00002402/00002402_6C_X_192_BT_D800_1000PPI_8BPC_1CH_LP03-1_1,00002402,0.020117122570781423,0.11525273435848075,16.96434137979861,0.28742329484950235,4122.0,0.41028279066085815,0.4323238991995864,0.125,6.818237463795459,1.3530340769120597,30.0,0.004669543609075615,0.039480955550995685,23.307255643473663,0.5198888656775215,4122.0,0.41282719373703003,0.6866349559344693,0.13424479166666667,6.612224769824124,1.5305854874344986,30.0
nist302-registered:00002405/00002405_1C_L_L01_BP_S11_1000PPI_8BPC_1CH_LP08-1_1,00002405,0.022224169106570543,0.11806652246707781,16.531744669911326,0.18706599304902752,2239.0,0.45687276124954224,0.8106576347490109,nan,nan,nan,0.0,0.010186831795151698,0.07553245982403944,19.919608648478878,0.4445952251483732,2239.0,0.5067847967147827,0.19404660713853486,nan,nan,nan,0.0
nist302-registered:00002405/00002405_1C_L_L01_BP_S11_1000PPI_8BPC_1CH_LP10-1_1,00002405,0.043090654443125494,0.16138160432932447,13.65616909975689,0.22427469343791157,2627.0,0.6058430373668671,0.9092818382423871,0.07924107142857142,4.627737251849292,0.8689276989087233,7.0,0.009754018954297885,0.07969489793474338,20.10816404809761,0.4285756691597201,2627.0,0.37435048818588257,0.24828406671024147,0.12165178571428571,5.553567805582509,1.3683703323172014,7.0
nist302-registered:00002405/00002405_1C_L_L01_BP_S11_1000PPI_8BPC_1CH_LP11-1_1,00002405,0.0247405648897557,0.12405174381700898,16.06590388550753,0.30708172189916244,2009.0,0.6271730959415436,0.5698157170203582,nan,nan,nan,0.0,0.03144750830052743,0.14752124022227012,15.024137595732736,0.3181106823436037,2009.0,0.4747622609138489,0.468194308194909,nan,nan,nan,0.0
nist302-registered:00002405/00002405_1D_R_L01_BP_S11_1000PPI_8BPC_1CH_LP04-1_1,00002405,0.03016711148320618,0.14689867920179717,15.204662717593987,0.10661234416251442,1117.0,0.3944680690765381,0.8177309545297409,nan,nan,nan,0.0,0.043431403148825785,0.19327381415994657,13.621961395544522,0.04161008057264629,1117.0,0.5083524882793427,0.17389931316934712,nan,nan,nan,0.0
nist302-registered:00002405/00002405_1D_R_L01_BP_S11_1000PPI_8BPC_1CH_LP05-1_1,00002405,0.033333051520708444,0.15559432395601366,14.77124926425221,0.09074934732002142,1026.0,0.5419777929782867,0.6031170022041935,nan,nan,nan,0.0,0.04009503995510359,0.18957268218664167,13.969093494088224,0.05635808933292382,1026.0,0.4915115237236023,0.08915861958750064,nan,nan,nan,0.0
nist302-registered:00002405/00002405_1E_L_L01_BP_S11_1000PPI_8BPC_1CH_LP06-1_1,00002405,0.028443560655938643,0.13874520674541663,15.46016038166178,0.23861550252734515,1461.0,0.517845094203949,0.16841973690585432,nan,nan,nan,0.0,0.031490184074485804,0.15226286127500385,15.018248007067463,0.40593880292961176,1461.0,0.5737372934818268,0.029779574301964273,nan,nan,nan,0.0
nist302-registered:00002405/00002405_1E_R_L02_BP_S11_1000PPI_8BPC_1CH_LP01-1_1,00002405,0.03381948641438787,0.15761763091807499,14.708329919213325,0.0879321510167711,1119.0,0.4418747127056122,0.5548381018848574,nan,nan,nan,0.0,0.03950689320904923,0.1835678730616088,14.033271215515937,0.09138217250383156,1119.0,0.5203656256198883,0.13059377549021464,nan,nan,nan,0.0
nist302-registered:00002405/00002405_1E_R_L02_BP_S11_1000PPI_8BPC_1CH_LP03-1_1,00002405,0.03650928218763391,0.16658707480826135,14.37596705670218,0.0911480902070541,1085.0,0.41871050000190735,0.5954288475791429,nan,nan,nan,0.0,0.023502485220981927,0.14881662416018648,16.28886211741385,0.2342380551612837,1085.0,0.24631816148757935,0.05809074053157511,nan,nan,nan,0.0
nist302-registered:00002405/00002405_1F_L_L01_BP_S11_1000PPI_8BPC_1CH_LP01-1_1,00002405,0.04741802732547996,0.20116020270488547,13.240565174071552,0.08794048057793907,954.0,0.48607102036476135,0.37312798330659663,nan,nan,nan,0.0,0.03759747515620589,0.1913574061803598,14.248413189698127,0.220374666302383,954.0,0.2976917028427124,0.10934244991429005,nan,nan,nan,0.0
nist302-registered:00002405/00002405_1F_L_L01_BP_S11_1000PPI_8BPC_1CH_LP02-1_1,00002405,0.038867569343852514,0.1713721736430608,14.104126179372741,0.08277847762337297,928.0,0.45412108302116394,0.8049028436987593,nan,nan,nan,0.0,0.034864376582117225,0.1789318491415731,14.576180961084832,0.0882321611834178,928.0,0.4227529764175415,0.10971409833826234,nan,nan,nan,0.0
nist302-registered:00002405/00002405_6E_X_064_BT_D800_1000PPI_8BPC_1CH_LP10-1_1,00002405,0.10631721697565309,0.2790064666457395,9.733964002739018,0.1289683079734841,3307.0,0.8980158045887947,0.5012473092683726,0.06987847222222222,3.258654117678098,0.5716178457628617,9.0,0.021341851598611516,0.09966830979995508,16.70767904303512,0.18748977877919126,3307.0,0.8415990695357323,0.7270070370007118,0.09505208333333333,3.641357365513329,0.8161266602478161,9.0
nist302-registered:00002406/00002406_1D_L_L01_BP_S21_1000PPI_8BPC_1CH_LP03-1_1,00002406,0.021316770699328778,0.12206580881013415,16.712785864037773,0.23342077004705847,3503.0,0.49949949979782104,0.34469144692203246,0.05810546875,2.139489578155725,0.43652551865663475,24.0,0.013080663152548657,0.09857704203502471,18.83370237954264,0.39386940168249573,3503.0,0.2820852994918823,0.23143075734851437,0.06966145833333333,2.77513828444961,0.493412715730889,24.0
nist302-registered:00002406/00002406_1F_R_L01_BP_S21_1000PPI_8BPC_1CH_LP04-1_1,00002406,0.023288262900926386,0.11959007316652466,16.32862904796266,0.18528698860824544,2720.0,0.5742951035499573,0.5956179853983805,0.07524671052631579,2.724704971439975,0.5798873969020962,19.0,0.016069141616659247,0.10461787504746634,17.940073218119494,0.25994742636205953,2720.0,0.3500564694404602,0.4890403001892216,0.08778782894736842,3.4145545444767946,0.6621998655385829,19.0
nist302-registered:00002406/00002406_1G_L_L01_BP_S21_1000PPI_8BPC_1CH_LP01-1_1,00002406,0.03627367021147306,0.1557555228651288,14.404084997835449,0.21898144350065457,3320.0,0.5618245601654053,0.7755908243273192,0.08682528409090909,4.155223944609383,0.6681218316171779,22.0,0.006579538714902341,0.05833561039832701,21.8180455328497,0.3526960957966284,3320.0,0.30355775356292725,0.8040906735938427,0.083984375,3.251685507144558,0.724118225938036,22.0
nist302-registered:00002406/00002406_1H_R_L01_BP_S21_1000PPI_8BPC_1CH_LP01-1_1,00002406,0.01981723882930907,0.1149646851948895,17.029568566484933,0.23052987541390274,2047.0,0.42715755105018616,0.4281123678309832,nan,nan,nan,0.0,0.022241657775200843,0.14047987438086829,16.528328458763923,0.42814536166309786,2047.0,0.4170949459075928,0.34400537337201176,nan,nan,nan,0.0
nist302-registered:00002406/00002406_6D_X_184_WT_D800_1000PPI_8BPC_1CH_LP10-1_1,00002406,0.050250733633273086,0.17919511154739468,12.988575933988875,0.2708813219037561,2074.0,0.6913014948368073,0.45628490552421086,nan,nan,nan,0.0,0.036288491149684014,0.12608125630547018,14.402310890876555,0.3019293979491656,2074.0,0.6342610418796539,0.36160216073390533,nan,nan,nan,0.0
nist302-registered:00002408/00002408_1D_R_L01_BP_S25_1000PPI_8BPC_1CH_LP02-1_1,00002408,0.028719139857082757,0.14730287788581198,15.418285714254395,0.21343265990563937,3818.0,0.5106063485145569,0.559787197816573,0.1232766544117647,5.792689844103362,1.4090976682393053,34.0,0.010478638071979697,0.07932136160594247,19.79695159743517,0.4176138113742119,3818.0,0.2969403862953186,0.4993491662980047,0.13890165441176472,6.280757705902143,1.6267917079874052,34.0
nist302-registered:00002408/00002408_1E_R_L01_BP_S25_1000PPI_8BPC_1CH_LP01-1_1,00002408,0.039029686878633695,0.17695407831688711,14.086049328957186,0.16381105022774467,1801.0,0.583469033241272,0.2821723279207342,0.13932291666666666,4.81814621897905,1.2665835541010857,3.0,0.02200342492322673,0.13485241680923665,16.575097142009582,0.29484751026622097,1801.0,0.3658871650695801,0.3948464370683767,0.1328125,4.832552269298412,1.2135343618513323,3.0
nist302-registered:00002408/00002408_1H_R_L01_BP_S25_1000PPI_8BPC_1CH_LP13-1_1,00002408,0.018645793956939334,0.11237109111837744,17.294191192065995,0.20127847199433385,2115.0,0.38825544714927673,0.30998217116556925,0.1162109375,5.007327535487735,1.1296296296296295,4.0,0.028413205599879213,0.1485977094787796,15.464797660728163,0.21219352453732548,2115.0,0.43792232871055603,0.26830077399231367,0.1416015625,5.681003584229391,1.3888888888888888,4.0
nist302-registered:00002408/00002408_2B_X_L03_BP_S25_1000PPI_8BPC_1CH_LP04-1_1,00002408,0.030022634388365832,0.150732952986727,15.225512024946983,0.18291790546931166,3801.0,0.5224616527557373,0.7063023184419255,0.1209375,4.789866785170632,1.1881677192011582,25.0,0.02770422608930618,0.1542373043522964,15.574539772434123,0.40209803728758153,3801.0,0.4234616160392761,0.789847084772114,0.11734375,4.736979329507833,1.1282444074476141,25.0
nist302-registered:00002408/00002408_2B_X_L03_BP_S25_1000PPI_8BPC_1CH_LP11-1_1,00002408,0.01759206444020564,0.10382651737119529,17.546831928119737,0.3042592466876417,3627.0,0.5038723051548004,0.19351242042497407,0.0671875,5.755782437743001,0.5668241180149358,5.0,0.01652145347683083,0.09152042753183057,17.819517482263013,0.4075904553945122,3627.0,0.4177367091178894,0.24511206408723066,0.1140625,3.7112214672246906,0.8960662914321451,5.0
nist302-registered:00002408/00002408_6C_X_073_BT_D800_1000PPI_8BPC_1CH_LP04-1_1,00002408,0.04843553178633459,0.18257401070179502,13.148359276686081,0.18840919044698481,3858.0,0.6027799844741821,0.31749164298867366,0.04994419642857143,1.717987479818729,0.3281420231261532,28.0,0.008886802426021616,0.06311498268735785,20.512544750857412,0.3851421529734957,3858.0,0.5428643822669983,0.5707818006411725,0.060546875,2.0801120056739926,0.47417554356396385,28.0
nist302-registered:00002408/00002408_6C_X_073_BT_D800_1000PPI_8BPC_1CH_LP07-1_1,00002408,0.0070584785277034035,0.06450823094786667,21.512889020972953,0.3423913582436725,779.0,0.29267874360084534,0.09301431271010716,nan,nan,nan,0.0,0.0020298783409732906,0.02696671087261342,26.925299903760866,0.5652498126820299,779.0,0.3130740523338318,0.17096093396644077,nan,nan,nan,0.0
nist302-registered:00002412/00002412_1D_L_L01_BP_S06_1000PPI_8BPC_1CH_LP04-1_1,00002412,0.022465788095735045,0.12332940912131941,16.484783418327822,0.16057823664569004,1662.0,0.41161465644836426,0.9276601322740146,nan,nan,nan,0.0,0.024300440208565924,0.14652588475769035,16.143858589770204,0.16139125356450945,1662.0,0.4122532606124878,0.1060476646796554,nan,nan,nan,0.0
nist302-registered:00002412/00002412_1D_R_L01_BP_S06_1000PPI_8BPC_1CH_LP04-1_1,00002412,0.024362929804595496,0.13227545809244573,16.13270486094226,0.13789742509179836,2093.0,0.42846646904945374,0.8260770180560395,nan,nan,nan,0.0,0.013247071855326328,0.102058068138529,18.778801079618873,0.39536203665418784,2093.0,0.22976434230804443,0.1467260483588415,nan,nan,nan,0.0
nist302-registered:00002412/00002412_1E_R_L02_BP_S06_1000PPI_8BPC_1CH_LP01-1_1,00002412,0.022641121154594542,0.12711958529973272,16.451020713354442,0.15062145271543687,1980.0,0.401523232460022,0.647226458382719,nan,nan,nan,0.0,0.03646748199886933,0.17589109108002499,14.3809422275009,0.2405406172682509,1980.0,0.43816399574279785,0.27772151868620065,nan,nan,nan,0.0
nist302-registered:00002412/00002412_4A_X_354_IN_D800_1000PPI_8BPC_1CH_LP24-1_1,00002412,0.027927043635773145,0.13725459551264924,15.539750363944675,0.19213553223413954,1222.0,0.47002649307250977,0.7767294012868455,nan,nan,nan,0.0,0.016555408115588217,0.10184168279073437,17.810601087709717,0.3499126943154606,1222.0,0.30443471670150757,0.687540310112448,nan,nan,nan,0.0
nist302-registered:00002412/00002412_4A_X_357_IN_D800_1000PPI_8BPC_1CH_LP24-1_1,00002412,0.04495005288153061,0.16836551057775861,13.472697930043136,0.24128454767182636,2631.0,0.7753056734800339,0.41116991968832156,nan,nan,nan,0.0,0.030017251082416402,0.12669495211405157,15.226290820594633,0.38940079097748215,2631.0,0.7583865374326706,0.3369494304417168,nan,nan,nan,0.0
nist302-registered:00002412/00002412_4A_X_358_IN_D800_1000PPI_8BPC_1CH_LP07-1_1,00002412,0.0737807029860508,0.2268639498312858,11.320572111110012,0.20114768906317537,3682.0,0.808228462934494,0.3365941326332329,0.08634868421052631,3.26895787180201,0.6455205043742833,19.0,0.050822056656918566,0.180267263780561,12.939477639869905,0.1939054283879814,3682.0,0.6827682256698608,0.3075458770676737,0.05057565789473684,2.514672578575228,0.40774968764038594,19.0
nist302-registered:00002412/00002412_7C_X_569_CA_D800_1000PPI_8BPC_1CH_LP03-1_1,00002412,0.038483992266130064,0.15353816093577655,14.147198813011766,0.14930768195129684,3317.0,0.6317730247974396,0.2616436368594846,0.090625,3.2081598863149106,0.7152123594559464,10.0,0.01993265971112874,0.11122671402215886,17.004347474210327,0.17095375818742078,3317.0,0.5490328073501587,0.5836269715853278,0.087109375,3.1182332326275892,0.7547308131370369,10.0
nist302-registered:00002413/00002413_1D_R_L01_BP_S24_1000PPI_8BPC_1CH_LP01-1_1,00002413,0.020159452626818525,0.11827736172980552,16.955212641104186,0.22941551882335723,1989.0,0.5402641594409943,0.47169157982768667,nan,nan,nan,0.0,0.013359744447276773,0.10333613580108708,18.74201849210699,0.429610399949331,1989.0,0.27884581685066223,0.38279330524538324,nan,nan,nan,0.0
nist302-registered:00002413/00002413_4G_X_347_IN_D800_1000PPI_8BPC_1CH_LP16-1_1,00002413,0.01966673662438978,0.11426089541869983,17.06267698219938,0.2617232938779351,3115.0,0.4863259494304657,0.5829346664298682,0.0859375,2.461941899712797,0.6082706766917293,3.0,0.01602957771030364,0.10570912895003635,17.950779187251207,0.3987338118217204,3115.0,0.49728482961654663,0.5190878569331592,0.045572916666666664,1.617235477700594,0.3258145363408521,3.0
nist302-registered:00002426/00002426_1C_L_L01_BP_S04_1000PPI_8BPC_1CH_LP04-1_1,00002426,0.018839322012758397,0.11254008739704213,17.24934730599193,0.20772403361900826,803.0,0.4180280566215515,0.40172548098411404,nan,nan,nan,0.0,0.009481360144202656,0.08488398396953996,20.231293566756197,0.33116254087354097,803.0,0.27158045768737793,0.17238652418473965,nan,nan,nan,0.0
nist302-registered:00002426/00002426_1C_R_L01_BP_S04_1000PPI_8BPC_1CH_LP01-1_1,00002426,0.013978473956733904,0.09791151822293212,18.54540238343194,0.2833498022024236,3156.0,0.3502083718776703,0.2597486254138022,0.033203125,1.5363028689736762,0.27687074829931974,2.0,0.0027914126719952633,0.038863060648903644,25.54175954295306,0.634042257984989,3156.0,0.31528031826019287,0.1990096985821777,0.021484375,1.0489520504558096,0.16394557823129252,2.0
nist302-registered:00002426/00002426_1C_R_L01_BP_S04_1000PPI_8BPC_1CH_LP02-1_1,00002426,0.009580275812077356,0.07962856503293725,20.18621987587535,0.28090710892967774,2106.0,0.35633474588394165,0.556448689380284,nan,nan,nan,0.0,0.0059931485252738646,0.06448829216495199,22.22344959262038,0.4968699371203378,2106.0,0.298799991607666,0.1740408481918226,nan,nan,nan,0.0
nist302-registered:00002426/00002426_1C_R_L01_BP_S04_1000PPI_8BPC_1CH_LP03-1_1,00002426,0.01115583235914742,0.08604825088915873,19.5249802058421,0.2684677847574213,2271.0,0.39246466755867004,0.3979835577161124,nan,nan,nan,0.0,0.006108277005081239,0.057553670286659836,22.140812762897472,0.5043051129699778,2271.0,0.30219584703445435,0.24283712216405634,nan,nan,nan,0.0
nist302-registered:00002426/00002426_1C_R_L01_BP_S04_1000PPI_8BPC_1CH_LP04-1_1,00002426,0.025656257611217086,0.13325137962209116,15.908066923621085,0.12150366094964389,1111.0,0.4458387494087219,0.45162524840542284,nan,nan,nan,0.0,0.010412588402093364,0.08748711325047147,19.82441298441976,0.6197277565575491,1111.0,0.27421140670776367,0.16254504476890447,nan,nan,nan,0.0
nist302-registered:00002426/00002426_1C_X_L01_BP_S04_1000PPI_8BPC_1CH_LP01-1_1,00002426,0.016267680066664656,0.10415316639576915,17.886743773695162,0.28993755671968235,2413.0,0.45402729511260986,0.2980992277798578,0.08984375,3.7031446540880504,0.7666666666666667,1.0,0.0068527704597017534,0.06342408170949064,21.64133815060536,0.5390481872072026,2413.0,0.25961506366729736,0.1606058425388576,0.0234375,2.133333333333333,0.2,1.0
nist302-registered:00002426/00002426_1C_X_L01_BP_S04_1000PPI_8BPC_1CH_LP06-1_1,00002426,0.02823487334835453,0.14079699727218267,15.492141560140196,0.12001656145889653,1396.0,0.5492130517959595,0.4012098767644536,nan,nan,nan,0.0,0.01931156880572013,0.12728486788648588,17.141824441909584,0.366563387849512,1396.0,0.3401455879211426,0.6178722761185194,nan,nan,nan,0.0
nist302-registered:00002426/00002426_1E_L_L01_BP_S04_1000PPI_8BPC_1CH_LP01-1_1,00002426,0.016736114312589156,0.10609192391494651,17.76345366443488,0.17011498314306808,2310.0,0.3774561285972595,0.9429258365102602,nan,nan,nan,0.0,0.027860477807831373,0.15355155873092222,15.550114396878927,0.31348300404013757,2310.0,0.36100858449935913,0.16446581353620499,nan,nan,nan,0.0
nist302-registered:00002426/00002426_1E_L_L01_BP_S04_1000PPI_8BPC_1CH_LP02-1_1,00002426,0.020644074189490363,0.11867480400155803,16.85204588856669,0.1932432299968105,2440.0,0.5923754274845123,0.7292261356334252,0.0546875,2.0289809832102654,0.42124910267519605,6.0,0.01864310722152881,0.12377558371326962,17.294817026739725,0.3934631181357422,2440.0,0.43561312556266785,0.44030161846134175,0.044921875,2.103800401001152,0.32870926994928257,6.0
nist302-registered:00002426/00002426_1E_L_L01_BP_S04_1000PPI_8BPC_1CH_LP03-1_1,00002426,0.02532452243998425,0.13380653347797736,15.964587356472537,0.12829648183817416,1670.0,0.39273250102996826,0.8757944766588235,nan,nan,nan,0.0,0.03788896600558808,0.1728288031088378,14.214872465116201,0.2612012649300571,1670.0,0.4904078543186188,0.1755482218535253,nan,nan,nan,0.0
nist302-registered:00002426/00002426_1E_R_L01_BP_S04_1000PPI_8BPC_1CH_LP02-1_1,00002426,0.013816193340441416,0.09771650597786659,18.596115979869694,0.24586761838584414,3306.0,0.40851232409477234,0.44458224767721227,nan,nan,nan,0.0,0.01617733923116553,0.10773781960614869,17.910929074609154,0.44536524335478966,3306.0,0.44148749113082886,0.39000195392432235,nan,nan,nan,0.0
nist302-registered:00002426/00002426_1F_R_L01_BP_S04_1000PPI_8BPC_1CH_LP04-1_1,00002426,0.027392581454031627,0.14304789751919392,15.623670382676424,0.24247620547756946,4925.0,0.44954293966293335,0.7044015032473588,0.09946986607142858,4.830622785899097,1.0354685010216766,56.0,0.014772035883692214,0.10698727434661788,18.3055964604742,0.4365482347113666,4925.0,0.3000231981277466,0.8650783093694612,0.12269810267857142,5.170719393677958,1.2798411014548827,56.0
nist302-registered:00002426/00002426_1G_L_L01_BP_S04_1000PPI_8BPC_1CH_LP03-1_1,00002426,0.01242696751898199,0.0865598420983315,19.056348368006905,0.311165398465598,2479.0,0.3556865453720093,0.20259227686433706,0.1533203125,5.49732004947578,1.5683270676691732,4.0,0.005571990413814538,0.05765159325332303,22.539896394180367,0.4490702295783911,2479.0,0.24566948413848877,0.15720411492112335,0.1220703125,4.886763758203817,1.1902725563909775,4.0
nist302-registered:00002426/00002426_1G_L_L01_BP_S04_1000PPI_8BPC_1CH_LP04-1_1,00002426,0.008312522689060403,0.07157903249022732,20.802671562788795,0.4112173063072396,821.0,0.3839033544063568,0.04440480557166371,nan,nan,nan,0.0,0.0031291233222111438,0.04440109731218847,25.045773204906272,0.647292573401863,821.0,0.23717159032821655,0.022565844107716292,nan,nan,nan,0.0
nist302-registered:00002426/00002426_4A_X_471_IN_D800_1000PPI_8BPC_1CH_LP01-1_1,00002426,0.06789136970261421,0.2068790622314068,11.681854293829577,0.17998244058467688,4438.0,0.7331747114658356,0.4022601589521415,0.10881696428571429,3.627425213032197,0.8962542963409621,14.0,0.015655547753906356,0.09564463711633721,18.05331732752441,0.23928665539063323,4438.0,0.45758020877838135,0.5527852735509965,0.07003348214285714,2.888274697194786,0.5877421661764514,14.0
nist302-registered:00002426/00002426_4A_X_473_IN_D800_1000PPI_8BPC_1CH_LP01-1_1,00002426,0.0686347757810637,0.21198243236401984,11.634557807508749,0.1732151547168025,3497.0,0.7649185955524445,0.35186713929978297,0.07421875,4.713178294573643,0.7916666666666666,1.0,0.04849925691639672,0.17682861066952002,13.142649154097105,0.13798348464235005,3497.0,0.6169134080410004,0.26341459828458447,0.08984375,5.219858156028368,0.9583333333333334,1.0
nist302-registered:00002426/00002426_4A_X_474_IN_D800_1000PPI_8BPC_1CH_LP02-1_1,00002426,0.037020253807525154,0.15226924642601639,14.315606080890632,0.2021637944845756,2103.0,0.6521908789873123,0.5370943418390668,nan,nan,nan,0.0,0.020346093953029155,0.11287611238994998,16.915189543734165,0.23432018149371453,2103.0,0.5287807285785675,0.5854263443322479,nan,nan,nan,0.0
nist302-registered:00002426/00002426_4A_X_475_IN_D800_1000PPI_8BPC_1CH_LP02-1_1,00002426,0.05253188234364835,0.17560539454277224,12.795770371026023,0.11614638710146642,2148.0,0.7882582694292068,0.6830526336654033,nan,nan,nan,0.0,0.020518861643474644,0.10352557613141487,16.87846736916505,0.24278752743757182,2148.0,0.5508057326078415,0.5034066031420207,nan,nan,nan,0.0
nist302-registered:00002426/00002426_6C_X_185_BT_D800_1000PPI_8BPC_1CH_LP27-1_1,00002426,0.03670368656424813,0.15686369370442393,14.352903124753905,0.2394212333309567,5422.0,0.5316704213619232,0.40776217611613924,0.08648003472222222,3.851945774830404,0.757033039079459,36.0,0.008228525853093574,0.05496078224496092,20.846779620187096,0.34928290159495645,5422.0,0.5619988739490509,0.5993654200108939,0.0798611111111111,3.4633194445672273,0.7880810683234716,36.0
nist302-registered:00002426/00002426_6C_X_185_BT_D800_1000PPI_8BPC_1CH_LP29-1_1,00002426,0.03172884020262009,0.14240561795105322,14.985458025547395,0.29246856057045134,2396.0,0.48984968662261963,0.18954432065866986,nan,nan,nan,0.0,0.02039320578809951,0.08492419557748533,16.90514498270633,0.4194049121913465,2396.0,0.474338173866272,0.32772017176142504,nan,nan,nan,0.0
nist302-registered:00002426/00002426_6C_X_185_BT_D800_1000PPI_8BPC_1CH_LP30-1_1,00002426,0.02798596460052267,0.13259194740408126,15.530597195428644,0.23445948298188254,3249.0,0.45943212509155273,0.5594403354434346,0.07728794642857142,2.168756233078476,0.5919500679265564,14.0,0.004664161186688472,0.045226561340708925,23.312264493983236,0.43312543973755235,3249.0,0.39969003200531006,0.35168309166249884,0.05078125,1.9159967496382262,0.39631674858568566,14.0
nist302-registered:00002426/00002426_6C_X_185_BT_D800_1000PPI_8BPC_1CH_LP37-1_1,00002426,0.05980416750032424,0.20819307307800797,12.23268550805406,0.17234624633658954,5235.0,0.593400239944458,0.38883822318587213,0.0784375,3.0096587679867066,0.6953991346505388,25.0,0.006094445490558459,0.04918787296089311,22.150658029817663,0.35004047533168414,5235.0,0.5491639971733093,0.5211790629407366,0.08546875,3.1789417348060187,0.785294940018125,25.0
nist302-registered:00002426/00002426_6C_X_185_BT_D800_1000PPI_8BPC_1CH_LP38-1_1,00002426,0.03689511811841123,0.15182985998130047,14.330310949384339,0.22983606592332853,2461.0,0.7145650386810303,0.29060707563654276,nan,nan,nan,0.0,0.024350597246801855,0.1086090564582465,16.13490382383251,0.4398058980211672,2461.0,0.504585862159729,0.16969706138823012,nan,nan,nan,0.0
nist302-registered:00002426/00002426_6C_X_185_BT_D800_1000PPI_8BPC_1CH_LP54-1_1,00002426,0.06890777115704268,0.22767341353207013,11.61731797246129,0.23917888131636433,3693.0,0.8028558790683746,0.3706069635261752,0.09713541666666667,7.184335535415014,1.3423675970384932,15.0,0.036746252836944646,0.10514847297325323,14.347869410752898,0.347461840760986,3693.0,0.8150095492601395,0.4928931572121735,0.13307291666666668,6.944918888623224,1.7972455681419144,15.0
nist302-registered:00002462/00002462_1E_L_L01_BP_S21_1000PPI_8BPC_1CH_LP03-1_1,00002462,0.019592810725098046,0.11840898840915183,17.07903256969105,0.33235894788380504,4443.0,0.5029607117176056,0.42632878161988486,0.09457859848484848,5.314503990971488,1.1178777514504785,33.0,0.012082470119219934,0.09640751020773665,19.178442702278936,0.5589799207638464,4443.0,0.3135611414909363,0.4919180068411225,0.09375,4.960713947723073,1.0246258312114993,33.0
nist302-registered:00002462/00002462_1E_R_L01_BP_S21_1000PPI_8BPC_1CH_LP01-1_1,00002462,0.03639331906701438,0.16360714003957552,14.389783349947688,0.16082499830423533,1769.0,0.5681082904338837,0.4598658976208924,0.0868389423076923,4.3687207932648855,0.9775369396375587,13.0,0.01739535180670242,0.10936662334045358,17.595667835783903,0.22425026258076672,1769.0,0.38970106840133667,0.44540962857651445,0.11207932692307693,4.800848268841409,1.178620680495725,13.0
nist302-registered:00002462/00002462_1H_L_L01_BP_S21_1000PPI_8BPC_1CH_LP12-1_1,00002462,0.02805890148175427,0.14066426800285306,15.519293357934474,0.1352816778264899,1571.0,0.4140889644622803,0.43413306007557784,nan,nan,nan,0.0,0.02138172835232045,0.14275495965036142,16.69957192320061,0.4124062579388913,1571.0,0.2511710524559021,0.1566142593515491,nan,nan,nan,0.0
nist302-registered:00002462/00002462_6E_X_093_BT_D800_1000PPI_8BPC_1CH_LP18-1_1,00002462,0.02404969838695459,0.12311990625526077,16.18890365847433,0.2943157744177254,2849.0,0.4811781644821167,0.22325793863699636,0.0888671875,2.856348953430291,0.7046063580314222,8.0,0.016131461838688375,0.09710621444142965,17.923262749105472,0.28215165486785254,2849.0,0.42003652453422546,0.5723354407623534,0.083984375,2.8562774398306443,0.6508252458629544,8.0
nist302-registered:00002462/00002462_6E_X_093_BT_D800_1000PPI_8BPC_1CH_LP24-1_1,00002462,0.038072497046632604,0.14907931473122135,14.193886383416615,0.26292643177056224,1165.0,0.5429017841815948,0.10667933611457904,nan,nan,nan,0.0,0.021450733155514608,0.11093873703940232,16.685578596586048,0.4405328083092547,1165.0,0.3325086832046509,0.23996987904127237,nan,nan,nan,0.0
nist302-registered:00002462/00002462_6E_X_094_BT_D800_1000PPI_8BPC_1CH_LP07-1_1,00002462,0.11398168967836741,0.26482051061498474,9.431649092804895,0.10511086524599234,3767.0,0.8419680446386337,0.3364745932496825,0.09526909722222222,5.0546588049734655,0.9952191526559395,18.0,0.030827269408103073,0.13382535574763404,15.110649421405887,0.2157839135446056,3767.0,0.5847579538822174,0.7358781367330605,0.07855902777777778,4.023119662693442,0.8197246300406015,18.0
nist302-registered:00002494/00002494_1D_L_L01_BP_S05_1000PPI_8BPC_1CH_LP03-1_1,00002494,0.03746754244719542,0.16925243246227545,14.263447920042596,0.09261339840556328,1382.0,0.4410010874271393,0.5720651815040784,nan,nan,nan,0.0,0.02902822958953976,0.15796583491969213,15.371794506629804,0.19908163838141577,1382.0,0.42917340993881226,0.06864292430940792,nan,nan,nan,0.0
nist302-registered:00002494/00002494_1F_L_L01_BP_S05_1000PPI_8BPC_1CH_LP03-1_1,00002494,0.03659178014424339,0.16472683802513668,14.366164621172118,0.09680461163545508,1006.0,0.4309728443622589,0.5542361897980635,nan,nan,nan,0.0,0.022119168343262028,0.14450706443777142,16.55231206061829,0.18333650596081458,1006.0,0.28905075788497925,0.09840239671568858,nan,nan,nan,0.0
nist302-registered:00002494/00002494_1G_L_L01_BP_S05_1000PPI_8BPC_1CH_LP02-1_1,00002494,0.03014919242648299,0.15579426535079519,15.207243163403927,0.14762971766227231,2116.0,0.4801548421382904,0.48265764678578865,0.08463541666666667,2.690561660159568,0.618379891749457,6.0,0.0279226562064609,0.15476007515913145,15.540432708290071,0.16251098279590717,2116.0,0.42812326550483704,0.22760798772254462,0.08528645833333333,3.0051230988746855,0.6522917528352311,6.0
nist302-registered:00002494/00002494_1G_L_L01_BP_S05_1000PPI_8BPC_1CH_LP03-1_1,00002494,0.036070632328830066,0.16998170524233783,14.428462443044655,0.19970292106098692,3417.0,0.5819546282291412,0.3388372987717572,0.09095982142857142,5.050964401870959,1.0083585165790223,28.0,0.006472856438759993,0.05754295641265838,21.889040250762687,0.45294240226358873,3417.0,0.34235644340515137,0.35389110073242636,0.12890625,5.51027006555955,1.4592795947635844,28.0
nist302-registered:00002494/00002494_1G_R_L01_BP_S05_1000PPI_8BPC_1CH_LP02-1_1,00002494,0.028802585370251533,0.1525189955212944,15.405685274616154,0.1187928246236578,1436.0,0.41814684867858887,0.5655756449477245,nan,nan,nan,0.0,0.03428958979769607,0.17560176248337897,14.648377102674601,0.19392222347891236,1436.0,0.4022005796432495,0.4716956184649542,nan,nan,nan,0.0
nist302-registered:00002494/00002494_2B_X_L01_BP_S05_1000PPI_8BPC_1CH_LP05-1_1,00002494,0.018686277411603478,0.11365989401054932,17.284772080178396,0.21275948081948076,6237.0,0.5193543434143066,0.6810982417905275,0.10343070652173914,4.156423962724121,0.9897388369284061,46.0,0.004240335263050305,0.050090604014210886,23.725998044599752,0.5887090238578288,6237.0,0.3028663694858551,0.750097170524837,0.11565896739130435,4.3555007230834,1.0803127293593922,46.0
nist302-registered:00002494/00002494_4A_X_531_IN_D800_1000PPI_8BPC_1CH_LP10-1_1,00002494,0.09334848039854161,0.2461044259422101,10.29892747451375,0.23396011680483783,4663.0,0.7059451043605804,0.46242374093721067,0.07879849137931035,3.359836385734656,0.701442606073285,29.0,0.027309142624908973,0.12190769570926574,15.636919343939883,0.26328395004898897,4663.0,0.52496537566185,0.3674590017344566,0.08768857758620689,3.5841295350583757,0.8276954362512692,29.0
nist302-registered:00002494/00002494_4A_X_534_IN_D800_1000PPI_8BPC_1CH_LP08-1_1,00002494,0.021884500746633947,0.12326873655593584,16.59863356542534,0.2744861987352895,1512.0,0.5717361867427826,0.511506025369207,nan,nan,nan,0.0,0.012302386589466065,0.08808388054449723,19.100106298538165,0.4858365019922202,1512.0,0.4563373625278473,0.08023731670304517,nan,nan,nan,0.0
nist302-registered:00002494/00002494_4A_X_536_IN_D800_1000PPI_8BPC_1CH_LP01-1_1,00002494,0.02581114517456539,0.1277042934470851,15.881927264921064,0.1564060732032061,3303.0,0.7031712830066681,0.6877507735332569,0.07547433035714286,2.298777098929223,0.564338895116213,28.0,0.01985066714865528,0.11594650589658245,17.02224892724004,0.21483831505915138,3303.0,0.45060010254383087,0.6540482794715475,0.07728794642857142,2.5080652546650084,0.5728850631359056,28.0
nist302-registered:00002494/00002494_4A_X_537_IN_D800_1000PPI_8BPC_1CH_LP01-1_1,00002494,0.049008366068152294,0.18484420651407543,13.097297765613193,0.21736897997723062,1078.0,0.5806057453155518,0.7493526533418129,nan,nan,nan,0.0,0.049618613320704656,0.1676186099510246,13.043553770162726,0.31630999756222417,1078.0,0.6602849364280701,0.7740925069660031,nan,nan,nan,0.0
nist302-registered:00002494/00002494_6E_X_183_BT_D800_1000PPI_8BPC_1CH_LP10-1_1,00002494,0.02814667007752723,0.14108015844755084,15.505729774555085,0.2872515829855856,1070.0,0.5216454565525055,0.7613142999011958,nan,nan,nan,0.0,0.01947490974029017,0.10929145058181798,17.10524546460777,0.3669023090571332,1070.0,0.5376114249229431,0.3193054777308135,nan,nan,nan,0.0
nist302-registered:00002494/00002494_6E_X_183_BT_D800_1000PPI_8BPC_1CH_LP14-1_1,00002494,0.02700458680056793,0.12961192279325628,15.685624635079927,0.210393351782015,1841.0,0.6327129006385803,0.5359596717323227,nan,nan,nan,0.0,0.012025314769396347,0.09327281214244207,19.19903546902342,0.37655449255479406,1841.0,0.3870922029018402,0.17703211912140118,nan,nan,nan,0.0
nist302-registered:00002494/00002494_6E_X_183_BT_D800_1000PPI_8BPC_1CH_LP15-1_1,00002494,0.041778686891529734,0.150588513188722,13.790452140618996,0.2818244026454289,4598.0,0.6347485035657883,0.3657728404301023,0.0927734375,3.560427031759327,0.6980345289777136,24.0,0.03065443191575754,0.14436274835626786,15.135067277552366,0.2966474168904825,4598.0,0.48191261291503906,0.408687971092269,0.06591796875,3.2006166145265014,0.5352247631566203,24.0
nist302-registered:00002494/00002494_6E_X_183_BT_D800_1000PPI_8BPC_1CH_LP15-2_1,00002494,0.06852549792898585,0.19047861987447576,11.641478000493137,0.3108295245610565,3506.0,0.7604936808347702,0.43361637929356067,0.08957435344827586,3.2874268671178344,0.7407351152945669,29.0,0.05376133994103147,0.18684346692108522,12.695299155170282,0.18836406379096035,3506.0,0.7462320923805237,0.2503635454112986,0.09011314655172414,3.269330747977872,0.7470944394370447,29.0
nist302-registered:00002494/00002494_6E_X_183_BT_D800_1000PPI_8BPC_1CH_LP25-1_1,00002494,0.04003827474421269,0.15164856639524238,13.975246446095804,0.19446251435619036,5718.0,0.7037116289138794,0.4944696982887716,0.066796875,2.918101359990837,0.5134254027442432,30.0,0.02537018137495235,0.12821157409015674,15.956764279355657,0.25966451351183095,5718.0,0.5851587951183319,0.5341529644048604,0.08294270833333334,3.285502047296373,0.645995864251853,30.0
nist302-registered:00002494/00002494_7D_X_290_CA_D800_1000PPI_8BPC_1CH_LP02-1_1,00002494,0.01447902738025355,0.09486998109883715,18.392606106233952,0.25089890801024356,3997.0,0.663367748260498,0.4560777100283749,0.042689732142857144,1.387308017257947,0.3141730900927587,14.0,0.006546001117388656,0.05747877511719868,21.840239248948514,0.352126228840651,3997.0,0.336246132850647,0.44892352265684393,0.05998883928571429,2.257965818572746,0.38815456943255505,14.0
nist302-registered:00002494/00002494_7D_X_290_CA_D800_1000PPI_8BPC_1CH_LP24-1_1,00002494,0.017082986540498838,0.10343188548027697,17.674362012890278,0.1895502368995501,5331.0,0.8341056257486343,0.5138112189709126,0.07692307692307693,3.505584906495178,0.6839070573584729,26.0,0.0074593094856098725,0.06668412289874814,21.273013736626197,0.36720351280523317,5331.0,0.5528864413499832,0.6004663010983268,0.07542067307692307,3.096625230952439,0.7197667759795875,26.0
nist302-registered:00002495/00002495_1C_R_L01_BP_S24_1000PPI_8BPC_1CH_LP10-1_1,00002495,0.030104962177355754,0.14658930490397434,15.213619140863301,0.08408578964582453,1178.0,0.4345398247241974,0.43841994443820315,nan,nan,nan,0.0,0.023933469633214775,0.14473212622928294,16.209943371855303,0.10963773122010363,1178.0,0.4442574083805084,0.6253499515326826,nan,nan,nan,0.0
nist302-registered:00002495/00002495_1C_R_L01_BP_S24_1000PPI_8BPC_1CH_LP13-1_1,00002495,0.02519353193646286,0.12634058638418372,15.987109435383779,0.16758666763396085,2577.0,0.5568469166755676,0.17114768888715864,nan,nan,nan,0.0,0.05709696186703544,0.22488407060347837,12.433869999763068,0.2883507235897612,2577.0,0.48457038402557373,0.13591236459794903,nan,nan,nan,0.0
nist302-registered:00002495/00002495_1E_L_L01_BP_S24_1000PPI_8BPC_1CH_LP04-1_1,00002495,0.0327147282372133,0.15726888435334907,14.852566830553286,0.1027507189951271,793.0,0.3879174590110779,0.626186182057335,nan,nan,nan,0.0,0.02553207058173494,0.15536603433036564,15.929139636619551,0.10202853417528035,793.0,0.3548398017883301,0.08922764740252884,nan,nan,nan,0.0
nist302-registered:00002495/00002495_1E_R_L01_BP_S24_1000PPI_8BPC_1CH_LP04-1_1,00002495,0.030328745319002388,0.1548824047082676,15.1814555580555,0.09320009139379712,882.0,0.41742101311683655,0.26707778541694427,nan,nan,nan,0.0,0.020932575466533432,0.14130578952041073,16.79177334389825,0.18640425466271537,882.0,0.21602457761764526,0.13884912185430323,nan,nan,nan,0.0
nist302-registered:00002495/00002495_6E_X_121_BT_D800_1000PPI_8BPC_1CH_LP06-1_1,00002495,0.04996097467754699,0.18354609296206506,13.013690976607673,0.3481735953497386,496.0,0.6639814376831055,0.09167947928211649,nan,nan,nan,0.0,0.02802934736939885,0.14055966886301194,15.523870141615294,0.46852408301205833,496.0,0.42535847425460815,0.042605145001853584,nan,nan,nan,0.0
nist302-registered:00002495/00002495_6E_X_121_BT_D800_1000PPI_8BPC_1CH_LP08-1_1,00002495,0.07081359387619053,0.22415171584222907,11.498833640797411,0.20229655323642395,4413.0,0.6393687725067139,0.39692865114119574,0.07390625,3.0257133329233556,0.5365116459056949,25.0,0.03911936295052558,0.15504121119584893,14.076082262086732,0.19953763136341782,4413.0,0.6486146748065948,0.3516033165732751,0.09015625,2.8937025809213464,0.6670433587855724,25.0
nist302-registered:00002495/00002495_6E_X_121_BT_D800_1000PPI_8BPC_1CH_LP34-1_1,00002495,0.024127585130532217,0.12156138423225643,16.174861433612815,0.42228126244581354,955.0,0.6307654082775116,0.08293856692567995,nan,nan,nan,0.0,0.026778926346199286,0.12704809323655372,15.72206839245906,0.31682974030493605,955.0,0.42924731969833374,0.17344599498086694,nan,nan,nan,0.0
nist302-registered:00002508/00002508_1C_L_L01_BP_S22_1000PPI_8BPC_1CH_LP03-1_1,00002508,0.027659598371303,0.1375845125506155,15.581541303146778,0.17490324598087437,3698.0,0.5608198046684265,0.6545852874738025,0.1171875,4.355785335336306,1.086430397214711,6.0,0.011426149989231287,0.0882411690709912,19.4210007932431,0.4629619965404189,3698.0,0.306524395942688,0.3318749863209407,0.119140625,4.415265104835066,1.1308786539178697,6.0
nist302-registered:00002508/00002508_1C_R_L01_BP_S22_1000PPI_8BPC_1CH_LP02-1_1,00002508,0.016017315503108902,0.10349322922850931,17.954102697673925,0.2693207335731866,3251.0,0.5216977000236511,0.2900228564052318,0.103515625,5.099199118152674,1.3121775025799793,2.0,0.020480190581918,0.13352494585774416,16.886660062757855,0.5025604350448604,3251.0,0.34575730562210083,0.19035712240982433,0.046875,3.668391156962397,0.565531475748194,2.0
nist302-registered:00002508/00002508_1C_R_L01_BP_S22_1000PPI_8BPC_1CH_LP10-1_1,00002508,0.03358346168727858,0.160769274247937,14.738745400562834,0.14104224976517174,2807.0,0.4709634780883789,0.7111778722887144,0.061598557692307696,1.8854832908306431,0.44558448457620037,13.0,0.029096635257190147,0.1608608964609004,15.361572300424097,0.4065963191814608,2807.0,0.5098909437656403,0.5603722269072733,0.09825721153846154,3.713799244111965,0.6439262804631951,13.0
nist302-registered:00002508/00002508_1D_L_L01_BP_S22_1000PPI_8BPC_1CH_LP02-1_1,00002508,0.02301193153089303,0.12502881961814163,16.380469268332053,0.1574940059646968,2971.0,0.4967980980873108,1.3638894467957206,0.109375,8.233743161719412,1.6165733524775436,19.0,0.05309064741440842,0.20361093456036553,12.749819786183323,0.3539760259945026,2971.0,0.5792142450809479,0.7313066635711541,0.11430921052631579,9.002866357968667,1.6885791617747112,19.0
nist302-registered:00002508/00002508_1D_L_L01_BP_S22_1000PPI_8BPC_1CH_LP04-1_1,00002508,0.03751694650548069,0.16764563567121832,14.25772515969543,0.27142242019336366,5497.0,0.5150297284126282,1.1534036156766292,0.10887896825396826,4.72376089807867,1.1347486157244373,63.0,0.032491873896895826,0.16533565117876076,14.882252409599312,0.44454899649171625,5497.0,0.5660058557987213,0.38114231430055906,0.12524801587301587,5.416555677992355,1.2794280710335375,63.0
nist302-registered:00002508/00002508_1D_R_L01_BP_S22_1000PPI_8BPC_1CH_LP04-1_1,00002508,0.02497776732703771,0.13754297540262084,16.024463842518088,0.22832902701623511,4624.0,0.49901166558265686,0.6998004144045192,0.0810546875,4.221769216695756,0.7910935351302821,44.0,0.025153243066024896,0.1415400893063281,15.994060124021663,0.44261644482996554,4624.0,0.4816843867301941,0.7012520646536535,0.10404829545454546,5.173933176605423,0.9968874552328605,44.0
nist302-registered:00002508/00002508_1E_R_L01_BP_S22_1000PPI_8BPC_1CH_LP01-1_1,00002508,0.03063894250280748,0.14706543243009707,15.137262283710582,0.13015645023136116,1826.0,0.5700554847717285,0.2323616154006923,nan,nan,nan,0.0,0.019575655699897127,0.12210021999553418,17.082836820374354,0.28375840674255787,1826.0,0.36058467626571655,0.12761398330588117,nan,nan,nan,0.0
nist302-registered:00002508/00002508_1F_L_L01_BP_S22_1000PPI_8BPC_1CH_LP05-1_1,00002508,0.02043991700252027,0.11975296181399354,16.895208720119157,0.21737508756438575,6106.0,0.5029159188270569,0.47191355685632164,0.10119912790697674,5.626381460716021,1.189779041997273,43.0,0.023246584412218572,0.1312122031377645,16.336408483609258,0.5046675052362005,6106.0,0.5181124210357666,0.754353888120976,0.10928415697674419,5.914438204824882,1.300413182419572,43.0
nist302-registered:00002508/00002508_1F_R_L01_BP_S22_1000PPI_8BPC_1CH_LP07-1_1,00002508,0.022544859680080694,0.1285807409373703,16.469524634115825,0.22372649390288193,6507.0,0.5355855226516724,0.715917205228008,0.087158203125,4.40589830083953,0.9240847842673676,64.0,0.021724811072930367,0.13864848906678393,16.63043991649864,0.4947394231942791,6507.0,0.31225383281707764,0.8962824932233991,0.10809326171875,5.482557006560638,1.1277615236271887,64.0
nist302-registered:00002508/00002508_6E_X_109_BT_D800_1000PPI_8BPC_1CH_LP10-1_1,00002508,0.0695602615871058,0.2061345554434465,11.576387934660046,0.18092372058824502,1921.0,0.7320345640182495,0.3492826793619776,0.04296875,0.9578231292517003,0.18333333333333332,1.0,0.017786170538159955,0.09873758086557502,17.49917547878516,0.23991909099318423,1921.0,0.5985037684440613,0.4343572389528702,0.01953125,0.3878787878787877,0.08333333333333333,1.0
nist302-registered:00002508/00002508_6E_X_109_BT_D800_1000PPI_8BPC_1CH_LP23-1_1,00002508,0.028837578794497328,0.12918057383204076,15.400412058226093,0.1902621143351586,6627.0,0.7301601469516754,0.5291998645150661,0.12919560185185186,4.998863873523399,1.2711507604346945,27.0,0.010808686513631687,0.07891220669005636,19.66227078899671,0.22833850302994904,6627.0,0.48935413360595703,0.43454475545169885,0.08723958333333333,4.179530189800644,0.8435547196247648,27.0
nist302-registered:00002508/00002508_6E_X_109_BT_D800_1000PPI_8BPC_1CH_LP24-1_1,00002508,0.08371730278904875,0.24804283929972618,10.771847722433169,0.24388732545394257,6353.0,0.7350383698940277,0.46565935314811263,0.04694870283018868,2.0600897607473323,0.2707159270889894,53.0,0.020946278928291994,0.10227093792714116,16.788931175399078,0.2573239514088831,6353.0,0.8010855168104172,0.28049523016299244,0.05446639150943396,1.551078728990899,0.37954083456429616,53.0
nist302-registered:00002508/00002508_6E_X_109_BT_D800_1000PPI_8BPC_1CH_LP27-1_1,00002508,0.05304864099892543,0.1779354454106799,12.753257373842708,0.1897402098687306,4792.0,0.7063604593276978,0.6462713726420137,0.06677827380952381,1.8527062979088036,0.35160422632041255,21.0,0.022527149177804875,0.11511308985928662,16.4729376498659,0.1850304806411785,4792.0,0.502594992518425,0.5583223141576312,0.06473214285714286,1.4932349821555613,0.3657754305198453,21.0
nist302-registered:00002508/00002508_6E_X_109_BT_D800_1000PPI_8BPC_1CH_LP30-1_1,00002508,0.128302491949559,0.3101223499690262,8.917649084775055,0.17492860787066383,7293.0,0.8260869532823563,0.31230909939293927,0.06984105603448276,2.687809811433036,0.4871226985792608,58.0,0.021751395806619004,0.11075859510729412,16.625128687478675,0.17718464132192477,7293.0,0.7698607742786407,0.4178051588935501,0.07684536637931035,2.4857846488967725,0.5712339417796519,58.0
nist302-registered:00002534/00002534_1C_R_L01_BP_S03_1000PPI_8BPC_1CH_LP07-1_1,00002534,0.016758463283161888,0.10436646842350394,17.75765807796503,0.20011461702331393,2242.0,0.45237013697624207,0.987923722709583,nan,nan,nan,0.0,0.015175444497425621,0.11702524106966183,18.188585793332997,0.5310768248999278,2242.0,0.2962934672832489,0.42663912632547657,nan,nan,nan,0.0
nist302-registered:00002534/00002534_1E_R_L01_BP_S03_1000PPI_8BPC_1CH_LP04-1_1,00002534,0.0161445239220235,0.10390747500317438,17.91974757155746,0.24834161813488437,4200.0,0.4067125618457794,0.7625832331785677,0.0732421875,3.367622159376906,0.6914102955948325,24.0,0.015563583173431072,0.10061950720491863,18.078904090622622,0.31628638078287774,4200.0,0.4936341345310211,0.7264183257645285,0.08333333333333333,4.072462646660889,0.9006136787650615,24.0
nist302-registered:00002534/00002534_1G_L_L01_BP_S03_1000PPI_8BPC_1CH_LP02-1_1,00002534,0.043968904786299084,0.18274807383616765,13.568543520102834,0.11218842302351531,2760.0,0.6189780235290527,0.21141779111293704,0.061197916666666664,1.2815566960880715,0.29795778257779476,6.0,0.020129636661191407,0.12868166393127994,16.961640640315508,0.2873890762452271,2760.0,0.35631996393203735,0.22407703796329187,0.10091145833333333,2.9482345123526055,0.4790099131672157,6.0
nist302-registered:00002534/00002534_1G_R_L01_BP_S03_1000PPI_8BPC_1CH_LP01-1_1,00002534,0.027275848786868475,0.13592920141181725,15.642217258828762,0.15028832674760256,3977.0,0.5813252031803131,0.4580456905464295,0.1171875,5.892334988420218,1.3310694580400175,7.0,0.011905997351133126,0.09250519804418582,19.24234218406842,0.44071469848049927,3977.0,0.2805231809616089,0.3750294845793399,0.13337053571428573,6.136500162250395,1.4809611207819005,7.0
nist302-registered:00002534/00002534_1G_R_L01_BP_S03_1000PPI_8BPC_1CH_LP03-1_1,00002534,0.014823357049120894,0.09985674466987751,18.290534304454006,0.2418944006792106,4622.0,0.46504077315330505,0.3497875570346481,0.120849609375,5.603512760672626,1.3710646517465654,32.0,0.006028830798109914,0.06246808516881209,22.19766904636614,0.6219622368966523,4622.0,0.2627025246620178,0.2850900452979614,0.1259765625,5.789828676216578,1.4269585146474912,32.0
nist302-registered:00002534/00002534_1G_R_L01_BP_S03_1000PPI_8BPC_1CH_LP06-1_1,00002534,0.021818955428770243,0.11886139254836203,16.611660448741677,0.2102081814951148,5150.0,0.6503931730985641,0.5011171020021165,0.07942708333333333,3.443591471378209,0.7595448585038388,27.0,0.00703158849594405,0.06999811505808413,21.529465530608555,0.5695360607219221,5150.0,0.2533656358718872,0.3611484877645299,0.08101851851851852,3.6282678477067796,0.7603555452560061,27.0
nist302-registered:00002534/00002534_1H_L_L01_BP_S03_1000PPI_8BPC_1CH_LP09-1_1,00002534,0.021605755747900367,0.12235519341516646,16.654305378969575,0.189923615135422,3469.0,0.4146285057067871,0.6181065601710402,0.10677083333333333,2.7475517698242164,0.529115488243138,3.0,0.013185974736451177,0.10260661835971502,18.798877606740966,0.31572282936206436,3469.0,0.30164557695388794,0.3509439594190638,0.06770833333333333,2.1219182040289257,0.5096100077036482,3.0
nist302-registered:00002534/00002534_1H_L_L01_BP_S03_1000PPI_8BPC_1CH_LP10-1_1,00002534,0.02604410824519184,0.13606353864662366,15.84290508295506,0.16383000111036977,1924.0,0.598481684923172,0.6576756551167322,nan,nan,nan,0.0,0.015872179198328826,0.11561177432413161,17.993634419385074,0.3768572637975771,1924.0,0.3416801691055298,0.46395871968854585,nan,nan,nan,0.0
nist302-registered:00002534/00002534_1H_R_L01_BP_S03_1000PPI_8BPC_1CH_LP06-1_1,00002534,0.020219949996547176,0.11823478802141694,16.942199227435584,0.1873207287323142,3788.0,0.4905536472797394,0.5483938006615671,0.0484375,1.0516320988482515,0.21354808642071185,10.0,0.011943766469307362,0.09354331020222546,19.228586967501005,0.36905410905275454,3788.0,0.478299617767334,0.7286518440998073,0.06953125,2.1614057663778703,0.3356060022437012,10.0
nist302-registered:00002534/00002534_1H_R_L01_BP_S03_1000PPI_8BPC_1CH_LP07-1_1,00002534,0.019981602382803408,0.11718578040169153,16.99369687376037,0.26268136416411675,2768.0,0.4373232126235962,0.46022475264616264,0.09453125,2.445725273571275,0.5707878749984013,5.0,0.014676701275454607,0.10688461472059606,18.33371545159212,0.44867547980603184,2768.0,0.36459285020828247,0.4347373380895018,0.04140625,1.226956844641055,0.24168171326066065,5.0
nist302-registered:00002534/00002534_1H_R_L01_BP_S03_1000PPI_8BPC_1CH_LP11-1_1,00002534,0.02256434843859823,0.12113555966170671,16.46577202520828,0.2650944951201158,4187.0,0.45784294605255127,0.4735673702827155,0.07761548913043478,2.6016120657680704,0.4460784832269899,23.0,0.010573539944114661,0.0809274330995007,19.75779589720482,0.3185417669206609,4187.0,0.3915707468986511,0.5894420713205586,0.06606657608695653,1.8993191501773843,0.3942458600865562,23.0
nist302-registered:00002534/00002534_2B_X_L01_BP_S03_1000PPI_8BPC_1CH_LP05-1_1,00002534,0.020074243147439937,0.11792948034565376,16.97360819802046,0.22149328503999322,4237.0,0.4534793198108673,0.6529287093369707,0.11002604166666667,4.460491457546819,1.0989030107777256,36.0,0.006175596640084683,0.061492873948785755,22.093210777478017,0.4464738025342503,4237.0,0.3365776538848877,1.000027414938656,0.08940972222222222,4.130324649121237,0.9268797718523527,36.0
nist302-registered:00002534/00002534_2B_X_L02_BP_S03_1000PPI_8BPC_1CH_LP10-1_1,00002534,0.01828285037893935,0.11165696552243227,17.3795609485261,0.20799523254603824,1914.0,0.4172861576080322,0.6861548720422047,nan,nan,nan,0.0,0.014562274197398835,0.10877795733877359,18.367707957472604,0.374781281162532,1914.0,0.2718921899795532,0.349247444057933,nan,nan,nan,0.0
nist302-registered:00002534/00002534_4A_X_427_IN_D800_1000PPI_8BPC_1CH_LP03-1_1,00002534,0.017876645504159214,0.1094098338750105,17.477139718773653,0.35099787143251365,1842.0,0.5577732920646667,0.30055971986840213,nan,nan,nan,0.0,0.01788380049808776,0.10799645928587122,17.475401835290608,0.447158372899054,1842.0,0.44122427701950073,0.12116621430917895,nan,nan,nan,0.0
nist302-registered:00002534/00002534_4A_X_428_IN_D800_1000PPI_8BPC_1CH_LP01-1_1,00002534,0.021297589486163823,0.11496990598087768,16.716695483030087,0.25936363215734154,5338.0,0.7036926746368408,0.8482984171866967,0.10431985294117647,5.323621634354425,1.2024547229426235,34.0,0.013577557075078912,0.09025084255238784,18.671783629165002,0.3738997248653855,5338.0,0.45448994636535645,0.3808388017183168,0.09225643382352941,5.00386818560001,0.9881459022094902,34.0
nist302-registered:00002534/00002534_4A_X_430_IN_D800_1000PPI_8BPC_1CH_LP01-1_1,00002534,0.028050701346944974,0.13614437801313975,15.520562756805383,0.32347088274895625,1579.0,0.49928486347198486,0.30946109011212486,nan,nan,nan,0.0,0.03276777727961367,0.13596987380794215,14.845530169007407,0.4167374253797188,1579.0,0.6672457456588745,0.2881239932427537,nan,nan,nan,0.0
nist302-registered:00002534/00002534_4A_X_431_IN_D800_1000PPI_8BPC_1CH_LP02-1_1,00002534,0.03352063843722143,0.14564058215125347,14.74687718349582,0.23124096348623144,4006.0,0.5742542594671249,0.7955612789404138,0.09253771551724138,4.160389708734618,0.9111625519583232,29.0,0.04026376548247606,0.15932295449855502,13.950856121649398,0.18809309926882464,4006.0,0.6736718714237213,0.7618966376352808,0.07947198275862069,3.488097824557332,0.7604502006817694,29.0
nist302-registered:00002534/00002534_6D_X_123_WT_D800_1000PPI_8BPC_1CH_LP01-1_1,00002534,0.04939531743388213,0.1820207057706436,13.063142192750183,0.2136473309984939,6149.0,0.6716174781322479,0.5435141443114395,0.07821377840909091,3.2458302828101764,0.656750072985117,44.0,0.008734485464154213,0.05903625501367324,20.587626735843465,0.3287453655370912,6149.0,0.5566055178642273,0.583175808083277,0.08904474431818182,3.355159755224767,0.8245098885620014,44.0
nist302-registered:00002534/00002534_6D_X_123_WT_D800_1000PPI_8BPC_1CH_LP13-1_1,00002534,0.023982597818097275,0.12256888785530252,16.20103775492483,0.25270860585271654,3718.0,0.5409660935401917,0.3722242794630964,nan,nan,nan,0.0,0.005140122317434687,0.054324989415997775,22.890265461496927,0.3779953348882708,3718.0,0.3420707583427429,0.3058855003578322,nan,nan,nan,0.0
nist302-registered:00002544/00002544_1C_L_L01_BP_S21_1000PPI_8BPC_1CH_LP01-1_1,00002544,0.02764666898236827,0.13377108937546103,15.583571873148951,0.1891933038647953,3911.0,0.5592864453792572,0.8785126958589551,0.09274193548387097,3.817263089418321,0.8537493204476905,31.0,0.014098610295459335,0.09704978615845661,18.508236937813663,0.27818411949101496,3911.0,0.41938745975494385,0.6371688912878638,0.0672883064516129,3.3248752850909247,0.681219650282615,31.0
nist302-registered:00002544/00002544_1F_R_L01_BP_S21_1000PPI_8BPC_1CH_LP01-1_1,00002544,0.032589942072909335,0.15842368416451613,14.869164114722043,0.18974827852059195,4076.0,0.4627445936203003,0.515583322056868,0.08849158653846154,3.2921581036686436,0.6941368440617786,26.0,0.019592138568549206,0.12883534985096345,17.079181562549497,0.41868039982370475,4076.0,0.3404223918914795,0.6296789714190526,0.08323317307692307,3.682355637131761,0.5764890849024933,26.0
nist302-registered:00002544/00002544_1F_R_L01_BP_S21_1000PPI_8BPC_1CH_LP03-1_1,00002544,0.025484663162157622,0.13397430216493117,15.937211022276369,0.27528073697939903,6354.0,0.49615198373794556,0.56508178245414,0.0786221590909091,3.988890750858196,0.6434543883871305,55.0,0.026033853450626084,0.1497403780525497,15.844615442041896,0.4888591066432161,6354.0,0.384149432182312,0.6326515138191958,0.07982954545454546,3.6661903410999592,0.6599222003029636,55.0
nist302-registered:00002544/00002544_1H_R_L01_BP_S21_1000PPI_8BPC_1CH_LP19-2_1,00002544,0.02544703641553307,0.13068247282046347,15.943627887034227,0.16950247729709625,4782.0,0.4838331937789917,0.976808856337933,0.10296875,2.889763860834362,0.7549085781057896,25.0,0.013665509150867585,0.09604168450518265,18.64374182683877,0.30595987641149075,4782.0,0.39419400691986084,0.6115153175568115,0.0740625,2.633359094741847,0.5084875833300648,25.0
nist302-registered:00002544/00002544_4E_X_176_IN_D800_1000PPI_8BPC_1CH_LP01-1_1,00002544,0.05472223173499931,0.17770367784621507,12.618361991090119,0.195064410860839,3347.0,0.7554919794201851,0.2957311494713053,nan,nan,nan,0.0,0.02924348391508506,0.13338521200357145,15.339708890683099,0.20294033164474515,3347.0,0.6334389820694923,0.36428290751326564,nan,nan,nan,0.0
nist302-registered:00002544/00002544_5A_X_506_IN_D800_1000PPI_8BPC_1CH_LP03-1_1,00002544,0.015263942637594384,0.09703380409381988,18.163332747300636,0.2914519466451281,1816.0,0.4727834463119507,0.16520486211087915,nan,nan,nan,0.0,0.00982659986089259,0.07876608630699733,20.075967280575124,0.35722507989861263,1816.0,0.4287862479686737,0.20184640887336036,nan,nan,nan,0.0
nist302-registered:00002544/00002544_6A_X_062_BT_D800_1000PPI_8BPC_1CH_LP04-1_1,00002544,0.03243997674376817,0.146698133832112,14.889194658066515,0.18070160832745233,2687.0,0.5630200505256653,0.6145176540239997,nan,nan,nan,0.0,0.010059109033444686,0.06837538308954434,19.974404843888735,0.2853091632892237,2687.0,0.5780977308750153,0.6693118916114814,nan,nan,nan,0.0
nist302-registered:00002544/00002544_6D_X_055_WT_D800_1000PPI_8BPC_1CH_LP07-1_1,00002544,0.04879368980002406,0.17744774887020268,13.116363391084985,0.12884847529745322,2624.0,0.7622253596782684,0.20679159593229537,nan,nan,nan,0.0,0.023599242389248196,0.10293516670012982,16.271019390404984,0.15674498175410212,2624.0,0.646508514881134,0.26383691855410163,nan,nan,nan,0.0
nist302-registered:00002546/00002546_1C_R_L01_BP_S21_1000PPI_8BPC_1CH_LP07-1_1,00002546,0.028938132358057703,0.1373315701762409,15.385295013014044,0.15164969954881777,4567.0,0.5039255023002625,1.0758559948364759,0.12258184523809523,4.914297839878602,1.1494280920382698,42.0,0.011290646292992442,0.07931536752571547,19.47281197716587,0.2815807173486531,4567.0,0.4196879267692566,0.5953499521330549,0.10621279761904762,4.140520122934457,1.0119641173439813,42.0
nist302-registered:00002546/00002546_1F_L_L01_BP_S21_1000PPI_8BPC_1CH_LP03-1_1,00002546,0.016867515026144222,0.10635140013102923,17.72948894288505,0.22415478465273603,4109.0,0.4192589819431305,0.4696973036813678,0.096875,5.203629520960331,1.150525204490913,25.0,0.017170781119501165,0.11285146666896056,17.652099478109633,0.3378391627311637,4109.0,0.3669774830341339,0.460971146887307,0.11359375,5.46306457468635,1.3018207921561842,25.0
nist302-registered:00002546/00002546_1F_L_L01_BP_S21_1000PPI_8BPC_1CH_LP10-1_1,00002546,0.02741495892692761,0.13822156773561314,15.620124004397034,0.20578326222892085,3079.0,0.5032481253147125,0.5935010515135002,0.1181640625,4.799988269897437,1.4136365744908712,8.0,0.013572218243675946,0.09599563443610404,18.673491654384943,0.33549015697064727,3079.0,0.4094519019126892,0.5671275516285991,0.146484375,5.402583813508973,1.5546220452186623,8.0
nist302-registered:00002546/00002546_1F_R_L01_BP_S21_1000PPI_8BPC_1CH_LP08-1_1,00002546,0.03279136716603534,0.14446856356351032,14.842404759720743,0.15247749127803423,2754.0,0.6327280104160309,0.8098534934838242,nan,nan,nan,0.0,0.022015032205789608,0.1315502737450617,16.572806748746128,0.4946277320932776,2754.0,0.5276528298854828,0.20368548356105484,nan,nan,nan,0.0
nist302-registered:00002546/00002546_1H_L_L01_BP_S21_1000PPI_8BPC_1CH_LP09-1_1,00002546,0.02277204838214134,0.12699621357536842,16.425979021451077,0.22203021299673945,2904.0,0.5538355112075806,0.6308581059889199,0.08154296875,4.967654112829974,1.0666175566886675,8.0,0.015560713392060091,0.10593228764606244,18.079704963480644,0.38606446299950026,2904.0,0.4140419363975525,0.2931145299684978,0.11279296875,5.557543094922026,1.3396606943215883,8.0
nist302-registered:00002546/00002546_1H_R_L01_BP_S21_1000PPI_8BPC_1CH_LP18-1_1,00002546,0.03578123563661935,0.16571730000556573,14.463446659793902,0.126687602974161,2028.0,0.46545735001564026,0.9000759464272104,nan,nan,nan,0.0,0.02675480158737666,0.1544277526776231,15.725982653896693,0.3105675406277906,2028.0,0.4181528389453888,0.26142206908245064,nan,nan,nan,0.0
nist302-registered:00002546/00002546_1H_R_L01_BP_S21_1000PPI_8BPC_1CH_LP23-1_1,00002546,0.025223446229546812,0.13397357276564364,15.981955769133423,0.22167769219590697,2107.0,0.4699954390525818,0.6125240107570719,nan,nan,nan,0.0,0.016484008503763244,0.11634830524415612,17.829371701037402,0.38961384129099175,2107.0,0.31497472524642944,0.19423527278490488,nan,nan,nan,0.0
nist302-registered:00002546/00002546_4A_X_725_IN_D800_1000PPI_8BPC_1CH_LP06-1_1,00002546,0.02103104604324856,0.12196782056867746,16.771391258152136,0.17737895112554425,4151.0,0.44822484254837036,0.9787346285188719,0.058125,2.790106877876954,0.5497403263229024,25.0,0.014004074301208706,0.10698755714756068,18.537455936711197,0.40841463769622355,4151.0,0.404636412858963,0.5527259435397477,0.11,3.8175977065126894,0.9851374431074332,25.0
nist302-registered:00002546/00002546_4A_X_727_IN_D800_1000PPI_8BPC_1CH_LP03-1_1,00002546,0.026541698901987647,0.1291777729889415,15.760712819182894,0.20430693928015606,3020.0,0.577607125043869,0.8023230094966683,0.12890625,5.052864044168391,1.3428571428571427,2.0,0.015416661871778979,0.09683064373321092,18.120096527187897,0.26705149547529766,3020.0,0.5733493864536285,0.8002746770574479,0.083984375,4.232530043056359,0.9349206349206349,2.0
nist302-registered:00002546/00002546_4A_X_729_IN_D800_1000PPI_8BPC_1CH_LP05-1_1,00002546,0.02659909670250297,0.12739776146720605,15.75133111631322,0.28617828754343727,2510.0,0.620294839143753,0.522275739561666,nan,nan,nan,0.0,0.013626027808354443,0.08529706816393065,18.65630729076163,0.3534292392344197,2510.0,0.5103180408477783,0.2757283784593978,nan,nan,nan,0.0
nist302-registered:00002546/00002546_4A_X_732_IN_D800_1000PPI_8BPC_1CH_LP03-1_1,00002546,0.024865774932704116,0.12365122956971827,16.043980015935105,0.2219109140583612,5244.0,0.65711709856987,0.3708346317330341,0.10026041666666667,3.5201513487786835,0.8736481805269839,33.0,0.01706073919022733,0.1032742002593889,17.68002156094512,0.24060533545167317,5244.0,0.4887969493865967,0.34247814631217804,0.07445549242424243,2.918382547981573,0.6872788511831615,33.0
nist302-registered:00002546/00002546_4A_X_732_IN_D800_1000PPI_8BPC_1CH_LP05-1_1,00002546,0.019659380969991952,0.11207708591334353,17.064301612520616,0.17628485524343648,4647.0,0.5585734248161316,0.4519963814366427,0.087158203125,3.2075486841464085,0.6870277604388693,32.0,0.012415849154053889,0.08686981442053138,19.060235725001892,0.22346077926923213,4647.0,0.4387224316596985,0.9038789656528835,0.099853515625,3.34736925537168,0.7836121528048368,32.0
nist302-registered:00002546/00002546_4A_X_736_IN_D800_1000PPI_8BPC_1CH_LP02-1_1,00002546,0.02119839800611439,0.12082727374670818,16.736969580992124,0.11184222791730893,2532.0,0.42250198125839233,0.8133753944509858,0.04743303571428571,1.9868330759255433,0.3496794616524837,7.0,0.01574605436282585,0.1152959533071066,18.02828253501485,0.2796400384714967,2532.0,0.2803828716278076,0.5576241771892445,0.045200892857142856,1.9506171176259686,0.3706306854417571,7.0
nist302-registered:00002546/00002546_5A_X_571_IN_D800_1000PPI_8BPC_1CH_LP07-1_1,00002546,0.015086041130199252,0.097419605460557,18.214247125690193,0.2345638809886036,7567.0,0.394111692905426,0.7793403702835494,0.093603515625,4.39154412476226,0.9389409760141547,80.0,0.0014057703716845197,0.026860476524775988,28.520856142058484,0.6139435252434429,7567.0,0.24918168783187866,0.6980572987132619,0.097607421875,4.17024153363796,1.0092187242254926,80.0
nist302-registered:00002546/00002546_6D_X_124_WT_D800_1000PPI_8BPC_1CH_LP11-1_1,00002546,0.10693035326798842,0.27156618101656815,9.70898998386552,0.21269936387757812,5803.0,0.778526097536087,0.6236874039714394,0.0715725806451613,2.589598327597585,0.327574586433372,31.0,0.017396800577793126,0.09890794365771285,17.595306148881843,0.3031812938996678,5803.0,0.7122611403465271,0.33944150764916775,0.048639112903225805,1.0827448668897333,0.2590975168139697,31.0
nist302-registered:00002546/00002546_7C_X_212_CA_D800_1000PPI_8BPC_1CH_LP06-1_1,00002546,0.016476264072838604,0.1070645093939652,17.83141256017783,0.20792818121516282,5467.0,0.42018675804138184,0.7597341873950157,0.06875,3.014546915871638,0.5387387193360452,35.0,0.0031612691396748524,0.044416633263047706,25.001385282351194,0.6202786228471535,5467.0,0.40980038046836853,0.731973545424088,0.09910714285714285,3.58558009592026,0.8666083242836525,35.0
nist302-registered:00002547/00002547_1C_L_L01_BP_S21_1000PPI_8BPC_1CH_LP01-1_1,00002547,0.021128062603547663,0.11766149574486101,16.751403249621028,0.23796493057667018,2228.0,0.4907529056072235,0.2003428857407057,nan,nan,nan,0.0,0.037398403186635655,0.18420243679246526,14.271469406347496,0.32105048158723914,2228.0,0.5268374979496002,0.21251255569215177,nan,nan,nan,0.0
nist302-registered:00002547/00002547_1C_R_L01_BP_S21_1000PPI_8BPC_1CH_LP08-1_1,00002547,0.021796124607434533,0.12827027477030478,16.616207179194,0.2652778927055491,5838.0,0.37664687633514404,0.46970044521137577,0.08602627840909091,4.525642297393613,0.9471930820383395,44.0,0.03541283135284513,0.17980045112856205,14.508393488205654,0.5190617805966522,5838.0,0.4536975622177124,0.7967488953189334,0.09623579545454546,5.09200602847087,1.00160577167463,44.0
nist302-registered:00002547/00002547_1C_X_L01_BP_S21_1000PPI_8BPC_1CH_LP01-1_1,00002547,0.029670836308552696,0.14820115928024719,15.276702123932733,0.16099195940915453,3539.0,0.5526624023914337,0.6072494903441688,0.10094572368421052,4.363852881881165,0.9539703109398907,19.0,0.040981668814145826,0.18806361222408627,13.874103606732755,0.37182675473604604,3539.0,0.550041526556015,0.4381233661251909,0.07627467105263158,3.8849805155217947,0.7572302320843964,19.0
nist302-registered:00002547/00002547_1E_R_L01_BP_S21_1000PPI_8BPC_1CH_LP05-1_1,00002547,0.047108044959221704,0.1879919476062843,13.269049191334547,0.17595650983360728,4755.0,0.5480122268199921,0.6442822794826896,0.09969815340909091,4.9893345588037015,1.042887730127712,44.0,0.04291231504543974,0.17977932259111373,13.674180553964998,0.36017735982252796,4755.0,0.5584267675876617,0.8469402837432956,0.10635653409090909,5.6269516095198,1.2016143757091244,44.0
nist302-registered:00002547/00002547_1G_R_L01_BP_S21_1000PPI_8BPC_1CH_LP02-1_1,00002547,0.0222197114701108,0.1271216234076452,16.532615848079466,0.172856694228147,3973.0,0.4107247591018677,0.5210510856705408,0.10184151785714286,3.711578786719866,0.9282802311498665,14.0,0.010441496456329797,0.08797982019289537,19.81237254575828,0.47932329342072827,3973.0,0.4009513854980469,0.543856363585986,0.07756696428571429,4.4454161300507975,0.6371857280233534,14.0
nist302-registered:00002547/00002547_6C_X_155_BT_D800_1000PPI_8BPC_1CH_LP06-3_1,00002547,0.029081309437844396,0.1235765304451653,15.363860424888227,0.33388852457759144,3489.0,0.7088724374771118,0.6576563444117063,0.12393465909090909,5.439480764110811,1.4634054482023187,11.0,0.029886968056130406,0.13805058556663577,15.245181406074327,0.5968700798528397,3489.0,0.5363763272762299,0.3399614138335638,0.02947443181818182,2.615304752272149,0.359459513587838,11.0
nist302-registered:00002547/00002547_6C_X_155_BT_D800_1000PPI_8BPC_1CH_LP07-1_1,00002547,0.03483206567208357,0.15432871655460628,14.580207694870467,0.28108799788557987,5380.0,0.5066313445568085,0.4445340351646501,0.0885009765625,2.351413165845579,0.5654188370345637,32.0,0.011528273175093515,0.06311632444922809,19.382357409874345,0.3260606949300139,5380.0,0.7045398056507111,0.4593266980345587,0.0826416015625,2.2537686309569764,0.5289121709464013,32.0
nist302-registered:00002547/00002547_7D_X_177_CA_D800_1000PPI_8BPC_1CH_LP01-1_1,00002547,0.030671862482603632,0.13100245698649016,15.132598516223863,0.18707571905641496,6522.0,0.9547900669276714,0.7862983369000887,0.10055226293103449,4.530648861483159,0.937638611182016,58.0,0.020748382159644994,0.11745091758174916,16.83015761435319,0.42432947091849865,6522.0,0.7305422499775887,0.9396990241720543,0.11348329741379311,4.373145333255009,1.110083287410575,58.0
nist302-registered:00002561/00002561_1C_R_L03_BP_S11_1000PPI_8BPC_1CH_LP03-1_1,00002561,0.03467922330782298,0.16047608167275615,14.599306377501497,0.12738390950123582,2262.0,0.45056113600730896,0.861895574854933,0.083984375,2.380284287735268,0.5838052338052339,4.0,0.02749512145748425,0.15698123175838583,15.607443575169741,0.3097359371651706,2262.0,0.31823599338531494,0.5260425403896594,0.0849609375,2.487240488551964,0.5922404547404547,4.0
nist302-registered:00002561/00002561_1E_L_L01_BP_S11_1000PPI_8BPC_1CH_LP04-1_1,00002561,0.02289452770396648,0.1278836555664177,16.402683111962034,0.16448813595641024,5127.0,0.4602367579936981,0.6925672900928572,0.14741847826086957,4.796413250247076,1.3869092425461667,46.0,0.006903230486288623,0.06708793759764531,21.609476260681298,0.38865534691488324,5127.0,0.2501755952835083,0.49362861762858123,0.10377038043478261,4.212057163817913,1.0409215807997592,46.0
nist302-registered:00002561/00002561_1F_L_L01_BP_S11_1000PPI_8BPC_1CH_LP04-1_1,00002561,0.03762171503260683,0.16754208187694136,14.245614104810096,0.07867004136355925,920.0,0.42823609709739685,0.9925273904717786,nan,nan,nan,0.0,0.0178182656392894,0.13104015044544054,17.491345707785474,0.24422105722225246,920.0,0.21211975812911987,0.06617513058198933,nan,nan,nan,0.0
nist302-registered:00002561/00002561_1G_L_L01_BP_S11_1000PPI_8BPC_1CH_LP01-1_1,00002561,0.022103795077720444,0.13101235879748227,16.555331543776365,0.2863226621840672,4226.0,0.3734018802642822,0.39281093924640564,0.094140625,3.4462418487428876,0.8313635016960911,40.0,0.02025382577944941,0.11761723175271112,16.934929300803844,0.4587725729186579,4226.0,0.3966837227344513,1.200392318319303,0.1255859375,4.168998049512137,1.0917392594010444,40.0
nist302-registered:00002561/00002561_1G_R_L01_BP_S11_1000PPI_8BPC_1CH_LP01-1_1,00002561,0.02049178237071097,0.11279209010363268,16.884202651176377,0.2245808264081672,2226.0,0.40322157740592957,0.6350154921494997,0.021484375,1.1236377253517362,0.134087626384208,2.0,0.002215446702350812,0.03632280482221913,26.5453869345605,0.5346644918343983,2226.0,0.23631519079208374,0.33033127873300744,0.076171875,2.3169451526081914,0.5770341839191141,2.0
nist302-registered:00002561/00002561_6E_X_092_BT_D800_1000PPI_8BPC_1CH_LP11-1_1,00002561,0.010647164525260952,0.08069859831865644,19.727660349474057,0.5715525305575999,497.0,0.3855687081813812,0.11355504529105982,nan,nan,nan,0.0,0.013943308232953994,0.09031158859581055,18.55634171943913,0.43348330530919876,497.0,0.46754807233810425,0.581983987834033,nan,nan,nan,0.0
nist302-registered:00002575/00002575_1C_L_L01_BP_S22_1000PPI_8BPC_1CH_LP01-1_1,00002575,0.026811589516219713,0.14272755089508513,15.716774382491208,0.19926582095446124,5214.0,0.44834813475608826,1.448801061584672,0.09464518229166667,3.752074743479405,0.9104546817282256,48.0,0.01669249203724199,0.11944961883942194,17.774788222643277,0.443964486792353,5214.0,0.2740861177444458,0.3727044784828056,0.10400390625,4.056019818946004,0.9802092837060252,48.0
nist302-registered:00002575/00002575_1D_X_L01_BP_S22_1000PPI_8BPC_1CH_LP04-1_1,00002575,0.022595716720621703,0.12169615510827715,16.459738785914908,0.15011966938470814,2544.0,0.42903265357017517,0.6118022059052808,nan,nan,nan,0.0,0.01927458520457703,0.12461201780996982,17.15014959336755,0.403257304394652,2544.0,0.2885054349899292,0.16372065351214857,nan,nan,nan,0.0
nist302-registered:00002575/00002575_1H_L_L01_BP_S22_1000PPI_8BPC_1CH_LP09-1_1,00002575,0.03553310489117211,0.16577335266635979,14.493668420972787,0.08007643520744388,863.0,0.45986083149909973,0.6826974865031218,nan,nan,nan,0.0,0.02526270732172165,0.15460541177873402,15.975201093673775,0.09350868401241284,863.0,0.2524000406265259,0.11383494216165613,nan,nan,nan,0.0
nist302-registered:00002575/00002575_2A_X_L02_BP_S22_1000PPI_8BPC_1CH_LP08-1_1,00002575,0.04430869279722596,0.18258540215887928,13.535110624108562,0.05541766691757122,1651.0,0.45979511737823486,0.2916378258903991,nan,nan,nan,0.0,0.03155757558648463,0.17173580503117164,15.008963688927652,0.1596474528137211,1651.0,0.3226262331008911,0.19029412488095773,nan,nan,nan,0.0
nist302-registered:00002575/00002575_4A_X_627_IN_D800_1000PPI_8BPC_1CH_LP15-1_1,00002575,0.044388270600311336,0.16301982887334932,13.527317750776453,0.1698179748842023,2881.0,0.6946077197790146,0.572412176536277,nan,nan,nan,0.0,0.03019730602279657,0.10524781464920074,15.200317998117455,0.330275769829432,2881.0,0.888456217944622,1.019442707211556,nan,nan,nan,0.0
nist302-registered:00002575/00002575_5A_X_597_IN_D800_1000PPI_8BPC_1CH_LP07-1_1,00002575,0.12901838543741886,0.29473840952697594,8.893483972583317,0.19015282771542832,6167.0,0.8612239807844162,0.42445726782777693,0.09723772321428571,5.171590063581538,1.0016964993272366,56.0,0.020859212704613776,0.11154792333864133,16.807020873042312,0.24133436066154687,6167.0,0.48080572485923767,0.3872729152668746,0.11077008928571429,5.3056272256650825,1.2223449756121048,56.0
nist302-registered:00002575/00002575_5A_X_598_IN_D800_1000PPI_8BPC_1CH_LP03-1_1,00002575,0.02569838961613893,0.12162158702892706,15.900940907830021,0.4397411662972787,1694.0,0.6570203602313995,0.06545699193386621,nan,nan,nan,0.0,0.026215410454510042,0.13171013665012796,15.814433381511625,0.5013310222607477,1694.0,0.4759420305490494,0.18998174650160252,nan,nan,nan,0.0
nist302-registered:00002575/00002575_5A_X_599_IN_D800_1000PPI_8BPC_1CH_LP01-1_1,00002575,0.010282447050253923,0.08218939352221682,19.879035182245005,0.2553799276103278,1793.0,0.28733742237091064,0.15561085804918542,nan,nan,nan,0.0,0.002821726067675556,0.03951862868289341,25.494851497139845,0.6192125131563837,1793.0,0.24787768721580505,0.2709659454565593,nan,nan,nan,0.0
nist302-registered:00002575/00002575_5A_X_599_IN_D800_1000PPI_8BPC_1CH_LP08-1_1,00002575,0.015149786809946567,0.0977223744605678,18.195934785752243,0.30198774923870864,2912.0,0.6365514993667603,0.1459924379039456,nan,nan,nan,0.0,0.004927690203351051,0.04624916782991572,23.073566034419105,0.5034053884608521,2912.0,0.541571244597435,0.37505342051299645,nan,nan,nan,0.0
nist302-registered:00002575/00002575_6E_X_078_BT_D800_1000PPI_8BPC_1CH_LP06-1_1,00002575,0.09170920600106355,0.26337700943014614,10.375870665678729,0.18547078782423326,4624.0,0.8419658243656158,0.5374361678779451,0.07670454545454546,2.4139420787034247,0.5552064034276228,11.0,0.016810481695109483,0.09800236981851936,17.74419841912655,0.22377167019182864,4624.0,0.761351078748703,0.4213664099588163,0.07350852272727272,2.387762158183365,0.4937827749329481,11.0
nist302-registered:00002575/00002575_6E_X_078_BT_D800_1000PPI_8BPC_1CH_LP13-1_1,00002575,0.026474511353525736,0.1252867706629781,15.771720470250411,0.22698769120208478,4107.0,0.7213878035545349,0.4901491643591004,0.055509868421052634,2.593533704882943,0.5339029331063836,19.0,0.012127161425835132,0.08082315600757213,19.162408414550708,0.2667282995217421,4107.0,0.65126633644104,0.5973224079835229,0.08655427631578948,3.191892868450993,0.7834462153321167,19.0
nist302-registered:00002583/00002583_1C_L_L01_BP_S21_1000PPI_8BPC_1CH_LP03-1_1,00002583,0.020850982731013247,0.12117083567049877,16.808734714049272,0.17372872137659817,3043.0,0.5289629399776459,0.24001461853626055,0.13733552631578946,8.689180186434994,1.9934900442617633,19.0,0.01040120112515836,0.08918710786027811,19.82916505710093,0.6240606443712545,3043.0,0.20647919178009033,0.6040241211128661,0.11739309210526316,8.509351225123657,1.869776547295741,19.0
nist302-registered:00002583/00002583_1C_R_L01_BP_S21_1000PPI_8BPC_1CH_LP05-1_1,00002583,0.021258633793137874,0.12130890355007139,16.724646492749333,0.21266375741546006,2962.0,0.5597416460514069,0.5176519422735218,0.0900390625,4.305336848504112,0.9448071912318478,20.0,0.01979374058802152,0.12258941754145368,17.03472125792193,0.34485544918532457,2962.0,0.4766547977924347,0.6459791065819573,0.130078125,5.147558763457722,1.3344214237196017,20.0
nist302-registered:00002583/00002583_1D_L_L01_BP_S21_1000PPI_8BPC_1CH_LP03-1_1,00002583,0.031599141684491315,0.15415378477667285,15.003247137977894,0.11626583473863403,1549.0,0.42442405223846436,0.9763993250391232,nan,nan,nan,0.0,0.047784918627476296,0.18313658291328486,13.207091492109038,0.17329548625242275,1549.0,0.5733403265476227,0.35263075315234665,nan,nan,nan,0.0
nist302-registered:00002583/00002583_1D_L_L01_BP_S21_1000PPI_8BPC_1CH_LP04-1_1,00002583,0.024653108748480205,0.13631208068539197,16.081283085497265,0.14671400514081764,1685.0,0.3996015787124634,0.6117814038222522,nan,nan,nan,0.0,0.03817119949010246,0.17231269738794433,14.182641925856762,0.19920352573199504,1685.0,0.503318578004837,0.21024789624714382,nan,nan,nan,0.0
nist302-registered:00002583/00002583_1D_R_L01_BP_S21_1000PPI_8BPC_1CH_LP01-1_1,00002583,0.027227482998653775,0.13999617037134882,15.64992504466863,0.16318102923252883,2189.0,0.5343098044395447,0.6116638083306603,nan,nan,nan,0.0,0.031201830518203934,0.17253049790124034,15.058199264740292,0.32739185414114813,2189.0,0.3010794520378113,0.4067274100640733,nan,nan,nan,0.0
nist302-registered:00002583/00002583_1D_R_L01_BP_S21_1000PPI_8BPC_1CH_LP03-1_1,00002583,0.020214664677901676,0.11969177168868522,16.943334583740764,0.24507058847679533,2811.0,0.4399784505367279,0.5334652227161875,0.07335069444444445,3.6018366355287514,0.687157438733069,9.0,0.03713086461001405,0.18826663704030414,14.302649379005237,0.3927121882736483,2811.0,0.41182655096054077,0.6439925799910762,0.0920138888888889,4.102372239743415,0.8925503845671913,9.0
nist302-registered:00002583/00002583_1G_L_L01_BP_S21_1000PPI_8BPC_1CH_LP03-1_1,00002583,0.02601234751748507,0.1386278097372034,15.848204525759503,0.21462349522240556,1361.0,0.46975523233413696,0.3713322371403627,nan,nan,nan,0.0,0.018391416171311306,0.11778083244375584,17.35384828037294,0.3056749157831702,1361.0,0.43607738614082336,0.5782097291545418,nan,nan,nan,0.0
nist302-registered:00002583/00002583_1G_R_L01_BP_S21_1000PPI_8BPC_1CH_LP01-1_1,00002583,0.02226604163088965,0.12555463955198465,16.523569832650246,0.13027483847230573,912.0,0.4095734655857086,0.16892886625876916,nan,nan,nan,0.0,0.012952467625796658,0.10450863080066547,18.876474845421296,0.29711770952303396,912.0,0.18487489223480225,0.04771670084463128,nan,nan,nan,0.0
nist302-registered:00002583/00002583_1G_R_L01_BP_S21_1000PPI_8BPC_1CH_LP03-1_1,00002583,0.027244420922330526,0.14182319077396516,15.647224185511782,0.16449809728244527,2323.0,0.5456592738628387,0.7611917305324464,nan,nan,nan,0.0,0.012510549582810804,0.09298878396270709,19.027236115264493,0.4191471658721547,2323.0,0.43895453214645386,0.8094861505689225,nan,nan,nan,0.0
nist302-registered:00002583/00002583_6E_X_004_BT_D800_1000PPI_8BPC_1CH_LP21-1_1,00002583,0.04804359487386313,0.18540314815302103,13.183645038613342,0.30823148818706425,1323.0,0.596520334482193,0.24805787818277492,nan,nan,nan,0.0,0.016125096443051996,0.08803928346680766,17.92497679200599,0.25789424852760773,1323.0,0.6448293030261993,0.426257613874103,nan,nan,nan,0.0
nist302-registered:00002583/00002583_6E_X_004_BT_D800_1000PPI_8BPC_1CH_LP25-1_1,00002583,0.05450660339694407,0.20201838814274498,12.635508803814945,0.21008834065609294,1767.0,0.5466650128364563,0.1629736561407073,nan,nan,nan,0.0,0.013053889842251726,0.08073600407333514,18.84260056501699,0.2334081368188539,1767.0,0.692092776298523,0.2537279961792805,nan,nan,nan,0.0
nist302-registered:00002611/00002611_1A_X_L01_BP_S22_1000PPI_8BPC_1CH_LP08-1_1,00002611,0.025639364813529665,0.13722564790730185,15.910927381780272,0.16462983002717319,1917.0,0.4564991593360901,0.5166660697243389,0.13037109375,5.3830532922401435,1.4313121668977697,8.0,0.010644372638989012,0.08547477285005055,19.728799300409918,0.33931464964175245,1917.0,0.23246169090270996,0.27880559491752965,0.142578125,6.191241030732378,1.6159468381220983,8.0
nist302-registered:00002611/00002611_1D_L_L01_BP_S22_1000PPI_8BPC_1CH_LP02-1_1,00002611,0.03555259554496197,0.16757527111880777,14.491286877694797,0.07263868979641278,883.0,0.36897027492523193,0.4027754696586838,nan,nan,nan,0.0,0.030786898171167868,0.17075445103888334,15.116340647507451,0.14201427303097336,883.0,0.37227755784988403,0.18274789840218522,nan,nan,nan,0.0
nist302-registered:00002611/00002611_1D_R_L01_BP_S22_1000PPI_8BPC_1CH_LP03-1_1,00002611,0.028931555083932924,0.14444981714141264,15.386282222033799,0.10485429900083225,1927.0,0.45301222801208496,0.688484373204219,nan,nan,nan,0.0,0.014210692156075315,0.10501743143991787,18.473847685015663,0.286427676002831,1927.0,0.3950992524623871,0.19547091985550052,nan,nan,nan,0.0
nist302-registered:00002611/00002611_1F_L_L01_BP_S22_1000PPI_8BPC_1CH_LP04-1_1,00002611,0.019158016138902553,0.11399913890066611,17.17649465222784,0.1779586726960628,4499.0,0.5006451904773712,0.6135525152003081,0.09051339285714285,3.6926850186529188,0.8213123487045744,35.0,0.017185158977646445,0.11518916007438536,17.64846445907015,0.42869250961998906,4499.0,0.31981706619262695,0.7037724514211967,0.12421875,4.439850386552565,1.137033484260642,35.0
nist302-registered:00002611/00002611_1F_R_L01_BP_S22_1000PPI_8BPC_1CH_LP02-1_1,00002611,0.01873486845316539,0.11435637215681826,17.27349351957157,0.18302736322419338,4563.0,0.48027491569519043,0.3257741684115654,0.13338694852941177,5.370828820501135,1.438879961588506,34.0,0.008675700737165216,0.07539588069278316,20.616954371142,0.5843145442031777,4563.0,0.27398455142974854,0.7557163339227956,0.11580882352941177,5.424215709329005,1.2481569333873705,34.0
nist302-registered:00002611/00002611_4D_X_108_IN_D800_1000PPI_8BPC_1CH_LP01-1_1,00002611,0.09559500498088346,0.2602580009839768,10.195647998359668,0.1506323667948807,5897.0,0.7152429223060608,0.532889908871262,0.078515625,3.8295947961297845,0.6483202164690383,50.0,0.0200647323562424,0.10819696207076428,16.975666289519356,0.21065676782139378,5897.0,0.5555650889873505,0.43059320145328067,0.0875,3.1116972662744375,0.7585291861190769,50.0
nist302-registered:00002611/00002611_4D_X_109_IN_D800_1000PPI_8BPC_1CH_LP08-1_1,00002611,0.0464645268037805,0.17855431466819363,13.328784813603127,0.1934531503303494,6646.0,0.5982671976089478,1.1475215749923369,0.07025669642857142,3.0401449434200734,0.5628390950234201,70.0,0.009244231084552643,0.07450508774492778,20.34129206692313,0.2418614822666365,6646.0,0.437921404838562,0.773533883664597,0.08152901785714285,2.787376538251396,0.6584371639807395,70.0
nist302-registered:00002614/00002614_1C_L_L01_BP_S05_1000PPI_8BPC_1CH_LP05-1_1,00002614,0.03837809113785066,0.1784701469234931,14.159166301454816,0.07005546718445067,780.0,0.39517369866371155,0.3740280307145037,nan,nan,nan,0.0,0.027540965488174304,0.1598466618702962,15.60020838994249,0.18659366446686373,780.0,0.39530736207962036,0.05871866871457154,nan,nan,nan,0.0
nist302-registered:00002614/00002614_1C_R_L01_BP_S05_1000PPI_8BPC_1CH_LP06-1_1,00002614,0.03323033771164901,0.16363084708681758,14.784652450721655,0.07239689346580305,805.0,0.4156455099582672,0.3296529271860349,nan,nan,nan,0.0,0.015172674407212322,0.10971783925287472,18.189378616704442,0.2968785383536341,805.0,0.2079128623008728,0.3200124516113924,nan,nan,nan,0.0
nist302-registered:00002614/00002614_1F_L_L01_BP_S05_1000PPI_8BPC_1CH_LP03-1_1,00002614,0.030123392447213234,0.1466985431957698,15.210961201824846,0.1164886675892151,2105.0,0.44586777687072754,0.7991837543213227,0.21540178571428573,12.916927699586337,3.8711145996860283,7.0,0.011900117107576618,0.09064763065188627,19.24448764748304,0.3108752824024273,2105.0,0.3926497995853424,0.6184424724808102,0.15959821428571427,11.876259721368019,2.872945761721272,7.0
nist302-registered:00002614/00002614_3_X_0262_IN_D800_1000PPI_8BPC_1CH_LP03-1_1,00002614,0.07857235507888084,0.2280904686091043,11.047302293874473,0.2003267952208773,3544.0,0.7276137620210648,0.799742156314799,0.093359375,4.4936241585258125,0.8673271011099523,20.0,0.01979950674703046,0.10866400317770364,17.033456289158003,0.19895260388058505,3544.0,0.5746051073074341,0.7560650915683393,0.12890625,5.3987356863010305,1.317533286952893,20.0
nist302-registered:00002614/00002614_3_X_0262_IN_D800_1000PPI_8BPC_1CH_LP14-1_1,00002614,0.15095422130610073,0.34122299062407274,8.211547377961498,0.12689621243342106,8025.0,0.859233483672142,0.5293313980780097,0.08017828525641026,3.107951358762173,0.6652791552065939,78.0,0.037295542996576024,0.14925329757070988,14.283430654472987,0.1271030146414936,8025.0,0.8133789300918579,0.6085617639007415,0.06465344551282051,2.563661954614856,0.5438761222020724,78.0
nist302-registered:00002614/00002614_5B_X_0203_IN_D800_1000PPI_8BPC_1CH_LP37-1_1,00002614,0.033741695217484234,0.13988925364773241,14.718331017971485,0.3802540632169149,2034.0,0.6417976766824722,0.1820596641826504,nan,nan,nan,0.0,0.021585460870846555,0.11089790168318132,16.658386742938486,0.4096855744066381,2034.0,0.6172242164611816,0.15410710534313557,nan,nan,nan,0.0
nist302-registered:00002614/00002614_5B_X_0203_IN_D800_1000PPI_8BPC_1CH_LP39-1_1,00002614,0.06361125338686784,0.19747833558029895,11.964660470639712,0.21995065577543452,4414.0,0.8248672559857368,0.7719827212304828,0.09879557291666667,3.31158267761476,0.7608200523000614,24.0,0.03702386387768832,0.14943294997499146,14.315182594568853,0.15716664977260159,4414.0,0.7357501685619354,0.8997050160493324,0.09619140625,3.131182848143338,0.7694999988675203,24.0
nist302-registered:00002614/00002614_5B_X_0205_IN_D800_1000PPI_8BPC_1CH_LP18-1_1,00002614,0.14150747892592486,0.31409869988621314,8.492206062850945,0.16448395804856317,4835.0,0.9690217040479183,0.4007591774935633,0.06741071428571428,2.7534707062116928,0.5631046298588391,35.0,0.02357381472974954,0.12512561058637137,16.275701339785392,0.1811528216864161,4835.0,0.5024293661117554,0.5881967279257884,0.07042410714285714,2.735271146406302,0.6246259403840062,35.0
nist302-registered:00002614/00002614_5B_X_0207_IN_D800_1000PPI_8BPC_1CH_LP14-1_1,00002614,0.06870088782230636,0.22286236915279048,11.630376505119614,0.2340807850888643,5218.0,0.7342025935649872,0.258470494712569,0.07421875,3.7511078398402926,0.7479105769322043,26.0,0.02177635831138185,0.10772717358589447,16.620147461370806,0.26648135788351196,5218.0,0.5430921912193298,0.4140570372415724,0.09314903846153846,4.27624858019067,1.0089898240970354,26.0
nist302-registered:00002614/00002614_5B_X_0209_IN_D800_1000PPI_8BPC_1CH_LP41-1_1,00002614,0.1140761001702383,0.25722782869523286,9.428053341217302,0.16620256303414954,4967.0,0.9886472023790702,0.5569816104057121,0.0711570945945946,3.727428780174473,0.7304773278784324,37.0,0.0456388326214011,0.15820963283745954,13.406654727675773,0.1994211327184112,4967.0,0.726034676656127,0.6808029786639137,0.07918074324324324,3.9147670762149787,0.7859677790237899,37.0
nist302-registered:00002625/00002625_1D_L_L01_BP_S23_1000PPI_8BPC_1CH_LP03-1_1,00002625,0.021670918076428538,0.1267914460539818,16.641226896455223,0.2144372936244176,7500.0,0.5402534902095795,0.537252736610991,0.07567708333333334,1.88962726126681,0.48706083099181363,75.0,0.027356917498633098,0.13582555090586346,15.629328392893672,0.42113366116195927,7500.0,0.4016377627849579,0.9730556352279934,0.05708333333333333,1.6802907050677975,0.38512635385111005,75.0
nist302-registered:00002625/00002625_1F_L_L01_BP_S23_1000PPI_8BPC_1CH_LP02-1_1,00002625,0.019162404823683962,0.11407305707909027,17.17549989197008,0.2678803668424578,4028.0,0.4639933705329895,0.5591934683706714,0.094921875,4.550409440167399,1.005842680904612,30.0,0.016575645849659655,0.11309633999619015,17.8052954084302,0.46907693813780227,4028.0,0.3004080057144165,0.2624936800700389,0.09908854166666667,4.436052021278716,1.0163790780358573,30.0
nist302-registered:00002625/00002625_1F_R_L01_BP_S23_1000PPI_8BPC_1CH_LP02-1_1,00002625,0.016396177427453095,0.10324007883390368,17.852573907125194,0.2188557972320973,4402.0,0.43229940533638,0.5104207305974804,0.17818509615384615,5.925744423965189,1.8199295895802712,26.0,0.008038462657239294,0.06844399602019965,20.9482700141549,0.44498884052657517,4402.0,0.30370932817459106,0.29751270763186016,0.08263221153846154,4.988495120564323,0.8593971996883839,26.0
nist302-registered:00002625/00002625_1H_L_L01_BP_S23_1000PPI_8BPC_1CH_LP05-1_1,00002625,0.038828695357580365,0.16658817676689802,14.108472014838894,0.09651962492978752,1192.0,0.5594559609889984,0.5256711046621332,nan,nan,nan,0.0,0.019930721150147136,0.12760938849025125,17.004769870063175,0.27242090706845606,1192.0,0.3308071494102478,0.0839096123819529,nan,nan,nan,0.0
nist302-registered:00002625/00002625_1H_L_L01_BP_S23_1000PPI_8BPC_1CH_LP06-1_1,00002625,0.040825544571538766,0.18109998927476914,13.89068013502821,0.07723779909309926,701.0,0.44388580322265625,0.2856979074133309,nan,nan,nan,0.0,0.02257732626426309,0.14476883879061603,16.46327490995249,0.1291550883566791,701.0,0.22787213325500488,0.020493351882762585,nan,nan,nan,0.0
nist302-registered:00002625/00002625_4E_X_439_IN_D800_1000PPI_8BPC_1CH_LP16-1_1,00002625,0.017387572575351444,0.10484591741941617,17.597610442603504,0.22504952295867547,1915.0,0.5601362437009811,0.3066480841690065,nan,nan,nan,0.0,0.011859571267461918,0.08664707254336335,19.25931010764423,0.30625029250369984,1915.0,0.48457930982112885,0.25181246457645634,nan,nan,nan,0.0
nist302-registered:00002625/00002625_6A_X_099_BT_D800_1000PPI_8BPC_1CH_LP02-1_1,00002625,0.045209565929343436,0.1918387165356238,13.447696627377892,0.1866809613831679,944.0,0.4629128575325012,0.29884781610913375,nan,nan,nan,0.0,0.006975197901716782,0.06176334423786503,21.564434659892346,0.3276159119658258,944.0,0.4845583289861679,0.3410177221205666,nan,nan,nan,0.0
nist302-registered:00002626/00002626_1A_X_L01_BP_S21_1000PPI_8BPC_1CH_LP04-1_1,00002626,0.03206037003459564,0.15950949289489957,14.940314694099593,0.12810347468297203,2355.0,0.627909243106842,0.45873366701490775,0.09615384615384616,6.28027702383955,1.276466072332777,13.0,0.009664140838985551,0.07997346162289824,20.14836749547802,0.33403626202165315,2355.0,0.23130947351455688,0.3025667492395727,0.1484375,7.696008406669446,1.9006434286468612,13.0
nist302-registered:00002626/00002626_1D_L_L01_BP_S21_1000PPI_8BPC_1CH_LP03-1_1,00002626,0.029602216234590303,0.14288739432240954,15.286757733186798,0.14234186384059205,3086.0,0.48187506198883057,0.8896574542198508,0.0830078125,3.092715477853597,0.7461985532948838,8.0,0.032854685023364326,0.15590754421747743,14.834026920184517,0.36674945296352923,3086.0,0.5157149732112885,0.411297908138317,0.06201171875,2.721300531999786,0.5919311950821147,8.0
nist302-registered:00002626/00002626_1F_R_L01_BP_S21_1000PPI_8BPC_1CH_LP03-1_1,00002626,0.0227095472199349,0.12635159545582994,16.437915246021085,0.1393661799360706,2077.0,0.43292009830474854,0.5085325465901355,nan,nan,nan,0.0,0.012293214261406863,0.09557394425801262,19.103345488888618,0.32781439065265566,2077.0,0.2314968705177307,0.37351792070134615,nan,nan,nan,0.0
nist302-registered:00002626/00002626_1H_L_L01_BP_S21_1000PPI_8BPC_1CH_LP03-1_1,00002626,0.020422239481270876,0.11815789617782782,16.898966353622583,0.1758295839754205,3025.0,0.42816460132598877,0.7729741815034965,0.0802951388888889,2.7890926645923795,0.5559193375093758,9.0,0.01167834211639615,0.09592945024986897,19.32618806265183,0.3372506909888307,3025.0,0.24170953035354614,0.4161958354887022,0.09288194444444445,3.017147445172645,0.6907500892749935,9.0
nist302-registered:00002626/00002626_1H_L_L01_BP_S21_1000PPI_8BPC_1CH_LP04-1_1,00002626,0.018307644619254562,0.11040776245014891,17.373675265153686,0.2050607550757763,3207.0,0.416940838098526,0.732461542114017,0.11865234375,3.5759654147141493,0.9348346596418126,8.0,0.014500273541375404,0.09643516474176056,18.386238049105856,0.33039182462821715,3207.0,0.4544377624988556,0.23245698184293023,0.04541015625,1.6791381669450616,0.32071849391274354,8.0
nist302-registered:00002626/00002626_1H_L_L01_BP_S21_1000PPI_8BPC_1CH_LP05-1_1,00002626,0.02898700410290854,0.14196766090358612,15.377966680120016,0.1726573225038956,2076.0,0.5108091533184052,0.7500928543973701,nan,nan,nan,0.0,0.012135495940915968,0.09685511565507032,19.1594247067098,0.3987907496649533,2076.0,0.22151398658752441,0.419985160912805,nan,nan,nan,0.0
nist302-registered:00002626/00002626_1H_R_L01_BP_S21_1000PPI_8BPC_1CH_LP04-2_1,00002626,0.038601409127731495,0.1714421726938231,14.133968413067947,0.17225629781609822,1618.0,0.5459041595458984,0.7832908458210633,nan,nan,nan,0.0,0.030577070530302005,0.16056536681425143,15.146041249886943,0.4418747875029778,1618.0,0.3733330965042114,0.44854455016198214,nan,nan,nan,0.0
nist302-registered:00002626/00002626_1H_R_L01_BP_S21_1000PPI_8BPC_1CH_LP04-3_1,00002626,0.021116709398689915,0.11679912154714789,16.753737566558556,0.2233116153744453,2665.0,0.6052635312080383,0.530007092649065,0.10286458333333333,10.43718803017305,1.985042735042735,3.0,0.015099579220623511,0.10705491320053587,18.210351550053417,0.48000485507789387,2665.0,0.43611153960227966,0.26563512522129434,0.1640625,11.845012503836033,3.101648351648352,3.0
