sample_id,subject_id,finger_id,selected_dataset_index,mask_family,observed_fraction,nested_mask_seed,nested_mask_set_id,observed_fraction_canvas,missing_fraction_canvas,observed_fraction_fingerprint_roi,missing_fraction_fingerprint_roi,fingerprint_roi_pixels,reinjected_pairwise_diversity_mae,reinjected_mean_predictive_std,reinjected_uncertainty_error_spearman,reinjected_best_sample_index,reinjected_missing_roi_pixels,reinjected_coverage_50,reinjected_interval_width_50,reinjected_coverage_80,reinjected_interval_width_80,reinjected_coverage_90,reinjected_interval_width_90,reinjected_single_mse,reinjected_single_mae,reinjected_single_psnr,reinjected_single_ssim_map_mean,reinjected_single_pixels,reinjected_single_max_absolute_error,reinjected_single_orientation_error,reinjected_single_ridge_frequency_mae_cpx,reinjected_single_ridge_period_mae_pixels,reinjected_single_ridge_frequency_relative_mae,reinjected_single_ridge_frequency_windows,reinjected_mean_mse,reinjected_mean_mae,reinjected_mean_psnr,reinjected_mean_ssim_map_mean,reinjected_mean_pixels,reinjected_mean_max_absolute_error,reinjected_mean_orientation_error,reinjected_mean_ridge_frequency_mae_cpx,reinjected_mean_ridge_period_mae_pixels,reinjected_mean_ridge_frequency_relative_mae,reinjected_mean_ridge_frequency_windows,reinjected_best_of_k_mse,reinjected_best_of_k_mae,reinjected_best_of_k_psnr,reinjected_best_of_k_ssim_map_mean,reinjected_best_of_k_pixels,reinjected_best_of_k_max_absolute_error,reinjected_best_of_k_orientation_error,reinjected_best_of_k_ridge_frequency_mae_cpx,reinjected_best_of_k_ridge_period_mae_pixels,reinjected_best_of_k_ridge_frequency_relative_mae,reinjected_best_of_k_ridge_frequency_windows
socofing:000023:left_thumb,000023,left_thumb,0,random_rectangles,0.10,7684793552886271268,random_rectangles:7684793552886271268:0.450000,0.0999755859375,0.9000244140625,0.019368082827561584,0.9806319171724385,11204.0,0.20381648908095873,0.16030670702457428,0.16533246232556603,0.0,10987.0,0.2803313006280149,0.15286236681071905,0.41867661782106125,0.24457978689715046,0.45626649676890874,0.2751522602592943,0.053458013691086104,0.17674187041125372,12.7198718211197,0.07317781220304884,10987.0,0.7576981633901596,0.5149439078414917,0.056315104166666664,2.0616289963534755,0.3152942911861459,156.0,0.04162330473782859,0.16110824990573067,13.806634413654873,0.07833031741789105,10987.0,0.7480579763650894,0.35256324866914945,0.046299078525641024,1.8781806562920151,0.25144940815067396,156.0,0.053458013691086104,0.17674187041125372,12.7198718211197,0.07317781220304884,10987.0,0.7576981633901596,0.5149439078414917,0.056315104166666664,2.0616289963534755,0.3152942911861459,156.0
socofing:000023:left_thumb,000023,left_thumb,0,random_rectangles,0.20,7684793552886271268,random_rectangles:7684793552886271268:0.450000,0.20001220703125,0.79998779296875,0.05739021777936451,0.9426097822206355,11204.0,0.13008966207903105,0.10283854603767395,0.1628489051171591,1.0,10561.0,0.2224221191175078,0.09756724655927328,0.335574282738377,0.15610759449483727,0.370608843859483,0.1756210438066919,0.05337984644583471,0.1789653111789254,12.72622679852044,0.07300856473646163,10561.0,0.7918793261051178,0.29625722688027467,0.056704452614379085,2.5789741735549767,0.3048313117417855,153.0,0.031088783105278222,0.135956209105317,15.0739627702422,0.08711523141487648,10561.0,0.6689945161342621,0.32173310142449985,0.058823529411764705,2.9613394880329738,0.3096362909193902,153.0,0.03694211735007324,0.14197566903384726,14.324782164458504,0.08069868485347387,10561.0,0.770494133234024,0.31417129518701903,0.05752144607843137,2.9071496505141954,0.31030770373273486,153.0
socofing:000023:left_thumb,000023,left_thumb,0,random_rectangles,0.30,7684793552886271268,random_rectangles:7684793552886271268:0.450000,0.29998779296875,0.70001220703125,0.11674401999285969,0.8832559800071403,11204.0,0.18051556154294532,0.1418844610452652,0.34416072630296646,2.0,9896.0,0.268088116410671,0.13538667115720898,0.4115804365400162,0.21661867385153438,0.4545270816491512,0.24369600808297615,0.053532012398400886,0.17242054350180258,12.713864301250066,0.08887957596236544,9896.0,0.8617958724498749,0.26152505713805335,0.052892736486486486,1.5259928074298954,0.28330153990073614,148.0,0.035658224357444104,0.14411348034985358,14.47840286818649,0.10757967898898758,9896.0,0.7054121047258377,0.2735319284090636,0.049646326013513514,1.45176257643644,0.26660615584431946,148.0,0.047665438285089456,0.16021309921438162,13.217964092730911,0.08853122932639514,9896.0,0.9218007624149323,0.35322398141837935,0.05297191722972973,1.536656581299082,0.2800445749583501,148.0
socofing:000023:left_thumb,000023,left_thumb,0,random_rectangles,0.40,7684793552886271268,random_rectangles:7684793552886271268:0.450000,0.4000244140625,0.5999755859375,0.19957158157800786,0.8004284184219921,11204.0,0.1896927482026197,0.1500972956418991,0.23814116998238175,2.0,8968.0,0.2681757359500446,0.14226956115196476,0.4009812667261374,0.22763129784314362,0.4433541480820696,0.2560852100735366,0.046090352046022215,0.16284759586426054,13.363899746469938,0.08440780114330679,8968.0,0.8254137933254242,0.24801676531273548,0.04195601851851852,1.0257507545473858,0.23061484481183425,135.0,0.03334255552782941,0.1466183124822926,14.770011168924919,0.0889330970893343,8968.0,0.6115052700042725,0.24173932696976877,0.04545717592592593,1.2547842515596728,0.23744849514994962,135.0,0.04049434545892815,0.14806897944731706,13.926056164750598,0.07184907467572767,8968.0,0.8385396599769592,0.3391209806336747,0.045543981481481484,1.2511686721545414,0.24260608544639864,135.0
socofing:000023:left_thumb,000023,left_thumb,0,random_rectangles,0.50,7684793552886271268,random_rectangles:7684793552886271268:0.450000,0.5,0.5,0.2956087111745805,0.7043912888254196,11204.0,0.2045452465457597,0.16100583970546722,0.2866881352611534,1.0,7892.0,0.2740750126710593,0.15340893490931978,0.41839837810440955,0.24545429585491169,0.45970603142422706,0.27613608283677565,0.05728093756252817,0.18295091752376402,12.419898821998498,0.11200228417299943,7892.0,0.8633737564086914,0.24149182588629037,0.04596354166666667,1.115277188749995,0.2496462098706801,120.0,0.036342930108713214,0.15352563911013295,14.395800611021182,0.11489768457562297,7892.0,0.6465283185243607,0.22800295494429526,0.049479166666666664,1.1634635395842983,0.26497186756970803,120.0,0.04495604407327726,0.16038017684487116,13.472119116901965,0.1003135686033366,7892.0,0.7861128151416779,0.18704133909705103,0.04892578125,1.21020133642984,0.26472539540063456,120.0
socofing:000023:left_thumb,000023,left_thumb,0,random_rectangles,0.60,7684793552886271268,random_rectangles:7684793552886271268:0.450000,0.5999755859375,0.4000244140625,0.41601213852195645,0.5839878614780436,11204.0,0.17507871305094122,0.1379290372133255,0.26714578511490494,2.0,6543.0,0.23506036986092008,0.1313090347882059,0.37261195170411127,0.21009445566112947,0.4155586122573743,0.23635626261877063,0.05853305169762066,0.18490493647388667,12.325988327816432,0.09689476446951188,6543.0,0.7621303498744965,0.13714308532876077,0.05053453947368421,1.179844106622138,0.2629087599467545,95.0,0.03632039470311565,0.15113459833805556,14.398494405349368,0.10638884844325878,6543.0,0.7160604596138,0.14838463732868964,0.04025493421052632,0.9734576801057787,0.2139536234657623,95.0,0.04862751075778925,0.167554912478046,13.131179613967747,0.09226139558282645,6543.0,0.8455851376056671,0.2003712010798849,0.04185855263157895,1.0691399632544172,0.22284575205226964,95.0
socofing:000023:left_thumb,000023,left_thumb,0,random_rectangles,0.70,7684793552886271268,random_rectangles:7684793552886271268:0.450000,0.70001220703125,0.29998779296875,0.5613173866476259,0.43868261335237413,11204.0,0.1960114103974064,0.1544136106967926,0.2362701265474778,1.0,4915.0,0.25615462868769073,0.1470085577980548,0.4071210579857579,0.23521369247688764,0.44944048830111905,0.26461540403649864,0.05973034474516333,0.18861524642483993,12.238049786316319,0.04404686470852738,4915.0,0.7361223995685577,0.07587978261486719,0.042067307692307696,0.9521419760823628,0.22882601258672344,78.0,0.03728814206886275,0.15503427468141728,14.284292553982125,0.07136856565742077,4915.0,0.6472496688365936,0.08780769320921558,0.04076522435897436,0.9615511098191405,0.21897644056698276,78.0,0.056076390394118006,0.18232466380508847,12.512199494345701,0.061243552554164464,4915.0,0.7358718812465668,0.07435202862810165,0.040614983974358976,0.9506134160431606,0.21628566944348335,78.0
socofing:000023:left_thumb,000023,left_thumb,0,random_rectangles,0.80,7684793552886271268,random_rectangles:7684793552886271268:0.450000,0.79998779296875,0.20001220703125,0.7075151731524456,0.2924848268475544,11204.0,0.17130384557597114,0.1360781490802765,0.2639250286918702,2.0,3277.0,0.255721696673787,0.12847788418197836,0.3756484589563625,0.20556461469116538,0.41257247482453463,0.23126019152756103,0.07813393144359199,0.2137238568091196,11.071603228643427,0.04749358089845985,3277.0,0.8753531873226166,0.0854937027489809,0.035306490384615384,0.7803042178058605,0.17937061398733423,52.0,0.03346575808593295,0.14404770320859447,14.75399332656343,0.10898862563795277,3277.0,0.6809347569942474,0.06173764599456474,0.03342848557692308,0.798406340510174,0.16817125979962763,52.0,0.03816067499956554,0.14624053965554865,14.183839519450407,0.12708224643220345,3277.0,0.7152484357357025,0.1174834964768012,0.040414663461538464,1.000854961959327,0.20098763712557235,52.0
socofing:000023:left_thumb,000023,left_thumb,0,irregular,0.10,925302632962179666,irregular:925302632962179666:0.450000,0.0999755859375,0.9000244140625,0.09139593002499108,0.9086040699750089,11204.0,0.2662926656284907,0.21194110810756683,0.05334550287757282,2.0,10180.0,0.29960707269155207,0.199719499221368,0.46463654223968565,0.31955119875418886,0.5113948919449902,0.3594950985984624,0.1105157078913647,0.2662673912151975,9.565759901624435,0.05586243986116583,10180.0,0.9342825412750244,0.23687910108339585,0.04732674319727891,1.7979040313888548,0.2606126356468329,147.0,0.07172723700607093,0.21289417814840297,11.443158982336863,0.09555376685632905,10180.0,0.8576548099517822,0.2301825610353974,0.04647640306122449,1.653077077282592,0.2508258549094348,147.0,0.08989001917704213,0.23940733854891275,10.462885269205069,0.07153912852540736,10180.0,0.9198494255542755,0.27993631428453325,0.04804421768707483,1.4255183418596415,0.26550414554725077,147.0
socofing:000023:left_thumb,000023,left_thumb,0,irregular,0.20,925302632962179666,irregular:925302632962179666:0.450000,0.20001220703125,0.79998779296875,0.17431274544805428,0.8256872545519457,11204.0,0.2280647581179361,0.17974218726158142,0.2641119016878121,2.0,9251.0,0.27694303318560154,0.17104856858845208,0.41854934601664684,0.27367770974152333,0.46070695059993516,0.30788742345921377,0.08070702439683351,0.22440537424548074,10.930886644846021,0.09649949871517649,9251.0,0.7730762213468552,0.15445433851695325,0.048032407407407406,1.4018835908031002,0.2581022030147367,135.0,0.041656547337979945,0.1655814863194544,13.803167289682683,0.11119770810865486,9251.0,0.6782212406396866,0.19996006372424782,0.04777199074074074,1.5503717615892507,0.2585117139223844,135.0,0.05671747610797029,0.17591298615342282,12.46283103226422,0.1121184425011554,9251.0,0.7449969947338104,0.22451516815716302,0.04603587962962963,1.3726076224626564,0.2578520351086883,135.0
socofing:000023:left_thumb,000023,left_thumb,0,irregular,0.30,925302632962179666,irregular:925302632962179666:0.450000,0.29998779296875,0.70001220703125,0.27043912888254196,0.729560871117458,11204.0,0.1916341521900189,0.15064384043216705,0.1563265874598695,1.0,8174.0,0.2698801076584292,0.14372561414251417,0.40604355272816245,0.22996098262802264,0.44274528994372403,0.25870610545652545,0.05871801400057546,0.19175947363303114,12.312286418381905,0.09507623287856444,8174.0,0.8940055072307587,0.1542880827378415,0.04121875,1.208879954341954,0.22616828725609614,125.0,0.04104486227671844,0.159771212750596,13.867411972415834,0.11534263317938208,8174.0,0.7469844371080399,0.14767142465990613,0.04690625,1.3232278680485188,0.265783437049923,125.0,0.04998753482033338,0.17115917630860064,13.011382803373241,0.11984904222566116,8174.0,0.9153208434581757,0.13495457803706057,0.047625,1.378903137896938,0.26546663746983706,125.0
socofing:000023:left_thumb,000023,left_thumb,0,irregular,0.40,925302632962179666,irregular:925302632962179666:0.450000,0.4000244140625,0.5999755859375,0.37406283470189217,0.6259371652981078,11204.0,0.1841120466974515,0.14529287815093994,0.24859290684800467,0.0,7013.0,0.29060316554969345,0.1380840350230886,0.43633252531013833,0.22093445603694178,0.4773991159275631,0.24855126304155947,0.043736519007969044,0.15682548738386057,13.591557854453901,0.19335992280491116,7013.0,0.7876385748386383,0.16689242392573714,0.055198598130841124,1.6073824902220386,0.30485687927184263,107.0,0.02959443370515128,0.13503830428939734,15.287899659161841,0.22440855387484704,7013.0,0.6453961282968521,0.15750230393122833,0.044063960280373834,1.3899025889536212,0.24065936975797944,107.0,0.043736519007969044,0.15682548738386057,13.591557854453901,0.19335992280491116,7013.0,0.7876385748386383,0.16689242392573714,0.055198598130841124,1.6073824902220386,0.30485687927184263,107.0
socofing:000023:left_thumb,000023,left_thumb,0,irregular,0.50,925302632962179666,irregular:925302632962179666:0.450000,0.5,0.5,0.47848982506247767,0.5215101749375224,11204.0,0.15995484838415533,0.12607017159461975,0.24795978798935925,2.0,5843.0,0.27006674653431456,0.1199661362881165,0.3999657710080438,0.19194581806098646,0.4405271264761253,0.21593904531860975,0.04889580204525138,0.16795328295936776,13.10728425678909,0.1741123089770908,5843.0,0.7894999980926514,0.11339295293516498,0.047892252604166664,1.4815431467011797,0.27168519242794015,96.0,0.028327528234142803,0.13061871983770146,15.477913189177864,0.21821155507314746,5843.0,0.7585407644510269,0.14116473529762694,0.055013020833333336,1.7700409254584237,0.3096076953455005,96.0,0.04103793453208566,0.15298739620140925,13.868145056908606,0.1950359957448276,5843.0,0.8506961464881897,0.14908598585374974,0.045328776041666664,1.2090037188720364,0.26100104481444725,96.0
socofing:000023:left_thumb,000023,left_thumb,0,irregular,0.60,925302632962179666,irregular:925302632962179666:0.450000,0.5999755859375,0.4000244140625,0.5841663691538737,0.41583363084612635,11204.0,0.13143824869158474,0.10351654142141342,0.3085815604452197,2.0,4659.0,0.24018029620090148,0.09857868651868858,0.36424125348787295,0.1577258984299017,0.3977248336552908,0.1774416357336394,0.0339173917333903,0.1353940866482977,14.69577552622564,0.2687696193582854,4659.0,0.8416436612606049,0.10928884475266205,0.04626885775862069,1.4080727945761116,0.2729478496620701,58.0,0.024775941259961347,0.11958233691331373,16.05969837297092,0.28168332567253385,4659.0,0.6545310914516449,0.12535302865264125,0.048154633620689655,1.442569739818599,0.28463127250668696,58.0,0.02896513198990374,0.12775565953783324,15.381244881434755,0.28682858677889606,4659.0,0.676591083407402,0.12976516311459102,0.047346443965517244,1.3776479595591509,0.27519893441046317,58.0
socofing:000023:left_thumb,000023,left_thumb,0,irregular,0.70,925302632962179666,irregular:925302632962179666:0.450000,0.70001220703125,0.29998779296875,0.6877008211353088,0.31229917886469116,11204.0,0.14733427375160402,0.11606817692518234,0.25756721002872923,1.0,3499.0,0.2535010002857959,0.110500705313703,0.3892540725921692,0.1768011285019248,0.43069448413832523,0.1989012695646654,0.043289880530104526,0.15543876703329243,13.636136127358835,0.24901510699649332,3499.0,0.7783026397228241,0.14465175882480613,0.05310639880952381,1.4677062383555675,0.32006650059096853,42.0,0.029071116457581293,0.1293019186763908,15.365382891082744,0.25299111023670723,3499.0,0.7175619602203369,0.08709312770420838,0.058407738095238096,1.5601829844733448,0.34599952606630757,42.0,0.03885896671596123,0.14766018957146648,14.105087517424764,0.2361924963897875,3499.0,0.8559935092926025,0.08867137294933322,0.05115327380952381,1.2862337104448276,0.30012747867664447,42.0
socofing:000023:left_thumb,000023,left_thumb,0,irregular,0.80,925302632962179666,irregular:925302632962179666:0.450000,0.79998779296875,0.20001220703125,0.7933773652267048,0.20662263477329523,11204.0,0.17660967905457883,0.13916605710983276,0.2651067331172029,1.0,2315.0,0.265658747300216,0.13245725929093413,0.39740820734341253,0.2119316148654946,0.4375809935205184,0.2384230667236814,0.05601442619468877,0.17734455005396518,12.517001085314144,0.240401965717013,2315.0,0.722766250371933,0.0948545053308282,0.055844907407407406,1.6310224180237878,0.32326473145049767,27.0,0.03405730096859925,0.14266643792905767,14.677897727236775,0.23994563622838952,2315.0,0.6968255192041397,0.15138746229251496,0.06597222222222222,1.6250382558627716,0.3827058123875832,27.0,0.044337818266919696,0.1585448133250292,13.5322568104448,0.23475075657138492,2315.0,0.7990754842758179,0.08052479707325713,0.05787037037037037,1.440021920477243,0.339157533248446,27.0
socofing:000023:left_thumb,000023,left_thumb,0,central_missing,0.10,3585149075524212894,central_missing:3585149075524212894:0.450000,0.0999755859375,0.9000244140625,0.0208853980721171,0.9791146019278829,11204.0,0.18814303745654026,0.14810428023338318,0.25428249778985823,2.0,10970.0,0.3141294439380128,0.1411072780924052,0.46791248860528717,0.22577164494784832,0.5088422971741112,0.25399310056632934,0.05275843487858282,0.17569336937086735,12.777080966297884,0.07056294937240867,10970.0,0.8539897501468658,0.5001605299374171,0.05491286057692308,1.6920393497864858,0.29926180200746333,156.0,0.03293695061426085,0.13840747677951154,14.823166113806781,0.09236933823848255,10970.0,0.7568697780370712,0.4495598736334901,0.054336939102564104,2.024749014387295,0.29597738904521703,156.0,0.05060793351521413,0.16832344875676913,12.957813959704525,0.09478573497883169,10970.0,0.7433747947216034,0.46487535640047356,0.053836137820512824,2.103971270077906,0.29150743020298103,156.0
socofing:000023:left_thumb,000023,left_thumb,0,central_missing,0.20,3585149075524212894,central_missing:3585149075524212894:0.450000,0.20001220703125,0.79998779296875,0.058818279186005,0.941181720813995,11204.0,0.15234928466291323,0.12031729519367218,0.25521832802416555,0.0,10545.0,0.229208155523945,0.11426196349718493,0.35229966808914176,0.18281914159549587,0.3911806543385491,0.20567153429493285,0.03536733448035744,0.14302229071579142,14.513976702981717,0.09487843035003403,10545.0,0.7543001174926758,0.32194901476610577,0.047610592532467536,1.4607564346694533,0.2620794241437065,154.0,0.029221127438691517,0.1354574129444663,15.343030316954799,0.11938328774096038,10545.0,0.6561646163463593,0.45935503662411753,0.04801643668831169,1.6948866771864577,0.25953575394462364,154.0,0.03536733448035744,0.14302229071579142,14.513976702981717,0.09487843035003403,10545.0,0.7543001174926758,0.32194901476610577,0.047610592532467536,1.4607564346694533,0.2620794241437065,154.0
socofing:000023:left_thumb,000023,left_thumb,0,central_missing,0.30,3585149075524212894,central_missing:3585149075524212894:0.450000,0.29998779296875,0.70001220703125,0.09969653695108889,0.9003034630489111,11204.0,0.15143053929956476,0.11937767267227173,0.2846496783607584,0.0,10087.0,0.20521463269554874,0.11357290447467357,0.31515812431842966,0.18171664715947772,0.3520372757013978,0.2044312280544124,0.04139482557764942,0.15310536001752528,13.830539430221291,0.10525247407453835,10087.0,0.8279769122600555,0.42586798122309827,0.052395833333333336,2.0156163339013204,0.27999426383349896,150.0,0.03567254516743889,0.1507338371555881,14.476659034807962,0.11222041279766148,10087.0,0.6737804561853409,0.5066582978684481,0.04796875,1.5065473823259372,0.25793733751199494,150.0,0.04139482557764942,0.15310536001752528,13.830539430221291,0.10525247407453835,10087.0,0.8279769122600555,0.42586798122309827,0.052395833333333336,2.0156163339013204,0.27999426383349896,150.0
socofing:000023:left_thumb,000023,left_thumb,0,central_missing,0.40,3585149075524212894,central_missing:3585149075524212894:0.450000,0.4000244140625,0.5999755859375,0.1759193145305248,0.8240806854694752,11204.0,0.13401713043417954,0.10544770210981369,0.21127025744537495,1.0,9233.0,0.23773421423156071,0.10051284782563466,0.3645618975414275,0.16082055652101546,0.40246940322755337,0.18092312608614242,0.040522186945162075,0.1528179611694796,13.923071242054807,0.10973020873284794,9233.0,0.7819724082946777,0.2027272651366093,0.04860805457746479,1.3302447953848398,0.2728870908556005,142.0,0.026541284717085282,0.12530853755535676,15.760780591642284,0.13920798595863104,9233.0,0.6566714644432068,0.27310591091737374,0.04618727992957746,1.4894824651198244,0.25287147799683685,142.0,0.029640208442016987,0.13060660578603414,15.281187465463034,0.14252874961624595,9233.0,0.7164567112922668,0.41715711219912094,0.04415162852112676,1.2056913593698357,0.23491330081383066,142.0
socofing:000023:left_thumb,000023,left_thumb,0,central_missing,0.50,3585149075524212894,central_missing:3585149075524212894:0.450000,0.5,0.5,0.2829346661906462,0.7170653338093538,11204.0,0.1771817744450889,0.13940848410129547,0.23506122368660176,2.0,8034.0,0.2794373910878765,0.1328863308338167,0.41822255414488424,0.21261812933410673,0.4570575056011949,0.23919539550087004,0.05293142939046068,0.17927706873710694,12.762863779148802,0.11449338026081415,8034.0,0.8285568654537201,0.14337738234639316,0.04782849409448819,1.3234413713132476,0.2612493867104962,127.0,0.03168436269297825,0.13943303626643683,14.991550239563336,0.14473323434331242,8034.0,0.755354717373848,0.101344394559027,0.04856668307086614,1.36885712712412,0.2619136144511005,127.0,0.04562287858957066,0.1601466662126422,13.408173162508238,0.11824279836288916,8034.0,0.787379652261734,0.08782702615228383,0.047859251968503935,1.1640193089915425,0.2653819511393817,127.0
socofing:000023:left_thumb,000023,left_thumb,0,central_missing,0.60,3585149075524212894,central_missing:3585149075524212894:0.450000,0.5999755859375,0.4000244140625,0.4150303463048911,0.5849696536951089,11204.0,0.1644279532746131,0.12955555319786072,0.19557659278857556,1.0,6554.0,0.24824534635337198,0.1233209649559598,0.3823619163869393,0.1973135439295357,0.4287458040891059,0.2219777369207277,0.04595353361436252,0.1626501718048901,13.376810877552508,0.061214486563433555,6554.0,0.7532888054847717,0.082073416495878,0.05476334951456311,1.3061514613568264,0.3008132650130978,103.0,0.03170287393321311,0.14018568344048185,14.989013662755884,0.09182188414769937,6554.0,0.6742713749408722,0.09733835337728548,0.049719356796116505,1.2319362699797778,0.26881349113542025,103.0,0.04436900482291895,0.16173016088044168,13.52920312206632,0.09874126311360072,6554.0,0.7460370510816574,0.3430676714579319,0.04645782766990291,1.1717262319316124,0.24137285921108131,103.0
socofing:000023:left_thumb,000023,left_thumb,0,central_missing,0.70,3585149075524212894,central_missing:3585149075524212894:0.450000,0.70001220703125,0.29998779296875,0.5613173866476259,0.43868261335237413,11204.0,0.21416651348454865,0.16868856549263,0.26802195763670206,2.0,4915.0,0.2199389623601221,0.1606248851134115,0.3464903357070193,0.2569998161814584,0.39491353001017293,0.28912479320414064,0.08828891729812993,0.2318834087825622,10.54093808974484,0.04457983954383416,4915.0,0.7726572602987289,0.09383524167934934,0.05123782467532467,1.1855360383243705,0.283591682690174,77.0,0.05424863630606518,0.18982034586332094,12.656111745705797,0.09264676810437773,4915.0,0.7135104984045029,0.07878625870608302,0.05144074675324675,1.1684165599977103,0.2790752685001902,77.0,0.06871941540904959,0.20368997003818698,11.629205436719221,0.08614730630030634,4915.0,0.7782419919967651,0.1222839046089659,0.04352678571428571,1.0515115256675536,0.23472930124750935,77.0
socofing:000023:left_thumb,000023,left_thumb,0,central_missing,0.80,3585149075524212894,central_missing:3585149075524212894:0.450000,0.79998779296875,0.20001220703125,0.7075151731524456,0.2924848268475544,11204.0,0.20609347403880093,0.16214121878147125,0.25705257714502544,1.0,3277.0,0.274641440341776,0.15457010552910067,0.4363747329874886,0.24731216884656107,0.4827586206896552,0.2782261899523812,0.06922959103565057,0.20136329815869364,11.597082339162954,0.05398635622760583,3277.0,0.7617682069540024,0.11821181781105966,0.04796875,1.2318761734668942,0.25957986531816213,50.0,0.03966019041059991,0.15847255113578113,14.016452050557204,0.08358402867311604,3277.0,0.6741137355566025,0.07296530586949274,0.05421875,1.2853997034961915,0.3028155170106787,50.0,0.054310601856313485,0.17956147327687197,12.651153844394189,0.10596711269881305,3277.0,0.8656338155269623,0.05632937498979936,0.049375,1.1539313301424534,0.2762339481955375,50.0
socofing:000023:left_thumb,000023,left_thumb,0,peripheral_only,0.10,8041209469951861173,peripheral_only:8041209469951861173:0.450000,0.0999755859375,0.9000244140625,0.12102820421278115,0.8789717957872188,11204.0,0.21875387140479866,0.17213937640190125,0.18988905005178403,0.0,9848.0,0.3435215272136474,0.16406540355359897,0.5173639317627945,0.2625046456857584,0.5615353371242892,0.29531772639647813,0.05335122709735289,0.17818839546023685,12.728555871958303,0.11183281110472215,9848.0,0.8459181189537048,0.12931396655931693,0.04857906879194631,1.2293850113388338,0.2673666230285125,149.0,0.03183563918029149,0.13933065006771192,14.970864261617907,0.10418593987212717,9848.0,0.774517834186554,0.13144116022697575,0.04488255033557047,1.257285240618822,0.24381579132459527,149.0,0.05335122709735289,0.17818839546023685,12.728555871958303,0.11183281110472215,9848.0,0.8459181189537048,0.12931396655931693,0.04857906879194631,1.2293850113388338,0.2673666230285125,149.0
socofing:000023:left_thumb,000023,left_thumb,0,peripheral_only,0.20,8041209469951861173,peripheral_only:8041209469951861173:0.450000,0.20001220703125,0.79998779296875,0.22590146376294182,0.7740985362370582,11204.0,0.19313806856872986,0.1521454006433487,0.30971502561729586,0.0,8673.0,0.2496252738383489,0.1448535514265474,0.38464199239017643,0.23176568228247588,0.42949383143087744,0.26073639256778536,0.04837158929713765,0.1664661373111955,13.15409643195835,0.08801292412449926,8673.0,0.8414303958415985,0.1537058026471651,0.046199483082706765,1.2895297110107726,0.25259800029013035,133.0,0.03610377609103294,0.1533612654027155,14.424473728939148,0.11378182532589924,8673.0,0.6313725411891937,0.13836937104498118,0.0449953007518797,1.1987996514036787,0.24143536453860084,133.0,0.04837158929713765,0.1664661373111955,13.15409643195835,0.08801292412449926,8673.0,0.8414303958415985,0.1537058026471651,0.046199483082706765,1.2895297110107726,0.25259800029013035,133.0
socofing:000023:left_thumb,000023,left_thumb,0,peripheral_only,0.30,8041209469951861173,peripheral_only:8041209469951861173:0.450000,0.29998779296875,0.70001220703125,0.32488397001071045,0.6751160299892895,11204.0,0.20895670285021925,0.1644042283296585,0.26547749979761626,1.0,7564.0,0.2785563194077208,0.15671752713766443,0.433765203595981,0.25074804342026313,0.4776573241671074,0.2820915488477959,0.07362814544972857,0.21296226234031945,11.329561384217461,0.09772788172543052,7564.0,0.7966218888759613,0.14687780300892567,0.0421340811965812,1.08836559455974,0.22858589205385285,117.0,0.036319396451286026,0.15265533265705497,14.398613771127899,0.12888550281736194,7564.0,0.728122889995575,0.1811183744643572,0.04720886752136752,1.2694982753630641,0.25777478741704307,117.0,0.04427070163514492,0.1578445645913064,13.53883594943288,0.12226344443000861,7564.0,0.8747960329055786,0.1417377506941294,0.050046741452991456,1.2400786058767885,0.26926042391890087,117.0
socofing:000023:left_thumb,000023,left_thumb,0,peripheral_only,0.40,8041209469951861173,peripheral_only:8041209469951861173:0.450000,0.4000244140625,0.5999755859375,0.4219028918243484,0.5780971081756516,11204.0,0.1546017345155876,0.12169959396123886,0.25523454005310303,1.0,6477.0,0.23822757449436469,0.11595130088669071,0.37517369152385366,0.18552208141870516,0.413154238073182,0.2087123415960433,0.047892290325773135,0.16806559999020027,13.197343934426556,0.07525069842096109,6477.0,0.7369894683361053,0.08302933381693763,0.04548611111111111,1.0826241432112673,0.24264109721607682,90.0,0.030994633612503767,0.1376863902474105,15.087134930761865,0.10066175704876827,6477.0,0.6469504684209824,0.10383390688697126,0.047309027777777776,1.2147569654047312,0.25205645771381047,90.0,0.037575161991116005,0.14453019909428394,14.250991384404248,0.1150531822721256,6477.0,0.7686568200588226,0.12038396557202186,0.046961805555555555,1.1438859846479763,0.251590958758864,90.0
socofing:000023:left_thumb,000023,left_thumb,0,peripheral_only,0.50,8041209469951861173,peripheral_only:8041209469951861173:0.450000,0.5,0.5,0.5186540521242413,0.4813459478757587,11204.0,0.16557178297858646,0.1305471658706665,0.21493770262939754,0.0,5393.0,0.2686816243278324,0.12417883723393987,0.40960504357500466,0.19868613957430376,0.4470610050064899,0.22352190702109173,0.04430303044597994,0.15873181620423127,13.535665658547366,0.11987489715244921,5393.0,0.8195127546787262,0.09601077056512602,0.03510485197368421,0.8798219232486373,0.19552600782562804,76.0,0.03246537381931812,0.13883897760803882,14.885795921218145,0.13464006256109293,5393.0,0.757136806845665,0.100545494989763,0.037263569078947366,0.8988697933241824,0.20244979229711654,76.0,0.04430303044597994,0.15873181620423127,13.535665658547366,0.11987489715244921,5393.0,0.8195127546787262,0.09601077056512602,0.03510485197368421,0.8798219232486373,0.19552600782562804,76.0
socofing:000023:left_thumb,000023,left_thumb,0,peripheral_only,0.60,8041209469951861173,peripheral_only:8041209469951861173:0.450000,0.5999755859375,0.4000244140625,0.6157622277757944,0.38423777222420563,11204.0,0.19191827451448962,0.15102893114089966,0.2321980332833412,0.0,4305.0,0.23902439024390243,0.1439387058858672,0.3551684088269454,0.23030192941738753,0.39419279907084787,0.25908967059456095,0.05889104840395032,0.19065287156456714,12.299507141130444,0.10743410952344673,4305.0,0.7429547011852264,0.11437395984726753,0.039702868852459015,0.9378147066645933,0.21948189618398084,61.0,0.04107895508168458,0.16404815432502,13.863806120083042,0.13415105488959272,4305.0,0.6605035364627838,0.12004887305449911,0.04412141393442623,1.1055119090281602,0.24025225039477544,61.0,0.05889104840395032,0.19065287156456714,12.299507141130444,0.10743410952344673,4305.0,0.7429547011852264,0.11437395984726753,0.039702868852459015,0.9378147066645933,0.21948189618398084,61.0
socofing:000023:left_thumb,000023,left_thumb,0,peripheral_only,0.70,8041209469951861173,peripheral_only:8041209469951861173:0.450000,0.70001220703125,0.29998779296875,0.7142092109960728,0.2857907890039272,11204.0,0.15583955562166837,0.12279994785785675,0.23391978721588724,2.0,3202.0,0.2386008744534666,0.11687966671625127,0.38569643972517176,0.18700746674600205,0.42223610243597753,0.2103834000892523,0.047719283902576584,0.16400013288377152,13.213060821746414,0.11983883280195036,3202.0,0.7296884953975677,0.08369645106889508,0.036830357142857144,0.8797232760370248,0.204080416074849,42.0,0.03143858295061097,0.13563123485218875,15.025370373972464,0.1739799822457635,3202.0,0.6952235400676727,0.07745636121199022,0.04045758928571429,0.9309914783762319,0.22266524844428584,42.0,0.04069676459173362,0.1497791543658788,13.904401159789348,0.13916050316237058,3202.0,0.7431966364383698,0.08158888631770046,0.032924107142857144,0.79232483133483,0.17972359959791162,42.0
socofing:000023:left_thumb,000023,left_thumb,0,peripheral_only,0.80,8041209469951861173,peripheral_only:8041209469951861173:0.450000,0.79998779296875,0.20001220703125,0.8102463405926454,0.18975365940735456,11204.0,0.1822827755563795,0.14371468126773834,0.216445797757927,0.0,2126.0,0.28269049858889933,0.13671208166728463,0.42897460018814676,0.21873933066765547,0.46613358419567263,0.24608174700111238,0.048041364809607384,0.1631900837972606,13.183846631995683,0.08532293858436939,2126.0,0.813612312078476,0.03389998262342135,0.04017857142857143,0.9483635848928101,0.22212802915368296,28.0,0.03711404391358855,0.14835148696154216,14.304617227281874,0.09931393292070215,2126.0,0.6895742863416672,0.05554295083005781,0.04603794642857143,1.1120185007402867,0.23489434126614636,28.0,0.048041364809607384,0.1631900837972606,13.183846631995683,0.08532293858436939,2126.0,0.813612312078476,0.03389998262342135,0.04017857142857143,0.9483635848928101,0.22212802915368296,28.0
socofing:000023:left_thumb,000023,left_thumb,0,central_only,0.10,2565616518469229386,central_only:2565616518469229386:0.450000,0.0999755859375,0.9000244140625,0.1461977865048197,0.8538022134951803,11204.0,0.2657535811738857,0.2103557139635086,0.005837907241811649,1.0,9566.0,0.2978256324482542,0.19931518588041428,0.46100773573071296,0.3189042974086629,0.49895463098473763,0.35876733458474563,0.16223132021266404,0.3307133873069035,7.898652975821097,0.05555403095231014,9566.0,0.9533606171607971,0.2653170422348571,0.049925866788321165,1.7673892279741636,0.2810573529840204,137.0,0.0762406092350594,0.21557967812126647,11.17813641929445,0.12035459222402972,9566.0,0.837684690952301,0.23798127638382013,0.057111085766423354,2.1093311887959016,0.3180538661863444,137.0,0.083525937360691,0.22460718366632695,10.781786418401886,0.11465548728131142,9566.0,0.9266044199466705,0.17632950553164398,0.05001140510948905,1.38260662988423,0.28207138232562845,137.0
socofing:000023:left_thumb,000023,left_thumb,0,central_only,0.20,2565616518469229386,central_only:2565616518469229386:0.450000,0.20001220703125,0.79998779296875,0.29248482684755445,0.7075151731524456,11204.0,0.2503120080811448,0.1979941725730896,-0.14537073359623462,0.0,7927.0,0.3133594045666709,0.18773400606085858,0.4748328497540053,0.3003744096973737,0.5203734073419957,0.3379212109095454,0.10927618965486309,0.25977099965353156,9.614744567877032,0.11826612846222592,7927.0,0.9347876012325287,0.2436491262567525,0.04541440217391304,1.427452672278006,0.2575601421358709,115.0,0.08219524325317006,0.21791616803376088,10.851533149255825,0.1485155942494015,7927.0,0.7450574934482574,0.2534267941874539,0.04599184782608696,1.398147755983032,0.26355409013401654,115.0,0.10927618965486309,0.25977099965353156,9.614744567877032,0.11826612846222592,7927.0,0.9347876012325287,0.2436491262567525,0.04541440217391304,1.427452672278006,0.2575601421358709,115.0
socofing:000023:left_thumb,000023,left_thumb,0,central_only,0.30,2565616518469229386,central_only:2565616518469229386:0.450000,0.29998779296875,0.70001220703125,0.43868261335237413,0.5613173866476259,11204.0,0.24869510131628592,0.1964297890663147,-0.016721263880218263,1.0,6289.0,0.289712195897599,0.18652132598721444,0.4429957067896327,0.29843412157954313,0.4867228494196216,0.33573838677698603,0.11564933719757847,0.26731295776558633,9.368568518882526,0.1047149323649894,6289.0,0.9512753188610077,0.2753971810905093,0.03916529605263158,1.0512010690886588,0.22481073526937986,76.0,0.07891877867122184,0.21522912026780894,11.028196444088634,0.15587779385398579,6289.0,0.7396976053714752,0.28010904667944725,0.03978207236842105,1.174413745136007,0.22686623460594263,76.0,0.11137298192162831,0.2592688053562031,9.53220152299548,0.13812549594980825,6289.0,0.8287339508533478,0.2511951010161811,0.04219777960526316,1.1325583124816152,0.24598861748296522,76.0
socofing:000023:left_thumb,000023,left_thumb,0,central_only,0.40,2565616518469229386,central_only:2565616518469229386:0.450000,0.4000244140625,0.5999755859375,0.5849696536951089,0.4150303463048911,11204.0,0.26972622025397514,0.21275365352630615,0.12425571075532643,0.0,4650.0,0.3501075268817204,0.20229466519048137,0.5313978494623656,0.3236714643047702,0.5763440860215053,0.3641303973428664,0.08210891760485091,0.2200168612919828,10.856096728895643,0.12317794280229699,4650.0,0.8974412977695465,0.2863091970572053,0.039388020833333336,1.0559220199585502,0.2218302785368916,36.0,0.043236494291855936,0.16410689082437305,13.641495268238302,0.1583570658156703,4650.0,0.7654320448637009,0.2541039053746093,0.04307725694444445,1.4282669726274935,0.2437929080842648,36.0,0.08210891760485091,0.2200168612919828,10.856096728895643,0.12317794280229699,4650.0,0.8974412977695465,0.2863091970572053,0.039388020833333336,1.0559220199585502,0.2218302785368916,36.0
socofing:000023:left_thumb,000023,left_thumb,0,central_only,0.50,2565616518469229386,central_only:2565616518469229386:0.450000,0.5,0.5,0.7252766868975365,0.27472331310246345,11204.0,0.23205128638729378,0.18228335678577423,0.2052972841732186,0.0,3078.0,0.29467186484730346,0.17403846479047033,0.4359974009096816,0.27846154366475256,0.4766081871345029,0.3132692366228466,0.07607406365971436,0.21355190965612653,11.187633843516132,0.1368750220083826,3078.0,0.7695081532001495,0.3124714356120112,0.056206597222222224,1.638675574599294,0.3779292125849174,18.0,0.052221561434038645,0.17994541941359493,12.821501468361546,0.21435209682245446,3078.0,0.7137254774570465,0.26262253590545953,0.048177083333333336,1.8217985859762638,0.29571309027712733,18.0,0.07607406365971436,0.21355190965612653,11.187633843516132,0.1368750220083826,3078.0,0.7695081532001495,0.3124714356120112,0.056206597222222224,1.638675574599294,0.3779292125849174,18.0
socofing:000023:left_thumb,000023,left_thumb,0,central_only,0.60,2565616518469229386,central_only:2565616518469229386:0.450000,0.5999755859375,0.4000244140625,0.8373795073188147,0.16262049268118528,11204.0,0.2117414258466812,0.16639523208141327,0.39285850703176506,2.0,1822.0,0.27058177826564217,0.1588060693850109,0.42206366630076836,0.2540897110160174,0.4626783754116356,0.28585092489301966,0.048520599171879154,0.16393872766738143,13.140738447503505,0.1631573075732209,1822.0,0.7314811646938324,0.17526216279566398,0.0439453125,1.324221448306064,0.26243901918811174,8.0,0.04008039119267529,0.15873326099468507,13.970680483186763,0.1904525447943287,1822.0,0.7137254774570465,0.1817332612791046,0.04931640625,1.529428643768592,0.28792453891138103,8.0,0.04631237071992508,0.15834619183375467,13.343029869994364,0.1630709690336033,1822.0,0.7366739213466644,0.26852746861720256,0.056640625,2.314153235135499,0.3846589631129105,8.0
socofing:000023:left_thumb,000023,left_thumb,0,central_only,0.70,2565616518469229386,central_only:2565616518469229386:0.450000,0.70001220703125,0.29998779296875,0.9094966083541592,0.09050339164584076,11204.0,0.1811173068975477,0.14235302805900574,0.22855084559360045,1.0,1014.0,0.26627218934911245,0.13583798017316082,0.3826429980276134,0.2173407682770573,0.4181459566074951,0.24450836431168943,0.06259429216374672,0.1939388790573829,12.034652673455906,0.11764452213832646,1014.0,0.7229359149932861,0.19294027801035254,nan,nan,nan,0.0,0.03348860102425966,0.14768631756305695,14.751029945961331,0.14595487133931856,1014.0,0.7137254774570465,0.19590026401417185,nan,nan,nan,0.0,0.03488104317131966,0.1426639013888803,14.5741053529987,0.12349752158216447,1014.0,0.7137254774570465,0.19691603791365328,nan,nan,nan,0.0
socofing:000023:left_thumb,000023,left_thumb,0,central_only,0.80,2565616518469229386,central_only:2565616518469229386:0.450000,0.79998779296875,0.20001220703125,0.9469832202784719,0.05301677972152807,11204.0,0.15710246409096168,0.12405901402235031,0.30865649260563954,1.0,594.0,0.24579124579124578,0.11782684806822125,0.3602693602693603,0.188522956909154,0.39057239057239057,0.21208832652279822,0.0710901472635339,0.208058423541411,11.481905861280165,0.06218759675407142,594.0,0.7137254774570465,0.2571420248577771,nan,nan,nan,0.0,0.03645797882857422,0.14645256729238362,14.382074115978885,0.16334391667583115,594.0,0.7137254774570465,0.210541834286046,nan,nan,nan,0.0,0.03220426553309432,0.1327872695495384,14.920866011365936,0.20902638193767195,594.0,0.7137254774570465,0.13634648409877753,nan,nan,nan,0.0
socofing:000023:left_thumb,000023,left_thumb,0,disconnected_fragments,0.10,3925354189095594059,disconnected_fragments:3925354189095594059:0.450000,0.0999755859375,0.9000244140625,0.12923955730096395,0.8707604426990361,11204.0,0.22080561864672585,0.17370197176933289,0.22038033788626932,0.0,9756.0,0.30719557195571956,0.16560421398504438,0.4599220992209922,0.26496674237607104,0.5035875358753588,0.29808758517307987,0.05959135815903089,0.18759214062153584,12.248167163666041,0.08464496208989422,9756.0,0.9033365547657013,0.261221604651189,0.04587823275862069,1.2878193803258426,0.24913536476129383,145.0,0.04179130048360124,0.16079732404075572,13.789141140426873,0.10415664200427323,9756.0,0.7645368725061417,0.24070826836983558,0.05126616379310345,1.771825592222299,0.2731181829105824,145.0,0.05959135815903089,0.18759214062153584,12.248167163666041,0.08464496208989422,9756.0,0.9033365547657013,0.261221604651189,0.04587823275862069,1.2878193803258426,0.24913536476129383,145.0
socofing:000023:left_thumb,000023,left_thumb,0,disconnected_fragments,0.20,3925354189095594059,disconnected_fragments:3925354189095594059:0.450000,0.20001220703125,0.79998779296875,0.24455551588718316,0.7554444841128168,11204.0,0.21478515700510484,0.16891351342201233,0.29051397001569174,2.0,8464.0,0.2592155009451796,0.16108886775382864,0.3982750472589792,0.2577421884061258,0.44565217391304346,0.28995996195689155,0.07313087474828571,0.20877499563446963,11.358992317708642,0.11756730704133427,8464.0,0.765845775604248,0.3121317662738089,0.04361466535433071,1.118339581589619,0.23994570187679812,127.0,0.04020662900081523,0.16256977354716826,13.95702337434648,0.12470730064604997,8464.0,0.7137254774570465,0.2692426202058357,0.04644438976377953,1.5280601782215002,0.24924818440510663,127.0,0.05113739457203155,0.16877578337463797,12.912614028606122,0.10675024185419547,8464.0,0.9404310882091522,0.2799720670145091,0.04038508858267716,1.088650169143174,0.2171921112799414,127.0
socofing:000023:left_thumb,000023,left_thumb,0,disconnected_fragments,0.30,3925354189095594059,disconnected_fragments:3925354189095594059:0.450000,0.29998779296875,0.70001220703125,0.35567654409139593,0.6443234559086041,11204.0,0.18079320401174845,0.14262394607067108,0.19886216085344122,2.0,7219.0,0.24837235074109987,0.13559490300881136,0.37484416124116915,0.21695184481409815,0.41266103338412524,0.24407082541586042,0.06273013253988882,0.19557238550071554,12.025237948589428,0.11020102745237349,7219.0,0.7369456589221954,0.24540844974825732,0.03977997448979592,0.984841272274315,0.2150311879668422,98.0,0.03596587053831367,0.1526740436566175,14.441094233262044,0.12537330114282585,7219.0,0.7357041239738464,0.25291585216867907,0.04245057397959184,1.3565728671878818,0.21437229192848337,98.0,0.048640717561175016,0.16993164787671955,13.130000268570303,0.09055004556809566,7219.0,0.7936491370201111,0.20993797246898108,0.0447624362244898,1.173052022082278,0.23323424909340168,98.0
socofing:000023:left_thumb,000023,left_thumb,0,disconnected_fragments,0.40,3925354189095594059,disconnected_fragments:3925354189095594059:0.450000,0.4000244140625,0.5999755859375,0.46519100321313817,0.5348089967868619,11204.0,0.1806747036234612,0.14206205308437347,0.2944000205307701,1.0,5992.0,0.22596795727636848,0.1355060277175959,0.35113484646194926,0.21680964434815347,0.39485981308411217,0.2439108498916726,0.048326340135725086,0.16897487833608535,13.158160937302332,0.1411437937688785,5992.0,0.7511638849973679,0.25046020988154555,0.03809931506849315,0.9623154528858521,0.19461488028224616,73.0,0.037265697109678954,0.15545892628663294,14.286907502406503,0.15977336502625392,5992.0,0.7137254774570465,0.23602810474958952,0.034674657534246575,0.9194393012079723,0.17537350165033874,73.0,0.04834699024392804,0.16744143383276558,13.156305569716583,0.12231367177415103,5992.0,0.7436113357543945,0.2707128183442442,0.0428617294520548,1.1340362609416457,0.2261641013402456,73.0
socofing:000023:left_thumb,000023,left_thumb,0,disconnected_fragments,0.50,3925354189095594059,disconnected_fragments:3925354189095594059:0.450000,0.5,0.5,0.5772938236344163,0.4227061763655837,11204.0,0.20332217528191102,0.15982145071029663,0.24475269215228138,1.0,4736.0,0.2738597972972973,0.15249163146143327,0.42440878378378377,0.24398661033829322,0.46283783783783783,0.2744849366305798,0.07772192230293658,0.21795582574968403,11.094564664969377,0.10746450305849563,4736.0,0.7385152280330658,0.2642155727072128,0.039496527777777776,1.1976679032489854,0.22170162281926267,54.0,0.03312762497730831,0.14700015871219235,14.798096989270583,0.16187250784627089,4736.0,0.7137254774570465,0.15429229995934418,0.042317708333333336,1.2287400027237017,0.22157486818564098,54.0,0.04546208593900573,0.1644466151797993,13.423506413999513,0.1274285782854204,4736.0,0.7821559309959412,0.13909872255824815,0.041449652777777776,1.0864771513326001,0.23609052849301335,54.0
socofing:000023:left_thumb,000023,left_thumb,0,disconnected_fragments,0.60,3925354189095594059,disconnected_fragments:3925354189095594059:0.450000,0.5999755859375,0.4000244140625,0.6880578364869689,0.31194216351303106,11204.0,0.19828967600137096,0.15603362023830414,0.23296167618929187,2.0,3495.0,0.3273247496423462,0.14871725700102822,0.48011444921316165,0.23794761120164515,0.5216022889842632,0.2676910626018507,0.061166652766926344,0.1848656312334691,12.134852848222552,0.09077657768721775,3495.0,0.8353322744369507,0.14104778365297832,0.03227796052631579,0.8831825637173555,0.19104417291513784,38.0,0.0283003936600901,0.13137427987330974,15.482075233726778,0.13326561451571525,3495.0,0.7394228428602219,0.10826999171944257,0.030838815789473683,0.8626771043967626,0.18079544686171514,38.0,0.04079218256993062,0.15591816747819576,13.894230573031834,0.12440057537539032,3495.0,0.7243210077285767,0.08894724574886284,0.033717105263157895,0.9005958041718807,0.20432858861172123,38.0
socofing:000023:left_thumb,000023,left_thumb,0,disconnected_fragments,0.70,3925354189095594059,disconnected_fragments:3925354189095594059:0.450000,0.70001220703125,0.29998779296875,0.7773116744019993,0.22268832559800067,11204.0,0.20205056504082028,0.1588272750377655,0.29235007441096456,1.0,2495.0,0.2565130260521042,0.1515379237806152,0.41362725450901805,0.24246067804898433,0.46132264529058115,0.27276826280510735,0.05554290844622216,0.18329070319154697,12.553713826146849,0.11924747752488134,2495.0,0.7137254774570465,0.13779089013791251,0.03752790178571429,1.105126710589512,0.18869333742119054,28.0,0.03648346623445655,0.1537131311778793,14.379039067749812,0.0785562301239984,2495.0,0.7137254774570465,0.10320840975668137,0.03473772321428571,0.9460428880703621,0.18352433273498442,28.0,0.049552481288727225,0.1693387752544426,13.049345937917899,0.07408388600880553,2495.0,0.7973642945289612,0.13041482955317316,0.037109375,1.24298387423127,0.18217182466519238,28.0
socofing:000023:left_thumb,000023,left_thumb,0,disconnected_fragments,0.80,3925354189095594059,disconnected_fragments:3925354189095594059:0.450000,0.79998779296875,0.20001220703125,0.8644234202070689,0.13557657979293114,11204.0,0.19813623261184896,0.15586943924427032,0.2983297447366983,2.0,1519.0,0.2969058591178407,0.1486021744588867,0.4489795918367347,0.23776347913421872,0.4897959183673469,0.26748391402599603,0.05309637490381155,0.17031275655110467,12.749351288811223,0.13505571993329543,1519.0,0.7213549911975861,0.2017505750994703,0.02911931818181818,0.7255441006049477,0.13616808582624332,11.0,0.032276583918494535,0.14061686295066875,14.911124362750744,0.1599777226835669,1519.0,0.5717576444149017,0.04646271344298246,0.03515625,0.9046766009842396,0.16178065598390165,11.0,0.04142963097057972,0.15128581403430313,13.826889351099771,0.10881465012601249,1519.0,0.7915229499340057,0.11920272202515733,0.03480113636363636,0.9619584325588526,0.15207113947383458,11.0
socofing:000023:left_thumb,000023,left_thumb,0,stripes,0.10,3530425357891350353,stripes:3530425357891350353:0.450000,0.0999755859375,0.9000244140625,0.05997857907890039,0.9400214209210996,11204.0,0.16119736540934784,0.1271386444568634,0.09470345980802486,1.0,10532.0,0.22778199772123053,0.12089802405701089,0.3480820357007216,0.19343683849121743,0.38150398784656286,0.21761644330261962,0.06335272899947489,0.18970020271857518,11.982346725897596,0.07284643566713182,10532.0,0.7798767983913422,0.19650068326801604,0.05067638422818792,1.9375393695541638,0.27130678074268155,149.0,0.050291599946851555,0.1713349512090961,12.985045477746562,0.08767929440656572,10532.0,0.7370602786540985,0.15547754713721731,0.05219693791946309,1.742616292876189,0.2792767764866014,149.0,0.0564818453367865,0.18279153364401013,12.480911227478291,0.08162294332847626,10532.0,0.8747065663337708,0.23385102189037293,0.049968540268456374,2.1046154375508603,0.2741321008694416,149.0
socofing:000023:left_thumb,000023,left_thumb,0,stripes,0.20,3530425357891350353,stripes:3530425357891350353:0.450000,0.20001220703125,0.79998779296875,0.15387361656551232,0.8461263834344876,11204.0,0.16574748530040814,0.13072213530540466,0.08607794727158408,1.0,9480.0,0.1719409282700422,0.1243106139753061,0.26350210970464133,0.19889698236048975,0.29483122362869196,0.22375910515555097,0.10800687296136526,0.2571910249988867,9.665486075295105,0.0946194962295575,9480.0,0.8161603212356567,0.21370419983342523,0.043547453703703706,1.0726501694102437,0.23897972033807272,135.0,0.08170291305475849,0.22366010683749799,10.877624587545696,0.12292931527742061,9480.0,0.7566777914762497,0.24345459330033165,0.04406828703703704,1.2612183509926025,0.23921186024425226,135.0,0.07884342976319898,0.21348435577115177,11.032344917640662,0.10611676821737644,9480.0,0.7656152248382568,0.19932104613325194,0.0421875,1.170658843930826,0.232944445334391,135.0
socofing:000023:left_thumb,000023,left_thumb,0,stripes,0.30,3530425357891350353,stripes:3530425357891350353:0.450000,0.29998779296875,0.70001220703125,0.25276686897536593,0.7472331310246341,11204.0,0.15794100749452775,0.12455476075410843,0.3154403044052997,1.0,8372.0,0.17498805542283802,0.11845575562089582,0.27197802197802196,0.18952920899343328,0.3041089345437172,0.21322036011761247,0.04596551950167692,0.1663938900478081,13.37567827129202,0.13961955965210346,8372.0,0.7774069756269455,0.1633972144050621,0.045973557692307696,1.5355234330161585,0.25766353728594715,117.0,0.0367110854454806,0.15813948110287063,14.352027744169199,0.14647966980955235,8372.0,0.7137254774570465,0.19741108876540991,0.04837740384615385,1.7290589859682364,0.26221560679923617,117.0,0.040348956290688465,0.1595788766437322,13.941676947227569,0.14817460566689547,8372.0,0.7137254774570465,0.1998805358379132,0.040698450854700856,1.4180438381417235,0.21959469755987357,117.0
socofing:000023:left_thumb,000023,left_thumb,0,stripes,0.40,3530425357891350353,stripes:3530425357891350353:0.450000,0.4000244140625,0.5999755859375,0.35398072117101037,0.6460192788289896,11204.0,0.17318373557018554,0.13677306473255157,0.270727985584543,2.0,7238.0,0.23418071290411716,0.12988780167763916,0.35755733628074055,0.20782048268422265,0.3972091738049185,0.23379804301975046,0.048841423904556404,0.16936959730192058,13.11211683284131,0.11412779730858774,7238.0,0.7691452503204346,0.16488734637342226,0.0467944587628866,1.3209167237050992,0.2579602877839755,97.0,0.03163675880338073,0.14221643193687447,14.998080165116027,0.1340065383329544,7238.0,0.7137254774570465,0.19334903154552208,0.0506604381443299,1.778720229374751,0.270982733885334,97.0,0.02998154846208725,0.12651839956093572,15.23145940828181,0.12226642582626392,7238.0,0.7574857175350189,0.2815995822363832,0.0546875,1.9309382920496216,0.29696767982038963,97.0
socofing:000023:left_thumb,000023,left_thumb,0,stripes,0.50,3530425357891350353,stripes:3530425357891350353:0.450000,0.5,0.5,0.4579614423420207,0.5420385576579794,11204.0,0.15344219603230463,0.12087602913379669,0.27617660236519076,1.0,6073.0,0.2214720895768154,0.11508164702422848,0.33476041495142433,0.18413063523876558,0.3691750370492343,0.20714696464361124,0.05079447832635709,0.16832718867780977,12.941834956438313,0.13039885078636274,6073.0,0.763561487197876,0.25775984330846596,0.05078125,1.6217989177422414,0.2787480283645738,78.0,0.035124666031606716,0.1465905855708689,14.543877963771088,0.1397966763218131,6073.0,0.7035084217786789,0.22255295913029352,0.049178685897435896,1.6867347978210263,0.26822635377625426,78.0,0.04390130044185553,0.1586436892893529,13.575226149205905,0.10989961248410947,6073.0,0.8386822640895844,0.14398897958204757,0.048227163461538464,1.365604708614759,0.258994398793283,78.0
socofing:000023:left_thumb,000023,left_thumb,0,stripes,0.60,3530425357891350353,stripes:3530425357891350353:0.450000,0.5999755859375,0.4000244140625,0.5671188861121028,0.4328811138878972,11204.0,0.19654792402618118,0.15444868803024292,0.23547218978942935,2.0,4850.0,0.3249484536082474,0.1474109430196359,0.482680412371134,0.23585750883141743,0.5270103092783505,0.26533969743534463,0.05066978755409234,0.17248165612982722,12.952509165950367,0.13477523007846545,4850.0,0.9582704901695251,0.16822510545434033,0.04873798076923077,1.439382479975013,0.29382902776086417,65.0,0.02760233834347201,0.12992132333750578,15.590541249402182,0.17753665633623864,4850.0,0.6384455263614655,0.14073885164675656,0.05090144230769231,1.3011709715950233,0.2937812917014819,65.0,0.04544100236968659,0.1608146567074294,13.425520972173207,0.1380790744368778,4850.0,0.756401926279068,0.12995599609887615,0.04939903846153846,1.349452044324687,0.2907664477236811,65.0
socofing:000023:left_thumb,000023,left_thumb,0,stripes,0.70,3530425357891350353,stripes:3530425357891350353:0.450000,0.70001220703125,0.29998779296875,0.6786861835058907,0.3213138164941093,11204.0,0.17355428310456097,0.13692931830883026,0.272540694823209,0.0,3600.0,0.2722222222222222,0.13016571232842075,0.41888888888888887,0.2082651397254732,0.465,0.23429828219115734,0.040677760497282694,0.151714053630001,13.906429650522687,0.16439941036363784,3600.0,0.8229679465293884,0.16061598435167626,0.04920212765957447,1.402448408248729,0.2765500716753429,47.0,0.029390168361533308,0.13376246955659654,15.317979260650038,0.1565871715103936,3600.0,0.8495505005121231,0.17597264145090694,0.05127992021276596,1.5626570629185967,0.27833613687046993,47.0,0.040677760497282694,0.151714053630001,13.906429650522687,0.16439941036363784,3600.0,0.8229679465293884,0.16061598435167626,0.04920212765957447,1.402448408248729,0.2765500716753429,47.0
socofing:000023:left_thumb,000023,left_thumb,0,stripes,0.80,3530425357891350353,stripes:3530425357891350353:0.450000,0.79998779296875,0.20001220703125,0.7920385576579793,0.20796144234202074,11204.0,0.20768881215899118,0.1638338565826416,0.18642032473571354,2.0,2330.0,0.34120171673819744,0.15576660911924337,0.49141630901287553,0.2492265745907894,0.5343347639484979,0.2803798964146381,0.05504968457579724,0.17929590312452276,12.592451651097258,0.14870333143995249,2330.0,0.8089340925216675,0.22048015196863577,0.056818181818181816,1.7200583759770538,0.3937597159364938,11.0,0.03258463794264075,0.13858793421684418,14.869871002134737,0.18803631545447533,2330.0,0.6349660605192184,0.1800500385937955,0.06356534090909091,1.8861322541866814,0.3894130805347681,11.0,0.052034330565913424,0.16799202182773867,12.837100283685212,0.13648936128341474,2330.0,0.815473198890686,0.28712071260178135,0.053267045454545456,1.5979569629632697,0.33366355934690206,11.0
socofing:000023:left_thumb,000023,left_thumb,0,severe_partial,0.10,17617097759982921859,severe_partial:17617097759982921859:0.200000,0.0999755859375,0.9000244140625,0.1461977865048197,0.8538022134951803,11204.0,0.2553218435793357,0.20169585943222046,-0.12370604279926702,2.0,9566.0,0.26897344762701236,0.19149138268450178,0.4148024252561154,0.3063862122952028,0.4514948776918252,0.3446844888321031,0.16597268631057996,0.329817506147246,7.799633767828745,0.0710409685115833,9566.0,0.9681388735771179,0.32003262155255274,0.050275404676258996,1.8911057787727026,0.27780978320772554,139.0,0.09894213187329853,0.2485202568063885,10.04618736271868,0.09369490204870402,9566.0,0.8196589350700378,0.21908629881476122,0.04583520683453238,1.4615010261534738,0.25171254370252183,139.0,0.11984052249517049,0.2782475755565739,9.213963061509949,0.09554142721749743,9566.0,0.9205054342746735,0.1856164538281621,0.0400460881294964,1.065878787089233,0.22731554536993173,139.0
socofing:000023:left_thumb,000023,left_thumb,0,severe_partial,0.20,17617097759982921859,severe_partial:17617097759982921859:0.200000,0.20001220703125,0.79998779296875,0.282399143163156,0.7176008568368439,11204.0,0.2338264648173974,0.18488146364688873,0.05126213403247256,2.0,8040.0,0.2778606965174129,0.17536984861304808,0.4166666666666667,0.2805917577808769,0.45422885572139304,0.31566572750348654,0.09586656332847267,0.24345599735591245,10.183328411510109,0.0750379420110701,8040.0,0.913154274225235,0.18620380487133295,0.046697443181818184,1.2931316962669153,0.24983269518869003,110.0,0.07484026113958014,0.21084985081662438,11.258647057887995,0.1099989261686976,8040.0,0.7649455666542053,0.25179224749588747,0.052414772727272727,1.7138284599690519,0.27884858993387346,110.0,0.09178524486186855,0.23095615968590055,10.372271291485909,0.130299383837894,8040.0,0.9060478508472443,0.289328477631533,0.05369318181818182,1.8405552040348343,0.2979545020894632,110.0
socofing:000023:left_thumb,000023,left_thumb,0,severe_partial,0.30,17617097759982921859,severe_partial:17617097759982921859:0.200000,0.29998779296875,0.70001220703125,0.39575151731524455,0.6042484826847554,11204.0,0.18074064273836576,0.14300137758255005,0.03982992289277365,2.0,6770.0,0.20901033973412111,0.13555548205377432,0.3225997045790251,0.21688877128603895,0.35612998522895123,0.24399986769679377,0.12097371760110191,0.27201966385149356,9.17308972994639,0.08992645589668444,6770.0,0.941931813955307,0.3285967740376492,0.044428228021978024,1.775502157707353,0.23487389818199045,91.0,0.09192371666898251,0.232192841731287,10.3657242452649,0.1527258839452094,6770.0,0.751743420958519,0.37982620326467936,0.05043784340659341,2.1269736890390907,0.26218306184758505,91.0,0.09771518433330777,0.2434101287798304,10.100379443695548,0.13199763154462466,6770.0,0.9017929136753082,0.36621992317948526,0.047261332417582416,1.4576052841653848,0.2520369604326986,91.0
socofing:000064:left_middle,000064,left_middle,82,random_rectangles,0.10,18098931359552195559,random_rectangles:18098931359552195559:0.450000,0.0999755859375,0.9000244140625,0.003441748408191361,0.9965582515918087,11622.0,0.16021099900880956,0.12659844756126404,0.25742051495090906,1.0,11582.0,0.14462096356415127,0.12015824925660716,0.21438438957002245,0.19225319881057143,0.23648765325505094,0.21628484866189288,0.12504667381048948,0.2729825583724664,9.029278558324163,0.08933696418753578,11582.0,0.9999966025352478,0.35364971615117613,0.04969618055555555,2.014011696996556,0.2189876764512951,162.0,0.09345602378809978,0.2412764646282265,10.293927005599627,0.08571210987197733,11582.0,0.9989142417907715,0.29845853157058316,0.053698881172839504,2.3339805293032994,0.2340512466600394,162.0,0.09349196352867022,0.2337845197015644,10.292257190221877,0.07885918000429994,11582.0,0.9999938011169434,0.372856358388773,0.05545910493827161,2.223901246759517,0.24175981155417237,162.0
socofing:000064:left_middle,000064,left_middle,82,random_rectangles,0.20,18098931359552195559,random_rectangles:18098931359552195559:0.450000,0.20001220703125,0.79998779296875,0.037945276200309755,0.9620547237996903,11622.0,0.1502151695261046,0.11841551959514618,0.25622549319971294,2.0,11181.0,0.13853859225471782,0.11266137714457847,0.1991771755656918,0.18025820343132554,0.2195689115463733,0.2027904788602412,0.10424789380078635,0.2587981846808418,9.819327106461618,0.11135052712735072,11181.0,0.999491274356842,0.23240277363591832,0.0404541015625,1.18429221864338,0.17154044320928546,160.0,0.09057268931171349,0.24313134765925495,10.430027368625453,0.11142529950915939,11181.0,0.9993416666984558,0.22540940125839076,0.0469482421875,1.6505479613483374,0.19832423753454492,160.0,0.09968532805788637,0.24634813678599732,10.013687575599114,0.11772466500162015,11181.0,0.9996529221534729,0.24772575725077445,0.0437255859375,1.2816720008620397,0.18754097655569976,160.0
socofing:000064:left_middle,000064,left_middle,82,random_rectangles,0.30,18098931359552195559,random_rectangles:18098931359552195559:0.450000,0.29998779296875,0.70001220703125,0.09387368783341937,0.9061263121665806,11622.0,0.14540767827966902,0.11480803787708282,0.21607500375788882,1.0,10531.0,0.15753489697084797,0.10905575870975177,0.23511537365872187,0.17448921393560285,0.26350773905612,0.19630036567755318,0.08607067941318625,0.23158243893883687,10.651447688452704,0.14886535732192235,10531.0,0.9970288276672363,0.2274859012278393,0.03944798519736842,1.103599549209636,0.1687922547792179,152.0,0.0678239187293716,0.20581024461133338,11.686171211728611,0.16594301543636286,10531.0,0.9931187629699707,0.22191187776820523,0.045384457236842105,1.4868229656790468,0.1938126706338526,152.0,0.07760878413332015,0.21273322332805716,11.10089120433477,0.1571595366423482,10531.0,0.9977884292602539,0.2455836671143459,0.044921875,1.4357343594235856,0.19335955920612005,152.0
socofing:000064:left_middle,000064,left_middle,82,random_rectangles,0.40,18098931359552195559,random_rectangles:18098931359552195559:0.450000,0.4000244140625,0.5999755859375,0.1815522285320943,0.8184477714679057,11622.0,0.17747094705471111,0.13998766243457794,0.25756080622765326,1.0,9512.0,0.14970563498738435,0.13310321029103334,0.23013036164844408,0.21296513646565332,0.2588309503784693,0.23958577852385998,0.09893173615339705,0.24445581310117323,10.046643694202753,0.13793197775203303,9512.0,0.9611555933952332,0.2578764720659743,0.03475215517241379,0.9437581199683838,0.15197439183634517,145.0,0.07717572706764808,0.22513855976045533,11.125192703657227,0.15091620915500678,9512.0,0.8829357028007507,0.133059925764192,0.03168103448275862,0.7304985392052387,0.13510569302842118,145.0,0.08561428061392326,0.2263248356821327,10.674537881903154,0.13812523596432782,9512.0,0.897923082113266,0.0989700253593617,0.030630387931034484,0.6639552975431412,0.13312204817574533,145.0
socofing:000064:left_middle,000064,left_middle,82,random_rectangles,0.50,18098931359552195559,random_rectangles:18098931359552195559:0.450000,0.5,0.5,0.29771123730855276,0.7022887626914472,11622.0,0.15608425247681879,0.12337091565132141,0.2142723411843461,2.0,8162.0,0.15118843420730213,0.11706318935761409,0.23744180347953933,0.18730110297218255,0.2657436902719922,0.21071374084370537,0.07230761187094535,0.20799444837055697,11.40815981826619,0.21416680208551533,8162.0,0.9471419444307685,0.1434309252651701,0.03373015873015873,0.688482498254124,0.1441180995125571,126.0,0.06414631471154139,0.20048591281262898,11.92828289350102,0.22369789880436158,8162.0,0.9194795675575733,0.14309881012512193,0.03258308531746032,0.7455546286568078,0.13923486259572782,126.0,0.07219433616588829,0.2020335641101503,11.414968726296182,0.21307470619457755,8162.0,0.9760639667510986,0.1417665221528609,0.03162202380952381,0.7440484300668473,0.13688822850797228,126.0
socofing:000064:left_middle,000064,left_middle,82,random_rectangles,0.60,18098931359552195559,random_rectangles:18098931359552195559:0.450000,0.5999755859375,0.4000244140625,0.4360695233178455,0.5639304766821545,11622.0,0.23123054569995413,0.18271136283874512,0.38440246517242316,1.0,6554.0,0.17989014342386328,0.1734229092749656,0.2938663411657003,0.27747665483994494,0.3364357644186756,0.312161236694938,0.12735738911217157,0.2716916344422127,8.94975852761238,0.20093000555089485,6554.0,0.997631311416626,0.1929924434649691,0.031058517156862746,0.6361883892527462,0.1329848861838562,102.0,0.07812417325588693,0.22154759594348286,11.072145655173859,0.26012422345086633,6554.0,0.8118166923522949,0.14883745622736622,0.030981924019607844,0.6529483051817577,0.1305484832893291,102.0,0.07869595776715667,0.20971479587047168,11.040475746867289,0.2598071857490021,6554.0,0.9320191442966461,0.11757756751088323,0.030292585784313725,0.6765204930041105,0.12766780036757447,102.0
socofing:000064:left_middle,000064,left_middle,82,random_rectangles,0.70,18098931359552195559,random_rectangles:18098931359552195559:0.450000,0.70001220703125,0.29998779296875,0.5770951643434865,0.4229048356565135,11622.0,0.21008582411882795,0.16605156660079956,0.32349654412923645,0.0,4915.0,0.16378433367243134,0.15756436808912097,0.26307222787385554,0.2521029889425936,0.2970498474059003,0.2836158625604177,0.09547907283527937,0.23536487352898836,10.200918069304386,0.2081616822887619,4915.0,0.9762822091579437,0.09701185262898125,0.03,0.6541300310192707,0.1251812777355288,75.0,0.08488814833626397,0.23163790205163864,10.711529395729189,0.22165952093472543,4915.0,0.9011688828468323,0.055050554968272526,0.03125,0.6584651844613757,0.1311281004219483,75.0,0.09547907283527937,0.23536487352898836,10.200918069304386,0.2081616822887619,4915.0,0.9762822091579437,0.09701185262898125,0.03,0.6541300310192707,0.1251812777355288,75.0
socofing:000064:left_middle,000064,left_middle,82,random_rectangles,0.80,18098931359552195559,random_rectangles:18098931359552195559:0.450000,0.79998779296875,0.20001220703125,0.7180347616589228,0.28196523834107723,11622.0,0.22666045456181924,0.17931783199310303,0.3141244645351979,0.0,3277.0,0.19896246566981995,0.16999534092136442,0.31675312786084836,0.2719925454741831,0.35794934391211475,0.305991613658456,0.08363073901763533,0.21351119996010712,10.776340654791944,0.29467026959295123,3277.0,0.9268207550048828,0.08158843381272189,0.03416053921568627,0.7340515675964631,0.139049591262788,51.0,0.07393011276703967,0.2147349234029033,11.311786313641527,0.28025725277367886,3277.0,0.8999156281352043,0.02940057565383011,0.03331801470588235,0.6870391551314926,0.13591632032854026,51.0,0.08363073901763533,0.21351119996010712,10.776340654791944,0.29467026959295123,3277.0,0.9268207550048828,0.08158843381272189,0.03416053921568627,0.7340515675964631,0.139049591262788,51.0
socofing:000064:left_middle,000064,left_middle,82,irregular,0.10,13082811736012547484,irregular:13082811736012547484:0.450000,0.0999755859375,0.9000244140625,0.07675098950266736,0.9232490104973327,11622.0,0.22346600810168285,0.17689841985702515,0.2959543897930922,2.0,10730.0,0.19338303821062441,0.16759950607626214,0.29030754892823857,0.2681592097220194,0.3233923578751165,0.3016791109372718,0.12609934649420493,0.26599374963660644,8.992871641382278,0.1189598759847277,10730.0,0.9996849298477173,0.1980188153029553,0.03999495967741935,1.2527362711035157,0.1673294502502186,155.0,0.08946775460192662,0.23798908017354845,10.483334621339523,0.1573701441745026,10730.0,0.9291899986565113,0.1955648411154633,0.03717237903225806,1.1867926654407857,0.15544064357184387,155.0,0.09843272182096216,0.24035972470295236,10.068605057966433,0.15330466858936165,10730.0,0.9800132513046265,0.23917364764003696,0.03278729838709677,0.9768171329740354,0.1399758023558886,155.0
socofing:000064:left_middle,000064,left_middle,82,irregular,0.20,13082811736012547484,irregular:13082811736012547484:0.450000,0.20001220703125,0.79998779296875,0.17053863362588195,0.829461366374118,11622.0,0.18824605697747912,0.14871111512184143,0.25942765440662474,0.0,9640.0,0.15529045643153527,0.14118454273310935,0.23609958506224066,0.22589526837297497,0.26358921161825727,0.2541321769195968,0.09831614149733069,0.2459452668547387,10.073751740526431,0.16641865165211162,9640.0,0.9744629859924316,0.12268151202758219,0.03169014084507042,0.6615564541512365,0.13477424361465568,142.0,0.08040616894559686,0.22931785141615413,10.947106299051008,0.1905126169384326,9640.0,0.9193324223160744,0.14319078047712339,0.02987455985915493,0.7199369368939762,0.12612258907592797,142.0,0.09831614149733069,0.2459452668547387,10.073751740526431,0.16641865165211162,9640.0,0.9744629859924316,0.12268151202758219,0.03169014084507042,0.6615564541512365,0.13477424361465568,142.0
socofing:000064:left_middle,000064,left_middle,82,irregular,0.30,13082811736012547484,irregular:13082811736012547484:0.450000,0.29998779296875,0.70001220703125,0.2720702116675271,0.7279297883324729,11622.0,0.15838056573067436,0.12499690055847168,0.3483303681909973,2.0,8460.0,0.1384160756501182,0.11878542429800575,0.22092198581560285,0.19005667887680922,0.24964539007092199,0.21381376373641037,0.08363161228158969,0.22083567583225625,10.776295306425897,0.26848907416287726,8460.0,0.9943475723266602,0.09607581371714322,0.02779796511627907,0.6225691467853295,0.1174771965840508,129.0,0.06483641653548612,0.2011239232488822,11.881809963199895,0.30445174454036816,8460.0,0.8493516370654106,0.07648737146903252,0.02374031007751938,0.4705256313401724,0.1014863866893552,129.0,0.06523612437022767,0.19444707495267183,11.855118479784942,0.29831312202392385,8460.0,0.8929618299007416,0.0776733642497793,0.022892441860465115,0.46081598437672594,0.09703022920561791,129.0
socofing:000064:left_middle,000064,left_middle,82,irregular,0.40,13082811736012547484,irregular:13082811736012547484:0.450000,0.4000244140625,0.5999755859375,0.37919463087248323,0.6208053691275168,11622.0,0.1589877377676617,0.12548169493675232,0.3905243840620578,0.0,7215.0,0.15592515592515593,0.11924080332574626,0.23825363825363827,0.19078528532119404,0.26846846846846845,0.21463344598634324,0.06420408742798575,0.18986979087889555,11.924373225399856,0.38789672515403256,7215.0,0.9808424711227417,0.03747822361073361,0.021219544491525424,0.41534800921971304,0.09021087528398913,118.0,0.054843845533714,0.18259368637179452,12.608721010101895,0.4216256108303925,7215.0,0.8639380186796188,0.03420105509543789,0.019067796610169493,0.3692813610812543,0.08166192150574643,118.0,0.06420408742798575,0.18986979087889555,11.924373225399856,0.38789672515403256,7215.0,0.9808424711227417,0.03747822361073361,0.021219544491525424,0.41534800921971304,0.09021087528398913,118.0
socofing:000064:left_middle,000064,left_middle,82,irregular,0.50,13082811736012547484,irregular:13082811736012547484:0.450000,0.5,0.5,0.49001892961624505,0.509981070383755,11622.0,0.1507403902078022,0.11916190385818481,0.39953540280797173,0.0,5927.0,0.17462459929137844,0.11305529265585167,0.26792643833305213,0.18088846824936267,0.30183904167369663,0.20349952678053299,0.05667380297911158,0.17176478703188727,12.46617643941746,0.46998464314597954,5927.0,0.892314791213721,0.0381759448921124,0.02033797554347826,0.42007962400482357,0.08681962806407202,92.0,0.045341131819267855,0.16037142563581258,13.435076430818555,0.49437966667451166,5927.0,0.8665959686040878,0.02524436674262918,0.01740828804347826,0.3327790067221474,0.07328602888851993,92.0,0.05667380297911158,0.17176478703188727,12.46617643941746,0.46998464314597954,5927.0,0.892314791213721,0.0381759448921124,0.02033797554347826,0.42007962400482357,0.08681962806407202,92.0
socofing:000064:left_middle,000064,left_middle,82,irregular,0.60,13082811736012547484,irregular:13082811736012547484:0.450000,0.5999755859375,0.4000244140625,0.5975735673722251,0.4024264326277749,11622.0,0.13803682616733876,0.10912920534610748,0.37867832224371284,1.0,4677.0,0.17382937780628607,0.10352761962550405,0.26854821466752193,0.1656441914008065,0.3008338678640154,0.18634971532590727,0.058294613932060375,0.173276375575154,12.34371569557335,0.5310300635224401,4677.0,0.9411351080052555,0.025768546598981992,0.0145263671875,0.25809082449806,0.060718713612616965,64.0,0.04052236740718379,0.14910146333224455,13.923051901172288,0.571256712142487,4677.0,0.8672938793897629,0.023859109435058683,0.01434326171875,0.2588942369745746,0.05980058883680289,64.0,0.04904261600587886,0.1597838504036806,13.094263719599473,0.5389708713128544,4677.0,0.8779915869235992,0.029371953722770957,0.01220703125,0.21848010219218378,0.05017418205116357,64.0
socofing:000064:left_middle,000064,left_middle,82,irregular,0.70,13082811736012547484,irregular:13082811736012547484:0.450000,0.70001220703125,0.29998779296875,0.7034073309241095,0.29659266907589055,11622.0,0.11121186472532447,0.08765029162168503,0.3845341122883017,2.0,3447.0,0.16884247171453437,0.08340889854399336,0.2596460690455469,0.13345423767038936,0.288946910356832,0.15013601737918805,0.04647089999563542,0.15349026036824062,13.328189165171874,0.5979939510843127,3447.0,0.8541574478149414,0.017243879017890755,0.012723214285714286,0.2422518806317672,0.050977588579245774,35.0,0.03395564194535446,0.13419952762889623,14.69088054604105,0.6648816931693163,3447.0,0.8328958749771118,0.013626426002522873,0.010267857142857143,0.1943027258120302,0.041338546926154913,35.0,0.042297780415879505,0.14466426340165495,13.73682421713067,0.6477782758518584,3447.0,0.9277795548550785,0.021094767462357594,0.010714285714285714,0.19798709113175877,0.04345026519761399,35.0
socofing:000064:left_middle,000064,left_middle,82,irregular,0.80,13082811736012547484,irregular:13082811736012547484:0.450000,0.79998779296875,0.20001220703125,0.8039063844432972,0.1960936155567028,11622.0,0.1137608093215967,0.09006145596504211,0.4147951413212389,2.0,2279.0,0.15489249670908292,0.08532060699119752,0.25186485300570427,0.13651297118591602,0.2768758227292672,0.15357709258415553,0.051379390678806855,0.15798393255095566,12.892110504472711,0.6069161090180593,2279.0,0.8489882275462151,0.016101413928667332,0.025390625,0.5125173211128325,0.1033573722919302,14.0,0.03550255411019018,0.13637337173993597,14.497404019854493,0.681273875028811,2279.0,0.7575560174882412,0.012189668171892841,0.020647321428571428,0.41489881476246465,0.08341053621097982,14.0,0.041536278641433576,0.14223406469909544,13.815724157904949,0.6758839232930168,2279.0,0.9356250162236392,0.014571197823105942,0.021205357142857144,0.43780374716522047,0.08546135067878904,14.0
socofing:000064:left_middle,000064,left_middle,82,central_missing,0.10,553333334574035112,central_missing:553333334574035112:0.450000,0.0999755859375,0.9000244140625,0.013766993632765444,0.9862330063672345,11622.0,0.16804294488452629,0.13316120207309723,0.24496913064453385,1.0,11462.0,0.17370441458733205,0.1260322086633947,0.2443727098237655,0.20165153386143153,0.26906299075205026,0.22685797559411042,0.12848293637585892,0.2824949703041657,8.911545464951905,0.06212946833593134,11462.0,1.0,0.38793677268548005,0.055682259316770184,2.3073724108801636,0.23768443693451166,161.0,0.09363012520302019,0.24257486422046176,10.28584395872247,0.07023259871719226,11462.0,1.0,0.3277571501093828,0.05378979037267081,1.82545697878576,0.22801286812645505,161.0,0.09992515444126336,0.24423944123451377,10.003251718350668,0.061226836973524254,11462.0,1.0,0.3528034020907529,0.056118982919254656,2.792194270202808,0.239817285244034,161.0
socofing:000064:left_middle,000064,left_middle,82,central_missing,0.20,553333334574035112,central_missing:553333334574035112:0.450000,0.20001220703125,0.79998779296875,0.03785923249010497,0.9621407675098951,11622.0,0.10056168793146551,0.07969651371240616,0.13465904259161735,2.0,11182.0,0.13897335002682884,0.07542126594859913,0.19218386692899303,0.12067402551775859,0.2116794848864246,0.13575827870747845,0.09193608656403222,0.22814660671777906,10.365139867703796,0.060815281550580656,11182.0,1.0,0.4331298538403067,0.05910966981132076,2.59766286352582,0.2526256179713853,159.0,0.08603798351903735,0.22316906503793982,10.653097767692024,0.06483210444711804,11182.0,1.0,0.40027448476022415,0.058495479559748424,2.4374167503892044,0.24864730666644763,159.0,0.08903036524618119,0.22294182904605025,10.504618449314432,0.055369371490451,11182.0,1.0,0.41706182126928654,0.06004323899371069,2.422702273726022,0.2570731327624043,159.0
socofing:000064:left_middle,000064,left_middle,82,central_missing,0.30,553333334574035112,central_missing:553333334574035112:0.450000,0.29998779296875,0.70001220703125,0.07821373257614868,0.9217862674238513,11622.0,0.13030979375840124,0.10251224786043167,0.18297697389171094,0.0,10713.0,0.14552412956221414,0.09773234531880093,0.20209091757677589,0.15637175251008148,0.2212265471856623,0.17591822157384168,0.10259352306249449,0.23571220921044064,9.888800562515748,0.09754784456306455,10713.0,1.0,0.30649442289805223,0.0643262987012987,3.1688217630744675,0.2750680268629488,154.0,0.10354721788901391,0.2458805392777432,9.848615652560996,0.08711189112282326,10713.0,1.0,0.3076622684699162,0.06587357954545454,3.343915687371293,0.28015562064787713,154.0,0.10259352306249449,0.23571220921044064,9.888800562515748,0.09754784456306455,10713.0,1.0,0.30649442289805223,0.0643262987012987,3.1688217630744675,0.2750680268629488,154.0
socofing:000064:left_middle,000064,left_middle,82,central_missing,0.40,553333334574035112,central_missing:553333334574035112:0.450000,0.4000244140625,0.5999755859375,0.16365513680949922,0.8363448631905008,11622.0,0.1617051423863292,0.1274254471063614,0.1934583164722266,1.0,9720.0,0.1647119341563786,0.1212788567897469,0.23919753086419754,0.19404617086359505,0.26584362139917694,0.21830194222154434,0.10016176988962464,0.2451210349916055,9.992980099472803,0.13058088436497908,9720.0,0.9995272755622864,0.25372638477521414,0.04810573630136986,1.8898001941212503,0.20497373490758117,146.0,0.08147116470905928,0.22465587028327644,10.889960749855177,0.13007636667399766,9720.0,0.999742329120636,0.2842072134250609,0.05161065924657534,2.0514888248653387,0.2186180633659586,146.0,0.09455895726418108,0.23645875865187296,10.242973255587287,0.11525245052508944,9720.0,0.9998825192451477,0.3689922367517326,0.052226027397260275,2.0076504689250183,0.22109296492721292,146.0
socofing:000064:left_middle,000064,left_middle,82,central_missing,0.50,553333334574035112,central_missing:553333334574035112:0.450000,0.5,0.5,0.2951299260024092,0.7048700739975908,11622.0,0.21293897969735553,0.16901499032974243,0.28919311581024887,1.0,8192.0,0.1746826171875,0.15970423477301665,0.2750244140625,0.25552677563682663,0.3089599609375,0.28746762259142994,0.08886562711354358,0.23069263209373503,10.512661900037013,0.12633531019128694,8192.0,0.9767179470509291,0.14323759491380209,0.031613372093023256,0.6582878025908836,0.13433420814862662,129.0,0.07637774924511936,0.22368011934239007,11.170331438787436,0.14269786499463666,8192.0,0.8197319470345974,0.16252290454451948,0.03467175387596899,0.7430963838474035,0.14513308305881203,129.0,0.08211557435038,0.22121704508020912,10.855744651344008,0.17044918245094948,8192.0,0.930324524641037,0.173312030829276,0.0338844476744186,0.7140094569083274,0.14267301166541727,129.0
socofing:000064:left_middle,000064,left_middle,82,central_missing,0.60,553333334574035112,central_missing:553333334574035112:0.450000,0.5999755859375,0.4000244140625,0.4360695233178455,0.5639304766821545,11622.0,0.1833213181252422,0.14467015862464905,0.24396768330906365,2.0,6554.0,0.15486725663716813,0.13749098859393163,0.24549893194995423,0.21998558175029062,0.2776930119011291,0.24748377946907696,0.10046435168346805,0.2456627095530681,9.97988014000627,0.1609839947226763,6554.0,0.9758244752883911,0.1329943504677657,0.03200120192307692,0.6865260361965143,0.13453916497120544,104.0,0.07623280848095731,0.2217950448753601,11.178580801602518,0.20535417882151594,6554.0,0.9094782397150993,0.10356715362436728,0.031062199519230768,0.6578660036456812,0.12952819380353986,104.0,0.09265719300059178,0.23706810490732974,10.331208606493643,0.18277704015162913,6554.0,0.9895768756978214,0.15741530662689177,0.031062199519230768,0.6512907155538095,0.12829620567690062,104.0
socofing:000064:left_middle,000064,left_middle,82,central_missing,0.70,553333334574035112,central_missing:553333334574035112:0.450000,0.70001220703125,0.29998779296875,0.5770951643434865,0.4229048356565135,11622.0,0.2335641717983529,0.18448598682880402,0.24791800239115752,0.0,4915.0,0.20061037639877924,0.17517312884876468,0.3131230925737538,0.28027700615802353,0.35279755849440486,0.31531163192777645,0.10743037975771477,0.24848468803979706,9.688728890698076,0.24732985053833814,4915.0,0.9812304372899234,0.047527919182572105,0.02837171052631579,0.5920685934559292,0.11695982177525031,76.0,0.08780646157825504,0.23512707172503594,10.564735236779013,0.26625145772829295,4915.0,0.9068066473118961,0.05084545181497482,0.03017064144736842,0.6442381510844121,0.12642974531663054,76.0,0.10743037975771477,0.24848468803979706,9.688728890698076,0.24732985053833814,4915.0,0.9812304372899234,0.047527919182572105,0.02837171052631579,0.5920685934559292,0.11695982177525031,76.0
socofing:000064:left_middle,000064,left_middle,82,central_missing,0.80,553333334574035112,central_missing:553333334574035112:0.450000,0.79998779296875,0.20001220703125,0.7180347616589228,0.28196523834107723,11622.0,0.20775614613228513,0.16430819034576416,0.2717875539073926,1.0,3277.0,0.18980775099176075,0.15581710959921385,0.29722306988098873,0.24930737535874223,0.33567287152883735,0.2804707972785849,0.10329394759143169,0.24500870554636042,9.859251247983847,0.25169649758378354,3277.0,0.9531347136944532,0.0596199156240127,0.03180803571428571,0.6361991759300342,0.13116752613070243,49.0,0.08040337785462495,0.22185685711341285,10.947257055698463,0.2764054885865092,3277.0,0.9371626675128937,0.028710812302552496,0.03276466836734694,0.6523671576999318,0.13441074687377266,49.0,0.10315678334405004,0.2419213672727858,9.86502208582466,0.3009565842571441,3277.0,0.9613145589828491,0.06608340858987286,0.03396045918367347,0.7787434076078564,0.14106711573241623,49.0
socofing:000064:left_middle,000064,left_middle,82,peripheral_only,0.10,147751288868932699,peripheral_only:147751288868932699:0.450000,0.0999755859375,0.9000244140625,0.13887454827052143,0.8611254517294786,11622.0,0.24481975458524655,0.19384415447711945,0.3291375219586674,0.0,10008.0,0.22042366107114308,0.18361481593893492,0.3287370103916866,0.29378370550229593,0.37000399680255797,0.3305066686900828,0.08972738794784516,0.22151096666198808,10.470749748027792,0.15316352312442394,10008.0,0.9660711269825697,0.16750177479690848,0.03191380718954248,0.6746660406914772,0.14090300566405736,153.0,0.07358295454274179,0.21434282560000023,11.332227781269594,0.18326624330768942,10008.0,0.9754754286259413,0.13215905356620847,0.03364991830065359,0.6998129056877164,0.14664789216608556,153.0,0.08972738794784516,0.22151096666198808,10.470749748027792,0.15316352312442394,10008.0,0.9660711269825697,0.16750177479690848,0.03191380718954248,0.6746660406914772,0.14090300566405736,153.0
socofing:000064:left_middle,000064,left_middle,82,peripheral_only,0.20,147751288868932699,peripheral_only:147751288868932699:0.450000,0.20001220703125,0.79998779296875,0.25830321803476164,0.7416967819652384,11622.0,0.17707085005091958,0.13990195095539093,0.3192848546580387,0.0,8620.0,0.17192575406032481,0.13280313753818968,0.2662412993039443,0.21248502006110348,0.29825986078886313,0.23904564756874142,0.08190169243622389,0.2136161139750261,10.867071237814779,0.23599986458146427,8620.0,0.9859058856964111,0.13016557487378136,0.028349905303030304,0.6253400058126052,0.12319957351996877,132.0,0.06906919824452594,0.20558251103624245,11.607155852563283,0.25540602158710324,8620.0,0.853933148086071,0.10209221405068758,0.027787642045454544,0.579368921289887,0.12224993748275007,132.0,0.08190169243622389,0.2136161139750261,10.867071237814779,0.23599986458146427,8620.0,0.9859058856964111,0.13016557487378136,0.028349905303030304,0.6253400058126052,0.12319957351996877,132.0
socofing:000064:left_middle,000064,left_middle,82,peripheral_only,0.30,147751288868932699,peripheral_only:147751288868932699:0.450000,0.29998779296875,0.70001220703125,0.36164171399070727,0.6383582860092927,11622.0,0.15989314524017748,0.12636303901672363,0.28314923905315914,2.0,7419.0,0.16511659253268635,0.1199198589301331,0.25542525946893113,0.19187177428821298,0.2885833670305971,0.21585574607423957,0.08366623755252757,0.21833376459147685,10.774497606774368,0.25405514741926294,7419.0,0.9665631949901581,0.08242172666858846,0.026829769736842105,0.5514436785311333,0.11369244263851469,114.0,0.06807317699440163,0.20019997970508252,11.670239802762525,0.24471748937399232,7419.0,0.8811538703739643,0.11043230191918814,0.027549342105263157,0.5534127784661457,0.11686453893596892,114.0,0.08332908235496439,0.21764888073284944,10.792034007300838,0.204092575462863,7419.0,0.9815704822540283,0.11634905997375862,0.028782894736842105,0.5818063272446518,0.12430657005884564,114.0
socofing:000064:left_middle,000064,left_middle,82,peripheral_only,0.40,147751288868932699,peripheral_only:147751288868932699:0.450000,0.4000244140625,0.5999755859375,0.45766649457924624,0.5423335054207538,11622.0,0.17797142303792504,0.14036425948143005,0.3506966281228174,2.0,6303.0,0.17436141519911152,0.1334785672784438,0.27383785498968743,0.21356570764551008,0.3050928129462161,0.24026142110119883,0.09478095518220714,0.22595059574176382,10.232789188876044,0.21586513989948025,6303.0,0.9968692064285278,0.07711002887594313,0.027121803977272728,0.5388568722507692,0.11468116147500362,88.0,0.0652256049760152,0.19599734216311,11.855818840709517,0.2991133258680677,6303.0,0.8851741552352905,0.07517106482701509,0.02605646306818182,0.509218788990602,0.10998411473716407,88.0,0.07250563389986464,0.20049943607262102,11.39628246166114,0.308047065317654,6303.0,0.9268243908882141,0.0949689023089992,0.025523792613636364,0.5092343558692997,0.10625792727284439,88.0
socofing:000064:left_middle,000064,left_middle,82,peripheral_only,0.50,147751288868932699,peripheral_only:147751288868932699:0.450000,0.5,0.5,0.5534331440371709,0.4465668559628291,11622.0,0.20134365598437262,0.15914589166641235,0.3742921511535548,1.0,5190.0,0.19190751445086704,0.15100774198827946,0.30500963391136804,0.24161238718124717,0.3369942196531792,0.271813935578903,0.08667943072863295,0.21676963717256797,10.620839495929356,0.31283442579785736,5190.0,0.9555262317880988,0.11303072057229281,0.028136322463768116,0.6150104872523005,0.11464637546561672,69.0,0.06519270828175507,0.1978518442521751,11.858009768154623,0.3497200170321985,5190.0,0.8612217977643013,0.07560021589417376,0.028249547101449276,0.5828300055653838,0.11507911168225811,69.0,0.08196430414788586,0.2126918844364562,10.863752437970097,0.31764108083569037,5190.0,0.9250634610652924,0.06866451258340277,0.022192028985507248,0.40879219669439076,0.09301459959712423,69.0
socofing:000064:left_middle,000064,left_middle,82,peripheral_only,0.60,147751288868932699,peripheral_only:147751288868932699:0.450000,0.5999755859375,0.4000244140625,0.6483393563930476,0.35166064360695237,11622.0,0.20843068724131278,0.1646081805229187,0.3443502136055746,1.0,4087.0,0.20063616344506974,0.15632301543098456,0.323464643993149,0.25011682468957536,0.36579398091509663,0.2813814277757722,0.09114630454927629,0.22608751189959464,10.402609347587797,0.32963809238046726,4087.0,0.9679361572489142,0.07643705963925594,0.028988486842105265,0.5441754907785169,0.1208973431948525,57.0,0.06736202788589303,0.20070319549846644,11.715848471854152,0.335042121360642,4087.0,0.8835509791970253,0.07479599555951338,0.02597313596491228,0.5198883718978754,0.10656605664832917,57.0,0.09115151748506374,0.22509400056335999,10.402360968400117,0.30455369286182227,4087.0,0.9252232909202576,0.1481028824317105,0.02700109649122807,0.5351519299304827,0.10934399959306758,57.0
socofing:000064:left_middle,000064,left_middle,82,peripheral_only,0.70,147751288868932699,peripheral_only:147751288868932699:0.450000,0.70001220703125,0.29998779296875,0.7385131646876614,0.26148683531233863,11622.0,0.20232871042422929,0.15993383526802063,0.33674011412538907,2.0,3039.0,0.20072392234287595,0.15174653281817196,0.31029944060546233,0.24279445250907516,0.34945705824284307,0.27314375907270955,0.10212525383052767,0.23636391745894345,9.90866851026867,0.3524631580290094,3039.0,0.9926830530166626,0.08823144402288095,0.027434593023255814,0.5444668026225443,0.11080676170123965,43.0,0.07056470368402994,0.20341591937281284,11.51412477820488,0.3636285585472423,3039.0,0.8788814540021122,0.0680454373419316,0.03497456395348837,0.6993354287616174,0.14104460302075836,43.0,0.09025056780775507,0.22084980531846635,10.445500570677439,0.3608415388280596,3039.0,0.9452733397483826,0.07132616720376948,0.030432412790697673,0.5824880718033939,0.12333754578174522,43.0
socofing:000064:left_middle,000064,left_middle,82,peripheral_only,0.80,147751288868932699,peripheral_only:147751288868932699:0.450000,0.79998779296875,0.20001220703125,0.8214593013250732,0.17854069867492683,11622.0,0.2056146337899817,0.16364619135856628,0.29083684171751467,0.0,2075.0,0.2457831325301205,0.1542109753424863,0.35325301204819276,0.24673756054797805,0.39228915662650604,0.2775797556164753,0.0802155580105587,0.20706477346190488,10.957413910319524,0.4288639449272633,2075.0,0.9475956549867988,0.048480109492064875,0.01845366379310345,0.3571273552533368,0.07484786410830992,29.0,0.0640983624849144,0.19198065470242087,11.931530652214267,0.42059033674592106,2075.0,0.872697651386261,0.03232558268633035,0.021551724137931036,0.42369902082687905,0.08789013383813564,29.0,0.0802155580105587,0.20706477346190488,10.957413910319524,0.4288639449272633,2075.0,0.9475956549867988,0.048480109492064875,0.01845366379310345,0.3571273552533368,0.07484786410830992,29.0
socofing:000064:left_middle,000064,left_middle,82,central_only,0.10,2631992573810705498,central_only:2631992573810705498:0.450000,0.0999755859375,0.9000244140625,0.14093959731543623,0.8590604026845637,11622.0,0.25471551918711227,0.2022910714149475,0.22419705382599292,1.0,9984.0,0.22646233974358973,0.1910366393903342,0.3339342948717949,0.3056586230245348,0.375,0.3438659509026016,0.15308538045727507,0.2961936046061825,8.150662821292705,0.0953696874477756,9984.0,0.999997079372406,0.21184230917933491,0.03812607020547945,1.2060512118088142,0.16756888191468247,146.0,0.1115456305755711,0.2581671956201647,9.525474370707258,0.10058749565648983,9984.0,0.9974119663238525,0.2407399728543863,0.03301583904109589,0.9108911994716478,0.14379221750469562,146.0,0.12686425250235286,0.266721649462712,8.966607351003658,0.09487851406271505,9984.0,0.9998690187931061,0.24254739373255432,0.03446061643835616,0.8319981545766705,0.15415890759631884,146.0
socofing:000064:left_middle,000064,left_middle,82,central_only,0.20,2631992573810705498,central_only:2631992573810705498:0.450000,0.20001220703125,0.79998779296875,0.2819652383410773,0.7180347616589227,11622.0,0.2634684483853076,0.2084253579378128,0.35340204074272935,1.0,8345.0,0.2189334931096465,0.1976013362889807,0.3333732774116237,0.31616213806236915,0.3725584182144997,0.3556824053201652,0.13456100764997936,0.2703835711818369,8.710807693524414,0.16123289966130494,8345.0,0.9959322805516422,0.3027529672830411,0.037434895833333336,1.4375133465307306,0.16615402448840583,120.0,0.0936948145412996,0.23992824322194445,10.282844441006585,0.18224260449423302,8345.0,0.9216763377189636,0.16469526182505786,0.030305989583333335,0.737207132485091,0.13392603319684515,120.0,0.1158180685212596,0.2545481758976747,9.362236819993756,0.1413909468780211,8345.0,0.9813536405563354,0.15274179270275734,0.0384765625,1.1701840069963276,0.1704736870950137,120.0
socofing:000064:left_middle,000064,left_middle,82,central_only,0.30,2631992573810705498,central_only:2631992573810705498:0.450000,0.29998779296875,0.70001220703125,0.4229048356565135,0.5770951643434865,11622.0,0.1889195734283499,0.14952774345874786,0.43557000684236746,0.0,6707.0,0.17817205904279113,0.14168968007126242,0.28552258834053973,0.22670348811401989,0.31802594304458026,0.2550414241282723,0.08240243362278085,0.20531166076620722,10.840599619274284,0.2672861475327577,6707.0,0.9791345596313477,0.156464506297897,0.028099798387096774,0.6709335623570302,0.12483659239455852,93.0,0.06588650802376614,0.1922635272212201,11.812035093927726,0.2967634414032488,6707.0,0.9075591042637825,0.1553857749233241,0.031081989247311828,1.0023374280490829,0.1382450211798289,93.0,0.08240243362278085,0.20531166076620722,10.840599619274284,0.2672861475327577,6707.0,0.9791345596313477,0.156464506297897,0.028099798387096774,0.6709335623570302,0.12483659239455852,93.0
socofing:000064:left_middle,000064,left_middle,82,central_only,0.40,2631992573810705498,central_only:2631992573810705498:0.450000,0.4000244140625,0.5999755859375,0.5639304766821546,0.43606952331784543,11622.0,0.18814674993230618,0.14976608753204346,0.44486481530108674,1.0,5068.0,0.19119968429360695,0.14111006244922963,0.28749013417521707,0.2257760999187674,0.31767955801104975,0.25399811240861336,0.09683743173791036,0.218533570130191,10.139567371654989,0.2909576493721722,5068.0,0.9887441098690033,0.1950264638033897,0.020442708333333334,0.5425012476162736,0.08558062190159024,60.0,0.07224479800354973,0.19840103718899624,11.41193418878518,0.33654257015211975,5068.0,0.9533453397452831,0.16390221762090687,0.01484375,0.3179459340094582,0.06378599820280755,60.0,0.08702687536861906,0.20966318891603858,10.603466091988917,0.3009610779578248,5068.0,0.9813044667243958,0.1629683604668239,0.0212890625,0.5799795158631291,0.09456779532819075,60.0
socofing:000064:left_middle,000064,left_middle,82,central_only,0.50,2631992573810705498,central_only:2631992573810705498:0.450000,0.5,0.5,0.7048700739975908,0.29512992600240917,11622.0,0.18137501695413283,0.1445034146308899,0.4629608602263423,1.0,3430.0,0.1892128279883382,0.13603126271559962,0.2813411078717201,0.21765002034495942,0.31574344023323614,0.2448562728880793,0.12139331407687634,0.2442457943272291,9.158052320373619,0.38053602940554626,3430.0,0.9978984296321869,0.20449495919174776,0.01953125,0.40386956267369073,0.08689537879641344,14.0,0.08014469787893527,0.19553091614181312,10.961252039160524,0.45069420428647544,3430.0,0.9773044986650348,0.21308051642780443,0.013671875,0.28316436070562684,0.06268289598467457,14.0,0.08664129464505892,0.19164210688377087,10.622750668512921,0.42759112338756705,3430.0,0.9920052289962769,0.208992945939516,0.018415178571428572,0.34603724575104494,0.08471235409447245,14.0
socofing:000064:left_middle,000064,left_middle,82,central_only,0.60,2631992573810705498,central_only:2631992573810705498:0.450000,0.5999755859375,0.4000244140625,0.8321287213904663,0.16787127860953366,11622.0,0.1754914215848158,0.13933415710926056,0.6268874668597427,2.0,1951.0,0.1476166068682727,0.13161856618861184,0.21527421834956434,0.21058970590177897,0.2511532547411584,0.2369134191395013,0.13163554935878272,0.2565308982849614,8.80626809768708,0.3735065015226441,1951.0,0.9945229887962341,0.22665130238292716,nan,nan,nan,0.0,0.0762637372697874,0.19741140633247706,11.176819161371403,0.46221354946347615,1951.0,0.9396336674690247,0.2602766855366524,nan,nan,nan,0.0,0.08150538844749758,0.1853351632564179,10.88813678429885,0.45465056299552203,1951.0,0.9697138071060181,0.23382579005838333,nan,nan,nan,0.0
socofing:000064:left_middle,000064,left_middle,82,central_only,0.70,2631992573810705498,central_only:2631992573810705498:0.450000,0.70001220703125,0.29998779296875,0.9348649113749785,0.06513508862502149,11622.0,0.11244443503837132,0.09032919257879257,0.649481547267448,2.0,757.0,0.18626155878467635,0.08433332627877849,0.2430647291941876,0.13493332204604558,0.25891677675033026,0.15179998730180125,0.044216887978969915,0.13141051061941086,13.544118266854106,0.4698308647604871,757.0,0.9507479034364223,0.24179063854650457,nan,nan,nan,0.0,0.02848682021049977,0.11161016105136574,15.453560253868675,0.5429856279244276,757.0,0.7999999970197678,0.19573007001139997,nan,nan,nan,0.0,0.03503009432712048,0.1169549094720976,14.555586932363251,0.5370048902132967,757.0,0.8164984881877899,0.12959052395718765,nan,nan,nan,0.0
socofing:000064:left_middle,000064,left_middle,82,central_only,0.80,2631992573810705498,central_only:2631992573810705498:0.450000,0.79998779296875,0.20001220703125,0.9910514541387024,0.008948545861297563,11622.0,0.15764188193357906,0.12414712458848953,0.41468046516590207,0.0,104.0,0.125,0.11823141145018431,0.18269230769230768,0.1891702583202949,0.21153846153846154,0.21281654061033173,0.05100686119271403,0.1670586714753881,12.923714008096436,0.46711710942999696,104.0,0.6923584304749966,0.5305165593183693,nan,nan,nan,0.0,0.060447447071783546,0.19527333345300016,12.186220363424912,0.4503023086495965,104.0,0.6447790563106537,0.46850265777206623,nan,nan,nan,0.0,0.05100686119271403,0.1670586714753881,12.923714008096436,0.46711710942999696,104.0,0.6923584304749966,0.5305165593183693,nan,nan,nan,0.0
socofing:000064:left_middle,000064,left_middle,82,disconnected_fragments,0.10,16762625832627724841,disconnected_fragments:16762625832627724841:0.450000,0.0999755859375,0.9000244140625,0.14025124763379798,0.859748752366202,11622.0,0.2247205157780412,0.1779605746269226,0.292576848781024,1.0,9992.0,0.18905124099279424,0.1685403868335309,0.29213370696557245,0.26966461893364946,0.32916333066453163,0.30337269630035557,0.13737602889498432,0.2785823374430763,8.620890418533243,0.13099188435599288,9992.0,0.9999872446060181,0.10233123268611387,0.031661184210526314,0.6774594724477635,0.1395436249581295,152.0,0.10152563195931355,0.24345835458056284,9.93424298507825,0.17008816862215304,9992.0,0.999987781047821,0.11744850390514058,0.026547080592105265,0.6873181273591423,0.11801432334978305,152.0,0.11912157806519,0.2566397025537348,9.240095618940224,0.15873298416366646,9992.0,0.9999939203262329,0.14332402512513173,0.02680407072368421,0.5603104957132166,0.11664813466678348,152.0
socofing:000064:left_middle,000064,left_middle,82,disconnected_fragments,0.20,16762625832627724841,disconnected_fragments:16762625832627724841:0.450000,0.20001220703125,0.79998779296875,0.2704353811736362,0.7295646188263638,11622.0,0.21085568156853296,0.16728194057941437,0.34100447979534504,2.0,8479.0,0.20615638636631678,0.15814176117639972,0.30746550300743014,0.2530268178822396,0.3434367260290129,0.2846551701175195,0.10741431094642434,0.24065918695709493,9.689378531707527,0.21221119562161778,8479.0,0.999955415725708,0.13922101195870484,0.027879284274193547,0.6635144899096491,0.12116841898560801,124.0,0.07110106266925335,0.20579268806062043,11.48123908300558,0.26193219176516225,8479.0,0.9376999698579311,0.11667953212519967,0.02750126008064516,0.7226829310370236,0.11631156615472238,124.0,0.0892851486582938,0.22184347782771924,10.492207739462128,0.28504475413214375,8479.0,0.9593191146850586,0.09205480460679641,0.0283203125,0.7693884238034383,0.12285256760785562,124.0
socofing:000064:left_middle,000064,left_middle,82,disconnected_fragments,0.30,16762625832627724841,disconnected_fragments:16762625832627724841:0.450000,0.29998779296875,0.70001220703125,0.39055240061951474,0.6094475993804853,11622.0,0.19228958960134646,0.15191754698753357,0.36656997640947697,1.0,7083.0,0.17633771000988283,0.14421719220100984,0.2672596357475646,0.23074750752161574,0.30057885076944796,0.2595909459618177,0.08758918869693,0.22311735147189285,10.575494963322376,0.28097936194869455,7083.0,0.9585745632648468,0.08633504657342732,0.022520727040816327,0.4519522465291648,0.1007064421565485,98.0,0.0686696101933874,0.20471368981727792,11.632354178940043,0.2937691635374595,7083.0,0.8554927101358771,0.09701501659663829,0.025430484693877552,0.569695579142561,0.11161939511580775,98.0,0.08581558795396937,0.2210091298437381,10.664338176581731,0.27947440176431315,7083.0,0.9528291802853346,0.09393353902034943,0.025829081632653062,0.573908272451039,0.11122408617314379,98.0
socofing:000064:left_middle,000064,left_middle,82,disconnected_fragments,0.40,16762625832627724841,disconnected_fragments:16762625832627724841:0.450000,0.4000244140625,0.5999755859375,0.5073997590776115,0.4926002409223885,11622.0,0.18895161958761095,0.14981479942798615,0.35498472627458494,1.0,5725.0,0.17519650655021834,0.14171371469070818,0.2702183406113537,0.22674194350513308,0.30148471615720523,0.2550846864432747,0.09366867613381583,0.2267365321155849,10.284056178273932,0.27738060133050874,5725.0,0.9958850741386414,0.12096556717921118,0.027233714788732395,0.58197334796905,0.12120867371880475,71.0,0.061072593951168985,0.19247129285618597,12.14153633717008,0.31250233800409927,5725.0,0.9094151183962822,0.10965144547988888,0.027453785211267605,0.6341139859483164,0.11950063262801013,71.0,0.07598954271300246,0.20495874176167894,11.192461689628416,0.2924942864194504,5725.0,0.9644867773167789,0.11177498160173421,0.029159330985915492,0.8308135725460292,0.13144595204573528,71.0
socofing:000064:left_middle,000064,left_middle,82,disconnected_fragments,0.50,16762625832627724841,disconnected_fragments:16762625832627724841:0.450000,0.5,0.5,0.6223541559112029,0.3776458440887971,11622.0,0.16850457778958042,0.13302890956401825,0.4091302581851039,2.0,4389.0,0.18774208247892457,0.12637843334218532,0.2768284347231716,0.20220549334749652,0.3137388926862611,0.22748118001593354,0.06908295355822336,0.19240326470033176,11.606291029717248,0.3512238082756354,4389.0,0.9723085165023804,0.1216447279433937,0.028545673076923076,0.7602046302198858,0.1258523313933017,52.0,0.047227084962068684,0.16741825497946236,13.258088599273874,0.37750129444415914,4389.0,0.759749285876751,0.10450576790937298,0.02110877403846154,0.4408004008568374,0.09664375073608028,52.0,0.06505273977355787,0.18554655396139538,11.867344078882345,0.3477284677269814,4389.0,0.9614253044128418,0.11236242417750664,0.02674278846153846,0.5863409476934814,0.12359888711113019,52.0
socofing:000064:left_middle,000064,left_middle,82,disconnected_fragments,0.60,16762625832627724841,disconnected_fragments:16762625832627724841:0.450000,0.5999755859375,0.4000244140625,0.73309241094476,0.26690758905524004,11622.0,0.19678235714368453,0.15587660670280457,0.4811583878026589,0.0,3102.0,0.19439071566731142,0.1475867678577634,0.2981947130883301,0.23613882857242144,0.3288201160541586,0.2656561821439741,0.08308070996158513,0.19926682857032157,10.804998008817464,0.3695051882027706,3102.0,0.9506203532218933,0.11009046882222931,0.034274193548387094,0.7778985682242789,0.16156358317819192,31.0,0.06189545368125394,0.18833837750473503,12.083412494234285,0.3707823719617023,3102.0,0.8593919239938259,0.08918436059883404,0.033392137096774195,0.8825368535096035,0.14769769706510338,31.0,0.08308070996158513,0.19926682857032157,10.804998008817464,0.3695051882027706,3102.0,0.9506203532218933,0.11009046882222931,0.034274193548387094,0.7778985682242789,0.16156358317819192,31.0
socofing:000064:left_middle,000064,left_middle,82,disconnected_fragments,0.70,16762625832627724841,disconnected_fragments:16762625832627724841:0.450000,0.70001220703125,0.29998779296875,0.8346239889864051,0.1653760110135949,11622.0,0.1549975870695951,0.12300516664981842,0.4677589653959363,1.0,1922.0,0.19771071800208118,0.11624819030219632,0.29448491155046824,0.18599710448351411,0.3225806451612903,0.2092467425439534,0.07730974252951696,0.1956708792322795,11.117657730907862,0.3260233465121969,1922.0,0.9377709031105042,0.0929595355637077,0.021484375,0.4141448624704071,0.09770520669313183,6.0,0.044535345909817954,0.15376619964767282,13.512951701330106,0.40985338489439194,1922.0,0.8100234232842922,0.10898743274611486,0.018229166666666668,0.37811568515605914,0.08494705519454841,6.0,0.05284410425935884,0.15927288650789925,12.77003459263969,0.34681613660360205,1922.0,0.8654152080416679,0.17736751933798373,0.024739583333333332,0.46973246964706883,0.11464956139377414,6.0
socofing:000064:left_middle,000064,left_middle,82,disconnected_fragments,0.80,16762625832627724841,disconnected_fragments:16762625832627724841:0.450000,0.79998779296875,0.20001220703125,0.9287558079504388,0.07124419204956123,11622.0,0.10283907698452377,0.08147057145833969,0.6118277747983376,2.0,828.0,0.15338164251207728,0.07712930773839283,0.22342995169082125,0.12340689238142852,0.2524154589371981,0.13883275392910707,0.046383741161337665,0.1377620211929524,13.336342255083174,0.4998558730645924,828.0,0.8701816722750664,0.10666078419468016,nan,nan,nan,0.0,0.025411511701527976,0.11057001435206888,15.949694985032089,0.5643214156920129,828.0,0.6165082454681396,0.09680138941962915,nan,nan,nan,0.0,0.023506259116593986,0.10118884635596549,16.2881648079808,0.5588774505734542,828.0,0.6583655327558517,0.07756996822664043,nan,nan,nan,0.0
socofing:000064:left_middle,000064,left_middle,82,stripes,0.10,7243497421326040320,stripes:7243497421326040320:0.450000,0.0999755859375,0.9000244140625,0.09120633281707108,0.9087936671829289,11622.0,0.20713597132966563,0.16463395953178406,0.19596656537930987,0.0,10562.0,0.2226850975194092,0.15535197849724922,0.3202045067222117,0.24856316559559874,0.3539102442719182,0.2796335612950485,0.11568260698512274,0.24987629668320138,9.367319328218848,0.08879747177539517,10562.0,1.0,0.3650913271904126,0.05755898178807947,2.0641298297245347,0.2452089362914413,151.0,0.10018530483955085,0.24022805509415615,9.991959760249417,0.10318117069521143,10562.0,1.0,0.4099081543720454,0.061025455298013245,2.2786710046932948,0.2599512864193092,151.0,0.11568260698512274,0.24987629668320138,9.367319328218848,0.08879747177539517,10562.0,1.0,0.3650913271904126,0.05755898178807947,2.0641298297245347,0.2452089362914413,151.0
socofing:000064:left_middle,000064,left_middle,82,stripes,0.20,7243497421326040320,stripes:7243497421326040320:0.450000,0.20001220703125,0.79998779296875,0.16787127860953363,0.8321287213904663,11622.0,0.1497569931447927,0.11870431900024414,0.1063785259639521,1.0,9671.0,0.15686071760934753,0.11231774485859454,0.22138351773342985,0.17970839177375128,0.24237410815841173,0.20217194074547012,0.15087885997673164,0.2940201507278442,8.21371606073377,0.0646466919291653,9671.0,1.0,0.4829866303837942,0.07165345149253731,3.831586917136494,0.31132683545259776,134.0,0.13054806226232862,0.27541574872190927,8.842295700687167,0.09460345513745336,9671.0,1.0,0.43956769993772976,0.06620219216417911,3.253821033829082,0.28682840169025914,134.0,0.1375878050301756,0.27545065429589766,8.614200576906752,0.09302320166901216,9671.0,1.0,0.415129440101236,0.06704757462686567,3.2130493558563744,0.2922202164845386,134.0
socofing:000064:left_middle,000064,left_middle,82,stripes,0.30,7243497421326040320,stripes:7243497421326040320:0.450000,0.29998779296875,0.70001220703125,0.24660127344691102,0.753398726553089,11622.0,0.12994049114870193,0.10224735736846924,0.23967909439145985,2.0,8756.0,0.15155322064869803,0.09745536836152645,0.2120831429876656,0.1559285893784423,0.23069894929191412,0.1754196630507476,0.10136242764017486,0.23706050131884998,9.941229966042277,0.08515368364109188,8756.0,1.0,0.230117677597899,0.054266826923076925,2.3424047006516786,0.235771593639497,130.0,0.08819709850874992,0.22938419488557968,10.545457019698386,0.09499816547943829,8756.0,1.0,0.21946894233903944,0.06319110576923077,2.98136095009484,0.27210008023905086,130.0,0.09234060167887444,0.23117125527334412,10.346072999715386,0.10777252812275635,8756.0,1.0,0.30632994941655817,0.06929086538461539,3.326717716499978,0.29909697696778553,130.0
socofing:000064:left_middle,000064,left_middle,82,stripes,0.40,7243497421326040320,stripes:7243497421326040320:0.450000,0.4000244140625,0.5999755859375,0.3457236276028222,0.6542763723971778,11622.0,0.17377422852681726,0.1365199089050293,0.27846722317639727,0.0,7604.0,0.16885849552866913,0.13033067139511295,0.25433982114676484,0.20852907423218073,0.28826933193056287,0.23459520851120327,0.09785542201625003,0.23978249798773807,10.094151057596806,0.10715256195263122,7604.0,0.9999834299087524,0.21966881974575767,0.037318638392857144,1.1703168292043886,0.1636509495307667,112.0,0.08364185570943204,0.2261355816600854,10.775763403279905,0.13889161662775387,7604.0,0.99997878074646,0.1736123624941227,0.041050502232142856,1.4007502476876543,0.17797405867213703,112.0,0.09785542201625003,0.23978249798773807,10.094151057596806,0.10715256195263122,7604.0,0.9999834299087524,0.21966881974575767,0.037318638392857144,1.1703168292043886,0.1636509495307667,112.0
socofing:000064:left_middle,000064,left_middle,82,stripes,0.50,7243497421326040320,stripes:7243497421326040320:0.450000,0.5,0.5,0.4536224401996214,0.5463775598003786,11622.0,0.21108822487470671,0.1667652726173401,0.33171651479913755,2.0,6350.0,0.1806299212598425,0.15831616865603004,0.2732283464566929,0.25330586984964804,0.30598425196850393,0.28496910358085403,0.12529899765270117,0.2691963427530704,9.020524031929371,0.16674429274159244,6350.0,0.9898576140403748,0.14584394170970202,0.025249677835051547,0.7290354157321476,0.11029393063407036,97.0,0.08599565195084238,0.23102549869295827,10.655235066807771,0.20761325988905757,6350.0,0.8970772586762905,0.12145869404645161,0.02887403350515464,0.9725173968960749,0.12898796598199794,97.0,0.09425845767057091,0.23383858589022824,10.25679670778806,0.20248490961733698,6350.0,0.921777842566371,0.11087139591570917,0.027504832474226804,0.6955948319854155,0.12193588041610012,97.0
socofing:000064:left_middle,000064,left_middle,82,stripes,0.60,7243497421326040320,stripes:7243497421326040320:0.450000,0.5999755859375,0.4000244140625,0.5673722250903459,0.4326277749096541,11622.0,0.16178493703574978,0.1271257996559143,0.4025549283228195,0.0,5028.0,0.14001591089896578,0.12133870277681233,0.21439936356404138,0.19414192444289974,0.24164677804295942,0.21840966499826217,0.08941252909363562,0.2221361667237503,10.486016206339011,0.2622685595025693,5028.0,0.9622800350189209,0.043229511713579895,0.023767605633802816,0.5429648667472596,0.10674477901030216,71.0,0.07819371582811786,0.21666815335476697,11.068281483574982,0.24135111796280515,5028.0,0.8907980900257826,0.059337649020230726,0.03003961267605634,0.6634753114923642,0.13422340342417305,71.0,0.08941252909363562,0.2221361667237503,10.486016206339011,0.2622685595025693,5028.0,0.9622800350189209,0.043229511713579895,0.023767605633802816,0.5429648667472596,0.10674477901030216,71.0
socofing:000064:left_middle,000064,left_middle,82,stripes,0.70,7243497421326040320,stripes:7243497421326040320:0.450000,0.70001220703125,0.29998779296875,0.6843916709688522,0.31560832903114777,11622.0,0.19229839419893938,0.15205474197864532,0.37932292220457536,0.0,3668.0,0.16957470010905126,0.14422379564920454,0.25926935659760086,0.23075807303872728,0.2892584514721919,0.25960283216856817,0.0879711103358563,0.2244558507645647,10.556599265049222,0.3339259609235296,3668.0,0.9659374337643385,0.05017270016179854,0.024204799107142856,0.6033038534546508,0.1091721220328612,56.0,0.07445284900482177,0.21325667447700228,11.2811867892726,0.33159554740376734,3668.0,0.8826070353388786,0.053887175738216,0.024135044642857144,0.5024780939648983,0.10731104038911272,56.0,0.0879711103358563,0.2244558507645647,10.556599265049222,0.3339259609235296,3668.0,0.9659374337643385,0.05017270016179854,0.024204799107142856,0.6033038534546508,0.1091721220328612,56.0
socofing:000064:left_middle,000064,left_middle,82,stripes,0.80,7243497421326040320,stripes:7243497421326040320:0.450000,0.79998779296875,0.20001220703125,0.799604198933058,0.200395801066942,11622.0,0.17525790572695352,0.13802455365657806,0.46858241973114373,1.0,2329.0,0.2000858737655646,0.13144342929521513,0.3061399742378703,0.21030948687234424,0.34693001288106484,0.23659817273138722,0.08714199553506671,0.20795091492763312,10.597724990256403,0.45531171684124666,2329.0,0.9756984701380134,0.03156572124593069,0.014441287878787878,0.2625782741784393,0.0634147813777662,33.0,0.06373774076049125,0.1826259305323972,11.956033345340941,0.5134705365077369,2329.0,0.8894300423562527,0.02790319302157725,0.01396780303030303,0.27921782373200466,0.061201478755691124,33.0,0.08111334214254197,0.1979005099936021,10.909077038369148,0.49221356561658247,2329.0,0.945275304839015,0.03820661249208322,0.016927083333333332,0.3297688876005099,0.0739288537003717,33.0
socofing:000064:left_middle,000064,left_middle,82,severe_partial,0.10,17137556651561210995,severe_partial:17137556651561210995:0.200000,0.0999755859375,0.9000244140625,0.14093959731543623,0.8590604026845637,11622.0,0.2791536220978213,0.22150561213493347,0.23687424232974413,2.0,9984.0,0.20853365384615385,0.209365216573366,0.31810897435897434,0.33498434651738557,0.35917467948717946,0.3768573898320588,0.1389126413493035,0.2809818612993881,8.572582307315368,0.1182902057425681,9984.0,0.9981531500816345,0.1606912708089594,0.02677801724137931,0.6214998074677309,0.11586703828975728,145.0,0.10339233240978889,0.2578509152862446,9.85511667388996,0.13769976326696096,9984.0,0.9525016541592777,0.1513497528907341,0.028232758620689656,0.630949619048046,0.12358258384202464,145.0,0.1191841370943536,0.26182713317309836,9.237815435121309,0.12166600688958489,9984.0,0.99998939037323,0.14556513880186894,0.0265625,0.5603806881722047,0.11686230966331665,145.0
socofing:000064:left_middle,000064,left_middle,82,severe_partial,0.20,17137556651561210995,severe_partial:17137556651561210995:0.200000,0.20001220703125,0.79998779296875,0.2819652383410773,0.7180347616589227,11622.0,0.28866190814629084,0.2293088287115097,0.41255310616472674,0.0,8345.0,0.2328340323547034,0.2164964311097181,0.3500299580587178,0.346394289775549,0.3958058717795087,0.3896935759974926,0.0868250283279724,0.21449871386639627,10.613550663220652,0.2225926855014865,8345.0,0.9750163555145264,0.20215777073637137,0.027585730088495575,0.6310843646687899,0.11933108298685094,113.0,0.07704552159754847,0.22111456524865303,11.132526003199679,0.25650738955631713,8345.0,0.9467760319821537,0.15621488027589983,0.028484513274336282,0.8017570597280219,0.1250214268713756,113.0,0.0868250283279724,0.21449871386639627,10.613550663220652,0.2225926855014865,8345.0,0.9750163555145264,0.20215777073637137,0.027585730088495575,0.6310843646687899,0.11933108298685094,113.0
socofing:000064:left_middle,000064,left_middle,82,severe_partial,0.30,17137556651561210995,severe_partial:17137556651561210995:0.200000,0.29998779296875,0.70001220703125,0.4111168473584581,0.5888831526415419,11622.0,0.2306896297381957,0.1824459582567215,0.3578983295153942,2.0,6844.0,0.18863237872589128,0.17301722230364674,0.2917884278199883,0.2768275556858348,0.32583284628872006,0.3114310001465641,0.12289939951031521,0.260734801528682,9.104502390825749,0.178109600854248,6844.0,0.9988928735256195,0.2958784268217024,0.02904992816091954,0.7064908856225381,0.12433475211288086,87.0,0.08690345383459776,0.23112318032553986,10.60962962889657,0.21357551838964034,6844.0,0.9456404745578766,0.2281085552042961,0.031609195402298854,0.763413060545029,0.13744061610794558,87.0,0.10268245458063255,0.23885944575455892,9.885037582506651,0.2115836319124565,6844.0,0.9871921539306641,0.24007498373407338,0.033135775862068964,0.7750391861732095,0.14436365999323517,87.0
socofing:000097:left_ring,000097,left_ring,163,random_rectangles,0.10,6907024801028473372,random_rectangles:6907024801028473372:0.450000,0.0999755859375,0.9000244140625,0.06556340255085907,0.9344365974491409,9487.0,0.18828386700361785,0.1484847217798233,0.19774130834630768,1.0,8865.0,0.15815002820078963,0.14121290025271335,0.25166384658770447,0.2259406404043414,0.2823463056965595,0.25418322045488406,0.08926767935765824,0.24066585825852843,10.493057551921245,0.0670624756626055,8865.0,0.9883260121569037,0.33906668865957323,0.06601860687022901,1.3876089014243558,0.23089327298582837,131.0,0.06966945447196861,0.21849573278501294,11.56957590078913,0.08363746354099612,8865.0,0.8762599155306816,0.2516511238680769,0.07368201335877862,1.7016599348063515,0.25763162210246754,131.0,0.07790770220118731,0.22168547591915194,11.084196044825198,0.08801454440957798,8865.0,0.9716998930089176,0.3082907830690379,0.07168416030534351,1.8774768957850985,0.25252936758019007,131.0
socofing:000097:left_ring,000097,left_ring,163,random_rectangles,0.20,6907024801028473372,random_rectangles:6907024801028473372:0.450000,0.20001220703125,0.79998779296875,0.11731843575418995,0.88268156424581,9487.0,0.17019047822820163,0.13412009179592133,0.2893342620002829,0.0,8374.0,0.11774540243611177,0.12764285867115122,0.1861714831621686,0.20422857387384197,0.21053260090757106,0.22975714560807223,0.0799796692720369,0.22415486867148104,10.970203960717939,0.09048609033678873,8374.0,0.9390323162078857,0.3366511566778634,0.06461063508064516,1.4621177720474345,0.22799246028061132,124.0,0.07523038647906244,0.22802908005452455,11.23606707085597,0.1025102647830439,8374.0,0.870452519506216,0.2939995274215319,0.0741242439516129,1.7536706483310394,0.2646546026768634,124.0,0.0799796692720369,0.22415486867148104,10.970203960717939,0.09048609033678873,8374.0,0.9390323162078857,0.3366511566778634,0.06461063508064516,1.4621177720474345,0.22799246028061132,124.0
socofing:000097:left_ring,000097,left_ring,163,random_rectangles,0.30,6907024801028473372,random_rectangles:6907024801028473372:0.450000,0.29998779296875,0.70001220703125,0.18593865289343312,0.8140613471065669,9487.0,0.16037909332124986,0.12662935256958008,0.24964605272902343,0.0,7723.0,0.1521429496309724,0.12028431999093739,0.2430402693253917,0.19245491198549983,0.2735983426129742,0.21651177598368732,0.07289137338514622,0.21315363006407997,11.373238669209327,0.1302690452601376,7723.0,0.9137046933174133,0.17313058270921622,0.07314116379310345,1.709579598351937,0.2545522637806733,116.0,0.06332706008514823,0.19950489228161777,11.984106733248673,0.13853721391791946,7723.0,0.8787300959229469,0.166199674354789,0.06906654094827586,1.8943206273520845,0.24396633819284183,116.0,0.07289137338514622,0.21315363006407997,11.373238669209327,0.1302690452601376,7723.0,0.9137046933174133,0.17313058270921622,0.07314116379310345,1.709579598351937,0.2545522637806733,116.0
socofing:000097:left_ring,000097,left_ring,163,random_rectangles,0.40,6907024801028473372,random_rectangles:6907024801028473372:0.450000,0.4000244140625,0.5999755859375,0.2641509433962264,0.7358490566037736,9487.0,0.14757250005408937,0.11636559665203094,0.31021382339781806,0.0,6981.0,0.13107004727116459,0.11067937504056702,0.20226328606216876,0.17708700006490724,0.22618536026357255,0.19922287507302064,0.07479783252822586,0.20839859236110747,11.261109868236368,0.15283828463378762,6981.0,0.904667254537344,0.14444162163297192,0.06720940420560748,1.5652391927789897,0.23630767912079678,107.0,0.06419938185326252,0.20269338258312258,11.924691535356564,0.16397991361349282,6981.0,0.8485903963446617,0.09482336211774571,0.06655227803738317,1.3255098862220902,0.23373523373490374,107.0,0.07479783252822586,0.20839859236110747,11.261109868236368,0.15283828463378762,6981.0,0.904667254537344,0.14444162163297192,0.06720940420560748,1.5652391927789897,0.23630767912079678,107.0
socofing:000097:left_ring,000097,left_ring,163,random_rectangles,0.50,6907024801028473372,random_rectangles:6907024801028473372:0.450000,0.5,0.5,0.34246864129861915,0.6575313587013809,9487.0,0.15585363181633383,0.12280681729316711,0.31889060755493603,1.0,6238.0,0.165918563642193,0.11689022386225037,0.24975953831356204,0.1870243581796006,0.28053863417762104,0.21040240295205065,0.08090002576733554,0.2151215992747463,10.92051340061277,0.15520860005483095,6238.0,0.976348577067256,0.12391949530458593,0.057554853723404256,1.477056129926537,0.19930171969540042,94.0,0.05945629620701504,0.19062489126680546,12.25802148393036,0.169709102673084,6238.0,0.8500377982854843,0.0873717420208837,0.06540890957446809,1.6549193800597368,0.2260281694011267,94.0,0.06660200288396877,0.19800982629674577,11.765127103435686,0.1553552086548295,6238.0,0.9461080133914948,0.08684408092590244,0.06453623670212766,1.7797368551049406,0.22638842267752124,94.0
socofing:000097:left_ring,000097,left_ring,163,random_rectangles,0.60,6907024801028473372,random_rectangles:6907024801028473372:0.450000,0.5999755859375,0.4000244140625,0.44481922630968695,0.555180773690313,9487.0,0.14877146833660135,0.11749690771102905,0.30543974642424887,2.0,5267.0,0.16536928042528953,0.111578601252451,0.2502373267514714,0.17852576200392162,0.28365293335864816,0.20084148225441184,0.07335922734770738,0.20743584484006916,11.345452514982622,0.19278990249537048,5267.0,0.9621787369251251,0.09103974418074376,0.05419303797468354,1.0097388968714003,0.18665731365938718,79.0,0.05846449332224975,0.18736770658046348,12.331078097437619,0.2007302554130728,5267.0,0.9485474042594433,0.10535133339683898,0.06240110759493671,1.5098281117854022,0.2142846822731182,79.0,0.07281528504060121,0.20206049565195427,11.377774460714505,0.18041382673021084,5267.0,0.9578113853931427,0.19538014639582468,0.05898931962025317,1.577264655957526,0.20390285778220452,79.0
socofing:000097:left_ring,000097,left_ring,163,random_rectangles,0.70,6907024801028473372,random_rectangles:6907024801028473372:0.450000,0.70001220703125,0.29998779296875,0.5665647728470539,0.43343522715294613,9487.0,0.15973996143454708,0.12622135877609253,0.2882384271202868,0.0,4112.0,0.1870136186770428,0.1198049710759103,0.2838035019455253,0.19168795372145647,0.3132295719844358,0.21564894793663855,0.06933213032624772,0.19742249485124755,11.590654552935112,0.22265280309791277,4112.0,0.9822376370429993,0.07577885091216113,0.052766393442622954,1.0025844378926687,0.17828256486195448,61.0,0.05589187197238527,0.1818744579497632,12.526513444248453,0.23034470274845495,4112.0,0.9748885734006763,0.05400801585001928,0.060386782786885244,1.6782763863398231,0.2067974047125632,61.0,0.06933213032624772,0.19742249485124755,11.590654552935112,0.22265280309791277,4112.0,0.9822376370429993,0.07577885091216113,0.052766393442622954,1.0025844378926687,0.17828256486195448,61.0
socofing:000097:left_ring,000097,left_ring,163,random_rectangles,0.80,6907024801028473372,random_rectangles:6907024801028473372:0.450000,0.79998779296875,0.20001220703125,0.6970591335511753,0.3029408664488247,9487.0,0.19268578300617653,0.15283434092998505,0.37944035063707154,2.0,2874.0,0.22129436325678498,0.14451433725463242,0.3430758524704245,0.2312229396074119,0.3754349338900487,0.2601258070583383,0.0930719100930165,0.22515391662169867,10.311813730717267,0.2941405675448632,2874.0,0.9829087248072028,0.07408251671841166,0.0546875,1.053029546175997,0.21226219292421517,40.0,0.056183036594808944,0.18246299546926814,12.503947916433429,0.2982927899514038,2874.0,0.869436003267765,0.05481921586969005,0.04404296875,0.7019412286578739,0.1512230084874773,40.0,0.07317634232165697,0.1998917259141108,11.356293022724868,0.26200759983211214,2874.0,0.9270200729370117,0.0790771369708029,0.06162109375,1.1003988713392174,0.20969988420981972,40.0
socofing:000097:left_ring,000097,left_ring,163,irregular,0.10,2332178928185554593,irregular:2332178928185554593:0.450000,0.0999755859375,0.9000244140625,0.047117107620954994,0.952882892379045,9487.0,0.2131517393421107,0.16863389313220978,0.2140863437908373,2.0,9040.0,0.1801991150442478,0.15986380450658302,0.2776548672566372,0.25578208721053286,0.309070796460177,0.2877548481118495,0.11188148234388161,0.26421810181876354,9.512417881934018,0.12265413358923696,9040.0,0.965805172920227,0.1926943178402489,0.06684351679104478,1.591013707126581,0.23608407541201817,134.0,0.06880191495977202,0.21534337417559443,11.623994739027413,0.14591584032017432,9040.0,0.8757957201451063,0.18185501744911992,0.06401585820895522,1.5587122442599948,0.23359314863399136,134.0,0.08176983265623619,0.2236779267232622,10.874068910402091,0.13023246371314537,9040.0,0.9738723337650299,0.1805650082344959,0.05649486940298507,1.0728076138921845,0.20686176418655858,134.0
socofing:000097:left_ring,000097,left_ring,163,irregular,0.20,2332178928185554593,irregular:2332178928185554593:0.450000,0.20001220703125,0.79998779296875,0.12912406450932856,0.8708759354906714,9487.0,0.1519044987021083,0.11960504949092865,0.2419140102813234,2.0,8262.0,0.11498426531106269,0.11392837402658121,0.18191721132897604,0.18228539844252994,0.2056402808036795,0.20507107324784615,0.08957580049868255,0.23767875222486082,10.478093020498543,0.15439298231008033,8262.0,0.983013927936554,0.1933494957801297,0.06056178435114504,1.2995593252506927,0.21889387866190818,131.0,0.07037700813569296,0.2201571003847835,11.525691998165094,0.16187500175960687,8262.0,0.802336797118187,0.138901062684083,0.05424021946564885,1.121151992232768,0.19299016509697856,131.0,0.07351849339661044,0.2195963874444387,11.336034014620267,0.14486269592653772,8262.0,0.8891500225290656,0.196604137557022,0.05835520038167939,1.3305331265484843,0.20845782809197316,131.0
socofing:000097:left_ring,000097,left_ring,163,irregular,0.30,2332178928185554593,irregular:2332178928185554593:0.450000,0.29998779296875,0.70001220703125,0.22778539053441552,0.7722146094655845,9487.0,0.17463982764816943,0.1379486620426178,0.24731107445220446,1.0,7326.0,0.1429156429156429,0.13097987073612707,0.2280917280917281,0.20956779317780336,0.2577122577122577,0.23576376732502874,0.10247527768214222,0.24983852008977256,9.893808961814173,0.11075474806520602,7326.0,0.9577538333833218,0.12494753472892292,0.04773949795081967,0.8968045464389107,0.17521865036172982,122.0,0.07123097379091395,0.21705313161426254,11.473311184221071,0.17469681416773036,7326.0,0.800303503870964,0.10296962795662405,0.05516777663934426,1.2430356265722688,0.20382377024847118,122.0,0.0772063616036175,0.218647507828178,11.123469134528667,0.17652366347365864,7326.0,0.9242081642150879,0.09771319175508585,0.047099129098360656,1.0786869119079534,0.16775197351865623,122.0
socofing:000097:left_ring,000097,left_ring,163,irregular,0.40,2332178928185554593,irregular:2332178928185554593:0.450000,0.4000244140625,0.5999755859375,0.33087382734267945,0.6691261726573206,9487.0,0.15145814992492124,0.11953956633806229,0.33260670557828154,1.0,6348.0,0.13720856962822936,0.11359361244369094,0.22022684310018903,0.18174977990990548,0.24826717076244487,0.2044685023986437,0.08569308786106708,0.22486921789555353,10.670542075384423,0.23832697623468002,6348.0,0.9769829493016005,0.09847134635266343,0.031761098130841124,0.524355969594614,0.1309444606017222,107.0,0.05834850164647938,0.19109951144582565,12.339702918897508,0.2780222769786047,6348.0,0.8747940883040428,0.06614157596187291,0.031615070093457945,0.5194571825639748,0.1137539277653335,107.0,0.06109730098412116,0.18682827891942722,12.139779745953023,0.2766874680459832,6348.0,0.9243859350681305,0.08496886233964777,0.037857768691588786,0.913825423126851,0.14790690511503074,107.0
socofing:000097:left_ring,000097,left_ring,163,irregular,0.50,2332178928185554593,irregular:2332178928185554593:0.450000,0.5,0.5,0.43870559713291873,0.5612944028670812,9487.0,0.1483829520341936,0.1172747015953064,0.3716057060906779,0.0,5325.0,0.1707042253521127,0.11128721402564519,0.26009389671361505,0.1780595424410323,0.28863849765258215,0.20031698524616134,0.05777529637129291,0.17685828915399285,12.38257818032549,0.33453007572394466,5325.0,0.9367787539958954,0.058251637607685314,0.029461596385542167,0.5024332316838938,0.10775923778837924,83.0,0.04769830819947878,0.1657634792928125,13.214970245796104,0.36727376262781114,5325.0,0.8402550518512726,0.07384255371705237,0.0260730421686747,0.4561686189132809,0.10243309227999398,83.0,0.05777529637129291,0.17685828915399285,12.38257818032549,0.33453007572394466,5325.0,0.9367787539958954,0.058251637607685314,0.029461596385542167,0.5024332316838938,0.10775923778837924,83.0
socofing:000097:left_ring,000097,left_ring,163,irregular,0.60,2332178928185554593,irregular:2332178928185554593:0.450000,0.5999755859375,0.4000244140625,0.5483292927163487,0.45167070728365133,9487.0,0.1360050247551077,0.10714512318372726,0.44634679487892426,1.0,4285.0,0.16266044340723454,0.10200376856633078,0.2471411901983664,0.16320602970612927,0.276779463243874,0.1836067834193954,0.06030332695833156,0.1766797004714217,12.19658727001028,0.3833470925051326,4285.0,0.9368008971214294,0.04956755887404968,0.02619108606557377,0.534554242561699,0.0970340971408789,61.0,0.046078426883190644,0.15980649633575428,13.36502356138918,0.4591077326862662,4285.0,0.8515033349394798,0.05388710809820656,0.02228483606557377,0.43349120020662213,0.08337511949808872,61.0,0.0544646981912651,0.1657384901335778,12.638848986087021,0.46846940110426233,4285.0,0.8985718488693237,0.05723882203658412,0.019851434426229508,0.3840845967054557,0.08843839522044752,61.0
socofing:000097:left_ring,000097,left_ring,163,irregular,0.70,2332178928185554593,irregular:2332178928185554593:0.450000,0.70001220703125,0.29998779296875,0.6595340992937704,0.3404659007062296,9487.0,0.12780200302047257,0.10113274306058884,0.4389879260172386,1.0,3230.0,0.16780185758513932,0.09585150226535442,0.2529411764705882,0.15336240362456707,0.2801857585139319,0.17253270407763793,0.05892393649630688,0.17268776207752873,12.297082472076013,0.4326452649406566,3230.0,0.8751504980027676,0.059793380195350354,0.03011592741935484,0.6131796317622298,0.140759483260416,31.0,0.04210311164089146,0.15077306350474873,13.756858063369924,0.4901544050842813,3230.0,0.7729273736476898,0.040490910988617505,0.01688508064516129,0.5839066028730774,0.0731995518744653,31.0,0.04570103383285072,0.15075750248766168,13.40073975360701,0.48691198815587583,3230.0,0.97552889585495,0.058137151147062235,0.01675907258064516,0.37121406259170076,0.08129010212957431,31.0
socofing:000097:left_ring,000097,left_ring,163,irregular,0.80,2332178928185554593,irregular:2332178928185554593:0.450000,0.79998779296875,0.20001220703125,0.7701064614735954,0.2298935385264046,9487.0,0.1168725312931283,0.09266986697912216,0.412475541966319,1.0,2181.0,0.16276937184777626,0.08765439846984623,0.24484181568088034,0.14024703755175397,0.27693718477762497,0.15777791724572318,0.04796205842452886,0.15446474070582625,13.191021862230931,0.5217001762941129,2181.0,0.9166448079049587,0.08445667158290757,0.02890625,0.40384571584571577,0.09913560313560313,5.0,0.038237559478421404,0.14107510486958444,14.175098344628356,0.5462548985891271,2181.0,0.9220504574477673,0.05190268885550475,0.0328125,0.474234481364634,0.11240548340548343,5.0,0.041899062298369004,0.1435018709076313,13.777956964418427,0.5453152639027876,2181.0,0.9752289056777954,0.06588187662495018,0.059375,0.9102219836073825,0.20167087867087868,5.0
socofing:000097:left_ring,000097,left_ring,163,central_missing,0.10,652877116885579415,central_missing:652877116885579415:0.450000,0.0999755859375,0.9000244140625,0.0140191841467271,0.9859808158532729,9487.0,0.1463241339745147,0.1154901459813118,0.24155600169059735,2.0,9354.0,0.11535172118879623,0.10974310048088601,0.1777849048535386,0.17558896076941763,0.1985246953175112,0.19753758086559478,0.0951151353687428,0.2493107591309442,10.217503696649828,0.09040875637214164,9354.0,0.9904934158548713,0.2191670147272349,0.07283174818840579,1.7449118265616026,0.27019022804835696,138.0,0.07998385955691989,0.23474337332873027,10.96997643165353,0.09739557098384417,9354.0,0.881798442453146,0.23138646702937618,0.07634171195652174,1.669840810720818,0.27653703372480526,138.0,0.08286839383811523,0.23142451701993638,10.816110786053589,0.0955641819437602,9354.0,0.896185215562582,0.21459128842893407,0.07300158514492754,1.757873777990237,0.2663517025252521,138.0
socofing:000097:left_ring,000097,left_ring,163,central_missing,0.20,652877116885579415,central_missing:652877116885579415:0.450000,0.20001220703125,0.79998779296875,0.039422367450195006,0.960577632549805,9487.0,0.17066397778208856,0.13452208042144775,0.2610198774506074,0.0,9113.0,0.11971908262921102,0.1279979833365664,0.1870953582793811,0.20479677333850624,0.2088225611763415,0.23039637000581953,0.08088803976158222,0.2306846603845204,10.921156891361143,0.07465224834917483,9113.0,0.9389985194429755,0.2133759861263278,0.05651231751824817,1.1133944439497123,0.2015608961329103,137.0,0.08251398320384806,0.24152804276083573,10.834724476479344,0.10103556798809106,9113.0,0.7963108997792006,0.196128635448531,0.07399064781021898,1.8160455600963696,0.263146404100505,137.0,0.08088803976158222,0.2306846603845204,10.921156891361143,0.07465224834917483,9113.0,0.9389985194429755,0.2133759861263278,0.05651231751824817,1.1133944439497123,0.2015608961329103,137.0
socofing:000097:left_ring,000097,left_ring,163,central_missing,0.30,652877116885579415,central_missing:652877116885579415:0.450000,0.29998779296875,0.70001220703125,0.07357436492041741,0.9264256350795825,9487.0,0.18348123879455647,0.1447480022907257,0.3334674019404351,2.0,8789.0,0.13994766185003982,0.13761092909591735,0.21390374331550802,0.22017748655346775,0.2397314825349869,0.2476996723726512,0.11497722102502832,0.26600838559257417,9.393881923684281,0.09177520233776137,8789.0,0.9983313083648682,0.25136673868104364,0.06477378731343283,1.2160674213366862,0.23246300154803332,134.0,0.08677829927815874,0.24131399261595532,10.615888656305073,0.09971600507202642,8789.0,0.9004843216389418,0.13294461747685885,0.07369402985074627,1.6185905822043634,0.2602936232403388,134.0,0.08947626134078976,0.23529540655718256,10.482921706749387,0.0956051947194242,8789.0,0.9511508923023939,0.14036906135198668,0.07244053171641791,1.4911865787437122,0.2655556947986618,134.0
socofing:000097:left_ring,000097,left_ring,163,central_missing,0.40,652877116885579415,central_missing:652877116885579415:0.450000,0.4000244140625,0.5999755859375,0.13523769368609675,0.8647623063139033,9487.0,0.17904072681733427,0.14115937054157257,0.3101107896453392,0.0,8204.0,0.17357386640663092,0.13428054511300067,0.250121891760117,0.2148488721808011,0.27705997074597755,0.2417049812034012,0.08169057869735276,0.22082474685178935,10.878280273804906,0.08688076662812445,8204.0,0.9574978910386562,0.08585732269421611,0.076446533203125,1.8746085554190224,0.2711672682630982,128.0,0.07513824649962686,0.22091271447887129,11.241389442795809,0.10730528377389507,8204.0,0.9374850355088711,0.104174470883702,0.081695556640625,2.342506727725824,0.28910373677892776,128.0,0.08169057869735276,0.22082474685178935,10.878280273804906,0.08688076662812445,8204.0,0.9574978910386562,0.08585732269421611,0.076446533203125,1.8746085554190224,0.2711672682630982,128.0
socofing:000097:left_ring,000097,left_ring,163,central_missing,0.50,652877116885579415,central_missing:652877116885579415:0.450000,0.5,0.5,0.22620427954042374,0.7737957204595762,9487.0,0.12630791876419242,0.10052795708179474,0.2509696419904517,1.0,7341.0,0.1438496117695137,0.09473093907314431,0.2125051082958725,0.15156950251703089,0.23361939790219316,0.17051569033165972,0.05611624790668283,0.18330718925034487,12.50911374847865,0.12039165085908468,7341.0,0.9612627625465393,0.08075563363796916,0.08276575854700854,1.9489918897450176,0.2913810254730106,117.0,0.05177250707159593,0.1812469252685903,12.859008038997974,0.1410936910240287,7341.0,0.9112950563430786,0.09009827319692232,0.0811298076923077,2.1438034090003364,0.28715254010004365,117.0,0.051039548641137605,0.17501562323969047,12.920931748732977,0.13984037820910286,7341.0,0.971998929977417,0.11780866580081505,0.07739049145299146,2.042315816189116,0.2691896686562563,117.0
socofing:000097:left_ring,000097,left_ring,163,central_missing,0.60,652877116885579415,central_missing:652877116885579415:0.450000,0.5999755859375,0.4000244140625,0.3426794560978181,0.6573205439021819,9487.0,0.16300519074872696,0.12848307192325592,0.27498120080518984,0.0,6236.0,0.16212315586914688,0.1222538930615452,0.2517639512508018,0.19560622889847232,0.28255291853752407,0.22005700751078136,0.0628737123213693,0.18961560074590933,12.015308963686266,0.10063835601435245,6236.0,0.9619369208812714,0.11270262110490022,0.06849747474747475,1.470741393384307,0.23544518457925265,99.0,0.05504316074701931,0.18884122355316446,12.592966355360582,0.14383120919631628,6236.0,0.909680999815464,0.10883693832851717,0.07883522727272728,1.6236757501259929,0.2705815434217021,99.0,0.0628737123213693,0.18961560074590933,12.015308963686266,0.10063835601435245,6236.0,0.9619369208812714,0.11270262110490022,0.06849747474747475,1.470741393384307,0.23544518457925265,99.0
socofing:000097:left_ring,000097,left_ring,163,central_missing,0.70,652877116885579415,central_missing:652877116885579415:0.450000,0.70001220703125,0.29998779296875,0.48434700115948137,0.5156529988405186,9487.0,0.19403190302423182,0.15287752449512482,0.2509314068753006,0.0,4892.0,0.18254292722812757,0.1455239272681739,0.2728945216680294,0.23283828362907824,0.3088716271463614,0.261943069082713,0.0783404965999009,0.22195194837572899,11.060136797895176,0.1049665567699044,4892.0,0.97557860519737,0.06705136283581521,0.06501850328947369,1.3898389143991303,0.22332922200867417,76.0,0.06773743844541515,0.21075597982351058,11.691712306328641,0.12412769213878122,4892.0,0.8333232626318932,0.0698470483585988,0.06661184210526316,1.2502298697277263,0.22590471168880008,76.0,0.0783404965999009,0.22195194837572899,11.060136797895176,0.1049665567699044,4892.0,0.97557860519737,0.06705136283581521,0.06501850328947369,1.3898389143991303,0.22332922200867417,76.0
socofing:000097:left_ring,000097,left_ring,163,central_missing,0.80,652877116885579415,central_missing:652877116885579415:0.450000,0.79998779296875,0.20001220703125,0.6545799515125962,0.3454200484874038,9487.0,0.25424327819784637,0.20094196498394012,0.2547351257376182,0.0,3277.0,0.2322245956667684,0.1906824586483848,0.3729020445529448,0.30509193383741573,0.42264266097039976,0.3432284255670926,0.07703576466829644,0.20657588279972902,11.133076022042697,0.19447194487486574,3277.0,0.9171957075595856,0.12180476397377313,0.06004901960784314,0.9736545633757032,0.2007841402683971,51.0,0.07005276681154461,0.2119115963961894,11.545747070983136,0.1806056759258475,3277.0,0.8594419546425343,0.08189001204893925,0.05361519607843137,0.846762784198097,0.1790165802541474,51.0,0.07703576466829644,0.20657588279972902,11.133076022042697,0.19447194487486574,3277.0,0.9171957075595856,0.12180476397377313,0.06004901960784314,0.9736545633757032,0.2007841402683971,51.0
socofing:000097:left_ring,000097,left_ring,163,peripheral_only,0.10,10810281913489364854,peripheral_only:10810281913489364854:0.450000,0.0999755859375,0.9000244140625,0.10878043638663434,0.8912195636133656,9487.0,0.16122022005267664,0.12735623121261597,0.25639124716479783,2.0,8455.0,0.14902424600827913,0.12091516503950747,0.23039621525724424,0.19346426406321196,0.25617977528089886,0.21764729707111344,0.07787732216544248,0.22016428202475485,11.085889902383704,0.0947707985158973,8455.0,0.9482861156575382,0.22362268733648993,0.06631610576923076,1.6343595830958952,0.2323158271438414,130.0,0.059349189726378856,0.19691957906466848,12.265852059387859,0.13204831976390277,8455.0,0.8600393608212471,0.23187066601178788,0.07788461538461539,2.0075642606282913,0.27355042046395156,130.0,0.07490640356223034,0.20944055451690438,11.254810539578628,0.13314029739845173,8455.0,0.9897167682647705,0.23963954024181588,0.06715745192307693,1.4158644215297609,0.24079129015474168,130.0
socofing:000097:left_ring,000097,left_ring,163,peripheral_only,0.20,10810281913489364854,peripheral_only:10810281913489364854:0.450000,0.20001220703125,0.79998779296875,0.22335827975123854,0.7766417202487614,9487.0,0.17535818328287478,0.13869260251522064,0.25764094744320676,2.0,7368.0,0.16951682953311617,0.13151863746215608,0.26058631921824105,0.21042981993944973,0.28678067318132466,0.23673354743188094,0.10185744851429437,0.25182551207085596,9.920072069153989,0.15481904687190665,7368.0,0.9716192465275526,0.2101435242658837,0.056482263513513514,1.0069674440394458,0.19568938119301463,111.0,0.05952961167965946,0.1981272681122777,12.252669504052625,0.17316549641858855,7368.0,0.8126503378152847,0.1336979993862204,0.0655616554054054,1.3289939609904073,0.22827798374967387,111.0,0.06439091123531887,0.1974278006848781,11.911754288965312,0.16250715923034606,7368.0,0.8588491603732109,0.19226238807816248,0.06366131756756757,1.3686642809411975,0.21958500878949122,111.0
socofing:000097:left_ring,000097,left_ring,163,peripheral_only,0.30,10810281913489364854,peripheral_only:10810281913489364854:0.450000,0.29998779296875,0.70001220703125,0.33477390112785915,0.6652260988721408,9487.0,0.14990622333457002,0.11827848106622696,0.3071744939575159,0.0,6311.0,0.162414831247029,0.11242966750092749,0.2540009507209634,0.17988746800148397,0.2815718586594834,0.2023734015016695,0.06414547073281539,0.1899928779761416,11.92834003438534,0.22043545480341098,6311.0,0.9275453090667725,0.20071287137594895,0.05542763157894737,1.0583387054113447,0.19239029915411093,95.0,0.053082474607761825,0.17932702842087495,12.750488393222032,0.24023220108290153,6311.0,0.8499709442257881,0.11159678133798422,0.059004934210526314,1.2844002179116192,0.20291974720199374,95.0,0.06414547073281539,0.1899928779761416,11.92834003438534,0.22043545480341098,6311.0,0.9275453090667725,0.20071287137594895,0.05542763157894737,1.0583387054113447,0.19239029915411093,95.0
socofing:000097:left_ring,000097,left_ring,163,peripheral_only,0.40,10810281913489364854,peripheral_only:10810281913489364854:0.450000,0.4000244140625,0.5999755859375,0.43670285654052915,0.5632971434594709,9487.0,0.17816784168164176,0.14120526611804962,0.28327242913456996,0.0,5344.0,0.19273952095808383,0.1336258812612313,0.29547155688622756,0.2138014100179701,0.3250374251497006,0.24052658627021634,0.06246839125814393,0.18843703191904462,12.043396782497071,0.22409292723501692,5344.0,0.9270102679729462,0.13333800677934848,0.05015432098765432,0.8092510930684526,0.17162031358404697,81.0,0.055239271386141243,0.18355106867142795,12.577520584617117,0.22980552324226258,5344.0,0.8174420893192291,0.11131738832824783,0.051842206790123455,0.9051518389697809,0.1771002158516366,81.0,0.06246839125814393,0.18843703191904462,12.043396782497071,0.22409292723501692,5344.0,0.9270102679729462,0.13333800677934848,0.05015432098765432,0.8092510930684526,0.17162031358404697,81.0
socofing:000097:left_ring,000097,left_ring,163,peripheral_only,0.50,10810281913489364854,peripheral_only:10810281913489364854:0.450000,0.5,0.5,0.5401075155475914,0.4598924844524086,9487.0,0.1269791925806842,0.10017143934965134,0.30848699074281205,1.0,4363.0,0.16983726793490717,0.09523439443551317,0.2601421040568416,0.15237503109682107,0.29085491634196653,0.1714219099839237,0.06470179693820839,0.18950820966138532,11.890836576696111,0.23820960980849795,4363.0,0.9007968604564667,0.04117157330608773,0.04958951271186441,0.7845923009207267,0.1681153736408799,59.0,0.04999917591396321,0.16648526117844664,13.010371536433372,0.3157444208768822,4363.0,0.8191124647855759,0.03689037589360666,0.05031779661016949,0.8370738684667443,0.17179914201949656,59.0,0.05544686629601097,0.17334612333814525,12.561229939477915,0.3006189630397628,4363.0,0.8767645284533501,0.04296711075404949,0.04442531779661017,0.6616197307508362,0.14942256888875377,59.0
socofing:000097:left_ring,000097,left_ring,163,peripheral_only,0.60,10810281913489364854,peripheral_only:10810281913489364854:0.450000,0.5999755859375,0.4000244140625,0.6474122483398335,0.35258775166016654,9487.0,0.17948736464377357,0.14154306054115295,0.34430450354329745,2.0,3345.0,0.20209267563527653,0.13461552348283018,0.30792227204783257,0.2153848375725283,0.34439461883408073,0.2423079422690943,0.08057556371470301,0.21184977532248883,10.937966474373654,0.22727508377687694,3345.0,0.9457703828811646,0.09547767130693774,0.048287898936170214,0.7583050939978505,0.16500028434443678,47.0,0.05846187273106281,0.18350557817838062,12.331272768379753,0.2597641760964234,3345.0,0.899028591811657,0.036736949450008674,0.04247007978723404,0.6675904215353373,0.1423867169891564,47.0,0.07994022882468133,0.20423902722649132,10.972346129291264,0.24876453345874625,3345.0,0.963428258895874,0.09485459851707075,0.05236037234042553,0.8397419046608499,0.17746217181054855,47.0
socofing:000097:left_ring,000097,left_ring,163,peripheral_only,0.70,10810281913489364854,peripheral_only:10810281913489364854:0.450000,0.70001220703125,0.29998779296875,0.7464952039633183,0.25350479603668175,9487.0,0.20245593313698296,0.1599157601594925,0.4078662649809393,2.0,2405.0,0.1837837837837838,0.15184194985273722,0.30353430353430355,0.24294711976437958,0.3417879417879418,0.273315509734927,0.1329855464679723,0.2765123697189448,8.76195557757004,0.23552516794236977,2405.0,0.9713695030659437,0.11837833578260355,0.057329963235294115,0.9209945817274018,0.1941709835745875,34.0,0.06618663905233832,0.2017482407738381,11.792296717609123,0.3002069752236681,2405.0,0.8715700805187225,0.03948319433866631,0.04836856617647059,0.7368872211503522,0.1624421072729303,34.0,0.061177345601611456,0.18503545221433104,12.134093703650953,0.3324035102764771,2405.0,0.9191868305206299,0.05065901609580163,0.04216452205882353,0.6053210070041222,0.13977535615342288,34.0
socofing:000097:left_ring,000097,left_ring,163,peripheral_only,0.80,10810281913489364854,peripheral_only:10810281913489364854:0.450000,0.79998779296875,0.20001220703125,0.8292400126488879,0.17075998735111209,9487.0,0.23778149372756233,0.18819168210029602,0.2861871617311058,2.0,1620.0,0.22901234567901235,0.17833612029567178,0.345679012345679,0.28533779247307484,0.391358024691358,0.32100501653220914,0.12508147415784326,0.26714728552687134,9.02807008986155,0.19670350878794457,1620.0,0.9622106533497572,0.16953220102662636,0.06305803571428571,1.0103728041347213,0.21114612084111611,21.0,0.07766882829665869,0.21670783328475937,11.097532465144994,0.208397026124817,1620.0,0.9052143003791571,0.11550341650318224,0.06138392857142857,0.9737394447905062,0.20694002357812122,21.0,0.10280975440339227,0.24127312503571127,9.879656783116019,0.16060497020561834,1620.0,0.9820586442947388,0.2974234181729326,0.0625,0.9736975023673461,0.2088426068822524,21.0
socofing:000097:left_ring,000097,left_ring,163,central_only,0.10,5907723321588523476,central_only:5907723321588523476:0.450000,0.0999755859375,0.9000244140625,0.17265732054390218,0.8273426794560979,9487.0,0.28952546118576167,0.2293875366449356,0.287818028944131,0.0,7849.0,0.20155433813224616,0.21714409588932126,0.3181296980507071,0.347430553422914,0.36310358007389476,0.3908593726007782,0.14725621160250046,0.3010745880027061,8.319263766237667,0.07518283037456834,7849.0,0.9836723795160651,0.26199792487737317,0.04396952479338843,0.7929445837879,0.16965448720058335,121.0,0.10923325065295535,0.2676906474111446,9.61645142061536,0.11506446128479231,7849.0,0.9410791955888271,0.23496314833400564,0.05307334710743802,1.107671169974841,0.20038134496769508,121.0,0.14725621160250046,0.3010745880027061,8.319263766237667,0.07518283037456834,7849.0,0.9836723795160651,0.26199792487737317,0.04396952479338843,0.7929445837879,0.16965448720058335,121.0
socofing:000097:left_ring,000097,left_ring,163,central_only,0.20,5907723321588523476,central_only:5907723321588523476:0.450000,0.20001220703125,0.79998779296875,0.3454200484874038,0.6545799515125962,9487.0,0.30985013442338954,0.24655498564243317,0.2627941290342516,0.0,6210.0,0.24331723027375202,0.23238760081754214,0.38309178743961353,0.37182016130806744,0.42576489533011275,0.41829768147157587,0.13489387655080953,0.2741766020948826,8.700077644908342,0.1564237640922858,6210.0,0.9944241940975189,0.23259941429103556,0.05004111842105263,1.1931132352059726,0.19526074013040087,95.0,0.10365322324388314,0.25472760303335895,9.844171883577026,0.14083328552164262,6210.0,0.957493394613266,0.299020732721434,0.052672697368421055,1.1326472496904785,0.2067504420496099,95.0,0.13489387655080953,0.2741766020948826,8.700077644908342,0.1564237640922858,6210.0,0.9944241940975189,0.23259941429103556,0.05004111842105263,1.1931132352059726,0.19526074013040087,95.0
socofing:000097:left_ring,000097,left_ring,163,central_only,0.30,5907723321588523476,central_only:5907723321588523476:0.450000,0.29998779296875,0.70001220703125,0.518077369031306,0.48192263096869403,9487.0,0.26640487936173,0.21148812770843506,0.3073232905068714,1.0,4572.0,0.2263779527559055,0.19980365952129753,0.3565179352580927,0.319685855234076,0.40223097112860895,0.3596465871383355,0.12236518818177547,0.2678587799803219,9.12342117573689,0.20844852132742683,4572.0,0.9969785511493683,0.20280450477005285,0.038167317708333336,0.8184425408361188,0.1402304385602404,48.0,0.08108699102928119,0.22386759229893335,10.91048815053619,0.2414984522626322,4572.0,0.9140434488654137,0.24250911896463867,0.042154947916666664,0.8907155694458044,0.15533641838074183,48.0,0.11991443925300288,0.251411842212732,9.211285190668,0.1928312314488751,4572.0,0.9991095662117004,0.288233705368951,0.042154947916666664,0.8595221263600622,0.15593312895379455,48.0
socofing:000097:left_ring,000097,left_ring,163,central_only,0.40,5907723321588523476,central_only:5907723321588523476:0.450000,0.4000244140625,0.5999755859375,0.6908400969748076,0.30915990302519236,9487.0,0.2164917666270714,0.1731918454170227,0.5179681561204852,1.0,2933.0,0.2342311626321173,0.16236882497030355,0.36004091374019775,0.25979011995248574,0.3992499147630413,0.29226388494654637,0.08155268570086441,0.19600286948543197,10.885617321606828,0.31067458089239347,2933.0,0.987020343542099,0.2987277635670823,0.047776442307692304,0.8811620515160665,0.17758476023081013,13.0,0.05349193940833053,0.17046372527775774,12.717116560016526,0.3523592709671669,2933.0,0.9273038879036903,0.2078435868900621,0.060697115384615384,2.231144595373135,0.22981977229694595,13.0,0.08135899167557911,0.19548036780257885,10.895944424900017,0.3216685550898447,2933.0,0.9810225069522858,0.2062962449471081,0.06430288461538461,2.3130138736489565,0.24961688132025933,13.0
socofing:000097:left_ring,000097,left_ring,163,central_only,0.50,5907723321588523476,central_only:5907723321588523476:0.450000,0.5,0.5,0.8480025297775904,0.15199747022240961,9487.0,0.13462609636855247,0.10681575536727905,0.6167338768262773,1.0,1442.0,0.17128987517337033,0.10096957227641434,0.26144244105409153,0.16155131564226297,0.2871012482662968,0.18174523009754584,0.06918081620611646,0.1706954288107812,11.600143184170404,0.46416524237644113,1442.0,0.8988385125994682,0.11748103384925988,0.0625,1.3833496939297576,0.23655058549792224,4.0,0.051078051204153464,0.14895396960651225,12.917656808570923,0.4912380211423106,1442.0,0.8380050584673882,0.16149158357398316,0.05859375,1.1982087087887723,0.22113231831909172,4.0,0.059139900107410014,0.15843462960887572,12.281194133715728,0.4805982419458217,1442.0,0.9463644027709961,0.13346757777778565,0.05859375,1.2438584598877624,0.21991194044839446,4.0
socofing:000097:left_ring,000097,left_ring,163,central_only,0.60,5907723321588523476,central_only:5907723321588523476:0.450000,0.5999755859375,0.4000244140625,0.9347528196479393,0.06524718035206067,9487.0,0.1691529030561062,0.13471318781375885,0.5346701462761585,0.0,619.0,0.1938610662358643,0.12686467729207965,0.3198707592891761,0.20298348366732744,0.3651050080775444,0.2283564191257434,0.051737385874016655,0.15084439494552299,12.861955185875978,0.5529737476612151,619.0,0.7785628885030746,0.11280858823724448,nan,nan,nan,0.0,0.04144938747024556,0.1441011621762723,13.82481882972765,0.5824086613082049,619.0,0.733285591006279,0.1309009304547632,nan,nan,nan,0.0,0.051737385874016655,0.15084439494552299,12.861955185875978,0.5529737476612151,619.0,0.7785628885030746,0.11280858823724448,nan,nan,nan,0.0
socofing:000097:left_ring,000097,left_ring,163,central_only,0.70,5907723321588523476,central_only:5907723321588523476:0.450000,0.70001220703125,0.29998779296875,0.9695372615157584,0.030462738484241636,9487.0,0.12179274398150329,0.09617970138788223,0.5839404737337144,2.0,289.0,0.20761245674740483,0.09134455798612746,0.2698961937716263,0.14615129277780395,0.2906574394463668,0.16442020437502944,0.07853390319568283,0.1773626217554133,11.049428172398796,0.4532814657581247,289.0,0.9267953559756279,0.15938215127900845,nan,nan,nan,0.0,0.04859195047647874,0.1467639373834519,13.134356680460556,0.5554155052483462,289.0,0.6806359216570854,0.1372936879652874,nan,nan,nan,0.0,0.05207812316315459,0.1498753227596413,12.833446756413402,0.5479518648817316,289.0,0.8634064123034477,0.15096378739606428,nan,nan,nan,0.0
socofing:000097:left_ring,000097,left_ring,163,central_only,0.80,5907723321588523476,central_only:5907723321588523476:0.450000,0.79998779296875,0.20001220703125,0.9910403710340466,0.00895962896595337,9487.0,0.07721342549604528,0.06312818825244904,0.5825219001530348,2.0,85.0,0.10588235294117647,0.05791006912203396,0.15294117647058825,0.09265611059525435,0.17647058823529413,0.10423812441966113,0.034898670534269996,0.10743669551961563,14.571911171848868,0.7090815187500028,85.0,0.7509517520666122,0.062243972789618254,nan,nan,nan,0.0,0.033854027826018984,0.11419936444829493,14.703896531664407,0.6803029391044481,85.0,0.7057452648878098,0.05672304015211031,nan,nan,nan,0.0,0.036447927624279716,0.10710715826819925,14.383271599914444,0.6741761035685565,85.0,0.7453182190656662,0.09329558454603848,nan,nan,nan,0.0
socofing:000097:left_ring,000097,left_ring,163,disconnected_fragments,0.10,4289375663188296538,disconnected_fragments:4289375663188296538:0.450000,0.0999755859375,0.9000244140625,0.13355117529250554,0.8664488247074944,9487.0,0.17660049089356736,0.13928192853927612,0.32734201916823213,0.0,8220.0,0.1951338199513382,0.13245036817017553,0.29148418491484185,0.21192058907228087,0.3288321167883212,0.23841066270631595,0.06853233828780936,0.1946335262467704,11.641044500275164,0.1388553136143168,8220.0,0.9784782230854034,0.20089622544444144,0.07116996951219512,2.0176199928065217,0.2512047702385709,123.0,0.055299474660557374,0.18297069015229514,12.572789944295653,0.1590670235047463,8220.0,0.9484152160584927,0.14890314134247473,0.06932799796747967,1.7373222655470784,0.24617850397022642,123.0,0.06853233828780936,0.1946335262467704,11.641044500275164,0.1388553136143168,8220.0,0.9784782230854034,0.20089622544444144,0.07116996951219512,2.0176199928065217,0.2512047702385709,123.0
socofing:000097:left_ring,000097,left_ring,163,disconnected_fragments,0.20,4289375663188296538,disconnected_fragments:4289375663188296538:0.450000,0.20001220703125,0.79998779296875,0.2523453146410878,0.7476546853589122,9487.0,0.19106582598867952,0.15100935101509094,0.2871760353550901,0.0,7093.0,0.19061046101790496,0.14329936949150965,0.28069928098124913,0.22927899118641543,0.31030593542929646,0.2579388650847174,0.07092879910779594,0.2066582269208598,11.491773931089293,0.16069687727273543,7093.0,0.8965544067323208,0.29858969043966155,0.06980140186915888,1.4941579475739586,0.25964934105101384,107.0,0.06094927188076563,0.1999177490769383,12.150314782335315,0.17314865520936734,7093.0,0.7853754721581936,0.17210942022549308,0.06414281542056074,1.5327829058229647,0.23121895854905955,107.0,0.07092879910779594,0.2066582269208598,11.491773931089293,0.16069687727273543,7093.0,0.8965544067323208,0.29858969043966155,0.06980140186915888,1.4941579475739586,0.25964934105101384,107.0
socofing:000097:left_ring,000097,left_ring,163,disconnected_fragments,0.30,4289375663188296538,disconnected_fragments:4289375663188296538:0.450000,0.29998779296875,0.70001220703125,0.3561716032465479,0.6438283967534522,9487.0,0.18207984514448272,0.14376020431518555,0.3549626084371644,0.0,6108.0,0.17468893254747872,0.13655988385836204,0.26031434184675833,0.2184958141733793,0.28912901113294043,0.24580779094505165,0.08636472133719993,0.22351852864353017,10.636636239264394,0.16813441124630296,6108.0,0.9321876168251038,0.19184486155279296,0.05570652173913043,1.482871984568821,0.19551759651175338,92.0,0.06817602137462277,0.20817119178059373,11.66368346983107,0.1762556607603169,6108.0,0.7837279438972473,0.1482796551093553,0.06160835597826087,1.4770360114124428,0.22026974305752686,92.0,0.08636472133719993,0.22351852864353017,10.636636239264394,0.16813441124630296,6108.0,0.9321876168251038,0.19184486155279296,0.05570652173913043,1.482871984568821,0.19551759651175338,92.0
socofing:000097:left_ring,000097,left_ring,163,disconnected_fragments,0.40,4289375663188296538,disconnected_fragments:4289375663188296538:0.450000,0.4000244140625,0.5999755859375,0.45926004005481186,0.5407399599451881,9487.0,0.16971843401436068,0.13427814841270447,0.33214182445533935,1.0,5130.0,0.17855750487329436,0.12728882551077048,0.27037037037037037,0.20366212081723278,0.30038986354775826,0.2291198859193869,0.09322849366941906,0.23401613258184834,10.3045133279454,0.21091774553696882,5130.0,0.9402689933776855,0.2395175229489518,0.04956714527027027,0.9780338992907608,0.17313526845205796,74.0,0.05353097965529649,0.18140974356602246,12.71394808643538,0.224460890472937,5130.0,0.8587875515222549,0.17212244452416414,0.05447635135135135,1.353338174009995,0.1912733841989485,74.0,0.059229765153907155,0.1827394172231545,12.27459989333806,0.1989562847770778,5130.0,0.9289651215076447,0.24909311970003306,0.050200591216216214,0.9818037200987915,0.17781557846298224,74.0
socofing:000097:left_ring,000097,left_ring,163,disconnected_fragments,0.50,4289375663188296538,disconnected_fragments:4289375663188296538:0.450000,0.5,0.5,0.5664593654474545,0.43354063455254555,9487.0,0.1928326895726018,0.15265460312366486,0.4085446038336339,0.0,4113.0,0.20957938244590324,0.14462451717945135,0.32093362509117435,0.23139922748712213,0.3576464867493314,0.26032413092301243,0.07084121579006016,0.19266433386055587,11.497139939757046,0.23757242765650857,4113.0,0.9526118021458387,0.13240474203948968,0.049899193548387094,0.902862102924455,0.17490366855860176,62.0,0.053015725892268224,0.17743867213874936,12.755952878482082,0.2785943549753539,4113.0,0.8401453383266926,0.1125613102917702,0.04819808467741935,0.8860525744634972,0.1694437517786893,62.0,0.07084121579006016,0.19266433386055587,11.497139939757046,0.23757242765650857,4113.0,0.9526118021458387,0.13240474203948968,0.049899193548387094,0.902862102924455,0.17490366855860176,62.0
socofing:000097:left_ring,000097,left_ring,163,disconnected_fragments,0.60,4289375663188296538,disconnected_fragments:4289375663188296538:0.450000,0.5999755859375,0.4000244140625,0.6809318014124591,0.3190681985875409,9487.0,0.18768268047142048,0.1489417552947998,0.4474509157646063,0.0,3027.0,0.22893954410307235,0.14076201035356536,0.3538156590683845,0.2252192165657046,0.3924677898909812,0.25337161863641766,0.05770461283183621,0.16926221774834407,12.387894685195098,0.3211174619704961,3027.0,0.9125420451164246,0.15822177854197092,0.04852430555555556,1.2520399773738724,0.17062966393152076,45.0,0.04768213310224137,0.16414712238558396,13.216443242868863,0.3357198458012079,3027.0,0.8119819089770317,0.11069977415289156,0.04262152777777778,0.9581451519141736,0.149106277992732,45.0,0.05770461283183621,0.16926221774834407,12.387894685195098,0.3211174619704961,3027.0,0.9125420451164246,0.15822177854197092,0.04852430555555556,1.2520399773738724,0.17062966393152076,45.0
socofing:000097:left_ring,000097,left_ring,163,disconnected_fragments,0.70,4289375663188296538,disconnected_fragments:4289375663188296538:0.450000,0.70001220703125,0.29998779296875,0.7899230525982924,0.21007694740170757,9487.0,0.12569260942156368,0.09956876933574677,0.3854121530729017,1.0,1993.0,0.2107375815353738,0.09426945706617276,0.3181133968891119,0.15083113130587641,0.34922227797290517,0.16968502271911096,0.04524939181122331,0.1471258839188126,13.443872536920319,0.4518058991572475,1993.0,0.9602959137409925,0.05211563142810075,0.034466911764705885,1.0591434764515903,0.11932610660543255,17.0,0.0344745896228031,0.13378272196572372,14.6250089485807,0.4930402077365815,1993.0,0.8268564930185676,0.07331236639685722,0.027573529411764705,0.4650883805388657,0.09505683632486144,17.0,0.0414327346678014,0.14396773798884688,13.82656401195042,0.4614956882697517,1993.0,0.8637179434299469,0.12284228936709257,0.04411764705882353,0.9557298818180956,0.16355979667283246,17.0
socofing:000097:left_ring,000097,left_ring,163,disconnected_fragments,0.80,4289375663188296538,disconnected_fragments:4289375663188296538:0.450000,0.79998779296875,0.20001220703125,0.9027089701697059,0.09729102983029414,9487.0,0.12152615395122679,0.09716255217790604,0.3321332502902911,0.0,923.0,0.2112676056338028,0.09114461546342009,0.3228602383531961,0.14583138474147214,0.36836403033586135,0.16406030783415615,0.02821275476555158,0.11518523541863358,15.495545061499401,0.514691733914794,923.0,0.7524175941944122,0.04236007483654727,0.04296875,0.5866666666666664,0.14666666666666667,1.0,0.02573429437883606,0.1174334968713426,15.894877353826901,0.5306416598984447,923.0,0.7479713186621666,0.04489883759826353,0.05078125,0.7156989247311825,0.17333333333333334,1.0,0.02821275476555158,0.11518523541863358,15.495545061499401,0.514691733914794,923.0,0.7524175941944122,0.04236007483654727,0.04296875,0.5866666666666664,0.14666666666666667,1.0
socofing:000097:left_ring,000097,left_ring,163,stripes,0.10,9831861527297937133,stripes:9831861527297937133:0.450000,0.0999755859375,0.9000244140625,0.0979234742278908,0.9020765257721092,9487.0,0.15840938770901966,0.1250508725643158,0.2977109196247003,1.0,8558.0,0.12070577237672353,0.11880704078176474,0.19233465763028745,0.1900912652508236,0.21757419957934096,0.21385267340717648,0.08908493104502917,0.236125206327983,10.501957518268629,0.07480261347221166,8558.0,0.9361757338047028,0.1902538269626205,0.06930443548387097,1.826380514666485,0.24552002566905776,124.0,0.0706594345877386,0.21773631287097486,11.50829842083845,0.11454029348431029,8558.0,0.8807042799890041,0.17187808994729853,0.07670740927419355,2.5973251815286544,0.2709605885048215,124.0,0.06891555212432242,0.20776258640972448,11.616827601009405,0.13487603688199803,8558.0,0.9573819618672132,0.16157802071341418,0.07135206653225806,2.2487760649116044,0.24813215284103357,124.0
socofing:000097:left_ring,000097,left_ring,163,stripes,0.20,9831861527297937133,stripes:9831861527297937133:0.450000,0.20001220703125,0.79998779296875,0.19900917044376515,0.8009908295562349,9487.0,0.19366339543893074,0.15312865376472473,0.218443599061154,0.0,7599.0,0.16449532833267536,0.14524754657919806,0.25753388603763655,0.2323960745267169,0.28635346756152125,0.2614455838425565,0.07266491964017847,0.21063877577547943,11.386752023960327,0.11062109233070617,7599.0,0.9191917702555656,0.2294458508109932,0.05700359513274336,1.4129805601968841,0.2046071407260557,113.0,0.06308593730504533,0.20701934193779514,12.000674399868295,0.15057181545529966,7599.0,0.8865451738238335,0.22783200668887532,0.06357162610619468,1.464868379449049,0.22617649125888656,113.0,0.07266491964017847,0.21063877577547943,11.386752023960327,0.11062109233070617,7599.0,0.9191917702555656,0.2294458508109932,0.05700359513274336,1.4129805601968841,0.2046071407260557,113.0
socofing:000097:left_ring,000097,left_ring,163,stripes,0.30,9831861527297937133,stripes:9831861527297937133:0.450000,0.29998779296875,0.70001220703125,0.28818383050490143,0.7118161694950986,9487.0,0.1589338870979178,0.12526212632656097,0.3273976738093873,1.0,6753.0,0.14823041611135793,0.11920041532343835,0.22641788834592033,0.19072066451750136,0.25262846142455203,0.21456074758218902,0.09057480664432098,0.2320860042032635,10.42992584407906,0.1747340561254189,6753.0,0.9739404912106693,0.11708715369480585,0.05700804455445545,1.3830001006943082,0.20547885521975537,101.0,0.06431679175593821,0.20292347929311214,11.91675627155172,0.184024960057974,6753.0,0.8287185579538345,0.10232782224625155,0.06099164603960396,1.6626354660361737,0.22011927771508782,101.0,0.06991573924940163,0.20249443105197854,11.55425046003744,0.16972585316336058,6753.0,0.9509383421391249,0.11715184202604365,0.039449257425742575,0.7215458287621882,0.141534621512054,101.0
socofing:000097:left_ring,000097,left_ring,163,stripes,0.40,9831861527297937133,stripes:9831861527297937133:0.450000,0.4000244140625,0.5999755859375,0.39000737851797196,0.609992621482028,9487.0,0.12281335157208519,0.09668711572885513,0.34669946516711525,0.0,5787.0,0.1321928460342146,0.09211001367906389,0.2044237083117332,0.14737602188650223,0.22809745982374288,0.165798024622315,0.05138292414800771,0.1732297531518675,12.891811841255734,0.19641829691289242,5787.0,0.8316595479846001,0.16601318558671307,0.043658088235294115,0.862820514543384,0.1598054742294846,85.0,0.05087964764530628,0.17594235386819818,12.934559049506218,0.2106641933073084,5787.0,0.864430658519268,0.1411101332373161,0.04779411764705882,0.9948492317876023,0.173531873512025,85.0,0.05138292414800771,0.1732297531518675,12.891811841255734,0.19641829691289242,5787.0,0.8316595479846001,0.16601318558671307,0.043658088235294115,0.862820514543384,0.1598054742294846,85.0
socofing:000097:left_ring,000097,left_ring,163,stripes,0.50,9831861527297937133,stripes:9831861527297937133:0.450000,0.5,0.5,0.49636344471381894,0.503636555286181,9487.0,0.1452383083189084,0.1146470457315445,0.31943705395855826,2.0,4778.0,0.16889912097111762,0.10892873123918133,0.2513604018417748,0.1742859699826901,0.27773126831310174,0.19607171623052638,0.06233717757919538,0.1908632820844806,12.05252865028859,0.20653184071799385,4778.0,0.9273829162120819,0.18933480446640363,0.04207136824324324,0.7699183577346156,0.14990765927526875,74.0,0.05043185048229856,0.17441081045006,12.97295096098118,0.2445855250500125,4778.0,0.846026599407196,0.1578680859864166,0.034997888513513514,0.6442653902266238,0.1259075336225983,74.0,0.058120332197916215,0.1780131514429385,12.356719120734379,0.21623153076450582,4778.0,0.8828688561916351,0.15699007187191377,0.037901182432432436,0.6602217841834374,0.13919305650349398,74.0
socofing:000097:left_ring,000097,left_ring,163,stripes,0.60,9831861527297937133,stripes:9831861527297937133:0.450000,0.5999755859375,0.4000244140625,0.6038789923052599,0.3961210076947401,9487.0,0.14805927885346365,0.11703711003065109,0.4186169078285902,1.0,3758.0,0.17935071846726983,0.11104445914009774,0.2751463544438531,0.17767113462415637,0.30228845130388504,0.1998800264521759,0.07071242331141224,0.19543123423536232,11.505042792495694,0.25949650321833745,3758.0,0.9019983112812042,0.17702648613349156,0.033203125,0.5413251331947161,0.11941129944991867,52.0,0.05074446022777438,0.16858788455177015,12.946113627512903,0.26735539115307294,3758.0,0.8412994518876076,0.15277515622339974,0.024489182692307692,0.40051282409251787,0.0918479001078955,52.0,0.0632304855037577,0.1792286214855623,11.990734835229604,0.2464684705473811,3758.0,0.9395701289176941,0.1734959726469628,0.028996394230769232,0.46491424728183095,0.108838316781983,52.0
socofing:000097:left_ring,000097,left_ring,163,stripes,0.70,9831861527297937133,stripes:9831861527297937133:0.450000,0.70001220703125,0.29998779296875,0.7145567618846843,0.2854432381153157,9487.0,0.16013732235576061,0.126618891954422,0.43832797728192824,1.0,2708.0,0.18759231905465287,0.12010299176682046,0.2791728212703102,0.1921647868269127,0.31388478581979323,0.21618538518027686,0.07985233670266995,0.20434835280306868,10.977123706685532,0.27549983907221687,2708.0,0.9901682138442993,0.16197979976618404,0.03549107142857143,0.6596104462441877,0.13754492817783537,35.0,0.047298124967249486,0.1649109613219313,13.251560755944851,0.3324636006406161,2708.0,0.8445016145706177,0.11252156351143203,0.018638392857142857,0.28785157998836375,0.07060629991078927,35.0,0.05763798007781674,0.17379433152051244,12.392912474352402,0.3201065021625433,2708.0,0.9376249313354492,0.0975595387889836,0.028794642857142855,0.5374638277894934,0.11116116831523892,35.0
socofing:000097:left_ring,000097,left_ring,163,stripes,0.80,9831861527297937133,stripes:9831861527297937133:0.450000,0.79998779296875,0.20001220703125,0.8314535680404764,0.16854643195952357,9487.0,0.16518131823546692,0.13145564496517181,0.35044324105307434,0.0,1599.0,0.233270794246404,0.1238859886766002,0.3420888055034397,0.19821758188256028,0.37523452157598497,0.22299477961788033,0.04760866847440434,0.155510321552175,13.223139647616847,0.4329957161538509,1599.0,0.8188105225563049,0.06327178375256982,0.04453125,0.9727358847572105,0.18917975850619548,10.0,0.04098154888978306,0.1540368051357565,13.874116315479545,0.42900271933781037,1599.0,0.7085039610974491,0.050793994822874,0.0375,0.7358416272092853,0.1623011677394465,10.0,0.04760866847440434,0.155510321552175,13.223139647616847,0.4329957161538509,1599.0,0.8188105225563049,0.06327178375256982,0.04453125,0.9727358847572105,0.18917975850619548,10.0
socofing:000097:left_ring,000097,left_ring,163,severe_partial,0.10,2246447830030327164,severe_partial:2246447830030327164:0.200000,0.0999755859375,0.9000244140625,0.1270159165173395,0.8729840834826605,9487.0,0.1944441218350443,0.1545432209968567,0.3027928807159926,2.0,8282.0,0.16928278193673027,0.1458330913762832,0.2509055783627143,0.2333329462020531,0.2787973919343154,0.26249956447730977,0.10444601824876969,0.24507691908798224,9.811081117923274,0.10626161267875647,8282.0,0.9960688943974674,0.2174634945167897,0.08097718253968254,2.73763325893638,0.2996293434138972,126.0,0.08358810553614544,0.23191351690514594,10.778555176271983,0.10918836497726028,8282.0,0.8630872927606106,0.14268388635528756,0.08088417658730158,2.834708249774311,0.2866086741508997,126.0,0.08994384049111954,0.23408251426226992,10.460285725331227,0.08841568097118005,8282.0,0.9820040464401245,0.14893807354595448,0.06882440476190477,2.0985467888775458,0.2449750586982136,126.0
socofing:000097:left_ring,000097,left_ring,163,severe_partial,0.20,2246447830030327164,severe_partial:2246447830030327164:0.200000,0.20001220703125,0.79998779296875,0.2249393907452303,0.7750606092547697,9487.0,0.16994361997899046,0.13365578651428223,0.1644657440378316,0.0,7353.0,0.15299877600979192,0.12745771498424285,0.23813409492724058,0.20393234397478857,0.2632938936488508,0.2294238869716371,0.06637677077449851,0.2096625168688872,11.779838798112616,0.11907921988631917,7353.0,0.9227684140205383,0.18330289256472976,0.06542088963963964,2.0077494623158123,0.2494329782991725,111.0,0.06440627317907752,0.20934623907101463,11.91071830243072,0.12880515161994113,7353.0,0.7879919484257698,0.1751152451223987,0.05982545045045045,1.7673219204837447,0.2296120284113126,111.0,0.06637677077449851,0.2096625168688872,11.779838798112616,0.11907921988631917,7353.0,0.9227684140205383,0.18330289256472976,0.06542088963963964,2.0077494623158123,0.2494329782991725,111.0
socofing:000097:left_ring,000097,left_ring,163,severe_partial,0.30,2246447830030327164,severe_partial:2246447830030327164:0.200000,0.29998779296875,0.70001220703125,0.3155897544007589,0.6844102455992411,9487.0,0.18052521774708732,0.1421918421983719,0.28807513630240617,2.0,6493.0,0.15663021715693823,0.1353939133103155,0.2422608963499153,0.2166302612965048,0.270445094717388,0.2437090439585679,0.10281645420205562,0.2488791246808969,9.879373775846652,0.0635364484232016,6493.0,0.9656749358400702,0.12103064674633333,0.04719716494845361,0.8953727258002228,0.16814987661542935,97.0,0.07974676437964263,0.22394214973825288,10.982869288422378,0.12029439012957045,6493.0,0.8904438018798828,0.13453735650531948,0.0546875,1.1360714609688554,0.19634604451279655,97.0,0.08822086219543167,0.227897871641754,10.54428702113171,0.1174112717381079,6493.0,0.9258370399475098,0.09727277263231741,0.04381443298969072,0.8758909715096462,0.15822973454816333,97.0
socofing:000153:right_thumb,000153,right_thumb,245,random_rectangles,0.10,192633762622534461,random_rectangles:192633762622534461:0.450000,0.0999755859375,0.9000244140625,0.03478821066194234,0.9652117893380576,12418.0,0.18997617286784185,0.1499096304178238,0.17136163991620823,1.0,11986.0,0.2022359419322543,0.1424821296508814,0.30585683297180044,0.22797140744141023,0.3358918738528283,0.2564678333715865,0.10632981496585987,0.2516779194562047,9.733449418774565,0.03393367192945786,11986.0,0.9812738876789808,0.8194096755084238,0.06376238567073171,1.4064934782191998,0.23073415447386264,164.0,0.08329091477182343,0.22609977301804732,10.794023680968044,0.02884125069799402,11986.0,0.9781393390148878,0.4724513101955223,0.06916920731707317,1.6466365774789284,0.2511792037443632,164.0,0.10010834967271229,0.24424683360753394,9.995296980895557,0.018176086394152233,11986.0,0.9912074799649417,0.28734376821773583,0.07393292682926829,1.9940975562890781,0.27049144238062545,164.0
socofing:000153:right_thumb,000153,right_thumb,245,random_rectangles,0.20,192633762622534461,random_rectangles:192633762622534461:0.450000,0.20001220703125,0.79998779296875,0.09139958125301981,0.9086004187469802,12418.0,0.1755120067562063,0.13853707909584045,0.226950098558449,2.0,11283.0,0.18558893911193833,0.13163400506715472,0.27528139679163344,0.21061440810744753,0.3037312771426039,0.2369412091208785,0.09698094075183306,0.2421906113061718,10.133136073792041,0.06878678875153588,11283.0,0.968411561101675,0.3432089318206324,0.07290842563291139,2.3217754122044862,0.2699554267891275,158.0,0.08146613095561993,0.22523401603456789,10.890229090057309,0.07669027157173923,11283.0,0.9450980387628078,0.40294196541381905,0.07241396360759493,1.7263821593368318,0.2660285278013946,158.0,0.09406372087965337,0.2385723244438535,10.26577845858495,0.06755108991612067,11283.0,0.9712723474949598,0.527014411573143,0.06741989715189874,1.617049720181281,0.24584816445457172,158.0
socofing:000153:right_thumb,000153,right_thumb,245,random_rectangles,0.30,192633762622534461,random_rectangles:192633762622534461:0.450000,0.29998779296875,0.70001220703125,0.17579320341439844,0.8242067965856016,12418.0,0.22223329620550789,0.17531287670135498,0.18973542862337292,1.0,10235.0,0.19628724963361016,0.16667497215413093,0.3046409379579873,0.2666799554466095,0.34469956033219346,0.30001494987743565,0.10330616610944965,0.25464007397553995,9.858737556595845,0.11036867209900614,10235.0,0.9678187360987067,0.5546755689705162,0.049351511437908495,1.0248981436936757,0.1804640341335375,153.0,0.08073909969118763,0.23001271303448304,10.929160976471461,0.1008241444732669,10235.0,0.915058072656393,0.469587216302746,0.056576797385620915,1.2571499608048926,0.2069038965818317,153.0,0.10676672785024394,0.2546062924734007,9.715640671796399,0.08075031690867918,10235.0,0.9831056296825409,0.3128944966926337,0.06124897875816993,1.4754597908874723,0.22480055654245468,153.0
socofing:000153:right_thumb,000153,right_thumb,245,random_rectangles,0.40,192633762622534461,random_rectangles:192633762622534461:0.450000,0.4000244140625,0.5999755859375,0.2832984377516508,0.7167015622483492,12418.0,0.19193119269408535,0.15115046501159668,0.2480692247956283,0.0,8900.0,0.17696629213483145,0.14394839452056402,0.2795505617977528,0.23031743123290244,0.31797752808988766,0.25910711013701526,0.0838225209716202,0.2267142239436926,10.766392818510202,0.1629462913209678,8900.0,0.9575949897989631,0.35583199744235855,0.04574275362318841,0.9403725035476168,0.1667272466319816,138.0,0.06970839117566854,0.21247966328311418,11.56714940382016,0.15883552964179098,8900.0,0.8796533327549696,0.2506343317372748,0.05307404891304348,1.2114247219825292,0.19590632429118943,138.0,0.0838225209716202,0.2267142239436926,10.766392818510202,0.1629462913209678,8900.0,0.9575949897989631,0.35583199744235855,0.04574275362318841,0.9403725035476168,0.1667272466319816,138.0
socofing:000153:right_thumb,000153,right_thumb,245,random_rectangles,0.50,192633762622534461,random_rectangles:192633762622534461:0.450000,0.5,0.5,0.4040103076179739,0.595989692382026,12418.0,0.18028377185709513,0.14178314805030823,0.2525908625387958,0.0,7401.0,0.18673152276719363,0.13521282889282135,0.29225780299959464,0.21634052622851419,0.3265774895284421,0.24338309200707842,0.07973774386665297,0.21563219486625906,10.983360566109798,0.23582682364062524,7401.0,0.9372461959719658,0.13117700256428697,0.04025900900900901,0.733652202114424,0.14815212809728845,111.0,0.06671371057430926,0.2033464238454684,11.757849034917493,0.228010390078462,7401.0,0.8936529718339443,0.2315508204435474,0.041068412162162164,0.7740376218432505,0.1506981794135193,111.0,0.07973774386665297,0.21563219486625906,10.983360566109798,0.23582682364062524,7401.0,0.9372461959719658,0.13117700256428697,0.04025900900900901,0.733652202114424,0.14815212809728845,111.0
socofing:000153:right_thumb,000153,right_thumb,245,random_rectangles,0.60,192633762622534461,random_rectangles:192633762622534461:0.450000,0.5999755859375,0.4000244140625,0.5217426316637139,0.47825736833628607,12418.0,0.15923372016261106,0.1255153864622116,0.23086104271809132,0.0,5939.0,0.14463714430038727,0.1194252901219583,0.23387775719818152,0.19108046419513328,0.2628388617612393,0.21496552221952492,0.07869055513103858,0.22090594475307318,11.040773909017467,0.19760873806320658,5939.0,0.9403769336640835,0.09232783061465384,0.0377906976744186,0.6473918830714063,0.1376415185086758,86.0,0.06986035574518107,0.21183431377486373,11.557692071642219,0.19773357986416906,5939.0,0.9030338521115482,0.11713928696205264,0.035519622093023256,0.6629466806714934,0.1312621490965448,86.0,0.07869055513103858,0.22090594475307318,11.040773909017467,0.19760873806320658,5939.0,0.9403769336640835,0.09232783061465384,0.0377906976744186,0.6473918830714063,0.1376415185086758,86.0
socofing:000153:right_thumb,000153,right_thumb,245,random_rectangles,0.70,192633762622534461,random_rectangles:192633762622534461:0.450000,0.70001220703125,0.29998779296875,0.6364148816234498,0.36358511837655016,12418.0,0.21798174565196607,0.17201051115989685,0.2471371782575413,2.0,4515.0,0.21395348837209302,0.16348630923897456,0.3337763012181617,0.26157809478235927,0.37585825027685493,0.2942753566301542,0.10197903738079128,0.24238992405958382,9.914890918212185,0.25158242897283006,4515.0,0.9853186905384064,0.17270120064193706,0.04600694444444445,0.860491937032261,0.1707803810323483,63.0,0.07224324366527979,0.21082773600052113,11.412027627733604,0.2531861728149193,4515.0,0.8331916332244873,0.08112208701909104,0.04656498015873016,0.8527078935243215,0.17169522085740743,63.0,0.09428144441919878,0.23509301891342085,10.255737725787457,0.22139554431976952,4515.0,0.966711638495326,0.13878694287626422,0.04061259920634921,0.7463279562590868,0.15295669730269396,63.0
socofing:000153:right_thumb,000153,right_thumb,245,random_rectangles,0.80,192633762622534461,random_rectangles:192633762622534461:0.450000,0.79998779296875,0.20001220703125,0.7530198099532937,0.24698019004670635,12418.0,0.2307534727398798,0.1819663792848587,0.25485052143023545,0.0,3067.0,0.20052168242582327,0.17306510455490987,0.32507336159113137,0.2769041672878558,0.3707205738506684,0.3115171881988378,0.10411140867333366,0.24719367810531984,9.825016772868514,0.21968708785856622,3067.0,0.9830074906349182,0.11011754095477946,0.03608141447368421,0.612196285601441,0.1322071963770479,38.0,0.08282297864577531,0.22783209982379435,10.818491545851284,0.20990761196223373,3067.0,0.8949309550225735,0.0976100435765973,0.03289473684210526,0.5533532112453495,0.12118825857265457,38.0,0.10411140867333366,0.24719367810531984,9.825016772868514,0.21968708785856622,3067.0,0.9830074906349182,0.11011754095477946,0.03608141447368421,0.612196285601441,0.1322071963770479,38.0
socofing:000153:right_thumb,000153,right_thumb,245,irregular,0.10,13713608243187762045,irregular:13713608243187762045:0.450000,0.0999755859375,0.9000244140625,0.05798035110323724,0.9420196488967627,12418.0,0.21493586836706616,0.16965970396995544,0.15558670255654541,1.0,11698.0,0.18635664216105316,0.16120190127529962,0.2816720806975551,0.2579230420404794,0.3124465720636006,0.29016342229553926,0.11963743315542161,0.2753928797256238,9.221329134139975,0.061893919985064244,11698.0,0.9915278544649482,0.5101230974728533,0.05744344325153374,1.2983544902299553,0.21235579300789276,163.0,0.09361845015146641,0.24740740306571776,10.286385528714412,0.0688912386027113,11698.0,0.9602988921105862,0.4632587331319001,0.05785084355828221,1.5115775706923307,0.2167922950212974,163.0,0.09653039364807217,0.2437757759801722,10.153359227663115,0.05958879551661646,11698.0,0.9834130983799696,0.4673107169696774,0.06475268404907976,1.7635041846309347,0.23673709912156626,163.0
socofing:000153:right_thumb,000153,right_thumb,245,irregular,0.20,13713608243187762045,irregular:13713608243187762045:0.450000,0.20001220703125,0.79998779296875,0.1315026574327589,0.8684973425672411,12418.0,0.17385310306557913,0.13673384487628937,0.17559434103797336,1.0,10785.0,0.17273991655076495,0.13038982729918436,0.27028280018544276,0.208623723678695,0.3055169216504404,0.23470168913853182,0.0903606384213409,0.23676431192098962,10.440207093377081,0.09620042766922847,10785.0,0.9695729594677687,0.45610591851457827,0.058466923701298704,1.1423830003144775,0.20670292258259318,154.0,0.06498976081360926,0.20626838423970587,11.871550613945352,0.11451978018680331,10785.0,0.8778096400201321,0.2899187972748609,0.05349533279220779,1.0085042843195529,0.19061890435271012,154.0,0.07234496925196043,0.2136919315014506,11.40591663606122,0.10491515048069429,10785.0,0.9328766455873847,0.3343062386943319,0.05844155844155844,1.2981609380479293,0.2096650776734494,154.0
socofing:000153:right_thumb,000153,right_thumb,245,irregular,0.30,13713608243187762045,irregular:13713608243187762045:0.450000,0.29998779296875,0.70001220703125,0.223546464809148,0.776453535190852,12418.0,0.16161519929448293,0.12733453512191772,0.20248468168256792,2.0,9642.0,0.14789462767060776,0.12121139947086221,0.23667288944202447,0.19393823915337954,0.2659199336237295,0.21818051904755195,0.09261206765568863,0.23882199820176267,10.333324196376557,0.1620419068799191,9642.0,0.9511198396794498,0.27800439878346805,0.05440647482014389,1.111853106548843,0.1952710802352806,139.0,0.06852084871360148,0.21154527126298936,11.64177266410685,0.17126139118142222,9642.0,0.9510006867349148,0.2182053184237281,0.05148381294964029,0.9925435779259105,0.18395266048273906,139.0,0.07785875356423147,0.22003930251053605,11.086925531545802,0.1568969849518635,9642.0,0.9466356597840786,0.21592911390689626,0.04965714928057554,0.8711355011980854,0.1761841532106783,139.0
socofing:000153:right_thumb,000153,right_thumb,245,irregular,0.40,13713608243187762045,irregular:13713608243187762045:0.450000,0.4000244140625,0.5999755859375,0.32670317281365757,0.6732968271863424,12418.0,0.1368433058211969,0.10779298841953278,0.27353937535156186,2.0,8361.0,0.1321612247338835,0.10263247936589769,0.21337160626719293,0.16421196698543633,0.2427939241717498,0.1847384628586158,0.07850321276466071,0.21479490341304763,11.051125692749743,0.24809555270081768,8361.0,0.9664794187992811,0.2057947665349748,0.040679931640625,0.69813892523558,0.14027084470894358,128.0,0.0687779664916546,0.20557439338111547,11.625506687947379,0.25838302156373755,8361.0,0.9379975791089237,0.15334420079615568,0.0418701171875,0.7051728940860958,0.14637316490595123,128.0,0.07244166305269727,0.20871383457597992,11.400115880885282,0.25887156553264234,8361.0,0.9553096871823072,0.15862836668451366,0.042022705078125,0.7418571546403836,0.1457231805677743,128.0
socofing:000153:right_thumb,000153,right_thumb,245,irregular,0.50,13713608243187762045,irregular:13713608243187762045:0.450000,0.5,0.5,0.43420840715090997,0.56579159284909,12418.0,0.15270160470168112,0.1203845888376236,0.2354723611924732,1.0,7026.0,0.16766296612581838,0.11452620352626085,0.25846854540278963,0.18324192564201736,0.29035012809564475,0.2061471663472695,0.07413444999161521,0.20714828430643423,11.29979930152121,0.28715998416685956,7026.0,0.9557349048554897,0.10861826480038922,0.038232853982300884,0.6132715524201774,0.13505583334837948,113.0,0.059142543830205084,0.19029819307074167,12.280999995991893,0.3017514728557232,7026.0,0.9093977194279432,0.07630636093721835,0.03653899336283186,0.5747298935487215,0.1282878513542946,113.0,0.06995754613842738,0.20381218617224742,11.551654324299331,0.2809768258063838,7026.0,0.9493007622659206,0.0846232112896017,0.03764518805309734,0.6037125466658757,0.13275073410363655,113.0
socofing:000153:right_thumb,000153,right_thumb,245,irregular,0.60,13713608243187762045,irregular:13713608243187762045:0.450000,0.5999755859375,0.4000244140625,0.544048961185376,0.45595103881462395,12418.0,0.1664725831073459,0.13120122253894806,0.28036566928226647,0.0,5662.0,0.1764394206993995,0.1248544373305094,0.27587424938184385,0.19976709972881504,0.3076651359943483,0.22473798719491694,0.07412061842780569,0.20685338036055867,11.300609657877999,0.32071646248132313,5662.0,0.9477461576461792,0.09046377961877783,0.033509036144578314,0.5944553606639056,0.11689697203122237,83.0,0.06812591518626315,0.20182618968501617,11.666876504742106,0.3157966387592736,5662.0,0.8912061750888824,0.05516368024573673,0.029085090361445784,0.4254272702159955,0.10074133021611913,83.0,0.07412061842780569,0.20685338036055867,11.300609657877999,0.32071646248132313,5662.0,0.9477461576461792,0.09046377961877783,0.033509036144578314,0.5944553606639056,0.11689697203122237,83.0
socofing:000153:right_thumb,000153,right_thumb,245,irregular,0.70,13713608243187762045,irregular:13713608243187762045:0.450000,0.70001220703125,0.29998779296875,0.6574327588983734,0.3425672411016266,12418.0,0.16380051632619466,0.12934476137161255,0.26547282418340584,1.0,4254.0,0.18218147625763986,0.12285038724464602,0.28796426892336624,0.19656061959143362,0.32604607428302773,0.2211306970403628,0.07806312908043288,0.20832125102975468,11.075540444571637,0.3855677202910563,4254.0,0.986993610393256,0.0991033747488263,0.027792008196721313,0.4233901770004186,0.09541687825140806,61.0,0.05962190073179912,0.18865717893582823,12.245941828794734,0.42623197831080295,4254.0,0.9530944805592299,0.06644619308544776,0.021964651639344263,0.3124274528590299,0.07569253127520201,61.0,0.07248671270043248,0.20331194608881245,11.397415952185806,0.4028842793887706,4254.0,0.9842332601547241,0.1107028285708222,0.027151639344262294,0.4361138164753529,0.0953959758038034,61.0
socofing:000153:right_thumb,000153,right_thumb,245,irregular,0.80,13713608243187762045,irregular:13713608243187762045:0.450000,0.79998779296875,0.20001220703125,0.772990819777742,0.22700918022225802,12418.0,0.13447243759673552,0.10609588027000427,0.25488171824265576,1.0,2819.0,0.1784320681092586,0.10085432819755165,0.27066335579992906,0.16136692511608264,0.2983327421071302,0.18153779075559295,0.05796949536190429,0.18098399429306197,12.36800480248415,0.519717456480706,2819.0,0.9412911524996161,0.0318065252836897,0.015115489130434782,0.19683061694142515,0.05168602567294557,23.0,0.046724987534314574,0.16463591472756842,13.30450805813852,0.5387510707321523,2819.0,0.9352472415193915,0.03000373627193194,0.017153532608695652,0.22874173127396896,0.05896866948800506,23.0,0.05863004840718709,0.17743837051129918,12.318797472450926,0.5118618941890835,2819.0,0.9731308799237013,0.05442318810108257,0.020380434782608696,0.2935203662841059,0.07105433513456422,23.0
socofing:000153:right_thumb,000153,right_thumb,245,central_missing,0.10,5522703494366555958,central_missing:5522703494366555958:0.450000,0.0999755859375,0.9000244140625,0.009985504912224191,0.9900144950877758,12418.0,0.15716152094584548,0.12362167239189148,0.16436272851376402,2.0,12294.0,0.1750447372702131,0.11787114070938412,0.25841874084919475,0.1885938251350146,0.28639986985521393,0.2121680532768914,0.08730679766970509,0.2303379459456364,10.589519409964739,0.048064405884502344,12294.0,0.9948310251347721,0.45379795010553686,0.07062026515151515,1.8320351086970952,0.2582467973082404,165.0,0.07677580808377117,0.21747937072338897,11.147756038073835,0.04483843556482569,12294.0,0.9948055143468082,0.40432480463209064,0.06882102272727272,1.8592191197193197,0.2524788203353211,165.0,0.0856727490353384,0.2262252407912159,10.671572973956017,0.03567554612457435,12294.0,0.9935374255292118,0.48416925537475747,0.07488162878787878,2.2786401938589527,0.27901596971266235,165.0
socofing:000153:right_thumb,000153,right_thumb,245,central_missing,0.20,5522703494366555958,central_missing:5522703494366555958:0.450000,0.20001220703125,0.79998779296875,0.05411499436302142,0.9458850056369785,12418.0,0.19198189040231436,0.15149953961372375,0.1464434668229217,2.0,11746.0,0.17767750723650605,0.14398641780173577,0.2768602077302912,0.23037826848277726,0.3134684147794994,0.25917555204312437,0.1151260323625324,0.27196571021895805,9.388264623556514,0.03130813532006422,11746.0,0.993597328197211,0.6030155236771341,0.0779079861111111,2.046584527725898,0.2862914572215952,162.0,0.0749842731528927,0.22441760237771455,11.250298139299135,0.04637604848911819,11746.0,0.9666275940835476,0.5684695180949603,0.07785976080246913,1.9002584439965335,0.28502397725239,162.0,0.08349260284328307,0.22832641985977667,10.783519998056184,0.05235354398297359,11746.0,0.9960783119313419,0.5787448491793412,0.07730516975308642,1.9511802526575002,0.28267847539989516,162.0
socofing:000153:right_thumb,000153,right_thumb,245,central_missing,0.30,5522703494366555958,central_missing:5522703494366555958:0.450000,0.29998779296875,0.70001220703125,0.11418908036720889,0.8858109196327911,12418.0,0.1407852598356478,0.1112256720662117,0.13123509596833538,2.0,11000.0,0.1380909090909091,0.10558894487673585,0.21409090909090908,0.1689423118027774,0.23836363636363636,0.19006010077812455,0.08705130708794075,0.23473646818380803,10.602247035033617,0.04892109023783483,11000.0,0.9784257393330336,0.25299350414189803,0.07607171474358974,2.037725796791615,0.2806748573188331,156.0,0.072196747523257,0.2169778061262755,11.414823670358867,0.0719090252664884,11000.0,0.9766520839184523,0.3329733530570067,0.07514523237179487,1.9144748786682761,0.2754582327189493,156.0,0.07917478579860128,0.22174502119227227,11.014131029053566,0.07957015915336428,11000.0,0.9686274491250515,0.42337771339314456,0.06522936698717949,1.5076778473956207,0.2376499379003385,156.0
socofing:000153:right_thumb,000153,right_thumb,245,central_missing,0.40,5522703494366555958,central_missing:5522703494366555958:0.450000,0.4000244140625,0.5999755859375,0.21517152520534708,0.7848284747946529,12418.0,0.19358470355879712,0.15292541682720184,0.131479235306008,0.0,9746.0,0.18099733223886721,0.14518852766909787,0.2761132772419454,0.23230164427055658,0.30761337984814285,0.2613393498043762,0.0769849334174038,0.2235041003585972,11.135942615019719,0.11031387667195308,9746.0,0.9192447029054165,0.39633802625533715,0.06622149493243243,1.2779245990307002,0.23699555869667668,148.0,0.07177149808037354,0.21964109849346056,11.440479886813026,0.11174040622484385,9746.0,0.9377527232281864,0.31822686719993243,0.059728673986486486,1.1175502621986422,0.2126993627460886,148.0,0.0769849334174038,0.2235041003585972,11.135942615019719,0.11031387667195308,9746.0,0.9192447029054165,0.39633802625533715,0.06622149493243243,1.2779245990307002,0.23699555869667668,148.0
socofing:000153:right_thumb,000153,right_thumb,245,central_missing,0.50,5522703494366555958,central_missing:5522703494366555958:0.450000,0.5,0.5,0.3403124496698341,0.6596875503301659,12418.0,0.15445053249034876,0.12171214818954468,0.1697810404927555,2.0,8192.0,0.1439208984375,0.11583789936776157,0.228515625,0.18534063898841852,0.2535400390625,0.2085082188619708,0.08948018861698966,0.23596231956656766,10.482731091168533,0.1828366403063059,8192.0,0.9945223922841251,0.2802061704812607,0.055739182692307696,1.0310147574943955,0.19810534102856012,130.0,0.06809822335518691,0.21288541439565734,11.668642184411603,0.17087383261975198,8192.0,0.8499287348240614,0.22393255570363263,0.055408653846153844,0.9644927720909559,0.1966305046050378,130.0,0.07531659111821266,0.21832703051398994,11.231093446836853,0.14906417893560447,8192.0,0.9152749758213758,0.2139600260302202,0.058082932692307694,1.0582026596087513,0.2048046803340041,130.0
socofing:000153:right_thumb,000153,right_thumb,245,central_missing,0.60,5522703494366555958,central_missing:5522703494366555958:0.450000,0.5999755859375,0.4000244140625,0.4722177484296988,0.5277822515703012,12418.0,0.22149440696190725,0.17472173273563385,0.19148781010124033,2.0,6554.0,0.18996032956972841,0.16612080522143044,0.3042416844675008,0.2657932883542887,0.3411657003356729,0.2990174493985748,0.1339722453508631,0.2904841678852524,8.729851638698605,0.1391175061980423,6554.0,0.9903709879145026,0.14450393593859392,0.05592698317307692,1.0536479287870142,0.1938600954753718,104.0,0.07952928214072083,0.22810301774937114,10.994729376243315,0.1781155288128298,6554.0,0.8795692883431911,0.13494896660703593,0.04788912259615385,0.7923453242844403,0.16541411962714483,104.0,0.08567221990644826,0.2286388331462638,10.671599796775343,0.17763810308211042,6554.0,0.9560992680490017,0.0904646584169658,0.04755108173076923,0.7509142437087343,0.16398849687125813,104.0
socofing:000153:right_thumb,000153,right_thumb,245,central_missing,0.70,5522703494366555958,central_missing:5522703494366555958:0.450000,0.70001220703125,0.29998779296875,0.6042035754549847,0.3957964245450153,12418.0,0.2558773834287373,0.20157620310783386,0.14104912249861334,2.0,4915.0,0.22746693794506612,0.19190803757155292,0.36968463886063074,0.30705286011448474,0.41566632756866734,0.34543446762879526,0.11686967187292467,0.26936666315586316,9.322981752974739,0.12190942824470866,4915.0,0.9670936465263367,0.09500499108614206,0.060084292763157895,1.0294091639927543,0.20647081829769948,76.0,0.08201076201833875,0.23037310471438016,10.86129152756582,0.12234813459123856,4915.0,0.9159027840942144,0.1811851405899354,0.0629625822368421,1.0824263320441048,0.2173741699926227,76.0,0.10569304704321136,0.25538240052032024,9.759535815675632,0.12027533093451886,4915.0,0.9813748896121979,0.23554967518756323,0.06404194078947369,1.1052388351213658,0.22129697036496307,76.0
socofing:000153:right_thumb,000153,right_thumb,245,central_missing,0.80,5522703494366555958,central_missing:5522703494366555958:0.450000,0.79998779296875,0.20001220703125,0.7361088742148494,0.2638911257851506,12418.0,0.2352535663768096,0.18558867275714874,0.1598149518964309,0.0,3277.0,0.2142203234665853,0.17644017478260718,0.35306682941714984,0.28230427965217153,0.40006103143118704,0.31759231460869286,0.10674752350706629,0.25464706526239916,9.716421916162064,0.1629943205033676,3277.0,0.9685462703928351,0.3144860991945436,0.0659375,1.1455148504811037,0.22597604036734747,50.0,0.07862580863512786,0.22451673501664543,11.044348749779243,0.1629112313281658,3277.0,0.9293932523578405,0.1641188506993956,0.057265625,0.955727095624045,0.19634333812393145,50.0,0.10674752350706629,0.25464706526239916,9.716421916162064,0.1629943205033676,3277.0,0.9685462703928351,0.3144860991945436,0.0659375,1.1455148504811037,0.22597604036734747,50.0
socofing:000153:right_thumb,000153,right_thumb,245,peripheral_only,0.10,6222343088873483210,peripheral_only:6222343088873483210:0.450000,0.0999755859375,0.9000244140625,0.12989209212433564,0.8701079078756644,12418.0,0.2380865379761127,0.18799467384815216,0.2208161891737728,1.0,10805.0,0.24238778343359554,0.17856490348208454,0.3715872281351226,0.28570384557133527,0.41323461360481256,0.3214168262677521,0.11227082764599625,0.256955162707237,9.497330757797474,0.12882019888952567,10805.0,0.9959929580800235,0.32239217541894827,0.055592606707317076,1.1288463375396431,0.19825722991783062,164.0,0.07413494467536177,0.2134039301202408,11.299770322051522,0.13408912887070926,10805.0,0.9079579673707485,0.3147844079811805,0.054878048780487805,1.0390929033080119,0.19486318705075395,164.0,0.08653190201812572,0.22646898040048044,10.628237501518567,0.10748201929881347,10805.0,0.9713827962987125,0.4708494211562768,0.052281821646341466,1.0028662636106667,0.18719797017177567,164.0
socofing:000153:right_thumb,000153,right_thumb,245,peripheral_only,0.20,6222343088873483210,peripheral_only:6222343088873483210:0.450000,0.20001220703125,0.79998779296875,0.23812208085037848,0.7618779191496216,12418.0,0.2177465919926156,0.17141903936862946,0.20996177529256133,2.0,9461.0,0.19966176936898847,0.16330994399446172,0.31529436634605223,0.26129591039113875,0.35577634499524363,0.29395789919003107,0.1114206057542602,0.25997514828265655,9.53034484765308,0.12591837306212988,9461.0,0.989955305121839,0.20702782069844952,0.049638605442176874,0.8811449803467457,0.17836125416109844,147.0,0.07713158272308991,0.22208642941511653,11.127677569189245,0.1257606622803999,9461.0,0.9552827440202236,0.19537004192955634,0.05492665816326531,1.0838676526195883,0.19593416329679386,147.0,0.09436003760632015,0.24023513349254288,10.252118947023591,0.11959929847108557,9461.0,0.955751296132803,0.3506308799477519,0.05787627551020408,1.1965053519410545,0.2056646845932503,147.0
socofing:000153:right_thumb,000153,right_thumb,245,peripheral_only,0.30,6222343088873483210,peripheral_only:6222343088873483210:0.450000,0.29998779296875,0.70001220703125,0.3375744886455146,0.6624255113544855,12418.0,0.20200119711792597,0.15909409523010254,0.27123636565728576,1.0,8226.0,0.21164600048626306,0.15150089783844448,0.3227571115973742,0.24240143654151117,0.35788961828349136,0.27270161610920013,0.11300242202774881,0.25627136777374515,9.469122480031855,0.17591612248868702,8226.0,0.9904825091362,0.28441542441129203,0.04792076771653543,0.8917005065145814,0.17101917367689196,127.0,0.06984987057933173,0.20480645181316645,11.558343942274533,0.20364437921956438,8226.0,0.9407028518617153,0.2429656339157752,0.04293799212598425,0.7750379680084658,0.15326522828592468,127.0,0.08276309063478147,0.21842247154450448,10.821632997780647,0.1988974717652609,8226.0,0.9659654796123505,0.29765087542896185,0.0383550688976378,0.6831897963416953,0.1373323579083338,127.0
socofing:000153:right_thumb,000153,right_thumb,245,peripheral_only,0.40,6222343088873483210,peripheral_only:6222343088873483210:0.450000,0.4000244140625,0.5999755859375,0.4369463681752295,0.5630536318247705,12418.0,0.18766630947032928,0.14786791801452637,0.247726580678722,1.0,6992.0,0.18721395881006864,0.14074973210274697,0.28832951945080093,0.22519957136439514,0.32165331807780323,0.2533495177849445,0.09643786436356436,0.24019654081500075,10.157524157291448,0.19334127523334757,6992.0,0.9835662823170424,0.15561179611013679,0.03982099514563107,0.6433299589372844,0.13970199952605986,103.0,0.0680390929300868,0.20693511421323285,11.67241484860819,0.2209071212021458,6992.0,0.9256364069879055,0.1544426737021299,0.04088288834951456,0.6795423694451572,0.14298183891845867,103.0,0.08293980398088698,0.22151803510289936,10.812369953780742,0.2182940742385835,6992.0,0.9722805917263031,0.18931585869315407,0.04164138349514563,0.6998966504259461,0.14538398342482398,103.0
socofing:000153:right_thumb,000153,right_thumb,245,peripheral_only,0.50,6222343088873483210,peripheral_only:6222343088873483210:0.450000,0.5,0.5,0.5417136414881624,0.45828635851183763,12418.0,0.20662929365814087,0.1628497987985611,0.22974679891829308,1.0,5691.0,0.21085925144965736,0.15497197024360562,0.3280618520470919,0.24795515238976903,0.36443507292215777,0.2789495464384901,0.09709050183068271,0.23907085929838034,10.128232541732151,0.19274993640486654,5691.0,0.9797155559062958,0.14133906536424654,0.05275909810126582,0.9915698526147326,0.18682109567704036,79.0,0.07013605077809845,0.20645239364960974,11.540586920268915,0.239717465438254,5691.0,0.8647638484835625,0.14208354752908625,0.04638053797468354,0.8303331001028964,0.1628860740183484,79.0,0.09069813584572511,0.23002943776306037,10.424016390725935,0.23469900200139668,5691.0,0.9442859888076782,0.2410893321797857,0.052412974683544306,0.9286305318747374,0.1874301132874009,79.0
socofing:000153:right_thumb,000153,right_thumb,245,peripheral_only,0.60,6222343088873483210,peripheral_only:6222343088873483210:0.450000,0.5999755859375,0.4000244140625,0.646883556128201,0.35311644387179897,12418.0,0.2097059555263947,0.1658976823091507,0.2219607437822476,2.0,4385.0,0.21847206385404788,0.15727946664479603,0.3297605473204105,0.25164714663167365,0.36259977194982895,0.28310303996063285,0.10460011827550542,0.24721436054863147,9.804678243944586,0.24613985358305668,4385.0,0.980477511882782,0.15575563450565189,0.0504127358490566,0.868227007907526,0.17658333602701018,53.0,0.07248126021685634,0.21014380168813274,11.39774264276211,0.2696603368180296,4385.0,0.938964705914259,0.10227925854819897,0.047612028301886794,0.7885859797389376,0.16460422005679687,53.0,0.09494593530109052,0.23942480779421796,10.225236229658554,0.23311646294457797,4385.0,0.9769335985183716,0.14514163872848326,0.05829893867924528,1.0212496239233144,0.19812352594629604,53.0
socofing:000153:right_thumb,000153,right_thumb,245,peripheral_only,0.70,6222343088873483210,peripheral_only:6222343088873483210:0.450000,0.70001220703125,0.29998779296875,0.7508455467869222,0.24915445321307783,12418.0,0.22312433691123415,0.1763802319765091,0.23002665358672195,1.0,3094.0,0.21557853910795088,0.16734325268342562,0.3471234647705236,0.267749204293481,0.3907563025210084,0.3012178548301661,0.09561969345925378,0.2374261051996442,10.194526529134773,0.28011086914525785,3094.0,0.9540676474571228,0.13848983506737372,0.04985608552631579,0.9797753591347345,0.1677086570940099,38.0,0.0645395367612661,0.20180799975872651,11.901741561113505,0.3092364993333041,3094.0,0.8501132121309638,0.08631732814263152,0.05067845394736842,0.8636299865194509,0.172480646719446,38.0,0.08207150012638136,0.22185853648068096,10.858076283452998,0.27502633239038793,3094.0,0.9235324244946241,0.09786563938239405,0.050370065789473686,0.8133994401599306,0.16975781134700463,38.0
socofing:000153:right_thumb,000153,right_thumb,245,peripheral_only,0.80,6222343088873483210,peripheral_only:6222343088873483210:0.450000,0.79998779296875,0.20001220703125,0.8425672411016266,0.15743275889837338,12418.0,0.24409482127463625,0.1927521675825119,0.21093942790789125,2.0,1955.0,0.23836317135549873,0.1830711159559772,0.38516624040920716,0.29291378552956354,0.43120204603580564,0.32952800872075894,0.10868410843057759,0.2551949573361584,9.638339529280094,0.29249625314785493,1955.0,0.9535776078701019,0.04216646517314135,0.05359375,0.8223052702542993,0.17956918661123825,25.0,0.07030157200832989,0.20958883632522296,11.530349636443288,0.31618699028971664,1955.0,0.851333437487483,0.04846270548683478,0.06109375,1.0041512980540945,0.20655385518999306,25.0,0.10450282284239337,0.2496114309829519,9.808719781814737,0.24638348969038443,1955.0,0.9722077250480652,0.053183958301855135,0.0896875,1.8104806372330606,0.30682185092900355,25.0
socofing:000153:right_thumb,000153,right_thumb,245,central_only,0.10,14596753688093712870,central_only:14596753688093712870:0.450000,0.0999755859375,0.9000244140625,0.1319052987598647,0.8680947012401353,12418.0,0.2260730754263842,0.17906883358955383,0.16150030348200858,0.0,10780.0,0.24916512059369203,0.16955480656978814,0.3725417439703154,0.271287690511661,0.413543599257885,0.3051986518256186,0.10743520741717869,0.2493684289191205,9.688533733726354,0.07697615594579665,10780.0,0.9842965584248304,0.3682455894845109,0.045080236486486486,1.054929304969009,0.1690763557314727,148.0,0.08991127831892531,0.22885783346588437,10.46185827683277,0.07315832045310479,10780.0,0.9842728953808546,0.3483806249211534,0.052364864864864864,1.305808429965803,0.19385939533392563,148.0,0.10743520741717869,0.2493684289191205,9.688533733726354,0.07697615594579665,10780.0,0.9842965584248304,0.3682455894845109,0.045080236486486486,1.054929304969009,0.1690763557314727,148.0
socofing:000153:right_thumb,000153,right_thumb,245,central_only,0.20,14596753688093712870,central_only:14596753688093712870:0.450000,0.20001220703125,0.79998779296875,0.2638911257851506,0.7361088742148494,12418.0,0.22446302105795088,0.17834866046905518,0.2334386946476589,1.0,9141.0,0.248769281260256,0.16834726579346315,0.36877803303796086,0.26935562526954104,0.41034897713598073,0.3030250784282337,0.12781622385984917,0.26964423652857944,8.934140171821994,0.08068632633325848,9141.0,0.9959496851079166,0.32269522124611844,0.05811737804878049,1.861426850333201,0.22223663237332014,123.0,0.082998498167591,0.21865578637545088,10.809297659784917,0.11072507324564414,9141.0,0.9752015466801822,0.30153646805002265,0.052496189024390245,1.5180199362201892,0.20006605288345497,123.0,0.11221434406383969,0.25171431857598814,9.499516248124479,0.09402366949500196,9141.0,0.9960693712346256,0.33412765680192114,0.07002667682926829,2.8624935913684393,0.2663044465056359,123.0
socofing:000153:right_thumb,000153,right_thumb,245,central_only,0.30,14596753688093712870,central_only:14596753688093712870:0.450000,0.29998779296875,0.70001220703125,0.3957964245450153,0.6042035754549847,12418.0,0.22748314661718896,0.1801334172487259,0.3112171090973458,2.0,7503.0,0.23150739704118353,0.17061235996289173,0.3507930161268826,0.2729797759406268,0.38771158203385314,0.30710224793320506,0.12475557761376158,0.2651962153418688,9.039400286887092,0.1320205447431987,7503.0,0.9951185579411685,0.30372318348410254,0.0426171875,0.8380986388757001,0.16237600972274877,100.0,0.08498021361064502,0.2217156278760415,10.70682181580138,0.16392032614699625,7503.0,0.9450604910962284,0.2291887213127482,0.04671875,1.0469213401597393,0.17788753154392142,100.0,0.10422543967989165,0.2384890827772225,9.820262641062179,0.14659194294979053,7503.0,0.9957878584973514,0.2922351195847607,0.05109375,1.6435918886364667,0.19254967160215447,100.0
socofing:000153:right_thumb,000153,right_thumb,245,central_only,0.40,14596753688093712870,central_only:14596753688093712870:0.450000,0.4000244140625,0.5999755859375,0.5277822515703012,0.47221774842969877,12418.0,0.20259627702223706,0.16102668642997742,0.34245406085117547,1.0,5864.0,0.2225443383356071,0.1519472077666778,0.3379945429740791,0.2431155324266845,0.36971350613915416,0.27350497398002005,0.1118364874990659,0.24826231979435287,9.51416481474364,0.1966407395292296,5864.0,0.9895819420926273,0.19805540127240373,0.04196068548387097,0.924080298353477,0.1587323985639972,62.0,0.07706566015085287,0.20714974154851312,11.131390970358561,0.20701757584057082,5864.0,0.9528478970751166,0.18211576600025883,0.04202368951612903,0.8781231683383113,0.15687119046781026,62.0,0.10257540151715776,0.23628768135808118,9.889567743723125,0.17218209135342674,5864.0,0.9753724914044142,0.2298618648322936,0.038180443548387094,0.7860450231755326,0.14421712101135356,62.0
socofing:000153:right_thumb,000153,right_thumb,245,central_only,0.50,14596753688093712870,central_only:14596753688093712870:0.450000,0.5,0.5,0.6596875503301659,0.3403124496698341,12418.0,0.2296662733680462,0.18316026031970978,0.3567422966404031,1.0,4226.0,0.2692853762423095,0.17224970502603465,0.39446284902981543,0.2755995280416555,0.434690014197823,0.31004946904686237,0.10856323887312237,0.24558579722753035,9.643172084236527,0.27021696510862075,4226.0,0.979260204359889,0.18073707110854872,0.043359375,0.9140521609419422,0.1643622317020506,30.0,0.051724368872307684,0.17182781243724576,12.86304799781539,0.340037953228052,4226.0,0.9450553618371487,0.20730548095806564,0.0421875,1.023834580210509,0.16102774883278848,30.0,0.07316477020240483,0.19829289441175893,11.356979871069662,0.28557092477746293,4226.0,0.9450837336480618,0.17950558627643992,0.05546875,1.5853509765248426,0.21056611404683495,30.0
socofing:000153:right_thumb,000153,right_thumb,245,central_only,0.60,14596753688093712870,central_only:14596753688093712870:0.450000,0.5999755859375,0.4000244140625,0.7891770011273957,0.21082299887260425,12418.0,0.19679411197698293,0.156245157122612,0.4757185401738246,2.0,2618.0,0.23834988540870894,0.14759558398273723,0.36707410236822,0.2361529343723795,0.40565317035905274,0.26567205116892695,0.07300661016382727,0.1920026443193249,11.366378162123018,0.3597085723593405,2618.0,0.9193437676876783,0.18698648465321793,0.02734375,0.6359648030837864,0.11333163932095143,9.0,0.04493811391768407,0.1528573616376151,13.47385159160579,0.4086213877849149,2618.0,0.7818084806203842,0.19217012691623533,0.027777777777777776,0.671697637928874,0.11679653762666461,9.0,0.05717463320030528,0.16722579222372425,12.427966128968915,0.3574267073194713,2618.0,0.837624303996563,0.21330441458780908,0.022569444444444444,0.4112334876609957,0.08959299778452667,9.0
socofing:000153:right_thumb,000153,right_thumb,245,central_only,0.70,14596753688093712870,central_only:14596753688093712870:0.450000,0.70001220703125,0.29998779296875,0.889676276373007,0.11032372362699305,12418.0,0.18238539031532267,0.1447073221206665,0.49529534706227635,0.0,1370.0,0.2416058394160584,0.136789042736492,0.3613138686131387,0.21886246837838724,0.3927007299270073,0.2462202769256856,0.06322227300878214,0.17596800106876687,11.991298941746143,0.3339087570547654,1370.0,0.8867649398744106,0.20443672080962982,nan,nan,nan,0.0,0.04389039127346751,0.14830192331068326,13.576305474951857,0.3806335778524702,1370.0,0.781457182019949,0.1866508115894364,nan,nan,nan,0.0,0.06322227300878214,0.17596800106876687,11.991298941746143,0.3339087570547654,1370.0,0.8867649398744106,0.20443672080962982,nan,nan,nan,0.0
socofing:000153:right_thumb,000153,right_thumb,245,central_only,0.80,14596753688093712870,central_only:14596753688093712870:0.450000,0.79998779296875,0.20001220703125,0.9533741343211467,0.046625865678853295,12418.0,0.16934348048323797,0.13379599153995514,0.654479073997254,0.0,579.0,0.2158894645941278,0.12700761036242847,0.3488773747841105,0.20321217657988552,0.38341968911917096,0.22861369865237122,0.0460839241615452,0.14913345826226762,13.364505467475421,0.44540256723161215,579.0,0.689000815153122,0.22528530093401766,nan,nan,nan,0.0,0.03581755881213701,0.1296586633864179,14.459040173297222,0.48514128275263335,579.0,0.5927732549607754,0.23101844594471882,nan,nan,nan,0.0,0.0460839241615452,0.14913345826226762,13.364505467475421,0.44540256723161215,579.0,0.689000815153122,0.22528530093401766,nan,nan,nan,0.0
socofing:000153:right_thumb,000153,right_thumb,245,disconnected_fragments,0.10,7706999683833109804,disconnected_fragments:7706999683833109804:0.450000,0.0999755859375,0.9000244140625,0.12208085037848285,0.8779191496215172,12418.0,0.22839340004273337,0.18014447391033173,0.20098767353347252,0.0,10902.0,0.22748119611080536,0.17129505003205003,0.35085305448541554,0.2740720800512801,0.38937809576224547,0.30833109005769005,0.10063627451321704,0.24379590558399172,9.97245448889066,0.08854108313300986,10902.0,0.9841634016484022,0.31092082113370406,0.05667747641509434,1.4857159990735134,0.21037369276021753,159.0,0.08132051506306931,0.22376103282955256,10.897998793165808,0.09273863543704287,10902.0,0.9686274491250515,0.408431887494053,0.05481033805031447,1.4734583078016081,0.20353898768464204,159.0,0.10063627451321704,0.24379590558399172,9.97245448889066,0.08854108313300986,10902.0,0.9841634016484022,0.31092082113370406,0.05667747641509434,1.4857159990735134,0.21037369276021753,159.0
socofing:000153:right_thumb,000153,right_thumb,245,disconnected_fragments,0.20,7706999683833109804,disconnected_fragments:7706999683833109804:0.450000,0.20001220703125,0.79998779296875,0.21976163633435336,0.7802383636656467,12418.0,0.20511594513447148,0.1613919734954834,0.19030516042767137,0.0,9689.0,0.1977500258024564,0.1538369588508536,0.2979667664361647,0.24613913416136576,0.32913613375993395,0.2769065259315365,0.10096991848626077,0.24978619697496537,9.958079943491937,0.08705653849936879,9689.0,0.9854859705083072,0.5388318771508921,0.050318287037037036,1.3187082667021812,0.19037703960856106,135.0,0.08442439875366586,0.23149252552352634,10.735320236021746,0.10916878724911858,9689.0,0.9278020821511745,0.44126273440871794,0.061516203703703705,2.2608186469316354,0.2342754041251032,135.0,0.10096991848626077,0.24978619697496537,9.958079943491937,0.08705653849936879,9689.0,0.9854859705083072,0.5388318771508921,0.050318287037037036,1.3187082667021812,0.19037703960856106,135.0
socofing:000153:right_thumb,000153,right_thumb,245,disconnected_fragments,0.30,7706999683833109804,disconnected_fragments:7706999683833109804:0.450000,0.29998779296875,0.70001220703125,0.32340151393138994,0.6765984860686101,12418.0,0.2006072764934684,0.1578267365694046,0.20831077155157915,2.0,8402.0,0.20173768150440372,0.15045545737010133,0.3039752439895263,0.2407287317921621,0.33860985479647704,0.27081982326618237,0.11426118894384008,0.2620481060069299,9.421012612043812,0.07996427420012665,8402.0,0.9680641852319241,0.21647060352062805,0.0430366847826087,1.1350315544762202,0.16440775270334837,115.0,0.08167024774697325,0.22576633525084083,10.87936126975717,0.09305376324035894,8402.0,0.9679061733186245,0.28064194050174407,0.046297554347826085,1.3235741728827037,0.17655751875740655,115.0,0.09964418979850624,0.24490335427965748,10.015480197132511,0.09167738990354998,8402.0,0.9671785794198513,0.401986726040614,0.05529891304347826,1.77714199284469,0.21059298206698462,115.0
socofing:000153:right_thumb,000153,right_thumb,245,disconnected_fragments,0.40,7706999683833109804,disconnected_fragments:7706999683833109804:0.450000,0.4000244140625,0.5999755859375,0.4341278788854888,0.5658721211145112,12418.0,0.20853216218561577,0.16468141973018646,0.2866018998884691,0.0,7027.0,0.22029315497367297,0.1563991216392118,0.3285897253450975,0.2502385946227389,0.36786679948769035,0.2815184189505812,0.08885848541906409,0.22686271632969712,10.513010935231096,0.12443180876055121,7027.0,0.9155263286083937,0.19331105262265025,0.043569711538461536,1.1985702771220639,0.16874353955751054,91.0,0.0775204325382705,0.2160789527339479,11.105838127315426,0.12757265194917117,7027.0,0.9165673218667507,0.22564792718367113,0.04678914835164835,1.1535589843270937,0.17745335480425156,91.0,0.08885848541906409,0.22686271632969712,10.513010935231096,0.12443180876055121,7027.0,0.9155263286083937,0.19331105262265025,0.043569711538461536,1.1985702771220639,0.16874353955751054,91.0
socofing:000153:right_thumb,000153,right_thumb,245,disconnected_fragments,0.50,7706999683833109804,disconnected_fragments:7706999683833109804:0.450000,0.5,0.5,0.5439684329199549,0.4560315670800451,12418.0,0.19381973700144747,0.15285871922969818,0.29145710649891726,2.0,5663.0,0.19177114603567014,0.1453648027510856,0.3007239978809818,0.23258368440173696,0.3427511919477309,0.26165664495195406,0.09816598642430376,0.24150068622688334,10.080389650348593,0.1210832691854348,5663.0,0.9322265088558197,0.13240916126452873,0.06094820205479452,2.2574776867702195,0.24660582275204246,73.0,0.07840076659755757,0.2166976692296766,11.05679690791819,0.12179548373266107,5663.0,0.9016377851366997,0.1381160794976795,0.06298159246575342,2.4359121941042656,0.25518898845616533,73.0,0.10030603632271003,0.23916205950870745,9.986729307606247,0.11613912523334886,5663.0,0.95246147736907,0.3272559625081327,0.06779751712328767,2.3139051010214478,0.2692261031950001,73.0
socofing:000153:right_thumb,000153,right_thumb,245,disconnected_fragments,0.60,7706999683833109804,disconnected_fragments:7706999683833109804:0.450000,0.5999755859375,0.4000244140625,0.640924464487035,0.359075535512965,12418.0,0.2183068911795963,0.17216579616069794,0.33327944192994363,0.0,4459.0,0.21484637811168422,0.16373016838469723,0.3310159228526576,0.26196826941551554,0.369813859609778,0.294714303092455,0.09620053078794066,0.23113537632867973,10.168225317289465,0.19345775027164322,4459.0,0.9389594788663089,0.11873511940074752,0.04065148305084746,1.1277013985405981,0.16596033209995517,59.0,0.07316190265049424,0.21029806105295928,11.3571500877427,0.18476957335668792,4459.0,0.9170496459119022,0.14423900334785217,0.04700741525423729,1.426842840804057,0.19243793972249815,59.0,0.09620053078794066,0.23113537632867973,10.168225317289465,0.19345775027164322,4459.0,0.9389594788663089,0.11873511940074752,0.04065148305084746,1.1277013985405981,0.16596033209995517,59.0
socofing:000153:right_thumb,000153,right_thumb,245,disconnected_fragments,0.70,7706999683833109804,disconnected_fragments:7706999683833109804:0.450000,0.70001220703125,0.29998779296875,0.7356257046223225,0.26437429537767754,12418.0,0.18452688685793942,0.14539046585559845,0.4091613972542764,0.0,3283.0,0.1973804447151995,0.13839516514345454,0.29241547365214743,0.22143226422952728,0.325616813889735,0.24911129725821815,0.0775670404477822,0.20795654704649044,11.103227786437,0.20709215285066077,3283.0,0.8824205324053764,0.1340937177178118,0.051780523255813955,2.2557752638740514,0.22110770346881323,43.0,0.06957464185867597,0.19942415544128897,11.575490205555592,0.18532984447789908,3283.0,0.8770282194018364,0.12480254628877352,0.04596656976744186,1.9138206504164375,0.192461900765403,43.0,0.0775670404477822,0.20795654704649044,11.103227786437,0.20709215285066077,3283.0,0.8824205324053764,0.1340937177178118,0.051780523255813955,2.2557752638740514,0.22110770346881323,43.0
socofing:000153:right_thumb,000153,right_thumb,245,disconnected_fragments,0.80,7706999683833109804,disconnected_fragments:7706999683833109804:0.450000,0.79998779296875,0.20001220703125,0.8378160734417781,0.1621839265582219,12418.0,0.17946801078868047,0.14171315729618073,0.47778846253458385,0.0,2014.0,0.1926514399205561,0.13460100809151035,0.28351539225422046,0.21536161294641656,0.323733862959285,0.24228181456471864,0.0677192499298797,0.19167802343168133,11.692878608572299,0.258067593396953,2014.0,0.8531956039369106,0.041243303841381675,0.026692708333333332,0.7196838068847372,0.11091841774236039,24.0,0.060865633069428667,0.1815378416009162,12.15627856483951,0.266420100947072,2014.0,0.8259779736399651,0.04953155986779933,0.027669270833333332,0.5808359167802061,0.12149155276682362,24.0,0.0677192499298797,0.19167802343168133,11.692878608572299,0.258067593396953,2014.0,0.8531956039369106,0.041243303841381675,0.026692708333333332,0.7196838068847372,0.11091841774236039,24.0
socofing:000153:right_thumb,000153,right_thumb,245,stripes,0.10,14524225080809413886,stripes:14524225080809413886:0.450000,0.0999755859375,0.9000244140625,0.07569656949589305,0.9243034305041069,12418.0,0.17168574502792566,0.13514934480190277,0.21340071940747274,2.0,11478.0,0.17311378288900506,0.12876430877094425,0.25396410524481616,0.20602289403351076,0.277835859905907,0.23177575578769963,0.11221436514421974,0.26436683623478663,9.49951543226694,0.06615043082087842,11478.0,0.9921568622812629,0.6638925063035931,0.05777788765822785,1.29188849481777,0.208174754093839,158.0,0.08545026446812325,0.23259981479920125,10.682865888020059,0.0705111767457451,11478.0,0.9921568622812629,0.6323164668626833,0.06321696993670886,1.555131199372496,0.22967817023965625,158.0,0.09265728697259515,0.23697839805611792,10.331204201924445,0.06696271021754874,11478.0,0.9960120315663517,0.5396922462575958,0.06924940664556962,1.8353479792674376,0.2499478627014726,158.0
socofing:000153:right_thumb,000153,right_thumb,245,stripes,0.20,14524225080809413886,stripes:14524225080809413886:0.450000,0.20001220703125,0.79998779296875,0.16081494604606217,0.8391850539539378,12418.0,0.1918062591409361,0.15067309141159058,0.17494107132801937,1.0,10421.0,0.20094040878994338,0.1438546943557021,0.3083197389885807,0.23016751096912336,0.3473754917954131,0.2589384498402638,0.09822023073418684,0.24484460562242005,10.077990499797515,0.06924132497331821,10421.0,0.9921568622812629,0.6817058976251029,0.059563577586206895,1.6623252855484587,0.21764738482400983,145.0,0.07267843232666989,0.21358053655527257,11.385944489922286,0.08383024199541213,10421.0,0.9921568622812629,0.6579261611027423,0.06104525862068966,1.3898676950536666,0.2192863679411639,145.0,0.0905522392541146,0.2342779027446804,10.43100805607448,0.07597385772953437,10421.0,0.9960740800015628,0.6306519449237291,0.06462823275862069,2.0306750867685612,0.23444726686899212,145.0
socofing:000153:right_thumb,000153,right_thumb,245,stripes,0.30,14524225080809413886,stripes:14524225080809413886:0.450000,0.29998779296875,0.70001220703125,0.2509260750523434,0.7490739249476566,12418.0,0.19093678237537,0.1503746062517166,0.21785347901485858,1.0,9302.0,0.18748656202967104,0.1432025867815275,0.29488282089873147,0.229124138850444,0.3279939797892926,0.25776465620674954,0.09716325553347598,0.2445117788627312,10.12497942235189,0.09520375875337622,9302.0,0.9590332210063934,0.7244698817853195,0.05226089015151515,1.0083026700299365,0.18508726768028,132.0,0.06767254445255107,0.2088197502887793,11.69587493962406,0.10624358472427296,9302.0,0.9099459047429264,0.467231969154988,0.054805871212121215,1.0747955791806993,0.197881851009004,132.0,0.07954383071835865,0.21900798893838816,10.993934978385413,0.09610768592954412,9302.0,0.9960778350941837,0.6463178013510328,0.05155066287878788,1.0499914435016617,0.1852532432894969,132.0
socofing:000153:right_thumb,000153,right_thumb,245,stripes,0.40,14524225080809413886,stripes:14524225080809413886:0.450000,0.4000244140625,0.5999755859375,0.34844580447737156,0.6515541955226285,12418.0,0.21450518231817609,0.16867776215076447,0.18755224580761237,0.0,8091.0,0.21171672228401928,0.16087888673863207,0.3375355333086145,0.25740621878181136,0.3805462859967865,0.28958199612953767,0.07643231682964521,0.21641219702520847,11.167229758058356,0.09619491670686332,8091.0,0.9251333400607109,0.4271555942750913,0.05539466594827586,1.0314591499932253,0.19869330605694643,116.0,0.06285048895366589,0.2029191967715837,12.016913393136957,0.11439142622746826,8091.0,0.8608320280909538,0.4143556267004476,0.051690463362068964,1.0667119349001677,0.18832520629044439,116.0,0.07643231682964521,0.21641219702520847,11.167229758058356,0.09619491670686332,8091.0,0.9251333400607109,0.4271555942750913,0.05539466594827586,1.0314591499932253,0.19869330605694643,116.0
socofing:000153:right_thumb,000153,right_thumb,245,stripes,0.50,14524225080809413886,stripes:14524225080809413886:0.450000,0.5,0.5,0.4492671927846674,0.5507328072153326,12418.0,0.20344942242231043,0.1604272425174713,0.2516562928638477,0.0,6839.0,0.1728322854218453,0.1525870668167328,0.2782570551250183,0.2441393069067725,0.3158356484866208,0.27465672027011906,0.07982129455319022,0.22167573122515738,10.978812330447546,0.12415025985056606,6839.0,0.9370213113725185,0.38869586955508,0.04819036989795918,1.0080720864108497,0.17549162119489653,98.0,0.07353009075602676,0.21852959904242059,11.335348979910327,0.12520000686974866,6839.0,0.9004084281623363,0.35406009272963845,0.047751913265306124,0.8686875776856388,0.17173749626443527,98.0,0.07982129455319022,0.22167573122515738,10.978812330447546,0.12415025985056606,6839.0,0.9370213113725185,0.38869586955508,0.04819036989795918,1.0080720864108497,0.17549162119489653,98.0
socofing:000153:right_thumb,000153,right_thumb,245,stripes,0.60,14524225080809413886,stripes:14524225080809413886:0.450000,0.5999755859375,0.4000244140625,0.5561282009985505,0.44387179900144946,12418.0,0.20655581725641445,0.1626807153224945,0.2936591242364146,2.0,5512.0,0.1957547169811321,0.15491686294231083,0.32365747460087085,0.24786698070769736,0.36937590711175616,0.2788503532961595,0.10809396611342569,0.24853353383158455,9.661985480150614,0.13943272506260135,5512.0,0.9960505361668766,0.1746622738352678,0.04445684523809524,0.8023632626342513,0.1614763469787975,84.0,0.0644544754040402,0.1985424572404397,11.907469219754528,0.18107859981716093,5512.0,0.9090461060404778,0.17730653817068273,0.041201636904761904,0.7234484003578873,0.15038238809728469,84.0,0.07685045066846316,0.20921498322877993,11.14353581355481,0.16474253049294676,5512.0,0.9640859952196479,0.13206764062662965,0.040225074404761904,0.6812281582777161,0.146626435040019,84.0
socofing:000153:right_thumb,000153,right_thumb,245,stripes,0.70,14524225080809413886,stripes:14524225080809413886:0.450000,0.70001220703125,0.29998779296875,0.6656466419713319,0.33435335802866806,12418.0,0.21940820144971518,0.17346318066120148,0.3004295037260321,0.0,4152.0,0.2302504816955684,0.16455615108728638,0.3523603082851638,0.2632898417396582,0.39739884393063585,0.29620107195711554,0.08522830728932432,0.21523921017203954,10.694161369499405,0.23028482741764728,4152.0,0.987692594062537,0.13390981816301256,0.02651127049180328,0.4875487916686001,0.10035935163059227,61.0,0.06787061063302197,0.1994998106797565,11.683182434362196,0.21873943692531522,4152.0,0.9119541039690375,0.10184695992474045,0.03560450819672131,0.5989492726020484,0.12988133192117596,61.0,0.08522830728932432,0.21523921017203954,10.694161369499405,0.23028482741764728,4152.0,0.987692594062537,0.13390981816301256,0.02651127049180328,0.4875487916686001,0.10035935163059227,61.0
socofing:000153:right_thumb,000153,right_thumb,245,stripes,0.80,14524225080809413886,stripes:14524225080809413886:0.450000,0.79998779296875,0.20001220703125,0.7778225157030118,0.22217748429698825,12418.0,0.1910300697625886,0.1510656774044037,0.3721123408549579,2.0,2759.0,0.22290685030808263,0.14327255232194144,0.34650235592606016,0.22923608371510634,0.392533526640087,0.25789059417949456,0.08152212476641958,0.2108308212195657,10.887245095425301,0.2784707089624937,2759.0,0.950805064290762,0.09106084010459226,0.03056066176470588,0.4969396452760668,0.11270644422001741,34.0,0.056257403311138605,0.17825738122975693,12.498203175613217,0.35089740514017603,2759.0,0.8877452500164509,0.03475139390160856,0.035386029411764705,0.6110504173394437,0.13082129188689617,34.0,0.07012389514113483,0.19429543702321375,11.541339683438176,0.33477462522762436,2759.0,0.9568427801132202,0.043112127474245775,0.036420036764705885,0.6772786229468293,0.135482535711035,34.0
socofing:000153:right_thumb,000153,right_thumb,245,severe_partial,0.10,7821980702403615363,severe_partial:7821980702403615363:0.200000,0.0999755859375,0.9000244140625,0.1319052987598647,0.8680947012401353,12418.0,0.23334487838441378,0.18450160324573517,0.19091005704712985,1.0,10780.0,0.2271799628942486,0.17500865878831035,0.35371057513914655,0.28001385406129653,0.3948979591836735,0.3150155858189586,0.111935608348361,0.2570091803364649,9.510317360882798,0.087738446479089,10780.0,0.988377689383924,0.24975850092409096,0.047265625,1.0203323321519344,0.17354695931799907,160.0,0.08174591513308586,0.2234244542516913,10.875339399457669,0.10583707478967126,10780.0,0.9685180746018887,0.3037635473606335,0.05361328125,1.2999054656613356,0.19617587173553264,160.0,0.10700855286917506,0.2492471229523448,9.705815090863762,0.10168595620720211,10780.0,0.9788554292172194,0.3954170800166572,0.04755859375,0.9606467207372434,0.17129145939050053,160.0
socofing:000153:right_thumb,000153,right_thumb,245,severe_partial,0.20,7821980702403615363,severe_partial:7821980702403615363:0.200000,0.20001220703125,0.79998779296875,0.2638911257851506,0.7361088742148494,12418.0,0.26191428948930207,0.20660275220870972,0.2149702769969603,1.0,9141.0,0.2329066841702221,0.19643571711697655,0.36374576085767424,0.31429714738716247,0.41177114101301826,0.35358429081055776,0.11734482390230097,0.2630483395525567,9.305360624373227,0.11898435102983042,9141.0,0.999669075012207,0.45733132245871405,0.055436197916666666,1.226583245493417,0.20354620442292964,120.0,0.08924129496012133,0.23586332134071306,10.494341363940878,0.13126410882888911,9141.0,0.9817637782543898,0.34447993783303255,0.05498046875,1.3940034060888196,0.20423672784532373,120.0,0.11711819162959371,0.2629459503114109,9.313756419837016,0.12044557253826635,9141.0,0.9830846171826124,0.377766226596123,0.05732421875,1.279349756541637,0.20904409057282566,120.0
socofing:000153:right_thumb,000153,right_thumb,245,severe_partial,0.30,7821980702403615363,severe_partial:7821980702403615363:0.200000,0.29998779296875,0.70001220703125,0.39241423739732645,0.6075857626026735,12418.0,0.24636838871147135,0.19461502134799957,0.2297470410234489,0.0,7545.0,0.25208747514910534,0.1847762915336035,0.39363817097415504,0.2956420664537656,0.4344599072233267,0.33259732476048637,0.10037435142160793,0.24108446594284486,9.983772479391833,0.1756905576773086,7545.0,0.9788235416635871,0.37345680834398925,0.052714646464646464,1.0108686865462793,0.19019652593482317,99.0,0.07105220640870454,0.2070474522077831,11.484224312305733,0.1881498995108683,7545.0,0.9193369140848517,0.30817722220195803,0.058830492424242424,1.2096848698128961,0.21108747766872318,99.0,0.10037435142160793,0.24108446594284486,9.983772479391833,0.1756905576773086,7545.0,0.9788235416635871,0.37345680834398925,0.052714646464646464,1.0108686865462793,0.19019652593482317,99.0
socofing:000217:right_middle,000217,right_middle,327,random_rectangles,0.10,8688369502616436212,random_rectangles:8688369502616436212:0.450000,0.0999755859375,0.9000244140625,0.0020147750167897917,0.9979852249832102,10423.0,0.17266487989113635,0.13635961711406708,0.15011133404905078,2.0,10402.0,0.13199384733705058,0.12949865991835227,0.20255720053835802,0.20719785586936362,0.22620649875024035,0.23309758785303408,0.1601415040205651,0.3210848742344185,7.954960969930502,0.02659605509429015,10402.0,1.0,0.7037298739288135,0.046712239583333336,2.212199184580174,0.24082938645423438,144.0,0.12623478102692626,0.28770199131969615,8.988209689671988,0.033916990930399696,10402.0,1.0,0.7954822311466441,0.04283311631944445,1.7884132510763604,0.22304656276217846,144.0,0.11782469780389812,0.2711782750159762,9.287636654428677,0.043334849282126574,10402.0,1.0,0.8976701602044237,0.046685112847222224,1.4932019934826204,0.24450871049352754,144.0
socofing:000217:right_middle,000217,right_middle,327,random_rectangles,0.20,8688369502616436212,random_rectangles:8688369502616436212:0.450000,0.20001220703125,0.79998779296875,0.046915475390962295,0.9530845246090377,10423.0,0.09444667621031999,0.0747225433588028,0.1609840269304367,2.0,9934.0,0.08274612442117979,0.07083500715774,0.12039460438896718,0.11333601145238398,0.13327964566136502,0.12750301288393198,0.12452571049286791,0.28525165818065956,9.047409716814919,0.04839655143452171,9934.0,0.9999982118606567,0.756918586730407,0.043396441605839414,1.768026116249776,0.22552887941079539,137.0,0.10878648099701503,0.26911447930514615,9.634250714870463,0.046962844493170196,9934.0,0.992621660232544,0.6373916213275451,0.03703809306569343,1.4506602363222285,0.192048889352923,137.0,0.10773378177013322,0.2664968582859365,9.676480948829955,0.05294588669748862,9934.0,0.9948751325719059,0.5252259649613641,0.034072764598540146,1.289194961302304,0.17708198618979878,137.0
socofing:000217:right_middle,000217,right_middle,327,random_rectangles,0.30,8688369502616436212,random_rectangles:8688369502616436212:0.450000,0.29998779296875,0.70001220703125,0.09795644248297035,0.9020435575170297,10423.0,0.14832432950243732,0.1178363636136055,0.19378662847995845,2.0,9402.0,0.11784726653903425,0.111243247126828,0.1723037651563497,0.1779891954029248,0.18825781748564135,0.2002378448282904,0.1373955727134875,0.30298156462766473,8.620272612872405,0.05915762860342482,9402.0,0.9889979953877628,0.4727133892296468,0.036915553435114504,1.2751772157210464,0.19178974612570704,131.0,0.10221718433925858,0.2652639390544031,9.904760862331068,0.07096716806228368,9402.0,0.9830619087442756,0.4240599152917726,0.03614026717557252,1.2882990388470204,0.1868487435559569,131.0,0.09233846207177328,0.2484237820775698,10.346173630457026,0.07320933410070811,9402.0,0.9847781648859382,0.4120011818110551,0.03145873091603053,1.187260205309575,0.15962544434112114,131.0
socofing:000217:right_middle,000217,right_middle,327,random_rectangles,0.40,8688369502616436212,random_rectangles:8688369502616436212:0.450000,0.4000244140625,0.5999755859375,0.15724839297706994,0.8427516070229301,10423.0,0.14196543707430329,0.11183679103851318,0.2290266066079905,0.0,8784.0,0.12169854280510019,0.10647407780572744,0.17736794171220402,0.17035852448916391,0.1912568306010929,0.1916533400503094,0.09013891873169622,0.24199131342819052,10.450876558465175,0.1036166253593925,8784.0,0.9725707769393921,0.2659517497917603,0.03184853830645161,0.9859422451405627,0.16432237322268417,124.0,0.09668146142644994,0.2565896992672588,10.146567934666425,0.10024546678866596,8784.0,0.9578164811246097,0.3637430861395321,0.03162802419354839,1.0049106564265142,0.16285677793484896,124.0,0.09013891873169622,0.24199131342819052,10.450876558465175,0.1036166253593925,8784.0,0.9725707769393921,0.2659517497917603,0.03184853830645161,0.9859422451405627,0.16432237322268417,124.0
socofing:000217:right_middle,000217,right_middle,327,random_rectangles,0.50,8688369502616436212,random_rectangles:8688369502616436212:0.450000,0.5,0.5,0.2541494771179123,0.7458505228820878,10423.0,0.15264786883259643,0.12030111253261566,0.21152671085192878,1.0,7774.0,0.147671726267044,0.11448590162444734,0.2233084641111397,0.18317744259911578,0.25122202212503214,0.20607462292400522,0.08995011970738298,0.24012679879124493,10.459982543504333,0.14851101182087317,7774.0,0.9199283644556999,0.2746149835708583,0.03046189692982456,0.8091256025630025,0.15972839432155606,114.0,0.07660047929840587,0.22148268630621265,11.157685129261218,0.16813688354315767,7774.0,0.9256437420845032,0.2386418886790547,0.030633223684210526,0.8339296018837045,0.15848370967816153,114.0,0.0785729961403305,0.2196158572049308,11.047266860506832,0.18393559795862585,7774.0,0.964062093757093,0.2294218386547715,0.036835252192982455,0.9749873900764446,0.19215822099709812,114.0
socofing:000217:right_middle,000217,right_middle,327,random_rectangles,0.60,8688369502616436212,random_rectangles:8688369502616436212:0.450000,0.5999755859375,0.4000244140625,0.3833829031948575,0.6166170968051425,10423.0,0.18587370530233782,0.14696349203586578,0.2836616528853431,2.0,6427.0,0.15123696903687567,0.13940527897675337,0.23339038431616618,0.22304844636280544,0.26186401120273844,0.25092950215815607,0.12109155893870706,0.277226155910059,9.16886129640677,0.19757629968094248,6427.0,0.9807770252227783,0.14163755221686275,0.028564453125,0.7197266635489651,0.14882445238641687,96.0,0.08665705526852192,0.23738588977778124,10.621960730025496,0.2097756056065978,6427.0,0.9424072499386966,0.16553577540530343,0.027018229166666668,0.7456771668436023,0.14351318485778664,96.0,0.08641591583068352,0.22773812516272632,10.634062630665788,0.21692126955437344,6427.0,0.9664569478482008,0.35036627181785457,0.027058919270833332,0.6455095065146623,0.1421400284727152,96.0
socofing:000217:right_middle,000217,right_middle,327,random_rectangles,0.70,8688369502616436212,random_rectangles:8688369502616436212:0.450000,0.70001220703125,0.29998779296875,0.5299817710831815,0.47001822891681855,10423.0,0.17234641853348612,0.13604497909545898,0.2647429845747443,0.0,4899.0,0.1581955501122678,0.1292598139001146,0.23759951010410288,0.20681570224018336,0.26740151051234945,0.23266766502020622,0.08618974342216935,0.22469310330200024,10.6454441213561,0.24780555911373695,4899.0,0.9826247096061707,0.07920968792541022,0.020495129870129872,0.49587649318047244,0.10865127462230627,77.0,0.07687715130727275,0.22099188167817974,11.142027178792297,0.22734331984488632,4899.0,0.8476822338998318,0.061055640753892464,0.022575081168831168,0.5454328331840386,0.11986380038534672,77.0,0.08618974342216935,0.22469310330200024,10.6454441213561,0.24780555911373695,4899.0,0.9826247096061707,0.07920968792541022,0.020495129870129872,0.49587649318047244,0.10865127462230627,77.0
socofing:000217:right_middle,000217,right_middle,327,random_rectangles,0.80,8688369502616436212,random_rectangles:8688369502616436212:0.450000,0.79998779296875,0.20001220703125,0.6855991557133263,0.3144008442866737,10423.0,0.19837410138225933,0.15672262012958527,0.23863967634767985,2.0,3277.0,0.1815685077815075,0.1487805760366945,0.2776930119011291,0.23804892165871122,0.3106499847421422,0.26780503686605006,0.10607164537839435,0.24844024571720005,9.744006943404163,0.22276133516482616,3277.0,0.969745934009552,0.056869244064259646,0.025634765625,0.6007472765620808,0.13701736894074487,48.0,0.08082168246278491,0.22338470337479888,10.924721131027479,0.2515932741438545,3277.0,0.9400681052356958,0.03773892290274766,0.02880859375,0.6759585502602036,0.15250303208545088,48.0,0.08908115274486025,0.22562653490398757,10.502141716616562,0.23875351238480674,3277.0,0.964223176240921,0.023409296975717375,0.036214192708333336,0.8040686564481044,0.19027337394372487,48.0
socofing:000217:right_middle,000217,right_middle,327,irregular,0.10,10901704206774339875,irregular:10901704206774339875:0.450000,0.0999755859375,0.9000244140625,0.06955770891298091,0.9304422910870191,10423.0,0.20762703062587073,0.16343039274215698,0.06722592950800516,1.0,9698.0,0.14044132810888843,0.15572027296940305,0.22179830892967622,0.2491524367510449,0.2491235306248711,0.2802964913449255,0.1390579590910519,0.30768030650966915,8.56804148904082,0.08034710949618454,9698.0,0.984304903075099,0.3396597889261898,0.0361398381294964,0.8418775173612978,0.19163206570795524,139.0,0.09790304735450696,0.2665571749060451,10.09203790028838,0.1083077786687299,9698.0,0.8282600622624159,0.2783206149459974,0.031081384892086332,0.8165642741413419,0.16505110311886284,139.0,0.10721019184856694,0.2715567930508482,9.697639268335772,0.10901576376372343,9698.0,0.9948964710347354,0.28940365974695337,0.037910296762589925,0.9341609868937435,0.20067228945184773,139.0
socofing:000217:right_middle,000217,right_middle,327,irregular,0.20,10901704206774339875,irregular:10901704206774339875:0.450000,0.20001220703125,0.79998779296875,0.19101985992516549,0.8089801400748345,10423.0,0.19354784451448637,0.15254193544387817,0.17880095032083593,1.0,8432.0,0.1418406072106262,0.14516088338586478,0.224146110056926,0.23225741341738368,0.2547438330170778,0.2612895900945566,0.11773516990499404,0.2747547111774515,9.29093785125144,0.10925471890946258,8432.0,0.9846393461339176,0.5299076528222523,0.032978995901639344,0.9682812885726981,0.17206778386179686,122.0,0.08704939572358021,0.24430690293981866,10.602342393062772,0.11895241962750833,8432.0,0.8717140629887581,0.37032912365491893,0.032242571721311473,1.0863273902491273,0.16627797955830223,122.0,0.09004233889151789,0.24172240545544854,10.455532325243901,0.11296900587570798,8432.0,0.8896245341747999,0.4068292460986903,0.03361936475409836,0.8401835456505513,0.17472481163483425,122.0
socofing:000217:right_middle,000217,right_middle,327,irregular,0.30,10901704206774339875,irregular:10901704206774339875:0.450000,0.29998779296875,0.70001220703125,0.2910870190923918,0.7089129809076082,10423.0,0.16879647029625544,0.13309898972511292,0.2621853262088206,1.0,7389.0,0.1594261740424956,0.12659735272219158,0.25037217485451346,0.20255576435550657,0.2798754905941264,0.22787523489994488,0.09655438732090336,0.2397362795267176,10.152279875917987,0.24400775115729312,7389.0,0.9702972760424018,0.2164544281902951,0.02656953828828829,0.6495436612228184,0.13912497097890172,111.0,0.07298973306953745,0.21388665851454394,11.367382246032376,0.27275667008299026,7389.0,0.9077088814228773,0.16296880879306522,0.02759009009009009,1.0570919689707237,0.14439444911353325,111.0,0.08027911571641806,0.21981589200927001,10.953974199612732,0.24973910301430077,7389.0,0.8999466300010681,0.1255047932984482,0.029525619369369368,1.289324082303991,0.15492928350787258,111.0
socofing:000217:right_middle,000217,right_middle,327,irregular,0.40,10901704206774339875,irregular:10901704206774339875:0.450000,0.4000244140625,0.5999755859375,0.3903866449198887,0.6096133550801113,10423.0,0.16533116391392774,0.1305517554283142,0.3373267796441903,2.0,6354.0,0.17264715140069248,0.1239983729354458,0.25967894239848915,0.19839739669671325,0.29225684608120867,0.22319707128380245,0.08282976205581058,0.2166155752187831,10.818135862324894,0.32936728680505856,6354.0,0.9835214912891388,0.08745533925777042,0.0194140625,0.48039874258348947,0.09916890846080306,100.0,0.06016958448380592,0.19169147511899323,12.206229876277279,0.37446282417102345,6354.0,0.8185808639973402,0.07883108069115045,0.017734375,0.5975537078300386,0.09005122866627487,100.0,0.07147359024801628,0.20041722587607613,11.458544019517205,0.3334317295219731,6354.0,0.9107841248624027,0.08185959672555089,0.0195703125,0.584355257596477,0.10216871204219455,100.0
socofing:000217:right_middle,000217,right_middle,327,irregular,0.50,10901704206774339875,irregular:10901704206774339875:0.450000,0.5,0.5,0.48738367072819727,0.5126163292718027,10423.0,0.16350238802830303,0.12905201315879822,0.3164449501338646,1.0,5343.0,0.16339135317237508,0.12262679102122728,0.25060827250608275,0.19620286563396364,0.2794310312558488,0.2207282238382091,0.07987475694322116,0.21405424871249254,10.975904503781875,0.3450263104138155,5343.0,0.9639510810375214,0.07213330002739235,0.019443469101123597,0.5052834918256395,0.10086811137343299,89.0,0.06717334708589903,0.20217176424623534,11.72803011315412,0.3700664711387206,5343.0,0.8255574554204941,0.05476715284295282,0.017995084269662922,0.4432654128669574,0.09315918261746156,89.0,0.07839161328703859,0.21295971624816756,11.057303977490957,0.3353905246758957,5343.0,0.9220672249794006,0.05033119813550713,0.017468398876404494,0.4186019724976553,0.09239709825277465,89.0
socofing:000217:right_middle,000217,right_middle,327,irregular,0.60,10901704206774339875,irregular:10901704206774339875:0.450000,0.5999755859375,0.4000244140625,0.5819821548498513,0.4180178451501487,10423.0,0.15979373271276878,0.12591375410556793,0.4039510965595394,1.0,4357.0,0.16410374110626577,0.1198452995345766,0.24879504246040854,0.19175247925532257,0.2784025705760845,0.21572153916223788,0.0877007013586194,0.21807427776379765,10.5699693348732,0.351061604378802,4357.0,0.9516181349754333,0.0846516168945992,0.025078125,0.5982521962013496,0.13202831127463951,50.0,0.06437004271402379,0.19208831418174604,11.913162026861826,0.3743401822261524,4357.0,0.8865604102611542,0.06661455018682817,0.0225,0.5569235858838678,0.11701206685131169,50.0,0.07610095767575709,0.20299973569877508,11.186098779116907,0.36758437972503283,4357.0,0.9461482167243958,0.05965288293052782,0.020625,0.5057096317683812,0.10879304198384739,50.0
socofing:000217:right_middle,000217,right_middle,327,irregular,0.70,10901704206774339875,irregular:10901704206774339875:0.450000,0.70001220703125,0.29998779296875,0.6816655473472129,0.31833445265278715,10423.0,0.137915357579087,0.10908421128988266,0.3935332237728213,1.0,3318.0,0.14707655213984328,0.10343651818431523,0.22332730560578662,0.16549842909490436,0.25286317058468954,0.1861857327317674,0.07347043646469198,0.1979429412501538,11.338873801414104,0.39370437751966353,3318.0,0.961324006319046,0.08876718964268235,0.021728515625,0.5184612408328357,0.11521183636938628,32.0,0.06042947058223981,0.18477106015066008,12.187512105541092,0.4285936802854237,3318.0,0.8352520018815994,0.08958555327405622,0.020751953125,0.5042119572434578,0.10885731669000555,32.0,0.07038722561609896,0.19337150853055945,11.525061526169644,0.4192310710138379,3318.0,0.9225084772333503,0.10959690470623663,0.020263671875,0.4847160869486888,0.10796513954116096,32.0
socofing:000217:right_middle,000217,right_middle,327,irregular,0.80,10901704206774339875,irregular:10901704206774339875:0.450000,0.79998779296875,0.20001220703125,0.783747481531229,0.21625251846877103,10423.0,0.14985786840711887,0.11846406757831573,0.40353872162533394,2.0,2254.0,0.17834960070984915,0.11239340130533913,0.259094942324756,0.17982944208854262,0.2914818101153505,0.20230812234961046,0.07545824438868944,0.2016201671041439,11.222933033117272,0.3993675116315837,2254.0,0.9753794651478529,0.12102740406922353,0.030729166666666665,0.8029393285214608,0.14710525104511768,15.0,0.06063989610365136,0.1826043144471079,12.172415514665298,0.44902988270001465,2254.0,0.8561020419001579,0.06807285370334154,0.024739583333333332,0.6064109741871881,0.12422860660443392,15.0,0.07399584030371256,0.19363207764574017,11.30792693565246,0.43249972931006914,2254.0,0.9191818758845329,0.06114470496542991,0.03203125,0.7572849443166397,0.16104779600466648,15.0
socofing:000217:right_middle,000217,right_middle,327,central_missing,0.10,7499520754036061979,central_missing:7499520754036061979:0.450000,0.0999755859375,0.9000244140625,0.008826633406888612,0.9911733665931114,10423.0,0.2184076965426374,0.1729050576686859,0.17697306468469437,1.0,10331.0,0.14916271416126223,0.16380577240697805,0.22679314683960894,0.2620892358511649,0.2554447778530636,0.29485039033256044,0.11401118862979506,0.270552577546023,9.4305252654298,0.04931956735360748,10331.0,0.9999932050704956,0.7609049227009628,0.03738064236111111,1.0860016197117563,0.1976764640910602,144.0,0.0986981768831946,0.2644186122455179,10.056908693858958,0.04671206296071763,10331.0,0.9990055561065674,0.8273219175028107,0.042778862847222224,1.2768095634760834,0.22419940238625577,144.0,0.08992468760522977,0.24702087286939983,10.461210622285009,0.05374483349396195,10331.0,0.999966025352478,0.724241495696432,0.049262152777777776,1.6368153664797014,0.2563540192719157,144.0
socofing:000217:right_middle,000217,right_middle,327,central_missing,0.20,7499520754036061979,central_missing:7499520754036061979:0.450000,0.20001220703125,0.79998779296875,0.03425117528542646,0.9657488247145736,10423.0,0.1389194112659661,0.10946880280971527,0.21407814936767852,0.0,10066.0,0.11305384462547188,0.1041895584494746,0.16421617325650706,0.16670329351915933,0.18209815219550965,0.18754120520905423,0.0999824287896641,0.25589085955663327,10.000763175020433,0.06612984755721883,10066.0,0.9989219903945923,0.5882611268141024,0.033517263986013984,1.0851305522208916,0.17417102636765713,143.0,0.09648427403390361,0.25754490717700557,10.15543466519982,0.0637465098276092,10066.0,0.9972047209739685,0.7412443379086373,0.043706293706293704,1.5194872812751496,0.22409886241151794,143.0,0.0999824287896641,0.25589085955663327,10.000763175020433,0.06612984755721883,10066.0,0.9989219903945923,0.5882611268141024,0.033517263986013984,1.0851305522208916,0.17417102636765713,143.0
socofing:000217:right_middle,000217,right_middle,327,central_missing,0.30,7499520754036061979,central_missing:7499520754036061979:0.450000,0.29998779296875,0.70001220703125,0.0720521922671016,0.9279478077328984,10423.0,0.20507831810910673,0.16152891516685486,0.2537698256882361,2.0,9672.0,0.16552936311000827,0.15380873858183006,0.23511166253101737,0.2460939817309281,0.25920181968569067,0.2768557294472941,0.13729115027360506,0.2976189622744772,8.623574562898911,0.059367954329709885,9672.0,1.0,0.4856292171835658,0.04165736607142857,1.4137113727991963,0.21621694041038064,140.0,0.11144042212810519,0.27683642612263903,9.5295725150549,0.08177105123158349,9672.0,1.0,0.570704528046812,0.033956473214285715,1.0648610621993169,0.17624779877928795,140.0,0.13325077830041163,0.2923733754812145,8.753302456365729,0.07192947640177057,9672.0,1.0,0.5052984488704177,0.0296875,0.7675624004164134,0.1572270059197145,140.0
socofing:000217:right_middle,000217,right_middle,327,central_missing,0.40,7499520754036061979,central_missing:7499520754036061979:0.450000,0.4000244140625,0.5999755859375,0.12817806773481724,0.8718219322651828,10423.0,0.12128847000258784,0.09581577032804489,0.2697023834018488,2.0,9087.0,0.1253438978760867,0.09096635250194088,0.17739628040057226,0.1455461640031054,0.19335314185099592,0.16373943450349357,0.10425332089108308,0.2541392756783024,9.819101020932795,0.12652332703569188,9087.0,0.9911215305328369,0.5432097637738207,0.032474347014925374,0.9213519975394396,0.17313219725846635,134.0,0.08897904546991288,0.23792391202182048,10.507122574930449,0.13030965294995125,9087.0,0.9750542636029422,0.490191122563299,0.029034514925373133,0.9034173436125174,0.15496237980468486,134.0,0.08677724330227299,0.23234393362519984,10.615941504458856,0.1371843400154476,9087.0,0.979161380790174,0.5406381062049798,0.03556436567164179,0.9327450450922785,0.18927814288944494,134.0
socofing:000217:right_middle,000217,right_middle,327,central_missing,0.50,7499520754036061979,central_missing:7499520754036061979:0.450000,0.5,0.5,0.22671016022258467,0.7732898397774153,10423.0,0.15951430850575243,0.12596412003040314,0.3095385717940937,1.0,8060.0,0.1446650124069479,0.11963573137931434,0.21352357320099255,0.19141717020690296,0.2369727047146402,0.2153443164827658,0.08871946192796906,0.2341496556416667,10.5198110079062,0.16335773304132728,8060.0,0.9549285154789686,0.3430895523001901,0.0313452743902439,0.846155008039316,0.1685115905863681,123.0,0.08853388636284315,0.23752966296469685,10.528904711820301,0.16357237877323696,8060.0,0.9633262753486633,0.4216664320637514,0.02775660569105691,0.7745307577606629,0.14966299327793411,123.0,0.0874529530483032,0.2335247630102643,10.58225520994573,0.1549059695413877,8060.0,0.980902848765254,0.3724391878277368,0.037284044715447155,0.9975825708871694,0.20043075960780954,123.0
socofing:000217:right_middle,000217,right_middle,327,central_missing,0.60,7499520754036061979,central_missing:7499520754036061979:0.450000,0.5999755859375,0.4000244140625,0.3711983114266526,0.6288016885733474,10423.0,0.17602454934827358,0.13848361372947693,0.28582364033944835,2.0,6554.0,0.12740311260299053,0.13201841201120518,0.20781202319194386,0.21122945921792832,0.2308513884650595,0.23763314162016932,0.10477117880524174,0.2553144237428715,9.797581697120645,0.16725265032665612,6554.0,0.9887716770172119,0.35709256007910445,0.03335053066037736,0.8203813387652027,0.18304260557608054,106.0,0.08502668717983085,0.2403555681274196,10.704447416284577,0.17577283423162568,6554.0,0.8416826720349491,0.3601900741328362,0.026090801886792452,0.6487712880671789,0.14269420066614882,106.0,0.10087383126189937,0.25463984723805105,9.962214840363991,0.17101667942927337,6554.0,0.9783720970153809,0.5393317439601775,0.023953419811320754,0.601417182924725,0.12927118739889779,106.0
socofing:000217:right_middle,000217,right_middle,327,central_missing,0.70,7499520754036061979,central_missing:7499520754036061979:0.450000,0.70001220703125,0.29998779296875,0.5284467044037225,0.47155329559627746,10423.0,0.19211795279922306,0.15116697549819946,0.28336558456820987,2.0,4915.0,0.15422177009155646,0.1440884645994173,0.24577822990844353,0.23054154335906762,0.2811800610376399,0.2593592362789511,0.12929160076921528,0.2791136680562182,8.884296874789593,0.16824515678201335,4915.0,0.9970621466636658,0.2918107975838256,0.026329139610389612,0.6466753579976039,0.1421687514593905,77.0,0.08267208040959768,0.23154328016550985,10.826411333890418,0.20341435796597468,4915.0,0.9169837832450867,0.18938325391951932,0.025162337662337664,0.626078586402839,0.1359764041502788,77.0,0.08597057482326402,0.2329207939578984,10.656501694378868,0.20523044903675466,4915.0,0.8761048875749111,0.09617691318951947,0.02531452922077922,0.6078608260448661,0.13685540020802806,77.0
socofing:000217:right_middle,000217,right_middle,327,central_missing,0.80,7499520754036061979,central_missing:7499520754036061979:0.450000,0.79998779296875,0.20001220703125,0.6855991557133263,0.3144008442866737,10423.0,0.2173376594781997,0.17108246684074402,0.3011191587049765,0.0,3277.0,0.16295392126945377,0.16300324460864976,0.2621299969484284,0.2608051913738396,0.2929508696978944,0.2934058402955696,0.09037284932012113,0.23117586773137289,10.439620248511343,0.2504265863837038,3277.0,0.9274344742298126,0.0545089752852718,0.028545673076923076,0.6790796754503166,0.15459426947583665,52.0,0.08320915200769896,0.23381934736050758,10.798289039033724,0.2870082548529615,3277.0,0.865521777421236,0.041443803563149945,0.021334134615384616,0.5337225131784977,0.11561941030620268,52.0,0.09037284932012113,0.23117586773137289,10.439620248511343,0.2504265863837038,3277.0,0.9274344742298126,0.0545089752852718,0.028545673076923076,0.6790796754503166,0.15459426947583665,52.0
socofing:000217:right_middle,000217,right_middle,327,peripheral_only,0.10,16072014275392826788,peripheral_only:16072014275392826788:0.450000,0.0999755859375,0.9000244140625,0.1086059675717164,0.8913940324282836,10423.0,0.19532324294546463,0.153885617852211,0.23275585768516652,0.0,9291.0,0.1532666020880422,0.14649243220909844,0.23721881390593047,0.2343878915345575,0.2649876224303089,0.2636863779763772,0.08847705466074045,0.23717505032800681,10.531693431582562,0.1477623842426364,9291.0,0.9631325006484985,0.6132650106654491,0.031194982394366196,0.98666670583255,0.16574814800457166,142.0,0.08303859401150947,0.23774135615021078,10.807200127977898,0.1502985061605928,9291.0,0.8896109452471137,0.4630841323133418,0.03166263204225352,1.0240467679397198,0.17195767735490378,142.0,0.08847705466074045,0.23717505032800681,10.531693431582562,0.1477623842426364,9291.0,0.9631325006484985,0.6132650106654491,0.031194982394366196,0.98666670583255,0.16574814800457166,142.0
socofing:000217:right_middle,000217,right_middle,327,peripheral_only,0.20,16072014275392826788,peripheral_only:16072014275392826788:0.450000,0.20001220703125,0.79998779296875,0.21260673510505612,0.7873932648949439,10423.0,0.1567395940991315,0.12355504930019379,0.23874814313841877,2.0,8207.0,0.13025466065553795,0.11755469557434861,0.2059217740952845,0.18808751291895778,0.2300475204094066,0.2115984520338275,0.09608235166542319,0.24525887628270995,10.173563758922251,0.18002629972378256,8207.0,0.9615751504898071,0.49023496965234137,0.036117311507936505,0.9217462123244033,0.19537454401401452,126.0,0.07518019968011368,0.2247172948749777,11.238965251258463,0.1967192455628478,8207.0,0.813183605670929,0.37642370249148716,0.03050595238095238,0.8061185935262869,0.1647957999594473,126.0,0.08535866394757848,0.23374755196646674,10.687523912023213,0.1729069794613752,8207.0,0.9091908894479275,0.27305032523153133,0.03639632936507937,0.904392387483723,0.19631594037608038,126.0
socofing:000217:right_middle,000217,right_middle,327,peripheral_only,0.30,16072014275392826788,peripheral_only:16072014275392826788:0.450000,0.29998779296875,0.70001220703125,0.31123476926028976,0.6887652307397103,10423.0,0.16263692490640622,0.12783364951610565,0.23055850935717395,0.0,7179.0,0.13205181780192227,0.12197769367980466,0.20643543669034684,0.19516430988768746,0.23568742164646886,0.21955984862364836,0.08553835927725521,0.2356172796448547,10.678390842600374,0.2134827197758837,7179.0,0.9810951948165894,0.13359865389665346,0.030512971698113206,0.8942109217393606,0.1653587113236741,106.0,0.07535461146450081,0.22618496903067972,11.228901650838623,0.21661682894483958,7179.0,0.799548789858818,0.17160761592887885,0.03147110849056604,0.8608680383336933,0.1709201039845404,106.0,0.08553835927725521,0.2356172796448547,10.678390842600374,0.2134827197758837,7179.0,0.9810951948165894,0.13359865389665346,0.030512971698113206,0.8942109217393606,0.1653587113236741,106.0
socofing:000217:right_middle,000217,right_middle,327,peripheral_only,0.40,16072014275392826788,peripheral_only:16072014275392826788:0.450000,0.4000244140625,0.5999755859375,0.40199558668329655,0.5980044133167035,10423.0,0.14758949878349795,0.1160656288266182,0.23397184755188957,2.0,6233.0,0.12161078132520456,0.11069212408762347,0.19813893791111825,0.17710739854019758,0.22172308679608535,0.19924582335772226,0.09427821788044356,0.24380504266897862,10.25588635439233,0.1690028788879115,6233.0,0.9304699297063053,0.10968223236639539,0.03524210164835165,0.8217182469102581,0.19108565698108876,91.0,0.07664557964014969,0.22558972634645244,11.155128870359363,0.21252498770466713,6233.0,0.8562632193788886,0.13430783437896682,0.03438358516483517,0.7972206922455833,0.18708517233842675,91.0,0.08382595856628842,0.2305016652288711,10.766214716281091,0.21304077742247177,6233.0,0.9099426860921085,0.10112326926719988,0.033353365384615384,0.7663396926250726,0.18099869552803896,91.0
socofing:000217:right_middle,000217,right_middle,327,peripheral_only,0.50,16072014275392826788,peripheral_only:16072014275392826788:0.450000,0.5,0.5,0.487767437398062,0.512232562601938,10423.0,0.17857848941115037,0.1408807933330536,0.21398260113115689,2.0,5339.0,0.14553287132421802,0.13393386705836277,0.2316913279640382,0.21429418729338046,0.2655928076418805,0.241080960705053,0.09535010223319801,0.243538188787659,10.206788369725643,0.23722483440037112,5339.0,0.9711115350946784,0.1297783564414273,0.02937104430379747,0.7118527339187214,0.1621462705286051,79.0,0.08082841864248197,0.22916765264328762,10.924359178185728,0.22549385666232774,5339.0,0.8663868419826031,0.14584262723317173,0.03001384493670886,0.7419896841325934,0.16580506953064958,79.0,0.09101975175234407,0.23615537021720112,10.408643533246176,0.23423659694639826,5339.0,0.9020970426499844,0.15744162218130078,0.03283227848101266,0.8376570818311146,0.1796671855013472,79.0
socofing:000217:right_middle,000217,right_middle,327,peripheral_only,0.60,16072014275392826788,peripheral_only:16072014275392826788:0.450000,0.5999755859375,0.4000244140625,0.5768972464741438,0.42310275352585625,10423.0,0.21347509964072875,0.1681870073080063,0.2749441794873001,1.0,4410.0,0.16802721088435374,0.16010632473054656,0.27006802721088435,0.25617011956887453,0.3052154195011338,0.28819138451498383,0.13714172029142538,0.2856424456768481,8.628304070918237,0.29665166563014106,4410.0,0.9982534646987915,0.09038651753237426,0.024069393382352942,0.6046659766084268,0.13021849596289584,68.0,0.0890274321432501,0.23829710476624183,10.50476152986879,0.2849239508303876,4410.0,0.9356757383793592,0.06434133998570819,0.019186580882352942,0.49024335202651875,0.10486736820256196,68.0,0.09666167090109953,0.24112331622349872,10.14745701884337,0.23781194362819588,4410.0,0.988137423992157,0.1472678256288208,0.030043658088235295,0.7030449394076331,0.1627628762999653,68.0
socofing:000217:right_middle,000217,right_middle,327,peripheral_only,0.70,16072014275392826788,peripheral_only:16072014275392826788:0.450000,0.70001220703125,0.29998779296875,0.6723592056029933,0.32764079439700666,10423.0,0.16589965753406358,0.13056537508964539,0.26562100035729586,0.0,3415.0,0.13850658857979503,0.12442474315054769,0.2348462664714495,0.19907958904087633,0.26764275256222547,0.22396453767098584,0.09175614510236042,0.2326500237118971,10.373648404853899,0.32294131410948884,3415.0,0.9791973819956183,0.05270253558077256,0.02795138888888889,0.7008848766153626,0.15398369589999825,45.0,0.0779830131275701,0.22069135329237488,11.079999884427762,0.33372119194122074,3415.0,0.897923044860363,0.040865395409110265,0.023871527777777776,0.6120821152552145,0.13154732009964143,45.0,0.09175614510236042,0.2326500237118971,10.373648404853899,0.32294131410948884,3415.0,0.9791973819956183,0.05270253558077256,0.02795138888888889,0.7008848766153626,0.15398369589999825,45.0
socofing:000217:right_middle,000217,right_middle,327,peripheral_only,0.80,16072014275392826788,peripheral_only:16072014275392826788:0.450000,0.79998779296875,0.20001220703125,0.7744411397870095,0.22555886021299054,10423.0,0.19689839381994498,0.15550628304481506,0.346171188875199,0.0,2351.0,0.16333475116971502,0.14767379536495873,0.2603147596767333,0.23627807258393396,0.29094002552105486,0.2658128316569257,0.08142322236982227,0.21816886802073623,10.892517141681159,0.3250603473252553,2351.0,0.8747849464416504,0.02720142656266234,0.028981854838709676,0.6809974589593301,0.15945001482177643,31.0,0.08130774849107801,0.22433397973161104,10.898680649032539,0.31725623812956516,2351.0,0.8036870881915092,0.02807011540437523,0.022051411290322582,0.5610648031918586,0.12185797396224311,31.0,0.08142322236982227,0.21816886802073623,10.892517141681159,0.3250603473252553,2351.0,0.8747849464416504,0.02720142656266234,0.028981854838709676,0.6809974589593301,0.15945001482177643,31.0
socofing:000217:right_middle,000217,right_middle,327,central_only,0.10,8871323062647135610,central_only:8871323062647135610:0.450000,0.0999755859375,0.9000244140625,0.15715245130960376,0.8428475486903962,10423.0,0.24788315423275395,0.19621463119983673,0.08635690171400408,1.0,8785.0,0.18474672737620945,0.18591236567456546,0.2836653386454183,0.29745978507930476,0.3178144564598748,0.3346422582142178,0.15920132727889608,0.30765706517494573,7.98053315822611,0.10369716695271958,8785.0,1.0,0.28047510958942273,0.03684793307086614,1.4499986909590126,0.19348065472760487,127.0,0.13038411059040383,0.2874763464819116,8.847753311759627,0.13252073521883562,8785.0,1.0,0.2716570336857279,0.036140501968503935,1.453190559637205,0.18450116509239536,127.0,0.151021363008132,0.30172291525237277,8.209616144266265,0.11059072027907803,8785.0,1.0,0.3272719516309165,0.03875492125984252,1.3254557978934256,0.19844190606769838,127.0
socofing:000217:right_middle,000217,right_middle,327,central_only,0.20,8871323062647135610,central_only:8871323062647135610:0.450000,0.20001220703125,0.79998779296875,0.3144008442866737,0.6855991557133263,10423.0,0.245362603016026,0.1943984180688858,0.13637682887756195,0.0,7146.0,0.1999720123145816,0.1840219522620195,0.3064651553316541,0.2944351236192312,0.3422893926672264,0.3312395140716351,0.1458276973982183,0.29141151902401125,8.361599816092294,0.13729995683915655,7146.0,1.0,0.21829894685351425,0.030436197916666668,0.8107987209148503,0.15282409614087347,96.0,0.12242259333480544,0.27291238258037326,9.121384248771312,0.1796420053142613,7146.0,1.0,0.19385617552963777,0.029581705729166668,0.8481506967339215,0.14714136071328934,96.0,0.1458276973982183,0.29141151902401125,8.361599816092294,0.13729995683915655,7146.0,1.0,0.21829894685351425,0.030436197916666668,0.8107987209148503,0.15282409614087347,96.0
socofing:000217:right_middle,000217,right_middle,327,central_only,0.30,8871323062647135610,central_only:8871323062647135610:0.450000,0.29998779296875,0.70001220703125,0.47155329559627746,0.5284467044037225,10423.0,0.2837207334089498,0.22423970699310303,0.24513683439966175,0.0,5508.0,0.20588235294117646,0.21279055005671238,0.31953522149600583,0.34046488009073983,0.36673928830791575,0.3830229901020823,0.1358605192154127,0.2819891699538894,8.669067300076371,0.17792807930685647,5508.0,0.9882352938875556,0.1779120594719881,0.021763392857142856,0.6424765515226277,0.10522752309818043,63.0,0.11487306536483942,0.2694377007015143,9.397817897163858,0.20784125902277495,5508.0,0.9882352938875556,0.21958712091096053,0.022569444444444444,0.5645415160318938,0.11259592597470833,63.0,0.1358605192154127,0.2819891699538894,8.669067300076371,0.17792807930685647,5508.0,0.9882352938875556,0.1779120594719881,0.021763392857142856,0.6424765515226277,0.10522752309818043,63.0
socofing:000217:right_middle,000217,right_middle,327,central_only,0.40,8871323062647135610,central_only:8871323062647135610:0.450000,0.4000244140625,0.5999755859375,0.6240046052000384,0.3759953947999616,10423.0,0.256832584790696,0.2032773792743683,0.33624686925551917,2.0,3919.0,0.20974738453687164,0.19262443859302197,0.3281449349323807,0.3081991017488352,0.3689716764480735,0.34672398946743954,0.1390716753968397,0.28106590850137575,8.567613133685478,0.2497615486111456,3919.0,1.0,0.17965269198366085,0.026041666666666668,0.8433303432159448,0.12738140663287864,30.0,0.09158441388043137,0.23632742636073042,10.381784296255127,0.29121123745690264,3919.0,1.0,0.1845399940601866,0.025520833333333333,0.5745372088814046,0.12613884056289953,30.0,0.11696201289819769,0.25013734971090645,9.319551661808667,0.2575914241877698,3919.0,1.0,0.20597460553852798,0.023697916666666666,0.672934922954492,0.11828668670255568,30.0
socofing:000217:right_middle,000217,right_middle,327,central_only,0.50,8871323062647135610,central_only:8871323062647135610:0.450000,0.5,0.5,0.7487287729060731,0.2512712270939269,10423.0,0.2105141595770297,0.16721583902835846,0.42051680839357825,1.0,2619.0,0.2325315005727377,0.1578856196827723,0.33867888507063765,0.2526169914924356,0.36884306987399773,0.2841941154289901,0.11012487356205572,0.23505101792543484,9.581145772072103,0.34289961870903113,2619.0,0.9992296695709229,0.19644124534786525,0.017233455882352942,0.37066048786910377,0.08746880408525125,17.0,0.06887119360486608,0.1952084293733015,11.619623902030796,0.39079702802094135,2619.0,0.9882352938875556,0.18511057100367823,0.023207720588235295,0.46078523780132136,0.11997059160398743,17.0,0.07768677859566299,0.19755115493390255,11.096528868815682,0.3654088425990467,2619.0,0.9882352938875556,0.16723157333054942,0.02803308823529412,0.5419248396453008,0.14316818183045793,17.0
socofing:000217:right_middle,000217,right_middle,327,central_only,0.60,8871323062647135610,central_only:8871323062647135610:0.450000,0.5999755859375,0.4000244140625,0.8500431737503598,0.14995682624964024,10423.0,0.18402317091965628,0.14551995694637299,0.3990472364448388,1.0,1563.0,0.18937939859245043,0.13801737818974222,0.27575175943698016,0.22082780510358754,0.3115802943058221,0.248431280741536,0.11142413530868477,0.2515832978006993,9.530207275098935,0.3126508140659858,1563.0,0.9882352938875556,0.09916627575616384,0.013671875,0.33679915796429505,0.07258384183511396,8.0,0.07865679164187203,0.20791652425944862,11.042637721475781,0.3765299599637689,1563.0,0.9882352938875556,0.10009026701679981,0.01708984375,0.3630681833603397,0.08880525447165351,8.0,0.09274238681096111,0.21795761750049303,10.327217313268761,0.35891388642374944,1563.0,0.9882352938875556,0.20633746840124662,0.0302734375,0.6403559827412812,0.1618192350700068,8.0
socofing:000217:right_middle,000217,right_middle,327,central_only,0.70,8871323062647135610,central_only:8871323062647135610:0.450000,0.70001220703125,0.29998779296875,0.9136524992804375,0.08634750071956254,10423.0,0.20991735385523902,0.16675429046154022,0.3568784711566059,2.0,900.0,0.22444444444444445,0.15743801539142926,0.3422222222222222,0.2519008246262868,0.38333333333333336,0.2833884277045727,0.11667626364262708,0.25903485954946115,9.330174868640773,0.32033650955999954,900.0,0.9801674475893378,0.11469440421669005,nan,nan,nan,0.0,0.06521145792426213,0.19487036222591997,11.856760902175644,0.42026771484455483,900.0,0.9168356638401747,0.15896030981748974,nan,nan,nan,0.0,0.08138533637416658,0.20040496712964442,10.894538371925883,0.40983117070769115,900.0,0.931095658801496,0.3369185084091751,nan,nan,nan,0.0
socofing:000217:right_middle,000217,right_middle,327,central_only,0.80,8871323062647135610,central_only:8871323062647135610:0.450000,0.79998779296875,0.20001220703125,0.9515494579295788,0.04845054207042121,10423.0,0.19678357320256754,0.1550440639257431,0.34645153956389435,1.0,505.0,0.22376237623762377,0.14758767990192564,0.3227722772277228,0.23614028784308103,0.3702970297029703,0.26565782382346614,0.09781878501849375,0.2329888446505486,10.095777357392379,0.3188622639839102,505.0,0.9338173251599073,0.3194038734112717,nan,nan,nan,0.0,0.0699711657869091,0.20495419919878097,11.550808902638778,0.3606628434910961,505.0,0.764005534350872,0.27032185024100885,nan,nan,nan,0.0,0.0851582733715013,0.21877491487890924,10.697731526920428,0.3506106082214181,505.0,0.8084951341152191,0.22132191026223028,nan,nan,nan,0.0
socofing:000217:right_middle,000217,right_middle,327,disconnected_fragments,0.10,15720661618971869182,disconnected_fragments:15720661618971869182:0.450000,0.0999755859375,0.9000244140625,0.13364674278038952,0.8663532572196104,10423.0,0.23826470971767555,0.18805579841136932,0.2722558667760546,1.0,9030.0,0.18903654485049834,0.17869853228825666,0.2912513842746401,0.28591765166121064,0.3300110741971207,0.321657358118862,0.12337462210983319,0.2694556197920424,9.087741645420884,0.1377397193410426,9030.0,0.9999979138374329,0.3231847707240598,0.03634899809160305,1.1977580492174398,0.19619366460649207,131.0,0.08705453063928331,0.2369965859005668,10.602086216697064,0.15728042293730898,9030.0,0.8885831832885742,0.43814981237335193,0.02883468511450382,1.0425687708012863,0.15464365849775208,131.0,0.10917846105642484,0.25548455159299505,9.618630316586808,0.14143738224141794,9030.0,0.9968777894973755,0.5965814340268468,0.03634899809160305,0.9621667474339243,0.19848612225348677,131.0
socofing:000217:right_middle,000217,right_middle,327,disconnected_fragments,0.20,15720661618971869182,disconnected_fragments:15720661618971869182:0.450000,0.20001220703125,0.79998779296875,0.2547251271227094,0.7452748728772907,10423.0,0.18745340957567533,0.1480649709701538,0.2023812695477432,2.0,7768.0,0.14430998970133882,0.1405900571817565,0.22116374871266736,0.22494409149081035,0.24806900102986612,0.25306210292716164,0.1176315462553312,0.26914319447794427,9.294761941835285,0.1379650057022859,7768.0,0.9933106298558414,0.3099418223013602,0.03641055045871559,1.0964316836306816,0.19720547105129507,109.0,0.08578654041570555,0.2411458413413367,10.665808459709476,0.16010784804877054,7768.0,0.9102489342913032,0.22807372026304842,0.02981651376146789,0.9116502707566007,0.15718826235253278,109.0,0.09736831708678642,0.24963712626805598,10.115823362711787,0.15838143311620245,7768.0,0.951073884498328,0.2802639538192401,0.04031680045871559,1.2263643940723719,0.21732206156581219,109.0
socofing:000217:right_middle,000217,right_middle,327,disconnected_fragments,0.30,15720661618971869182,disconnected_fragments:15720661618971869182:0.450000,0.29998779296875,0.70001220703125,0.3739806197831718,0.6260193802168281,10423.0,0.1690087728025356,0.13320575654506683,0.2684973357358662,2.0,6525.0,0.1406896551724138,0.1267565796019017,0.22620689655172413,0.20281052736304273,0.2524137931034483,0.22816184328342307,0.10588094311369212,0.25125632864676445,9.751821989607146,0.20506160021906414,6525.0,0.9758937954902649,0.16165467000010963,0.03116688829787234,0.7629840206835324,0.16868277858549507,94.0,0.08346142573474517,0.22900359053071945,10.785142006997496,0.228086910364396,6525.0,0.8929222747683525,0.1355145293331978,0.028590425531914893,0.6808777658099939,0.15221214645952005,94.0,0.09432110160758383,0.23720985370249242,10.25391135613338,0.21043965039380544,6525.0,0.9604905545711517,0.1487525854764023,0.029795545212765957,0.6932487096036724,0.16081131163594678,94.0
socofing:000217:right_middle,000217,right_middle,327,disconnected_fragments,0.40,15720661618971869182,disconnected_fragments:15720661618971869182:0.450000,0.4000244140625,0.5999755859375,0.4783651539863763,0.5216348460136238,10423.0,0.20859657721226835,0.16434285044670105,0.26622447435852353,0.0,5437.0,0.1475078168107412,0.15644743290920127,0.2413095457053522,0.25031589265472204,0.2705536141254368,0.2816053792365623,0.10614434574322945,0.2520862033112594,9.741031355339521,0.22858398876064656,5437.0,0.9909080862998962,0.1559536581414701,0.028307629870129872,0.7024903746966801,0.15247907967620897,77.0,0.08778487231502846,0.24126134686922618,10.565803182186912,0.26060597397321944,5437.0,0.920493446290493,0.07956393351677706,0.024604301948051948,0.6037459751901115,0.13018063133747,77.0,0.10614434574322945,0.2520862033112594,9.741031355339521,0.22858398876064656,5437.0,0.9909080862998962,0.1559536581414701,0.028307629870129872,0.7024903746966801,0.15247907967620897,77.0
socofing:000217:right_middle,000217,right_middle,327,disconnected_fragments,0.50,15720661618971869182,disconnected_fragments:15720661618971869182:0.450000,0.5,0.5,0.577568838146407,0.422431161853593,10423.0,0.17575364662377332,0.13851049542427063,0.3437055540476475,1.0,4403.0,0.15989098342039518,0.13181523496783,0.2543720190779014,0.21090437594852796,0.28367022484669546,0.23726742294209396,0.09476439503735141,0.23079149189988726,10.233548055241304,0.2902244540234332,4403.0,0.9679518043994904,0.11976846723249558,0.0322094298245614,0.7495649185407692,0.16801490181027964,57.0,0.07202368598009984,0.20941261819502677,11.425246563630296,0.31396843546636033,4403.0,0.8511433973908424,0.11828188414032068,0.02446546052631579,0.5591459729891204,0.1275080666137812,57.0,0.08879349606779442,0.2246700977549539,10.516188441911485,0.2982329159245082,4403.0,0.9864042988047004,0.10900247491460963,0.02432839912280702,0.6351450057792999,0.13004549308480787,57.0
socofing:000217:right_middle,000217,right_middle,327,disconnected_fragments,0.60,15720661618971869182,disconnected_fragments:15720661618971869182:0.450000,0.5999755859375,0.4000244140625,0.6815696056797467,0.31843039432025333,10423.0,0.17374213744900344,0.13748469948768616,0.3270157808586078,1.0,3319.0,0.15848147032238627,0.13030660308675257,0.24977402832178366,0.2084905649388041,0.2823139499849352,0.23455188555615464,0.08449343492523588,0.21783920757766587,10.731770340858999,0.33560961220921615,3319.0,0.8979577384889126,0.13674648261387928,0.023526278409090908,0.516844286763384,0.12186635221985344,44.0,0.06688054045019537,0.20281549635138132,11.747002260955167,0.3737602937149881,3319.0,0.8805731534957886,0.07166094893483949,0.01970880681818182,0.47926427286889695,0.1001479624282752,44.0,0.0769861600200795,0.21021163874255558,11.13587341933348,0.3517594823387655,3319.0,0.9473980064503849,0.059996389584100474,0.018998579545454544,0.46085614896220634,0.09678861040299243,44.0
socofing:000217:right_middle,000217,right_middle,327,disconnected_fragments,0.70,15720661618971869182,disconnected_fragments:15720661618971869182:0.450000,0.70001220703125,0.29998779296875,0.7726182481051521,0.22738175189484788,10423.0,0.1894563858435291,0.14954940974712372,0.3300807082426213,2.0,2370.0,0.18185654008438817,0.14209228938264687,0.2831223628691983,0.227347663012235,0.3143459915611814,0.2557661208887643,0.10225027680306377,0.23277634111869655,9.903355076347482,0.3069291350156597,2370.0,0.9979311227798462,0.17867933597671157,0.026893028846153848,0.6404663921411818,0.13485019327146258,26.0,0.07350086087625848,0.207708087335547,11.33707574227109,0.34537884346945363,2370.0,0.9037287198007107,0.11676907025545023,0.022536057692307692,0.5212114734393868,0.11111352375960945,26.0,0.08392452506331494,0.2175361847550164,10.761111077858207,0.32494128695197566,2370.0,0.9435938559472561,0.08279560036737899,0.02734375,0.6273198957330547,0.14169760598129327,26.0
socofing:000217:right_middle,000217,right_middle,327,disconnected_fragments,0.80,15720661618971869182,disconnected_fragments:15720661618971869182:0.450000,0.79998779296875,0.20001220703125,0.8439988486999904,0.15600115130000958,10423.0,0.20200159198781317,0.1598508059978485,0.3622820021420393,1.0,1626.0,0.16666666666666666,0.1515011939908599,0.2613776137761378,0.2424019103853758,0.3044280442804428,0.2727021491835478,0.11080502161153856,0.2480781109376981,9.554405572180297,0.26971694244236616,1626.0,0.9562440812587738,0.14854074928976027,0.03186677631578947,0.6706115174638092,0.1658278821828897,19.0,0.08462637623621262,0.2236479913246237,10.72494255536543,0.29037878161288255,1626.0,0.8881168952211738,0.12201793449765116,0.03330592105263158,0.8141145690294608,0.1716667581505183,19.0,0.10020644519244681,0.23123969567417274,9.991043441225226,0.25545481909420054,1626.0,0.9748529177159071,0.14069943082149314,0.03042763157894737,0.7384914598303666,0.16089448541311188,19.0
socofing:000217:right_middle,000217,right_middle,327,stripes,0.10,8192203075880654729,stripes:8192203075880654729:0.450000,0.0999755859375,0.9000244140625,0.027343375227861462,0.9726566247721385,10423.0,0.15377699047329002,0.12117638438940048,0.07081518157591425,2.0,10138.0,0.10958768987966068,0.11533274285496752,0.16975734858946537,0.184532388567948,0.18909055040441902,0.2075989371389415,0.13802688749132544,0.30439656422703887,8.600363052531208,0.04200726593249706,10138.0,1.0,0.48402394837583257,0.040608138489208634,1.6700370782298517,0.20615487955830042,139.0,0.12515857023704294,0.2920308080803629,9.025394067092044,0.038108511140681575,10138.0,1.0,0.49673413714806564,0.04145121402877698,1.4739141036771386,0.21195369516572626,139.0,0.13835114314025612,0.30093020242376156,8.590172481063018,0.01843295499595497,10138.0,1.0,0.6133494781004172,0.03585881294964029,0.9750676790791662,0.18526943828262474,139.0
socofing:000217:right_middle,000217,right_middle,327,stripes,0.20,8192203075880654729,stripes:8192203075880654729:0.450000,0.20001220703125,0.79998779296875,0.10352105919600883,0.8964789408039912,10423.0,0.13987431821698262,0.10990733653306961,0.10166100651138574,0.0,9344.0,0.09053938356164383,0.10490573866273697,0.14383561643835616,0.16784918186037917,0.1602097602739726,0.18883032959292653,0.10592658889602637,0.2676945570096344,9.749950128723947,0.05706733838272177,9344.0,0.9999999403953552,0.3508046568654129,0.03295510912698413,0.9605228636964719,0.16812953087061644,126.0,0.11127691638678987,0.28025831152861,9.535949176561669,0.06066146653078175,9344.0,0.9999999403953552,0.4343471317202411,0.035497271825396824,1.3212729170197042,0.17975531772854517,126.0,0.10592658889602637,0.2676945570096344,9.749950128723947,0.05706733838272177,9344.0,0.9999999403953552,0.3508046568654129,0.03295510912698413,0.9605228636964719,0.16812953087061644,126.0
socofing:000217:right_middle,000217,right_middle,327,stripes,0.30,8192203075880654729,stripes:8192203075880654729:0.450000,0.29998779296875,0.70001220703125,0.19610476830087306,0.8038952316991269,10423.0,0.10386810515145724,0.08241189271211624,0.16422000264514935,0.0,8379.0,0.07077216851652941,0.07790107886359293,0.10967895930301945,0.12464172618174871,0.12340374746389784,0.14022194195446727,0.0874903569457358,0.24545377223872591,10.580398116181499,0.10063631227281992,8379.0,0.9950975775718689,0.25258195972027336,0.03208705357142857,0.8962186690574464,0.1620139089419236,112.0,0.08836391240973428,0.24937255007964215,10.537250635074567,0.10121146328767583,8379.0,0.9983633160591125,0.28212807975319587,0.03271484375,1.123806818978146,0.16721776322951595,112.0,0.0874903569457358,0.24545377223872591,10.580398116181499,0.10063631227281992,8379.0,0.9950975775718689,0.25258195972027336,0.03208705357142857,0.8962186690574464,0.1620139089419236,112.0
socofing:000217:right_middle,000217,right_middle,327,stripes,0.40,8192203075880654729,stripes:8192203075880654729:0.450000,0.4000244140625,0.5999755859375,0.3033675525280629,0.6966324474719371,10423.0,0.14182454290148347,0.11192561686038971,0.18660143526163203,2.0,7261.0,0.10921360694119267,0.1063684071761126,0.16939815452417023,0.17018945148178016,0.1896432998209613,0.19146313291700265,0.09485735992854537,0.250500175973531,10.229289668064336,0.08607449248858672,7261.0,0.9999829530715942,0.41731197254890157,0.03886320153061224,1.4901383506265244,0.19767991110241204,98.0,0.08886852815221934,0.24571339708491657,10.51252012592647,0.09248455736223327,7261.0,0.9999926686286926,0.438112519202995,0.027184311224489797,0.7529807837081884,0.1372344170223138,98.0,0.09266639079895725,0.2469779615185415,10.330777516936969,0.0767615631935451,7261.0,0.9999983310699463,0.4054645146981742,0.03037308673469388,0.7992991577600448,0.15632783031685477,98.0
socofing:000217:right_middle,000217,right_middle,327,stripes,0.50,8192203075880654729,stripes:8192203075880654729:0.450000,0.5,0.5,0.41907320349227667,0.5809267965077234,10423.0,0.17454000766894853,0.13784632086753845,0.23159376556916644,2.0,6055.0,0.1258464079273328,0.13090500575171138,0.20495458298926508,0.20944800920273823,0.22559867877786952,0.2356290103530805,0.11639115500093176,0.27831005157809013,9.34080022093714,0.09179650646413974,6055.0,0.999996542930603,0.28029467905558064,0.030508306962025316,1.2318320136499858,0.15380465714784658,79.0,0.08367682516899624,0.24093844366485206,10.773948059832868,0.11875175242205109,6055.0,0.9882352938875556,0.30478233413109157,0.029321598101265823,0.7695252569101658,0.14769381302160073,79.0,0.08862834189929553,0.23875847392562471,10.524273756051027,0.137200721677383,6055.0,0.9882352938875556,0.2286497715806343,0.031793908227848104,0.8686912413661961,0.16031791494554573,79.0
socofing:000217:right_middle,000217,right_middle,327,stripes,0.60,8192203075880654729,stripes:8192203075880654729:0.450000,0.5999755859375,0.4000244140625,0.5440851962007099,0.45591480379929006,10423.0,0.13171618134954027,0.1038118526339531,0.21236129745006893,1.0,4752.0,0.12142255892255892,0.0987871360121552,0.18855218855218855,0.15805941761944833,0.20559764309764308,0.17781684482187934,0.09138256630932153,0.24290087888693837,10.391366497567065,0.14473735403632032,4752.0,0.9882352938875556,0.22322101905928818,0.02588718220338983,0.7095040487745753,0.12763917584738704,59.0,0.07006980124573262,0.21510106196284243,11.54469114388885,0.17746762207427028,4752.0,0.9882352938875556,0.27190060686588247,0.026483050847457626,0.7773184479438892,0.13225237545765778,59.0,0.07523116618776175,0.2168818035945751,11.23602205959833,0.16488719389699194,4752.0,0.9882352938875556,0.27448181296254237,0.025489936440677968,0.833421302261892,0.12659687760714114,59.0
socofing:000217:right_middle,000217,right_middle,327,stripes,0.70,8192203075880654729,stripes:8192203075880654729:0.450000,0.70001220703125,0.29998779296875,0.6775400556461671,0.32245994435383285,10423.0,0.21898679684566433,0.17253831028938293,0.2696733104547981,2.0,3361.0,0.1728652186849152,0.16424009763424824,0.2725379351383517,0.2627841562147972,0.30824159476346324,0.2956321757416468,0.13245825140830092,0.28273641500204727,8.779209824065884,0.18394284313683376,3361.0,0.9831915493123233,0.19407162821054547,0.023158482142857144,0.5361194817553926,0.11340603869038711,42.0,0.0983044734658817,0.24851456387145834,10.074267186140297,0.191175155017719,3361.0,0.9270091643556952,0.14487594534486198,0.020182291666666668,0.48702652060916407,0.09609544059672774,42.0,0.10767624424883063,0.25244973627911377,9.67880101062654,0.16858954712201796,3361.0,0.9859989872202277,0.0960096233799685,0.024832589285714284,0.5527091999889905,0.12295198933959732,42.0
socofing:000217:right_middle,000217,right_middle,327,stripes,0.80,8192203075880654729,stripes:8192203075880654729:0.450000,0.79998779296875,0.20001220703125,0.8148325817902715,0.18516741820972848,10423.0,0.2412728928943166,0.19041426479816437,0.26792481616085323,2.0,1930.0,0.23575129533678757,0.18095466967073748,0.3616580310880829,0.2895274714731799,0.4015544041450777,0.3257184054073275,0.10841272237694244,0.24945691328548822,9.649197497727988,0.25171768621472973,1930.0,0.9477257709950209,0.2002582660345529,0.034254807692307696,0.894276549126614,0.17935796997964604,13.0,0.06746227308156065,0.2057820448475779,11.709390297322408,0.32515809579770066,1930.0,0.8782289251685143,0.20290461237250731,0.015024038461538462,0.3507736873684413,0.08067172678194649,13.0,0.08500195476492346,0.22067148059466613,10.705710868285525,0.31320155473404265,1930.0,0.9014459839090705,0.21668865679367127,0.010516826923076924,0.27178670145047096,0.055292713140017984,13.0
socofing:000217:right_middle,000217,right_middle,327,severe_partial,0.10,6910450554802076750,severe_partial:6910450554802076750:0.200000,0.0999755859375,0.9000244140625,0.15590520963254342,0.8440947903674566,10423.0,0.25863860222013685,0.20403429865837097,0.22989088288482432,2.0,8798.0,0.18583769038417822,0.19397895166510262,0.29415776312798364,0.3103663226641642,0.3324619231643555,0.3491621129971847,0.16348454345616717,0.3099244114808729,7.865233011627747,0.09456180794705922,8798.0,0.999824047088623,0.46246381454687896,0.041636385658914726,1.621322242798127,0.22049953782369366,129.0,0.10282443335987664,0.2605238576111954,9.879036751021022,0.12127502857248876,8798.0,0.9725490193814039,0.22479718054851164,0.030008478682170544,0.8618534053416652,0.15701866195782704,129.0,0.11215660895327982,0.26794486989914584,9.501751300402367,0.12129887127450935,8798.0,0.9804017543792725,0.29140081995407946,0.03230983527131783,0.8821206962461007,0.17204183726187783,129.0
socofing:000217:right_middle,000217,right_middle,327,severe_partial,0.20,6910450554802076750,severe_partial:6910450554802076750:0.200000,0.20001220703125,0.79998779296875,0.2686366689053056,0.7313633310946944,10423.0,0.22932192925740882,0.18099461495876312,0.21910762428675673,0.0,7623.0,0.2050373868555687,0.17199144694305665,0.3089334907516726,0.27518631510889063,0.3435655253837072,0.3095846044975019,0.11330430264379202,0.2615132683135005,9.45753597824366,0.13761911291174822,7623.0,0.9740118980407715,0.4057989506656857,0.038153286637931036,0.909167200633926,0.2066572767221644,116.0,0.09335020329925511,0.2428323946883197,10.298847319018495,0.1561667923690481,7623.0,0.983684778213501,0.344051682193029,0.030913254310344827,0.8139675554094314,0.16814712565243808,116.0,0.11330430264379202,0.2615132683135005,9.45753597824366,0.13761911291174822,7623.0,0.9740118980407715,0.4057989506656857,0.038153286637931036,0.909167200633926,0.2066572767221644,116.0
socofing:000217:right_middle,000217,right_middle,327,severe_partial,0.30,6910450554802076750,severe_partial:6910450554802076750:0.200000,0.29998779296875,0.70001220703125,0.3741725031181042,0.6258274968818958,10423.0,0.23890687403665978,0.1889014095067978,0.23465390839847936,0.0,6523.0,0.19285604783075272,0.17918015552749483,0.2972558638663192,0.28668824884399174,0.3325157136286985,0.3225242799494907,0.10770129575140548,0.2554900169645402,9.677790716853039,0.15932556991986355,6523.0,0.9907185435295105,0.3988375773894091,0.034564393939393936,0.8122985721620508,0.19102830519406136,99.0,0.09250929335172509,0.24307701933850445,10.338146364648829,0.17647463842845007,6523.0,0.9749650359153748,0.2256582062387609,0.035037878787878785,0.8870761089153806,0.1899080037154763,99.0,0.10770129575140548,0.2554900169645402,9.677790716853039,0.15932556991986355,6523.0,0.9907185435295105,0.3988375773894091,0.034564393939393936,0.8122985721620508,0.19102830519406136,99.0
socofing:000291:right_little,000291,right_little,409,random_rectangles,0.10,2731550090991246780,random_rectangles:2731550090991246780:0.450000,0.0999755859375,0.9000244140625,0.0,1.0,8097.0,0.15742868062845347,0.12402738630771637,0.01704081877902626,1.0,8097.0,0.10571816722242806,0.11807151047134011,0.16882796097319996,0.18891441675414417,0.18858836606150425,0.2125287188484122,0.12435624912207456,0.2944024129253908,9.053323857777047,0.033950741972543344,8097.0,0.975400298833847,0.4219638443955148,0.07301682692307693,1.972507516383158,0.31476358405015675,117.0,0.10389507114596966,0.2758699535466183,9.834050551847074,0.05002472149188987,8097.0,0.7964605074375868,0.5143080838537759,0.0601295405982906,1.4730872884662216,0.2547384976372118,117.0,0.11349297463371612,0.2821901490103476,9.450310210456724,0.03972265592797049,8097.0,0.925192765891552,0.4093181175745619,0.050848023504273504,1.1401268117194683,0.23448469526405827,117.0
socofing:000291:right_little,000291,right_little,409,random_rectangles,0.20,2731550090991246780,random_rectangles:2731550090991246780:0.450000,0.20001220703125,0.79998779296875,0.004569593676670372,0.9954304063233296,8097.0,0.14923626808118387,0.11724160611629486,0.04197642181978951,2.0,8060.0,0.1,0.1119272010608879,0.15632754342431762,0.17908352169742064,0.1774193548387097,0.20146896190959818,0.1075522497727444,0.27599337793315853,9.683805006305933,0.043909278962544554,8060.0,0.9318209271878004,0.45388696280588037,0.058360042735042736,1.4744723442270502,0.2526625656774996,117.0,0.08276119454020454,0.24936130836793213,10.821732495375345,0.07018183281368572,8060.0,0.7707244735211134,0.39759960619608237,0.05335202991452991,1.3792103320924602,0.22760051084033237,117.0,0.08523223042884125,0.2459077768283145,10.693961464246605,0.06139885204483441,8060.0,0.8813719749450684,0.40646879037823375,0.056123130341880344,1.4527748001525833,0.25985837776921195,117.0
socofing:000291:right_little,000291,right_little,409,random_rectangles,0.30,2731550090991246780,random_rectangles:2731550090991246780:0.450000,0.29998779296875,0.70001220703125,0.028158577250833643,0.9718414227491664,8097.0,0.14991625543167275,0.11812270432710648,0.10509904030879468,0.0,7869.0,0.1402973694243233,0.11243719157375455,0.21807091117041555,0.1798995065180073,0.24412250603634514,0.20238694483275818,0.08163365457449859,0.228213772997885,10.881307605750514,0.07400820890074929,7869.0,0.9532725811004639,0.29140492161993115,0.06426949786324786,2.0594929077112045,0.2609491149502523,117.0,0.06791255691528107,0.21513489879369982,11.68049917990144,0.09535521025922929,7869.0,0.791449423879385,0.43112075571475816,0.07295005341880342,2.248264063795681,0.30862108709552477,117.0,0.08163365457449859,0.228213772997885,10.881307605750514,0.07400820890074929,7869.0,0.9532725811004639,0.29140492161993115,0.06426949786324786,2.0594929077112045,0.2609491149502523,117.0
socofing:000291:right_little,000291,right_little,409,random_rectangles,0.40,2731550090991246780,random_rectangles:2731550090991246780:0.450000,0.4000244140625,0.5999755859375,0.09867852290971965,0.9013214770902803,8097.0,0.1172272663955178,0.09246110916137695,0.18984323782222315,1.0,7298.0,0.1505892025212387,0.08792044979663835,0.22362291038640725,0.1406727196746214,0.2502055357632228,0.158256809633949,0.08201384389317265,0.21426736384498252,10.861128327510926,0.1206730435491919,7298.0,0.9544432125985622,0.2993228169864451,0.07213092672413793,2.260216066067492,0.3053499929287179,116.0,0.06827717669200108,0.2041599164396207,11.657244455601642,0.11030700881748205,7298.0,0.9254901930689812,0.2064287244908524,0.06879714439655173,2.03248788790505,0.2946633753427387,116.0,0.0714961673854126,0.209943362027593,11.457172383105112,0.09925771011601302,7298.0,0.9254901930689812,0.17128261668712902,0.0767443426724138,2.444476585277333,0.3394261125943121,116.0
socofing:000291:right_little,000291,right_little,409,random_rectangles,0.50,2731550090991246780,random_rectangles:2731550090991246780:0.450000,0.5,0.5,0.18710633567988144,0.8128936643201186,8097.0,0.11132240271261612,0.08757475018501282,0.20216523489865734,0.0,6582.0,0.15101792768155575,0.08349180203446209,0.20738377392889698,0.13358688325513934,0.22439987845639622,0.15028524366203175,0.08702060469667856,0.22600009612596458,10.603779031678908,0.09713048334367258,6582.0,0.9843137245625257,0.11713916769730298,0.061160714285714284,1.995669224740661,0.2544298165456023,105.0,0.08160412976854259,0.2210242035876551,10.882878621982739,0.0975352450204512,6582.0,0.9843137245625257,0.11298533183152375,0.06491815476190477,2.134184456947079,0.2672604176726644,105.0,0.08702060469667856,0.22600009612596458,10.603779031678908,0.09713048334367258,6582.0,0.9843137245625257,0.11713916769730298,0.061160714285714284,1.995669224740661,0.2544298165456023,105.0
socofing:000291:right_little,000291,right_little,409,random_rectangles,0.60,2731550090991246780,random_rectangles:2731550090991246780:0.450000,0.5999755859375,0.4000244140625,0.29381252315672474,0.7061874768432752,8097.0,0.14059911500299896,0.11068621277809143,0.23067563713691466,0.0,5718.0,0.18677859391395593,0.10544933625224921,0.25795732773697094,0.16871893800359877,0.2813920951381602,0.18980880525404858,0.10016539347968026,0.23828955695833445,9.992822985965123,0.14639828011934947,5718.0,0.9843137245625257,0.06175843546476804,0.06210498595505618,1.7309548377941468,0.23897764938957733,89.0,0.08947653000367722,0.228311199707169,10.482908666571733,0.12258356881533256,5718.0,0.9843137245625257,0.06697287517249045,0.0760621488764045,2.4021900913171623,0.2920551578423025,89.0,0.10016539347968026,0.23828955695833445,9.992822985965123,0.14639828011934947,5718.0,0.9843137245625257,0.06175843546476804,0.06210498595505618,1.7309548377941468,0.23897764938957733,89.0
socofing:000291:right_little,000291,right_little,409,random_rectangles,0.70,2731550090991246780,random_rectangles:2731550090991246780:0.450000,0.70001220703125,0.29998779296875,0.42620723724836357,0.5737927627516364,8097.0,0.15570642481936084,0.12249167263507843,0.25303424682582437,0.0,4646.0,0.17757210503659063,0.11677981861452065,0.2561343090830822,0.18684770978323303,0.2854068015497202,0.21020367350613717,0.09153718237923177,0.23761515765243624,10.384024597914443,0.10435954581712502,4646.0,0.9094435535371304,0.06952146834440533,0.05570419520547945,1.3622743008174536,0.20833043781570665,73.0,0.08670104357674585,0.23150809525760324,10.619756751086275,0.136276202668194,4646.0,0.8641256652772427,0.07433303840356754,0.046393407534246575,1.0997680965404188,0.1752559802263197,73.0,0.09153718237923177,0.23761515765243624,10.384024597914443,0.10435954581712502,4646.0,0.9094435535371304,0.06952146834440533,0.05570419520547945,1.3622743008174536,0.20833043781570665,73.0
socofing:000291:right_little,000291,right_little,409,random_rectangles,0.80,2731550090991246780,random_rectangles:2731550090991246780:0.450000,0.79998779296875,0.20001220703125,0.5962702235395826,0.4037297764604174,8097.0,0.18659075223987495,0.1469917893409729,0.20439899879587944,2.0,3269.0,0.18874273478127868,0.1399430641799062,0.28387886203732027,0.22390890268784996,0.31752829611501987,0.25189751552383116,0.10464443436119678,0.2509197907779581,9.802838651800318,0.21674858848826176,3269.0,0.9589396696537733,0.0468031817569131,0.03296875,0.5701729635536287,0.1229589376374705,50.0,0.07289461205745013,0.2158078332106834,11.373045709988146,0.2934565896259249,3269.0,0.7904997449368238,0.02734850169777367,0.033828125,0.631048124526925,0.12578474648580898,50.0,0.08691655101123691,0.23161225623681084,10.60897515514268,0.3074914519618486,3269.0,0.8688025455921888,0.05543029220842187,0.032890625,0.5639944236994886,0.12210250558754605,50.0
socofing:000291:right_little,000291,right_little,409,irregular,0.10,10408794884744708894,irregular:10408794884744708894:0.450000,0.0999755859375,0.9000244140625,0.04334938866246758,0.9566506113375324,8097.0,0.14708027350829714,0.11603443324565887,0.10167618065570991,2.0,7746.0,0.09088561838368191,0.11031020513122285,0.15246578879421638,0.17649632820995656,0.17312161115414407,0.1985583692362011,0.11027499968719005,0.27536979854395943,9.5752293478149,0.059296259892270595,7746.0,0.9175608744844794,0.3123680055030373,0.056312223451327435,1.4719148685656955,0.24340721280904157,113.0,0.0871030617012302,0.25123032468909495,10.599665791303403,0.07041911580779973,7746.0,0.8072060905396938,0.37600659008789844,0.06104811946902655,1.72922838223251,0.265867744232607,113.0,0.08934770174641536,0.24708493383362767,10.489166141900863,0.06099418328531241,7746.0,0.8977880403399467,0.3202727856827442,0.04618362831858407,1.072673646406271,0.21430953463941788,113.0
socofing:000291:right_little,000291,right_little,409,irregular,0.20,10408794884744708894,irregular:10408794884744708894:0.450000,0.20001220703125,0.79998779296875,0.16623440780536,0.83376559219464,8097.0,0.1428480395086252,0.11236119270324707,0.09550297721674748,1.0,6751.0,0.09509702266330913,0.1071360296314689,0.15731002814397868,0.17141764741035023,0.18041771589394165,0.192844853336644,0.09187157745908026,0.2546613074891813,10.368188266105713,0.09167558018651688,6751.0,0.8496822118759155,0.3984870301531089,0.0523828125,1.4284116468218977,0.25011923905908434,100.0,0.07633389977482101,0.23685037606350118,11.172825496527043,0.09855354257899787,6751.0,0.78349868953228,0.4247151428218542,0.0515625,1.4192520987556239,0.24039585249321635,100.0,0.08528444775119871,0.23956801466505306,10.691301584179678,0.09077837681850336,6751.0,0.905454333871603,0.4980415607105334,0.0528515625,1.3025160138839091,0.25437058045338445,100.0
socofing:000291:right_little,000291,right_little,409,irregular,0.30,10408794884744708894,irregular:10408794884744708894:0.450000,0.29998779296875,0.70001220703125,0.2925774978387057,0.7074225021612943,8097.0,0.15198834060415542,0.11989875882863998,0.2767441097854941,2.0,5728.0,0.16131284916201116,0.11399125545311657,0.24249301675977653,0.18238600872498653,0.26675977653631283,0.20518425981560984,0.07108228362135345,0.20551965529121544,11.482386283031252,0.273335642076678,5728.0,0.9593413434922695,0.17834844127585792,0.03480113636363636,0.8495864495544706,0.17581407295091458,88.0,0.05283999561461117,0.18238025905628488,12.77037227101232,0.2631067517903216,5728.0,0.8054955564439297,0.15533591316105816,0.029918323863636364,0.8985182124180988,0.14082837585021654,88.0,0.06491318046861273,0.19546370533551544,11.876671117727447,0.22869917926987568,5728.0,0.9470261931419373,0.16966786935540065,0.032759232954545456,0.7707197509838408,0.15328060382583755,88.0
socofing:000291:right_little,000291,right_little,409,irregular,0.40,10408794884744708894,irregular:10408794884744708894:0.450000,0.4000244140625,0.5999755859375,0.416821044831419,0.583178955168581,8097.0,0.11108947663628312,0.08737671375274658,0.35853034401572165,0.0,4722.0,0.12304108428631935,0.08331710747721234,0.18466751376535367,0.13330737196353976,0.20838627700127066,0.1499707934589822,0.05098696539192173,0.17025043276333468,12.92540835311634,0.358811241657992,4722.0,0.9380289278924465,0.09075419186391544,0.028788527397260275,0.7769465033249467,0.1614736245883337,73.0,0.048878706088807324,0.16946895241465976,13.108802992043069,0.3710443679268396,4722.0,0.899221058934927,0.07869669369207642,0.02793236301369863,0.9119569078373173,0.15556223736013094,73.0,0.05098696539192173,0.17025043276333468,12.92540835311634,0.358811241657992,4722.0,0.9380289278924465,0.09075419186391544,0.028788527397260275,0.7769465033249467,0.1614736245883337,73.0
socofing:000291:right_little,000291,right_little,409,irregular,0.50,10408794884744708894,irregular:10408794884744708894:0.450000,0.5,0.5,0.5410645918241324,0.45893540817586764,8097.0,0.11827993305793665,0.09337948262691498,0.39937701010123267,1.0,3716.0,0.14181916038751347,0.08870994979345247,0.2147470398277718,0.14193591966952399,0.24004305705059203,0.15967790962821446,0.05900517206593304,0.180362635766546,12.291099188451916,0.4209600257816035,3716.0,0.8535167276859283,0.06095890704634131,0.025929418103448277,0.7274051328796591,0.16098244480387397,58.0,0.04360541207305752,0.15958527772410686,13.60459605052588,0.4540696299755598,3716.0,0.7367606312036514,0.041633744201464186,0.016837284482758622,0.536328951349713,0.11133554753763664,58.0,0.0425899998983211,0.15349603520252164,13.70692360963081,0.45717742174154957,3716.0,0.7918761931359768,0.030781397382083703,0.02101293103448276,0.5990360779548412,0.14146772206879787,58.0
socofing:000291:right_little,000291,right_little,409,irregular,0.60,10408794884744708894,irregular:10408794884744708894:0.450000,0.5999755859375,0.4000244140625,0.6587625046313449,0.3412374953686551,8097.0,0.10629863053153976,0.08409962803125381,0.39849703719911944,0.0,2763.0,0.15200868621064062,0.07972397289865482,0.2258414766558089,0.12755835663784773,0.2576909156713717,0.14350315121757867,0.03840676463578289,0.14240527274141002,14.155922760164753,0.5241181317925703,2763.0,0.784990843385458,0.06576313043318373,0.012008101851851851,0.1955694130057202,0.04887211626762294,27.0,0.037420738372022165,0.1441147783279036,14.268876474150812,0.5300185816942097,2763.0,0.7321459576487541,0.06667710393727634,0.013599537037037037,0.2338481388456223,0.055374066539035,27.0,0.03840676463578289,0.14240527274141002,14.155922760164753,0.5241181317925703,2763.0,0.784990843385458,0.06576313043318373,0.012008101851851851,0.1955694130057202,0.04887211626762294,27.0
socofing:000291:right_little,000291,right_little,409,irregular,0.70,10408794884744708894,irregular:10408794884744708894:0.450000,0.70001220703125,0.29998779296875,0.773249351611708,0.22675064838829195,8097.0,0.13420388835144806,0.10651196539402008,0.44341240083756517,1.0,1836.0,0.19880174291938998,0.10065291626358604,0.28703703703703703,0.1610446660217377,0.3142701525054466,0.18117524927445486,0.07621829226457862,0.19550047342869412,11.179407861907048,0.4272427733390064,1836.0,0.9708768129348755,0.1851872364377712,0.03799715909090909,0.7983517349956751,0.14867203124861753,11.0,0.03781194373827768,0.14116133473157144,14.223709969799446,0.5502575049333892,1836.0,0.8281014710664749,0.05233597789769703,0.00887784090909091,0.1486514365159323,0.036290344790656855,11.0,0.04122245350636024,0.14003596747621755,13.848661631496483,0.55642339147564,1836.0,0.9622363443486392,0.03858023214462495,0.01278409090909091,0.2140355716817804,0.05124267569597682,11.0
socofing:000291:right_little,000291,right_little,409,irregular,0.80,10408794884744708894,irregular:10408794884744708894:0.450000,0.79998779296875,0.20001220703125,0.8802025441521552,0.11979745584784485,8097.0,0.10851677914255671,0.08518735319375992,0.4053904017851801,2.0,970.0,0.1556701030927835,0.08138758435691755,0.2329896907216495,0.13022013497106807,0.2536082474226804,0.1464976518424516,0.06095787836104735,0.1712753329546066,12.149701570248286,0.4971831151128848,970.0,0.9406166039407253,0.12202506249105728,nan,nan,nan,0.0,0.04454429127817308,0.1510899382806623,13.512079465148883,0.53361497902075,970.0,0.8763356432318687,0.06945209804840942,nan,nan,nan,0.0,0.04894225872397852,0.15426371918136694,13.103159914876253,0.5316944778567604,970.0,0.8686514496803284,0.0596141242256794,nan,nan,nan,0.0
socofing:000291:right_little,000291,right_little,409,central_missing,0.10,13733891736379265683,central_missing:13733891736379265683:0.450000,0.0999755859375,0.9000244140625,0.02939360256885266,0.9706063974311473,8097.0,0.18041382826643196,0.14248566329479218,0.006471782566644036,0.0,7859.0,0.12698816643338848,0.13531037119982398,0.21249522840055987,0.21649659391971834,0.23959791322051152,0.24355866815968316,0.09689238389871124,0.2517935290977924,10.137103587671493,0.06779481093176068,7859.0,0.8903605937957764,0.38544997269166614,0.06037850215517242,1.6391095121655013,0.26232670509059114,116.0,0.09158298689738548,0.2566667957667971,10.38185196450395,0.06349404572146788,7859.0,0.7420624792575836,0.2967201701506256,0.06411637931034483,1.895161891703764,0.27432565728514435,116.0,0.09689238389871124,0.2517935290977924,10.137103587671493,0.06779481093176068,7859.0,0.8903605937957764,0.38544997269166614,0.06037850215517242,1.6391095121655013,0.26232670509059114,116.0
socofing:000291:right_little,000291,right_little,409,central_missing,0.20,13733891736379265683,central_missing:13733891736379265683:0.450000,0.20001220703125,0.79998779296875,0.07718908237618871,0.9228109176238113,8097.0,0.11973474420431596,0.09437058866024017,0.12442371947412681,2.0,7472.0,0.09635974304068523,0.08980105815323695,0.15738758029978586,0.1436816930451791,0.17799785867237689,0.16164190467582654,0.07969943719359945,0.2291307510038822,10.985447454116311,0.05532105368133089,7472.0,0.9424737989902496,0.29432432186031304,0.07107300884955753,2.580015281277646,0.2961394434274267,113.0,0.06770154937544454,0.21691594999662464,11.694013922084112,0.0793024055107085,7472.0,0.7278668135404587,0.2653419282860212,0.07045077433628319,2.2988567106908815,0.301093311642271,113.0,0.07451589386386213,0.22373863531110064,11.277510845514067,0.07554205341126222,7472.0,0.8394140526652336,0.23738798141279635,0.05724557522123894,1.5635579089240297,0.2516732351167724,113.0
socofing:000291:right_little,000291,right_little,409,central_missing,0.30,13733891736379265683,central_missing:13733891736379265683:0.450000,0.29998779296875,0.70001220703125,0.13288872421884648,0.8671112757811535,8097.0,0.1899111668834805,0.15026618540287018,0.10461888731501878,0.0,7021.0,0.14485116080330437,0.14243337516261037,0.23757299529981485,0.22789340026017657,0.27047429141147983,0.2563800752926987,0.08266441020464889,0.23139787289595054,10.826814285189837,0.06548052152324327,7021.0,0.9479021425358951,0.2841066528075301,0.07653356481481481,2.3847427688919005,0.29759511675182493,108.0,0.0722947663750604,0.2261821936821681,11.408931413873745,0.09014129901325878,7021.0,0.852403812110424,0.2282421730886549,0.07537615740740741,2.445233589375513,0.2916128395885862,108.0,0.08266441020464889,0.23139787289595054,10.826814285189837,0.06548052152324327,7021.0,0.9479021425358951,0.2841066528075301,0.07653356481481481,2.3847427688919005,0.29759511675182493,108.0
socofing:000291:right_little,000291,right_little,409,central_missing,0.40,13733891736379265683,central_missing:13733891736379265683:0.450000,0.4000244140625,0.5999755859375,0.20600222304557245,0.7939977769544275,8097.0,0.16188204333293543,0.12754055857658386,0.11900809987998891,0.0,6429.0,0.12630269093171567,0.12141153249970156,0.19785347643490434,0.1942584519995225,0.22429615803390884,0.2185407584994628,0.08464933950553011,0.23161937007642872,10.723764262168615,0.0860113353408147,6429.0,0.8942618928849697,0.14478602281297628,0.06512995049504951,1.821740422843398,0.2484247127886387,101.0,0.06999219547856841,0.22142039179846268,11.549503835508364,0.09040670887991105,6429.0,0.7375778406858444,0.13889733445553093,0.06280940594059406,1.8021632622769128,0.23921470154954064,101.0,0.08464933950553011,0.23161937007642872,10.723764262168615,0.0860113353408147,6429.0,0.8942618928849697,0.14478602281297628,0.06512995049504951,1.821740422843398,0.2484247127886387,101.0
socofing:000291:right_little,000291,right_little,409,central_missing,0.50,13733891736379265683,central_missing:13733891736379265683:0.450000,0.5,0.5,0.2852908484623935,0.7147091515376065,8097.0,0.13351179646921077,0.10599510371685028,0.2512120240335987,0.0,5787.0,0.13910489027129774,0.10013384735190808,0.2028684983583895,0.16021415576305295,0.22187662001036806,0.18024092523343455,0.07238657814853994,0.21167685188836186,11.403419528139004,0.14555343069454688,5787.0,0.8754783272743225,0.13661773155265852,0.05506150265957447,1.501423716212602,0.20697870969551913,94.0,0.0719643639819457,0.21349934496967846,11.428825085308766,0.1266641173820845,5787.0,0.8421844765543938,0.11874707475869996,0.0598404255319149,1.854535416675673,0.22642902768530318,94.0,0.07238657814853994,0.21167685188836186,11.403419528139004,0.14555343069454688,5787.0,0.8754783272743225,0.13661773155265852,0.05506150265957447,1.501423716212602,0.20697870969551913,94.0
socofing:000291:right_little,000291,right_little,409,central_missing,0.60,13733891736379265683,central_missing:13733891736379265683:0.450000,0.5999755859375,0.4000244140625,0.3742126713597629,0.6257873286402371,8097.0,0.13281765539986032,0.10473531484603882,0.3458845449444352,0.0,5067.0,0.16222616933096506,0.09961324154989522,0.22952437339648707,0.15938118647983238,0.2545885139135583,0.17930383478981138,0.07563030204280015,0.21288923961824482,11.213041651696795,0.16186319249966005,5067.0,0.8772259280085564,0.11198934317937737,0.05197217987804878,1.0716190323716042,0.1960689752584004,82.0,0.0701946821175203,0.20748633573551148,11.536957883616182,0.15781526183566136,5067.0,0.8117005154490471,0.13468767363948522,0.05187690548780488,1.180175946057462,0.19883119367848046,82.0,0.07563030204280015,0.21288923961824482,11.213041651696795,0.16186319249966005,5067.0,0.8772259280085564,0.11198934317937737,0.05197217987804878,1.0716190323716042,0.1960689752584004,82.0
socofing:000291:right_little,000291,right_little,409,central_missing,0.70,13733891736379265683,central_missing:13733891736379265683:0.450000,0.70001220703125,0.29998779296875,0.4770902803507472,0.5229097196492528,8097.0,0.1341450735257941,0.1059487909078598,0.2931725624910167,0.0,4234.0,0.1643835616438356,0.10060880514434559,0.23476617855455834,0.16097408823095294,0.2569674067076051,0.18109584925982206,0.07620067866046908,0.2141833652356832,11.180411607183483,0.17334298872109954,4234.0,0.9076327048242092,0.08643585176926911,0.054457720588235295,1.279717494967962,0.21057569839649973,68.0,0.07067258908962645,0.2101151411541257,11.507489980196347,0.18780081173309704,4234.0,0.8702222630381584,0.04747882072220511,0.05428538602941176,1.3913952112483545,0.21091682085252395,68.0,0.07620067866046908,0.2141833652356832,11.180411607183483,0.17334298872109954,4234.0,0.9076327048242092,0.08643585176926911,0.054457720588235295,1.279717494967962,0.21057569839649973,68.0
socofing:000291:right_little,000291,right_little,409,central_missing,0.80,13733891736379265683,central_missing:13733891736379265683:0.450000,0.79998779296875,0.20001220703125,0.6042978881067061,0.39570211189329385,8097.0,0.19192909718775222,0.15140414237976074,0.23777115850855332,2.0,3204.0,0.21223470661672908,0.14394682289081417,0.30930087390761546,0.23031491662530268,0.33957553058676654,0.2591042812034655,0.11626640682601515,0.2620438363991117,9.345457490510528,0.17656595655237275,3204.0,0.9545727334916592,0.2063876840690642,0.0471875,1.0379234309650307,0.17946126947866123,50.0,0.09441073522266837,0.23895174814530587,10.249786202899587,0.16126952069544245,3204.0,0.9107500277459621,0.07896136562977771,0.033828125,0.6472588502879201,0.12979972411059512,50.0,0.11385637584962996,0.2608062873323263,9.4364264428661,0.11424101476794636,3204.0,0.9431927781552076,0.04604069732395696,0.032109375,0.5684306590957497,0.12175546071112399,50.0
socofing:000291:right_little,000291,right_little,409,peripheral_only,0.10,1249491689553076316,peripheral_only:1249491689553076316:0.450000,0.0999755859375,0.9000244140625,0.08694578238853896,0.913054217611461,8097.0,0.13860866207454928,0.10935692489147186,0.15074819831083303,2.0,7393.0,0.19964831597457053,0.10395649655591195,0.2729609089679427,0.1663303944894591,0.29690247531448666,0.1871216938006415,0.11426671716927926,0.25345520460328125,9.42080249522751,0.09658794929935631,7393.0,1.0,0.21125752023311237,0.0807769495412844,3.04637835097892,0.35297867203255096,109.0,0.08903387847087625,0.22446605289152355,10.504447075874474,0.11138121438126501,7393.0,1.0,0.1723261005962634,0.08371559633027523,2.95292052355166,0.35621324189664605,109.0,0.09338097494993337,0.22988556929157655,10.297415961027303,0.10497036739763371,7393.0,1.0,0.25388479922270163,0.08045441513761468,2.805729467578647,0.34495384399374573,109.0
socofing:000291:right_little,000291,right_little,409,peripheral_only,0.20,1249491689553076316,peripheral_only:1249491689553076316:0.450000,0.20001220703125,0.79998779296875,0.16932197110040756,0.8306780288995924,8097.0,0.10802345279010084,0.08515271544456482,0.19833127771699663,0.0,6726.0,0.16369313113291703,0.08101758959257564,0.22613737734165923,0.12962814334812103,0.2472494796312816,0.14583166126663613,0.07449872166856455,0.20591516517559103,11.278511792926677,0.13673069868786702,6726.0,0.9843137245625257,0.15400099692637875,0.05111607142857143,1.6260771291317146,0.22871245259683762,105.0,0.06879148171308751,0.20086736636972397,11.624653360964462,0.15990714340408085,6726.0,0.9843137245625257,0.15327925567914044,0.06160714285714286,1.981929740951863,0.2690797601933182,105.0,0.07449872166856455,0.20591516517559103,11.278511792926677,0.13673069868786702,6726.0,0.9843137245625257,0.15400099692637875,0.05111607142857143,1.6260771291317146,0.22871245259683762,105.0
socofing:000291:right_little,000291,right_little,409,peripheral_only,0.30,1249491689553076316,peripheral_only:1249491689553076316:0.450000,0.29998779296875,0.70001220703125,0.25058663702605904,0.749413362973941,8097.0,0.13368490255159274,0.10506077855825424,0.2988843855806315,1.0,6068.0,0.16512854317732367,0.10026367691369456,0.238134475939354,0.1604218830619113,0.26318391562294,0.18047461844465018,0.0785359633971024,0.2190783162716096,11.049314244230704,0.152449982874432,6068.0,0.9568627439439297,0.09874508092281382,0.051446143617021274,1.3380663244561564,0.24661830489845374,94.0,0.06728844456459576,0.20453396070461252,11.720595107049574,0.17725251806438302,6068.0,0.9568627439439297,0.14321945151457965,0.054064162234042555,1.4485873788659067,0.23150236680730363,94.0,0.07227068015780806,0.20796298746193956,11.41037858006598,0.17762999529109805,6068.0,0.9568627439439297,0.1582515709589848,0.04417386968085106,1.152102097462157,0.21559654752721238,94.0
socofing:000291:right_little,000291,right_little,409,peripheral_only,0.40,1249491689553076316,peripheral_only:1249491689553076316:0.450000,0.4000244140625,0.5999755859375,0.331233790292701,0.668766209707299,8097.0,0.13551804410673796,0.10666923224925995,0.27182168636448445,1.0,5415.0,0.16048014773776548,0.10163853308005347,0.23564173591874424,0.16262165292808556,0.2596491228070175,0.18294935954409625,0.07789804651488531,0.21452110885442102,11.084734331932044,0.19716008059366621,5415.0,0.9036289155483246,0.14103310032110905,0.03515625,0.8486851879693403,0.1692379955795817,81.0,0.062290768832323026,0.19524012102490929,12.055763087538123,0.22516081645253935,5415.0,0.8506684228777885,0.11018255338618263,0.042727623456790126,1.1165807171149307,0.19757678925035585,81.0,0.06730018778239424,0.20055242691959563,11.719837239967683,0.22904090302392108,5415.0,0.9032463431358337,0.08254651427479442,0.04243827160493827,1.1185037422163486,0.1980433486850152,81.0
socofing:000291:right_little,000291,right_little,409,peripheral_only,0.50,1249491689553076316,peripheral_only:1249491689553076316:0.450000,0.5,0.5,0.41706804989502283,0.5829319501049772,8097.0,0.15034044054941942,0.1182263121008873,0.32012216016509537,1.0,4720.0,0.19110169491525425,0.11275533041206456,0.2775423728813559,0.18040852865930332,0.30466101694915254,0.2029595947417162,0.08847470503195905,0.22172851292485513,10.531808765933135,0.16752670764847197,4720.0,0.9789746105670929,0.07791159851038262,0.042459239130434784,0.9735737743336934,0.2016755157267253,69.0,0.06477803833330692,0.19569176909271074,11.88572207821977,0.2115673180875239,4720.0,0.910239927470684,0.04550412996298219,0.04664855072463768,1.0670212795381442,0.22884142020363624,69.0,0.07108702989547057,0.2055237415959956,11.48209630756349,0.2259791604578034,4720.0,0.9163025012239814,0.03310291879959671,0.041893115942028984,0.9704662830273677,0.2083025780463599,69.0
socofing:000291:right_little,000291,right_little,409,peripheral_only,0.60,1249491689553076316,peripheral_only:1249491689553076316:0.450000,0.5999755859375,0.4000244140625,0.5161170804001483,0.48388291959985175,8097.0,0.15045531658224046,0.11846587806940079,0.3318031468434365,2.0,3918.0,0.17304747320061256,0.11284148743668036,0.26391015824400205,0.18054637989868857,0.29606942317508933,0.20311467738602465,0.08798155943659847,0.22663351917813374,10.556083446016252,0.18677053330378487,3918.0,0.965037583373487,0.09989668270026421,0.0419921875,0.8749901388213996,0.15832209402406802,52.0,0.07173291886279938,0.2069328450885444,11.44281497057827,0.20294470379642518,3918.0,0.9026918336749077,0.05749952827477996,0.037109375,0.6511189832678781,0.13875819001532602,52.0,0.08257830311463976,0.21994655123365556,10.831340456017868,0.1690406132680802,3918.0,0.9174297973513603,0.03527295918225903,0.030123197115384616,0.4973898071413319,0.11408011055467562,52.0
socofing:000291:right_little,000291,right_little,409,peripheral_only,0.70,1249491689553076316,peripheral_only:1249491689553076316:0.450000,0.70001220703125,0.29998779296875,0.6166481412868964,0.3833518587131036,8097.0,0.18394937545470766,0.14476321637630463,0.25974030733561126,1.0,3104.0,0.1952319587628866,0.13796203159103074,0.30315721649484534,0.2207392505456492,0.33601804123711343,0.2483316568638553,0.09493554883736273,0.23467529624488717,10.225711345377018,0.22306321529610246,3104.0,0.9329200349748135,0.07729453630219772,0.029887354651162792,0.5337947296423236,0.11316050855862157,43.0,0.07174774407716332,0.20776500010856347,11.441917496496082,0.2775244546625808,3104.0,0.8464353010058403,0.059448047123857775,0.025345203488372093,0.4250402409663132,0.09537134505440767,43.0,0.08278417739717422,0.21708896410031622,10.820526623183618,0.2784025013719451,3104.0,0.925464509986341,0.06453770872437756,0.0318859011627907,0.5652010019986607,0.1200010430941473,43.0
socofing:000291:right_little,000291,right_little,409,peripheral_only,0.80,1249491689553076316,peripheral_only:1249491689553076316:0.450000,0.79998779296875,0.20001220703125,0.7259478819315796,0.27405211806842045,8097.0,0.2109672278904496,0.16628821194171906,0.26850152165965135,0.0,2219.0,0.19062640829202343,0.1582254209178372,0.2947273546642632,0.2531606734685395,0.33258224425416855,0.2848057576521069,0.09819348889990268,0.24616163978651132,10.079173088382365,0.2104983798679038,2219.0,0.8905077558010817,0.04967854383788913,0.030831473214285716,0.5505136110739587,0.1176824958457355,28.0,0.08375899832472788,0.22871364426680343,10.769685250331841,0.23694253468357312,2219.0,0.9341666102409363,0.09230144769938935,0.026227678571428572,0.4493648749222086,0.10200585388199189,28.0,0.09819348889990268,0.24616163978651132,10.079173088382365,0.2104983798679038,2219.0,0.8905077558010817,0.04967854383788913,0.030831473214285716,0.5505136110739587,0.1176824958457355,28.0
socofing:000291:right_little,000291,right_little,409,central_only,0.10,15013579942185993815,central_only:15013579942185993815:0.450000,0.0999755859375,0.9000244140625,0.2022971470915154,0.7977028529084846,8097.0,0.3012794309426014,0.2399739772081375,0.20665654006227605,0.0,6459.0,0.26010218300046445,0.225959573206951,0.3858182381173556,0.36153531713112164,0.4280848428549311,0.4067272317725118,0.12817672057421192,0.27019326202542554,8.921908441167757,0.11470535846267649,6459.0,0.9958045482635498,0.342661476388515,0.04958274147727273,1.1769080006418875,0.23932226389275083,88.0,0.08575104509434543,0.2368775728713928,10.667605782712975,0.14275364757759634,6459.0,0.9153941050171852,0.3241682818508804,0.04287997159090909,1.159397546909598,0.20275079014686861,88.0,0.12817672057421192,0.27019326202542554,8.921908441167757,0.11470535846267649,6459.0,0.9958045482635498,0.342661476388515,0.04958274147727273,1.1769080006418875,0.23932226389275083,88.0
socofing:000291:right_little,000291,right_little,409,central_only,0.20,15013579942185993815,central_only:15013579942185993815:0.450000,0.20001220703125,0.79998779296875,0.39100901568482155,0.6089909843151784,8097.0,0.24093023617643294,0.19177716970443726,0.2699761238780373,1.0,4931.0,0.21212735753396877,0.1806976771323247,0.32021902251064693,0.2891162834117196,0.355708781180288,0.3252558188381845,0.13363539805939503,0.2752632019661527,8.74078488375292,0.14318086566018054,4931.0,0.996010422706604,0.3352739580767717,0.03912450396825397,1.044063076723149,0.2157185884695356,63.0,0.08512577497815113,0.22908874232364662,10.69938921279422,0.14375289118246476,4931.0,0.9132446045987308,0.2596145165254789,0.046130952380952384,1.1620545358875434,0.23915945181509538,63.0,0.09278652949129532,0.2390240331991028,10.32515068956078,0.15548590804403412,4931.0,0.9834656110033393,0.25573150136134765,0.04358878968253968,1.1117147617410095,0.25055520518785934,63.0
socofing:000291:right_little,000291,right_little,409,central_only,0.30,15013579942185993815,central_only:15013579942185993815:0.450000,0.29998779296875,0.70001220703125,0.5234037297764604,0.47659627022353956,8097.0,0.19361394479030294,0.15324638783931732,0.31748706903096513,0.0,3859.0,0.19486913708214562,0.14521045859272722,0.28012438455558436,0.23233673374836358,0.3143301373412801,0.26137882546690905,0.07329800144021002,0.20797611221267587,11.34907866768442,0.15730146364798142,3859.0,0.9325765371322632,0.2736175057288636,0.04976222826086957,1.373965720880417,0.29724586540256887,46.0,0.06430688432604194,0.20032271888878378,11.91742531511716,0.18807408525313926,3859.0,0.8073835298418999,0.3517545808716206,0.040251358695652176,1.2689161263573525,0.2618799905058911,46.0,0.07329800144021002,0.20797611221267587,11.34907866768442,0.15730146364798142,3859.0,0.9325765371322632,0.2736175057288636,0.04976222826086957,1.373965720880417,0.29724586540256887,46.0
socofing:000291:right_little,000291,right_little,409,central_only,0.40,15013579942185993815,central_only:15013579942185993815:0.450000,0.4000244140625,0.5999755859375,0.6249228109176238,0.3750771890823762,8097.0,0.20859578135717247,0.1644747406244278,0.37998582781117896,2.0,3037.0,0.26177148501811,0.15644683601787931,0.37339479749753046,0.2503149376286069,0.4066513006256174,0.2816043048321828,0.07916074418696843,0.20332545425392046,11.014901316615141,0.22580691017976695,3037.0,0.9710342884063721,0.25889657817200357,0.03984375,1.2842824418723775,0.21614807850550494,35.0,0.044182411021843594,0.1643618031932059,13.547505884892082,0.2398043802135945,3037.0,0.6651231646537781,0.2717172251900488,0.05033482142857143,1.9189297058700046,0.33019031888580236,35.0,0.0626058126819333,0.18368811767663626,12.033853425324704,0.2450760220374217,3037.0,0.9391730986535549,0.2570264570932816,0.03950892857142857,1.4638563820659671,0.27881644603736294,35.0
socofing:000291:right_little,000291,right_little,409,central_only,0.50,15013579942185993815,central_only:15013579942185993815:0.450000,0.5,0.5,0.7127331110287761,0.2872668889712239,8097.0,0.12954824350562877,0.10218758136034012,0.24571013374204062,2.0,2326.0,0.22570937231298366,0.09716118262922159,0.31857265692175407,0.15545789220675454,0.34651762682717113,0.17489012873259888,0.067717204775574,0.18715598610084047,11.693009769600046,0.2621617958604413,2326.0,0.9196078777313232,0.2728811059576121,0.05530427631578947,2.706296510785879,0.3827543505609265,19.0,0.04246183449004877,0.1507743022991993,13.720012468234625,0.2954220977961801,2326.0,0.8615997359156609,0.1968484142430212,0.042146381578947366,1.7547228643204462,0.24523470464072664,19.0,0.047018717528002844,0.1555348714416797,13.277292207684464,0.31589754402692405,2326.0,0.8751849457621574,0.1531673510736822,0.03453947368421053,1.9059918647202,0.20632989778308178,19.0
socofing:000291:right_little,000291,right_little,409,central_only,0.60,15013579942185993815,central_only:15013579942185993815:0.450000,0.5999755859375,0.4000244140625,0.7912807212547858,0.20871927874521423,8097.0,0.12676443087278738,0.10001374036073685,0.29927310609270086,1.0,1690.0,0.1591715976331361,0.09507332315459054,0.2378698224852071,0.15211731704734485,0.2698224852071006,0.17113198167826296,0.07895689593982334,0.20504726052846342,11.02609933574293,0.20354786179811665,1690.0,0.9786702375859022,0.2701297306525665,0.047200520833333336,2.2179362740648645,0.3421773418038212,12.0,0.0481300436410741,0.16603724018576935,13.175837445335478,0.2564061642195951,1690.0,0.8632912617176771,0.25325347503057116,0.05859375,2.825793939536723,0.4301655807952626,12.0,0.050498084797943786,0.1648106518047228,12.967250927220778,0.2828948406656231,1690.0,0.8183907857164741,0.23049735017511355,0.038411458333333336,2.3338395398218217,0.3736611110209635,12.0
socofing:000291:right_little,000291,right_little,409,central_only,0.70,15013579942185993815,central_only:15013579942185993815:0.450000,0.70001220703125,0.29998779296875,0.8618006669136717,0.13819933308632826,8097.0,0.17341399599407128,0.1376330703496933,0.4338392980628294,2.0,1119.0,0.2386058981233244,0.13006049699555347,0.3583556747095621,0.20809679519288557,0.4066130473637176,0.2341088945919962,0.07325612355485382,0.19636194909888655,11.35156066333205,0.2703332399729509,1119.0,0.8723808825016022,0.25278890013940836,0.0185546875,0.9829221063290028,0.13410824068718807,4.0,0.03790472852719762,0.1469640008567552,14.213066094204535,0.31184122912923123,1119.0,0.7092595025897026,0.32459895269008965,0.0244140625,1.2163990708531869,0.18337724653514126,4.0,0.05336650653433123,0.159698373799556,12.727312259489072,0.26386094639168295,1119.0,0.9028890058398247,0.4278896433296366,0.064453125,4.425268589407752,1.0122956965062229,4.0
socofing:000291:right_little,000291,right_little,409,central_only,0.80,15013579942185993815,central_only:15013579942185993815:0.450000,0.79998779296875,0.20001220703125,0.9170062986291219,0.08299370137087814,8097.0,0.14782034558436227,0.11656535416841507,0.2527386229760295,1.0,672.0,0.2663690476190476,0.1108652591882717,0.4226190476190476,0.17738441470123473,0.46577380952380953,0.19955746653888906,0.04545421215235398,0.1559770222167052,13.424258653625383,0.2193538168863156,672.0,0.7737055718898773,0.3490602174178922,nan,nan,nan,0.0,0.02485947110780206,0.11956797834621587,16.045081153326073,0.28200670281803814,672.0,0.5940659493207932,0.3173264634716979,nan,nan,nan,0.0,0.025708406223121528,0.11929383303296552,15.899248463426915,0.31913748230770167,672.0,0.7150701582431793,0.27415130639595187,nan,nan,nan,0.0
socofing:000291:right_little,000291,right_little,409,disconnected_fragments,0.10,18324709264387518430,disconnected_fragments:18324709264387518430:0.450000,0.0999755859375,0.9000244140625,0.10374212671359763,0.8962578732864024,8097.0,0.18914718820889834,0.1494549810886383,0.24637417149063295,0.0,7257.0,0.19264158743282347,0.14186039115667376,0.29185613890037204,0.22697662585067804,0.3275458178310597,0.25534870408201277,0.0786472647136894,0.22229579270926295,11.043163771781172,0.12033634152174326,7257.0,0.9058823511004448,0.20461553844035402,0.06212797619047619,1.8847197244652512,0.28398840812091447,105.0,0.0649179160171121,0.20757152905712845,11.876354302628654,0.1390136971991138,7257.0,0.9058823511004448,0.20841403876404513,0.0665922619047619,2.2800490536433724,0.2824841157277674,105.0,0.0786472647136894,0.22229579270926295,11.043163771781172,0.12033634152174326,7257.0,0.9058823511004448,0.20461553844035402,0.06212797619047619,1.8847197244652512,0.28398840812091447,105.0
socofing:000291:right_little,000291,right_little,409,disconnected_fragments,0.20,18324709264387518430,disconnected_fragments:18324709264387518430:0.450000,0.20001220703125,0.79998779296875,0.2087192787452143,0.7912807212547857,8097.0,0.1394726199418063,0.10997587442398071,0.29559470709687874,1.0,6407.0,0.16185422194474794,0.10460446495635473,0.2414546589667551,0.16736714393016755,0.26471047292024347,0.18828803692143847,0.07455171103746232,0.21387782356080667,11.275423845972943,0.13591175559338284,6407.0,0.9119673958048224,0.33240942022956554,0.049192994505494504,1.344792541963162,0.2206367852726376,91.0,0.061509837112671106,0.1958174278472094,12.110554230520412,0.15845083730569576,6407.0,0.8390577360987663,0.209586214952698,0.05412946428571429,1.8138186422459919,0.24576665046252077,91.0,0.06373011205925207,0.1959466815973958,11.956553178817844,0.16212231010541242,6407.0,0.9321144185960293,0.18930081667217352,0.05533138736263736,2.038558471040581,0.2463832346274776,91.0
socofing:000291:right_little,000291,right_little,409,disconnected_fragments,0.30,18324709264387518430,disconnected_fragments:18324709264387518430:0.450000,0.29998779296875,0.70001220703125,0.2975175991107818,0.7024824008892182,8097.0,0.15591396195434148,0.12279537320137024,0.3163510297802132,2.0,5688.0,0.13976793248945146,0.11693547146575611,0.2209915611814346,0.1870967543452098,0.254746835443038,0.210483848638361,0.09095106630887215,0.23612428314406844,10.41192204908969,0.17564309058992625,5688.0,0.9401510953903198,0.28613074423133666,0.04339231927710843,1.284647512570054,0.21724212965326994,83.0,0.0651835509455714,0.20649199652549077,11.858619845572644,0.18353974443882815,5688.0,0.8066047988831997,0.23972998917737048,0.047628012048192774,1.427653422829795,0.23490474620192564,83.0,0.06664028925017049,0.1995765476311726,11.762631265550459,0.1861931165110419,5688.0,0.8418590985238552,0.2369449573114583,0.046121987951807226,1.450940537716967,0.20425121099696905,83.0
socofing:000291:right_little,000291,right_little,409,disconnected_fragments,0.40,18324709264387518430,disconnected_fragments:18324709264387518430:0.450000,0.4000244140625,0.5999755859375,0.3950845992342843,0.6049154007657157,8097.0,0.16077411527274757,0.12694533169269562,0.2664072967082696,2.0,4898.0,0.17558187015108206,0.12058058645456068,0.26643527970600245,0.19292893832729707,0.2925683952633728,0.21704505561820925,0.07346267909221485,0.20722413731137312,11.339332375242236,0.1931319713600331,4898.0,0.8927108012139797,0.18750215973029793,0.03939732142857143,1.0906787854959434,0.19070874751153366,70.0,0.05826657161966058,0.1897215368268002,12.345805348610481,0.2298959096213654,4898.0,0.8378552757203579,0.1867164744423518,0.047265625,1.4315764548474152,0.22080702311989925,70.0,0.06491695048366311,0.1955246278086716,11.8764188963484,0.2068719945097461,4898.0,0.8941243253648281,0.19577376188570808,0.036328125,0.9271572302634604,0.18767947169712448,70.0
socofing:000291:right_little,000291,right_little,409,disconnected_fragments,0.50,18324709264387518430,disconnected_fragments:18324709264387518430:0.450000,0.5,0.5,0.506360380387798,0.49363961961220204,8097.0,0.1499725645282988,0.11812688410282135,0.33682655059857897,2.0,3997.0,0.18889166875156368,0.1124794233962241,0.29321991493620214,0.1799670774339586,0.3242431823867901,0.20246296211320342,0.0665583076429941,0.1932650656271134,11.76797729245173,0.25415418777707666,3997.0,0.9820925588719547,0.18695580989065802,0.039858217592592594,1.2838863544227488,0.22008834969826094,54.0,0.04886126406405236,0.16896043405715494,13.110353018132264,0.2809941882368515,3997.0,0.7974512539803982,0.1664187772031701,0.032045717592592594,1.1437546418264817,0.15422713204642716,54.0,0.05563430384558433,0.180120693649612,12.546573419270747,0.2960258440611849,3997.0,0.8988996110856533,0.2153216229439312,0.031032986111111112,0.8463791316544464,0.14251103096823672,54.0
socofing:000291:right_little,000291,right_little,409,disconnected_fragments,0.60,18324709264387518430,disconnected_fragments:18324709264387518430:0.450000,0.5999755859375,0.4000244140625,0.6161541311596888,0.38384586884031124,8097.0,0.1488778698232132,0.11743250489234924,0.3334842669885661,0.0,3108.0,0.19176319176319176,0.1116584023674099,0.2956885456885457,0.17865344378785586,0.3256113256113256,0.2009851242613378,0.06517074127692311,0.18869039580673028,11.859473391448583,0.26497421008592464,3108.0,0.9313662946224213,0.25056022441378994,0.048005756578947366,1.8176440233124953,0.2743872804022655,38.0,0.05047397820839813,0.16824468840159323,12.969324641217382,0.28582295901017923,3108.0,0.913156945258379,0.21602430902116637,0.04780016447368421,2.1029234428187027,0.21422248321229098,38.0,0.06517074127692311,0.18869039580673028,11.859473391448583,0.26497421008592464,3108.0,0.9313662946224213,0.25056022441378994,0.048005756578947366,1.8176440233124953,0.2743872804022655,38.0
socofing:000291:right_little,000291,right_little,409,disconnected_fragments,0.70,18324709264387518430,disconnected_fragments:18324709264387518430:0.450000,0.70001220703125,0.29998779296875,0.7210077806595035,0.27899221934049645,8097.0,0.16593874034688802,0.13169117271900177,0.2647990976856853,2.0,2259.0,0.2656042496679947,0.12445405526016602,0.37627268702965916,0.19912648841626565,0.4125719344842851,0.22401729946829882,0.07010043724573153,0.1869268092836388,11.542792731486593,0.32424676087317955,2259.0,0.993877827655524,0.23255840843424735,0.051920572916666664,2.2983986449217535,0.23872772471328038,24.0,0.04308337261909222,0.15130573680629314,13.65690306940208,0.3530248133887968,2259.0,0.8335125441662967,0.13592605418505027,0.0458984375,2.4609585528410576,0.2580331347754598,24.0,0.0559757791880215,0.17790443318306035,12.519998522875149,0.2725024115563224,2259.0,0.8556885048747063,0.22757050568839646,0.042643229166666664,1.4032737389265417,0.32643579122043215,24.0
socofing:000291:right_little,000291,right_little,409,disconnected_fragments,0.80,18324709264387518430,disconnected_fragments:18324709264387518430:0.450000,0.79998779296875,0.20001220703125,0.798567370631098,0.20143262936890205,8097.0,0.14949610811689992,0.11821682751178741,0.24737927972240134,2.0,1631.0,0.21520539546290618,0.11212208108767492,0.3280196198651134,0.1793953297402799,0.3525444512568976,0.20181974595781485,0.0711940500623431,0.19497727844544363,11.475563003668949,0.2271900875295896,1631.0,0.8742150058969855,0.26545388198542486,0.0451171875,2.359739020121454,0.3033149382757464,20.0,0.04347350611117354,0.1545996710807679,13.617753328173947,0.2814137367445919,1631.0,0.7745398133993149,0.15504208937362193,0.03046875,1.2649037224446602,0.22588419561974876,20.0,0.05780344888095579,0.17452816864056483,12.380462483392902,0.23445687676385218,1631.0,0.9027964398264885,0.1862160213213478,0.0251953125,1.1752239501940305,0.19746633112071213,20.0
socofing:000291:right_little,000291,right_little,409,stripes,0.10,3555966471772874532,stripes:3555966471772874532:0.450000,0.0999755859375,0.9000244140625,0.030381622823267878,0.9696183771767322,8097.0,0.14953440908352564,0.11764457076787949,0.17407099957017716,0.0,7851.0,0.12138581072474844,0.11215080681264424,0.1830340084065724,0.17944129090023075,0.2050694179085467,0.20187145226275963,0.09415097874917944,0.2523815653195177,10.261751609032018,0.0931474989662394,7851.0,0.9309690590016544,0.4106489444961094,0.048499723451327435,1.1385675455838153,0.21455809938683576,113.0,0.08917879093513752,0.2499842759605662,10.497384200079136,0.10058810053081123,7851.0,0.8935026489198208,0.3904622945056596,0.0625691371681416,1.9865847312206562,0.2547720009174199,113.0,0.09415097874917944,0.2523815653195177,10.261751609032018,0.0931474989662394,7851.0,0.9309690590016544,0.4106489444961094,0.048499723451327435,1.1385675455838153,0.21455809938683576,113.0
socofing:000291:right_little,000291,right_little,409,stripes,0.20,3555966471772874532,stripes:3555966471772874532:0.450000,0.20001220703125,0.79998779296875,0.13856984068173397,0.861430159318266,8097.0,0.14976032669826222,0.11800403147935867,0.2655132153648911,1.0,6975.0,0.11469534050179211,0.11232024502369665,0.19311827956989247,0.17971239203791464,0.22064516129032258,0.20217644104265398,0.08185503567466475,0.23409851354837258,10.869545978837106,0.12065585301678329,6975.0,0.8911812864243984,0.2935962967405101,0.05916940789473684,1.8412770234197255,0.25659747682573675,95.0,0.08106319143469665,0.23217013187419397,10.91176302208018,0.13138270683427236,6975.0,0.8900834880769253,0.3301773593869929,0.05933388157894737,1.8089460515828972,0.25964872843357634,95.0,0.085620200764911,0.22762017643266094,10.674237581533003,0.14611662406340256,6975.0,0.9985620379447937,0.38129970889820003,0.04346217105263158,1.1522966729255395,0.19855350845600245,95.0
socofing:000291:right_little,000291,right_little,409,stripes,0.30,3555966471772874532,stripes:3555966471772874532:0.450000,0.29998779296875,0.70001220703125,0.254415215511918,0.7455847844880821,8097.0,0.14817416909832185,0.11692050844430923,0.25909125864084276,2.0,6037.0,0.12307437468941528,0.11113062682374139,0.19910551598476064,0.17780900291798624,0.2227927778698029,0.2000351282827345,0.11828511205642818,0.27233610758784693,9.270699143630134,0.1295155426915703,6037.0,0.9823595876805484,0.3838192201660157,0.06302400914634146,1.947812897336025,0.273440498777565,82.0,0.07894268743209584,0.22925598604250708,11.026880930777828,0.14324835641131284,6037.0,0.8704618774354458,0.2997550489027567,0.058022103658536585,1.654089852836177,0.24835461193380556,82.0,0.07219406756727544,0.21916796232784883,11.414984884227481,0.10761899974234759,6037.0,0.8875573240220547,0.2980013899384448,0.052210365853658534,1.2618349989382818,0.2517222142800133,82.0
socofing:000291:right_little,000291,right_little,409,stripes,0.40,3555966471772874532,stripes:3555966471772874532:0.450000,0.4000244140625,0.5999755859375,0.33580338396937137,0.6641966160306286,8097.0,0.15438951830652933,0.12168040126562119,0.2579117169037389,1.0,5378.0,0.13034585347712904,0.11579213872989698,0.19802900706582371,0.18526742196783516,0.22368910375604314,0.2084258497138146,0.11829847445533771,0.26765297171003444,9.27020855878415,0.13314710503646213,5378.0,0.9921615123748779,0.3259399312684213,0.06779751712328767,2.2167076860342556,0.31627011144942063,73.0,0.10341111191409565,0.25558256200719426,9.854327921541815,0.14037510133523856,5378.0,0.9603763809427619,0.3048858511770063,0.0566673801369863,1.6911677038911719,0.25957917948151127,73.0,0.09215058066584841,0.24165289913930688,10.35501923828746,0.14334747597467096,5378.0,0.9321361146867275,0.38614130242517974,0.0643728595890411,2.351060339328462,0.28587106347299174,73.0
socofing:000291:right_little,000291,right_little,409,stripes,0.50,3555966471772874532,stripes:3555966471772874532:0.450000,0.5,0.5,0.4123749536865506,0.5876250463134494,8097.0,0.17717114027030534,0.13970744609832764,0.23323381402756616,2.0,4758.0,0.15111391340899538,0.13287835520272898,0.23245060949978982,0.21260536832436638,0.2547288776796974,0.23918103936491214,0.09981158424809856,0.2580376443900004,10.00819051066692,0.10496395563742161,4758.0,0.9303719392046332,0.21185660057455818,0.048095703125,1.241407336808856,0.23589779630880744,64.0,0.08749762363256347,0.239448626225144,10.580037419180213,0.1418540552864464,4758.0,0.8294712267816067,0.20791021832315298,0.05084228515625,1.4115796458473318,0.236081318520145,64.0,0.09317704278406799,0.23918484492153447,10.306910771346447,0.14903452062565006,4758.0,0.8940280666574836,0.2442260579999318,0.0574951171875,1.7731951986811207,0.2571974325853952,64.0
socofing:000291:right_little,000291,right_little,409,stripes,0.60,3555966471772874532,stripes:3555966471772874532:0.450000,0.5999755859375,0.4000244140625,0.4919105841669754,0.5080894158330246,8097.0,0.17949547785121645,0.1414034366607666,0.2903554705486084,1.0,4114.0,0.19299951385512884,0.13462160838841233,0.28561011181332036,0.21539457342145973,0.3145357316480311,0.24231889509914217,0.09846417229959663,0.23904842157645798,10.067217654726646,0.1517550488581365,4114.0,0.9915311932563782,0.15691219792531697,0.0486438679245283,1.211933085635696,0.20388214553788192,53.0,0.07494946081819634,0.2143631512061482,11.252314870922106,0.19716779530665562,4114.0,0.9375057807192206,0.1754555848407807,0.045474646226415096,1.0099926498607048,0.17714920141401486,53.0,0.09178129551005801,0.23367580727596646,10.372458164507014,0.18512289453750233,4114.0,0.9900299310684204,0.21311038440732794,0.052329009433962265,1.2335352134564228,0.20998382566574583,53.0
socofing:000291:right_little,000291,right_little,409,stripes,0.70,3555966471772874532,stripes:3555966471772874532:0.450000,0.70001220703125,0.29998779296875,0.5878720513770532,0.41212794862294677,8097.0,0.1781427116199231,0.1400817185640335,0.39125284849353903,0.0,3337.0,0.1648186994306263,0.1336070337149423,0.2382379382679053,0.21377125394390772,0.26281090800119866,0.24049266068689615,0.09233489635210994,0.2367372773022547,10.346341339799316,0.19893693530689238,3337.0,0.9872959246858954,0.3469895535206038,0.05192454268292683,1.783111724488896,0.2064549080557564,41.0,0.09958898188179224,0.24670223089338023,10.017887074862532,0.2030127733615159,3337.0,0.9243828617036343,0.23284322564488322,0.052591463414634144,1.6704195412561789,0.21640554370651713,41.0,0.09233489635210994,0.2367372773022547,10.346341339799316,0.19893693530689238,3337.0,0.9872959246858954,0.3469895535206038,0.05192454268292683,1.783111724488896,0.2064549080557564,41.0
socofing:000291:right_little,000291,right_little,409,stripes,0.80,3555966471772874532,stripes:3555966471772874532:0.450000,0.79998779296875,0.20001220703125,0.7465728047424972,0.2534271952575028,8097.0,0.19343500705877628,0.15187761187553406,0.4124191322450759,2.0,2052.0,0.15692007797270954,0.14507625529408222,0.2422027290448343,0.23212200847053158,0.2724171539961014,0.261137259529348,0.13100101280921328,0.27388771280458424,8.82725346666738,0.16755791139811643,2052.0,0.9932297463528812,0.2683555132534423,0.03977272727272727,0.9430110617365816,0.19700294294513654,22.0,0.08117668831645974,0.2254951196165799,10.905686701316217,0.2271232728935469,2052.0,0.9433956705033779,0.1934199311507348,0.03249289772727273,0.7500551603170316,0.14996838297944792,22.0,0.06981002316303818,0.20429409770626342,11.560822178942235,0.2282036072307162,2052.0,0.9299578629434109,0.252833204527546,0.059126420454545456,3.6853578517645036,0.26150230493279497,22.0
socofing:000291:right_little,000291,right_little,409,severe_partial,0.10,15949580801330154025,severe_partial:15949580801330154025:0.200000,0.0999755859375,0.9000244140625,0.1598122761516611,0.8401877238483388,8097.0,0.20996445608113337,0.16526249051094055,0.16905831892065784,2.0,6803.0,0.1458180214611201,0.15747334206085004,0.23680729090107305,0.25195734729736,0.2676760252829634,0.28345201570953005,0.11194820035576471,0.2735199019320114,9.509828836110154,0.08373420314851543,6803.0,0.9576348047703505,0.29699491100112485,0.04872744845360825,1.0789263196784378,0.20686000056941548,97.0,0.08973018165244334,0.25113279796518273,10.470614530494885,0.09613603024853513,6803.0,0.9093719702214003,0.30900009601154854,0.05758698453608247,1.5985503713593607,0.24825256017714611,97.0,0.09578489278447216,0.2509876648738283,10.187029825468537,0.0803442003724281,6803.0,0.8912347536534071,0.5394919199443299,0.04602931701030928,1.0216899052792383,0.18403301022172938,97.0
socofing:000291:right_little,000291,right_little,409,severe_partial,0.20,15949580801330154025,severe_partial:15949580801330154025:0.200000,0.20001220703125,0.79998779296875,0.2855378535259973,0.7144621464740026,8097.0,0.19521201999068638,0.1540125459432602,0.19524427484059506,1.0,5785.0,0.1320656871218669,0.14640901499301479,0.21244598098530681,0.23425442398882362,0.23993085566119274,0.26353622698742657,0.10363622123875084,0.2576897952163088,9.844884305480154,0.11512567702515669,5785.0,0.9709631204605103,0.33339362736562533,0.0584984756097561,1.3556587055920555,0.2156929799052122,82.0,0.08680404028730693,0.24880689264145536,10.614600601501616,0.1356704905300761,5785.0,0.8102810904383659,0.3189412414757092,0.05163871951219512,1.186910987640699,0.19412199144347989,82.0,0.10133406324233153,0.25758825179105727,9.942445428776006,0.1283430981183914,5785.0,0.9497693143785,0.45484667002734325,0.05073361280487805,1.1013893477629768,0.19529704226552386,82.0
socofing:000291:right_little,000291,right_little,409,severe_partial,0.30,15949580801330154025,severe_partial:15949580801330154025:0.200000,0.29998779296875,0.70001220703125,0.39755464987032235,0.6024453501296776,8097.0,0.20429846251761963,0.16086454689502716,0.20507214228742837,0.0,4878.0,0.14575645756457564,0.1532238468882147,0.23062730627306274,0.24515815502114352,0.2564575645756458,0.2758029243987864,0.11344804300757072,0.2661017031531419,9.452029913466403,0.10066934535086162,4878.0,0.9853416681289673,0.23244660596908345,0.06138392857142857,1.3318972684531702,0.22971066128601647,70.0,0.09351214108990875,0.2563593535076532,10.291319991163487,0.11585471296678057,4878.0,0.7825184985995293,0.23517413260525685,0.06958705357142857,2.0600141424446785,0.26321445634753665,70.0,0.11344804300757072,0.2661017031531419,9.452029913466403,0.10066934535086162,4878.0,0.9853416681289673,0.23244660596908345,0.06138392857142857,1.3318972684531702,0.22971066128601647,70.0
socofing:000321:left_thumb,000321,left_thumb,490,random_rectangles,0.10,8441153167974664544,random_rectangles:8441153167974664544:0.450000,0.0999755859375,0.9000244140625,0.019006693661680854,0.9809933063383192,12101.0,0.24534762009605482,0.19392000138759613,0.15308059666367838,2.0,11871.0,0.20790160896301912,0.18401071507204111,0.3259203099991576,0.2944171441152658,0.3667761772386488,0.331219287129674,0.1189716673213408,0.27162771570122746,9.245564519776059,0.06229904029435123,11871.0,0.9788476815447211,0.2293992587169668,0.052698863636363634,1.3892149613707825,0.2086566091744042,165.0,0.08246782331749294,0.2341009649358581,10.837154681951704,0.061775631320708214,11871.0,0.9764705877751112,0.19989428982790453,0.0646780303030303,1.760801182090552,0.25601049063111325,165.0,0.11049215091069592,0.2581345869652521,9.566685720897013,0.06676513367466358,11871.0,0.9852863545529544,0.26898937596653044,0.05459280303030303,1.2799166369544437,0.21858878669751178,165.0
socofing:000321:left_thumb,000321,left_thumb,490,random_rectangles,0.20,8441153167974664544,random_rectangles:8441153167974664544:0.450000,0.20001220703125,0.79998779296875,0.0968514998760433,0.9031485001239568,12101.0,0.1709189752314102,0.13466286659240723,0.23419136250592884,2.0,10929.0,0.1311190410833562,0.12818923142355765,0.20267179064873272,0.2051027702776923,0.2288406990575533,0.2307406165624038,0.0842541625555399,0.23307598927964548,10.744086337178162,0.13813591476301268,10929.0,0.9130302630364895,0.19934012342412244,0.045218552215189875,0.9047041375123122,0.17630165150679952,158.0,0.075207203299283,0.22751933544627406,11.237405609600938,0.1355886688725893,10929.0,0.8391324263066053,0.1896751805574472,0.04704806170886076,1.037735622706629,0.1839563340539979,158.0,0.08484903387275708,0.2311922564362223,10.713530983801203,0.12750702042834028,10929.0,0.9641159167513251,0.29684978045745525,0.04652887658227848,1.0376291460370193,0.18221444275652865,158.0
socofing:000321:left_thumb,000321,left_thumb,490,random_rectangles,0.30,8441153167974664544,random_rectangles:8441153167974664544:0.450000,0.29998779296875,0.70001220703125,0.18601768448888523,0.8139823155111148,12101.0,0.18113555308324228,0.1430555135011673,0.21253108665495646,0.0,9850.0,0.1668020304568528,0.13585166481243172,0.26771573604060916,0.21736266369989077,0.3035532994923858,0.24453299666237707,0.08030493178539908,0.2159202098308443,10.952577824745628,0.1997082849305855,9850.0,0.9959734082221985,0.13010232762289378,0.04346686241610738,0.8799058637517712,0.16903852928180815,149.0,0.06635805567206968,0.20621064939117767,11.781063475310686,0.19839301514858934,9850.0,0.8601268455386162,0.10022019615675617,0.043493078859060404,0.937983065370867,0.17113242336498852,149.0,0.08030493178539908,0.2159202098308443,10.952577824745628,0.1997082849305855,9850.0,0.9959734082221985,0.13010232762289378,0.04346686241610738,0.8799058637517712,0.16903852928180815,149.0
socofing:000321:left_thumb,000321,left_thumb,490,random_rectangles,0.40,8441153167974664544,random_rectangles:8441153167974664544:0.450000,0.4000244140625,0.5999755859375,0.28262127096934136,0.7173787290306586,12101.0,0.18569091245636746,0.14642903208732605,0.27165911151114563,1.0,8681.0,0.17486464693007717,0.13926818434227559,0.27577468033636676,0.22282909494764094,0.31240640479207465,0.250682731816096,0.09076763335113962,0.23101714711164045,10.42068988074923,0.2235132126310761,8681.0,0.9736571302637458,0.13209315216642908,0.03726619525547445,0.8554650798371937,0.14346635203490124,137.0,0.06386257416702715,0.20005060512901457,11.947535799399493,0.24472459404639268,8681.0,0.8551440136507154,0.08371477703147034,0.03532732664233577,0.6820303770922472,0.1362747786795626,137.0,0.07423465287535348,0.20588439494767716,11.293933179093594,0.21135636172654892,8681.0,0.9000073969364166,0.11035991851057618,0.03324589416058394,0.62940597063227,0.13087581077850366,137.0
socofing:000321:left_thumb,000321,left_thumb,490,random_rectangles,0.50,8441153167974664544,random_rectangles:8441153167974664544:0.450000,0.5,0.5,0.3826956449880175,0.6173043550119826,12101.0,0.18286760496486784,0.14467458426952362,0.2784703873617532,1.0,7470.0,0.19879518072289157,0.13715070372365085,0.2987951807228916,0.21944112595784138,0.3326639892904953,0.24687126670257153,0.07651677124660104,0.20687080530868657,11.16243364041617,0.27005761124464767,7470.0,0.9486224949359894,0.08969532702960382,0.03922801906779661,0.8403315319222991,0.14972693251158664,118.0,0.06350769210300382,0.194000694621292,11.971736694234536,0.2898125340889082,7470.0,0.8820661306381226,0.0691790798824569,0.03267346398305085,0.6283490047688987,0.1266763786492959,118.0,0.06950041785088112,0.19403058570165094,11.580125843338227,0.28333739728297824,7470.0,0.9602636080235243,0.0770458951573695,0.033203125,0.6396443706922649,0.12870299699716775,118.0
socofing:000321:left_thumb,000321,left_thumb,490,random_rectangles,0.60,8441153167974664544,random_rectangles:8441153167974664544:0.450000,0.5999755859375,0.4000244140625,0.48871994050078504,0.511280059499215,12101.0,0.18351782864392893,0.1449621021747589,0.2963878904552155,1.0,6187.0,0.18312590916437693,0.1376383714829467,0.28737675771779536,0.2202213943727147,0.32616777113302087,0.24774906866930402,0.0926290604488802,0.22931056729017668,10.332527410434748,0.2677164099834515,6187.0,0.9774096007458866,0.043357762542766534,0.0346484375,0.6568903334011665,0.13250433766855038,100.0,0.06734262569442603,0.20148566559484554,11.717099544408107,0.3154725680777686,6187.0,0.8734636809676886,0.04025894006941005,0.030859375,0.5799324745724256,0.11833124056022944,100.0,0.07210288048025928,0.20117936896476957,11.420473850490382,0.2946867856888797,6187.0,0.9087364971637726,0.07495428028410975,0.0297265625,0.5778196057043233,0.11365770913835624,100.0
socofing:000321:left_thumb,000321,left_thumb,490,random_rectangles,0.70,8441153167974664544,random_rectangles:8441153167974664544:0.450000,0.70001220703125,0.29998779296875,0.605982976613503,0.394017023386497,12101.0,0.1775359889779915,0.1404893398284912,0.2512208369772185,2.0,4768.0,0.16778523489932887,0.13315199173349362,0.2661493288590604,0.2130431867735898,0.3013842281879195,0.2396735851202885,0.08421910945043384,0.220028095624637,10.745893552074573,0.32753994377449913,4768.0,0.9583899974822998,0.045260677164141394,0.03333690068493151,0.6360177955195937,0.12792526771662674,73.0,0.06833135758382684,0.20515341366785375,11.653799507787355,0.35439330446197215,4768.0,0.9024527743458748,0.039764066378645546,0.032534246575342464,0.6163764916912398,0.12457379577398675,73.0,0.08343815368092256,0.218175742964572,10.786353145414814,0.3259139499683743,4768.0,0.9226567130535841,0.04230141626245384,0.035477311643835614,0.7152431506432231,0.137559994939198,73.0
socofing:000321:left_thumb,000321,left_thumb,490,random_rectangles,0.80,8441153167974664544,random_rectangles:8441153167974664544:0.450000,0.79998779296875,0.20001220703125,0.733906288736468,0.266093711263532,12101.0,0.19081569069043944,0.15108628571033478,0.3207048358554567,2.0,3220.0,0.1953416149068323,0.14311176801782957,0.30714285714285716,0.22897882882852733,0.3409937888198758,0.25760118243209323,0.08172270692458955,0.21323279028003514,10.876572565410335,0.324764915179323,3220.0,0.9911273717880249,0.10660893696405173,0.024609375,0.4227231913833128,0.09828288803912462,40.0,0.06215165760990387,0.1937883086006883,12.06547284057985,0.35401536324626387,3220.0,0.872799513861537,0.0628135625379498,0.029296875,0.5182282024789554,0.11564101938888975,40.0,0.0760617930592043,0.20483022178450935,11.188334408684351,0.34757200516985215,3220.0,0.947490512393415,0.06570651877762337,0.0294921875,0.5237798658665478,0.11553878119559662,40.0
socofing:000321:left_thumb,000321,left_thumb,490,irregular,0.10,7296117877234475107,irregular:7296117877234475107:0.450000,0.0999755859375,0.9000244140625,0.045450789190975956,0.954549210809024,12101.0,0.1786271439580296,0.14101646840572357,0.24501766925644544,1.0,11551.0,0.1573889706518916,0.13397035796852216,0.23236083455977838,0.21435257274963548,0.2559951519348974,0.24114664434333993,0.13679204991886737,0.2900214053464839,8.639391422116333,0.10572447612686818,11551.0,0.9999983310699463,0.27083205625613055,0.046079282407407406,1.0912706049337138,0.18066329880214999,162.0,0.09184077341556672,0.2451912629827741,10.369644676214225,0.1094286867097728,11551.0,0.9994692802429199,0.25635694118722796,0.049310378086419755,1.2249902342029932,0.19325671406316758,162.0,0.08559941297296891,0.23072180380428273,10.675292136344648,0.12245408472089388,11551.0,0.9992412328720093,0.32221715965189374,0.04610339506172839,1.1549183059841643,0.18167020625879612,162.0
socofing:000321:left_thumb,000321,left_thumb,490,irregular,0.20,7296117877234475107,irregular:7296117877234475107:0.450000,0.20001220703125,0.79998779296875,0.14783902156846543,0.8521609784315346,12101.0,0.16544784378922198,0.13028259575366974,0.2797922616647657,1.0,10312.0,0.14943754848719937,0.12408588284191649,0.22565942591155935,0.1985374125470664,0.2538789759503491,0.2233545891154497,0.0770497135680871,0.21351525242665467,11.13228971430058,0.21667196015824447,10312.0,0.9529411755502224,0.2045558296510542,0.04346955128205128,1.128472792250773,0.17176119683756869,156.0,0.06901491887180584,0.21218155702140545,11.61057018199667,0.2275099128384615,10312.0,0.9529411755502224,0.1781131400112213,0.04204226762820513,0.999895919290114,0.16459752948519693,156.0,0.07273428146064519,0.20931562725880853,11.382608471871944,0.23706691040384845,10312.0,0.9577654600143433,0.18362043059933456,0.04124098557692308,0.9485155024180099,0.16243554621362769,156.0
socofing:000321:left_thumb,000321,left_thumb,490,irregular,0.30,7296117877234475107,irregular:7296117877234475107:0.450000,0.29998779296875,0.70001220703125,0.25840839600033055,0.7415916039996695,12101.0,0.15395364700423939,0.12139749526977539,0.29708582267062705,0.0,8974.0,0.1430800089146423,0.11546523525317953,0.2195230666369512,0.18474437640508726,0.24548696233563627,0.20783742345572312,0.06891195716228454,0.20403478523814506,11.617054155517156,0.29546732275138127,8974.0,0.9346741437911987,0.21351599880272293,0.03413955479452055,0.853632571085373,0.13404055805661852,146.0,0.06382952993206471,0.203120568052664,11.949783538885736,0.30907136466521024,8974.0,0.8840267062187195,0.1430143567692354,0.02967144691780822,0.6588850125990793,0.11660956315866919,146.0,0.06891195716228454,0.20403478523814506,11.617054155517156,0.29546732275138127,8974.0,0.9346741437911987,0.21351599880272293,0.03413955479452055,0.853632571085373,0.13404055805661852,146.0
socofing:000321:left_thumb,000321,left_thumb,490,irregular,0.40,7296117877234475107,irregular:7296117877234475107:0.450000,0.4000244140625,0.5999755859375,0.3667465498719114,0.6332534501280886,12101.0,0.14206010946905354,0.11190403997898102,0.3416282594097405,1.0,7663.0,0.1507242594284223,0.10654508210179016,0.23880986558788986,0.17047213136286427,0.26960720344512595,0.19178114778322228,0.06775992213598428,0.1964774488060174,11.69027101731833,0.31215108588226975,7663.0,0.9329642644152045,0.11795145727770454,0.028543037280701754,0.550789683240397,0.11236322776406964,114.0,0.05380666977708033,0.18035531751622516,12.691638866413706,0.3502532007664425,7663.0,0.906338750384748,0.1469570865985576,0.029433936403508772,0.5946121756034306,0.11419685144415932,114.0,0.056700750300823305,0.1782872670058598,12.464111942049527,0.35043014094047403,7663.0,0.9405261874198914,0.1422387695890156,0.03159265350877193,0.6348644264184556,0.12106084699362081,114.0
socofing:000321:left_thumb,000321,left_thumb,490,irregular,0.50,7296117877234475107,irregular:7296117877234475107:0.450000,0.5,0.5,0.4769027353111313,0.5230972646888687,12101.0,0.13824221848374355,0.10898764431476593,0.40224136884376765,0.0,6330.0,0.14123222748815165,0.10368166386280768,0.21911532385466034,0.1658906621804923,0.24755134281200633,0.1866269949530538,0.0699873614945728,0.1971433178882893,11.54980378967612,0.35712372460153974,6330.0,0.9614415168762207,0.1355084386473738,0.032658066860465115,0.6155169294558529,0.12947311234533734,86.0,0.06006039108728107,0.18976117644251558,12.21411844190066,0.3656183976305013,6330.0,0.9029815159738064,0.12979253076904568,0.028206758720930234,0.5847082509440658,0.11190379715021762,86.0,0.0699873614945728,0.1971433178882893,11.54980378967612,0.35712372460153974,6330.0,0.9614415168762207,0.1355084386473738,0.032658066860465115,0.6155169294558529,0.12947311234533734,86.0
socofing:000321:left_thumb,000321,left_thumb,490,irregular,0.60,7296117877234475107,irregular:7296117877234475107:0.450000,0.5999755859375,0.4000244140625,0.5879679365341707,0.4120320634658293,12101.0,0.1620686687055892,0.12797264754772186,0.4389393014486918,2.0,4986.0,0.15724027276373848,0.1215515015291919,0.246690734055355,0.1944824024467071,0.27336542318491774,0.2187927027525454,0.08831103878672547,0.2187380200955005,10.539850066770004,0.3471867632031475,4986.0,0.9561216831207275,0.12415837919393029,0.02378015350877193,0.548801387854356,0.09023977375631939,57.0,0.06605512364966472,0.19712209699221922,11.80093490139156,0.37053231386228175,4986.0,0.8921598121523857,0.1017425396325955,0.03131853070175439,0.7158909128843645,0.11968558321898289,57.0,0.06765721113975799,0.19192669610166008,11.696859079901959,0.35239286095741706,4986.0,0.9621294727548957,0.1006268431610957,0.033237390350877194,0.6457640412337539,0.12626061584053652,57.0
socofing:000321:left_thumb,000321,left_thumb,490,irregular,0.70,7296117877234475107,irregular:7296117877234475107:0.450000,0.70001220703125,0.29998779296875,0.6964713660028097,0.3035286339971903,12101.0,0.17512571248571976,0.13813966512680054,0.40351113457406,0.0,3673.0,0.19384699156003268,0.13134428436428983,0.290498230329431,0.2101508549828637,0.3231690716035938,0.2364197118557217,0.06419039926611173,0.18500424108754265,11.925299229832738,0.37849623925334563,3673.0,0.9048177562654018,0.11938174681210087,0.017447916666666667,0.30556975368886263,0.06575956655546673,30.0,0.06047671021331158,0.187162592922082,12.184118414331827,0.40256671818144807,3673.0,0.8652691543102264,0.09159116639935669,0.023958333333333335,0.41135087505169665,0.09193551325893555,30.0,0.06419039926611173,0.18500424108754265,11.925299229832738,0.37849623925334563,3673.0,0.9048177562654018,0.11938174681210087,0.017447916666666667,0.30556975368886263,0.06575956655546673,30.0
socofing:000321:left_thumb,000321,left_thumb,490,irregular,0.80,7296117877234475107,irregular:7296117877234475107:0.450000,0.79998779296875,0.20001220703125,0.8013387323361706,0.1986612676638294,12101.0,0.16722330645230898,0.13219600915908813,0.3923467606159497,2.0,2404.0,0.19550748752079866,0.12541747983923174,0.29866888519134777,0.2006679677427708,0.3336106489184692,0.2257514637106171,0.08034994237873032,0.20497372967327407,10.950144303456701,0.41716309727969697,2404.0,0.9616252174600959,0.13112323042662263,0.037841796875,0.7281079843244662,0.14286166573208148,16.0,0.05063336021567803,0.1696944887562056,12.95563250280493,0.4751774558534534,2404.0,0.8784026429057121,0.08560796206944271,0.0185546875,0.32485462534243237,0.0721855636057559,16.0,0.0639915120596359,0.18140528894598268,11.938776277368666,0.43448313514541664,2404.0,0.9382750983349979,0.1051864126889075,0.024169921875,0.4329988885642049,0.0966887294555545,16.0
socofing:000321:left_thumb,000321,left_thumb,490,central_missing,0.10,13555677354685193590,central_missing:13555677354685193590:0.450000,0.0999755859375,0.9000244140625,0.021568465416081317,0.9784315345839187,12101.0,0.1808189295668591,0.1422833800315857,0.23226665829034476,2.0,11840.0,0.16942567567567568,0.13561419717514434,0.24864864864864866,0.21698271548023096,0.2734797297297297,0.2441055549152598,0.13484934427903053,0.28413228449290556,8.701511610145094,0.06156106937788416,11840.0,1.0,0.25339718672016776,0.061332888719512195,2.2416907619622606,0.2478665893280311,164.0,0.10992774009398731,0.2623213659883068,9.588927002102603,0.0664512334506706,11840.0,1.0,0.2527323142383056,0.0625952743902439,2.2301137366839354,0.25344190959380625,164.0,0.10870481126995434,0.25740630748796567,9.637512336344905,0.06630542537850959,11840.0,1.0,0.2966768107566345,0.05187690548780488,1.6474012295784923,0.2091658489919711,164.0
socofing:000321:left_thumb,000321,left_thumb,490,central_missing,0.20,13555677354685193590,central_missing:13555677354685193590:0.450000,0.20001220703125,0.79998779296875,0.05875547475415255,0.9412445252458475,12101.0,0.14499123978412462,0.11442054063081741,0.21832093238331324,0.0,11390.0,0.14582967515364353,0.10874342983809346,0.2135206321334504,0.17398948774094955,0.23415276558384548,0.19573817370856825,0.08689881349031968,0.2315371054709955,10.609861533341272,0.0598992912487125,11390.0,1.0,0.23331546366945158,0.0577930900621118,1.5411087669580172,0.2292003276028502,161.0,0.08544702363345431,0.23276286969264712,10.683030604105292,0.0720320732589752,11390.0,1.0,0.253618147531384,0.061165566770186336,1.9063416000568463,0.2431315323646193,161.0,0.08689881349031968,0.2315371054709955,10.609861533341272,0.0598992912487125,11390.0,1.0,0.23331546366945158,0.0577930900621118,1.5411087669580172,0.2292003276028502,161.0
socofing:000321:left_thumb,000321,left_thumb,490,central_missing,0.30,13555677354685193590,central_missing:13555677354685193590:0.450000,0.29998779296875,0.70001220703125,0.1071812246921742,0.8928187753078258,12101.0,0.1807529741888295,0.14252689480781555,0.19169988540406624,2.0,10804.0,0.16419844502036282,0.13556473064162208,0.24787115883006294,0.21690356902659536,0.2748056275453536,0.24401651515491976,0.12487303775131964,0.27469916072518413,9.035313231941466,0.06299713339841682,10804.0,1.0,0.26821369753476987,0.05476214171974522,1.493276608548554,0.21840938531794898,157.0,0.09006206313721618,0.24143367689026168,10.454581084629655,0.08468032492011163,10804.0,1.0,0.2641911727485309,0.058494227707006366,1.6937700675746385,0.23466719566654143,157.0,0.10451524591846768,0.25344482005953267,9.8082035323416,0.08585354721877854,10804.0,1.0,0.2701462840211322,0.05802149681528662,1.7478525131119318,0.23327294559887132,157.0
socofing:000321:left_thumb,000321,left_thumb,490,central_missing,0.40,13555677354685193590,central_missing:13555677354685193590:0.450000,0.4000244140625,0.5999755859375,0.19221551937856377,0.8077844806214363,12101.0,0.16499299515442065,0.13020846247673035,0.1794455437535179,0.0,9775.0,0.14383631713554987,0.12374474636581548,0.22005115089514066,0.19799159418530476,0.24552429667519182,0.22274054345846783,0.09183733775982411,0.24118174642424486,10.369807143731054,0.088961975237338,9775.0,0.9393382035195827,0.2133732415218571,0.04782516891891892,1.3430438108541687,0.19043294944353104,148.0,0.08201066582598719,0.2349177145251952,10.861296621510926,0.08170945777672017,9775.0,0.893116932362318,0.18049112353618302,0.049540751689189186,1.4327259547711575,0.19845698756672184,148.0,0.09183733775982411,0.24118174642424486,10.369807143731054,0.088961975237338,9775.0,0.9393382035195827,0.2133732415218571,0.04782516891891892,1.3430438108541687,0.19043294944353104,148.0
socofing:000321:left_thumb,000321,left_thumb,490,central_missing,0.50,13555677354685193590,central_missing:13555677354685193590:0.450000,0.5,0.5,0.32303115445004543,0.6769688455499545,12101.0,0.23904641135110674,0.18878191709518433,0.22201193429413574,2.0,8192.0,0.168212890625,0.17928480851333006,0.2740478515625,0.2868556936213281,0.311279296875,0.3227126553239941,0.1411855493941504,0.29788293173589864,8.502097518645307,0.13034157163647198,8192.0,0.9930695886723697,0.2344116301116233,0.04142441860465116,0.9000398548658787,0.16384758513590705,129.0,0.10113787139808486,0.2619549213771677,9.950861910020109,0.13391652297805529,8192.0,0.9371641855686903,0.07600937755785041,0.04330184108527132,0.8787781801811201,0.16937303108728408,129.0,0.11452083842931705,0.26586826067307356,9.41115481084486,0.10659281347321381,8192.0,0.9990312457084656,0.07006573101218261,0.038366036821705425,0.754451944767373,0.1514749200273587,129.0
socofing:000321:left_thumb,000321,left_thumb,490,central_missing,0.60,13555677354685193590,central_missing:13555677354685193590:0.450000,0.5999755859375,0.4000244140625,0.45839186844062474,0.5416081315593753,12101.0,0.2165962390024899,0.17059379816055298,0.19745191338256182,1.0,6554.0,0.17317668599328653,0.1624471792518674,0.27784559047909674,0.25991548680298787,0.31461702776930117,0.2924049226533613,0.12546276772600176,0.28045686916817636,9.014851360966945,0.13010749476413494,6554.0,0.9891595840454102,0.09171279426825392,0.03822815533980582,0.7643732730668165,0.14885101091515987,103.0,0.08523351459280419,0.23835600608867996,10.693896031121268,0.14841224873129202,6554.0,0.8986695520579815,0.05101147642849164,0.038379854368932036,0.7440491950442019,0.14927476496756048,103.0,0.09719217134067755,0.24217654052042697,10.123687153254796,0.1439517011249449,6554.0,0.9609917402267456,0.07771391074128821,0.03944174757281554,0.7725933092868433,0.1555856991175727,103.0
socofing:000321:left_thumb,000321,left_thumb,490,central_missing,0.70,13555677354685193590,central_missing:13555677354685193590:0.450000,0.70001220703125,0.29998779296875,0.5938352202297331,0.4061647797702669,12101.0,0.22724923152525814,0.179473876953125,0.22444326777841941,1.0,4915.0,0.1930824008138352,0.1704369236439436,0.31271617497456766,0.2726990778303098,0.35096642929806715,0.30678646255909847,0.11176420932056268,0.25825725053981824,9.516972499659273,0.1347023596541414,4915.0,0.9791458835825324,0.0945742340027156,0.040635146103896104,0.7740996679817453,0.1607413203674471,77.0,0.082971165469502,0.2304749013037238,10.810728094697271,0.1698403449671806,4915.0,0.9192301128059626,0.06367974586806248,0.044642857142857144,0.9045016356126259,0.1741646461399859,77.0,0.09532680879994512,0.23923485480478207,10.207849453579145,0.15222472783779134,4915.0,0.969637542963028,0.1095889506761368,0.04266436688311688,0.9086334781232879,0.1666731809735919,77.0
socofing:000321:left_thumb,000321,left_thumb,490,central_missing,0.80,13555677354685193590,central_missing:13555677354685193590:0.450000,0.79998779296875,0.20001220703125,0.7291959342203124,0.27080406577968763,12101.0,0.3032838439495175,0.2403595745563507,0.2064537048374853,1.0,3277.0,0.23893805309734514,0.2274628829621381,0.3835825450106805,0.363940612739421,0.43515410436374735,0.4094331893318485,0.1309602935203511,0.28310819341041443,8.828603602139681,0.1794756926608916,3277.0,0.9943568701855838,0.09084089251948925,0.060234375,1.2586455320479488,0.23155604474540437,50.0,0.09541863935783303,0.24938289420809945,10.203667806464923,0.1876750236172617,3277.0,0.9060585405677557,0.055040941661495514,0.04609375,0.9096224952496306,0.17643529221737736,50.0,0.12607106921648725,0.2688102856240621,8.993845638723949,0.1474206711876602,3277.0,0.9687758665531874,0.09190810094560148,0.04796875,0.9408831792783745,0.18467746969571722,50.0
socofing:000321:left_thumb,000321,left_thumb,490,peripheral_only,0.10,1035706332756943043,peripheral_only:1035706332756943043:0.450000,0.0999755859375,0.9000244140625,0.12808858772002313,0.8719114122799769,12101.0,0.23422185473919174,0.1849973201751709,0.25584547868192925,1.0,10551.0,0.20102359965880012,0.17566639105439377,0.30992323002558997,0.2810662256870301,0.34897166145389064,0.31619950389790885,0.14640054294254695,0.30148646322084033,8.344573126456947,0.1302479966165777,10551.0,0.9994909167289734,0.17558848072071634,0.04043828616352201,0.8678022677230637,0.15656050773549707,159.0,0.08329119575950646,0.2327673163324527,10.794009029766922,0.14839243209346845,10551.0,0.9216857478022575,0.1367809033193593,0.0397749606918239,0.8027656253567337,0.15363970698300958,159.0,0.09926707966291518,0.2425105466417606,10.03194754436964,0.1282513811644207,10551.0,0.9957094788551331,0.13694329718564166,0.03837460691823899,0.7205987325466418,0.14805596706791507,159.0
socofing:000321:left_thumb,000321,left_thumb,490,peripheral_only,0.20,1035706332756943043,peripheral_only:1035706332756943043:0.450000,0.20001220703125,0.79998779296875,0.23634410379307494,0.7636558962069251,12101.0,0.213842086131424,0.16835631430149078,0.24286196397948634,1.0,9241.0,0.1854777621469538,0.16038156459856803,0.2928254517909317,0.2566105033577089,0.32680445839194894,0.28868681627742243,0.12627421439105424,0.27752105892651907,8.986853247494192,0.11955433482695314,9241.0,0.9926446676254272,0.18135131166911406,0.03609035326086957,0.6957892506681808,0.1387420463014421,138.0,0.08083141806122499,0.22907530227102588,10.924198021149358,0.1429577476456154,9241.0,0.8426573271863163,0.1551838863930598,0.03897758152173913,0.8777715519288467,0.1496070300613868,138.0,0.09785086359512708,0.23928468462124913,10.094353370683894,0.12820764356264056,9241.0,0.9487642636522651,0.2061370396092633,0.034307065217391304,0.7056865385243731,0.13480017839217281,138.0
socofing:000321:left_thumb,000321,left_thumb,490,peripheral_only,0.30,1035706332756943043,peripheral_only:1035706332756943043:0.450000,0.29998779296875,0.70001220703125,0.334517808445583,0.665482191554417,12101.0,0.20554309236899213,0.16216512024402618,0.24258787950275545,1.0,8053.0,0.17906370296783808,0.1541573192767441,0.27145163293182667,0.24665171084279058,0.30373773748913446,0.2774831746981393,0.11666671875125045,0.2677733288192815,9.330530164833101,0.14120736475557627,8053.0,0.9914925689809024,0.21066987365345693,0.043184055118110236,0.8884349603382964,0.16813253124587652,127.0,0.08014400522455645,0.22740428224999323,10.961289573430722,0.1772586176551148,8053.0,0.874377011321485,0.1251035903784628,0.03813976377952756,0.8041749062796555,0.14891508377777338,127.0,0.09672046032197801,0.23951715247647293,10.144816452033307,0.1770542037611154,8053.0,0.9778850665315986,0.11676731653351442,0.03481791338582677,0.6711249201154088,0.13486329003962308,127.0
socofing:000321:left_thumb,000321,left_thumb,490,peripheral_only,0.40,1035706332756943043,peripheral_only:1035706332756943043:0.450000,0.4000244140625,0.5999755859375,0.42789852078340634,0.5721014792165937,12101.0,0.20234714104711501,0.15934890508651733,0.2639604196820001,0.0,6923.0,0.17420193557706196,0.15176035578533625,0.27733641484905386,0.24281656925653802,0.3117145746063845,0.2731686404136053,0.08994856714974224,0.23097007177330509,10.460057504275644,0.17784225339905857,6923.0,0.9467553459107876,0.1720733011246512,0.036704009433962265,0.758059302080063,0.1443963377633238,106.0,0.07650000990316735,0.2225844186224563,11.163385086255895,0.19031554545748675,6923.0,0.8980129919946194,0.1661801432056419,0.04079451650943396,0.8319917536171351,0.15903023821396706,106.0,0.08994856714974224,0.23097007177330509,10.460057504275644,0.17784225339905857,6923.0,0.9467553459107876,0.1720733011246512,0.036704009433962265,0.758059302080063,0.1443963377633238,106.0
socofing:000321:left_thumb,000321,left_thumb,490,peripheral_only,0.50,1035706332756943043,peripheral_only:1035706332756943043:0.450000,0.5,0.5,0.5233451780844558,0.4766548219155442,12101.0,0.20507450638768632,0.16176128387451172,0.2777499788584853,0.0,5768.0,0.19244105409153953,0.15380587979076474,0.2947295423023578,0.24608940766522358,0.3300970873786408,0.27685058362337656,0.09712427187789913,0.23519292724174776,10.126722240015402,0.24098740735260193,5768.0,0.9985735416412354,0.18955440847670244,0.03347565406976744,0.6665828316999007,0.13241710627177442,86.0,0.07126952114300747,0.21319898748421595,11.470961592000734,0.269161170049103,5768.0,0.8750263447873294,0.12249930943381267,0.03333938953488372,0.6567923505985251,0.13152166189379388,86.0,0.09712427187789913,0.23519292724174776,10.126722240015402,0.24098740735260193,5768.0,0.9985735416412354,0.18955440847670244,0.03347565406976744,0.6665828316999007,0.13241710627177442,86.0
socofing:000321:left_thumb,000321,left_thumb,490,peripheral_only,0.60,1035706332756943043,peripheral_only:1035706332756943043:0.450000,0.5999755859375,0.4000244140625,0.6195355755722668,0.3804644244277332,12101.0,0.2096701939443281,0.1655949503183365,0.2775107203637094,2.0,4604.0,0.21155516941789748,0.15725264545824608,0.31190269331016507,0.2516042327331937,0.34774109470026066,0.2830547618248429,0.1156670645136153,0.25891045610095537,9.367902861325009,0.20086184271153298,4604.0,0.9738975167274475,0.14076918672479696,0.04040948275862069,0.7718938148428208,0.15395063132090545,58.0,0.07472556641685135,0.21376900638649474,11.265307843411314,0.27449211986645794,4604.0,0.9070409336127341,0.1093092057460771,0.0369073275862069,0.695457969102958,0.14095753592229207,58.0,0.08998889127636414,0.22714479251525613,10.45811098951148,0.263381515221681,4604.0,0.9925719499588013,0.09105745837241379,0.04283405172413793,0.8605591815709732,0.16409810957397106,58.0
socofing:000321:left_thumb,000321,left_thumb,490,peripheral_only,0.70,1035706332756943043,peripheral_only:1035706332756943043:0.450000,0.70001220703125,0.29998779296875,0.7187009338071234,0.2812990661928766,12101.0,0.2267955271603778,0.1794314682483673,0.19994330488215775,1.0,3404.0,0.21856639247943596,0.17009664537028335,0.3290246768507638,0.27215463259245337,0.3683901292596945,0.30617396166651006,0.1100277748151907,0.25327271232110604,9.584976700567253,0.1824267340935162,3404.0,0.9721295824274421,0.05693141197312419,0.03595753205128205,0.6595866922612631,0.13905490350616007,39.0,0.08115684504308739,0.22435810324864802,10.906748444259044,0.24454004465546236,3404.0,0.8969143126159906,0.10484616876695589,0.03986378205128205,0.7637464567446205,0.1522934718815855,39.0,0.09480053564628228,0.23385018093216525,10.2318920878464,0.26333854191217093,3404.0,0.9498974047601223,0.15266102027153713,0.03876201923076923,0.7442002980315515,0.1470503983557864,39.0
socofing:000321:left_thumb,000321,left_thumb,490,peripheral_only,0.80,1035706332756943043,peripheral_only:1035706332756943043:0.450000,0.79998779296875,0.20001220703125,0.8201801504007933,0.17981984959920672,12101.0,0.20777316777692997,0.16457773745059967,0.27133366995342023,1.0,2176.0,0.20818014705882354,0.15582987583269747,0.32306985294117646,0.24932780133231597,0.35799632352941174,0.28049377649885543,0.1023535709088008,0.24235252605157095,9.89897001082231,0.2732957524665758,2176.0,0.9491389375180006,0.12475920754141644,0.03974184782608696,0.7297020549778811,0.14783298841955286,23.0,0.07547131400906391,0.2145812185785069,11.222180885680595,0.3049290455024906,2176.0,0.9049592241644859,0.11649929530212592,0.046365489130434784,0.8787888858154373,0.17383683292626415,23.0,0.09894559189646536,0.23922039146204685,10.046035491855733,0.2608705767117787,2176.0,0.9896432161331177,0.12999735145909705,0.042798913043478264,0.8170674084941115,0.16037426854268833,23.0
socofing:000321:left_thumb,000321,left_thumb,490,central_only,0.10,3920024603636307101,central_only:3920024603636307101:0.450000,0.0999755859375,0.9000244140625,0.13536071399057928,0.8646392860094207,12101.0,0.25365872613872287,0.2014932483434677,0.17828651876688117,1.0,10463.0,0.18455509892000382,0.19024404460404215,0.286820223645226,0.3043904713664674,0.32495460193061265,0.3424392802872758,0.19940539087233872,0.35547312303253703,7.0026310482846625,0.060622132294686146,10463.0,0.9999961853027344,0.4366589554936222,0.048017644557823126,1.6020630910729121,0.19625170758440905,147.0,0.1415270846203601,0.2990448990448028,8.491604394643781,0.07782297219931751,10463.0,0.9999818801879883,0.28669707387610693,0.049798044217687076,1.575975696959726,0.20037390102231123,147.0,0.14211531041285033,0.28869267335160853,8.473591319976864,0.0706113219777441,10463.0,0.9999917149543762,0.3465035354997248,0.04918686224489796,1.5166639509522877,0.19898797437707408,147.0
socofing:000321:left_thumb,000321,left_thumb,490,central_only,0.20,3920024603636307101,central_only:3920024603636307101:0.450000,0.20001220703125,0.79998779296875,0.27080406577968763,0.7291959342203124,12101.0,0.25497759761551636,0.20348282158374786,0.24114719003790977,2.0,8824.0,0.2273345421577516,0.19123319821163728,0.34530825022665457,0.3059731171386197,0.3888259292837715,0.3442197567809471,0.1583884029126039,0.30328668408215737,8.002766203187736,0.07087141410259457,8824.0,0.9999807476997375,0.2674881002048377,0.05182081653225806,1.6786437877853946,0.20791688615348491,124.0,0.10854782755402494,0.25434101486594096,9.643788639713339,0.10822592693414346,8824.0,0.999077558517456,0.2605906632067503,0.044921875,0.9591888325148964,0.1783942111261171,124.0,0.1348291738556124,0.27874555925843714,8.702161265420942,0.13623379150378195,8824.0,0.998572826385498,0.3624617863117931,0.04211819556451613,0.9997619421854819,0.16904671981502595,124.0
socofing:000321:left_thumb,000321,left_thumb,490,central_only,0.30,3920024603636307101,central_only:3920024603636307101:0.450000,0.29998779296875,0.70001220703125,0.40616477977026694,0.593835220229733,12101.0,0.1953963825610653,0.15516071021556854,0.30465051230832374,2.0,7186.0,0.19078764263846368,0.14654728692079896,0.2947397717784581,0.23447565907327836,0.3314778736431951,0.26378511645743813,0.11815601521284527,0.2574122254039461,9.275441639406406,0.15554027563969955,7186.0,0.9951540231704712,0.22006324716669193,0.03985969387755102,0.9291573128762329,0.15836599237397667,98.0,0.07933978157781793,0.21251516079880142,11.005089994716359,0.1783062435986006,7186.0,0.9764705877751112,0.23995310168932396,0.04532047193877551,1.0465166041093037,0.17556803416921776,98.0,0.09934907401046723,0.2307270189469606,10.028361764053841,0.17378749263351415,7186.0,0.9961096048355103,0.22382599711855003,0.044443558673469385,0.9828881979837132,0.1707556963197663,98.0
socofing:000321:left_thumb,000321,left_thumb,490,central_only,0.40,3920024603636307101,central_only:3920024603636307101:0.450000,0.4000244140625,0.5999755859375,0.5416081315593753,0.45839186844062474,12101.0,0.2190638844170727,0.17396114766597748,0.29519527347748,1.0,5547.0,0.2148909320353344,0.16429791331280452,0.3362177753740761,0.2628766613004873,0.37533802055164955,0.29573624396304815,0.09691206450467443,0.2336220709319566,10.136221546142508,0.20844706372522645,5547.0,0.9903669357299805,0.22223091986432408,0.03936298076923077,0.7620336322018028,0.15022362949694884,52.0,0.06564479570982283,0.19769513101244962,11.827996988829163,0.24455187185698274,5547.0,0.9764705877751112,0.2790491295846557,0.043870192307692304,0.893859656452632,0.16683978372915934,52.0,0.0913399664586933,0.22764483493423196,10.39339152207966,0.21161761968291842,5547.0,0.9835834503173828,0.292998666850516,0.04544771634615385,0.9545698641455466,0.17292878811797185,52.0
socofing:000321:left_thumb,000321,left_thumb,490,central_only,0.50,3920024603636307101,central_only:3920024603636307101:0.450000,0.5,0.5,0.6769688455499545,0.3230311544500455,12101.0,0.2245067102002134,0.17807526886463165,0.35035846262796955,2.0,3909.0,0.2161678178562292,0.16838003265016005,0.322588897416219,0.26940805224025605,0.3607060629316961,0.30308405877028805,0.08032903597466086,0.2094044168466637,10.951274449549,0.24881846577900704,3909.0,0.9764705877751112,0.2072041592153031,0.0490234375,1.0261299095185674,0.18826199661607296,20.0,0.059740338725356605,0.19192358271589793,12.237323192923826,0.2539552774888294,3909.0,0.9764705877751112,0.2583161952898025,0.0546875,1.3844078592625775,0.2181144883899754,20.0,0.07797096409689451,0.20714612231044496,11.080670957732623,0.2607185055629398,3909.0,0.9764705877751112,0.207164706867274,0.036328125,0.7727859923325082,0.14853225140100296,20.0
socofing:000321:left_thumb,000321,left_thumb,490,central_only,0.60,3920024603636307101,central_only:3920024603636307101:0.450000,0.5999755859375,0.4000244140625,0.811007354764069,0.18899264523593096,12101.0,0.21332770245465463,0.1688780039548874,0.45481327028798585,0.0,2287.0,0.2195015303891561,0.159995776840991,0.3388718845649322,0.2559932429455856,0.3760384783559248,0.28799239831378376,0.07233124480549746,0.19206719763497984,11.406740607219541,0.35627761152171056,2287.0,0.9535449109971523,0.19783282696194,0.0359375,0.700275287475269,0.1330199084655562,10.0,0.050965335573396574,0.1735141930739657,12.927251118974892,0.3341815712667846,2287.0,0.732877429574728,0.27427679893161827,0.022265625,0.36591340159502916,0.0836004927279919,10.0,0.07233124480549746,0.19206719763497984,11.406740607219541,0.35627761152171056,2287.0,0.9535449109971523,0.19783282696194,0.0359375,0.700275287475269,0.1330199084655562,10.0
socofing:000321:left_thumb,000321,left_thumb,490,central_only,0.70,3920024603636307101,central_only:3920024603636307101:0.450000,0.70001220703125,0.29998779296875,0.9009172795636724,0.0990827204363276,12101.0,0.20735945877579476,0.16430895030498505,0.3073696838210954,1.0,1199.0,0.23019182652210174,0.15551959408184604,0.3561301084236864,0.24883135053095373,0.39532944120100083,0.27993526934732293,0.09935145078182152,0.237497064200703,10.02825786712805,0.33420364005050285,1199.0,0.9862850895151496,0.16363476360611992,0.016927083333333332,0.25327245053272457,0.06291817869369791,3.0,0.05171607471291377,0.17792453790965915,12.863744458027597,0.359827443629952,1199.0,0.70839062333107,0.3128887051880179,0.013020833333333334,0.18694657944746704,0.04744082450666631,3.0,0.06175545449033515,0.18465166686264312,12.093246777373224,0.33436105483610334,1199.0,0.8482338190078735,0.30815953275264696,0.016927083333333332,0.2542583791293695,0.06275972272437141,3.0
socofing:000321:left_thumb,000321,left_thumb,490,central_only,0.80,3920024603636307101,central_only:3920024603636307101:0.450000,0.79998779296875,0.20001220703125,0.9461201553590612,0.05387984464093876,12101.0,0.21719991825597174,0.17117543518543243,0.24955982879876282,0.0,652.0,0.22085889570552147,0.1628999386919788,0.37116564417177916,0.26063990190716607,0.4263803680981595,0.29321988964556184,0.0645692328785307,0.1984724687209547,11.899743732441546,0.32098485462205567,652.0,0.7129246294498444,0.22255810790893937,nan,nan,nan,0.0,0.054954667537547144,0.18557028817812815,12.599954151656265,0.31683045434429385,652.0,0.7334200730547309,0.3253927232146302,nan,nan,nan,0.0,0.0645692328785307,0.1984724687209547,11.899743732441546,0.32098485462205567,652.0,0.7129246294498444,0.22255810790893937,nan,nan,nan,0.0
socofing:000321:left_thumb,000321,left_thumb,490,disconnected_fragments,0.10,11780857241230663693,disconnected_fragments:11780857241230663693:0.450000,0.0999755859375,0.9000244140625,0.13536071399057928,0.8646392860094207,12101.0,0.25707612745303626,0.203375443816185,0.24606488703031995,1.0,10463.0,0.2103603173086113,0.1928070955897772,0.3320271432667495,0.30849135294364355,0.3701615215521361,0.34705277206159896,0.14982580766893538,0.29662670715621486,8.244133724653409,0.09792485774441492,10463.0,0.9991756677627563,0.15695399120224152,0.040315448113207544,0.8740619170038982,0.15847643836882339,159.0,0.10153262773385295,0.2519379208388968,9.933943738321688,0.12081907644004491,10463.0,0.9553657174110413,0.15196288533695926,0.04269850628930818,1.0372670483341142,0.16582939194422078,159.0,0.13688094355241645,0.28244644291748777,8.636570097630148,0.12484116649426982,10463.0,0.9997162222862244,0.2798364274638012,0.048127948113207544,1.2585547352078452,0.18744076964692227,159.0
socofing:000321:left_thumb,000321,left_thumb,490,disconnected_fragments,0.20,11780857241230663693,disconnected_fragments:11780857241230663693:0.450000,0.20001220703125,0.79998779296875,0.264440955292951,0.735559044707049,12101.0,0.23446346367226467,0.18630623817443848,0.27372588674810505,1.0,8901.0,0.21424559038310304,0.1758475977541985,0.33108639478710256,0.28135615640671763,0.3686102685091563,0.3165256759575573,0.13675565540183257,0.28172237986996734,8.64054704782297,0.1450998034471173,8901.0,0.9967837333679199,0.20610556022776144,0.03830547480620155,0.8939804446070997,0.15088919738827042,129.0,0.08577623744208838,0.22743496481457795,10.666330079218135,0.17451434498070703,8901.0,0.971109926700592,0.1570012567509394,0.03558018410852713,0.7116463537433432,0.1411637954219302,129.0,0.1079643623789705,0.2498194141691257,9.667195757750351,0.1553512627718168,8901.0,0.9800014793872833,0.16903982156420316,0.03542877906976744,0.7649682892902724,0.14210035870365817,129.0
socofing:000321:left_thumb,000321,left_thumb,490,disconnected_fragments,0.30,11780857241230663693,disconnected_fragments:11780857241230663693:0.450000,0.29998779296875,0.70001220703125,0.3833567473762499,0.6166432526237501,12101.0,0.2332869743753415,0.18597818911075592,0.32380029004371413,1.0,7462.0,0.21200750469043153,0.1749652307815061,0.3339587242026266,0.2799443692504098,0.3772447065129992,0.314937415406711,0.11969387504405447,0.25714396275989304,9.219280726731826,0.16365111598990362,7462.0,0.999281108379364,0.15721979196462496,0.036207932692307696,0.7627882178134349,0.14284406371497507,104.0,0.07903490935060874,0.21683232295536412,11.021810404869603,0.19522207119372256,7462.0,0.9632376991212368,0.1409243622253382,0.039438100961538464,0.8796855493454838,0.158257087126639,104.0,0.111981415495615,0.24565649993557417,9.50854047128145,0.17814778299000888,7462.0,0.9999754428863525,0.17887569362444936,0.03448016826923077,0.7333433830754613,0.1403278340423592,104.0
socofing:000321:left_thumb,000321,left_thumb,490,disconnected_fragments,0.40,11780857241230663693,disconnected_fragments:11780857241230663693:0.450000,0.4000244140625,0.5999755859375,0.5033468308404264,0.4966531691595736,12101.0,0.24555822075967057,0.1942703127861023,0.37848207900521935,2.0,6010.0,0.1995008319467554,0.1841686655697529,0.32129783693843594,0.2946698649116047,0.3615640599001664,0.33150359802555524,0.13860992431162591,0.2830866843758743,8.582056736241112,0.20966980715321096,6010.0,0.9915827512741089,0.2160557454955963,0.044635416666666664,1.3545961552241146,0.1798504461237137,75.0,0.07745918713138018,0.21895554714515408,11.109270648790924,0.25262788134956365,6010.0,0.8765886500477791,0.14844929596140377,0.0375,0.9879851093176751,0.1523530683673197,75.0,0.09314350980279512,0.22755960131818723,10.308474011545513,0.22476340027697173,6010.0,0.9568190556019545,0.15402348222225598,0.038072916666666665,0.8043258785690547,0.1550130666323204,75.0
socofing:000321:left_thumb,000321,left_thumb,490,disconnected_fragments,0.50,11780857241230663693,disconnected_fragments:11780857241230663693:0.450000,0.5,0.5,0.6099495909428972,0.39005040905710275,12101.0,0.20377925207554282,0.1614675670862198,0.3567098666312003,0.0,4720.0,0.22033898305084745,0.15283443905665714,0.3402542372881356,0.24453510249065144,0.3805084745762712,0.2751019903019828,0.07833142812592338,0.20575411357686035,11.060639553984883,0.2558686280991131,4720.0,0.9599815588444471,0.16348801541986857,0.03990502450980392,1.0344103983199413,0.16710993954484976,51.0,0.06461793299330958,0.1890879800860865,11.896469383635196,0.2679580769688304,4720.0,0.8805330987088382,0.16869414482334763,0.034466911764705885,0.9248991689156768,0.1450073998234017,51.0,0.07833142812592338,0.20575411357686035,11.060639553984883,0.2558686280991131,4720.0,0.9599815588444471,0.16348801541986857,0.03990502450980392,1.0344103983199413,0.16710993954484976,51.0
socofing:000321:left_thumb,000321,left_thumb,490,disconnected_fragments,0.60,11780857241230663693,disconnected_fragments:11780857241230663693:0.450000,0.5999755859375,0.4000244140625,0.7061399884307082,0.29386001156929176,12101.0,0.21403230650173755,0.1708606481552124,0.37249793017000293,1.0,3556.0,0.2314398200224972,0.16052422987630316,0.34926884139482567,0.2568387678020851,0.38498312710911137,0.2889436137773457,0.10300667467855057,0.23780104232909047,9.871346327497522,0.247748514068796,3556.0,0.9858256280422211,0.12856104512539632,0.051181891025641024,1.3760608465237065,0.20926658488237357,39.0,0.05819628592300517,0.18132164385068913,12.351047310651273,0.2934176822546287,3556.0,0.8238949589431286,0.1673479471209337,0.04417067307692308,1.1737960654737098,0.18130387219368202,39.0,0.06767953223500356,0.18664550533071914,11.695426515715566,0.3083784182095425,3556.0,0.912069499026984,0.14165319256853498,0.04857772435897436,1.401795347841484,0.2030861249525167,39.0
socofing:000321:left_thumb,000321,left_thumb,490,disconnected_fragments,0.70,11780857241230663693,disconnected_fragments:11780857241230663693:0.450000,0.70001220703125,0.29998779296875,0.8065449136435006,0.19345508635649944,12101.0,0.22113084030103838,0.17584481835365295,0.5131437904435298,1.0,2341.0,0.22127296027338744,0.1658481302257788,0.3430158052114481,0.26535700836124604,0.38402392140111064,0.29852663440640187,0.10243375350959369,0.22745391584488028,9.895569130133294,0.3371948200327825,2341.0,0.9957229495048523,0.17250710121572702,0.04796875,1.186461733592659,0.19178608858895085,25.0,0.04977823631538226,0.16890210231260064,13.029604948721909,0.38446948705949513,2341.0,0.7495104661211371,0.1815127658531275,0.03859375,0.9099879467696623,0.15131804110077365,25.0,0.06240032469701972,0.1754084349811214,12.048131504817254,0.40713044381840635,2341.0,0.9301747065037489,0.07013166665522223,0.03625,0.8325714888943224,0.1476447504449566,25.0
socofing:000321:left_thumb,000321,left_thumb,490,disconnected_fragments,0.80,11780857241230663693,disconnected_fragments:11780857241230663693:0.450000,0.79998779296875,0.20001220703125,0.898438145607801,0.101561854392199,12101.0,0.16902426185082833,0.13419242203235626,0.6010824191697389,2.0,1229.0,0.23026851098454026,0.12676819638812126,0.3515052888527258,0.20282911422099403,0.39056143205858423,0.22818275349861825,0.05594436842729799,0.1605855504553265,12.522436246681528,0.4059970565606949,1229.0,0.8480493947863579,0.06943315131119668,0.005859375,0.10674531744419576,0.025426609023843635,6.0,0.03328679770766068,0.12541289577954748,14.777279832989317,0.5455196824812177,1229.0,0.7697474285960197,0.08864327027484979,0.005208333333333333,0.09299777435370649,0.021756509114336946,6.0,0.05328397188898479,0.15828937248791364,12.734034094913596,0.5270333025485876,1229.0,0.8566479682922363,0.121639839858957,0.009765625,0.15974710793572164,0.04053573158306655,6.0
socofing:000321:left_thumb,000321,left_thumb,490,stripes,0.10,4214387462936451052,stripes:4214387462936451052:0.450000,0.0999755859375,0.9000244140625,0.0968514998760433,0.9031485001239568,12101.0,0.20509023751752076,0.1621432602405548,0.12625180608919964,2.0,10929.0,0.18931283740506907,0.1538176781381406,0.2762375331686339,0.24610828502102497,0.30688992588525943,0.276871820648653,0.13896917250621518,0.28563878657408787,8.57081528488951,0.06894515098160525,10929.0,1.0,0.41381739200209106,0.05394222861842105,1.8408681979041237,0.22126037494000608,152.0,0.1251756941527655,0.2769250555800509,9.024799915737125,0.061650807431878334,10929.0,1.0,0.35066087699227305,0.059904399671052634,2.0665272430347406,0.2403162647476574,152.0,0.12804914625420333,0.271550155262876,8.926233127701277,0.05778955145310189,10929.0,1.0,0.3842911977527036,0.05201480263157895,1.8001572908535322,0.20875537720765325,152.0
socofing:000321:left_thumb,000321,left_thumb,490,stripes,0.20,4214387462936451052,stripes:4214387462936451052:0.450000,0.20001220703125,0.79998779296875,0.21651103214610362,0.7834889678538963,12101.0,0.2212253771946282,0.17481711506843567,0.15634360036569828,0.0,9481.0,0.16970783672608375,0.16591903289597115,0.25936082691699186,0.26547045263355384,0.29068663643075626,0.2986542592127481,0.1386740818463833,0.2850071577559683,8.580047008799495,0.06325298515740402,9481.0,1.0,0.3278528228854811,0.048582175925925924,1.7731439935770612,0.19370811898827034,135.0,0.15284717496168032,0.3108286420034154,8.157425838262899,0.06141473672562767,9481.0,1.0,0.26938619174648337,0.04191930970149254,1.2711317919366028,0.1628435723639449,134.0,0.1386740818463833,0.2850071577559683,8.580047008799495,0.06325298515740402,9481.0,1.0,0.3278528228854811,0.048582175925925924,1.7731439935770612,0.19370811898827034,135.0
socofing:000321:left_thumb,000321,left_thumb,490,stripes,0.30,4214387462936451052,stripes:4214387462936451052:0.450000,0.29998779296875,0.70001220703125,0.3288984381456078,0.6711015618543922,12101.0,0.1917974344958804,0.15115758776664734,0.13871916521075342,1.0,8121.0,0.16020194557320527,0.1438480758719103,0.2385174239625662,0.2301569213950565,0.26880925994335675,0.2589265365694386,0.16212275643965554,0.3107795703356491,7.9015602091630965,0.08865652194436893,8121.0,1.0,0.32736072258824517,0.054173519736842105,2.0112531816630854,0.21669995988273022,114.0,0.13516675176803045,0.29029827904771094,8.691301227393849,0.09536987904790171,8121.0,1.0,0.2783740411886379,0.0493078399122807,1.377536155236971,0.19359826759561888,114.0,0.15157498901664074,0.303398594763263,8.19372454562648,0.08867091561066567,8121.0,1.0,0.3622929460743099,0.047937225877192985,1.5859956905412935,0.19050810826359826,114.0
socofing:000321:left_thumb,000321,left_thumb,490,stripes,0.40,4214387462936451052,stripes:4214387462936451052:0.450000,0.4000244140625,0.5999755859375,0.4350053714569044,0.5649946285430956,12101.0,0.18668842649862027,0.14767338335514069,0.21094072968152774,0.0,6837.0,0.1839988298961533,0.1400163198739652,0.2714640924382039,0.2240261117983443,0.30539710399297937,0.2520293757731374,0.11315826027648294,0.25232428730579487,9.463137381161733,0.12653470795821756,6837.0,1.0,0.2514365054251417,0.04636205808080808,1.8313753593509892,0.1889746813548382,99.0,0.09606416544356156,0.23624433954330115,10.174385858218518,0.15001656800318194,6837.0,1.0,0.233536082092199,0.04379734848484849,1.5084059137784402,0.17933927890354256,99.0,0.11315826027648294,0.25232428730579487,9.463137381161733,0.12653470795821756,6837.0,1.0,0.2514365054251417,0.04636205808080808,1.8313753593509892,0.1889746813548382,99.0
socofing:000321:left_thumb,000321,left_thumb,490,stripes,0.50,4214387462936451052,stripes:4214387462936451052:0.450000,0.5,0.5,0.5444178167093628,0.45558218329063715,12101.0,0.20463223234328057,0.16198691725730896,0.346883744077356,0.0,5513.0,0.18810085253038272,0.15347417425746043,0.2844186468347542,0.2455586788119367,0.3167059677126791,0.27625351366342876,0.11003904609939628,0.24609380127688435,9.584531830548377,0.20969745616964702,5513.0,0.9789445977658033,0.19523985508442923,0.031787109375,0.7332793118202131,0.13510490418708887,80.0,0.10018320300349641,0.24078810856004904,9.992050873948887,0.20346753282123264,5513.0,0.9529411755502224,0.16674324367725196,0.041748046875,1.047720437235521,0.17298247043941456,80.0,0.11003904609939628,0.24609380127688435,9.584531830548377,0.20969745616964702,5513.0,0.9789445977658033,0.19523985508442923,0.031787109375,0.7332793118202131,0.13510490418708887,80.0
socofing:000321:left_thumb,000321,left_thumb,490,stripes,0.60,4214387462936451052,stripes:4214387462936451052:0.450000,0.5999755859375,0.4000244140625,0.6556482935294604,0.3443517064705396,12101.0,0.2073290648674757,0.16442225873470306,0.3950146319484207,1.0,4167.0,0.2047036237101032,0.15549679865060678,0.31965442764578833,0.24879487784097082,0.36237101031917446,0.27989423757109216,0.08767817665712992,0.21448853180435548,10.571084902919692,0.275452265897458,4167.0,0.9745969176292419,0.09300992111213312,0.02787341101694915,0.6067414141155609,0.1144376411312613,59.0,0.05900511682691442,0.18684637946240293,12.291103254199268,0.30418957046485934,4167.0,0.8158957287669182,0.11608794256219246,0.02979343220338983,0.6721443315422904,0.12283787729256603,59.0,0.07421522511690992,0.20109246658326224,11.295069908668596,0.28779626183199036,4167.0,0.8639189526438713,0.11842075986711145,0.03204449152542373,0.7090039165566958,0.13121491930985701,59.0
socofing:000321:left_thumb,000321,left_thumb,490,stripes,0.70,4214387462936451052,stripes:4214387462936451052:0.450000,0.70001220703125,0.29998779296875,0.7657218411701512,0.23427815882984881,12101.0,0.16742860049377253,0.13288931548595428,0.5069490649792181,0.0,2835.0,0.18165784832451498,0.1255714503703294,0.28430335097001763,0.200914320592527,0.3125220458553792,0.2260286106665929,0.061088203779512275,0.17383524579861623,12.140426445539415,0.3842672977411634,2835.0,0.8885558545589447,0.06769086179529268,0.029597355769230768,0.6176958285690658,0.1163918456464533,26.0,0.050526076730304244,0.16483775780707058,12.964844227300848,0.4248325727260144,2835.0,0.8092963062226772,0.06206447035117507,0.026893028846153848,0.4914485892758155,0.10784258298727706,26.0,0.061088203779512275,0.17383524579861623,12.140426445539415,0.3842672977411634,2835.0,0.8885558545589447,0.06769086179529268,0.029597355769230768,0.6176958285690658,0.1163918456464533,26.0
socofing:000321:left_thumb,000321,left_thumb,490,stripes,0.80,4214387462936451052,stripes:4214387462936451052:0.450000,0.79998779296875,0.20001220703125,0.8729857036608545,0.12701429633914552,12101.0,0.17755983964762442,0.14091430604457855,0.5824295873815016,0.0,1537.0,0.13272608978529604,0.1331698797357183,0.20169160702667535,0.2130718075771493,0.23031880286271958,0.239705783524293,0.07021190192715353,0.18706951610030206,11.535892624690966,0.4286375390123905,1537.0,0.9384248219430447,0.0629485949794011,nan,nan,nan,0.0,0.0661434102893888,0.19367650185079086,11.795134170473336,0.4298981996450171,1537.0,0.8221959918737411,0.05817898348246693,nan,nan,nan,0.0,0.07021190192715353,0.18706951610030206,11.535892624690966,0.4286375390123905,1537.0,0.9384248219430447,0.0629485949794011,nan,nan,nan,0.0
socofing:000321:left_thumb,000321,left_thumb,490,severe_partial,0.10,10172739193163085658,severe_partial:10172739193163085658:0.200000,0.0999755859375,0.9000244140625,0.11965953227006032,0.8803404677299397,12101.0,0.24480344371751786,0.19353607296943665,0.14638940251352905,0.0,10653.0,0.21684032666854408,0.1836025827881384,0.32319534403454425,0.2937641324610215,0.3594292687505867,0.33048464901864916,0.11660466693987366,0.26123356941703096,9.332840671955852,0.0699436139736954,10653.0,1.0,0.2285332928197167,0.046494521103896104,1.202696281948659,0.18469618460004855,154.0,0.10427358826442445,0.2564212565669195,9.818256812531281,0.07521464765747297,10653.0,1.0,0.3165827522286134,0.049512987012987016,1.4258063430060757,0.2006878449829809,154.0,0.11660466693987366,0.26123356941703096,9.332840671955852,0.0699436139736954,10653.0,1.0,0.2285332928197167,0.046494521103896104,1.202696281948659,0.18469618460004855,154.0
socofing:000321:left_thumb,000321,left_thumb,490,severe_partial,0.20,10172739193163085658,severe_partial:10172739193163085658:0.200000,0.20001220703125,0.79998779296875,0.23444343442690688,0.7655565655730932,12101.0,0.20608527621465575,0.16262274980545044,0.1657461550585975,1.0,9264.0,0.19041450777202074,0.1545639571609918,0.28540587219343694,0.2473023314575869,0.31897668393782386,0.2782151228897852,0.14216957240779332,0.2943685081902918,8.471933427722224,0.04630186181264127,9264.0,1.0,0.41799187124638987,0.049448885658914726,1.402786736708942,0.20485666736141828,129.0,0.1040447255369872,0.25459359196431003,9.82779931101007,0.09528031695491186,9264.0,1.0,0.3669398376781606,0.05050872093023256,1.5778632943912982,0.21087199759302494,129.0,0.12086813252747652,0.26801585203871275,9.176881879050105,0.1173667565822575,9264.0,1.0,0.3611291344056382,0.047420058139534885,1.292886091603388,0.1952865329255047,129.0
socofing:000321:left_thumb,000321,left_thumb,490,severe_partial,0.30,10172739193163085658,severe_partial:10172739193163085658:0.200000,0.29998779296875,0.70001220703125,0.35302867531608956,0.6469713246839104,12101.0,0.22120351889999645,0.17426282167434692,0.21793131827197232,0.0,7829.0,0.18712479243837016,0.16590263917499734,0.27896283050197984,0.26544422267999573,0.30808532379614256,0.29862475051499526,0.13535789989456973,0.286072827650605,8.685163924202643,0.1262760211402103,7829.0,1.0,0.2579094700687406,0.03817471590909091,1.0233744792788488,0.16083851826099738,110.0,0.12025917317668874,0.2749879094859475,9.198817864046724,0.10318379550235679,7829.0,1.0,0.28725705990078587,0.04456676136363636,1.269693867321704,0.1861542072498739,110.0,0.13535789989456973,0.286072827650605,8.685163924202643,0.1262760211402103,7829.0,1.0,0.2579094700687406,0.03817471590909091,1.0233744792788488,0.16083851826099738,110.0
socofing:000406:left_middle,000406,left_middle,572,random_rectangles,0.10,8764283737872015976,random_rectangles:8764283737872015976:0.450000,0.0999755859375,0.9000244140625,0.05369383092155369,0.9463061690784463,10504.0,0.20561672101717998,0.1618926078081131,0.2072286225985218,2.0,9940.0,0.20724346076458752,0.154212540762885,0.3011066398390342,0.246740065220616,0.33340040241448693,0.277582573373193,0.1346430647670479,0.28678937289710166,8.708160114390303,0.043893524382623554,9940.0,1.0,0.43876840595142946,0.07798841783216784,3.168557290042719,0.583383303549739,143.0,0.095497558434163,0.24279803614482523,10.20007731789291,0.062275755161417326,9940.0,1.0,0.47742917892409703,0.08028299825174826,3.406064403400741,0.5708459246924733,143.0,0.11715170047207818,0.258347555791858,9.312514031807153,0.06314782076803634,9940.0,1.0,0.4568296587788297,0.08173076923076923,3.878236669432321,0.5513372950466032,143.0
socofing:000406:left_middle,000406,left_middle,572,random_rectangles,0.20,8764283737872015976,random_rectangles:8764283737872015976:0.450000,0.20001220703125,0.79998779296875,0.1051980198019802,0.8948019801980198,10504.0,0.16623647050341422,0.13153038918972015,0.18964054498462568,0.0,9399.0,0.16076178316842218,0.12467735287756067,0.24385572933290775,0.19948376460409709,0.26768805192041706,0.2244192351796092,0.11025099035178913,0.25748999683675505,9.576175007047006,0.06173677092503545,9399.0,1.0,0.44739141081723344,0.07997833029197081,3.6867561997947313,0.5650399403084355,137.0,0.09752582071958145,0.2450548517156572,10.108803862354929,0.06449776478986258,9399.0,1.0,0.45825008538105544,0.06586450729927007,2.7147071889141143,0.4811400382542855,137.0,0.11025099035178913,0.25748999683675505,9.576175007047006,0.06173677092503545,9399.0,1.0,0.44739141081723344,0.07997833029197081,3.6867561997947313,0.5650399403084355,137.0
socofing:000406:left_middle,000406,left_middle,572,random_rectangles,0.30,8764283737872015976,random_rectangles:8764283737872015976:0.450000,0.29998779296875,0.70001220703125,0.1685072353389185,0.8314927646610815,10504.0,0.1588609081107727,0.12495803087949753,0.14154103256425987,1.0,8734.0,0.15376688802381497,0.11914568108307952,0.2309365697275017,0.19063308973292722,0.2539500801465537,0.21446222594954314,0.15050907488283236,0.30541459934265386,8.224373136733275,0.09491327470837403,8734.0,1.0,0.600595698975546,0.06994912790697674,3.2601349403538964,0.498013362742802,129.0,0.1298368902729012,0.28013579320220755,8.866018948569053,0.10923861782726887,8734.0,1.0,0.4740682225271605,0.06840479651162791,3.1794857924280477,0.46743768277197495,129.0,0.13322918221057858,0.27773751776358563,8.754006378915681,0.10163581824885634,8734.0,1.0,0.5676002579393019,0.07019137596899225,3.36335224724848,0.4882202228209166,129.0
socofing:000406:left_middle,000406,left_middle,572,random_rectangles,0.40,8764283737872015976,random_rectangles:8764283737872015976:0.450000,0.4000244140625,0.5999755859375,0.2601865955826352,0.7398134044173648,10504.0,0.1768685896741384,0.13884223997592926,0.28691737898449216,2.0,7771.0,0.15223265988933213,0.1326514422556038,0.23561961137562734,0.21224230760896612,0.2626431604684082,0.23877259606008686,0.10431867192012483,0.2568485209441023,9.81637950575276,0.11707382372808534,7771.0,0.953289270401001,0.483319032052358,0.06440548780487805,2.4628258275887664,0.48985917612856034,123.0,0.087210032774999,0.23561967884432108,10.59433550294699,0.1412665182418465,7771.0,0.8649921864271164,0.3912931939817983,0.0624682418699187,2.4676242423655417,0.4589245209566812,123.0,0.09367423558052357,0.2372143467042843,10.283798422375273,0.14880661587377203,7771.0,0.9229403724893928,0.35100100703903264,0.06370680894308943,2.355957783889262,0.48696192304258656,123.0
socofing:000406:left_middle,000406,left_middle,572,random_rectangles,0.50,8764283737872015976,random_rectangles:8764283737872015976:0.450000,0.5,0.5,0.37071591774562074,0.6292840822543793,10504.0,0.15538326791603638,0.12230861932039261,0.200207906247855,2.0,6610.0,0.13252647503782147,0.11653745093702729,0.20635400907715581,0.1864599214992437,0.23040847201210288,0.2097674116866491,0.11140027197652802,0.258997089871235,9.531137488592275,0.10221640685817035,6610.0,0.952007383108139,0.45370070603915263,0.06001072303921569,2.0730854051945333,0.4253006599972826,102.0,0.09117737097829152,0.2404382519881169,10.401129344644097,0.11352183224923865,6610.0,0.8761073127388954,0.3720324005638379,0.05575980392156863,2.0812521669525825,0.3855212482541913,102.0,0.10017170233912348,0.2511651829032315,9.992549456708549,0.10982612930006076,6610.0,0.9026687135919929,0.32324688497115617,0.049555759803921566,1.8048066638557017,0.346246871410635,102.0
socofing:000406:left_middle,000406,left_middle,572,random_rectangles,0.60,8764283737872015976,random_rectangles:8764283737872015976:0.450000,0.5999755859375,0.4000244140625,0.48705255140898707,0.5129474485910129,10504.0,0.17081059214208008,0.13454239070415497,0.2876408340904114,0.0,5388.0,0.13066072754268745,0.12810794410656007,0.20694135115070528,0.20497271057049612,0.23589458054936896,0.2305942993918081,0.09945161907643381,0.2468419475267443,10.023881421500306,0.14381137157378512,5388.0,0.9887952203862369,0.4146602795506005,0.059130859375,2.208024542206085,0.4057931516647253,80.0,0.08741358918440231,0.23840029142824995,10.584210473536928,0.1476589490178748,5388.0,0.9476939430460334,0.38295864449733474,0.055712890625,1.949409514237545,0.38748466273168103,80.0,0.09945161907643381,0.2468419475267443,10.023881421500306,0.14381137157378512,5388.0,0.9887952203862369,0.4146602795506005,0.059130859375,2.208024542206085,0.4057931516647253,80.0
socofing:000406:left_middle,000406,left_middle,572,random_rectangles,0.70,8764283737872015976,random_rectangles:8764283737872015976:0.450000,0.70001220703125,0.29998779296875,0.6081492764661082,0.39185072353389183,10504.0,0.21233839504263877,0.16747376322746277,0.2633336055696745,2.0,4116.0,0.15962099125364432,0.15925379628197908,0.26773566569484936,0.2548060740511665,0.3066083576287658,0.28665683330756236,0.12805692945929528,0.27781750515193393,8.925969158717756,0.12929633557496903,4116.0,0.9983561038970947,0.4326069183189899,0.052059659090909094,1.485137359568173,0.3335161246456464,55.0,0.09553382245107936,0.24512969479358512,10.198428451350187,0.149322404001725,4116.0,0.9693266148678958,0.35116301274872774,0.05710227272727273,1.7457609492061754,0.3629472213677755,55.0,0.1229758718712956,0.2657306693643431,9.10180089707437,0.1494442252486541,4116.0,0.9777002925984561,0.3636207801467489,0.04772727272727273,1.3817425861410448,0.27053987971716886,55.0
socofing:000406:left_middle,000406,left_middle,572,random_rectangles,0.80,8764283737872015976,random_rectangles:8764283737872015976:0.450000,0.79998779296875,0.20001220703125,0.7354341203351105,0.26456587966488954,10504.0,0.2127593304093713,0.16764652729034424,0.21136583036611797,2.0,2779.0,0.1493342929111191,0.15956949780702848,0.24433249370277077,0.25531119649124556,0.27995681899964014,0.28722509605265123,0.13929399246513866,0.29299774480237617,8.560676136227073,0.18491644160169288,2779.0,0.9864684930071235,0.4651113617771322,0.05348557692307692,1.4219011028018083,0.3022053508592,39.0,0.10660580474648997,0.2624687912432224,9.722191470849243,0.18637413763321783,2779.0,0.9704298377037048,0.38396614144090185,0.057992788461538464,1.546280236970738,0.33389909148240604,39.0,0.12397860682837644,0.274939909489566,9.066532482082552,0.15124999537212724,2779.0,0.9910607924684882,0.35820684270849534,0.05488782051282051,1.4147503375581563,0.3222299313202505,39.0
socofing:000406:left_middle,000406,left_middle,572,irregular,0.10,8685355659538543154,irregular:8685355659538543154:0.450000,0.0999755859375,0.9000244140625,0.05017136329017517,0.9498286367098249,10504.0,0.13656170522886665,0.10758934915065765,0.196386542254713,0.0,9977.0,0.10373859877718754,0.10242127892165,0.16167184524406134,0.16387404627464,0.18302094818081588,0.18435830205896997,0.10407405117211099,0.25940236881129997,9.826575398223511,0.0677484629195676,9977.0,0.9998183250427246,0.7063090890361317,0.07723599137931035,3.5034135904514727,0.5637334791637025,145.0,0.09842622971267626,0.25675881360643976,10.068891505372918,0.06846915909756152,9977.0,0.9998294711112976,0.6725615606370208,0.07893318965517242,3.571806561644479,0.5720866523589458,145.0,0.10407405117211099,0.25940236881129997,9.826575398223511,0.0677484629195676,9977.0,0.9998183250427246,0.7063090890361317,0.07723599137931035,3.5034135904514727,0.5637334791637025,145.0
socofing:000406:left_middle,000406,left_middle,572,irregular,0.20,8685355659538543154,irregular:8685355659538543154:0.450000,0.20001220703125,0.79998779296875,0.15565498857578067,0.8443450114242194,10504.0,0.135721370803511,0.10706695914268494,0.24791494738924283,0.0,8869.0,0.11838989739542226,0.10179102810263324,0.17386402074642013,0.16286564496421319,0.19596346826023228,0.18322385058473983,0.09453423502048262,0.24017757149614846,10.244108857979944,0.11481612806891628,8869.0,0.9634765377268195,0.5033566835428974,0.07149011948529412,2.6465669248119754,0.4781026307379094,136.0,0.0855187491620484,0.23591937352477377,10.67938659950739,0.10677955020909993,8869.0,0.925196586176753,0.4308787720810661,0.0700827205882353,2.510374559693,0.47269528028429875,136.0,0.09453423502048262,0.24017757149614846,10.244108857979944,0.11481612806891628,8869.0,0.9634765377268195,0.5033566835428974,0.07149011948529412,2.6465669248119754,0.4781026307379094,136.0
socofing:000406:left_middle,000406,left_middle,572,irregular,0.30,8685355659538543154,irregular:8685355659538543154:0.450000,0.29998779296875,0.70001220703125,0.26999238385377,0.73000761614623,10504.0,0.1500507496197604,0.11818612366914749,0.20645255827374392,0.0,7668.0,0.15349504434011477,0.11253806221482028,0.23278560250391236,0.18006089954371246,0.25938967136150237,0.2025685119866765,0.08341770834117779,0.22108625620542832,10.78741745303561,0.16051049945923843,7668.0,0.9621450901031494,0.4525272856508829,0.06621723790322581,2.4018028511257565,0.49354418530493205,124.0,0.07577329809868338,0.21420527048747603,11.20483809294237,0.16786716278998648,7668.0,0.9703201642259955,0.39297799415442414,0.06681577620967742,2.599016368420292,0.4899062520209952,124.0,0.08341770834117779,0.22108625620542832,10.78741745303561,0.16051049945923843,7668.0,0.9621450901031494,0.4525272856508829,0.06621723790322581,2.4018028511257565,0.49354418530493205,124.0
socofing:000406:left_middle,000406,left_middle,572,irregular,0.40,8685355659538543154,irregular:8685355659538543154:0.450000,0.4000244140625,0.5999755859375,0.38452018278750955,0.6154798172124905,10504.0,0.1501929350936803,0.11865907162427902,0.14846411621787647,1.0,6465.0,0.15607115235885538,0.11264470132026023,0.23557617942768755,0.18023152211241636,0.2617169373549884,0.20276046237646841,0.09619151046566204,0.24153342963428986,10.168632556192689,0.17838107363471375,6465.0,0.9649671614170074,0.3647145943877924,0.0691015625,2.564667958161422,0.5098620872539344,100.0,0.07442255402533923,0.21265626019709624,11.282954299866352,0.21993338325811546,6465.0,0.8795875683426857,0.3076204363852963,0.0589453125,2.1778072755704407,0.46343090085197586,100.0,0.08179784653712163,0.21999418812660587,10.872581296948844,0.21142640233547094,6465.0,0.9680266370996833,0.3618708256829226,0.0525390625,1.9154405446990201,0.41685539631920393,100.0
socofing:000406:left_middle,000406,left_middle,572,irregular,0.50,8685355659538543154,irregular:8685355659538543154:0.450000,0.5,0.5,0.4963823305407464,0.5036176694592536,10504.0,0.1321914707705444,0.10416700690984726,0.27711231897474753,0.0,5290.0,0.13175803402646502,0.09914360307790832,0.21531190926275992,0.1586297649246533,0.23742911153119092,0.17845848554023497,0.07752050115042752,0.21075453279849796,11.105834283442652,0.23006682583651997,5290.0,0.9721851940266788,0.3850622092834086,0.05202907986111111,1.847101630541847,0.39465420598796036,72.0,0.07060456486633285,0.20314713319471292,11.51167219172425,0.2435070509345991,5290.0,0.8761256113648415,0.2593146032536446,0.05506727430555555,1.9585359405150444,0.42500204495829974,72.0,0.07752050115042752,0.21075453279849796,11.105834283442652,0.23006682583651997,5290.0,0.9721851940266788,0.3850622092834086,0.05202907986111111,1.847101630541847,0.39465420598796036,72.0
socofing:000406:left_middle,000406,left_middle,572,irregular,0.60,8685355659538543154,irregular:8685355659538543154:0.450000,0.5999755859375,0.4000244140625,0.6042460015232293,0.39575399847677073,10504.0,0.12660335095975825,0.09976012259721756,0.281731190090659,1.0,4157.0,0.15395718065912917,0.0949525132198187,0.22877074813567477,0.15192402115170991,0.25475102237190284,0.17091452379567365,0.0750694649899315,0.20517717459724555,11.245366792814561,0.25325993234137784,4157.0,0.954512745141983,0.273559244325832,0.04397321428571429,1.3095058915003335,0.30045985290660043,35.0,0.06527058285314313,0.19002605673982717,11.852825091245593,0.2906463096781881,4157.0,0.9329652488231659,0.2846823144321398,0.04877232142857143,1.4193037278563203,0.32136408080517637,35.0,0.07457971090278573,0.20148656191046682,11.273793044497483,0.26578117794840767,4157.0,0.9652162492275238,0.2895835744847209,0.05357142857142857,1.5014916155392866,0.3247282850329329,35.0
socofing:000406:left_middle,000406,left_middle,572,irregular,0.70,8685355659538543154,irregular:8685355659538543154:0.450000,0.70001220703125,0.29998779296875,0.7082063975628332,0.2917936024371668,10504.0,0.12587416632918316,0.09931100904941559,0.26033290488709676,2.0,3065.0,0.16411092985318107,0.09440562474688736,0.24274061990212073,0.15104899959501977,0.2714518760195759,0.16993012454439724,0.07353016717520065,0.20418531652464003,11.335344466328479,0.28715697024804054,3065.0,0.9388314485549927,0.21127672720285856,0.0443359375,1.4579833857245084,0.28808615000038723,20.0,0.06140740960434744,0.18180281429264397,12.11779222407211,0.34096022320850494,3065.0,0.9316539354622364,0.22403898956289592,0.0244140625,0.83746600700236,0.20501230204429718,20.0,0.07247337544370042,0.1949103358411344,11.398215109677082,0.3214662443558729,3065.0,0.9822640717029572,0.23607812732501227,0.0234375,0.8096983764657308,0.16160338456866072,20.0
socofing:000406:left_middle,000406,left_middle,572,irregular,0.80,8685355659538543154,irregular:8685355659538543154:0.450000,0.79998779296875,0.20001220703125,0.8086443259710586,0.19135567402894138,10504.0,0.1168580082716238,0.09216639399528503,0.1389841062356168,2.0,2010.0,0.15074626865671642,0.08764350620371786,0.2512437810945274,0.1402296099259486,0.27860696517412936,0.15775831116669214,0.07142252862802533,0.20020662783946266,11.461647782015078,0.3293418622843706,2010.0,0.9501635432243347,0.3637935412775901,0.02734375,0.7021943573667713,0.12891849529780564,2.0,0.058204695220590914,0.17809797580543887,12.350419805365897,0.35677871778017384,2010.0,0.9288092441856861,0.27763098013692106,0.029296875,0.7437527989252128,0.1622257053291536,2.0,0.06597837080571681,0.19157936432171818,11.805984126285466,0.31952601212663273,2010.0,0.9265311658382416,0.2391261858836167,0.02734375,0.7021943573667713,0.15634796238244514,2.0
socofing:000406:left_middle,000406,left_middle,572,central_missing,0.10,14803336210757287266,central_missing:14803336210757287266:0.450000,0.0999755859375,0.9000244140625,0.0057121096725057125,0.9942878903274943,10504.0,0.13572580701285483,0.107300765812397,0.15883823248396065,1.0,10444.0,0.08445040214477212,0.1017943552596411,0.13194178475679816,0.16287096841542575,0.14764458062045194,0.183229839467354,0.14042740776754886,0.3092331001385693,8.525481209772215,0.041667643440971194,10444.0,1.0,0.7001117198207681,0.07702803938356165,3.438409045472928,0.6023633262155874,146.0,0.12349440403292218,0.2935327436052757,9.08352721373422,0.053211993630338086,10444.0,1.0,0.6816567214589861,0.076171875,3.5804377578900213,0.5559353577029261,146.0,0.13365997822906972,0.2965829564823902,8.739986139514821,0.05822448406279193,10444.0,1.0,0.6610385095044058,0.08173694349315068,3.473855969318905,0.602806259885068,146.0
socofing:000406:left_middle,000406,left_middle,572,central_missing,0.20,14803336210757287266,central_missing:14803336210757287266:0.450000,0.20001220703125,0.79998779296875,0.03874714394516375,0.9612528560548362,10504.0,0.17757539607114436,0.1402556151151657,0.2578719882140367,1.0,10097.0,0.12776072100623947,0.13318154705335825,0.19986134495394672,0.21309047528537323,0.22511637119936614,0.23972678469604483,0.10434382012815759,0.26338360738834743,9.815332673816263,0.06021161372939349,10097.0,0.9036286468617618,0.518984230150137,0.0793728298611111,3.6387003821184356,0.5696606528433795,144.0,0.09416002532173642,0.2551530114266399,10.26133433373108,0.06716857013154903,10097.0,0.9464504118077457,0.5341100657584446,0.07524956597222222,3.740832625657263,0.5199757239679197,144.0,0.09770264516305403,0.25076354212928526,10.100936782037738,0.0707980611835264,10097.0,0.9764671917073429,0.4869736745453798,0.08037651909722222,3.47720375745618,0.5815532162309687,144.0
socofing:000406:left_middle,000406,left_middle,572,central_missing,0.30,14803336210757287266,central_missing:14803336210757287266:0.450000,0.29998779296875,0.70001220703125,0.0774942878903275,0.9225057121096725,10504.0,0.13426233132885293,0.10582202672958374,0.16391171392206155,2.0,9690.0,0.12321981424148606,0.10069674849663972,0.18544891640866873,0.16111479759462355,0.20639834881320948,0.1812541472939515,0.10783044743287497,0.26218431016898325,9.672585927203457,0.0735293243685623,9690.0,0.9999388456344604,0.5583071045115758,0.06120708626760563,2.4972034505998337,0.5126341035091875,142.0,0.09179564042957387,0.24608972951336364,10.371779438786938,0.08727805064917803,9690.0,0.9991791844367981,0.5202567946290287,0.062224911971830985,2.928986194584777,0.4813774132394993,142.0,0.0977530500628565,0.25082504215113954,10.098696829878243,0.07036100163871803,9690.0,0.9988789558410645,0.5056342389125507,0.06863446302816902,3.109765190616312,0.5432101856608582,142.0
socofing:000406:left_middle,000406,left_middle,572,central_missing,0.40,14803336210757287266,central_missing:14803336210757287266:0.450000,0.4000244140625,0.5999755859375,0.14565879664889567,0.8543412033511043,10504.0,0.12635901571869912,0.09999741613864899,0.20771615242084948,1.0,8974.0,0.1301537775796746,0.09476926178902434,0.18330733229329174,0.15163081886243895,0.20280811232449297,0.1705846712202438,0.12330749250256007,0.27414119678984517,9.090105336746989,0.08157818002310381,8974.0,0.9999978542327881,0.5024189936650598,0.07190921532846715,3.673812684063262,0.5040524986121692,137.0,0.09971046428076355,0.250631102330118,10.012592615387444,0.0738603060766321,8974.0,0.9999980926513672,0.5068957403871589,0.07273608576642336,4.159715760820012,0.5255078838823022,137.0,0.10309978884315708,0.24977195555968357,9.867422241863729,0.05996078039476406,8974.0,0.9999980926513672,0.4777290584126265,0.06831660583941605,3.7567711459485866,0.4868199186600668,137.0
socofing:000406:left_middle,000406,left_middle,572,central_missing,0.50,14803336210757287266,central_missing:14803336210757287266:0.450000,0.5,0.5,0.244002284843869,0.755997715156131,10504.0,0.17581471764400347,0.1383819580078125,0.21577863587723298,1.0,7941.0,0.15073668303740084,0.13186103823300258,0.2207530537715653,0.21097766117280414,0.24392393905049742,0.23734986881940462,0.14086064387755937,0.2929577995796531,8.512103307681093,0.0786486401485335,7941.0,1.0,0.5243466082147707,0.06138392857142857,2.6938901174452288,0.4223564751946749,126.0,0.11060689019369271,0.26924239746964,9.56217818059404,0.06524844266426623,7941.0,1.0,0.4506198952294613,0.06708829365079365,3.008058158877831,0.4952878871990397,126.0,0.12466401087885026,0.281279102315313,9.042589044412093,0.03941282572990536,7941.0,1.0,0.4953757073640874,0.07059151785714286,3.2713904267338716,0.5263331457134409,126.0
socofing:000406:left_middle,000406,left_middle,572,central_missing,0.60,14803336210757287266,central_missing:14803336210757287266:0.450000,0.5999755859375,0.4000244140625,0.37604722010662606,0.6239527798933739,10504.0,0.18176094570003246,0.14361746609210968,0.21579117693396666,0.0,6554.0,0.12389380530973451,0.13632070927502435,0.19469026548672566,0.21811313484003897,0.21895025938358254,0.2453772766950438,0.10786268485068631,0.2619522344811257,9.671287737259037,0.08828408018097973,6554.0,0.932571530342102,0.47732577545219884,0.0732421875,2.7824513779976274,0.5691098524036333,104.0,0.10279890411952193,0.265648115016628,9.88011515081806,0.07271036575832879,6554.0,0.9171592555940151,0.492728366222119,0.0756084735576923,2.8643156126866844,0.5668631926505296,104.0,0.10786268485068631,0.2619522344811257,9.671287737259037,0.08828408018097973,6554.0,0.932571530342102,0.47732577545219884,0.0732421875,2.7824513779976274,0.5691098524036333,104.0
socofing:000406:left_middle,000406,left_middle,572,central_missing,0.70,14803336210757287266,central_missing:14803336210757287266:0.450000,0.70001220703125,0.29998779296875,0.5320830159939071,0.46791698400609294,10504.0,0.2346985039770825,0.18454286456108093,0.10137291801813239,1.0,4915.0,0.15381485249237029,0.1760238779828119,0.24903357070193285,0.28163820477249907,0.28504577822990845,0.31684298036906144,0.1263123815831857,0.2962222974326761,8.985540762879191,0.04230844600881296,4915.0,0.9453925485722721,0.4261015186502828,0.06670673076923077,2.435200529502979,0.5033136429741504,78.0,0.10489383972957668,0.27289363069313893,9.79250016572989,0.0857976149386122,4915.0,0.8666676990687847,0.5569290019506614,0.06440304487179487,2.292608510812333,0.46548188466730994,78.0,0.12987783773191197,0.2848378269992852,8.864649503271876,0.09052945592484637,4915.0,0.9715898334980011,0.6196220494783518,0.06735777243589744,2.4161494861858563,0.5220915896213777,78.0
socofing:000406:left_middle,000406,left_middle,572,central_missing,0.80,14803336210757287266,central_missing:14803336210757287266:0.450000,0.79998779296875,0.20001220703125,0.688023610053313,0.31197638994668697,10504.0,0.24338095918844949,0.19209016859531403,0.07434968120588664,1.0,3277.0,0.16295392126945377,0.18253571939133711,0.25877326823314006,0.29205715102613933,0.29447665547757096,0.32856429490440675,0.16658309920109637,0.3260746661854722,7.783690623291677,0.08345598486745347,3277.0,0.9980143308639526,0.5766181571306127,0.068359375,2.4701079235683054,0.5246394153028371,50.0,0.12467731214577722,0.2914937449342648,9.04212569026252,0.0906551042606656,3277.0,0.9486451148986816,0.4338164567213611,0.0684375,2.5833313471746315,0.5204171531403234,50.0,0.14550359507194557,0.30304246320897077,8.37126276089624,0.08921877437471618,3277.0,0.9779811203479767,0.7500436703690205,0.072109375,2.646809801402959,0.5486342370650649,50.0
socofing:000406:left_middle,000406,left_middle,572,peripheral_only,0.10,8057414572537050825,peripheral_only:8057414572537050825:0.450000,0.0999755859375,0.9000244140625,0.10986290936785986,0.8901370906321402,10504.0,0.16134431014086473,0.12735722959041595,0.2420127350547647,1.0,9350.0,0.15636363636363637,0.12100823260564855,0.2328342245989305,0.19361317216903767,0.25882352941176473,0.2178148186901674,0.10757251138400278,0.2579274103839329,9.682986922330597,0.08904150076889494,9350.0,0.9848264446482062,0.5940396112362982,0.06419361888111888,2.564673654724315,0.5083923399688436,143.0,0.0895348440617045,0.23723520662366626,10.480079184406517,0.10125451869013409,9350.0,0.9178537055850029,0.4873448542519944,0.0702305506993007,2.808822491734766,0.5405911325635299,143.0,0.1050717397656308,0.24851867478450432,9.785140766854832,0.08931251248315582,9350.0,0.9877230515703559,0.497594091809874,0.06657014860139861,2.642576253689158,0.504483843789385,143.0
socofing:000406:left_middle,000406,left_middle,572,peripheral_only,0.20,8057414572537050825,peripheral_only:8057414572537050825:0.450000,0.20001220703125,0.79998779296875,0.21153846153846154,0.7884615384615384,10504.0,0.16751456295226222,0.13215699791908264,0.2188635218630138,1.0,8282.0,0.1390968365129196,0.1256359222141967,0.21359574981888432,0.20101747554271474,0.2401593817918377,0.22614465998555403,0.11405734499659068,0.26441165394600874,9.428767420508454,0.07340178397692519,8282.0,0.9829662144184113,0.39120008244243815,0.057853929924242424,2.0053732899724563,0.4318163657660667,132.0,0.09444660643754241,0.2470840973267568,10.248136421034674,0.0994879293380966,8282.0,0.9011883065104485,0.3694189294360236,0.05711410984848485,2.1270464405379905,0.3993364900698113,132.0,0.10580514750418972,0.25354958149126355,9.754932030164845,0.09485937954573967,8282.0,0.9854940767399967,0.4455387457282785,0.061405066287878785,2.303319955404235,0.43136919151839315,132.0
socofing:000406:left_middle,000406,left_middle,572,peripheral_only,0.30,8057414572537050825,peripheral_only:8057414572537050825:0.450000,0.29998779296875,0.70001220703125,0.30816831683168316,0.6918316831683169,10504.0,0.15699889934542507,0.12352445721626282,0.30282439395612365,2.0,7267.0,0.12467318012935187,0.1177491745090688,0.19856887298747763,0.18839867921451006,0.22443924590615108,0.21194851411632384,0.10907775363599619,0.2581258647917145,9.62263814565545,0.10249298841981591,7267.0,0.9651080351322889,0.3862598996955717,0.0615666482300885,2.0562735244654875,0.42839149823568157,113.0,0.08152764585968286,0.2291986221911262,10.886950979054575,0.13741268953788982,7267.0,0.8480499237775803,0.43622709677026916,0.05658877212389381,2.067686661592909,0.37709235096361415,113.0,0.08435921510592857,0.2310211983743506,10.73867469671644,0.14338236339968782,7267.0,0.8916189037263393,0.38798504144140245,0.058835730088495575,2.0018661536936575,0.42356425555493576,113.0
socofing:000406:left_middle,000406,left_middle,572,peripheral_only,0.40,8057414572537050825,peripheral_only:8057414572537050825:0.450000,0.4000244140625,0.5999755859375,0.40946306169078445,0.5905369383092156,10504.0,0.16683547664889145,0.1311664879322052,0.3649777009851819,0.0,6203.0,0.13106561341286474,0.1251266074866686,0.19845236176043848,0.20020257197866975,0.22150572303724003,0.22522789347600344,0.08995516085828748,0.23447041970889523,10.459739154981891,0.14721437959382336,6203.0,0.9455781569704413,0.37838751840025187,0.05251736111111111,1.7481875135086307,0.3749128236991842,81.0,0.0947122767011716,0.24682664105445856,10.235937236576616,0.1400850708145234,6203.0,0.8884414425119758,0.3894726954297581,0.05864197530864197,1.9507992609783757,0.3898864743425909,81.0,0.08995516085828748,0.23447041970889523,10.459739154981891,0.14721437959382336,6203.0,0.9455781569704413,0.37838751840025187,0.05251736111111111,1.7481875135086307,0.3749128236991842,81.0
socofing:000406:left_middle,000406,left_middle,572,peripheral_only,0.50,8057414572537050825,peripheral_only:8057414572537050825:0.450000,0.5,0.5,0.5124714394516374,0.4875285605483626,10504.0,0.17567588370394013,0.13860194385051727,0.22958677404029618,2.0,5121.0,0.13239601640304627,0.13175691277795507,0.20484280413981645,0.2108110604447281,0.23218121460652216,0.23716244300031916,0.11235661119604269,0.2669009179279886,9.4940136809144,0.13705622359030578,5121.0,0.9708715677261353,0.3969258753835353,0.05210248161764706,1.7373642094411583,0.3652785979968266,68.0,0.09172641936912854,0.24622079690605886,10.375055592731751,0.15372683668771076,5121.0,0.8883926868438721,0.39809379040520576,0.06037454044117647,1.9303442384344318,0.408410976290317,68.0,0.09178955450560781,0.23784354398871999,10.372067379565346,0.16042357802199156,5121.0,0.9700708985328674,0.4123251831713073,0.05824908088235294,1.962996418117872,0.37674597943276744,68.0
socofing:000406:left_middle,000406,left_middle,572,peripheral_only,0.60,8057414572537050825,peripheral_only:8057414572537050825:0.450000,0.5999755859375,0.4000244140625,0.6085300837776085,0.39146991622239147,10504.0,0.18491278880127213,0.1461830586194992,0.2737744532961904,2.0,4112.0,0.14810311284046693,0.13868459160095406,0.23273346303501946,0.2218953465615265,0.25778210116731515,0.24963226488171728,0.14095030356722382,0.2911210027102069,8.509339844434734,0.1393352260145771,4112.0,0.9998874664306641,0.5439046247701904,0.0731670673076923,2.259906425205395,0.5166844833050495,52.0,0.10058967131612881,0.25292445227625177,9.974466109371598,0.1654464099320366,4112.0,0.9149401783943176,0.44206136085610376,0.0682842548076923,2.1679486270785855,0.4756826896951323,52.0,0.10768951683056437,0.25959446989969215,9.67826571578803,0.1486425574223358,4112.0,0.919493792578578,0.4558349852171389,0.06227463942307692,2.0679359668061936,0.43673370013369767,52.0
socofing:000406:left_middle,000406,left_middle,572,peripheral_only,0.70,8057414572537050825,peripheral_only:8057414572537050825:0.450000,0.70001220703125,0.29998779296875,0.7066831683168316,0.29331683168316836,10504.0,0.21697749466551955,0.1712743192911148,0.2836997081713894,0.0,3081.0,0.15417072379097696,0.1627331209991397,0.2599805258033106,0.2603729935986235,0.29665692956832196,0.29291961779845144,0.11547076076628326,0.2600360589950711,9.37527972875359,0.1513450146416229,3081.0,0.990081787109375,0.3740247966268336,0.06229440789473684,1.9528501649027616,0.3933169268777478,38.0,0.09935955022711458,0.25088350468698173,10.027903830926597,0.15553702161467894,3081.0,0.9395303721539676,0.3936453788676337,0.07134046052631579,2.0564136108699973,0.4289287347197737,38.0,0.11547076076628326,0.2600360589950711,9.37527972875359,0.1513450146416229,3081.0,0.990081787109375,0.3740247966268336,0.06229440789473684,1.9528501649027616,0.3933169268777478,38.0
socofing:000406:left_middle,000406,left_middle,572,peripheral_only,0.80,8057414572537050825,peripheral_only:8057414572537050825:0.450000,0.79998779296875,0.20001220703125,0.8043602437166794,0.19563975628332064,10504.0,0.22872897284067653,0.18037287890911102,0.28353301911747303,2.0,2055.0,0.1562043795620438,0.1715467296305074,0.26034063260340634,0.2744747674088118,0.2934306569343066,0.30878411333491335,0.1460353129606523,0.29243926842495294,8.35542114287023,0.15755341325401334,2055.0,0.9833468198776245,0.46039249464585996,0.06896033653846154,2.1151595808004027,0.41816989198295673,26.0,0.0977193304633574,0.2509423626774872,10.100195173132697,0.17588910543503716,2055.0,0.9254611954092979,0.7083743370279323,0.06805889423076923,2.012090316778278,0.436796576429821,26.0,0.12012987439668732,0.2679959435049907,9.203489770080173,0.12803231081691469,2055.0,0.988353043794632,0.6829138452896298,0.0712139423076923,2.1596892821321054,0.4545668885397796,26.0
socofing:000406:left_middle,000406,left_middle,572,central_only,0.10,2363942618443027508,central_only:2363942618443027508:0.450000,0.0999755859375,0.9000244140625,0.15594059405940594,0.844059405940594,10504.0,0.24342856826266987,0.19430850446224213,0.08728562675228725,1.0,8866.0,0.18328445747800587,0.18257142619700242,0.288517933679224,0.29211428191520383,0.3202120460184976,0.3286285671546043,0.18244009657236981,0.33215825686196804,7.388797065427184,0.08116795736007332,8866.0,0.9999935626983643,0.7955904473232789,0.08212209302325581,3.448725184761716,0.5824847751492529,129.0,0.1350868889758511,0.29211849485856567,8.693867999176609,0.08544949154159877,8866.0,0.9999939799308777,0.6696765674509841,0.07358284883720931,2.7193534170602387,0.593644827803675,129.0,0.15655594528613884,0.3100707739552312,8.053304351953484,0.05741019509568503,8866.0,0.999998927116394,0.7047128249951115,0.07173570736434108,2.6141167617222596,0.572724377365457,129.0
socofing:000406:left_middle,000406,left_middle,572,central_only,0.20,2363942618443027508,central_only:2363942618443027508:0.450000,0.20001220703125,0.79998779296875,0.31197638994668697,0.688023610053313,10504.0,0.21568851614508655,0.1716020405292511,0.06896673819564286,0.0,7227.0,0.14999308149993082,0.16176638710881494,0.22761865227618652,0.25882621937410394,0.25681472256814725,0.2911794967958669,0.16865190677054395,0.31864487467921565,7.730087443339897,0.08690569979383551,7227.0,1.0,0.7081944330773867,0.08307828608247422,5.068222270431406,0.6473328276403396,97.0,0.14888466427915806,0.31144414129177933,8.271500340271428,0.09111549583238632,7227.0,1.0,0.7163659761592179,0.07864851804123711,4.459399747236521,0.6275034011150169,97.0,0.16865190677054395,0.31864487467921565,7.730087443339897,0.08690569979383551,7227.0,1.0,0.7081944330773867,0.08307828608247422,5.068222270431406,0.6473328276403396,97.0
socofing:000406:left_middle,000406,left_middle,572,central_only,0.30,2363942618443027508,central_only:2363942618443027508:0.450000,0.29998779296875,0.70001220703125,0.46791698400609294,0.5320830159939071,10504.0,0.22742368569277108,0.18039339780807495,0.30689857223076117,0.0,5589.0,0.1996779388083736,0.17056776426957831,0.3081052066559313,0.27290842283132527,0.3469314725353373,0.3070219756852409,0.1160910879155575,0.2509100594734288,9.352011189147937,0.0837766823365012,5589.0,0.9988822937011719,0.6067168656762693,0.071044921875,3.5374587037206586,0.6744821733015168,64.0,0.09537574597743977,0.236981059323765,10.20562052207509,0.1166170809481075,5589.0,0.9543395629152656,0.5633180219033243,0.06842041015625,3.293871572484598,0.6916114515546528,64.0,0.1160910879155575,0.2509100594734288,9.352011189147937,0.0837766823365012,5589.0,0.9988822937011719,0.6067168656762693,0.071044921875,3.5374587037206586,0.6744821733015168,64.0
socofing:000406:left_middle,000406,left_middle,572,central_only,0.40,2363942618443027508,central_only:2363942618443027508:0.450000,0.4000244140625,0.5999755859375,0.6239527798933739,0.37604722010662606,10504.0,0.24038480367338608,0.19108493626117706,0.2367336214079624,2.0,3950.0,0.24050632911392406,0.18028860275503955,0.3529113924050633,0.2884617644080633,0.3888607594936709,0.3245194849590711,0.14801453702409093,0.3006222957891377,8.29695628934044,0.12074406277875487,3950.0,0.9959291219711304,0.4474827451821903,0.07949746621621621,4.000093609620466,0.7444086180489529,37.0,0.09662820473166414,0.23776915647537458,10.1489608920094,0.15082843470583412,3950.0,0.9433521330356598,0.4255071921211841,0.07305743243243243,4.187135530555088,0.6944144217740887,37.0,0.11088449880625402,0.2457700103884445,9.551291621776524,0.15149813583400254,3950.0,0.9965367317199707,0.43867093767285287,0.0629222972972973,3.253132787210739,0.6300675617103006,37.0
socofing:000406:left_middle,000406,left_middle,572,central_only,0.50,2363942618443027508,central_only:2363942618443027508:0.450000,0.5,0.5,0.7494287890327495,0.25057121096725055,10504.0,0.22868101724556514,0.1841883361339569,0.363752189876933,0.0,2632.0,0.2838145896656535,0.17151076293417386,0.3981762917933131,0.2744172206946782,0.43427051671732525,0.30871937328151294,0.09866315994389055,0.2237697059952436,10.058449792426384,0.13496201276237496,2632.0,0.9881058325991035,0.5989924192321817,0.08229166666666667,4.30466305392853,0.8439140961156987,15.0,0.06668297891549099,0.1908430920646308,11.759850072594167,0.16927606610754797,2632.0,0.9809374799951911,0.4527396779874729,0.05572916666666667,3.098257767879949,0.5572979732168085,15.0,0.09866315994389055,0.2237697059952436,10.058449792426384,0.13496201276237496,2632.0,0.9881058325991035,0.5989924192321817,0.08229166666666667,4.30466305392853,0.8439140961156987,15.0
socofing:000406:left_middle,000406,left_middle,572,central_only,0.60,2363942618443027508,central_only:2363942618443027508:0.450000,0.5999755859375,0.4000244140625,0.8438690022848438,0.15613099771515615,10504.0,0.08898614989063604,0.07139399647712708,0.350765113642145,1.0,1640.0,0.1548780487804878,0.06673961241797703,0.22439024390243903,0.10678337986876325,0.24695121951219512,0.12013130235235865,0.08689764200494914,0.18912536187279153,10.60992008109826,0.23765444414074816,1640.0,0.9839987149462104,0.4855764884411166,0.05908203125,1.8402449547020914,0.28797258663130876,8.0,0.07302197625404269,0.1771675889743719,11.365464175570478,0.2542875832049974,1640.0,0.9441725574433804,0.48190880142608106,0.05859375,3.9971215475183612,0.4055003746535187,8.0,0.07295187444683533,0.17796361420712456,11.369635447375106,0.24032676901017216,1640.0,0.9711036682128906,0.6263605580911711,0.0751953125,4.319880546501418,0.746332193274384,8.0
socofing:000406:left_middle,000406,left_middle,572,central_only,0.70,2363942618443027508,central_only:2363942618443027508:0.450000,0.70001220703125,0.29998779296875,0.9124143183549124,0.08758568164508762,10504.0,0.1623850727426833,0.131150484085083,0.38420373431648563,1.0,920.0,0.2217391304347826,0.12178880455701248,0.32717391304347826,0.19486208729121995,0.36195652173913045,0.21921984820262244,0.0721354785894233,0.1875387854408473,11.418510824945338,0.19992309986432275,920.0,0.8744082897901535,0.7496084222127675,0.0625,1.736917157955026,0.25043290043290045,4.0,0.050789279290352936,0.15655496667706123,12.942279498499518,0.2942083779107696,920.0,0.870435044169426,0.44675057572206195,0.0732421875,2.600808573927146,0.3040053900348018,4.0,0.06381313708414842,0.16320350777722248,11.950899047296568,0.31571609821654345,920.0,0.8745059818029404,0.5985133631435469,0.095703125,4.901110694607223,0.3925059417706476,4.0
socofing:000406:left_middle,000406,left_middle,572,central_only,0.80,2363942618443027508,central_only:2363942618443027508:0.450000,0.79998779296875,0.20001220703125,0.9618240670220868,0.03817593297791322,10504.0,0.07394152369384259,0.0606628954410553,0.37904548330665877,2.0,401.0,0.12718204488778054,0.05545614277038194,0.19201995012468828,0.0887298284326111,0.20448877805486285,0.09982105698668747,0.07778213884836666,0.18118844896629266,11.091201188219884,0.1943981269446733,401.0,0.8743451088666916,0.6656926270067401,nan,nan,nan,0.0,0.06667815405456604,0.16771485710381867,11.760164318646208,0.20424081437651853,401.0,0.8617359846830368,0.7382666871379071,nan,nan,nan,0.0,0.06984897639448817,0.17540232695992153,11.558399538945771,0.204264663151931,401.0,0.8743141740560532,0.5572408212246917,nan,nan,nan,0.0
socofing:000406:left_middle,000406,left_middle,572,disconnected_fragments,0.10,1614979018094946025,disconnected_fragments:1614979018094946025:0.450000,0.0999755859375,0.9000244140625,0.13775704493526275,0.8622429550647372,10504.0,0.18358969446013215,0.14467942714691162,0.20010786860358323,1.0,9057.0,0.1560119244783041,0.1376922708450991,0.24677045379264656,0.22030763335215856,0.27812741525891577,0.24784608752117837,0.13343774054085975,0.2776946164487141,8.747213204154523,0.07419190974735385,9057.0,0.9999929666519165,0.7622935392549416,0.07703488372093023,3.1493200773304544,0.5846005271591869,129.0,0.0977321341508334,0.24306306851392495,10.099626175521168,0.08374640410940928,9057.0,0.9997780919075012,0.6177351266138674,0.07552083333333333,3.136995238461334,0.5519474326758977,129.0,0.10720172252784756,0.2556629148266668,9.69798236300628,0.07503911956515882,9057.0,0.9999982118606567,0.8107490878690733,0.07767078488372094,3.1954523758379594,0.6245093143095151,129.0
socofing:000406:left_middle,000406,left_middle,572,disconnected_fragments,0.20,1614979018094946025,disconnected_fragments:1614979018094946025:0.450000,0.20001220703125,0.79998779296875,0.23905178979436406,0.760948210205636,10504.0,0.17976229232039354,0.1419452726840973,0.1431034233239974,0.0,7993.0,0.1686475666207932,0.13482171924029515,0.2542224446390592,0.21571475078447222,0.2824971850369073,0.24267909463253126,0.10718252860080851,0.2558715503113912,9.698760014963222,0.06641337221119445,7993.0,0.9910281887277961,0.6108772889304176,0.08220720720720721,3.088339962252353,0.6924329427942986,111.0,0.10004817301857315,0.24967980303736462,9.99790837614444,0.0662389224866656,7993.0,0.9907146682962775,0.5875071756205819,0.07369087837837837,2.8701775975324635,0.5988338933835338,111.0,0.10718252860080851,0.2558715503113912,9.698760014963222,0.06641337221119445,7993.0,0.9910281887277961,0.6108772889304176,0.08220720720720721,3.088339962252353,0.6924329427942986,111.0
socofing:000406:left_middle,000406,left_middle,572,disconnected_fragments,0.30,1614979018094946025,disconnected_fragments:1614979018094946025:0.450000,0.29998779296875,0.70001220703125,0.32673267326732675,0.6732673267326732,10504.0,0.1923962603175667,0.1516059786081314,0.2539716585584242,0.0,7072.0,0.1743495475113122,0.14429719523817502,0.2641402714932127,0.23087551238108006,0.2960972850678733,0.25973495142871506,0.11346970342995005,0.25775620594543797,9.451200802293627,0.09421871121453236,7072.0,0.9863181705586612,0.5977867657577002,0.07098327020202021,3.1768025954645367,0.6218203089329363,99.0,0.09632394280759964,0.24536163014769596,10.16265748838142,0.10138585915389156,7072.0,0.8840751629322767,0.5608367031360701,0.06711647727272728,2.7417945623240016,0.5911177196602239,99.0,0.11346970342995005,0.25775620594543797,9.451200802293627,0.09421871121453236,7072.0,0.9863181705586612,0.5977867657577002,0.07098327020202021,3.1768025954645367,0.6218203089329363,99.0
socofing:000406:left_middle,000406,left_middle,572,disconnected_fragments,0.40,1614979018094946025,disconnected_fragments:1614979018094946025:0.450000,0.4000244140625,0.5999755859375,0.4119383092155369,0.5880616907844631,10504.0,0.18657445015340413,0.14764012396335602,0.11325959407735268,2.0,6177.0,0.1740327019588797,0.13993083761505312,0.2577302897846851,0.223889340184085,0.2826614861583293,0.2518755077070956,0.15353522832955066,0.29850141952103476,8.137919608136283,0.0681951037824876,6177.0,0.9999959468841553,0.687111319588832,0.07308148734177215,3.383600409861235,0.5362039285436019,79.0,0.11484740962751776,0.26280439734927524,9.398787958295296,0.09700754908922193,6177.0,0.999419629573822,0.6670779846317867,0.07481210443037975,3.7841558789251972,0.6067064015467233,79.0,0.11800203799764727,0.2604445750781835,9.281104919863395,0.09572830218621817,6177.0,0.9999980926513672,0.7173762790984226,0.07644382911392406,3.3736123527802513,0.6037546554133384,79.0
socofing:000406:left_middle,000406,left_middle,572,disconnected_fragments,0.50,1614979018094946025,disconnected_fragments:1614979018094946025:0.450000,0.5,0.5,0.5019040365575019,0.49809596344249807,10504.0,0.12716697906803767,0.10054972767829895,0.16824896105994777,1.0,5232.0,0.1154434250764526,0.09537523430102826,0.18176605504587157,0.1526003748816452,0.2037461773700306,0.17167542174185088,0.13831313694011596,0.28348804441227615,8.591365687724753,0.08492107105643806,5232.0,0.9999733567237854,0.5200610774160179,0.07588465073529412,3.404826370133905,0.5874142471712414,68.0,0.12465450887593749,0.267164566340078,9.042920080184174,0.103411240188975,5232.0,0.9999892115592957,0.5953492252851882,0.07973345588235294,3.679567468440341,0.6204102587084267,68.0,0.13284502450453317,0.2749350018715109,8.766547067462945,0.10926683461113416,5232.0,0.9999979138374329,0.6076916024770544,0.06640625,3.08911170396707,0.4775501952405835,68.0
socofing:000406:left_middle,000406,left_middle,572,disconnected_fragments,0.60,1614979018094946025,disconnected_fragments:1614979018094946025:0.450000,0.5999755859375,0.4000244140625,0.587966488956588,0.412033511043412,10504.0,0.18196797840531342,0.14589960873126984,0.0814045100008074,1.0,4328.0,0.18345656192236598,0.13647598380398507,0.27911275415896486,0.21836157408637613,0.30591497227356745,0.24565677084717316,0.16507738841037586,0.306376858844526,7.823124104508759,0.06928718811889839,4328.0,0.9999957084655762,0.6569123249268677,0.06766183035714286,3.0094977866959347,0.526570118370292,56.0,0.13272452569718077,0.2745254805888042,8.770488179737349,0.09118805261171511,4328.0,0.9960882067680359,0.5750591350018666,0.054966517857142856,2.368267452408646,0.465063826079807,56.0,0.13792176713138588,0.2834614765620102,8.603671870581303,0.10214799348578465,4328.0,0.9939964413642883,0.6616097076648182,0.052734375,2.331526611776473,0.4741917742552513,56.0
socofing:000406:left_middle,000406,left_middle,572,disconnected_fragments,0.70,1614979018094946025,disconnected_fragments:1614979018094946025:0.450000,0.70001220703125,0.29998779296875,0.693069306930693,0.306930693069307,10504.0,0.0973629794145932,0.07718229293823242,0.2643529720600923,0.0,3224.0,0.08281637717121589,0.0730222345609449,0.11507444168734492,0.11683557529751185,0.12965260545905707,0.1314400222097008,0.15586831101020215,0.2950798461442494,8.07242170585996,0.11822781185061029,3224.0,0.9999662637710571,0.7953528969362473,0.07762419871794872,3.8294712258714,0.6182023034937334,39.0,0.15424628148687103,0.29746303349506875,8.117852969815843,0.08800735991713991,3224.0,0.9999803900718689,0.8849668161588277,0.078125,4.073619777618937,0.6041282244253013,39.0,0.15586831101020215,0.2950798461442494,8.07242170585996,0.11822781185061029,3224.0,0.9999662637710571,0.7953528969362473,0.07762419871794872,3.8294712258714,0.6182023034937334,39.0
socofing:000406:left_middle,000406,left_middle,572,disconnected_fragments,0.80,1614979018094946025,disconnected_fragments:1614979018094946025:0.450000,0.79998779296875,0.20001220703125,0.8173076923076923,0.1826923076923077,10504.0,0.14763146485639608,0.1177089735865593,0.2948800966652013,0.0,1919.0,0.17404898384575299,0.11072359864229706,0.25273579989577905,0.1771577578276753,0.2761855132881709,0.1993024775561347,0.10727935690227774,0.23841522121559314,9.694838385739558,0.16964020886020292,1919.0,0.9999722242355347,0.6199956061310791,0.08383413461538461,4.369594013205604,0.8137206823076154,13.0,0.10430997866022122,0.2353701635036732,9.816741434452156,0.18200922510781042,1919.0,0.974836528301239,0.6554319649398281,0.08353365384615384,4.381756629496591,0.7791594568465723,13.0,0.10727935690227774,0.23841522121559314,9.694838385739558,0.16964020886020292,1919.0,0.9999722242355347,0.6199956061310791,0.08383413461538461,4.369594013205604,0.8137206823076154,13.0
socofing:000406:left_middle,000406,left_middle,572,stripes,0.10,1954677840816104383,stripes:1954677840816104383:0.450000,0.0999755859375,0.9000244140625,0.10310357958872811,0.8968964204112719,10504.0,0.2883871276089371,0.22802340984344482,0.1759612606962728,1.0,9421.0,0.18777199872624986,0.21629034570670283,0.2924318012949793,0.34606455313072454,0.33138732618617983,0.38932262227206504,0.17820783004492158,0.33341891913267585,7.490732179725709,0.04602646628323677,9421.0,0.9999613761901855,0.6293677796525077,0.06900091240875912,2.7199497024625123,0.5594431174945724,137.0,0.12446250581947148,0.29175082531689145,9.049614595574461,0.04471584833766985,9421.0,0.925796665251255,0.6709134290697155,0.0694856295620438,2.8665998307628286,0.572874996806123,137.0,0.15743409164143593,0.3174163640604584,8.029012172846219,0.03302157300351852,9421.0,0.9969545602798462,0.6804306273558932,0.0701129105839416,2.7382864344258167,0.5798290190419845,137.0
socofing:000406:left_middle,000406,left_middle,572,stripes,0.20,1954677840816104383,stripes:1954677840816104383:0.450000,0.20001220703125,0.79998779296875,0.23552932216298553,0.7644706778370145,10504.0,0.2288200524274914,0.18071894347667694,0.1232487528174402,0.0,8030.0,0.16861768368617683,0.17161503932061856,0.2683686176836862,0.2745840629129897,0.30348692403486927,0.3089070707771134,0.13145236160315182,0.29219715773820376,8.8123160718406,0.053676217132047684,8030.0,0.9889513244852424,0.6604958302810817,0.06582880434782609,2.4834060301943923,0.5209503787574248,115.0,0.10412907482751653,0.26725605181667716,9.824279902384207,0.06725827542487416,8030.0,0.8999769072979689,0.6675790772329466,0.06891983695652174,2.5415882450399065,0.534088676596638,115.0,0.13145236160315182,0.29219715773820376,8.8123160718406,0.053676217132047684,8030.0,0.9889513244852424,0.6604958302810817,0.06582880434782609,2.4834060301943923,0.5209503787574248,115.0
socofing:000406:left_middle,000406,left_middle,572,stripes,0.30,1954677840816104383,stripes:1954677840816104383:0.450000,0.29998779296875,0.70001220703125,0.35767326732673266,0.6423267326732673,10504.0,0.24483997390637854,0.19307735562324524,0.17486745794419528,0.0,6747.0,0.17044612420334965,0.18362998042978393,0.2614495331258337,0.29380796868765424,0.29376018971394696,0.3305339647736111,0.11557304540445609,0.27016468686782563,9.371434427069879,0.08594250065399298,6747.0,0.9670735597610474,0.6557878632670463,0.06947544642857142,2.7283532190255375,0.5793585891403686,98.0,0.10407998797736473,0.2664676269942739,9.826327666133079,0.10326370893973005,6747.0,0.959961760789156,0.46656842408133026,0.07110969387755102,3.0682710667105955,0.5387435134527648,98.0,0.11557304540445609,0.27016468686782563,9.371434427069879,0.08594250065399298,6747.0,0.9670735597610474,0.6557878632670463,0.06947544642857142,2.7283532190255375,0.5793585891403686,98.0
socofing:000406:left_middle,000406,left_middle,572,stripes,0.40,1954677840816104383,stripes:1954677840816104383:0.450000,0.4000244140625,0.5999755859375,0.4485910129474486,0.5514089870525514,10504.0,0.20277195398800388,0.16000321507453918,0.3313721180624042,0.0,5792.0,0.16332872928176795,0.15207896549100294,0.24464779005524862,0.24332634478560466,0.2767610497237569,0.27374213788380525,0.10294082169588235,0.2418039768058884,9.874123694396161,0.09804310877274598,5792.0,0.9910874357447028,0.452153724214075,0.07506588855421686,2.983888503710038,0.6237320109509827,83.0,0.10107357249295665,0.2498054876630915,9.953623836852083,0.0823803226471332,5792.0,0.983619449660182,0.5425237304574193,0.07633659638554217,3.8678135604061774,0.5988736877288113,83.0,0.10294082169588235,0.2418039768058884,9.874123694396161,0.09804310877274598,5792.0,0.9910874357447028,0.452153724214075,0.07506588855421686,2.983888503710038,0.6237320109509827,83.0
socofing:000406:left_middle,000406,left_middle,572,stripes,0.50,1954677840816104383,stripes:1954677840816104383:0.450000,0.5,0.5,0.5410319878141661,0.45896801218583394,10504.0,0.16997353397018722,0.13418620824813843,0.20920128524438072,1.0,4821.0,0.12943372744243933,0.1274801504776404,0.19995851483094793,0.20396824076422465,0.2265090230242688,0.22946427085975274,0.11539786144223213,0.2649671070840232,9.378022394683612,0.07445106312311509,4821.0,0.9853077526204288,0.39604093953957265,0.07080765845070422,2.8954370435176653,0.5367708400157979,71.0,0.09178901016972173,0.24584487271513517,10.372093134431886,0.10664494853896325,4821.0,0.9377925377339125,0.4176242725479795,0.07862015845070422,3.3348051006347363,0.5649910825751968,71.0,0.1020724594990522,0.2536993479648645,9.91091420508793,0.11880477572148754,4821.0,0.9658282394520938,0.4799586217252558,0.07691461267605634,2.8022584568691817,0.6108919456081315,71.0
socofing:000406:left_middle,000406,left_middle,572,stripes,0.60,1954677840816104383,stripes:1954677840816104383:0.450000,0.5999755859375,0.4000244140625,0.6332825590251333,0.3667174409748667,10504.0,0.20377292541555567,0.16024146974086761,0.24792039405838293,1.0,3852.0,0.14278296988577363,0.15282969406166677,0.22429906542056074,0.2445275104986668,0.25415368639667707,0.2750934493110001,0.12598237379894617,0.2793906971682656,8.996902127977759,0.04795238274095157,3852.0,0.9798156023025513,0.5820043283570041,0.08416193181818182,3.038545111735013,0.6781148394650702,55.0,0.0973020293491704,0.2539381976926028,10.118781019109303,0.07386085032750735,3852.0,0.9631357174366713,0.6594114130478751,0.07393465909090909,2.873416029097315,0.5744586054982186,55.0,0.1180715150312115,0.2671135996825227,9.27854864087492,0.08909445376915005,3852.0,0.9772220849990845,0.5799526767884274,0.07102272727272728,2.9867400560051736,0.5714905982217202,55.0
socofing:000406:left_middle,000406,left_middle,572,stripes,0.70,1954677840816104383,stripes:1954677840816104383:0.450000,0.70001220703125,0.29998779296875,0.7376237623762376,0.2623762376237624,10504.0,0.2030240561097615,0.16007894277572632,0.3361352714526443,0.0,2756.0,0.1534833091436865,0.15226804208232114,0.2351233671988389,0.24362886733171385,0.26342525399129174,0.274082475748178,0.10986550965617103,0.2584417493426253,9.591386252921536,0.1224691374502822,2756.0,0.9446273446083069,0.5551594317197429,0.08062900641025642,3.3977731524802435,0.6143845968835194,39.0,0.09542652518052394,0.24737939715597654,10.203308900931198,0.1564275715116728,2756.0,0.9310547076165676,0.4468107505269675,0.07552083333333333,2.9987811013747407,0.5653992911429961,39.0,0.10986550965617103,0.2584417493426253,9.591386252921536,0.1224691374502822,2756.0,0.9446273446083069,0.5551594317197429,0.08062900641025642,3.3977731524802435,0.6143845968835194,39.0
socofing:000406:left_middle,000406,left_middle,572,stripes,0.80,1954677840816104383,stripes:1954677840816104383:0.450000,0.79998779296875,0.20001220703125,0.8575780654988576,0.14242193450114238,10504.0,0.18806283780225883,0.14894121885299683,0.4212459720181954,0.0,1496.0,0.20254010695187166,0.1410471283516941,0.27540106951871657,0.2256754053627106,0.30013368983957217,0.2538848310330494,0.11073696756577546,0.24290424763949658,9.55707373432739,0.21633645713953617,1496.0,0.97683250810951,0.47323497559671873,0.083984375,4.368359941782744,0.8989904156176408,10.0,0.09433308799308544,0.23333467541070765,10.253359487012492,0.19095820065827676,1496.0,0.9572114907205105,0.43738960777966773,0.0890625,4.544195545371203,0.9366098529452753,10.0,0.11073696756577546,0.24290424763949658,9.55707373432739,0.21633645713953617,1496.0,0.97683250810951,0.47323497559671873,0.083984375,4.368359941782744,0.8989904156176408,10.0
socofing:000406:left_middle,000406,left_middle,572,severe_partial,0.10,6300760720181493179,severe_partial:6300760720181493179:0.200000,0.0999755859375,0.9000244140625,0.0694973343488195,0.9305026656511806,10504.0,0.17164825102323625,0.1351185292005539,0.2053155412355198,2.0,9774.0,0.15264988745651728,0.1287361882674272,0.23214651115203602,0.20597790122788354,0.2605893186003683,0.23172513888136897,0.11601197759506506,0.2645819574606027,9.354971699549326,0.04551921933573185,9774.0,0.964285253547132,0.6197794610483588,0.06660730698529412,2.534609380471459,0.47757658209362575,136.0,0.09267484027547684,0.24422873062219227,10.3303815380165,0.06818044159122738,9774.0,0.8976155444979668,0.45972425537138023,0.06307444852941177,2.5308678715097397,0.47733286563562727,136.0,0.1027519344667269,0.2560243688172451,9.882099930984479,0.0492723392649571,9774.0,0.9130598902702332,0.5264384416892456,0.0712890625,3.006998590888583,0.5639931874408957,136.0
socofing:000406:left_middle,000406,left_middle,572,severe_partial,0.20,6300760720181493179,severe_partial:6300760720181493179:0.200000,0.20001220703125,0.79998779296875,0.15327494287890328,0.8467250571210967,10504.0,0.16831934203871737,0.13245370984077454,0.2611573504799876,1.0,8894.0,0.133123454013942,0.12623950652903804,0.20856757364515405,0.20198321044646086,0.23442770407015967,0.22723111175226848,0.12525648839803302,0.2746982943136366,9.021997680357535,0.061976036825633504,8894.0,0.9999995231628418,0.528728563639658,0.0718814036885246,2.739327943779927,0.5637782417508352,122.0,0.09983702304640034,0.2554766491764609,10.007083773190688,0.07016552133624858,8894.0,0.9781680102460086,0.5007360523402399,0.06563780737704918,2.692293979909182,0.5117913692542606,122.0,0.11026229977782304,0.26318690413054163,9.575729535363969,0.055080627780121426,8894.0,0.988478540442884,0.5853674343449782,0.07002433401639344,2.6799634474443206,0.5684778070927513,122.0
socofing:000406:left_middle,000406,left_middle,572,severe_partial,0.30,6300760720181493179,severe_partial:6300760720181493179:0.200000,0.29998779296875,0.70001220703125,0.2319116527037319,0.7680883472962681,10504.0,0.1500995432029301,0.1182466521859169,0.23866151968277327,0.0,8068.0,0.12840852751611304,0.11257465740219756,0.19918195339613287,0.18011945184351608,0.22235994050570154,0.2026343833239556,0.09877107706335526,0.2504330916286584,10.053702103791988,0.04998067252930551,8068.0,0.984346984885633,0.5215569840597956,0.0659090909090909,2.672042437140855,0.5529269784890772,110.0,0.09915040123922016,0.252926094632159,10.037055239637047,0.06553512313796389,8068.0,0.9120772443711758,0.5697934310358446,0.070703125,2.701582422887888,0.544661302035792,110.0,0.09877107706335526,0.2504330916286584,10.053702103791988,0.04998067252930551,8068.0,0.984346984885633,0.5215569840597956,0.0659090909090909,2.672042437140855,0.5529269784890772,110.0
socofing:000449:left_little,000449,left_little,654,random_rectangles,0.10,11454226042389059378,random_rectangles:11454226042389059378:0.450000,0.0999755859375,0.9000244140625,0.0023584905660377358,0.9976415094339622,8904.0,0.1508595531816764,0.11919361352920532,0.10772120653535819,1.0,8883.0,0.17786783744230553,0.11314466488625731,0.26691433074411797,0.18103146381801172,0.29584599797365757,0.20366039679526315,0.09798007026214552,0.23839615915127063,10.088622534441797,0.08551761060708249,8883.0,0.7722943276166916,0.34759864060243706,0.082672119140625,2.763854009276072,0.5155984573598273,128.0,0.07238903941928822,0.20717551838679987,11.403271862900548,0.10566761664432929,8883.0,0.7661240547895432,0.24504321131618392,0.08099365234375,3.056105994486053,0.5273791324229289,128.0,0.07838963722954895,0.2061621174862105,11.057413453702035,0.10293610499871894,8883.0,0.9291054308414459,0.2407432587089584,0.082611083984375,3.0139856811634935,0.553237141309472,128.0
socofing:000449:left_little,000449,left_little,654,random_rectangles,0.20,11454226042389059378,random_rectangles:11454226042389059378:0.450000,0.20001220703125,0.79998779296875,0.04301437556154537,0.9569856244384546,8904.0,0.1699396484228235,0.1339859962463379,0.27011961462248907,0.0,8521.0,0.29808707898134024,0.12745473631711762,0.423307123577045,0.20392757810738818,0.4614481868325314,0.2294185253708117,0.03457251614884038,0.1347085719268208,14.61269011843433,0.18444766688379427,8521.0,0.8134140372276306,0.22404982247855235,0.08315625,3.0567986767868747,0.5203561026935786,125.0,0.02839491359152317,0.12909867123106866,15.467594485787533,0.19372478767235327,8521.0,0.706865593791008,0.21504075128768116,0.07559375,3.0114937742724996,0.422168925838886,125.0,0.03457251614884038,0.1347085719268208,14.61269011843433,0.18444766688379427,8521.0,0.8134140372276306,0.22404982247855235,0.08315625,3.0567986767868747,0.5203561026935786,125.0
socofing:000449:left_little,000449,left_little,654,random_rectangles,0.30,11454226042389059378,random_rectangles:11454226042389059378:0.450000,0.29998779296875,0.70001220703125,0.10938903863432166,0.8906109613656783,8904.0,0.1730434911122789,0.13661077618598938,0.31992259857972916,2.0,7930.0,0.31588902900378313,0.12978261833420918,0.4557377049180328,0.2076521893347347,0.5011349306431274,0.2336087130015765,0.05745313442318441,0.17932601620127245,12.406862728841448,0.1334769010778342,7930.0,0.8217763602733612,0.2489109041142979,0.07487526260504201,2.5124809521645277,0.4719456964467392,119.0,0.025999353230718076,0.12457121339113385,15.85037455560871,0.19479402153608852,7930.0,0.6651157438755035,0.17772464772750263,0.06640625,2.1225649350208307,0.35762822543757866,119.0,0.037406531894902846,0.14200054989073044,14.270525550663244,0.1567527552102164,7930.0,0.9134623110294342,0.23924262317843767,0.0661764705882353,2.21460105089801,0.43588058778412675,119.0
socofing:000449:left_little,000449,left_little,654,random_rectangles,0.40,11454226042389059378,random_rectangles:11454226042389059378:0.450000,0.4000244140625,0.5999755859375,0.19474393530997305,0.805256064690027,8904.0,0.1308523302325422,0.10348235070705414,0.4296194201793607,1.0,7170.0,0.2700139470013947,0.09813924767440665,0.38605299860529985,0.15702279627905064,0.42329149232914925,0.17665064581393197,0.034170167905262325,0.13277261276291671,14.663528871611508,0.2035282497028008,7170.0,0.7639143317937851,0.15009585756919694,0.06813063063063063,2.7443702390616513,0.3816349130584745,111.0,0.021649449942846736,0.11013888376070033,16.64553133482492,0.23202239768423502,7170.0,0.6321461647748947,0.14082101351968485,0.06267595720720721,2.630732859443804,0.3632529216102679,111.0,0.030130514172193548,0.12065672779681792,15.20993457100586,0.2271096090491286,7170.0,0.7288335412740707,0.1627883212874716,0.0703125,2.8135975288756425,0.4200923774370734,111.0
socofing:000449:left_little,000449,left_little,654,random_rectangles,0.50,11454226042389059378,random_rectangles:11454226042389059378:0.450000,0.5,0.5,0.30660377358490565,0.6933962264150944,8904.0,0.19772467449679124,0.15562379360198975,0.3775879529417329,1.0,6174.0,0.29931972789115646,0.14829350587259343,0.45481049562682213,0.23726960939614955,0.49983803045027536,0.2669283105706682,0.0749044945859599,0.2071393107857216,11.254921220159366,0.17130516712539556,6174.0,0.7607670873403549,0.18780979021906424,0.06872679455445545,2.280071956099754,0.4780911307912594,101.0,0.03470019138830927,0.1439959414657489,14.59668129858769,0.22225187267152813,6174.0,0.6747320890426636,0.15275270560535373,0.0680306311881188,2.3396406208372853,0.46725855116927256,101.0,0.041099691892788434,0.1496603226064091,13.861614338359349,0.1962126112188984,6174.0,0.7625502049922943,0.2002693274159667,0.0700417698019802,2.243809135827006,0.4752232660414035,101.0
socofing:000449:left_little,000449,left_little,654,random_rectangles,0.60,11454226042389059378,random_rectangles:11454226042389059378:0.450000,0.5999755859375,0.4000244140625,0.4303683737646002,0.5696316262353998,8904.0,0.12933232122101868,0.10175636410713196,0.35024521585595403,2.0,5072.0,0.25157728706624605,0.09699924091576402,0.37953470031545744,0.15519878546522242,0.4122634069400631,0.17459863364837522,0.037185944489194184,0.13954242535981376,14.296211833512713,0.19053589106935379,5072.0,0.7194768637418747,0.14254597667881155,0.07471955128205128,2.5474684335799824,0.4895958391992464,78.0,0.02193953498607636,0.11199509023985464,16.58772581643771,0.22406022378655094,5072.0,0.6905494183301926,0.12700188825458972,0.07001201923076923,2.2770292470341578,0.46665047959498335,78.0,0.027295740189137337,0.12065121690428314,15.639051242670035,0.20950930143017868,5072.0,0.7651555985212326,0.12963202507493138,0.07301682692307693,2.375695165164569,0.5046709675303376,78.0
socofing:000449:left_little,000449,left_little,654,random_rectangles,0.70,11454226042389059378,random_rectangles:11454226042389059378:0.450000,0.70001220703125,0.29998779296875,0.5567160826594789,0.4432839173405211,8904.0,0.1714012093081304,0.13524994254112244,0.35028740963409905,1.0,3947.0,0.3605269825183684,0.1285509069810978,0.5201418799087915,0.20568145116975647,0.5616924246262984,0.231391632565976,0.03437880622390019,0.13744658531872628,14.637092079099919,0.18851406485740274,3947.0,0.7392644137144089,0.11059643520383877,0.08189655172413793,2.359504809089448,0.513126319882849,58.0,0.019768568766702646,0.10612879490018767,17.040247722252108,0.21320557373735663,3947.0,0.5911727696657181,0.09075081435447892,0.06728178879310345,2.189090416048614,0.408744515561929,58.0,0.03282305693709809,0.12856590877326496,14.838209738896118,0.17340475521338877,3947.0,0.7424477189779282,0.11526240556273613,0.07233297413793104,2.315816267275216,0.43987486602230225,58.0
socofing:000449:left_little,000449,left_little,654,random_rectangles,0.80,11454226042389059378,random_rectangles:11454226042389059378:0.450000,0.79998779296875,0.20001220703125,0.6872192273135669,0.3127807726864331,8904.0,0.1999021499047088,0.15830384194850922,0.433253575422722,1.0,2785.0,0.3324955116696589,0.1499266124285316,0.49443447037701976,0.23988257988565057,0.5457809694793537,0.2698679023713568,0.06601462855911447,0.18839710419011074,11.803598159954126,0.1201131897121716,2785.0,0.7884421795606613,0.2072288013516528,0.07528409090909091,2.2324737491575326,0.4007933191507133,44.0,0.029491355035088734,0.1317019217130954,15.30305272523071,0.14760647458635578,2785.0,0.65941421687603,0.16384389786472933,0.07501775568181818,2.2673694289443516,0.3950149797755776,44.0,0.04787435124715027,0.15576943449100858,13.198970981761516,0.11875234877444207,2785.0,0.7685380429029465,0.1920170421295266,0.07146661931818182,2.2405014242927117,0.423664929593057,44.0
socofing:000449:left_little,000449,left_little,654,irregular,0.10,8091544937824197799,irregular:8091544937824197799:0.450000,0.0999755859375,0.9000244140625,0.06098382749326146,0.9390161725067385,8904.0,0.15282764569265309,0.12056001275777817,0.3663160780270955,0.0,8361.0,0.20882669537136705,0.11462073426948981,0.30486783877526613,0.1833931748311837,0.3363234062911135,0.20631732168508166,0.053151119331947855,0.16928240864481628,12.744875850528267,0.1529696016391514,8361.0,0.8298406898975372,0.2080126013298143,0.068328857421875,2.4770188521179697,0.4456685450058111,128.0,0.045733924211480356,0.16570445451510749,13.397615322674207,0.178774310822474,8361.0,0.751826211810112,0.1813904568332867,0.072265625,2.6468100954017935,0.4607259480341145,128.0,0.053151119331947855,0.16928240864481628,12.744875850528267,0.1529696016391514,8361.0,0.8298406898975372,0.2080126013298143,0.068328857421875,2.4770188521179697,0.4456685450058111,128.0
socofing:000449:left_little,000449,left_little,654,irregular,0.20,8091544937824197799,irregular:8091544937824197799:0.450000,0.20001220703125,0.79998779296875,0.14240790655884997,0.8575920934411501,8904.0,0.1378781561381492,0.10888367891311646,0.454719134273392,1.0,7636.0,0.1678889470927187,0.10340861710361188,0.24908328968046098,0.16545378736577898,0.2790728129910948,0.18613551078650137,0.05729338123222569,0.17973106615577086,12.418955466251356,0.18261775090335314,7636.0,0.7518895715475082,0.19461806734584308,0.07552083333333333,2.6473362971139323,0.4644157714944523,117.0,0.039020034184407054,0.1573976785131872,14.08712354467568,0.21423205063780595,7636.0,0.7333333194255829,0.12617937784528127,0.07849225427350427,3.0762829447923385,0.43526718639821343,117.0,0.04743379700111646,0.15963846759264727,13.23912109363935,0.18456580616393015,7636.0,0.7704351395368576,0.1603024463391986,0.08246527777777778,3.200029212084839,0.4601747257687358,117.0
socofing:000449:left_little,000449,left_little,654,irregular,0.30,8091544937824197799,irregular:8091544937824197799:0.450000,0.29998779296875,0.70001220703125,0.22899820305480684,0.7710017969451932,8904.0,0.14618499769288146,0.11519310623407364,0.4075160052693821,0.0,6865.0,0.2518572469045885,0.1096387482696611,0.3664967225054625,0.17542199723145774,0.397523670793882,0.19734974688539,0.02990884538113704,0.12391474041423048,15.242003524076587,0.21710413790711292,6865.0,0.7422992438077927,0.21684966168106656,0.07465720663265306,2.4887381702350204,0.42857993500470476,98.0,0.02805357077762017,0.1281117004824657,15.520118520435373,0.2171222931829775,6865.0,0.6675717532634735,0.17279554992927693,0.08115433673469388,2.801314004510157,0.4756544234341904,98.0,0.02990884538113704,0.12391474041423048,15.242003524076587,0.21710413790711292,6865.0,0.7422992438077927,0.21684966168106656,0.07465720663265306,2.4887381702350204,0.42857993500470476,98.0
socofing:000449:left_little,000449,left_little,654,irregular,0.40,8091544937824197799,irregular:8091544937824197799:0.450000,0.4000244140625,0.5999755859375,0.3258086253369272,0.6741913746630728,8904.0,0.14555617469070262,0.11486515402793884,0.39053910174174483,2.0,6003.0,0.18040979510244878,0.10916713101802697,0.2756954855905381,0.17466740962884314,0.30568049308678996,0.19650083583244854,0.05749234758497307,0.1806637153498594,12.40389957445801,0.18972492832287338,6003.0,0.771902784705162,0.21350234434721108,0.06924715909090909,2.3803698018582575,0.4216414820015241,88.0,0.03190352882287282,0.1431916554619943,14.961612773333767,0.23401535499287343,6003.0,0.6862726509571075,0.18260775080731395,0.06116832386363636,2.075441115219198,0.3639539066548563,88.0,0.029728703898364225,0.12861835734905372,15.2682402460127,0.22564103566937602,6003.0,0.7363459467887878,0.17017921148073842,0.07013494318181818,2.256572120059922,0.4449439787195171,88.0
socofing:000449:left_little,000449,left_little,654,irregular,0.50,8091544937824197799,irregular:8091544937824197799:0.450000,0.5,0.5,0.42576370170709793,0.5742362982929021,8904.0,0.12772328971425342,0.10045240819454193,0.3262367109083034,0.0,5113.0,0.2720516330921181,0.09579246728569007,0.39839624486602776,0.1532679476571041,0.4392724427928809,0.17242644111424213,0.02855225062139412,0.12176109899659458,15.443596529547909,0.22857769398948788,5113.0,0.7452999651432037,0.19644345136344254,0.06149704391891892,1.9089387432534033,0.30741087248680893,74.0,0.020512286232409662,0.10513206395749917,16.8798593188979,0.25913098052686445,5113.0,0.7553223371505737,0.15998449536288498,0.05727407094594594,1.8143355767217293,0.3217304879403887,74.0,0.02855225062139412,0.12176109899659458,15.443596529547909,0.22857769398948788,5113.0,0.7452999651432037,0.19644345136344254,0.06149704391891892,1.9089387432534033,0.30741087248680893,74.0
socofing:000449:left_little,000449,left_little,654,irregular,0.60,8091544937824197799,irregular:8091544937824197799:0.450000,0.5999755859375,0.4000244140625,0.5257187780772686,0.47428122192273137,8904.0,0.13184887951782312,0.10436490178108215,0.362146126938465,1.0,4223.0,0.21832820269950273,0.09888665963836736,0.3372010419133318,0.15821865542138777,0.37579919488515273,0.17799598734906125,0.044359894832489505,0.15288370430977627,13.530094921379277,0.17391994790528206,4223.0,0.8296452462673187,0.262980399400154,0.0786372950819672,2.147714333009918,0.4092096511594217,61.0,0.024698355389161777,0.1174589951961294,16.073319645213637,0.22970704999478758,4223.0,0.7794918566942215,0.17937768074470473,0.05699282786885246,1.8359403026210301,0.307595998721099,61.0,0.030227069385108277,0.12318804398224925,15.19603957075333,0.22301323751529223,4223.0,0.8044853508472443,0.1908412423114134,0.06128329918032787,1.8145757078717635,0.3314061710822051,61.0
socofing:000449:left_little,000449,left_little,654,irregular,0.70,8091544937824197799,irregular:8091544937824197799:0.450000,0.70001220703125,0.29998779296875,0.6242138364779874,0.37578616352201255,8904.0,0.1610261456060039,0.12654010951519012,0.32294934990469815,0.0,3346.0,0.2994620442319187,0.12076960920450293,0.44411237298266587,0.19323137472720467,0.484160191273162,0.2173852965681053,0.03856009027915963,0.14272647210743636,14.138619579721382,0.19778959177682362,3346.0,0.7476851791143417,0.15562540923505852,0.057890625,1.4746681504937809,0.29725141028316143,50.0,0.023951724641105253,0.11620798215461539,16.206632098006196,0.23956323673612426,3346.0,0.6801833510398865,0.1173020799527485,0.053671875,1.3099835191541507,0.2715268854282543,50.0,0.03856009027915963,0.14272647210743636,14.138619579721382,0.19778959177682362,3346.0,0.7476851791143417,0.15562540923505852,0.057890625,1.4746681504937809,0.29725141028316143,50.0
socofing:000449:left_little,000449,left_little,654,irregular,0.80,8091544937824197799,irregular:8091544937824197799:0.450000,0.79998779296875,0.20001220703125,0.7220350404312669,0.2779649595687331,8904.0,0.17558937428374885,0.1383587270975113,0.4428432150737898,2.0,2475.0,0.2513131313131313,0.13169203071281163,0.3878787878787879,0.21070724914049863,0.42747474747474745,0.2370456552830609,0.06066989402548809,0.1732183993404562,12.170267636546981,0.1828921022551473,2475.0,0.8727173805236816,0.1645020062446088,0.048639112903225805,1.1812575292974676,0.2574270022412844,31.0,0.032077121860830574,0.13692103623741805,14.938046059749832,0.23615045892958839,2475.0,0.6897584199905396,0.17613315514944444,0.049899193548387094,1.197906382241233,0.26790945586065135,31.0,0.04848338927499796,0.15826829006575574,13.144070280336164,0.18918794835208239,2475.0,0.771795853972435,0.2702386907539647,0.05859375,1.2972523875534019,0.27512694639782326,31.0
socofing:000449:left_little,000449,left_little,654,central_missing,0.10,8896248274145803893,central_missing:8896248274145803893:0.450000,0.0999755859375,0.9000244140625,0.011904761904761904,0.9880952380952381,8904.0,0.18168884354296386,0.14361178874969482,0.2872203414582458,0.0,8798.0,0.23357581268470107,0.13626663265722289,0.35496703796317347,0.21802661225155665,0.40122755171629915,0.24527993878300117,0.04046599632115376,0.15101853170383245,13.929097622910142,0.15688811716205642,8798.0,0.6802155077457428,0.32397777099328556,0.08087158203125,3.136847173933799,0.4986382344098743,128.0,0.03919358489525258,0.1582530519155907,14.067850113618512,0.11592456699130423,8798.0,0.6959060728549957,0.2237706719127593,0.086883544921875,3.289225731692289,0.5677939408386062,128.0,0.04046599632115376,0.15101853170383245,13.929097622910142,0.15688811716205642,8798.0,0.6802155077457428,0.32397777099328556,0.08087158203125,3.136847173933799,0.4986382344098743,128.0
socofing:000449:left_little,000449,left_little,654,central_missing,0.20,8896248274145803893,central_missing:8896248274145803893:0.450000,0.20001220703125,0.79998779296875,0.043575920934411504,0.9564240790655885,8904.0,0.15165703625527463,0.11972921341657639,0.33108634154809086,1.0,8516.0,0.1639267261625176,0.11374277719145597,0.2586895255988727,0.18198844350632956,0.29626585251291687,0.2047369989446207,0.04106092898558,0.1534860831868654,13.865712291313512,0.14654033956712628,8516.0,0.7394426167011261,0.3669015411104518,0.07691592261904762,2.9000387138171626,0.44370701733170026,126.0,0.03283335816634139,0.14962997233618475,14.836846957499404,0.17839989377738505,8516.0,0.6852755844593048,0.26034714577693197,0.07998511904761904,2.9374428541384,0.49123444092684254,126.0,0.04002516053302028,0.15347279344732181,13.976669175357069,0.14964486172368485,8516.0,0.7641983330249786,0.254569809549788,0.08141121031746032,3.0376109996554512,0.5437345473658727,126.0
socofing:000449:left_little,000449,left_little,654,central_missing,0.30,8896248274145803893,central_missing:8896248274145803893:0.450000,0.29998779296875,0.70001220703125,0.08411949685534591,0.9158805031446541,8904.0,0.1824644543436098,0.14413578808307648,0.33680853070212197,2.0,8155.0,0.19448191293684855,0.13684834075770738,0.29834457388105456,0.21895734521233182,0.3341508277130595,0.24632701336387328,0.08700096345116465,0.23690119325237577,10.604759379652025,0.09275113218392121,8155.0,0.8054000437259674,0.3107548887381809,0.0764553931451613,2.455946594481371,0.5361854677208019,124.0,0.042233375706063926,0.16828951576346637,13.743442041085057,0.13838988828647902,8155.0,0.6996209919452667,0.29735757495988935,0.07173009072580645,2.4139213202688965,0.45994915285889393,124.0,0.04709660856320279,0.1612130017915728,13.270103653831368,0.11551872587208208,8155.0,0.8996572196483612,0.36499045625523197,0.07409274193548387,2.493403793318025,0.4979219258991504,124.0
socofing:000449:left_little,000449,left_little,654,central_missing,0.40,8896248274145803893,central_missing:8896248274145803893:0.450000,0.4000244140625,0.5999755859375,0.15038185085354897,0.8496181491464511,8904.0,0.188057312077167,0.14842543005943298,0.310682037899491,2.0,7565.0,0.24309319233311302,0.14104298405787524,0.3722405816259088,0.2256687744926004,0.4117647058823529,0.2538773713041754,0.07095546865975665,0.20901484581822208,11.490141270954378,0.11067820537100999,7565.0,0.7620596140623093,0.21712220170619367,0.07979910714285714,2.593556327348875,0.48615601830082095,119.0,0.03892171800707214,0.16013232077381426,14.09807998194946,0.17198527235092095,7565.0,0.6428969502449036,0.23733217647925764,0.07927389705882353,2.664754266350448,0.48376188214500804,119.0,0.04821308432581261,0.16558910826342987,13.168350845959406,0.14722224575204773,7565.0,0.8179351687431335,0.3578214255526539,0.08262211134453781,2.6660098495917053,0.5538988460203929,119.0
socofing:000449:left_little,000449,left_little,654,central_missing,0.50,8896248274145803893,central_missing:8896248274145803893:0.450000,0.5,0.5,0.23955525606469003,0.7604447439353099,8904.0,0.18566373796516533,0.14575068652629852,0.3715151447782591,2.0,6771.0,0.23231428149460936,0.139247803473874,0.3733569635208979,0.22279648555819845,0.41869738591050065,0.2506460462529732,0.07782742059559765,0.21626474869082235,11.088673629684443,0.08780531905557226,6771.0,0.7761625498533249,0.20238012155803392,0.07092737268518519,2.2235247950041237,0.4588580893391323,108.0,0.03599901592579912,0.15308236231604597,14.437093710059518,0.16354336156198848,6771.0,0.6340491473674774,0.1524963687170075,0.0779079861111111,2.63382877228185,0.43078901891176313,108.0,0.04072937789544943,0.14908535075168317,13.900922233202586,0.15263335465864575,6771.0,0.7445913404226303,0.17958089372557143,0.07414641203703703,2.643574345534964,0.44283626232227924,108.0
socofing:000449:left_little,000449,left_little,654,central_missing,0.60,8896248274145803893,central_missing:8896248274145803893:0.450000,0.5999755859375,0.4000244140625,0.34299191374663074,0.6570080862533693,8904.0,0.13272585118598068,0.10551701486110687,0.45287729559664536,1.0,5850.0,0.18957264957264958,0.09954438838948551,0.2832478632478633,0.1592710214231768,0.3182905982905983,0.1791798991010739,0.02945718415877404,0.12337501080117674,15.308087701462664,0.1980493338118673,5850.0,0.7080440819263458,0.23665236791105018,0.08186323924731183,2.481554756453546,0.428303406982741,93.0,0.02812752849727062,0.13182783301314738,15.508684266386691,0.17996179258915004,5850.0,0.7057913243770599,0.1830332975332403,0.07228662634408602,2.152334137124123,0.3848352759030269,93.0,0.029052596553970238,0.12253232458208362,15.368150467962856,0.1437316876979221,5850.0,0.800188422203064,0.15218108062495622,0.0676663306451613,1.9324905904144347,0.3579518555445006,93.0
socofing:000449:left_little,000449,left_little,654,central_missing,0.70,8896248274145803893,central_missing:8896248274145803893:0.450000,0.70001220703125,0.29998779296875,0.46495956873315364,0.5350404312668464,8904.0,0.19981496552776432,0.1576509326696396,0.34394763488891267,0.0,4764.0,0.3623005877413938,0.14986122414582323,0.5094458438287154,0.2397779586333172,0.5463895885810244,0.2697502034624818,0.045208828619661044,0.15458622316131565,13.447767455781364,0.13664079503922735,4764.0,0.7847681641578674,0.20220361511934035,0.06854166666666667,2.0453840983553473,0.39475991057886717,75.0,0.030511877508987793,0.13343555681832842,15.15531067785139,0.1451360974121011,4764.0,0.6333356350660324,0.18749321500335575,0.06958333333333333,1.8645839308993295,0.38163965375337033,75.0,0.045208828619661044,0.15458622316131565,13.447767455781364,0.13664079503922735,4764.0,0.7847681641578674,0.20220361511934035,0.06854166666666667,2.0453840983553473,0.39475991057886717,75.0
socofing:000449:left_little,000449,left_little,654,central_missing,0.80,8896248274145803893,central_missing:8896248274145803893:0.450000,0.79998779296875,0.20001220703125,0.63196316262354,0.36803683737646,8904.0,0.17907763764303128,0.14203351736068726,0.1980512781611757,1.0,3277.0,0.3314006713457431,0.13430822823227342,0.4836740921574611,0.2148931651716375,0.5230393652731157,0.24175481081809216,0.05844600972326797,0.18195853021983735,12.33245134020046,0.07089256002725829,3277.0,0.7698950618505478,0.16431018028320873,0.074296875,1.519491063603092,0.3340921217910532,50.0,0.02630011925182938,0.12419688265780905,15.80042282297541,0.08780251072386289,3277.0,0.694689966738224,0.13610353970294697,0.059609375,1.2132121130849165,0.2587044630662225,50.0,0.03709457558374783,0.14217733260077023,14.306895935192879,0.07823754444288866,3277.0,0.7772702574729919,0.22167662505719246,0.06625,1.4961030675962577,0.29537743990409004,50.0
socofing:000449:left_little,000449,left_little,654,peripheral_only,0.10,4427748923221686672,peripheral_only:4427748923221686672:0.450000,0.0999755859375,0.9000244140625,0.09804582210242588,0.9019541778975741,8904.0,0.15210998949432405,0.1204894483089447,0.3646117694266433,2.0,8031.0,0.17731291246420122,0.11408249212074303,0.2751836633046943,0.18253198739318882,0.30842983439173205,0.20534848581733744,0.07621566141053625,0.20789650816977387,11.179557771473238,0.11046312892703972,8031.0,0.9130513370037079,0.3677417700703202,0.0799836189516129,2.6801823180319957,0.4839797257089023,124.0,0.04121077663941396,0.15860523992451053,13.84989200883476,0.16700288464312923,8031.0,0.7652289271354675,0.271920772063954,0.07774697580645161,2.7192693144523767,0.4783734199984932,124.0,0.04120224086936074,0.14470434952548158,13.85079163318009,0.18786532637400152,8031.0,0.922460287809372,0.2893666677420493,0.07573084677419355,2.7761013476070047,0.46257316354109657,124.0
socofing:000449:left_little,000449,left_little,654,peripheral_only,0.20,4427748923221686672,peripheral_only:4427748923221686672:0.450000,0.20001220703125,0.79998779296875,0.19508086253369272,0.8049191374663073,8904.0,0.12680957782912225,0.10014369338750839,0.4148164939763008,2.0,7167.0,0.18515417887540114,0.09510718337184168,0.28463792381749686,0.1521714933949467,0.319520022324543,0.17119293006931505,0.044317213067138345,0.15882206769423354,13.534275584695969,0.1812081934708052,7167.0,0.6996596902608871,0.22736881083684085,0.07488738738738739,2.520772788629906,0.4544927262327971,111.0,0.0261915361714035,0.1288553649276075,15.818390288294935,0.2178379760724178,7167.0,0.5766998827457428,0.20270758229731395,0.07098113738738739,2.496220397187681,0.4359585082464097,111.0,0.029213651737533913,0.12423178554828719,15.344141523611036,0.19748532843140518,7167.0,0.8056876361370087,0.1782210545728988,0.0762598536036036,2.41841054364547,0.4796457921303563,111.0
socofing:000449:left_little,000449,left_little,654,peripheral_only,0.30,4427748923221686672,peripheral_only:4427748923221686672:0.450000,0.29998779296875,0.70001220703125,0.2988544474393531,0.7011455525606469,8904.0,0.15758506671509973,0.12436223775148392,0.40709066137201844,2.0,6243.0,0.15345186609002082,0.1181888000363248,0.2434726894121416,0.18910208005811968,0.27855197821560146,0.21273984006538463,0.06460114839831686,0.19712082308663517,11.89759761592857,0.1469585790498556,6243.0,0.7684148997068405,0.1566766541354845,0.08113606770833333,2.450636883827913,0.4223241079233586,96.0,0.040113705084326615,0.1634723667449797,13.96707222751239,0.1851246926875949,6243.0,0.6216546148061752,0.17686227214187994,0.07132975260416667,2.1753562523418313,0.3863550825272945,96.0,0.037877214820767544,0.14513146078645772,14.21621962943375,0.2044368178098103,6243.0,0.7660627216100693,0.22241665053416856,0.07401529947916667,2.3710331208743756,0.40104219954153725,96.0
socofing:000449:left_little,000449,left_little,654,peripheral_only,0.40,4427748923221686672,peripheral_only:4427748923221686672:0.450000,0.4000244140625,0.5999755859375,0.402403414195867,0.597596585804133,8904.0,0.1274891697224583,0.1006256490945816,0.31341419787850916,1.0,5321.0,0.2631084382634843,0.09561687729184373,0.39466265739522643,0.15298700366694998,0.434692726931028,0.17211037912531874,0.031520360785859375,0.12998232904109622,15.014088201669004,0.15164006516535605,5321.0,0.7026132047176361,0.17043526797465886,0.06696428571428571,1.7272295897775591,0.38097864191358544,77.0,0.019274644949006277,0.10484213679972906,17.150136131788244,0.21338509844650902,5321.0,0.6042301952838898,0.11928617004218617,0.06615259740259741,1.9374331066927133,0.3545937358237875,77.0,0.02333747085199931,0.1093656910281279,16.319462114670223,0.21267074356347068,5321.0,0.7338235378265381,0.11934300368636697,0.06782670454545454,1.7481123108918308,0.39063948589172515,77.0
socofing:000449:left_little,000449,left_little,654,peripheral_only,0.50,4427748923221686672,peripheral_only:4427748923221686672:0.450000,0.5,0.5,0.5043800539083558,0.49561994609164417,8904.0,0.13325270125941394,0.10551609098911285,0.34506958286742595,0.0,4413.0,0.23725356900067981,0.09993952594456045,0.36233854520734193,0.15990324151129673,0.4040335372762293,0.1798911467002088,0.025790615820030813,0.11687332944496673,15.885382877942769,0.1877860808407027,4413.0,0.671527773141861,0.15178148016998425,0.07924107142857142,2.1227323468161514,0.40494525055563857,63.0,0.021320687170403595,0.11152069053323313,16.71198802013896,0.22737901755238102,4413.0,0.5883801728487015,0.13169121635728495,0.07291666666666667,2.072002130101087,0.3618137725455938,63.0,0.025790615820030813,0.11687332944496673,15.885382877942769,0.1877860808407027,4413.0,0.671527773141861,0.15178148016998425,0.07924107142857142,2.1227323468161514,0.40494525055563857,63.0
socofing:000449:left_little,000449,left_little,654,peripheral_only,0.60,4427748923221686672,peripheral_only:4427748923221686672:0.450000,0.5999755859375,0.4000244140625,0.6072551662174304,0.39274483378256964,8904.0,0.17456815211746327,0.13734696805477142,0.41017230453918757,0.0,3497.0,0.255075779239348,0.13092611408809746,0.40463254217901057,0.20948178254095598,0.44581069488132685,0.2356670053585754,0.04091740882520539,0.14762085976176578,13.880918766350032,0.14352571130270983,3497.0,0.738161250948906,0.16957585840473552,0.06481186224489796,1.4742132923201972,0.35788050786476755,49.0,0.029733602477791166,0.1340807522893429,15.267524691521546,0.18956446803546692,3497.0,0.6935297101736069,0.1438792991002063,0.06823979591836735,1.5822771677423548,0.3525296812787315,49.0,0.04091740882520539,0.14762085976176578,13.880918766350032,0.14352571130270983,3497.0,0.738161250948906,0.16957585840473552,0.06481186224489796,1.4742132923201972,0.35788050786476755,49.0
socofing:000449:left_little,000449,left_little,654,peripheral_only,0.70,4427748923221686672,peripheral_only:4427748923221686672:0.450000,0.70001220703125,0.29998779296875,0.7063117699910153,0.2936882300089847,8904.0,0.15626988391955238,0.12382586300373077,0.4942400881983996,1.0,2615.0,0.1938814531548757,0.11720241293966428,0.2875717017208413,0.18752386070346286,0.3216061185468451,0.2109643432913957,0.05948942782181443,0.17859937844381277,12.255602081640193,0.1610691006717485,2615.0,0.7801843136548996,0.22966051774889532,0.06532118055555555,1.554907690554245,0.3098686348962474,36.0,0.029986099840150958,0.13810083668386958,15.230800173365022,0.20229922506753928,2615.0,0.6044393330812454,0.17270441696075375,0.06499565972222222,1.5017816358100586,0.29303540858048666,36.0,0.02322005814899072,0.1125191254381012,16.341366970111324,0.21330277972921433,2615.0,0.6421347707509995,0.3085570101309178,0.0703125,1.7176459806297422,0.3268050109681431,36.0
socofing:000449:left_little,000449,left_little,654,peripheral_only,0.80,4427748923221686672,peripheral_only:4427748923221686672:0.450000,0.79998779296875,0.20001220703125,0.8050314465408805,0.19496855345911945,8904.0,0.16339476873523082,0.1287136971950531,0.37035737473641694,1.0,1736.0,0.266705069124424,0.12254607655142309,0.4014976958525346,0.19607372248227695,0.43894009216589863,0.22058293779256155,0.04615139069571842,0.1568212248642461,13.358152076959978,0.16565169081646156,1736.0,0.7219177335500717,0.15413628518621855,0.06640625,1.57584958873994,0.3493004642741289,22.0,0.026595812699116983,0.12487442191037852,15.751867342266772,0.17254800258089553,1736.0,0.6112701445817947,0.13361116561684125,0.07954545454545454,1.868826179264596,0.40053873256789424,22.0,0.0307476465340756,0.1275810173665461,15.12188120096033,0.12046020269523966,1736.0,0.7222910970449448,0.15492371570603078,0.07066761363636363,1.729474108672909,0.38365141447015816,22.0
socofing:000449:left_little,000449,left_little,654,central_only,0.10,13884670362483934691,central_only:13884670362483934691:0.450000,0.0999755859375,0.9000244140625,0.18396226415094338,0.8160377358490566,8904.0,0.2886382915583408,0.2282782644033432,0.08419113195696344,2.0,7266.0,0.2738783374621525,0.21647871866875565,0.44315992292870904,0.34636594987000907,0.4847233691164327,0.3896616936037602,0.11728897664666843,0.2733528716748587,9.30742802944035,0.08641304246198818,7266.0,0.9940967857837677,0.4166989452858709,0.07664695945945946,2.7916641550615338,0.6100625205276353,111.0,0.07001003602416461,0.2160238131030701,11.548396988786658,0.10517049081444575,7266.0,0.7735537141561508,0.3550409975017808,0.08277027027027027,2.8364123006091417,0.6232931212481062,111.0,0.11202588840498998,0.2660977754658849,9.506816032921344,0.07743412552414271,7266.0,0.9975167810916901,0.4568564180503368,0.08273507882882883,2.8263461971694563,0.5796550568953446,111.0
socofing:000449:left_little,000449,left_little,654,central_only,0.20,13884670362483934691,central_only:13884670362483934691:0.450000,0.20001220703125,0.79998779296875,0.36803683737646004,0.63196316262354,8904.0,0.2969121429551715,0.23435154557228088,0.11108080751430222,0.0,5627.0,0.2878976363959481,0.2226841072163786,0.4414430424737871,0.3562945715462058,0.4807179669450862,0.4008313929894815,0.10566393996260225,0.2586253745842514,9.76073199515868,0.08159729561360556,5627.0,0.9897808730602264,0.5086747078039516,0.07999320652173914,2.7661381510123144,0.5639349609716375,69.0,0.07402178521050623,0.220810603299755,11.306404450755107,0.13239196017260818,5627.0,0.8452603369951248,0.42870406587506427,0.09108922101449275,3.1215615034720114,0.6368128042537559,69.0,0.10566393996260225,0.2586253745842514,9.76073199515868,0.08159729561360556,5627.0,0.9897808730602264,0.5086747078039516,0.07999320652173914,2.7661381510123144,0.5639349609716375,69.0
socofing:000449:left_little,000449,left_little,654,central_only,0.30,13884670362483934691,central_only:13884670362483934691:0.450000,0.29998779296875,0.70001220703125,0.5519991015274034,0.4480008984725966,8904.0,0.2764649974270812,0.21986772119998932,0.19035261269882328,1.0,3989.0,0.3371772374028579,0.2073487480703109,0.5006267234895964,0.33175799691249747,0.5312108297819003,0.3732277465265596,0.10691646726500167,0.2476575517899472,9.70955399641116,0.1885971618349412,3989.0,0.9049351811408997,0.2857472067544897,0.07738095238095238,3.2821500190958233,0.6559308522291807,42.0,0.04883271553276053,0.16796437838601821,13.112891244133616,0.21785320582217316,3989.0,0.8744549937546253,0.18302665470809196,0.06882440476190477,3.13443338341971,0.5599786528578266,42.0,0.08602695617898111,0.22750814686027138,10.653654431118225,0.1657363508008061,3989.0,0.9924984872341156,0.43352806656383636,0.08305431547619048,3.2215940679736144,0.6570492524442886,42.0
socofing:000449:left_little,000449,left_little,654,central_only,0.40,13884670362483934691,central_only:13884670362483934691:0.450000,0.4000244140625,0.5999755859375,0.7035040431266847,0.2964959568733153,8904.0,0.22407972896189401,0.17639398574829102,0.41327482439098484,2.0,2640.0,0.2215909090909091,0.16805979672142052,0.3541666666666667,0.26889567475427284,0.3931818181818182,0.3025076340985569,0.10922411513859209,0.2497434187906258,9.61681464970267,0.20069339741635217,2640.0,0.7530071586370468,0.19240144516712718,0.0775390625,4.1045022488605465,0.7737267051503215,20.0,0.06294702565581024,0.19591351463600543,12.010247861563855,0.2577288756241467,2640.0,0.6897144019603729,0.176902980491226,0.067578125,3.714703293942552,0.7041516930866293,20.0,0.06034832484175153,0.18138349526985126,12.193347806135371,0.2231693529123761,2640.0,0.8465116024017334,0.1398679714469785,0.0796875,4.105378439025964,0.7628599862884073,20.0
socofing:000449:left_little,000449,left_little,654,central_only,0.50,13884670362483934691,central_only:13884670362483934691:0.450000,0.5,0.5,0.8174977538185085,0.18250224618149147,8904.0,0.1441482054025699,0.11314059048891068,0.5265030145638415,0.0,1625.0,0.15938461538461537,0.10811115405192742,0.2590769230769231,0.1729778464830839,0.2953846153846154,0.19460007729346937,0.027695162905789193,0.12483061057787675,15.575960759450918,0.35607461365340154,1625.0,0.601364403963089,0.10941748490420847,0.0390625,4.764653957211034,0.33981657142237165,7.0,0.03627828418311789,0.14820328907783215,14.403532615079,0.31308943238055836,1625.0,0.5650943219661713,0.11747143857808127,0.09375,5.730052816617609,0.9519168204989902,7.0,0.027695162905789193,0.12483061057787675,15.575960759450918,0.35607461365340154,1625.0,0.601364403963089,0.10941748490420847,0.0390625,4.764653957211034,0.33981657142237165,7.0
socofing:000449:left_little,000449,left_little,654,central_only,0.60,13884670362483934691,central_only:13884670362483934691:0.450000,0.5999755859375,0.4000244140625,0.8955525606469003,0.10444743935309975,8904.0,0.17640023005051422,0.1393975019454956,0.5323570814637475,2.0,930.0,0.2129032258064516,0.13230017253788567,0.3247311827956989,0.2116802760606171,0.3817204301075269,0.23814031056819424,0.07462620951995043,0.19883815796785456,11.271086168865834,0.3231933626918231,930.0,0.7385015785694122,0.22526180648472724,0.09375,1.9787439613526572,0.5333333333333333,1.0,0.03750985694853012,0.14829709305558153,14.258545921164718,0.3824622969178333,930.0,0.5879786312580109,0.11618215277213673,0.04296875,1.8405228758169931,0.24444444444444444,1.0,0.031186447668111905,0.1260517135743172,15.06034091289617,0.32751366150398115,930.0,0.6226411163806915,0.10988409521260474,0.0625,1.492167577413479,0.35555555555555557,1.0
socofing:000449:left_little,000449,left_little,654,central_only,0.70,13884670362483934691,central_only:13884670362483934691:0.450000,0.70001220703125,0.29998779296875,0.9466531895777179,0.053346810422282065,8904.0,0.18282153526941936,0.14402899146080017,0.46193640361583116,2.0,475.0,0.2505263157894737,0.13711615145206452,0.37684210526315787,0.21938584232330324,0.4231578947368421,0.2468090726137161,0.08228929372819883,0.21458961584066089,10.846566651185384,0.2852802797383362,475.0,0.7929036915302277,0.11448471724373706,nan,nan,nan,0.0,0.036692858955805964,0.14462461151574788,14.354184484959465,0.3981234817663891,475.0,0.6404125392436981,0.07816140877120757,nan,nan,nan,0.0,0.04146529325836781,0.14554764587628213,13.823152587745929,0.36548836716294547,475.0,0.6586429476737976,0.15497267483237248,nan,nan,nan,0.0
socofing:000449:left_little,000449,left_little,654,central_only,0.80,13884670362483934691,central_only:13884670362483934691:0.450000,0.79998779296875,0.20001220703125,0.9784366576819407,0.021563342318059342,8904.0,0.1263523708201117,0.1002795621752739,0.6491451455388874,1.0,192.0,0.09375,0.09476427811508377,0.171875,0.15162284498413406,0.203125,0.17057570060715077,0.07486633531968687,0.1875632795660446,11.257134249110983,0.3575024643134959,192.0,0.793580174446106,0.2676883395704947,nan,nan,nan,0.0,0.0352771277941856,0.13839631341397762,14.525067816443746,0.5178160001858291,192.0,0.5525102019309998,0.11362888047794334,nan,nan,nan,0.0,0.030215832496042122,0.12172205024398863,15.197654357211139,0.5451699656140926,192.0,0.573783814907074,0.07527028373197009,nan,nan,nan,0.0
socofing:000449:left_little,000449,left_little,654,disconnected_fragments,0.10,9396033427692865332,disconnected_fragments:9396033427692865332:0.450000,0.0999755859375,0.9000244140625,0.17239442946990116,0.8276055705300989,8904.0,0.2162050483356948,0.17072680592536926,0.18115773348479872,0.0,7369.0,0.28932012484733344,0.1621537862517711,0.4396797394490433,0.2594460580028338,0.4835120097706609,0.291876815253188,0.05447586027661888,0.17422769837155241,12.637959026982566,0.16677851830219037,7369.0,0.7714607119560242,0.23025189257002976,0.07191685267857142,2.2636519914734587,0.4766417865068849,112.0,0.04080207288629506,0.15853734064884134,13.893177726892514,0.1628047718571678,7369.0,0.7808340936899185,0.2249447193833073,0.07003348214285714,2.220135548994203,0.4460190122556012,112.0,0.05447586027661888,0.17422769837155241,12.637959026982566,0.16677851830219037,7369.0,0.7714607119560242,0.23025189257002976,0.07191685267857142,2.2636519914734587,0.4766417865068849,112.0
socofing:000449:left_little,000449,left_little,654,disconnected_fragments,0.20,9396033427692865332,disconnected_fragments:9396033427692865332:0.450000,0.20001220703125,0.79998779296875,0.3251347708894879,0.6748652291105122,8904.0,0.18876443044737387,0.14840111136436462,0.1807927525520297,1.0,6009.0,0.3311699117989682,0.1415733228355304,0.4786154102180063,0.2265173165368486,0.5150607422200033,0.25483198110395466,0.05983051374802961,0.19063219904929354,12.230772679756633,0.1439630155511897,6009.0,0.8979628384113312,0.17475317729786677,0.06422061011904762,2.217741541039068,0.40036899595188125,84.0,0.03566437267886882,0.14149668907852375,14.47765410631149,0.1853796157952223,6009.0,0.7539737224578857,0.1785354466126861,0.0675688244047619,2.391389251600389,0.38464781106675233,84.0,0.05112667941283268,0.16568528568562146,12.913524130140022,0.15496780720355016,6009.0,0.8497030138969421,0.20232444933354726,0.07593936011904762,2.7834104878051824,0.457443159804517,84.0
socofing:000449:left_little,000449,left_little,654,disconnected_fragments,0.30,9396033427692865332,disconnected_fragments:9396033427692865332:0.450000,0.29998779296875,0.70001220703125,0.47102425876010784,0.5289757412398921,8904.0,0.16391847975188253,0.1289079338312149,0.3719915266832955,1.0,4710.0,0.19532908704883228,0.1229388598139119,0.31719745222929935,0.19670217570225904,0.3573248407643312,0.2212899476650414,0.054673761878229886,0.17753532626320095,12.622210430510208,0.16098987321744662,4710.0,0.7459574192762375,0.1857226419989119,0.0757688492063492,2.3228700663252906,0.4758814212296757,63.0,0.03452614478497866,0.14893033663938,14.61851912588384,0.1928968360294884,4710.0,0.7176003158092499,0.17423890917428758,0.07651289682539683,2.454607072856341,0.4713103919313585,63.0,0.042772507062379034,0.1520360576941962,13.688352933146904,0.17155010404070892,4710.0,0.7381202429533005,0.21595413443279063,0.07862103174603174,2.4575991132159003,0.4704476810494085,63.0
socofing:000449:left_little,000449,left_little,654,disconnected_fragments,0.40,9396033427692865332,disconnected_fragments:9396033427692865332:0.450000,0.4000244140625,0.5999755859375,0.6046720575022462,0.3953279424977538,8904.0,0.16980405755792605,0.13407453894615173,0.41364529945417,0.0,3520.0,0.2715909090909091,0.12735304316844454,0.40738636363636366,0.20376486906951125,0.4465909090909091,0.22923547770320016,0.044248170166685946,0.15296369663609022,13.54104684354688,0.18128323444779113,3520.0,0.735712930560112,0.18051108566815988,0.07466517857142857,2.1856128846127527,0.36550419308724225,35.0,0.02928328652206889,0.13279037289744752,15.333801831361605,0.24120425313986765,3520.0,0.6234310567378998,0.23043939982327,0.0796875,2.366451147773029,0.4388349158020174,35.0,0.044248170166685946,0.15296369663609022,13.54104684354688,0.18128323444779113,3520.0,0.735712930560112,0.18051108566815988,0.07466517857142857,2.1856128846127527,0.36550419308724225,35.0
socofing:000449:left_little,000449,left_little,654,disconnected_fragments,0.50,9396033427692865332,disconnected_fragments:9396033427692865332:0.450000,0.5,0.5,0.7288858939802336,0.2711141060197664,8904.0,0.14007885827770616,0.11059494316577911,0.44502144018984646,0.0,2414.0,0.2191383595691798,0.10505914370827964,0.34051367025683515,0.1680946299332474,0.37655343827671917,0.1891064586749033,0.03615599620949301,0.1374929211015235,14.418196678093961,0.2625009925947065,2414.0,0.8500476777553558,0.11250461488950178,0.0778952205882353,2.5826429604460617,0.44657052496623995,17.0,0.03093957268731707,0.1347222167507814,15.094856887239743,0.2823920170618619,2414.0,0.5588921308517456,0.09925747824038894,0.0900735294117647,2.993265069360031,0.39308436621433895,17.0,0.03615599620949301,0.1374929211015235,14.418196678093961,0.2625009925947065,2414.0,0.8500476777553558,0.11250461488950178,0.0778952205882353,2.5826429604460617,0.44657052496623995,17.0
socofing:000449:left_little,000449,left_little,654,disconnected_fragments,0.60,9396033427692865332,disconnected_fragments:9396033427692865332:0.450000,0.5999755859375,0.4000244140625,0.8454627133872417,0.15453728661275834,8904.0,0.11947260499578115,0.09427272528409958,0.3824379246771925,2.0,1376.0,0.22819767441860464,0.08960445374683586,0.3241279069767442,0.14336712599493737,0.35247093023255816,0.1612880167443045,0.035516350020813096,0.13836669574253435,14.495716726026169,0.31632876091043066,1376.0,0.7191783636808395,0.13225126135308554,0.11363636363636363,5.551514324710565,0.5696793942810402,11.0,0.030239560931878462,0.1302658750913864,15.194245189329575,0.33256863507700335,1376.0,0.6083705425262451,0.06160872496790957,0.06605113636363637,2.0129078243562835,0.3165700176718804,11.0,0.03457795821717435,0.1373073816581001,14.612006548213262,0.29375113631686023,1376.0,0.7381635010242462,0.10554593428693372,0.08274147727272728,2.5260909708302752,0.33508988877291945,11.0
socofing:000449:left_little,000449,left_little,654,disconnected_fragments,0.70,9396033427692865332,disconnected_fragments:9396033427692865332:0.450000,0.70001220703125,0.29998779296875,0.9225067385444744,0.0774932614555256,8904.0,0.15277685269641417,0.11975173652172089,0.4105236036554249,0.0,690.0,0.1855072463768116,0.11458263952231061,0.2956521739130435,0.18333222323569698,0.3130434782608696,0.20624875114015911,0.048113751032190046,0.17128240310627482,13.17730783420071,0.25645326363830395,690.0,0.6395520567893982,0.04761611821386036,0.08984375,2.2567140259188454,0.4313041933191187,4.0,0.03992161368248612,0.15985287330720735,13.987919122936049,0.2727976213220536,690.0,0.6382870674133301,0.030544088783828575,0.0859375,2.0404946010789136,0.4142156102603864,4.0,0.048113751032190046,0.17128240310627482,13.17730783420071,0.25645326363830395,690.0,0.6395520567893982,0.04761611821386036,0.08984375,2.2567140259188454,0.4313041933191187,4.0
socofing:000449:left_little,000449,left_little,654,disconnected_fragments,0.80,9396033427692865332,disconnected_fragments:9396033427692865332:0.450000,0.79998779296875,0.20001220703125,0.9709119496855346,0.029088050314465375,8904.0,0.16470168609570046,0.1308319866657257,0.5108494723782631,1.0,259.0,0.3552123552123552,0.12352626457177535,0.44015444015444016,0.19764202331484054,0.4555984555984556,0.2223472762291956,0.03583694430100134,0.12292225796973844,14.45669028300913,0.4588595976339352,259.0,0.643519788980484,0.07560839363904952,nan,nan,nan,0.0,0.032616140212250275,0.12010181962753355,14.86567434580314,0.5390619605483591,259.0,0.6412237882614136,0.027367178671635302,nan,nan,nan,0.0,0.023768318120334687,0.10108182990643048,16.24001548473773,0.5673972897007323,259.0,0.5367796421051025,0.01141622190943634,nan,nan,nan,0.0
socofing:000449:left_little,000449,left_little,654,stripes,0.10,12381302078039422879,stripes:12381302078039422879:0.450000,0.0999755859375,0.9000244140625,0.020103324348607367,0.9798966756513926,8904.0,0.14590996076179438,0.11511174589395523,0.25661484093127995,1.0,8725.0,0.13810888252148998,0.1094324705713458,0.22441260744985672,0.17509195291415328,0.2532951289398281,0.1969784470284224,0.06318704625695487,0.19050547520205763,11.993719457008602,0.12651630160960126,8725.0,0.7607403248548508,0.35309975739036303,0.0845226377952756,2.732248546729119,0.5376742163708065,127.0,0.05449479641300071,0.1864343084339426,12.636449655584467,0.13065757961209937,8725.0,0.7529163211584091,0.3021914711285239,0.07852485236220473,2.8227442215137293,0.5039406879144769,127.0,0.06285291262393933,0.1874735380004675,12.01674592167435,0.10382423804861342,8725.0,0.8916691839694977,0.36903488472961393,0.08203125,3.0020837642529945,0.5715345431667371,127.0
socofing:000449:left_little,000449,left_little,654,stripes,0.20,12381302078039422879,stripes:12381302078039422879:0.450000,0.20001220703125,0.79998779296875,0.08917340521114106,0.910826594788859,8904.0,0.1881018731606825,0.14796093106269836,0.18238995496510702,2.0,8110.0,0.14266337854500616,0.14107640487051187,0.25141800246609125,0.225722247792819,0.28088779284833537,0.2539375287669214,0.0929241739643855,0.24748345447380357,10.318712908112381,0.07326526118976472,8110.0,0.760475680232048,0.35953105643003613,0.07740283613445378,2.402332829992014,0.49828150807119215,119.0,0.06380163282704615,0.2113093623636536,11.951682065656419,0.1165865431629906,8110.0,0.7450296580791473,0.25021397110806337,0.08153886554621849,2.6452655959130618,0.44794219368198923,119.0,0.06452508972810701,0.19744592228153338,11.902713828570164,0.1025378172212838,8110.0,0.7772261500358582,0.34653195928480257,0.07855173319327731,2.6847568676375935,0.46824179996817034,119.0
socofing:000449:left_little,000449,left_little,654,stripes,0.30,12381302078039422879,stripes:12381302078039422879:0.450000,0.29998779296875,0.70001220703125,0.1954177897574124,0.8045822102425876,8904.0,0.18555651022727634,0.14629089832305908,0.38204084616670164,1.0,7164.0,0.1587102177554439,0.13916738267045725,0.2702400893355667,0.2226678122727316,0.31351200446677835,0.250501288806823,0.060505461787624226,0.18546933229203533,12.182054201051711,0.09862941097554925,7164.0,0.7564997524023056,0.36821209581468395,0.07523287259615384,2.1836878844718672,0.4137955632900007,104.0,0.043304776060924345,0.17255850557481225,13.634642028956339,0.13518260093903792,7164.0,0.6546800434589386,0.24762536452837083,0.07083834134615384,2.158561155450005,0.3685680759968136,104.0,0.041834892347642254,0.14817598494760886,13.784613442325915,0.1335921271315323,7164.0,0.7562150210142136,0.2995498554449309,0.07342998798076923,2.258722621683321,0.402108625860781,104.0
socofing:000449:left_little,000449,left_little,654,stripes,0.40,12381302078039422879,stripes:12381302078039422879:0.450000,0.4000244140625,0.5999755859375,0.31143306379155433,0.6885669362084457,8904.0,0.14497164931543846,0.11445116251707077,0.34572928307861395,1.0,6131.0,0.1523405643451313,0.10872873698657887,0.2547708367313652,0.1739659791785262,0.29261131952373187,0.19571172657584196,0.05145083399920244,0.1750897847698089,12.88607581089771,0.13072126367362483,6131.0,0.7447244971990585,0.2280507854659081,0.075390625,2.304751652179101,0.3599459751518871,90.0,0.03308051619759602,0.14730063063288334,14.804277222144602,0.16255169471324077,6131.0,0.7145384848117828,0.2213794784855349,0.06948784722222222,1.928649100628277,0.3388127454822486,90.0,0.039939022966492585,0.14813925312502974,13.986025635376988,0.15254261744986045,6131.0,0.7740428894758224,0.2601903823047924,0.07256944444444445,2.0298308718109297,0.40016706850167877,90.0
socofing:000449:left_little,000449,left_little,654,stripes,0.50,12381302078039422879,stripes:12381302078039422879:0.450000,0.5,0.5,0.43643306379155433,0.5635669362084457,8904.0,0.15789165921431067,0.12495757639408112,0.43361550570449914,2.0,5018.0,0.17497010761259466,0.11841874441073301,0.2734157034675169,0.1894699910571728,0.30290952570745316,0.21315373993931944,0.067744851838972,0.1956370624176484,11.691237027100579,0.10543367854068968,5018.0,0.770771786570549,0.2667864682260652,0.0766858552631579,2.079337571110821,0.38747319421773574,76.0,0.03668271588027248,0.1533029868058495,14.35538517926997,0.1663248547977494,5018.0,0.6819066107273102,0.3048640020567487,0.0771484375,2.0698670446204406,0.3909858875528332,76.0,0.04040369502492321,0.1511879847397981,13.935789156925125,0.15044443050682013,5018.0,0.7236394733190536,0.3580661130246837,0.08434416118421052,2.5890948284583213,0.4349209322608318,76.0
socofing:000449:left_little,000449,left_little,654,stripes,0.60,12381302078039422879,stripes:12381302078039422879:0.450000,0.5999755859375,0.4000244140625,0.5679469901168014,0.4320530098831986,8904.0,0.18845073288064018,0.14874546229839325,0.42335143079182863,1.0,3847.0,0.25110475695347023,0.14133804966048014,0.3901741616844294,0.22614087945676822,0.43748375357421365,0.25440848938886423,0.056978178417111294,0.1762069908324421,12.442914391969717,0.14968808881324863,3847.0,0.7884927839040756,0.33254152696922007,0.06940104166666666,1.8728307161028688,0.35318417994190565,60.0,0.0311873013160921,0.14076030494130554,15.060222037691986,0.17505527580028857,3847.0,0.5816894471645355,0.23123011155334203,0.07434895833333334,2.775958015181473,0.37907759376407074,60.0,0.040847733230333194,0.14426797081471604,13.888320388346875,0.1647055416506949,3847.0,0.7209158837795258,0.18476768140741942,0.07096354166666667,2.0378356287112167,0.3593409308178618,60.0
socofing:000449:left_little,000449,left_little,654,stripes,0.70,12381302078039422879,stripes:12381302078039422879:0.450000,0.70001220703125,0.29998779296875,0.7020440251572327,0.29795597484276726,8904.0,0.13741425532374435,0.1085762083530426,0.45512401613164105,0.0,2653.0,0.2649830380701093,0.10306069149280826,0.37467018469656993,0.1648971063884932,0.419148134187712,0.18550924468705485,0.03190089382960022,0.12396892587890546,14.961971482962731,0.1714614054424393,2653.0,0.7228273004293442,0.18265105792953074,0.07068452380952381,1.7370823574606735,0.34104196887422206,42.0,0.02209749268243446,0.11198343922687035,16.55657001245125,0.22784966648170346,2653.0,0.6101121455430984,0.2559255472929645,0.058314732142857144,1.519082676820071,0.2713079109411466,42.0,0.03190089382960022,0.12396892587890546,14.961971482962731,0.1714614054424393,2653.0,0.7228273004293442,0.18265105792953074,0.07068452380952381,1.7370823574606735,0.34104196887422206,42.0
socofing:000449:left_little,000449,left_little,654,stripes,0.80,12381302078039422879,stripes:12381302078039422879:0.450000,0.79998779296875,0.20001220703125,0.8373764600179695,0.1626235399820305,8904.0,0.1291567482205166,0.1016768366098404,0.3730258464144368,0.0,1448.0,0.30870165745856354,0.09686756116538746,0.44060773480662985,0.15498809786461995,0.47928176795580113,0.17436161009769743,0.026872407616819253,0.11508177876348982,15.706934214768749,0.27197777281509217,1448.0,0.6459685862064362,0.18876850403834156,0.062890625,1.264310472777049,0.29269444115000043,10.0,0.01813723138842971,0.09711201234272995,17.41429006388065,0.2946652074313393,1448.0,0.6359730362892151,0.0776684181858739,0.055078125,1.089746046430637,0.22398200148215208,10.0,0.026872407616819253,0.11508177876348982,15.706934214768749,0.27197777281509217,1448.0,0.6459685862064362,0.18876850403834156,0.062890625,1.264310472777049,0.29269444115000043,10.0
socofing:000449:left_little,000449,left_little,654,severe_partial,0.10,2609861228890651045,severe_partial:2609861228890651045:0.200000,0.0999755859375,0.9000244140625,0.11713836477987422,0.8828616352201257,8904.0,0.18599775667960514,0.14650900661945343,0.23260963878922378,0.0,7861.0,0.2590001272102786,0.13949831750970385,0.39142602722299963,0.22319730801552615,0.4311156341432388,0.2510969715174669,0.04577171075996072,0.16206165289677155,13.394028551120066,0.1355903404899049,7861.0,0.7395001500844955,0.20501733509152753,0.07012038934426229,2.3558195397980355,0.4892116657201743,122.0,0.0320897017358929,0.14431082111076154,14.936343195220669,0.1689970095073201,7861.0,0.6951407343149185,0.2218733311263048,0.07329021516393443,2.538012881475305,0.48148849230830243,122.0,0.04577171075996072,0.16206165289677155,13.394028551120066,0.1355903404899049,7861.0,0.7395001500844955,0.20501733509152753,0.07012038934426229,2.3558195397980355,0.4892116657201743,122.0
socofing:000449:left_little,000449,left_little,654,severe_partial,0.20,2609861228890651045,severe_partial:2609861228890651045:0.200000,0.20001220703125,0.79998779296875,0.23146900269541779,0.7685309973045822,8904.0,0.1697749588822731,0.1341412216424942,0.31571404625701155,0.0,6843.0,0.23615373374251059,0.1273312191617048,0.3543767353499927,0.2037299506587277,0.39003361098933215,0.22919619449106865,0.049440902758848944,0.1635616641743706,13.059136079110052,0.123077246814979,6843.0,0.7168174088001251,0.2079136745087318,0.06913248697916667,2.2496086001303564,0.44497765680044105,96.0,0.04129040331503283,0.15713590986827444,13.841508750173352,0.16300773390340406,6843.0,0.6863696277141571,0.2154148622436455,0.069580078125,2.3713806680274243,0.4086842883007984,96.0,0.049440902758848944,0.1635616641743706,13.059136079110052,0.123077246814979,6843.0,0.7168174088001251,0.2079136745087318,0.06913248697916667,2.2496086001303564,0.44497765680044105,96.0
socofing:000449:left_little,000449,left_little,654,severe_partial,0.30,2609861228890651045,severe_partial:2609861228890651045:0.200000,0.29998779296875,0.70001220703125,0.3473719676549865,0.6526280323450135,8904.0,0.1770875129274101,0.13943147659301758,0.3668150421768156,0.0,5811.0,0.2323180175529169,0.1328156346955576,0.36826707967647565,0.21250501551289214,0.40870762347272416,0.23906814245200367,0.045376293175318216,0.1545755502751353,13.431709848560626,0.15912202952056348,5811.0,0.7523666620254517,0.2342023217282153,0.07189611486486487,2.293109705808703,0.39328676558032477,74.0,0.033726414066115325,0.14614015231699115,14.72029832368098,0.19027221689606683,5811.0,0.6468125879764557,0.19112869260609058,0.0733741554054054,2.49523575425399,0.40246794537636266,74.0,0.045376293175318216,0.1545755502751353,13.431709848560626,0.15912202952056348,5811.0,0.7523666620254517,0.2342023217282153,0.07189611486486487,2.293109705808703,0.39328676558032477,74.0
socofing:000511:right_index,000511,right_index,736,random_rectangles,0.10,6719810221072406168,random_rectangles:6719810221072406168:0.450000,0.0999755859375,0.9000244140625,0.05244554048499794,0.9475544595150021,12165.0,0.19434634116058536,0.1527356654405594,0.07975955764305831,0.0,11527.0,0.07582198316994881,0.14575975587043902,0.10471067927474625,0.23321560939270242,0.11807061681270062,0.2623675605667902,0.2399136857449769,0.4109833305220884,6.199449772343577,0.06729580503763105,11527.0,1.0,0.5383016037666106,0.058884899068322984,2.550224034432684,0.3524775049432715,161.0,0.24609255634803173,0.43437591935106806,6.089015223632903,0.06249256095820564,11527.0,1.0,0.43345733382327895,0.05883637422360249,2.3577393321502362,0.32911391809083096,161.0,0.2399136857449769,0.4109833305220884,6.199449772343577,0.06729580503763105,11527.0,1.0,0.5383016037666106,0.058884899068322984,2.550224034432684,0.3524775049432715,161.0
socofing:000511:right_index,000511,right_index,736,random_rectangles,0.20,6719810221072406168,random_rectangles:6719810221072406168:0.450000,0.20001220703125,0.79998779296875,0.11746814632141389,0.8825318536785861,12165.0,0.17372810033182864,0.13701878488063812,0.37337620256936493,0.0,10736.0,0.12481371087928465,0.1302960752488715,0.16970938897168406,0.20847372039819437,0.18815201192250372,0.23453293544796872,0.1298301534579767,0.2696622422635302,8.866244295729473,0.11279819596749315,10736.0,1.0,0.34510534751209454,0.05259576612903226,1.6412460893112688,0.24037382723325065,155.0,0.13479289534570466,0.2915712352055075,8.703329979599745,0.11578801905719296,10736.0,1.0,0.43797595078449464,0.05675403225806452,2.077562769776287,0.24620474252027985,155.0,0.1298301534579767,0.2696622422635302,8.866244295729473,0.11279819596749315,10736.0,1.0,0.34510534751209454,0.05259576612903226,1.6412460893112688,0.24037382723325065,155.0
socofing:000511:right_index,000511,right_index,736,random_rectangles,0.30,6719810221072406168,random_rectangles:6719810221072406168:0.450000,0.29998779296875,0.70001220703125,0.20748047677764078,0.7925195232223592,12165.0,0.18374679412592196,0.14581255614757538,0.5237451435959075,0.0,9641.0,0.1481174152058915,0.13781009559444143,0.21439684680012447,0.22049615295110633,0.237838398506379,0.24805817206999453,0.072821671582378,0.18931293998757112,11.37739356290969,0.17197910037812747,9641.0,0.9776285886764526,0.2996654320651313,0.04253771551724138,1.333459408941608,0.20387693960286143,145.0,0.06587474849307624,0.20033929507786552,11.81281029893669,0.18357722362298937,9641.0,0.9749113908037543,0.25816014637415413,0.046282327586206894,1.653728430061662,0.22013923849931794,145.0,0.072821671582378,0.18931293998757112,11.37739356290969,0.17197910037812747,9641.0,0.9776285886764526,0.2996654320651313,0.04253771551724138,1.333459408941608,0.20387693960286143,145.0
socofing:000511:right_index,000511,right_index,736,random_rectangles,0.40,6719810221072406168,random_rectangles:6719810221072406168:0.450000,0.4000244140625,0.5999755859375,0.2886970817920263,0.7113029182079738,12165.0,0.14901874940812973,0.11874599009752274,0.5806317309655625,0.0,8653.0,0.17057667860857506,0.11176406205609729,0.24072575985207442,0.17882249928975566,0.2683462382988559,0.2011753117009751,0.04971674655926678,0.1501893486227467,13.03497299129107,0.19623846517068072,8653.0,0.9494714131578803,0.19325645055032484,0.04296875,1.3431297527056567,0.19471658517108578,132.0,0.03882489275304172,0.14589231941083353,14.108897352600994,0.2057387510831811,8653.0,0.9206333123147488,0.2327000767486694,0.046342329545454544,1.5978789730950111,0.20588369951068142,132.0,0.04971674655926678,0.1501893486227467,13.03497299129107,0.19623846517068072,8653.0,0.9494714131578803,0.19325645055032484,0.04296875,1.3431297527056567,0.19471658517108578,132.0
socofing:000511:right_index,000511,right_index,736,random_rectangles,0.50,6719810221072406168,random_rectangles:6719810221072406168:0.450000,0.5,0.5,0.37542129058775175,0.6245787094122482,12165.0,0.19814097165350142,0.15725266933441162,0.5831367338341598,0.0,7598.0,0.1692550671229271,0.14860572874012606,0.24269544617004474,0.2377691659842017,0.27494077388786525,0.26749031173222687,0.055691524279240893,0.1563457783717205,12.542108952902764,0.17204640344072,7598.0,0.9474246799945831,0.17114897699948062,0.03715945512820513,1.0519649105276232,0.17073157971787903,117.0,0.0562754808779616,0.1821493793338887,12.49680785234543,0.21283837914589435,7598.0,0.8576881252229214,0.18599343232392276,0.03869524572649573,1.186797610509989,0.17629047630718814,117.0,0.055691524279240893,0.1563457783717205,12.542108952902764,0.17204640344072,7598.0,0.9474246799945831,0.17114897699948062,0.03715945512820513,1.0519649105276232,0.17073157971787903,117.0
socofing:000511:right_index,000511,right_index,736,random_rectangles,0.60,6719810221072406168,random_rectangles:6719810221072406168:0.450000,0.5999755859375,0.4000244140625,0.4776818742293465,0.5223181257706535,12165.0,0.18334244651767417,0.14630217850208282,0.6165762854941528,0.0,6354.0,0.14463330185709788,0.13750683488825563,0.21687126219704123,0.220010935821209,0.24645892351274787,0.2475123027988601,0.06267912023329654,0.1678889591121084,12.028771079358355,0.15971636041518306,6354.0,0.9605059018358588,0.2601116819311897,0.047377784653465344,1.309912729176938,0.22289196623728683,101.0,0.05239951106331591,0.1733781808129645,12.806727653730402,0.17569692065728187,6354.0,0.8591386005282402,0.20230949383128985,0.04610148514851485,1.4642267970194556,0.20377943487593592,101.0,0.06267912023329654,0.1678889591121084,12.028771079358355,0.15971636041518306,6354.0,0.9605059018358588,0.2601116819311897,0.047377784653465344,1.309912729176938,0.22289196623728683,101.0
socofing:000511:right_index,000511,right_index,736,random_rectangles,0.70,6719810221072406168,random_rectangles:6719810221072406168:0.450000,0.70001220703125,0.29998779296875,0.5971228935470613,0.4028771064529387,12165.0,0.16573138106220361,0.1328483670949936,0.6638576877281734,0.0,4901.0,0.15384615384615385,0.12429853579665272,0.22954499081820037,0.19887765727464435,0.2605590695776372,0.2237373644339749,0.047070413900591614,0.13620975652255057,13.272519828288868,0.16960321012724433,4901.0,0.9089634418487549,0.13305224599800303,0.04445213607594937,1.1669162998244882,0.20225326081914088,79.0,0.04251778478257839,0.14665692281060744,13.714293707189203,0.12469239014521939,4901.0,0.9430438876152039,0.11810506391744127,0.044600474683544306,1.1239129445081835,0.19876897491430393,79.0,0.047070413900591614,0.13620975652255057,13.272519828288868,0.16960321012724433,4901.0,0.9089634418487549,0.13305224599800303,0.04445213607594937,1.1669162998244882,0.20225326081914088,79.0
socofing:000511:right_index,000511,right_index,736,random_rectangles,0.80,6719810221072406168,random_rectangles:6719810221072406168:0.450000,0.79998779296875,0.20001220703125,0.7306206329634196,0.2693793670365804,12165.0,0.16667344086702038,0.13492605090141296,0.7066091002126784,1.0,3277.0,0.14830637778455905,0.12500508065026528,0.21696673787000306,0.20000812904042448,0.24595666768385718,0.22500914517047746,0.060849159202023814,0.15429455403671655,12.157454183615126,0.16277370902533111,3277.0,0.9352022409439087,0.20069203209425282,0.040392287234042555,0.9118199935501575,0.1853284548578976,47.0,0.03517697823520689,0.13243634448759065,14.537414699422195,0.1727723958364772,3277.0,0.8468544892966747,0.22818934580823527,0.04496343085106383,1.1962358151893138,0.20107147519574287,47.0,0.03307821516101573,0.10143751123403408,14.804579322100075,0.2543955389758763,3277.0,0.9500305047258735,0.10599042689013495,0.045545212765957445,1.149356140237808,0.19623916967214516,47.0
socofing:000511:right_index,000511,right_index,736,irregular,0.10,17235283765749923774,irregular:17235283765749923774:0.450000,0.0999755859375,0.9000244140625,0.05606247431154953,0.9439375256884505,12165.0,0.2114953490095203,0.16689865291118622,0.3644282631944025,0.0,11483.0,0.0918749455717147,0.15862151175714023,0.1343725507271619,0.2537944188114244,0.1502220674039885,0.28551872116285243,0.1043270253988127,0.263168177343128,9.816031751665578,0.1004612090999763,11483.0,0.9943101406097412,0.37179814145812734,0.044849537037037035,1.5310855583617433,0.24845191581300355,162.0,0.1389792760353355,0.3244527380285018,8.570499549581783,0.09364880053844912,11483.0,0.9980534911155701,0.26660911105398427,0.04914158950617284,1.7030989826986216,0.22982692941517716,162.0,0.1043270253988127,0.263168177343128,9.816031751665578,0.1004612090999763,11483.0,0.9943101406097412,0.37179814145812734,0.044849537037037035,1.5310855583617433,0.24845191581300355,162.0
socofing:000511:right_index,000511,right_index,736,irregular,0.20,17235283765749923774,irregular:17235283765749923774:0.450000,0.20001220703125,0.79998779296875,0.1604603370324702,0.8395396629675298,12165.0,0.17753196136731775,0.14031124114990234,0.4052312168024747,0.0,10213.0,0.14540291784979928,0.1331489710254883,0.22177616762949182,0.2130383536407813,0.25017135023989034,0.23966814784587892,0.06593471867591581,0.1790347966036959,11.808858424789488,0.13122740015436354,10213.0,0.999947190284729,0.2107798360323609,0.03794642857142857,1.2926318790132663,0.21874384949657305,154.0,0.06700884442607809,0.20190292976559168,11.738678714493263,0.14397013699368175,10213.0,0.999286949634552,0.2015218751051587,0.04892958603896104,1.9016053046522525,0.25329261612224657,154.0,0.06593471867591581,0.1790347966036959,11.808858424789488,0.13122740015436354,10213.0,0.999947190284729,0.2107798360323609,0.03794642857142857,1.2926318790132663,0.21874384949657305,154.0
socofing:000511:right_index,000511,right_index,736,irregular,0.30,17235283765749923774,irregular:17235283765749923774:0.450000,0.29998779296875,0.70001220703125,0.27209206740649405,0.727907932593506,12165.0,0.14427200344890923,0.11450815945863724,0.47395421237209023,2.0,8855.0,0.11880293619424054,0.10820400258668192,0.17910784867306606,0.1731264041386911,0.20485601355166572,0.19476720465602745,0.07036198159298583,0.19346529006819177,11.526619380778422,0.188061505677987,8855.0,0.9996657371520996,0.17231893515982555,0.038120567375886524,1.0525269858937736,0.17469270806302561,141.0,0.05276029186299713,0.17520062862456323,12.776928106590589,0.19048335435981173,8855.0,0.9966830611228943,0.1691155978261509,0.036208998226950354,1.2365723837365088,0.1637541327212962,141.0,0.062427563645019626,0.17681666349740788,12.046236139101453,0.17248059906307475,8855.0,0.9904694557189941,0.20590730529799775,0.03911790780141844,1.1973238344815318,0.18414077678529892,141.0
socofing:000511:right_index,000511,right_index,736,irregular,0.40,17235283765749923774,irregular:17235283765749923774:0.450000,0.4000244140625,0.5999755859375,0.38618988902589396,0.6138101109741061,12165.0,0.1630935818189745,0.1297990381717682,0.5390567222845328,0.0,7467.0,0.12695861791884291,0.12232018636423085,0.2008838891120932,0.19571229818276936,0.22619525914021696,0.22017633545561555,0.05245569279067921,0.15277000884455008,12.802073728008878,0.20866442858587966,7467.0,0.987249493598938,0.15043396229619516,0.035877403846153844,1.116967742361963,0.17412510314494897,130.0,0.04977966852477264,0.16922262935809068,13.029479996185751,0.2063770538324906,7467.0,0.9836084246635437,0.18263631588912377,0.04353966346153846,1.4968201120342077,0.19631454383778393,130.0,0.05245569279067921,0.15277000884455008,12.802073728008878,0.20866442858587966,7467.0,0.987249493598938,0.15043396229619516,0.035877403846153844,1.116967742361963,0.17412510314494897,130.0
socofing:000511:right_index,000511,right_index,736,irregular,0.50,17235283765749923774,irregular:17235283765749923774:0.450000,0.5,0.5,0.4973284011508426,0.5026715988491575,12165.0,0.14984575139303305,0.11977703124284744,0.5663537814847364,2.0,6115.0,0.1489779231398201,0.11238431354477478,0.2294358135731807,0.17981490167163966,0.25870809484873264,0.20229176438059457,0.06221217591881834,0.17065727965973276,12.061246086073414,0.19124774221090413,6115.0,0.9609951935708523,0.11421268283407733,0.035872993119266054,0.8552173428540035,0.1513547838562725,109.0,0.037667374548864985,0.1415977061808461,14.240346494722482,0.23836885420639548,6115.0,0.914887722581625,0.1317752943202126,0.03985091743119266,1.0805929386101538,0.17898165155908097,109.0,0.04945004089455952,0.1443630596594649,13.058333449105996,0.22984657620296678,6115.0,0.927606850862503,0.2136502790120115,0.04110521788990826,1.1447854977783918,0.18736184998379718,109.0
socofing:000511:right_index,000511,right_index,736,irregular,0.60,17235283765749923774,irregular:17235283765749923774:0.450000,0.5999755859375,0.4000244140625,0.6050965885737772,0.39490341142622276,12165.0,0.15361276339680627,0.12309850752353668,0.6446151255438659,2.0,4804.0,0.1540383014154871,0.1152095725476047,0.23105745212323064,0.18433531607616754,0.26519567027477103,0.20737723058568847,0.05564663469029322,0.15271948893972478,12.545610951141583,0.22931607687607966,4804.0,0.944865882396698,0.1939826440842322,0.04158653846153846,1.1053151730699449,0.17381050965632858,65.0,0.03551643551774525,0.1361577879406915,14.495706271460556,0.2665216720718477,4804.0,0.7453390350565314,0.12588658127345115,0.030048076923076924,0.7292536490818087,0.13252594809364163,65.0,0.04430478499485236,0.13427932698164852,13.535493666745102,0.26089461471002345,4804.0,0.9624814386479557,0.12688061472055903,0.029867788461538463,0.6893656608015731,0.13283202326900836,65.0
socofing:000511:right_index,000511,right_index,736,irregular,0.70,17235283765749923774,irregular:17235283765749923774:0.450000,0.70001220703125,0.29998779296875,0.7042334566378956,0.2957665433621044,12165.0,0.13553576834316228,0.10891436785459518,0.6349360493632289,0.0,3598.0,0.16926070038910507,0.10165182625737172,0.24763757643135076,0.16264292201179475,0.274041133963313,0.18297328726326909,0.0434838291718701,0.12909184775085888,13.616722190707893,0.2739093398694264,3598.0,0.8838337659835815,0.09294795407511486,0.047379032258064516,1.2352385320556218,0.2094145071837304,31.0,0.03600085595859315,0.12909814176269738,14.436871732973106,0.28086743688298077,3598.0,0.8153868895024061,0.08486492840270282,0.04813508064516129,1.2396781331410212,0.20775241489493113,31.0,0.0434838291718701,0.12909184775085888,13.616722190707893,0.2739093398694264,3598.0,0.8838337659835815,0.09294795407511486,0.047379032258064516,1.2352385320556218,0.2094145071837304,31.0
socofing:000511:right_index,000511,right_index,736,irregular,0.80,17235283765749923774,irregular:17235283765749923774:0.450000,0.79998779296875,0.20001220703125,0.8032881216605015,0.19671187833949855,12165.0,0.11308701409654609,0.09155593812465668,0.6591916940979333,0.0,2393.0,0.15921437526117843,0.08481526057240955,0.218972001671542,0.1357044169158553,0.24488090263267864,0.15266746903033718,0.03466457965874402,0.1112304423420818,14.601140616701652,0.30649641611249256,2393.0,0.9718082547187805,0.10194483015618519,0.04296875,1.0756686180438975,0.17098417987762426,15.0,0.025695368988994476,0.10795517577740954,15.901451414061842,0.32124715573230755,2393.0,0.7552337050437927,0.07064341609544872,0.03619791666666667,0.714166557860326,0.13657214190880923,15.0,0.03466457965874402,0.1112304423420818,14.601140616701652,0.30649641611249256,2393.0,0.9718082547187805,0.10194483015618519,0.04296875,1.0756686180438975,0.17098417987762426,15.0
socofing:000511:right_index,000511,right_index,736,central_missing,0.10,18438217823666092213,central_missing:18438217823666092213:0.450000,0.0999755859375,0.9000244140625,0.02342786683107275,0.9765721331689272,12165.0,0.16362282236584375,0.1292625516653061,0.0176485778432063,1.0,11880.0,0.08005050505050505,0.12271711677438282,0.10984848484848485,0.1963473868390125,0.12104377104377105,0.22089081019388906,0.27183216910426605,0.4481783647778497,5.656991493777356,0.04873728725208638,11880.0,1.0,0.37879809125922087,0.05224021084337349,2.5306903772330505,0.30796162521848125,166.0,0.21446300870247467,0.40221530056169713,6.686476055855347,0.05340956675007501,11880.0,1.0,0.3925978155018874,0.05506400602409638,2.6500187132019906,0.3303942513445047,166.0,0.20814052918164794,0.38484768649603956,6.81643345611822,0.04993710874876007,11880.0,1.0,0.43514187371082014,0.05574642319277109,2.3925041087542596,0.34288039518848684,166.0
socofing:000511:right_index,000511,right_index,736,central_missing,0.20,18438217823666092213,central_missing:18438217823666092213:0.450000,0.20001220703125,0.79998779296875,0.05967940813810111,0.9403205918618989,12165.0,0.11141099769182546,0.0882515013217926,0.0573084605050161,1.0,11439.0,0.07561849812046507,0.08355824826886911,0.0921409214092141,0.13369319723019057,0.0980854969840021,0.15040484688396435,0.2742117495880868,0.44697974709055804,5.619139402396291,0.06534281334458057,11439.0,1.0,0.4682777240575309,0.05859375,2.546695246447164,0.3441732210865762,162.0,0.256334681299065,0.4364858190220887,5.911926311241879,0.07271187500141846,11439.0,1.0,0.35321237007755546,0.06592399691358025,3.103487016900602,0.3486032818848691,162.0,0.2384345745019066,0.41369075352845963,6.2263076895416605,0.06841429633550612,11439.0,1.0,0.3857933148813949,0.060980902777777776,2.9933284848476625,0.3446225979941128,162.0
socofing:000511:right_index,000511,right_index,736,central_missing,0.30,18438217823666092213,central_missing:18438217823666092213:0.450000,0.29998779296875,0.70001220703125,0.11491985203452527,0.8850801479654747,12165.0,0.1536333051828669,0.12094494700431824,0.33412935352014617,0.0,10767.0,0.07643726200427231,0.11522497888715019,0.10532181666202285,0.1843599662194403,0.11581684777561066,0.20740496199687034,0.1287328764275845,0.29227209292142703,8.903105266952219,0.09110725140305946,10767.0,1.0,0.49521854327839954,0.053861177884615384,2.0320347337150864,0.26664255874334863,156.0,0.14829100834452028,0.32658965450593824,8.288851817076035,0.09403778198389356,10767.0,1.0,0.529808259053446,0.052358774038461536,2.0360329667317005,0.24865583961405824,156.0,0.1287328764275845,0.29227209292142703,8.903105266952219,0.09110725140305946,10767.0,1.0,0.49521854327839954,0.053861177884615384,2.0320347337150864,0.26664255874334863,156.0
socofing:000511:right_index,000511,right_index,736,central_missing,0.40,18438217823666092213,central_missing:18438217823666092213:0.450000,0.4000244140625,0.5999755859375,0.20353473078503906,0.796465269214961,12165.0,0.1942993390280039,0.15331019461154938,0.4311466097440233,2.0,9689.0,0.08050366394880792,0.14572450427100292,0.12271648260914439,0.2331592068336047,0.13974610382908453,0.26230410768780527,0.14978098769873344,0.31521495752246503,8.245433098778692,0.1062909431104226,9689.0,0.9937628507614136,0.30522572365182427,0.04258897569444445,1.2866556592280496,0.232084379904398,144.0,0.11434678880201951,0.28980379288761215,9.417760271669431,0.11454478350404776,9689.0,0.948061641305685,0.410652814943118,0.046196831597222224,1.576161615570908,0.21429540930472102,144.0,0.11427848866614244,0.26815414055086123,9.420355117990498,0.10140529872194409,9689.0,0.9823752040974796,0.4085346833695112,0.041422526041666664,1.2028820931187114,0.2046209024314035,144.0
socofing:000511:right_index,000511,right_index,736,central_missing,0.50,18438217823666092213,central_missing:18438217823666092213:0.450000,0.5,0.5,0.3265926839293054,0.6734073160706946,12165.0,0.20532508117321413,0.16164658963680267,0.4615631851359024,0.0,8192.0,0.085693359375,0.1539938108799106,0.1326904296875,0.24639009740785697,0.1549072265625,0.27718885958383904,0.07625498438476841,0.21549759663548684,11.177317635214798,0.13446083919949736,8192.0,0.9771783947944641,0.22279221535633123,0.04047131147540984,0.9516262020093798,0.18106779252638958,122.0,0.10439372811248748,0.27340130591420575,9.813255925977352,0.13010428937523222,8192.0,0.8405671715736389,0.24265114728420753,0.043481045081967214,1.1638053113951614,0.19380220720249422,122.0,0.07625498438476841,0.21549759663548684,11.177317635214798,0.13446083919949736,8192.0,0.9771783947944641,0.22279221535633123,0.04047131147540984,0.9516262020093798,0.18106779252638958,122.0
socofing:000511:right_index,000511,right_index,736,central_missing,0.60,18438217823666092213,central_missing:18438217823666092213:0.450000,0.5999755859375,0.4000244140625,0.4612412659268393,0.5387587340731608,12165.0,0.21163941149357046,0.1678733378648758,0.5268538436286349,0.0,6554.0,0.10573695453158377,0.15872955862017787,0.16631064998474215,0.2539672937922846,0.1902654867256637,0.2857132055163201,0.06730296074618158,0.19049096640464014,11.719658301676166,0.0904803891986585,6554.0,0.942401796579361,0.16472892634613417,0.03203125,0.6901721099847788,0.14316321679163166,105.0,0.06881520939946159,0.21917607872969183,11.623155642607978,0.10277130589587406,6554.0,0.8478319719433784,0.24471681256350059,0.037276785714285714,0.8979162270915634,0.16219215494174452,105.0,0.06730296074618158,0.19049096640464014,11.719658301676166,0.0904803891986585,6554.0,0.942401796579361,0.16472892634613417,0.03203125,0.6901721099847788,0.14316321679163166,105.0
socofing:000511:right_index,000511,right_index,736,central_missing,0.70,18438217823666092213,central_missing:18438217823666092213:0.450000,0.70001220703125,0.29998779296875,0.5959720509658858,0.4040279490341142,12165.0,0.20488761207054088,0.16417168080806732,0.690342120851753,0.0,4915.0,0.14140386571719227,0.15366570905290566,0.21586978636826043,0.24586513448464906,0.24598168870803663,0.27659827629523015,0.05917891155665733,0.1559814300830547,12.278330268280497,0.09716966477518452,4915.0,0.9865118265151978,0.16783372948284742,0.03505345394736842,0.816047982782839,0.1591543248075381,76.0,0.04185047134243682,0.15974791074060457,13.78299646385974,0.10861643186558932,4915.0,0.8835898339748383,0.23391399860330886,0.03685238486842105,0.8166658789818166,0.16266379971208897,76.0,0.05917891155665733,0.1559814300830547,12.278330268280497,0.09716966477518452,4915.0,0.9865118265151978,0.16783372948284742,0.03505345394736842,0.816047982782839,0.1591543248075381,76.0
socofing:000511:right_index,000511,right_index,736,central_missing,0.80,18438217823666092213,central_missing:18438217823666092213:0.450000,0.79998779296875,0.20001220703125,0.7306206329634196,0.2693793670365804,12165.0,0.1279111093488233,0.10410511493682861,0.7502156408915537,0.0,3277.0,0.1324382056759231,0.09593333201161747,0.18278913640524871,0.15349333121858794,0.20781202319194386,0.17267999762091144,0.033175518076598104,0.10238756726589424,14.791822863670403,0.1339438736585024,3277.0,0.9387730360031128,0.3856344768963482,0.045823317307692304,1.2653794705674766,0.20514514191839422,52.0,0.021872485875181088,0.10190383047589995,16.60101855255848,0.10704280216569094,3277.0,0.6347587704658508,0.4006810338569933,0.0478515625,1.2067158067668735,0.21048808224574136,52.0,0.033175518076598104,0.10238756726589424,14.791822863670403,0.1339438736585024,3277.0,0.9387730360031128,0.3856344768963482,0.045823317307692304,1.2653794705674766,0.20514514191839422,52.0
socofing:000511:right_index,000511,right_index,736,peripheral_only,0.10,4783606086217278467,peripheral_only:4783606086217278467:0.450000,0.0999755859375,0.9000244140625,0.12494862309905466,0.8750513769009454,12165.0,0.20063611649003632,0.1593925505876541,0.5269147240484798,0.0,10645.0,0.1600751526538281,0.15047708736752724,0.24499765147956787,0.2407633397880436,0.2720526068576797,0.27085875726154907,0.07874927008231254,0.19912812562419663,11.037534629439875,0.16961092199616415,10645.0,0.9806746244430542,0.2313430324555251,0.03349905303030303,1.0292528046790206,0.18861734913622907,165.0,0.06169887919217807,0.19468387282353303,12.097227251899918,0.19799902722176427,10645.0,0.9259157180786133,0.1735429707640266,0.04334753787878788,1.563267714301634,0.2554085311513388,165.0,0.07874927008231254,0.19912812562419663,11.037534629439875,0.16961092199616415,10645.0,0.9806746244430542,0.2313430324555251,0.03349905303030303,1.0292528046790206,0.18861734913622907,165.0
socofing:000511:right_index,000511,right_index,736,peripheral_only,0.20,4783606086217278467,peripheral_only:4783606086217278467:0.450000,0.20001220703125,0.79998779296875,0.23912864775996712,0.7608713522400329,12165.0,0.21076513067192662,0.16876761615276337,0.528309101985123,1.0,9256.0,0.16637856525496975,0.15807384800394497,0.24989196197061367,0.25291815680631197,0.28694900605012963,0.28453292640710093,0.05699667716303349,0.1580661551403739,12.441504624296698,0.19440046936220126,9256.0,0.9878209223970771,0.166543700298344,0.03348994755244755,1.1875090932946832,0.2362838408177371,143.0,0.04764895140978344,0.17243599446415497,13.219466522545249,0.19030926936023962,9256.0,0.9356015920639038,0.1959064125940991,0.03258850524475525,1.0012035038476006,0.17807600092966747,143.0,0.05020561166721341,0.1512512954644913,12.992477374387011,0.1804225838659606,9256.0,0.9660969078540802,0.25475351514837563,0.03868006993006993,1.2127947272125603,0.20741144222359661,143.0
socofing:000511:right_index,000511,right_index,736,peripheral_only,0.30,4783606086217278467,peripheral_only:4783606086217278467:0.450000,0.29998779296875,0.70001220703125,0.34681463214138925,0.6531853678586108,12165.0,0.15006001301285443,0.11990494281053543,0.5621179992664762,1.0,7946.0,0.16083564057387364,0.11254500975964084,0.24351875157311856,0.18007201561542535,0.2746035741253461,0.2025810175673535,0.05237321775713085,0.15580211551951395,12.80890742668381,0.1895323927886123,7946.0,0.9319810848683119,0.2448562934112084,0.036052766393442626,1.104916917404103,0.1728945969427354,122.0,0.03537557363534788,0.13868545739207055,14.512965090748242,0.20463606710118515,7946.0,0.8222983470186591,0.16864335668966163,0.035060194672131145,1.0171772583921554,0.15727210994860835,122.0,0.044662156538573035,0.13553543843311605,13.50060310593053,0.1877933093748112,7946.0,0.894266246818006,0.17287465510858163,0.037205430327868855,1.271253916423294,0.21340839567762795,122.0
socofing:000511:right_index,000511,right_index,736,peripheral_only,0.40,4783606086217278467,peripheral_only:4783606086217278467:0.450000,0.4000244140625,0.5999755859375,0.450308261405672,0.5496917385943281,12165.0,0.1807572902018465,0.14430712163448334,0.6362171896533112,1.0,6687.0,0.15477792732166892,0.13556796765138487,0.23747569911769104,0.21690874824221582,0.26663675788844027,0.24402234177249274,0.08816628060734977,0.20518380002751924,10.546974800172453,0.17551134021879575,6687.0,0.9836652278900146,0.24260840588934207,0.039304123711340205,1.2860586443625903,0.211522478765816,97.0,0.0398768018264536,0.15022492402708837,13.992796799697018,0.22089091455907628,6687.0,0.8416807055473328,0.20726112405244493,0.03374677835051546,1.0432848717621326,0.18052770531213205,97.0,0.045465988961855774,0.13538170797280724,13.423133578373243,0.20794335017608698,6687.0,0.9404169283807278,0.23915162169291843,0.03874033505154639,1.2923824878184142,0.22495715209186715,97.0
socofing:000511:right_index,000511,right_index,736,peripheral_only,0.50,4783606086217278467,peripheral_only:4783606086217278467:0.450000,0.5,0.5,0.5489519112207152,0.4510480887792848,12165.0,0.16985301289680943,0.13661828637123108,0.6189821281023716,1.0,5487.0,0.16256606524512485,0.12738975967260707,0.23728813559322035,0.20382361547617134,0.2682704574448697,0.2293015674106927,0.06434316431420531,0.17021493459348175,11.914975848638587,0.16816380007850432,5487.0,0.995707094669342,0.16752491398762262,0.0414379222972973,1.0633639715981267,0.20673473762453753,74.0,0.033539586286635996,0.13953314960921026,14.744422987525692,0.18236256288652844,5487.0,0.7416585050523281,0.14746180523653524,0.03505067567567568,0.8819926461279727,0.17945748161291672,74.0,0.04038917627734132,0.12786022425074683,13.937350040187521,0.18468647541464425,5487.0,0.8391108512878418,0.21340077292665718,0.040223817567567564,1.0878524434995287,0.2011886546713412,74.0
socofing:000511:right_index,000511,right_index,736,peripheral_only,0.60,4783606086217278467,peripheral_only:4783606086217278467:0.450000,0.5999755859375,0.4000244140625,0.6475955610357583,0.3524044389642417,12165.0,0.1388080560783791,0.11255934834480286,0.6756554338505677,0.0,4287.0,0.1621180312572895,0.1041060420587843,0.22929787730347562,0.16656966729405492,0.2549568462794495,0.18739087570581175,0.02787045427017031,0.10247695077450067,15.548559525130889,0.20685831779654226,4287.0,0.8533456325531006,0.27297017598410817,0.036458333333333336,0.88285269087284,0.16479163409059513,57.0,0.024671812858382502,0.11140305095989081,16.077989378444443,0.21288307778006446,4287.0,0.8029894828796387,0.2375852250592089,0.04420230263157895,1.2666175308585772,0.19702808375700642,57.0,0.02787045427017031,0.10247695077450067,15.548559525130889,0.20685831779654226,4287.0,0.8533456325531006,0.27297017598410817,0.036458333333333336,0.88285269087284,0.16479163409059513,57.0
socofing:000511:right_index,000511,right_index,736,peripheral_only,0.70,4783606086217278467,peripheral_only:4783606086217278467:0.450000,0.70001220703125,0.29998779296875,0.7448417591450883,0.2551582408549117,12165.0,0.16915582570397772,0.1367906630039215,0.6632793096616822,0.0,3104.0,0.13885309278350516,0.1268668692779833,0.20554123711340205,0.20298699084477329,0.2345360824742268,0.22836036470036988,0.05251882699845278,0.1372501774917275,12.796849823881216,0.1744776172305733,3104.0,0.9387549161911011,0.34612540503461126,0.04759457236842105,1.2492014848452766,0.22304288986893792,38.0,0.032801562354127484,0.13362855794095652,14.841054701414633,0.10762752547661614,3104.0,0.7175346612930298,0.3192133280293956,0.04266036184210526,1.0265418750765103,0.1936291901215994,38.0,0.05251882699845278,0.1372501774917275,12.796849823881216,0.1744776172305733,3104.0,0.9387549161911011,0.34612540503461126,0.04759457236842105,1.2492014848452766,0.22304288986893792,38.0
socofing:000511:right_index,000511,right_index,736,peripheral_only,0.80,4783606086217278467,peripheral_only:4783606086217278467:0.450000,0.79998779296875,0.20001220703125,0.8360049321824907,0.16399506781750928,12165.0,0.1412083159413254,0.11496689170598984,0.7690981241523173,0.0,1995.0,0.11528822055137844,0.10590623695599405,0.1619047619047619,0.1694499791295905,0.1849624060150376,0.19063122652078932,0.035259061116795554,0.10180259211021557,14.527292563368565,0.1347487009124163,1995.0,0.9426002502441406,0.5697437065700801,0.05625,1.4185878399498275,0.24974912629679158,25.0,0.025247350668182785,0.11158372229004188,15.977841878643474,0.0969700841338945,1995.0,0.7945826649665833,0.3821358559006881,0.06203125,1.5749371982274176,0.27904325572480787,25.0,0.035259061116795554,0.10180259211021557,14.527292563368565,0.1347487009124163,1995.0,0.9426002502441406,0.5697437065700801,0.05625,1.4185878399498275,0.24974912629679158,25.0
socofing:000511:right_index,000511,right_index,736,central_only,0.10,1192118566680651352,central_only:1192118566680651352:0.450000,0.0999755859375,0.9000244140625,0.1346485819975339,0.8653514180024661,12165.0,0.22140417822310002,0.17903028428554535,0.31926824734349424,0.0,10527.0,0.2086064405813622,0.16605313366732502,0.30284031537950035,0.26568501386772003,0.3348532345397549,0.298895640601185,0.14952404519913678,0.274823537433363,8.252889621381938,0.07066597872313626,10527.0,1.0,0.4693231029888735,0.0648332634228188,2.598957778738496,0.3798911402100139,149.0,0.1324718123016473,0.26366962267809396,8.778765222115265,0.08861640520170257,10527.0,1.0,0.4282452058395482,0.06386325503355705,2.402750686526116,0.3675466272352289,149.0,0.14952404519913678,0.274823537433363,8.252889621381938,0.07066597872313626,10527.0,1.0,0.4693231029888735,0.0648332634228188,2.598957778738496,0.3798911402100139,149.0
socofing:000511:right_index,000511,right_index,736,central_only,0.20,1192118566680651352,central_only:1192118566680651352:0.450000,0.20001220703125,0.79998779296875,0.26937936703658033,0.7306206329634197,12165.0,0.22139980808065848,0.178273007273674,0.35936651214837495,1.0,8888.0,0.19891989198919893,0.16604985606049386,0.2928667866786679,0.26567976969679025,0.33292079207920794,0.2988897409088889,0.1888701182013797,0.3199498465539436,7.238367478844329,0.06801737417721532,8888.0,0.9999212026596069,0.4205054506602082,0.06510416666666667,2.81276120693394,0.4329950391166852,126.0,0.12460325779600291,0.26114087733086555,9.044706027464215,0.09949141967205005,8888.0,0.9719438347965479,0.33574255757824023,0.06401909722222222,2.880807069193129,0.4399705246048072,126.0,0.12938753445854057,0.2534373434032372,8.88107562744964,0.08108013470397389,8888.0,0.999861478805542,0.37219244661731155,0.05505952380952381,2.220818590163713,0.38603669355582326,126.0
socofing:000511:right_index,000511,right_index,736,central_only,0.30,1192118566680651352,central_only:1192118566680651352:0.450000,0.29998779296875,0.70001220703125,0.40402794903411426,0.5959720509658857,12165.0,0.2667699596004925,0.21235233545303345,0.3459444237945556,0.0,7250.0,0.20386206896551723,0.20007746970036935,0.3180689655172414,0.3201239515205909,0.356,0.3601394454606648,0.12229371273603448,0.2545008612135104,9.125958699811717,0.13894702833918277,7250.0,0.9984026551246643,0.27149752072602423,0.05181525735294118,2.258530561438653,0.41933298864225393,102.0,0.11800879383386052,0.2677050815292349,9.280856285309964,0.14896302077230275,7250.0,0.9895889656618237,0.2438526740390249,0.050513174019607844,2.0659453272160313,0.37639342392432046,102.0,0.12229371273603448,0.2545008612135104,9.125958699811717,0.13894702833918277,7250.0,0.9984026551246643,0.27149752072602423,0.05181525735294118,2.258530561438653,0.41933298864225393,102.0
socofing:000511:right_index,000511,right_index,736,central_only,0.40,1192118566680651352,central_only:1192118566680651352:0.450000,0.4000244140625,0.5999755859375,0.5387587340731607,0.46124126592683934,12165.0,0.18195164588898083,0.14564412832260132,0.4707232566191633,1.0,5611.0,0.23970771698449475,0.13646373441673562,0.339689894849403,0.21834197506677697,0.37408661557654604,0.24563472195012415,0.10500196260783964,0.2246523544454897,9.788025833892128,0.22549492750115271,5611.0,0.9995334148406982,0.1407461739838683,0.054478236607142856,2.290697850939445,0.24830615430579858,56.0,0.07271622939907044,0.19224839977498162,11.38368648950458,0.2627734612003058,5611.0,0.9587787948548794,0.10930498494234028,0.07087053571428571,4.11276022655249,0.3354947728687933,56.0,0.09308177055258968,0.21436500905496253,10.311353643850243,0.23008451801428592,5611.0,0.9821787467226386,0.14862995857304323,0.052036830357142856,3.068475462927367,0.3620049648234384,56.0
socofing:000511:right_index,000511,right_index,736,central_only,0.50,1192118566680651352,central_only:1192118566680651352:0.450000,0.5,0.5,0.6734073160706946,0.3265926839293054,12165.0,0.17169323741354514,0.13625164330005646,0.4150927682893152,2.0,3973.0,0.259249937075258,0.12876992806015883,0.34885476969544427,0.20603188489625415,0.3808205386357916,0.23178587050828592,0.07654218128794947,0.19583679035937954,11.160991654741865,0.3719274912005813,3973.0,0.9865450253710151,0.2393214714843028,0.039963942307692304,1.815888699590095,0.22544596141706116,26.0,0.05860956580499587,0.1757562162017532,12.320314959736592,0.40154645968942665,3973.0,0.960784312337637,0.2113501066660371,0.04852764423076923,2.2597368355632086,0.26872458541047506,26.0,0.07212297996717325,0.18646056388860877,11.419263374604123,0.36706549820666057,3973.0,0.9905883660539985,0.2507283688900023,0.06310096153846154,2.7758386988799604,0.4339049741370466,26.0
socofing:000511:right_index,000511,right_index,736,central_only,0.60,1192118566680651352,central_only:1192118566680651352:0.450000,0.5999755859375,0.4000244140625,0.8041923551171394,0.19580764488286062,12165.0,0.1558390702481968,0.12366058677434921,0.44997603935082475,1.0,2382.0,0.24937027707808565,0.11687930268614759,0.3438287153652393,0.18700688429783616,0.37405541561712846,0.21038274483506564,0.07398076967166406,0.18989412759850624,11.30881154739768,0.3161934810245222,2382.0,0.960784312337637,0.21453080895227986,0.08072916666666667,3.2583020344835822,0.5350382438207372,6.0,0.0432845443994424,0.1497505914549305,13.636671493803627,0.37943049026371267,2382.0,0.960784312337637,0.1587582638442992,0.043619791666666664,1.5199356135748479,0.30878195750895227,6.0,0.0550128537084893,0.1634902749664137,12.595358260972327,0.375275260232021,2382.0,0.960784312337637,0.14919296031540286,0.013671875,0.4763930220680063,0.07448480109390741,6.0
socofing:000511:right_index,000511,right_index,736,central_only,0.70,1192118566680651352,central_only:1192118566680651352:0.450000,0.70001220703125,0.29998779296875,0.8930538429921907,0.1069461570078093,12165.0,0.14126601292174992,0.11299977451562881,0.4772046334848407,2.0,1301.0,0.3059185242121445,0.10594950969131244,0.40584166026133744,0.1695192155060999,0.43658724058416604,0.1907091174443624,0.04642056095368373,0.14379519878276018,13.332896157625338,0.33378332724534604,1301.0,0.9665049910545349,0.28000191874680297,nan,nan,nan,0.0,0.028606514121469678,0.11578334736667122,15.435350604067404,0.4117916692652164,1301.0,0.7963104993104935,0.1678274921231404,nan,nan,nan,0.0,0.03677097448348268,0.12911697726182747,14.344948605529131,0.40804510012101775,1301.0,0.8985975682735443,0.14761860348535533,nan,nan,nan,0.0
socofing:000511:right_index,000511,right_index,736,central_only,0.80,1192118566680651352,central_only:1192118566680651352:0.450000,0.79998779296875,0.20001220703125,0.9524866420057542,0.04751335799424583,12165.0,0.19727955079683657,0.15544110536575317,0.6379474077561132,1.0,578.0,0.3044982698961938,0.14795966309762743,0.4411764705882353,0.2367354609562039,0.49480968858131485,0.2663273935757293,0.07632899077200586,0.19234318902335779,11.173104798566637,0.26490976395270455,578.0,0.7969512343406677,0.16869254805022385,nan,nan,nan,0.0,0.033140918581207095,0.13345824429526873,14.796354582214303,0.30450761441712726,578.0,0.5183426439762115,0.15149906286884632,nan,nan,nan,0.0,0.027030617324389154,0.11506830960202795,15.681440357842826,0.26233250098061894,578.0,0.6182616353034973,0.1903761838666206,nan,nan,nan,0.0
socofing:000511:right_index,000511,right_index,736,disconnected_fragments,0.10,6757264781761097137,disconnected_fragments:6757264781761097137:0.450000,0.0999755859375,0.9000244140625,0.11557747636662556,0.8844225236333745,12165.0,0.1871865183631147,0.15034493803977966,0.48635396552364885,1.0,10759.0,0.19025931778046287,0.14038988877233602,0.27865043219630076,0.22462382203573764,0.30913653685286735,0.2527017997902048,0.09603811984962127,0.21911925349996714,10.175563507696054,0.11372000222582129,10759.0,0.9990037679672241,0.3475263259319074,0.04823477056962025,1.8736529853378434,0.2944900507958741,158.0,0.06430345689570223,0.18262081275693554,11.917656791695148,0.14708257051613977,10759.0,0.960784312337637,0.2473799364741918,0.04410601265822785,1.6268555705886991,0.2502680138990706,158.0,0.08511405216214922,0.18967734501037606,10.69998732833458,0.16307797671658175,10759.0,0.998549073934555,0.2110561689956491,0.049767602848101264,1.8557957346415264,0.28676370637995385,158.0
socofing:000511:right_index,000511,right_index,736,disconnected_fragments,0.20,6757264781761097137,disconnected_fragments:6757264781761097137:0.450000,0.20001220703125,0.79998779296875,0.23033292231812577,0.7696670776818743,12165.0,0.19252299805586207,0.15490157902240753,0.5489662807319762,0.0,9363.0,0.20516928334935383,0.14439224854189656,0.29029157321371357,0.23102759766703448,0.3253230802093346,0.25990604737541373,0.04986268441047297,0.14148712590139653,13.022243444990462,0.2123837611409895,9363.0,0.9664074182510376,0.18016902468965737,0.05655184659090909,2.2394239297021064,0.28510359544633757,132.0,0.043310230495809156,0.15710212915472296,13.63409504961184,0.1905629145374459,9363.0,0.904732346534729,0.20571438502979333,0.05128432765151515,2.1671813335642427,0.2856438891365594,132.0,0.04986268441047297,0.14148712590139653,13.022243444990462,0.2123837611409895,9363.0,0.9664074182510376,0.18016902468965737,0.05655184659090909,2.2394239297021064,0.28510359544633757,132.0
socofing:000511:right_index,000511,right_index,736,disconnected_fragments,0.30,6757264781761097137,disconnected_fragments:6757264781761097137:0.450000,0.29998779296875,0.70001220703125,0.3323468968351829,0.6676531031648171,12165.0,0.17321725461338774,0.13886214792728424,0.5935465882118992,1.0,8122.0,0.19921201674464417,0.1299129409600408,0.2884757448904211,0.20786070553606528,0.3193794631864073,0.23384329372807341,0.08856897326114034,0.20677459987282443,10.52718389866694,0.14459226805234185,8122.0,0.9586055241525173,0.30318988410134634,0.04668130165289256,1.7897247881601468,0.2776281549543346,121.0,0.04341433455475483,0.15038768030834704,13.62366851359322,0.18111016614365044,8122.0,0.8839470520615578,0.2434060035712609,0.05168517561983471,2.2799098371080633,0.29448374067150634,121.0,0.051992156060454195,0.14697397415107907,12.840621724540412,0.15878497755080237,8122.0,0.9697765111923218,0.20340633354914459,0.05229855371900827,2.0398593945975705,0.29510274405994763,121.0
socofing:000511:right_index,000511,right_index,736,disconnected_fragments,0.40,6757264781761097137,disconnected_fragments:6757264781761097137:0.450000,0.4000244140625,0.5999755859375,0.41808466913275794,0.581915330867242,12165.0,0.17282279961727856,0.13929398357868195,0.5662212884072885,1.0,7079.0,0.18011018505438622,0.12961709971295893,0.26387907896595564,0.2073873595407343,0.2969345952818195,0.23331077948332604,0.066227850163596,0.17179936202343482,11.789593424503336,0.1525907514038193,7079.0,0.9700973033905029,0.21842529576980582,0.04151785714285714,1.4842465198996235,0.22104424958235028,105.0,0.03702486437544358,0.14305209997945895,14.315065236535965,0.16921822035798395,7079.0,0.8725137701258063,0.24546892411691648,0.04966517857142857,1.901320667785035,0.3027287988357493,105.0,0.041512296517853216,0.1306710578537404,13.818232401834434,0.17596637457866823,7079.0,0.9253429155796766,0.27866530067303547,0.04241071428571429,1.5141312935735585,0.2929124414019771,105.0
socofing:000511:right_index,000511,right_index,736,disconnected_fragments,0.50,6757264781761097137,disconnected_fragments:6757264781761097137:0.450000,0.5,0.5,0.5168105219893137,0.48318947801068635,12165.0,0.18295018357174375,0.14673447608947754,0.5920687675427413,1.0,5878.0,0.22660768969037087,0.13721263767880784,0.3242599523647499,0.21954022028609252,0.35624362027900647,0.24698274782185406,0.060568996365089674,0.163645424868125,12.177496225842567,0.15556472307591696,5878.0,0.9903399343602359,0.29045067103158534,0.057291666666666664,2.3198848040833018,0.3886160845033208,84.0,0.03275708314605043,0.1298719911034138,14.846947769352168,0.19213141973129386,5878.0,0.8981339633464813,0.22349678217375443,0.047619047619047616,1.9955060731084322,0.26208437143233965,84.0,0.053800271050195685,0.14287598182633582,12.692155363167377,0.19630697005884484,5878.0,0.9974678754806519,0.18525759543941933,0.05268787202380952,2.0852475944981594,0.37171108547246784,84.0
socofing:000511:right_index,000511,right_index,736,disconnected_fragments,0.60,6757264781761097137,disconnected_fragments:6757264781761097137:0.450000,0.5999755859375,0.4000244140625,0.6263871763255241,0.3736128236744759,12165.0,0.17604448693901095,0.14280018210411072,0.6015981836222879,1.0,4545.0,0.2066006600660066,0.1320333652042582,0.29460946094609464,0.2112533843268131,0.33157315731573156,0.23766005736766477,0.060004855704815965,0.16001951728555056,12.2181360427501,0.22711766367572234,4545.0,0.9759524464607239,0.27994149429690285,0.05045021186440678,2.3549253183760404,0.3064896249811038,59.0,0.03546460881099985,0.13400162719710085,14.502048262330769,0.20505217879116125,4545.0,0.872963784262538,0.24005140263795818,0.04588188559322034,2.1188875426586544,0.30342672068750015,59.0,0.0433548380066853,0.12217569479378651,13.629624321584853,0.24686490964662314,4545.0,0.9031294882297516,0.3200503942158312,0.05038400423728814,2.0897459825552867,0.3394375743165632,59.0
socofing:000511:right_index,000511,right_index,736,disconnected_fragments,0.70,6757264781761097137,disconnected_fragments:6757264781761097137:0.450000,0.70001220703125,0.29998779296875,0.7316892725030826,0.2683107274969174,12165.0,0.1422818480242117,0.11469650268554688,0.5178523114204838,0.0,3264.0,0.14767156862745098,0.10671138601815876,0.21660539215686275,0.17073821762905403,0.23835784313725492,0.19208049483268574,0.04600774972767838,0.14022497036357356,13.37169007873031,0.22179683040982676,3264.0,0.8718397617340088,0.3397511991895255,0.055841619318181816,3.0966463223280063,0.4128431857819128,44.0,0.03409597663660342,0.13476094325095372,14.672968652189656,0.21685414794860183,3264.0,0.744406696408987,0.26730660829944625,0.04714133522727273,2.4147246846432036,0.35139382552338744,44.0,0.04600774972767838,0.14022497036357356,13.37169007873031,0.22179683040982676,3264.0,0.8718397617340088,0.3397511991895255,0.055841619318181816,3.0966463223280063,0.4128431857819128,44.0
socofing:000511:right_index,000511,right_index,736,disconnected_fragments,0.80,6757264781761097137,disconnected_fragments:6757264781761097137:0.450000,0.79998779296875,0.20001220703125,0.8221948212083847,0.17780517879161528,12165.0,0.0990337032918332,0.08048222213983536,0.39073850247837205,0.0,2163.0,0.14655570966250578,0.0742752774688749,0.21035598705501618,0.11884044395019984,0.22561257512713823,0.13369549944397477,0.029218934637399215,0.11382938382507293,15.343356230880206,0.31766027732997526,2163.0,0.8340948820114136,0.23037267009903992,0.038783482142857144,1.8404020177607532,0.27372885691144616,28.0,0.025191964522154296,0.11561869283537654,15.987379639880363,0.320043012313069,2163.0,0.6811978220939636,0.23128267292557583,0.044642857142857144,2.9412312482143834,0.26600766009039783,28.0,0.029218934637399215,0.11382938382507293,15.343356230880206,0.31766027732997526,2163.0,0.8340948820114136,0.23037267009903992,0.038783482142857144,1.8404020177607532,0.27372885691144616,28.0
socofing:000511:right_index,000511,right_index,736,stripes,0.10,3282340780359072338,stripes:3282340780359072338:0.450000,0.0999755859375,0.9000244140625,0.036004932182490755,0.9639950678175092,12165.0,0.19640711510941458,0.15484336018562317,0.15289589747773952,1.0,11727.0,0.09073079218896564,0.14730533633206094,0.13703419459367272,0.2356885381312975,0.15460049458514538,0.26514960539770965,0.18649729770655646,0.35965313637706026,7.2932745661472245,0.048359115418585764,11727.0,0.9999991655349731,0.7058714004853929,0.057855373475609755,2.277448074770497,0.3577923323915851,164.0,0.14376942398163575,0.32204629866757506,8.42333467277216,0.059472022596058494,11727.0,0.9999480247497559,0.6593283597205434,0.05294874237804878,2.157212714106659,0.2932583405744802,164.0,0.13337574808786135,0.2923095672214414,8.749231316573029,0.053754734653262616,11727.0,0.9999639987945557,0.6109203331041473,0.05745045731707317,2.4912489664797914,0.32064856595622704,164.0
socofing:000511:right_index,000511,right_index,736,stripes,0.20,3282340780359072338,stripes:3282340780359072338:0.450000,0.20001220703125,0.79998779296875,0.12988080558980683,0.8701191944101931,12165.0,0.16153444568485073,0.1281433254480362,0.321954435874797,1.0,10585.0,0.11771374586679263,0.12115083426363805,0.17364194615021256,0.19384133482182092,0.19055266887104394,0.2180715016745485,0.11619152375118304,0.26615668261537206,9.34825552860987,0.09324449622042669,10585.0,0.9962495565414429,0.5160407940851796,0.05120693108974359,2.329782817438872,0.3168262002825266,156.0,0.0966906751600824,0.250621911541114,10.146154072178483,0.1221336862782234,10585.0,0.9972190856933594,0.5003932249633419,0.05741686698717949,2.81137070390585,0.3188934985471404,156.0,0.10673811086047194,0.247364872052164,9.716804879680035,0.11784081033316263,10585.0,0.9999613761901855,0.5089710010156875,0.049729567307692304,2.1099177426038094,0.2540563869151236,156.0
socofing:000511:right_index,000511,right_index,736,stripes,0.30,3282340780359072338,stripes:3282340780359072338:0.450000,0.29998779296875,0.70001220703125,0.2386354295108919,0.7613645704891081,12165.0,0.1491237895660178,0.1184111014008522,0.433004494391131,2.0,9262.0,0.13053336212481106,0.11184284217451335,0.1890520405959836,0.17894854747922137,0.2130209458000432,0.20131711591412402,0.07794121013655617,0.20005500083688676,11.082328555160164,0.14876640282813622,9262.0,0.999916672706604,0.2981022044937791,0.05148381294964029,2.4105345872143316,0.27716299861945604,139.0,0.06402196489511354,0.1882971810438017,11.936710010758254,0.1757303616987033,9262.0,0.9998782277107239,0.2674343349123036,0.054069244604316544,2.3961505170705317,0.2461942349572272,139.0,0.07821185941701922,0.18930894543829668,11.067273890263198,0.17321821170001162,9262.0,0.9999880790710449,0.30234921558566125,0.05814410971223022,2.3320145158626158,0.29940428564201327,139.0
socofing:000511:right_index,000511,right_index,736,stripes,0.40,3282340780359072338,stripes:3282340780359072338:0.450000,0.4000244140625,0.5999755859375,0.3438553226469379,0.6561446773530621,12165.0,0.16484244952253221,0.1306721419095993,0.5199623626653046,1.0,7982.0,0.13580556251566023,0.12363183714189914,0.20734151841643697,0.19781093942703862,0.23264845903282386,0.22253730685541845,0.08537369864224807,0.2003121806382251,10.686759032436246,0.1528673316214145,7982.0,0.9997621178627014,0.12672555420592377,0.046875,1.784483572780308,0.2357372972172118,119.0,0.06683169695384722,0.19097592815727424,11.750175113686703,0.18500047552566595,7982.0,0.9998896718025208,0.14437259695764976,0.05173319327731092,1.8353347426802105,0.23879409723629286,119.0,0.06916972350488118,0.1776106958408786,11.600839603419113,0.18113332560676884,7982.0,0.9999733567237854,0.22978999639353082,0.04986213235294118,1.9757758031237935,0.27949875163549837,119.0
socofing:000511:right_index,000511,right_index,736,stripes,0.50,3282340780359072338,stripes:3282340780359072338:0.450000,0.5,0.5,0.4493218249075216,0.5506781750924784,12165.0,0.1629883265497673,0.13048987090587616,0.4666175314802638,1.0,6699.0,0.13703537841468877,0.12224124491232548,0.19376026272577998,0.19558599185972075,0.21450962830273176,0.22003424084218584,0.10236736132107259,0.2187607235131736,9.898384911888202,0.1722886846804857,6699.0,1.0,0.14160043014945506,0.05,2.08712900505317,0.31242071409601796,100.0,0.0800699151620148,0.20155643813853658,10.965306316487977,0.17881888012200634,6699.0,1.0,0.18309226178761234,0.06,2.641564898489357,0.29007095388851595,100.0,0.0836154585239359,0.18462389039060878,10.777134243430782,0.1754443169253756,6699.0,1.0,0.16825583886814524,0.0440234375,1.7683442483044063,0.2419219776260196,100.0
socofing:000511:right_index,000511,right_index,736,stripes,0.60,3282340780359072338,stripes:3282340780359072338:0.450000,0.5999755859375,0.4000244140625,0.55980271270037,0.44019728729963004,12165.0,0.142379112203582,0.11524538695812225,0.6390933146139826,2.0,5355.0,0.16414565826330532,0.1067843341526865,0.22931839402427637,0.1708549346442984,0.2552754435107376,0.19221180147483571,0.07071468611878924,0.17383620103779418,11.504903819881251,0.21556826322251715,5355.0,0.9586499929428101,0.23746435475399735,0.04887462797619048,1.8220318402109204,0.3390595648311875,84.0,0.038091244399228986,0.13390353924847162,14.191748391823037,0.22424270348702738,5355.0,0.8704117499291897,0.2157420528257656,0.04724702380952381,1.8365842218191633,0.27455310922658116,84.0,0.04526313839941302,0.1313825013544706,13.44255336764557,0.2193522771047378,5355.0,0.9261909686028957,0.27260143976313156,0.046549479166666664,1.7086710412861443,0.2636487567587427,84.0
socofing:000511:right_index,000511,right_index,736,stripes,0.70,3282340780359072338,stripes:3282340780359072338:0.450000,0.70001220703125,0.29998779296875,0.6720920674064941,0.3279079325935059,12165.0,0.13795262059143754,0.1116989254951477,0.6898159917183828,0.0,3989.0,0.1504136375031336,0.10346446544357815,0.22211080471296063,0.16554314470972506,0.24617698671346203,0.1862360377984407,0.03394623914619537,0.10647969093037395,14.692083335639715,0.33390316251405994,3989.0,0.8912460785359144,0.20089034194287084,0.05304276315789474,2.3274900526545776,0.2974972757339895,57.0,0.03185866932584455,0.12179238694663733,14.967723677850984,0.2818708068331632,3989.0,0.8645178657025099,0.1810922472097518,0.05263157894736842,2.326550984040666,0.25970110755156284,57.0,0.03394623914619537,0.10647969093037395,14.692083335639715,0.33390316251405994,3989.0,0.8912460785359144,0.20089034194287084,0.05304276315789474,2.3274900526545776,0.2974972757339895,57.0
socofing:000511:right_index,000511,right_index,736,stripes,0.80,3282340780359072338,stripes:3282340780359072338:0.450000,0.79998779296875,0.20001220703125,0.7866009042334566,0.21339909576654337,12165.0,0.12351193847292562,0.099697045981884,0.7411805555282645,1.0,2596.0,0.16563944530046226,0.09263395385469421,0.2218798151001541,0.14821432616751073,0.2384437596302003,0.16674111693844954,0.05259759736098425,0.1332605793815284,12.790340938063077,0.29810455443864703,2596.0,0.9883377552032471,0.10978855528809583,0.03759765625,1.5751363689143694,0.25219617507116954,40.0,0.032310144380583716,0.11440090203156793,14.906611012967879,0.32113758881718757,2596.0,0.817096408456564,0.20542336620366,0.049609375,2.4218750289575657,0.24525169605802577,40.0,0.03357945369417491,0.10086327860847931,14.739263736993172,0.3501521618987397,2596.0,0.8824745416641235,0.17839484861331645,0.05087890625,2.2575815687838454,0.26031691747729313,40.0
socofing:000511:right_index,000511,right_index,736,severe_partial,0.10,12230132017340396812,severe_partial:12230132017340396812:0.200000,0.0999755859375,0.9000244140625,0.12905877517468145,0.8709412248253185,12165.0,0.23067783689806443,0.18474677205085754,0.36555846838190725,1.0,10595.0,0.15601698914582351,0.17300837767354832,0.23227937706465313,0.27681340427767726,0.2594620103822558,0.3114150798123869,0.17248520241157347,0.316847108067121,7.632481573249562,0.07780414489671102,10595.0,0.9974215626716614,0.4544758498309796,0.056693412162162164,2.0722447859229813,0.3678758424270676,148.0,0.12444900749514244,0.2713199615225069,9.050085626239031,0.0908154965139749,10595.0,0.9680514745414257,0.41657802161427243,0.05379011824324324,2.032001254554957,0.3199656309079019,148.0,0.14004006646056244,0.2560572480327094,8.537476917984026,0.09767449343637642,10595.0,0.9990271925926208,0.4586692900207475,0.05661423141891892,2.082579153699295,0.36244429124060906,148.0
socofing:000511:right_index,000511,right_index,736,severe_partial,0.20,12230132017340396812,severe_partial:12230132017340396812:0.200000,0.20001220703125,0.79998779296875,0.24003288121660502,0.759967118783395,12165.0,0.2042955233660908,0.16327504813671112,0.4732234866417267,1.0,9245.0,0.16906435911303408,0.1532216425245681,0.23937263385613847,0.24515462803930899,0.269875608436993,0.2757989565442226,0.12948750908432272,0.24976007315829363,8.87772123454472,0.0983120076120198,9245.0,0.9999552071094513,0.29172172977229294,0.04967795801526718,1.9739945454106618,0.3578736119226919,131.0,0.10526359096327854,0.23635428554541582,9.777218185393828,0.09384394804239113,9245.0,0.9627129435539246,0.2475140578795207,0.04621898854961832,2.0188381506770265,0.2736102415974164,131.0,0.11169291019086228,0.22907582308010088,9.519743932470357,0.08891329246915114,9245.0,0.9994755983352661,0.3041653630466024,0.05239145992366412,2.16118013747651,0.35247610098918847,131.0
socofing:000511:right_index,000511,right_index,736,severe_partial,0.30,12230132017340396812,severe_partial:12230132017340396812:0.200000,0.29998779296875,0.70001220703125,0.3457459926017263,0.6542540073982737,12165.0,0.21702794837068962,0.1729789823293686,0.4906532418730123,1.0,7959.0,0.12928759894459102,0.1627709612780172,0.19399422037944467,0.26043353804482755,0.22553084558361602,0.2929877303004309,0.12927045659646402,0.2672011167377225,8.885007172167661,0.09709364335905737,7959.0,0.9815894365310669,0.49929447000454474,0.06014278017241379,2.6400777995463054,0.3983577427345692,116.0,0.09770418535061816,0.2446129191615757,10.100868320258954,0.11347863120163279,7959.0,0.9577288627624512,0.36215731072776053,0.05445177801724138,2.375714563243987,0.3728758565980513,116.0,0.10841257782120962,0.2477657272704395,9.649203288542715,0.09204142370293482,7959.0,0.9991494417190552,0.3036352109137972,0.053609913793103446,2.2718118271146843,0.38724435016144504,116.0
socofing:000545:right_middle,000545,right_middle,817,random_rectangles,0.10,10631010423952224304,random_rectangles:10631010423952224304:0.450000,0.0999755859375,0.9000244140625,0.037162162162162164,0.9628378378378378,11248.0,0.1805587215785358,0.1425488144159317,0.21259037111741774,2.0,10830.0,0.08596491228070176,0.13541904118390186,0.1312096029547553,0.216670465894243,0.14939981532779317,0.24375427413102332,0.15679752333537034,0.32812372667049355,8.046608014109992,0.06624959555076872,10830.0,0.9999998807907104,0.32859595067813313,0.061606413398692814,2.500561031152934,0.4295686652116836,153.0,0.11404689784384706,0.29091806255559594,9.429165233432478,0.07787831527766587,10830.0,0.9999730587005615,0.33484256017840264,0.05846609477124183,2.3970704896377106,0.3936704410814566,153.0,0.1090332466271109,0.26970012041508795,9.62441055957404,0.08585593744108802,10830.0,0.999952495098114,0.39331009819266144,0.05236417483660131,1.8401543930168196,0.3507115656277282,153.0
socofing:000545:right_middle,000545,right_middle,817,random_rectangles,0.20,10631010423952224304,random_rectangles:10631010423952224304:0.450000,0.20001220703125,0.79998779296875,0.08277027027027027,0.9172297297297297,11248.0,0.17525072649474183,0.13848303258419037,0.3949963999181714,0.0,10317.0,0.10768634292914607,0.13143804487105637,0.15217602016089948,0.21030087179369022,0.16739362217698944,0.23658848076790143,0.09959261606025464,0.2544104783828994,10.017728596000133,0.1152319325992985,10317.0,0.9842131724581122,0.22799395476128317,0.05611275337837838,2.3812271797253515,0.32012517365875215,148.0,0.10929968507529983,0.2783156986493847,9.613810893792682,0.11304593393732858,10317.0,0.9841361632570624,0.25113212689517117,0.046927787162162164,2.0750632689921518,0.2766568501610437,148.0,0.09959261606025464,0.2544104783828994,10.017728596000133,0.1152319325992985,10317.0,0.9842131724581122,0.22799395476128317,0.05611275337837838,2.3812271797253515,0.32012517365875215,148.0
socofing:000545:right_middle,000545,right_middle,817,random_rectangles,0.30,10631010423952224304,random_rectangles:10631010423952224304:0.450000,0.29998779296875,0.70001220703125,0.16065078236130867,0.8393492176386913,11248.0,0.17222287394302369,0.13606616854667664,0.4222272705267199,2.0,9441.0,0.13303675458108252,0.12916715545726776,0.20241499841118527,0.20666744873162837,0.23069590085795996,0.23250087982308193,0.0786593527897128,0.2144856399710708,11.04249631292821,0.14041730303381258,9441.0,0.9753712397068739,0.24022242489464826,0.051143973214285716,1.9441964199515984,0.35815429708892066,140.0,0.06504094997058683,0.20601921465431647,11.868131241795034,0.1499297487191794,9441.0,0.9128759494051337,0.18190118352738022,0.051534598214285715,2.062643147317806,0.3184530720062961,140.0,0.05814416025682313,0.17614507245885547,12.35493897368791,0.1732086502231199,9441.0,0.998635470867157,0.2213716964317111,0.045647321428571426,1.675588544982844,0.2702176189684873,140.0
socofing:000545:right_middle,000545,right_middle,817,random_rectangles,0.40,10631010423952224304,random_rectangles:10631010423952224304:0.450000,0.4000244140625,0.5999755859375,0.24866642958748222,0.7513335704125178,11248.0,0.14560919155600752,0.1152983009815216,0.448835411331158,1.0,8451.0,0.13939178795408827,0.10920689366700564,0.20388119749142114,0.17473102986720904,0.22577209797657083,0.19657240860061012,0.07656495350036291,0.20583494634827842,11.159699768994217,0.1584029814768656,8451.0,0.9648655652999878,0.313283152694438,0.045341435185185186,1.8790755369513523,0.29728257945329045,135.0,0.06195218247976775,0.19606231443822333,12.07943389494143,0.1625129718340091,8451.0,0.8776009008288383,0.21130038069828824,0.03828125,1.7043985632128849,0.22438645016672173,135.0,0.06893047217857226,0.1967342509578994,11.615887465479421,0.14285581900422037,8451.0,0.9755460005253553,0.14149692684743573,0.041608796296296297,1.5862604277365886,0.2645663086560343,135.0
socofing:000545:right_middle,000545,right_middle,817,random_rectangles,0.50,10631010423952224304,random_rectangles:10631010423952224304:0.450000,0.5,0.5,0.3475284495021337,0.6524715504978663,11248.0,0.14563969733978524,0.11536744982004166,0.4142372373817385,1.0,7339.0,0.15151928055593405,0.10922977300483892,0.2189671617386565,0.17476763680774227,0.24690012263251124,0.19661359140871004,0.08340462907239689,0.21053102920990474,10.788098447482588,0.1546554795158624,7339.0,0.9998948574066162,0.2734496391842898,0.04613248966942149,1.8430551822097876,0.28279244338745696,121.0,0.0617091230980029,0.18766335445047852,12.096506249744381,0.16257340752902213,7339.0,0.9871289725415409,0.2516668186154263,0.04016012396694215,1.807658014398685,0.21852143118750406,121.0,0.0686226730202476,0.18392220047652916,11.63532369122548,0.15275535007367588,7339.0,0.9943203926086426,0.25539998352675153,0.041709710743801656,1.7546100636039847,0.2539017897683112,121.0
socofing:000545:right_middle,000545,right_middle,817,random_rectangles,0.60,10631010423952224304,random_rectangles:10631010423952224304:0.450000,0.5999755859375,0.4000244140625,0.4564366998577525,0.5435633001422475,11248.0,0.1361273572217702,0.1080346405506134,0.4373165982406851,1.0,6114.0,0.15243702976774615,0.10209551791632765,0.21638861629048087,0.16335282866612424,0.2423945044160942,0.18377193224938973,0.07637938244017461,0.19633787394859845,11.170238574042914,0.17628509147601285,6114.0,0.9954248066060245,0.17894913196548592,0.04634046052631579,1.9621210561489424,0.31563988201158794,95.0,0.059864061228583544,0.18173027974341863,12.228338235911426,0.20610202737638234,6114.0,0.9532551150768995,0.16107854984641992,0.04860197368421053,2.042373707379407,0.31633468547393356,95.0,0.07049014531760599,0.18764846727948442,11.518715941197497,0.19012431001295158,6114.0,0.9798860549926758,0.2409131914397896,0.04473684210526316,1.6291776432876235,0.33590417619045154,95.0
socofing:000545:right_middle,000545,right_middle,817,random_rectangles,0.70,10631010423952224304,random_rectangles:10631010423952224304:0.450000,0.70001220703125,0.29998779296875,0.5796586059743954,0.42034139402560455,11248.0,0.15547030901949213,0.1236756220459938,0.5512443148813966,0.0,4728.0,0.17808798646362098,0.11660273176461912,0.25782571912013535,0.1865643708233906,0.29124365482233505,0.20988491717631438,0.058469435838026815,0.1683364427017557,12.330710965785514,0.22716223062194388,4728.0,0.9213668033480644,0.12026865170970552,0.046350279850746266,1.6617177532115255,0.3521402897531253,67.0,0.04817513715191509,0.16055428980640368,13.17177040258703,0.25946107933523355,4728.0,0.916528700850904,0.1442652855873253,0.038187966417910446,1.3372752420931757,0.2319771405902792,67.0,0.058469435838026815,0.1683364427017557,12.330710965785514,0.22716223062194388,4728.0,0.9213668033480644,0.12026865170970552,0.046350279850746266,1.6617177532115255,0.3521402897531253,67.0
socofing:000545:right_middle,000545,right_middle,817,random_rectangles,0.80,10631010423952224304,random_rectangles:10631010423952224304:0.450000,0.79998779296875,0.20001220703125,0.7129267425320057,0.2870732574679943,11248.0,0.18111019164917574,0.14412841200828552,0.5239696463614095,0.0,3229.0,0.16661505109941158,0.13583264373688184,0.25487767110560544,0.21733222997901094,0.29111179931867454,0.24449875872638727,0.06478898342466889,0.1731763002415095,11.884988343241648,0.21257844015003705,3229.0,0.9869111180305481,0.11133640148223131,0.04269622093023256,1.6439276649582815,0.37233661694413084,43.0,0.052843768340290295,0.17289661653511837,12.770062199931662,0.24408894843481263,3229.0,0.8193732891231775,0.1473720726061313,0.0501453488372093,2.225704725925945,0.3591172988394971,43.0,0.06478898342466889,0.1731763002415095,11.884988343241648,0.21257844015003705,3229.0,0.9869111180305481,0.11133640148223131,0.04269622093023256,1.6439276649582815,0.37233661694413084,43.0
socofing:000545:right_middle,000545,right_middle,817,irregular,0.10,17879203114612124564,irregular:17879203114612124564:0.450000,0.0999755859375,0.9000244140625,0.11388691322901849,0.8861130867709816,11248.0,0.21433324248474747,0.17157302796840668,0.42112269032873534,2.0,9967.0,0.1913313935988763,0.1607499318635606,0.28162937694391493,0.25719989098169693,0.3142369820407344,0.2893498773544091,0.10945102711689275,0.24618558688830236,9.607801585446035,0.1224554865358601,9967.0,0.9951718444935977,0.37918775006863686,0.05362215909090909,1.9088555515616805,0.3380557077441913,154.0,0.07707462570497817,0.21051437515139365,11.130885756466347,0.13386487895687285,9967.0,0.8801844120025635,0.3647607038887001,0.055423092532467536,2.029285292971969,0.3657588770170631,154.0,0.10691340372158331,0.2272309890703515,9.709678439268055,0.09710641071251745,9967.0,0.9919200837612152,0.38592512769354065,0.05593039772727273,2.16318702713757,0.3884275016737564,154.0
socofing:000545:right_middle,000545,right_middle,817,irregular,0.20,17879203114612124564,irregular:17879203114612124564:0.450000,0.20001220703125,0.79998779296875,0.22892958748221906,0.771070412517781,11248.0,0.20102031716166371,0.1598186045885086,0.4558853932217247,1.0,8673.0,0.17986855759252854,0.1507652378712478,0.26899573388677506,0.24122438059399648,0.3000115300357431,0.271377428168246,0.09385261466163852,0.22973394988150445,10.275536237639564,0.12610600668577682,8673.0,0.9744263291358948,0.2282303166761478,0.054717318702290074,1.8672056616894372,0.4122620079879356,131.0,0.07154713171404335,0.2037352007013502,11.45407772186979,0.162797650618791,8673.0,0.843312218785286,0.20542418566324683,0.05722208969465649,2.2017318548451725,0.3906717727180861,131.0,0.08799489705926701,0.20930794487597465,10.555425124323332,0.15530454861905826,8673.0,0.9681679010391235,0.27555938752816483,0.050721612595419845,2.0313314422721733,0.38420142150536457,131.0
socofing:000545:right_middle,000545,right_middle,817,irregular,0.30,17879203114612124564,irregular:17879203114612124564:0.450000,0.29998779296875,0.70001220703125,0.3381934566145092,0.6618065433854907,11248.0,0.15135741667008284,0.11985673010349274,0.49088833811834937,1.0,7444.0,0.1555615260612574,0.11351806250256213,0.22877485222998387,0.18162890000409943,0.2552391187533584,0.20433251250461185,0.06906521472446686,0.18768625658341773,11.607406336239796,0.22089131571704124,7444.0,1.0,0.18920666201180522,0.05515160891089109,2.0703004296726775,0.37270074836341455,101.0,0.057198914540620135,0.1781539943059068,12.4261221270159,0.2438025748754367,7444.0,1.0,0.13877389878795918,0.047107054455445545,1.8020013056083104,0.3467803175500043,101.0,0.06510247567738736,0.17775685462386542,11.864024960311163,0.2367024134825996,7444.0,1.0,0.15965244491260627,0.054726175742574254,2.1441717226207087,0.38950337125738266,101.0
socofing:000545:right_middle,000545,right_middle,817,irregular,0.40,17879203114612124564,irregular:17879203114612124564:0.450000,0.4000244140625,0.5999755859375,0.4433677098150782,0.5566322901849218,11248.0,0.18152561411717727,0.144182026386261,0.5272850735665221,1.0,6261.0,0.17345471969333973,0.13614421058788292,0.26305701964542405,0.21783073694061272,0.28877176169940905,0.24505957905818926,0.10254090883552265,0.22557233261324391,9.891028376611423,0.24327343216445657,6261.0,0.9844914665445685,0.10916797002511446,0.048753955696202535,1.9082464919635933,0.3496201393032918,79.0,0.06188050848487371,0.1849998842511569,12.084461262708686,0.2599676840404668,6261.0,0.8421637117862701,0.09687416338115834,0.049495648734177215,1.8953213877238675,0.3267342883652811,79.0,0.07548856543572366,0.19383178425932265,11.221188277649446,0.23258323809797735,6261.0,0.9614642262458801,0.12866206822170978,0.055626977848101264,1.9777950908700972,0.3929262401813878,79.0
socofing:000545:right_middle,000545,right_middle,817,irregular,0.50,17879203114612124564,irregular:17879203114612124564:0.450000,0.5,0.5,0.5457859174964438,0.4542140825035562,11248.0,0.16633054777982767,0.13219553232192993,0.5342747570483617,0.0,5109.0,0.1681346643178704,0.12474791083487076,0.26130358191426895,0.19959665733579324,0.29418672930123313,0.22454623950276734,0.06448388674049728,0.1737511467447814,11.90548793487735,0.3071121767555735,5109.0,0.9665534496307373,0.07998280370415416,0.045435855263157895,1.6095404716560042,0.3199427536345054,57.0,0.051594775531145706,0.16802677979327232,12.873942726531638,0.3236621009427369,5109.0,0.8453423772007227,0.07047286851221446,0.04029605263157895,1.311265937394002,0.27488034939843814,57.0,0.06448388674049728,0.1737511467447814,11.90548793487735,0.3071121767555735,5109.0,0.9665534496307373,0.07998280370415416,0.045435855263157895,1.6095404716560042,0.3199427536345054,57.0
socofing:000545:right_middle,000545,right_middle,817,irregular,0.60,17879203114612124564,irregular:17879203114612124564:0.450000,0.5999755859375,0.4000244140625,0.6444701280227596,0.3555298719772404,11248.0,0.17009154168071175,0.1364780217409134,0.4493567525974125,2.0,3999.0,0.21405351337834458,0.12756865626053382,0.2973243310827707,0.2041098500168541,0.32283070767691924,0.22962358126896087,0.07391410285152085,0.18974124551158017,11.31272690072688,0.3290314804627963,3999.0,0.9764074678532779,0.06623456319394663,0.026320684523809524,1.1751292476598802,0.16651469936299504,42.0,0.046915075613183206,0.1614618457360143,13.2868757938381,0.35257706661326743,3999.0,0.849906861782074,0.08138782119880104,0.034970238095238096,1.3648376594338008,0.19769381358512997,42.0,0.05802510266895138,0.16902549831088606,12.36384082435688,0.2956450119962261,3999.0,0.9122270047664642,0.11134233914075994,0.04678199404761905,1.797537445176834,0.3030820038209939,42.0
socofing:000545:right_middle,000545,right_middle,817,irregular,0.70,17879203114612124564,irregular:17879203114612124564:0.450000,0.70001220703125,0.29998779296875,0.7387091038406828,0.2612908961593172,11248.0,0.12525222062713046,0.09974116086959839,0.5115152359463141,0.0,2939.0,0.17182715209254848,0.09393916547034784,0.2480435522286492,0.15030266475255655,0.27696495406600885,0.1690904978466261,0.05055005368255002,0.15282045914856485,12.962783788658017,0.3880158905260556,2939.0,0.9307278385385871,0.12189422160777974,0.03995028409090909,1.078578678887203,0.19328879470996851,22.0,0.04243563366914698,0.14479172642721877,13.722693083463081,0.42107782039510727,2939.0,0.8350287079811096,0.06968533271919086,0.03355823863636364,0.8199708732642411,0.15238258679690017,22.0,0.05055005368255002,0.15282045914856485,12.962783788658017,0.3880158905260556,2939.0,0.9307278385385871,0.12189422160777974,0.03995028409090909,1.078578678887203,0.19328879470996851,22.0
socofing:000545:right_middle,000545,right_middle,817,irregular,0.80,17879203114612124564,irregular:17879203114612124564:0.450000,0.79998779296875,0.20001220703125,0.8300142247510669,0.1699857752489331,11248.0,0.11561742181807881,0.09224214404821396,0.47975059781485546,0.0,1912.0,0.1589958158995816,0.0867130663635591,0.24581589958158995,0.13874090618169457,0.26778242677824265,0.15608351945440638,0.05027716452533476,0.15304821151650655,12.986292231444821,0.4637892975735889,1912.0,0.8863116484135389,0.04377290650478431,0.014322916666666666,0.32367605700938995,0.06985556985556986,3.0,0.04212595886013605,0.14559775346019535,13.75450200709883,0.4641646122351115,1912.0,0.7640188336372375,0.054351160433347125,0.046875,1.211420944754278,0.2950807950807951,3.0,0.05027716452533476,0.15304821151650655,12.986292231444821,0.4637892975735889,1912.0,0.8863116484135389,0.04377290650478431,0.014322916666666666,0.32367605700938995,0.06985556985556986,3.0
socofing:000545:right_middle,000545,right_middle,817,central_missing,0.10,2300982819188305664,central_missing:2300982819188305664:0.450000,0.0999755859375,0.9000244140625,0.026137980085348508,0.9738620199146515,11248.0,0.20694709093867736,0.16347546875476837,0.22381147538352905,1.0,10954.0,0.14524374657659303,0.15521031820400802,0.20640861785649078,0.2483365091264128,0.22740551396750044,0.27937857276721445,0.14846845499638642,0.3027236719969616,8.283658108335992,0.09302745164994863,10954.0,0.999998927116394,0.4098857863064373,0.05876903044871795,2.1745211547616328,0.3808813597888379,156.0,0.13791688524218687,0.30368065144302164,8.603825596502045,0.09395118361453794,10954.0,0.9992213249206543,0.3414741362770998,0.057742387820512824,2.303138580924372,0.3514815897575719,156.0,0.14008300912448352,0.2828389617386761,8.536145377404136,0.08579361227128982,10954.0,0.9999983310699463,0.4349927065015001,0.06540464743589744,2.508944673987914,0.37118074490100345,156.0
socofing:000545:right_middle,000545,right_middle,817,central_missing,0.20,2300982819188305664,central_missing:2300982819188305664:0.450000,0.20001220703125,0.79998779296875,0.0669452347083926,0.9330547652916074,11248.0,0.11338028634221133,0.0895034447312355,0.29926413577357724,2.0,10495.0,0.11605526441162459,0.0850352147566585,0.1523582658408766,0.1360563436106536,0.1651262505955217,0.1530633865619853,0.12375598109434632,0.276046514036795,9.074338025479312,0.08103483890766724,10495.0,0.9999997615814209,0.23911206411338556,0.06403186274509803,2.401654219512532,0.33096563178942956,153.0,0.09262715681358355,0.24035524768340424,10.332616663936427,0.08866075307145413,10495.0,0.9999931454658508,0.2110741329938803,0.068218954248366,2.743433224647539,0.341873058884167,153.0,0.09286575882002791,0.23025243828279907,10.321443882316403,0.08360767217118842,10495.0,0.9999994039535522,0.22114609134726024,0.06597222222222222,2.3591007631915253,0.3611479570931515,153.0
socofing:000545:right_middle,000545,right_middle,817,central_missing,0.30,2300982819188305664,central_missing:2300982819188305664:0.450000,0.29998779296875,0.70001220703125,0.11397581792318634,0.8860241820768137,11248.0,0.15785825879320717,0.12491638958454132,0.34556423124116964,0.0,9966.0,0.1390728476821192,0.11839369409490536,0.18914308649407988,0.18942991055184857,0.21101745936183022,0.21310864937082966,0.0692905405813283,0.19793223969724508,11.593260504349256,0.10806217820398263,9966.0,0.9790846100077033,0.2333173937702229,0.06767314189189189,2.3973085655698774,0.38905373735071136,148.0,0.08977289735158943,0.24183445260049347,10.46854758068178,0.1085342513577549,9966.0,0.9851313820108771,0.24576208271485409,0.0591480152027027,2.1153164772089816,0.2941135258849736,148.0,0.0692905405813283,0.19793223969724508,11.593260504349256,0.10806217820398263,9966.0,0.9790846100077033,0.2333173937702229,0.06767314189189189,2.3973085655698774,0.38905373735071136,148.0
socofing:000545:right_middle,000545,right_middle,817,central_missing,0.40,2300982819188305664,central_missing:2300982819188305664:0.450000,0.4000244140625,0.5999755859375,0.18225462304409673,0.8177453769559033,11248.0,0.13957530904431406,0.11070841550827026,0.2681752452688187,2.0,9198.0,0.12263535551206783,0.10468148178323555,0.1725375081539465,0.1674903708531769,0.18754076973255054,0.18842666720982396,0.09186073334350896,0.23674799429135696,10.368700918402814,0.09435493542070829,9198.0,0.9803921561688185,0.24134230367671297,0.07440996503496504,2.6421660122086115,0.3822850040117191,143.0,0.08052545192951484,0.23104782764191414,10.940668291292738,0.08559182492345009,9198.0,0.9803921561688185,0.15793467674778072,0.07105004370629371,2.6905499453516195,0.35486175915607626,143.0,0.08738773259465375,0.22809902385513478,10.585495289259859,0.08238517857329848,9198.0,0.9895715708844364,0.2627116440499364,0.0657506555944056,2.331282282129126,0.3300345567528117,143.0
socofing:000545:right_middle,000545,right_middle,817,central_missing,0.50,2300982819188305664,central_missing:2300982819188305664:0.450000,0.5,0.5,0.2772937411095306,0.7227062588904694,11248.0,0.18161670212454917,0.1432482749223709,0.35635088772148166,2.0,8129.0,0.10653216877844754,0.13621252659341185,0.1580760241112068,0.21794004254945898,0.1776356255381966,0.24518254786814134,0.17874319037369263,0.33138155953881643,7.47770494642756,0.09642423676645982,8129.0,0.9999537467956543,0.2096000138154109,0.06489911417322834,2.021178054956841,0.31373768341581143,127.0,0.12466387120382334,0.28708790430650705,9.042593910301376,0.11190656963207171,8129.0,0.9425317645072937,0.2293736462279424,0.05840920275590551,1.772543579446507,0.2951439158472223,127.0,0.10858098660007538,0.2584513716896551,9.64246216529833,0.10343300633554477,8129.0,0.9784131040796638,0.2585562106760262,0.05204232283464567,1.5770072832951996,0.27639015225940655,127.0
socofing:000545:right_middle,000545,right_middle,817,central_missing,0.60,2300982819188305664,central_missing:2300982819188305664:0.450000,0.5999755859375,0.4000244140625,0.4173186344238976,0.5826813655761024,11248.0,0.1916357373708675,0.1512615978717804,0.43443439354182284,2.0,6554.0,0.1272505340250229,0.14372680302815063,0.19346963686298443,0.22996288484504102,0.22062862374122674,0.2587082454506711,0.1485625732645568,0.29905130885536324,8.280905867526675,0.10810190188085249,6554.0,0.9990845918655396,0.33411466725532835,0.04285714285714286,1.1497027765263845,0.211823377506434,105.0,0.0799370919160472,0.22613900997393355,10.972516552726422,0.11837095190865951,6554.0,0.7701082229614258,0.18579460373330278,0.0443452380952381,1.1907967791719318,0.21483350280709987,105.0,0.056836850858409324,0.17730455223324848,12.453699928962827,0.10994344517563398,6554.0,0.9012236585840583,0.24634671792750287,0.04776785714285714,1.1656268725972239,0.24100314669903455,105.0
socofing:000545:right_middle,000545,right_middle,817,central_missing,0.70,2300982819188305664,central_missing:2300982819188305664:0.450000,0.70001220703125,0.29998779296875,0.5630334281650071,0.4369665718349929,11248.0,0.1883095344150216,0.14955636858940125,0.3829417466846105,0.0,4915.0,0.15096642929806714,0.1412321508112662,0.2299084435401831,0.2259714412980259,0.2587995930824008,0.25421787146027913,0.06407045861537254,0.1858124333891415,11.933421673236886,0.1177906476430514,4915.0,0.9271243214607239,0.15038163367142035,0.0349025974025974,0.718198765877079,0.15210450701814934,77.0,0.06126155241388356,0.19705857852383732,12.128120020406971,0.11120119622258413,4915.0,0.9356216881424189,0.13549538085135082,0.037286931818181816,0.8069825843758642,0.1630840226788798,77.0,0.06407045861537254,0.1858124333891415,11.933421673236886,0.1177906476430514,4915.0,0.9271243214607239,0.15038163367142035,0.0349025974025974,0.718198765877079,0.15210450701814934,77.0
socofing:000545:right_middle,000545,right_middle,817,central_missing,0.80,2300982819188305664,central_missing:2300982819188305664:0.450000,0.79998779296875,0.20001220703125,0.7086593172119487,0.29134068278805125,11248.0,0.17616836730151678,0.1403678059577942,0.4789319972711231,0.0,3277.0,0.17271895025938358,0.13212627547613762,0.274641440341776,0.21140204076182018,0.305462313091242,0.23782729585704765,0.04879038821374021,0.14736881389245413,13.11665726294079,0.14150836219214977,3277.0,0.9633487462997437,0.13198151371482494,0.039921875,0.8067436387249937,0.1612121522021158,50.0,0.0447204092335124,0.15848926939836855,13.49494230903318,0.16111791947633958,3277.0,0.9037055866792798,0.200603223682036,0.0390625,0.7797654810116998,0.15703154846686807,50.0,0.04879038821374021,0.14736881389245413,13.11665726294079,0.14150836219214977,3277.0,0.9633487462997437,0.13198151371482494,0.039921875,0.8067436387249937,0.1612121522021158,50.0
socofing:000545:right_middle,000545,right_middle,817,peripheral_only,0.10,16311918964207148330,peripheral_only:16311918964207148330:0.450000,0.0999755859375,0.9000244140625,0.11859886201991465,0.8814011379800853,11248.0,0.19440404118554322,0.15480752289295197,0.48765536200052306,0.0,9914.0,0.19406899334274763,0.1458030308891574,0.2798063344764979,0.2332848494226518,0.30966310268307445,0.2624454556004833,0.06754172062516516,0.18257185710983534,11.704278799088339,0.15170542923123867,9914.0,0.943687854334712,0.24869472229575226,0.05006638071895425,1.7676055948753209,0.31492408408117256,153.0,0.057726395605699324,0.1829600328962492,12.386255586874872,0.15836983494632798,9914.0,0.946037407964468,0.302599554558451,0.0442453022875817,1.6694505633048429,0.27306245055500633,153.0,0.06754172062516516,0.18257185710983534,11.704278799088339,0.15170542923123867,9914.0,0.943687854334712,0.24869472229575226,0.05006638071895425,1.7676055948753209,0.31492408408117256,153.0
socofing:000545:right_middle,000545,right_middle,817,peripheral_only,0.20,16311918964207148330,peripheral_only:16311918964207148330:0.450000,0.20001220703125,0.79998779296875,0.22581792318634425,0.7741820768136558,11248.0,0.18219783100412335,0.14405502378940582,0.42308214281887413,1.0,8708.0,0.1443500229673863,0.1366483732530925,0.22381717960496095,0.21863739720494801,0.25424896646761597,0.2459670718555665,0.0774878126258693,0.2065380247565201,11.107665984685225,0.16603655555920957,8708.0,0.950811356306076,0.2579168814131877,0.042728365384615385,1.2786663308693071,0.22994546516067965,130.0,0.06090944256748363,0.19801276708411059,12.153153750671828,0.17672163143880748,8708.0,0.9377032499760389,0.22546612154098855,0.04576322115384615,1.5282214892400265,0.23608682216813806,130.0,0.06281687439535562,0.18501945001834239,12.019236767662353,0.15150108974508936,8708.0,0.9313198328018188,0.3458919344503604,0.04047475961538462,1.2437865432321416,0.238546750847872,130.0
socofing:000545:right_middle,000545,right_middle,817,peripheral_only,0.30,16311918964207148330,peripheral_only:16311918964207148330:0.450000,0.29998779296875,0.70001220703125,0.33881578947368424,0.6611842105263157,11248.0,0.20554708601524282,0.16208837926387787,0.47679890327236113,0.0,7437.0,0.1464300121016539,0.1541603145114321,0.23329299448702434,0.24665650321829138,0.2675810138496706,0.2774885661205778,0.0634314087098411,0.17747034779353463,11.976956435116165,0.1590328593962498,7437.0,0.9847572445869446,0.20856878602748288,0.041015625,1.2838181609455266,0.2319523339049732,112.0,0.06381046825420485,0.20183303935423993,11.951080684246055,0.19304777301770829,7437.0,0.786458014510572,0.1326562631795258,0.042933872767857144,1.2337379317951946,0.2471303850145128,112.0,0.0634314087098411,0.17747034779353463,11.976956435116165,0.1590328593962498,7437.0,0.9847572445869446,0.20856878602748288,0.041015625,1.2838181609455266,0.2319523339049732,112.0
socofing:000545:right_middle,000545,right_middle,817,peripheral_only,0.40,16311918964207148330,peripheral_only:16311918964207148330:0.450000,0.4000244140625,0.5999755859375,0.4480796586059744,0.5519203413940257,11248.0,0.1920651286949253,0.15189862251281738,0.4588739179172289,0.0,6208.0,0.12886597938144329,0.14404884652119399,0.19233247422680413,0.23047815443391037,0.21778350515463918,0.2592879237381492,0.09469186896720282,0.2293221023049687,10.236873115382627,0.1472646721340585,6208.0,0.9610717296600342,0.2522935871200185,0.040581597222222224,0.9693429239164497,0.21829956663815117,90.0,0.07522414589091553,0.2197804106883418,11.236427346210245,0.17666798317527932,6208.0,0.8270741691812873,0.16291918858136445,0.034678819444444446,0.9429031675420223,0.1692347178240191,90.0,0.09469186896720282,0.2293221023049687,10.236873115382627,0.1472646721340585,6208.0,0.9610717296600342,0.2522935871200185,0.040581597222222224,0.9693429239164497,0.21829956663815117,90.0
socofing:000545:right_middle,000545,right_middle,817,peripheral_only,0.50,16311918964207148330,peripheral_only:16311918964207148330:0.450000,0.5,0.5,0.557699146514936,0.442300853485064,11248.0,0.1662389318108359,0.13179895281791687,0.4552686765052864,2.0,4975.0,0.1465326633165829,0.12467919885812692,0.22693467336683418,0.1994867181730031,0.25748743718592965,0.22442255794462845,0.07115142491714252,0.18992154941692874,11.478163980750507,0.1664709712774421,4975.0,0.9511314630508423,0.11313172997950832,0.03383657094594594,0.7309277231643496,0.16274340795363965,74.0,0.05581000420649415,0.180429185437847,12.532879447498306,0.18572868981446822,4975.0,0.9017089903354645,0.10542851912495672,0.035103462837837836,0.9174991523679413,0.15777304118329094,74.0,0.07069437491494729,0.1898593486360644,11.506151412326256,0.19795027445355923,4975.0,0.9957844018936157,0.1566252961086156,0.03420608108108108,0.7660857412796384,0.1559293357276308,74.0
socofing:000545:right_middle,000545,right_middle,817,peripheral_only,0.60,16311918964207148330,peripheral_only:16311918964207148330:0.450000,0.5999755859375,0.4000244140625,0.6647403982930299,0.3352596017069701,11248.0,0.13338895115603253,0.10623673349618912,0.3944647759909474,0.0,3771.0,0.15009281357730045,0.10004171336702439,0.22911694510739858,0.16006674138723903,0.2582869265446831,0.18007508406064388,0.057801496684461766,0.16431889832943472,12.380609160191351,0.2320494467113942,3771.0,0.9422508180141449,0.09144846847530536,0.032378472222222225,0.6452617523353357,0.13255588704204196,45.0,0.04876961730149693,0.15934912734824502,13.11850652333392,0.2309038069344389,3771.0,0.9200556874275208,0.08962307471792555,0.028732638888888887,0.6580879125153083,0.11715673777020541,45.0,0.057801496684461766,0.16431889832943472,12.380609160191351,0.2320494467113942,3771.0,0.9422508180141449,0.09144846847530536,0.032378472222222225,0.6452617523353357,0.13255588704204196,45.0
socofing:000545:right_middle,000545,right_middle,817,peripheral_only,0.70,16311918964207148330,peripheral_only:16311918964207148330:0.450000,0.70001220703125,0.29998779296875,0.7648470839260313,0.2351529160739687,11248.0,0.1510003760165964,0.12144103646278381,0.36774116832353115,0.0,2645.0,0.23062381852551986,0.11325028201244729,0.30812854442344045,0.18120045121991565,0.33875236294896033,0.20385050762240514,0.05592523365032421,0.15872134940508606,12.523921927863704,0.2593821030773284,2645.0,0.9477523565292358,0.1283220629505629,0.044270833333333336,1.2017834202638686,0.17411509476341766,30.0,0.04200125377203829,0.14591791964250939,13.767377453604155,0.2996129601187886,2645.0,0.9443451855331659,0.11628775919772837,0.033203125,0.6894746484161928,0.13228753903999607,30.0,0.05592523365032421,0.15872134940508606,12.523921927863704,0.2593821030773284,2645.0,0.9477523565292358,0.1283220629505629,0.044270833333333336,1.2017834202638686,0.17411509476341766,30.0
socofing:000545:right_middle,000545,right_middle,817,peripheral_only,0.80,16311918964207148330,peripheral_only:16311918964207148330:0.450000,0.79998779296875,0.20001220703125,0.8586415362731152,0.14135846372688476,11248.0,0.14317677622071354,0.11406858265399933,0.4243797450952711,1.0,1590.0,0.19119496855345913,0.10738258216553515,0.27044025157232704,0.17181213146485622,0.2993710691823899,0.19328864789796327,0.05668880570931363,0.16321102100008594,12.465026924060737,0.30974283090188254,1590.0,0.9636501669883728,0.08022289856964582,0.04244791666666667,0.8703707905225021,0.16649108142676827,15.0,0.04241024077604061,0.14654625945786964,13.725292619093313,0.3724951223440304,1590.0,0.8613662719726562,0.059410563340361336,0.04609375,1.1147196762029685,0.1814132541394876,15.0,0.05047111418955317,0.15704201727390946,12.96957107768125,0.3544698434246592,1590.0,0.8906809678301215,0.1495820230413301,0.0296875,0.5383479974574252,0.11716431425773492,15.0
socofing:000545:right_middle,000545,right_middle,817,central_only,0.10,11668092483505530381,central_only:11668092483505530381:0.450000,0.0999755859375,0.9000244140625,0.14562588904694168,0.8543741109530583,11248.0,0.24367191358816695,0.1939137876033783,0.3765893844109272,2.0,9610.0,0.19136316337148804,0.1827539351911252,0.2850156087408949,0.29240629630580034,0.3231009365244537,0.3289570833440254,0.15082373535796076,0.2918399828291836,8.215303075123824,0.0523837478543805,9610.0,0.9969012439250946,0.4851671222132277,0.06489955357142857,2.3299822753895043,0.44368660952598077,140.0,0.09720820995760394,0.2433712552216682,10.12297054119902,0.07879635591112094,9610.0,0.9215217605233192,0.36355015029633914,0.0689453125,2.9356334851057877,0.4544913003819149,140.0,0.10430501252367355,0.2327780446663216,9.816948204415063,0.09623606400186702,9610.0,0.9933536052703857,0.40113503749216445,0.062220982142857144,2.36224267271588,0.4176215894907977,140.0
socofing:000545:right_middle,000545,right_middle,817,central_only,0.20,11668092483505530381,central_only:11668092483505530381:0.450000,0.20001220703125,0.79998779296875,0.2913406827880512,0.7086593172119489,11248.0,0.2674955280647769,0.21360264718532562,0.2890378784201136,2.0,7971.0,0.1945803537824614,0.20062164604858268,0.29168234851336095,0.32099463367773234,0.3312006021829131,0.3611189628874489,0.1744839949724736,0.3070585490231267,7.582444037416077,0.0845521007174757,7971.0,0.9998410642147064,0.41180618231500804,0.06415929203539823,2.5330230858497367,0.47781824259755656,113.0,0.12435865014110961,0.27553306069128125,9.053240006803824,0.09037727000628741,7971.0,0.9759174287319183,0.35910568090550216,0.0655074668141593,2.5683279354507706,0.4437727666697495,113.0,0.15061154906007376,0.30143733252546284,8.221417246774706,0.05949182119554847,7971.0,0.9843304455280304,0.3967142431529419,0.06478152654867257,2.438215219780823,0.46092132793311325,113.0
socofing:000545:right_middle,000545,right_middle,817,central_only,0.30,11668092483505530381,central_only:11668092483505530381:0.450000,0.29998779296875,0.70001220703125,0.4369665718349929,0.5630334281650071,11248.0,0.2356114085049772,0.18732355535030365,0.13684596538930724,2.0,6333.0,0.16406126638244117,0.1767085563787329,0.25217116690352126,0.28273369020597267,0.2851729038370441,0.3180754014817192,0.1791556875983083,0.32447365705432984,7.46769399871013,0.08251156877978713,6333.0,0.9997560977935791,0.490509264473882,0.05585430194805195,2.2549629039438077,0.4161830864585907,77.0,0.15834595539658192,0.31255793385203057,8.003930252594161,0.08900477464010316,6333.0,0.9974231421947479,0.3652615852314486,0.060825892857142856,2.433475406537134,0.40933466059168655,77.0,0.1697650733301113,0.3118252279322942,7.701516546117412,0.09604375104346417,6333.0,0.9991820454597473,0.3280090659260258,0.05128855519480519,2.169597549353715,0.38236349378873585,77.0
socofing:000545:right_middle,000545,right_middle,817,central_only,0.40,11668092483505530381,central_only:11668092483505530381:0.450000,0.4000244140625,0.5999755859375,0.5826813655761024,0.4173186344238976,11248.0,0.20851545080070621,0.16627144813537598,0.5033142510647184,1.0,4694.0,0.18832552194290583,0.15638658810052966,0.2778014486578611,0.25021854096084745,0.3048572645930976,0.2814958585809534,0.1398620168082386,0.2649160128437589,8.543002135305438,0.22919843871032825,4694.0,0.9982576966285706,0.19974048710456271,0.037841796875,1.860051873676894,0.2387227122792012,48.0,0.1070737771834958,0.2348061576182071,9.703168766838338,0.2603705291220585,4694.0,0.9943957328796387,0.16052020531107,0.04052734375,1.5131562844500632,0.267054785607823,48.0,0.12416915030471382,0.23480193233903154,9.059862907668023,0.26459317463074966,4694.0,0.9988888800144196,0.2105200634167913,0.047200520833333336,1.8273088246698463,0.34410999462193964,48.0
socofing:000545:right_middle,000545,right_middle,817,central_only,0.50,11668092483505530381,central_only:11668092483505530381:0.450000,0.5,0.5,0.71399359886202,0.28600640113798004,11248.0,0.17655298381552845,0.13989442586898804,0.6208152203117352,1.0,3217.0,0.1889959589679826,0.13241473786164634,0.2670189617656201,0.2118635805786342,0.2965495803543674,0.23834652815096344,0.10515729818155042,0.21961058745100484,9.781605807999615,0.2643563130383604,3217.0,0.9980272054672241,0.18950701795502106,0.04017857142857143,2.6846870577400592,0.2772517423177687,14.0,0.07642006909587323,0.19207792865606166,11.167925739762818,0.3213656477910948,3217.0,0.9782829973846674,0.17832583523413115,0.03459821428571429,1.8122211100107293,0.205280072990157,14.0,0.0720300401397491,0.17783739982418342,11.424863432065578,0.3506744847723595,3217.0,0.9590974152088165,0.2302428540174266,0.04296875,2.8118263703996256,0.2422097479060264,14.0
socofing:000545:right_middle,000545,right_middle,817,central_only,0.60,11668092483505530381,central_only:11668092483505530381:0.450000,0.5999755859375,0.4000244140625,0.8248577524893315,0.17514224751066854,11248.0,0.13776382295613362,0.10918811708688736,0.5963591467286457,2.0,1970.0,0.14111675126903553,0.10332286721710021,0.20456852791878172,0.16531658754736037,0.23299492385786802,0.18598116099078035,0.09345841371627883,0.21179000320206137,10.2938159459475,0.3312644170134494,1970.0,0.9556915760040283,0.17229339127017126,0.02421875,0.8098502461293162,0.13794430794430795,5.0,0.07052543349397515,0.19070691048441843,11.51654235715485,0.35341030879092344,1970.0,0.8851357027888298,0.19480330246768313,0.03203125,1.2228416991207691,0.1762271362271362,5.0,0.08230641042039755,0.19499804067146506,10.845663385205802,0.3563332379503418,1970.0,0.9966062307357788,0.16152051367153253,0.0265625,0.9116172956172957,0.1681954681954682,5.0
socofing:000545:right_middle,000545,right_middle,817,central_only,0.70,11668092483505530381,central_only:11668092483505530381:0.450000,0.70001220703125,0.29998779296875,0.9114509246088194,0.08854907539118062,11248.0,0.14106173031381178,0.11214054375886917,0.6889731085826416,2.0,996.0,0.1646586345381526,0.10579629773535881,0.2359437751004016,0.16927407637657413,0.26305220883534136,0.1904333359236459,0.07749299941275778,0.16907872942399726,11.107375291547708,0.4047435460008937,996.0,0.9808447360992432,0.22886780335976084,0.068359375,2.248118463290877,0.4782282282282282,2.0,0.05608733557982595,0.1540783931936949,12.511351905924368,0.42161842275671274,996.0,0.9447315912693739,0.15119280916901032,0.07421875,2.012198113606564,0.5266516516516516,2.0,0.07134129446416831,0.16355908818797293,11.466590147965851,0.38874110933584083,996.0,0.9595046024769545,0.304019138833977,0.044921875,1.6443856443856442,0.31681681681681684,2.0
socofing:000545:right_middle,000545,right_middle,817,central_only,0.80,11668092483505530381,central_only:11668092483505530381:0.450000,0.79998779296875,0.20001220703125,0.9623044096728307,0.03769559032716929,11248.0,0.15441551167260179,0.12362552434206009,0.48016841326820126,2.0,424.0,0.21226415094339623,0.11581163375445132,0.3278301886792453,0.18529861400712214,0.3632075471698113,0.20846094075801236,0.07441079987801466,0.1984304948402393,11.283640269939495,0.28253794262172405,424.0,0.9228007793426514,0.14200830126812847,nan,nan,nan,0.0,0.0431054245518948,0.15201079693209943,13.654680731173727,0.4057137998774351,424.0,0.6195372939109802,0.14728690356061347,nan,nan,nan,0.0,0.04081596148793349,0.13869360751331836,13.89169968514417,0.38985515491556477,424.0,0.802261408418417,0.16765451868619452,nan,nan,nan,0.0
socofing:000545:right_middle,000545,right_middle,817,disconnected_fragments,0.10,8594944829562814072,disconnected_fragments:8594944829562814072:0.450000,0.0999755859375,0.9000244140625,0.1378022759601707,0.8621977240398293,11248.0,0.20597209499457073,0.1655120998620987,0.4739833397171851,1.0,9698.0,0.2122087028253248,0.15447907124592805,0.31140441328108887,0.24716651399348485,0.34501959166838525,0.27806232824267046,0.10243266589691447,0.23173255998663148,9.895615242540238,0.1347824028807951,9698.0,0.997844934463501,0.26076843602747557,0.05201480263157895,1.89068247577324,0.3699978970578054,152.0,0.06194522257922034,0.18238442234045232,12.07992182225582,0.1463674683406587,9698.0,0.9577983133494854,0.20703860432650156,0.04505037006578947,1.98179606169119,0.273585358291731,152.0,0.08115018400509373,0.18662307469666337,10.907104910896749,0.13760970112481916,9698.0,0.9998652935028076,0.24990150384165918,0.04795435855263158,1.9800817791541472,0.3035056621671598,152.0
socofing:000545:right_middle,000545,right_middle,817,disconnected_fragments,0.20,8594944829562814072,disconnected_fragments:8594944829562814072:0.450000,0.20001220703125,0.79998779296875,0.257823613086771,0.742176386913229,11248.0,0.2056510390122084,0.16386207938194275,0.44582287118829744,1.0,8348.0,0.17249640632486823,0.1542382792591563,0.2619789171058936,0.24678124681465013,0.2896502156205079,0.2776289026664814,0.10763586055839662,0.24249601789199488,9.680430126103882,0.14814758343083465,8348.0,0.9946547742001712,0.23309987748075522,0.05335441468253968,1.8529457691389757,0.34577986616876943,126.0,0.06599288252869161,0.19728631072533276,11.805029015065859,0.1717086903739981,8348.0,0.9953958983533084,0.20711204291464613,0.047867063492063495,1.8602326726991512,0.28545095258251246,126.0,0.08519736693721894,0.2057840350039605,10.6957382709136,0.14860960433491135,8348.0,0.9989801645278931,0.3250623037465753,0.048084077380952384,1.728036493780565,0.3497594372381776,126.0
socofing:000545:right_middle,000545,right_middle,817,disconnected_fragments,0.30,8594944829562814072,disconnected_fragments:8594944829562814072:0.450000,0.29998779296875,0.70001220703125,0.37677809388335703,0.623221906116643,11248.0,0.1801945438058502,0.1446557343006134,0.45993134167790994,1.0,7010.0,0.2021398002853067,0.13514590785438765,0.29643366619115546,0.21623345256702028,0.3252496433666191,0.24326263413789775,0.08198455797172916,0.20056839997118894,10.86267940533497,0.17759059178984604,7010.0,0.9591450691223145,0.21129593638058247,0.05249521683673469,1.8565739921742683,0.35146552908158807,98.0,0.061471056370731594,0.1793993614063113,12.113293235305571,0.2221525485438569,7010.0,0.90509232878685,0.18960342797856916,0.049107142857142856,1.9526039128051174,0.31457412976095317,98.0,0.0811878840794423,0.19072892745098527,10.905087770401673,0.18205868069705924,7010.0,0.9853233695030212,0.2310106803083417,0.05492665816326531,2.267385908562319,0.38614901093725057,98.0
socofing:000545:right_middle,000545,right_middle,817,disconnected_fragments,0.40,8594944829562814072,disconnected_fragments:8594944829562814072:0.450000,0.4000244140625,0.5999755859375,0.4984886201991465,0.5015113798008535,11248.0,0.16622648263156523,0.1323653608560562,0.5620900404928676,2.0,5641.0,0.16202800921822372,0.12466986197367393,0.2409147314305974,0.19947177915787828,0.26661939372451693,0.22440575155261305,0.07251609030216055,0.1881220720771438,11.395656188894003,0.21843334076696133,5641.0,0.9836021056398749,0.1780062809731979,0.04544974662162162,1.5453908294919647,0.3443034209935926,74.0,0.05354250962759651,0.17097337381987976,12.71301276558252,0.2517645473894972,5641.0,0.9681379785761237,0.13959237086229034,0.04038217905405406,1.6249154749219519,0.271271703771817,74.0,0.07253270326229261,0.18256737484450228,11.394661362702392,0.2264207884207194,5641.0,0.9958391785621643,0.1808287911469941,0.047455658783783786,1.7466355307397243,0.3257224541717475,74.0
socofing:000545:right_middle,000545,right_middle,817,disconnected_fragments,0.50,8594944829562814072,disconnected_fragments:8594944829562814072:0.450000,0.5,0.5,0.6223328591749644,0.3776671408250356,11248.0,0.2034693304998876,0.16253510117530823,0.5652506412000732,2.0,4248.0,0.1916195856873823,0.1526019978749157,0.2787193973634652,0.24416319659986516,0.3168549905838041,0.2746835961748483,0.0999024837065242,0.21746460272259255,10.004237145104584,0.21392442193423397,4248.0,0.9930583238601685,0.17297921411890083,0.053984375,1.8888762511592847,0.40861343303311237,50.0,0.05367409879085448,0.17282015501831255,12.702352388049826,0.24290168507037546,4248.0,0.9664885401725769,0.15845132421012237,0.043984375,1.7842961456783615,0.25168622948938757,50.0,0.05606768997626557,0.1542863121135432,12.512873367359536,0.2689272850721897,4248.0,0.9662770619615912,0.16582893646096658,0.046484375,1.900443546802547,0.375130881045839,50.0
socofing:000545:right_middle,000545,right_middle,817,disconnected_fragments,0.60,8594944829562814072,disconnected_fragments:8594944829562814072:0.450000,0.5999755859375,0.4000244140625,0.741642958748222,0.25835704125177805,11248.0,0.17232084124562497,0.13754242658615112,0.5950425794517412,1.0,2906.0,0.17068134893324158,0.12924063093421875,0.2615278733654508,0.20678500949475,0.29077770130763936,0.23263313568159372,0.07028052683992246,0.17736224978133466,11.531649915874771,0.2997751393405666,2906.0,0.9508317708969116,0.12677793011739638,0.041193181818181816,1.9265225255408729,0.3807741086060892,33.0,0.04813858005005955,0.16073791748443164,13.175067243127279,0.2993196276420225,2906.0,0.7806901931762695,0.12404631914444234,0.03941761363636364,1.725855075452613,0.30326117463891716,33.0,0.0578321927973091,0.16148110841438099,12.378303404351794,0.325354919947854,2906.0,0.8636674284934998,0.15402369322479117,0.04131155303030303,1.530381055355578,0.2679430144432166,33.0
socofing:000545:right_middle,000545,right_middle,817,disconnected_fragments,0.70,8594944829562814072,disconnected_fragments:8594944829562814072:0.450000,0.70001220703125,0.29998779296875,0.8423719772403983,0.15762802275960175,11248.0,0.14182691604128725,0.11367020010948181,0.6507957233873156,0.0,1773.0,0.17089678510998307,0.10637018703096543,0.25493513818386915,0.17019229924954468,0.2825719120135364,0.19146633665573778,0.04670157346048366,0.13785611438967846,13.306684870207432,0.36269457537516936,1773.0,0.8656740169972181,0.2952894791683537,0.072265625,3.9300589614118837,0.7912281770265728,8.0,0.03864421586904527,0.13518608523236228,14.129155005591558,0.3727268564100914,1773.0,0.8348274221643806,0.34156011538769665,0.03515625,2.023880124929039,0.2837790159338981,8.0,0.04670157346048366,0.13785611438967846,13.306684870207432,0.36269457537516936,1773.0,0.8656740169972181,0.2952894791683537,0.072265625,3.9300589614118837,0.7912281770265728,8.0
socofing:000545:right_middle,000545,right_middle,817,disconnected_fragments,0.80,8594944829562814072,disconnected_fragments:8594944829562814072:0.450000,0.79998779296875,0.20001220703125,0.9249644381223329,0.07503556187766713,11248.0,0.09387006329322502,0.07491473108530045,0.7344476009936455,2.0,844.0,0.12559241706161137,0.07040254746991877,0.18838862559241706,0.11264407595187002,0.2109004739336493,0.12672458544585377,0.041402368100827605,0.1279218272207817,13.829748177267067,0.41450371121229734,844.0,0.812972723506391,0.1908181263479587,0.09765625,6.189555125725339,1.1363636363636365,1.0,0.03130153722450592,0.11440203335344178,15.044343336443848,0.49861138631481833,844.0,0.6786407232284546,0.2342789151657925,0.01953125,3.422459893048128,0.22727272727272727,1.0,0.03934324804156452,0.12274697187998866,14.051297890964108,0.5203651110091422,844.0,0.7774872109293938,0.22960804116804506,0.0078125,1.163636363636364,0.09090909090909091,1.0
socofing:000545:right_middle,000545,right_middle,817,stripes,0.10,18085989303534383650,stripes:18085989303534383650:0.450000,0.0999755859375,0.9000244140625,0.09077169274537696,0.909228307254623,11248.0,0.1915646328896091,0.15283048152923584,0.4089175456558717,0.0,10227.0,0.21609465141292658,0.1436734746672068,0.2936344969199179,0.2298775594675309,0.32208858902904075,0.25861225440097224,0.07441691184317036,0.1886386097464563,11.283283563152633,0.12386366650112957,10227.0,0.9967639446258545,0.29153280545956756,0.06062605574324324,2.3377410775373617,0.3490750171873956,148.0,0.07514033503369873,0.2064476187076064,11.241268728477976,0.12732313690214608,10227.0,0.9982150197029114,0.20758222172947588,0.06268475506756757,2.278333493553689,0.30981522416360696,148.0,0.07441691184317036,0.1886386097464563,11.283283563152633,0.12386366650112957,10227.0,0.9967639446258545,0.29153280545956756,0.06062605574324324,2.3377410775373617,0.3490750171873956,148.0
socofing:000545:right_middle,000545,right_middle,817,stripes,0.20,18085989303534383650,stripes:18085989303534383650:0.450000,0.20001220703125,0.79998779296875,0.17940967283072545,0.8205903271692745,11248.0,0.17254065689561857,0.13643336296081543,0.357393181990917,2.0,9230.0,0.1598049837486457,0.12940549267171392,0.2134344528710726,0.2070487882747423,0.23217768147345613,0.23292988680908502,0.14730111752440636,0.2877153181481021,8.317939582976132,0.11834690482557948,9230.0,1.0,0.2176705145494841,0.05906016791044776,2.6051868067573274,0.31699782864785836,134.0,0.11841522630676383,0.26782671877971065,9.265924506887306,0.12715571219894461,9230.0,1.0,0.19044401463606203,0.06410331156716417,2.5109722424472687,0.3677729685713052,134.0,0.13254781055342893,0.2744754369890283,8.77627441619439,0.11771098137804534,9230.0,1.0,0.26419682971613395,0.05803987873134328,2.6510232057402354,0.3200412330744034,134.0
socofing:000545:right_middle,000545,right_middle,817,stripes,0.30,18085989303534383650,stripes:18085989303534383650:0.450000,0.29998779296875,0.70001220703125,0.26938122332859177,0.7306187766714083,11248.0,0.17820086666651283,0.14130623638629913,0.43550317289681406,0.0,8218.0,0.1890971039182283,0.13365064999988463,0.2504258943781942,0.2138410399998154,0.27220734972012656,0.2405711699997923,0.09197017108743723,0.21807049517621765,10.363530056184425,0.14617583104531198,8218.0,0.9988243579864502,0.1884132580869332,0.06847426470588236,2.6063178567222787,0.4301142058527839,119.0,0.08545930993080522,0.22523804979410916,10.682406183577342,0.1513498399286534,8218.0,0.9859816431999207,0.16407180740043034,0.06013655462184874,2.511627919717159,0.3733561579105271,119.0,0.09197017108743723,0.21807049517621765,10.363530056184425,0.14617583104531198,8218.0,0.9988243579864502,0.1884132580869332,0.06847426470588236,2.6063178567222787,0.4301142058527839,119.0
socofing:000545:right_middle,000545,right_middle,817,stripes,0.40,18085989303534383650,stripes:18085989303534383650:0.450000,0.4000244140625,0.5999755859375,0.36121977240398295,0.638780227596017,11248.0,0.15631519172783934,0.12367714196443558,0.40580954975202865,2.0,7185.0,0.15198329853862214,0.1172363937958795,0.21363952679192763,0.1875782300734072,0.23688239387613083,0.2110255088325831,0.07408433174317391,0.20510260852937773,11.302736321960253,0.18151298247766393,7185.0,0.9407403459772468,0.18075282898692963,0.06155960648148148,2.2696578773653044,0.34641864905197334,108.0,0.06736585110172719,0.20590131487014832,11.715601989603734,0.1731157884337555,7185.0,0.8074279418215156,0.159478815943759,0.05320457175925926,1.9020418237884902,0.2746528478773872,108.0,0.0746985824052476,0.20318247575861148,11.26687639943909,0.15686673618630945,7185.0,0.945017397403717,0.1605419325459984,0.06188512731481482,2.240492482033812,0.3487496488221243,108.0
socofing:000545:right_middle,000545,right_middle,817,stripes,0.50,18085989303534383650,stripes:18085989303534383650:0.450000,0.5,0.5,0.4643492176386913,0.5356507823613087,11248.0,0.17146667165545174,0.13603490591049194,0.42892703324137466,2.0,6025.0,0.19452282157676348,0.12860000374158884,0.27352697095435685,0.2057600059865421,0.3042323651452282,0.23148000673485988,0.08619408831303871,0.21614050326335604,10.645225195705077,0.16117890162185042,6025.0,0.9877494275569916,0.15186037778490666,0.05078125,1.7260716372133553,0.32925194384741446,83.0,0.05635685862793296,0.18283039672336932,12.490532227766025,0.1988043688891712,6025.0,0.784670390188694,0.14225215561204854,0.05158132530120482,1.6259144429912744,0.30675010618094894,83.0,0.07165336578506153,0.1934049218888414,11.44763404603027,0.19411285542528361,6025.0,0.9100744109600782,0.19402162806474987,0.05379329819277109,1.7714330384506753,0.3379918085592987,83.0
socofing:000545:right_middle,000545,right_middle,817,stripes,0.60,18085989303534383650,stripes:18085989303534383650:0.450000,0.5999755859375,0.4000244140625,0.5753022759601707,0.4246977240398293,11248.0,0.18629744273570967,0.14779037237167358,0.536914369877289,1.0,4777.0,0.16181703998325309,0.13972308205178224,0.2570651036215198,0.2235569312828516,0.2930709650408206,0.25150154769320804,0.08198630606438705,0.20270728045994185,10.862586805103865,0.23976109786521901,4777.0,0.9773051738739014,0.10220660514314335,0.06125452898550725,1.979653493758768,0.4240477764714071,69.0,0.06269926109135429,0.18915867437676046,12.027375772847282,0.29050335691764756,4777.0,0.7766193249262869,0.06550703261187836,0.050158514492753624,1.858620822364474,0.3303448165701905,69.0,0.06734355186042223,0.18788601954820278,11.717039816113966,0.26371068649681834,4777.0,0.8731706701219082,0.07714224743289598,0.05502717391304348,1.9994600149310324,0.368958783719817,69.0
socofing:000545:right_middle,000545,right_middle,817,stripes,0.70,18085989303534383650,stripes:18085989303534383650:0.450000,0.70001220703125,0.29998779296875,0.6873221906116643,0.31267780938833567,11248.0,0.1743320879716126,0.1381666362285614,0.5039431836198707,1.0,3517.0,0.16093261302246234,0.13074906597870942,0.2541939152686949,0.2091985055659351,0.2843332385555872,0.23534831876167694,0.09695192955956312,0.22255951076807423,10.134435430707661,0.2103857365721254,3517.0,0.9954585433006287,0.10781585673623052,0.051350911458333336,1.6539021312138866,0.4048425303773975,48.0,0.06273395386521732,0.18779640907760925,12.024973397903764,0.2487649611527365,3517.0,0.8176916819065809,0.07712780527057478,0.053466796875,1.7393174334322279,0.31601105202210905,48.0,0.07017762581890302,0.18830239246256453,11.538013285000762,0.24874886127059195,3517.0,0.924343048594892,0.10756004701542048,0.052815755208333336,1.9802893367803296,0.31448641015684803,48.0
socofing:000545:right_middle,000545,right_middle,817,stripes,0.80,18085989303534383650,stripes:18085989303534383650:0.450000,0.79998779296875,0.20001220703125,0.7961415362731152,0.20385846372688476,11248.0,0.1507818080221676,0.11998247355222702,0.5372034338614601,0.0,2293.0,0.19581334496293065,0.1130863560166257,0.2847797645006542,0.18093816962660114,0.31269079808111644,0.20355544082992627,0.061652155183928005,0.167860784395275,12.10051737103488,0.3235779546338041,2293.0,0.9156317412853241,0.13139686966333547,0.05078125,1.582035635711262,0.26690299085660796,34.0,0.04796977047085187,0.15490408517294688,13.19032359572063,0.3426225134424456,2293.0,0.8567292913794518,0.09979442552664342,0.052045036764705885,1.6119959630474459,0.30074349162854697,34.0,0.061652155183928005,0.167860784395275,12.10051737103488,0.3235779546338041,2293.0,0.9156317412853241,0.13139686966333547,0.05078125,1.582035635711262,0.26690299085660796,34.0
socofing:000545:right_middle,000545,right_middle,817,severe_partial,0.10,2795414823709434031,severe_partial:2795414823709434031:0.200000,0.0999755859375,0.9000244140625,0.1053520625889047,0.8946479374110953,11248.0,0.20241909434375308,0.15978191792964935,0.2819744880429772,1.0,10063.0,0.13435357249329227,0.1518143207578148,0.21266024048494483,0.24290291321250373,0.2429692934512571,0.27326577736406665,0.11899293053078171,0.2629273460099192,9.24478839638328,0.07205735598057009,10063.0,0.989387035369873,0.3883678558311826,0.04861408390410959,1.7921243837232943,0.33663440224416946,146.0,0.10775125776878364,0.25462188931432556,9.675776516651045,0.09060212346296904,10063.0,0.9894597725942731,0.3111899760645743,0.0507277397260274,2.054378325438932,0.3425103585414294,146.0,0.13116413206414912,0.25931833806433524,8.821849102064544,0.09329002149069968,10063.0,0.999680757522583,0.3570264696210378,0.05372431506849315,1.787552360875035,0.37390494602001,146.0
socofing:000545:right_middle,000545,right_middle,817,severe_partial,0.20,2795414823709434031,severe_partial:2795414823709434031:0.200000,0.20001220703125,0.79998779296875,0.21932788051209104,0.7806721194879089,11248.0,0.16162723248311636,0.12817540764808655,0.39092815571343703,2.0,8781.0,0.13859469308734768,0.12122042436233728,0.2152374444824052,0.19395267897973964,0.2409748320236875,0.2181967638522071,0.09154564710766303,0.22087973446393586,10.383623010844653,0.12775061578814303,8781.0,0.9905047416687012,0.3561751954946294,0.050076844262295084,1.9780483346389355,0.30719302668102744,122.0,0.06622813917066954,0.19336181657576057,11.789574472672179,0.15013123704641995,8781.0,0.9476046971976757,0.32827730426628915,0.05571209016393443,2.0184777563989025,0.34155644507300237,122.0,0.07247766100180136,0.1885259819162723,11.397958306513571,0.13850489221270545,8781.0,0.9913265407085419,0.3620065229952417,0.05692879098360656,2.1370511488543555,0.3459799642548827,122.0
socofing:000545:right_middle,000545,right_middle,817,severe_partial,0.30,2795414823709434031,severe_partial:2795414823709434031:0.200000,0.29998779296875,0.70001220703125,0.32841394025604553,0.6715860597439545,11248.0,0.16556564540225907,0.1308489888906479,0.47223394253219064,2.0,7554.0,0.14720677786603123,0.12417423405169431,0.23206248345247552,0.1986787744827109,0.2601270849880858,0.22351362129304972,0.08603614736384654,0.21682913969039103,10.653190452404505,0.15332035754091505,7554.0,0.9483715295791626,0.26821288493820244,0.0498139880952381,1.4822931780205533,0.2686944050484826,105.0,0.053983799784123786,0.18070183573117485,12.677365498054671,0.17981072842473791,7554.0,0.8380081653594971,0.2785406833405753,0.0537202380952381,1.7694906305651854,0.29760866146894316,105.0,0.06027510834995635,0.1784603500239791,12.198620002662139,0.1742954432054293,7554.0,0.9015599489212036,0.39377020575904975,0.051041666666666666,1.6694367146630233,0.28740644313706837,105.0
socofing:000598:right_little,000598,right_little,899,random_rectangles,0.10,17903749351461474702,random_rectangles:17903749351461474702:0.450000,0.0999755859375,0.9000244140625,0.006578947368421052,0.993421052631579,11248.0,0.11805152282297493,0.0931166559457779,0.22706442671567373,0.0,11174.0,0.13522462860211204,0.0885386421172312,0.1857884374440666,0.1416618273875699,0.20136030069804906,0.15936955581101617,0.09778242934798458,0.24592972568919572,10.097391771425643,0.07741883754802954,11174.0,0.9803807120770216,0.5207900293789974,0.04730068108974359,1.624120014287716,0.19671348541794798,156.0,0.09111488903126666,0.24084050740652602,10.404106494181079,0.06762270435061246,11174.0,0.9803395252674818,0.45722066842420916,0.055789262820512824,2.1178924801986017,0.2326100270560385,156.0,0.09778242934798458,0.24592972568919572,10.097391771425643,0.07741883754802954,11174.0,0.9803807120770216,0.5207900293789974,0.04730068108974359,1.624120014287716,0.19671348541794798,156.0
socofing:000598:right_little,000598,right_little,899,random_rectangles,0.20,17903749351461474702,random_rectangles:17903749351461474702:0.450000,0.20001220703125,0.79998779296875,0.04054054054054054,0.9594594594594594,11248.0,0.14119509496724486,0.11163436621427536,0.22337038047432684,2.0,10792.0,0.1397331356560415,0.10589632122543363,0.21006300963676797,0.1694341139606938,0.23146775389177168,0.1906133782057806,0.09181490345671323,0.23951037368617034,10.370868181051407,0.07501582632401661,10792.0,0.9775825124233961,0.6150044824925457,0.04984273538961039,1.635061398170894,0.21314977033608332,154.0,0.08225369839899224,0.23058143964301714,10.848445656191581,0.10246518840934352,10792.0,0.9294117614626884,0.5274818620585715,0.05587966720779221,1.8675393705817336,0.2365179703180537,154.0,0.09007547949607694,0.2371976464136598,10.45393417332554,0.10425878669453652,10792.0,0.980360446497798,0.503451930407799,0.049512987012987016,1.4415003186389566,0.20889732446355289,154.0
socofing:000598:right_little,000598,right_little,899,random_rectangles,0.30,17903749351461474702,random_rectangles:17903749351461474702:0.450000,0.29998779296875,0.70001220703125,0.10241820768136557,0.8975817923186344,11248.0,0.1069986876405331,0.08433036506175995,0.21428090242519604,2.0,10096.0,0.09706814580031696,0.0802490157303998,0.1531299524564184,0.1283984251686397,0.17066164817749604,0.14444822831471965,0.09289666361227177,0.24289351993807917,10.319998834315419,0.07439213632642125,10096.0,0.9949002261273563,0.25409421322722964,0.037267736486486486,1.1230804661082343,0.15982902755858672,148.0,0.08438680126102663,0.2332849570115727,10.737254750302219,0.0851664911192908,10096.0,0.9948599333874881,0.2866641825553477,0.03623838682432432,1.0747087123193553,0.15490205008228922,148.0,0.08848046547218605,0.23722314066788633,10.531526013256547,0.08939926799777449,10096.0,0.9948093290440738,0.30172307969376233,0.03959037162162162,1.2310757787550608,0.17153142726319864,148.0
socofing:000598:right_little,000598,right_little,899,random_rectangles,0.40,17903749351461474702,random_rectangles:17903749351461474702:0.450000,0.4000244140625,0.5999755859375,0.1730085348506401,0.82699146514936,11248.0,0.14706289969421513,0.11609917134046555,0.20936924765786397,2.0,9302.0,0.12696194366802838,0.11029717477066137,0.1987744571059987,0.17647547963305815,0.22575790152655342,0.19853491458719044,0.1035371725853263,0.25516969405475687,9.849036989963976,0.1502479935406678,9302.0,0.9862190475687385,0.17128068250875694,0.033385791366906475,0.8292357199903618,0.14607118770265995,139.0,0.07942536902670101,0.22947869754676317,11.000407586740904,0.14823272660831316,9302.0,0.9811330428346992,0.17090806833329977,0.034060251798561154,0.9396790391669412,0.14621486660555272,139.0,0.08661250164983347,0.23586960697701387,10.624194173859,0.14657442416781968,9302.0,0.9691063156351447,0.21816096215716538,0.029535746402877698,0.6991341813834492,0.12271392905734246,139.0
socofing:000598:right_little,000598,right_little,899,random_rectangles,0.50,17903749351461474702,random_rectangles:17903749351461474702:0.450000,0.5,0.5,0.28333926031294454,0.7166607396870555,11248.0,0.14929957064831814,0.11782020330429077,0.2020194032465047,0.0,8061.0,0.1269073315965761,0.1119746779862386,0.19923086465699044,0.17915948477798177,0.22428979034859198,0.20155442037522947,0.09034305059583587,0.23995700303698275,10.441052487915641,0.1723516382418547,8061.0,0.9634566903114319,0.1154804171259814,0.031156994047619048,0.7555911415882341,0.13203197556133228,126.0,0.07922891181490099,0.23033997212295051,11.011163089355772,0.17681249170050586,8061.0,0.9063702151179314,0.09647940508605006,0.029234871031746032,0.6365829312010655,0.12257916267573785,126.0,0.09034305059583587,0.23995700303698275,10.441052487915641,0.1723516382418547,8061.0,0.9634566903114319,0.1154804171259814,0.031156994047619048,0.7555911415882341,0.13203197556133228,126.0
socofing:000598:right_little,000598,right_little,899,random_rectangles,0.60,17903749351461474702,random_rectangles:17903749351461474702:0.450000,0.5999755859375,0.4000244140625,0.4187411095305832,0.5812588904694168,11248.0,0.1977257327140259,0.1556922197341919,0.2185883072886315,0.0,6538.0,0.15126950137656775,0.14829429953551942,0.24120526154787397,0.2372708792568311,0.27393698378709086,0.266929739163935,0.10226781063811403,0.2552251519966368,9.902610413816861,0.14203719289013514,6538.0,0.9508328437805176,0.13495204066493952,0.029140625,0.6122276539350441,0.12966498872057391,100.0,0.08858271580382705,0.24404224888876003,10.526510090756936,0.19408743186680422,6538.0,0.8414084874093533,0.07423958553262895,0.0300390625,0.6358459050896199,0.1306635263323512,100.0,0.10226781063811403,0.2552251519966368,9.902610413816861,0.14203719289013514,6538.0,0.9508328437805176,0.13495204066493952,0.029140625,0.6122276539350441,0.12966498872057391,100.0
socofing:000598:right_little,000598,right_little,899,random_rectangles,0.70,17903749351461474702,random_rectangles:17903749351461474702:0.450000,0.70001220703125,0.29998779296875,0.5630334281650071,0.4369665718349929,11248.0,0.20771547660620668,0.16379116475582123,0.18063374837543023,0.0,4915.0,0.1688708036622584,0.155786607454655,0.2683621566632757,0.24925857192744805,0.3053916581892167,0.28041589341837897,0.11628548789316275,0.26438694696443293,9.344744806384721,0.21227068922625864,4915.0,0.9829649925231934,0.157577514066612,0.025647615131578948,0.5626441605782523,0.11545002865315908,76.0,0.0951461484415349,0.24815875566341855,10.21608787455192,0.1902926110552693,4915.0,0.8728625774383545,0.06940461861040038,0.02528782894736842,0.5147404353767973,0.11348588691207613,76.0,0.11628548789316275,0.26438694696443293,9.344744806384721,0.21227068922625864,4915.0,0.9829649925231934,0.157577514066612,0.025647615131578948,0.5626441605782523,0.11545002865315908,76.0
socofing:000598:right_little,000598,right_little,899,random_rectangles,0.80,17903749351461474702,random_rectangles:17903749351461474702:0.450000,0.79998779296875,0.20001220703125,0.7086593172119487,0.29134068278805125,11248.0,0.2507661018460343,0.19794954359531403,0.2935709641763427,1.0,3277.0,0.2014037229173024,0.18807457638452574,0.31644797070491304,0.30091932221524115,0.35886481537992065,0.33853423749214634,0.11587654527883448,0.26194815771432006,9.360044612479125,0.2921660056130707,3277.0,0.9561867695301771,0.11926901228695909,0.022058823529411766,0.48954187587699877,0.1024463562711402,51.0,0.09061337141921227,0.24103015772986966,10.428077106555119,0.27224993248214496,3277.0,0.8694931864738464,0.08926368165072918,0.021216299019607844,0.44946764116611587,0.0978946171297873,51.0,0.10965401168088801,0.25420881441385373,9.599754750762678,0.2877934429848417,3277.0,0.9814873929135501,0.08516449012775018,0.02542892156862745,0.594075427500479,0.11657247189221054,51.0
socofing:000598:right_little,000598,right_little,899,irregular,0.10,2952979480963306671,irregular:2952979480963306671:0.450000,0.0999755859375,0.9000244140625,0.04338549075391181,0.9566145092460882,11248.0,0.16539407807322684,0.13027985394001007,0.20876571517676254,2.0,10760.0,0.15185873605947955,0.12404555855492012,0.23029739776951672,0.1984728936878722,0.25827137546468404,0.2232820053988562,0.09717127146801473,0.24515549502215178,10.124621145704587,0.12185837429723785,10760.0,0.9867664873600006,0.1766389066960037,0.042389112903225806,1.3577367303412435,0.17634796809751455,155.0,0.07874106009523273,0.22823336833943422,11.037987425758795,0.13372858892583414,10760.0,0.9527656398713589,0.18349425185594218,0.04044858870967742,1.4209021297750355,0.16753817167377663,155.0,0.08329849843773768,0.22757422852915882,10.793628272376587,0.12940074629859136,10760.0,0.9803069215267897,0.22108755392452872,0.04243951612903226,1.3630307458525972,0.17910330282048753,155.0
socofing:000598:right_little,000598,right_little,899,irregular,0.20,2952979480963306671,irregular:2952979480963306671:0.450000,0.20001220703125,0.79998779296875,0.13344594594594594,0.8665540540540541,11248.0,0.16478776359381989,0.1297283172607422,0.24297990065591313,1.0,9747.0,0.14784036113676002,0.12359082269536491,0.22560787934749155,0.19774531631258388,0.251667179645019,0.2224634808516568,0.09068682763526646,0.23698092539673107,10.424557901258506,0.15433711110556442,9747.0,0.9835101356729865,0.2360321490001126,0.031484375,0.7729065992974811,0.13506608010008336,150.0,0.07583935032702398,0.22182332783320394,11.201053960101408,0.17162781867685323,9747.0,0.9516663514077663,0.18381606524671595,0.03796875,1.1760951910140736,0.16339002794022753,150.0,0.0865297175487306,0.22940947033415796,10.628347139115466,0.1768832690475654,9747.0,0.9382476173341274,0.1773451173891618,0.032838541666666665,0.7972322128037965,0.14071342591567923,150.0
socofing:000598:right_little,000598,right_little,899,irregular,0.30,2952979480963306671,irregular:2952979480963306671:0.450000,0.29998779296875,0.70001220703125,0.2344416785206259,0.7655583214793741,11248.0,0.14497249737778214,0.11443568021059036,0.26106937618091564,2.0,8611.0,0.13982115898269656,0.10872937303333662,0.22041574729996516,0.17396699685333858,0.24886772732551388,0.1957128714600059,0.08190447675807068,0.22258440729184353,10.866923598001215,0.23415972175298566,8611.0,0.9398090224713087,0.21327411706323132,0.0314525462962963,0.6902889761944386,0.13188728675454944,135.0,0.0687897248750893,0.2090222089835945,11.624764275102692,0.23815626829549083,8611.0,0.8616088479757309,0.1832599610002101,0.028211805555555556,0.580445460650586,0.11901890854956731,135.0,0.07603485691175406,0.21676232149596725,11.189872670089304,0.23926273478475,8611.0,0.9453668585047126,0.14445982908715319,0.02879050925925926,0.5825171611126057,0.1245001315691791,135.0
socofing:000598:right_little,000598,right_little,899,irregular,0.40,2952979480963306671,irregular:2952979480963306671:0.450000,0.4000244140625,0.5999755859375,0.33872688477951635,0.6612731152204836,11248.0,0.15566731626504296,0.12255154550075531,0.3110089964034155,2.0,7438.0,0.1581070180155956,0.11675048719878221,0.23958053240118313,0.18680077951805155,0.2680828179618177,0.21015087695780796,0.088386083221449,0.2263314702969298,10.536161111852442,0.28721452900290634,7438.0,0.9675652980804443,0.08997388075986415,0.023774245689655173,0.4757589236468784,0.10238246064042424,116.0,0.06975937155975435,0.20608206379006216,11.563974404803092,0.3005086869083616,7438.0,0.8532755300402641,0.07208123996151793,0.02404364224137931,0.4897660696509764,0.10246898781885379,116.0,0.08334332729390806,0.22043222346778585,10.7912916530736,0.2756574954020153,7438.0,0.9661988914012909,0.09693633651845043,0.0263671875,0.5316667275670441,0.11476972428233365,116.0
socofing:000598:right_little,000598,right_little,899,irregular,0.50,2952979480963306671,irregular:2952979480963306671:0.450000,0.5,0.5,0.44559032716927455,0.5544096728307255,11248.0,0.16394331278659757,0.1292053759098053,0.2925130672802907,0.0,6236.0,0.16645285439384222,0.1229574845899482,0.25513149454778705,0.1967319753439171,0.2855997434252726,0.22132347226190674,0.08490823699728633,0.21991885504927283,10.710501765529122,0.33665014909084195,6236.0,0.9562045317143202,0.08890530266272945,0.025804924242424244,0.4990924429199645,0.11089884188552356,99.0,0.0706209721686604,0.20689555716738486,11.510663082317347,0.32681287678262166,6236.0,0.8767147026956081,0.05452313363115646,0.019491792929292928,0.3597789798171779,0.08276727396627581,99.0,0.08490823699728633,0.21991885504927283,10.710501765529122,0.33665014909084195,6236.0,0.9562045317143202,0.08890530266272945,0.025804924242424244,0.4990924429199645,0.11089884188552356,99.0
socofing:000598:right_little,000598,right_little,899,irregular,0.60,2952979480963306671,irregular:2952979480963306671:0.450000,0.5999755859375,0.4000244140625,0.5520981507823614,0.44790184921763865,11248.0,0.15512420754276823,0.1224149614572525,0.30747764196670774,0.0,5038.0,0.17348154029376736,0.11634315565707619,0.2645891226677253,0.1861490490513219,0.29475982532751094,0.2094176801827371,0.07328642521864984,0.20179498931306145,11.349764619019078,0.3998611388571891,5038.0,0.9337949138134718,0.04008905270682286,0.0221875,0.4273769248898635,0.09223301599673156,75.0,0.059544581106726814,0.18774968732040082,12.251577556342593,0.4276557414920497,5038.0,0.8610807582736015,0.03470855938435708,0.0215625,0.394667658129249,0.08880489168104103,75.0,0.07328642521864984,0.20179498931306145,11.349764619019078,0.3998611388571891,5038.0,0.9337949138134718,0.04008905270682286,0.0221875,0.4273769248898635,0.09223301599673156,75.0
socofing:000598:right_little,000598,right_little,899,irregular,0.70,2952979480963306671,irregular:2952979480963306671:0.450000,0.70001220703125,0.29998779296875,0.6621621621621622,0.33783783783783783,11248.0,0.16407334679574298,0.12963652610778809,0.2779162252804778,0.0,3800.0,0.19210526315789472,0.12305501009680724,0.3026315789473684,0.19688801615489157,0.33289473684210524,0.22149901817425302,0.07737993709232305,0.205455267321637,11.113716276836298,0.4633637638951771,3800.0,0.9482913604006171,0.061520705827956185,0.020746527777777777,0.3820851596463576,0.08401325094086724,45.0,0.059595454647220505,0.1846198104178582,12.247868626911051,0.47551339977417617,3800.0,0.8824842348694801,0.03739207954709209,0.02404513888888889,0.4584693754063929,0.09871235012042959,45.0,0.07737993709232305,0.205455267321637,11.113716276836298,0.4633637638951771,3800.0,0.9482913604006171,0.061520705827956185,0.020746527777777777,0.3820851596463576,0.08401325094086724,45.0
socofing:000598:right_little,000598,right_little,899,irregular,0.80,2952979480963306671,irregular:2952979480963306671:0.450000,0.79998779296875,0.20001220703125,0.77400426742532,0.22599573257467998,11248.0,0.15872475429841798,0.12553445994853973,0.26046748379483925,2.0,2542.0,0.17859952793076317,0.11904356572381349,0.2836349331235248,0.19046970515810158,0.3147128245476003,0.2142784183028643,0.07206133450665514,0.20028343230847162,11.42297699422584,0.5262719814621681,2542.0,0.9511606078594923,0.06948376252239499,0.026455965909090908,0.49856834637852127,0.09887415565302056,22.0,0.05418313230561073,0.17876984703044585,12.661358921835967,0.5493401636602655,2542.0,0.8361909911036491,0.03836529584855699,0.018110795454545456,0.3097189084015109,0.06858997315545276,22.0,0.06737258817298403,0.19615366307847834,11.715167685497317,0.5026837366961944,2542.0,0.9340868555009365,0.035991184269047925,0.034623579545454544,0.640058881777571,0.13327861238555663,22.0
socofing:000598:right_little,000598,right_little,899,central_missing,0.10,13049710811445073991,central_missing:13049710811445073991:0.450000,0.0999755859375,0.9000244140625,0.012268847795163585,0.9877311522048364,11248.0,0.11344893528039557,0.09038431197404861,0.28629622923914577,0.0,11110.0,0.13366336633663367,0.08508670146029668,0.18505850585058506,0.13613872233647467,0.2045904590459046,0.153156062628534,0.10207935184909711,0.2483346236797601,9.910620961587105,0.05730863904422938,11110.0,0.9999886751174927,0.4062669890797895,0.057967748397435896,2.4387776748896557,0.23919309667618668,156.0,0.10008815505376885,0.24597559843101713,9.996173161187816,0.04979261749653468,11110.0,0.9826050400733948,0.42627631908693125,0.06307592147435898,2.5925660279395855,0.26357484915208107,156.0,0.10207935184909711,0.2483346236797601,9.910620961587105,0.05730863904422938,11110.0,0.9999886751174927,0.4062669890797895,0.057967748397435896,2.4387776748896557,0.23919309667618668,156.0
socofing:000598:right_little,000598,right_little,899,central_missing,0.20,13049710811445073991,central_missing:13049710811445073991:0.450000,0.20001220703125,0.79998779296875,0.04587482219061166,0.9541251778093883,11248.0,0.14206393864313585,0.11202888935804367,0.13416247480883475,1.0,10732.0,0.14237793514722324,0.10654795398235188,0.20713753261274692,0.170476726371763,0.2255870294446515,0.19178631716823338,0.1324602399237124,0.28453569319026295,8.779144626558073,0.027149839608234944,10732.0,1.0,0.44857903178283137,0.05165501644736842,1.8066449191020957,0.2141900486076347,152.0,0.1042373567660272,0.2564367962516206,9.819766099248204,0.04896987909714566,10732.0,1.0,0.3574652769992949,0.053145559210526314,2.17430044913685,0.22254843714398867,152.0,0.10619353715229103,0.2568209221490433,9.7390191324047,0.05396584379538999,10732.0,1.0,0.351508442092602,0.05556126644736842,2.3226159168676013,0.23472229956418686,152.0
socofing:000598:right_little,000598,right_little,899,central_missing,0.30,13049710811445073991,central_missing:13049710811445073991:0.450000,0.29998779296875,0.70001220703125,0.09228307254623044,0.9077169274537695,11248.0,0.13365595668622413,0.10534632951021194,0.16341218588407755,0.0,10210.0,0.1375122428991185,0.10024196751466811,0.2007835455435847,0.16038714802346896,0.2238001958863859,0.1804355415264026,0.10284086778733463,0.255444818764312,9.8783426736892,0.05506440478105087,10210.0,0.996066331397742,0.3374782702623327,0.05067708333333333,1.9441315336475642,0.21195279219747984,150.0,0.10162138782924122,0.2544589129071336,9.930148782855381,0.07044704204143823,10210.0,0.9960690732114017,0.2859512826969239,0.053984375,1.9780258201759418,0.22610930283408262,150.0,0.10284086778733463,0.255444818764312,9.8783426736892,0.05506440478105087,10210.0,0.996066331397742,0.3374782702623327,0.05067708333333333,1.9441315336475642,0.21195279219747984,150.0
socofing:000598:right_little,000598,right_little,899,central_missing,0.40,13049710811445073991,central_missing:13049710811445073991:0.450000,0.4000244140625,0.5999755859375,0.17354196301564723,0.8264580369843528,11248.0,0.1569072711535281,0.1236003041267395,0.21826413279741044,1.0,9296.0,0.14543889845094665,0.11768045336514608,0.21826592082616178,0.18828872538423372,0.2430077452667814,0.21182481605726292,0.09675330413450783,0.24702048389859843,10.143341948580764,0.10744931735307792,9296.0,0.9632925386540592,0.25953041303527,0.03854348776223776,0.9881227553230384,0.16001472742118705,143.0,0.08027276593753327,0.23120005019994938,10.954317723949414,0.1060066212882127,9296.0,0.8532219491899014,0.23157555796500187,0.04993444055944056,1.394047631017248,0.2070491044933435,143.0,0.09313764681264353,0.24446794983454806,10.308747390164951,0.09849514945017222,9296.0,0.9494293909519911,0.2332879307690379,0.04859593531468531,1.4045969871715338,0.2021651881001228,143.0
socofing:000598:right_little,000598,right_little,899,central_missing,0.50,13049710811445073991,central_missing:13049710811445073991:0.450000,0.5,0.5,0.2835170697012802,0.7164829302987198,11248.0,0.1777111429895386,0.13981421291828156,0.15827156665042963,2.0,8059.0,0.155974686685693,0.13328335724215395,0.24978285147040577,0.21325337158744634,0.280804069983869,0.2399100430358771,0.103561666487489,0.25682094575592723,9.84800969626723,0.14332560718388634,8059.0,0.9462230792269111,0.16053166145260006,0.03740157480314961,0.8102240975614656,0.15556990985341998,127.0,0.07960770826556866,0.23068057425475696,10.990448783035045,0.14230356217472725,8059.0,0.8391423220746219,0.11259106435708977,0.03940083661417323,0.9668210356420699,0.16524702110300213,127.0,0.09260422165524562,0.24344767690476163,10.333692141843136,0.13697780797156947,8059.0,0.9438597541302443,0.15430219456655817,0.03109621062992126,0.6310716461897837,0.12979844810683,127.0
socofing:000598:right_little,000598,right_little,899,central_missing,0.60,13049710811445073991,central_missing:13049710811445073991:0.450000,0.5999755859375,0.4000244140625,0.4173186344238976,0.5826813655761024,11248.0,0.23230763944249566,0.1827821135520935,0.17412608921018868,2.0,6554.0,0.19499542264266098,0.17423072958187175,0.3057674702471773,0.2787691673309948,0.34833689350015257,0.31361531324736913,0.11792408408549421,0.27174898829638816,9.283974882275691,0.1529815749506399,6554.0,0.985630989074707,0.11650703332491337,0.03147536057692308,0.6743049667092488,0.13072774948730942,104.0,0.08594049049596052,0.23930856057679747,10.658021719567332,0.15571317652704555,6554.0,0.8614710494875908,0.07909157765812315,0.032827524038461536,0.7091456458757022,0.1396301657224107,104.0,0.11043447980644186,0.26428174291485007,9.568953101957451,0.13593624236805982,6554.0,0.9708697786554694,0.16399727496407027,0.03680889423076923,0.8079834282118663,0.15472766817808853,104.0
socofing:000598:right_little,000598,right_little,899,central_missing,0.70,13049710811445073991,central_missing:13049710811445073991:0.450000,0.70001220703125,0.29998779296875,0.5630334281650071,0.4369665718349929,11248.0,0.2178723130762961,0.17129500210285187,0.170817166775318,1.0,4915.0,0.17822990844354017,0.16340423480722208,0.2893184130213632,0.26144677569155533,0.3249237029501526,0.29412762265299974,0.1223875455633703,0.2783968645222826,9.122627747419678,0.14377814491331792,4915.0,0.9817681908607483,0.10568778840058349,0.028645833333333332,0.5462313855183978,0.12347332558700994,78.0,0.08926414346543968,0.24328017773567145,10.493229579345268,0.17751044938868873,4915.0,0.9045351725071669,0.07564536131419299,0.032151442307692304,0.6916782505373315,0.13681452688337553,78.0,0.11304051541344382,0.26563457227136755,9.467658709692621,0.1768212360261744,4915.0,0.9455032935366035,0.1229563151735256,0.027544070512820512,0.5568254181380219,0.11738220276291113,78.0
socofing:000598:right_little,000598,right_little,899,central_missing,0.80,13049710811445073991,central_missing:13049710811445073991:0.450000,0.79998779296875,0.20001220703125,0.7086593172119487,0.29134068278805125,11248.0,0.25657075231866616,0.20254763960838318,0.19107114215783613,1.0,3277.0,0.21666158071406774,0.19242806423899966,0.3390296002441257,0.30788490278239944,0.3841928593225511,0.3463705156301994,0.13853067841900144,0.29306463758069834,8.58454038926627,0.15984360013028157,3277.0,0.9899361124262214,0.22911679026891463,0.033322704081632654,0.6779119866619543,0.14532586159797126,49.0,0.0916299667543262,0.2438060012160038,10.379624710080016,0.19720681576698082,3277.0,0.8876977376639843,0.1279937924273725,0.033880739795918366,0.7052354693379069,0.14724022985694557,49.0,0.11205331940595162,0.25720519401905517,9.505752736373074,0.21257960337187087,3277.0,0.9478692999109626,0.07118368861677615,0.039142219387755105,0.8458145014286191,0.17058420934916685,49.0
socofing:000598:right_little,000598,right_little,899,peripheral_only,0.10,12390541442578264948,peripheral_only:12390541442578264948:0.450000,0.0999755859375,0.9000244140625,0.13433499288762446,0.8656650071123755,11248.0,0.2202095621267416,0.17377632856369019,0.26737197790359174,2.0,9737.0,0.19379685734825922,0.1651571715950562,0.3032761630892472,0.26425147455208986,0.3399404333983773,0.29728290887110115,0.12665255726474853,0.2724517951799329,8.973860368662738,0.17487545865914902,9737.0,0.9994162321090698,0.12798967980352083,0.031145134228187918,0.6628112807472236,0.13297241201691426,149.0,0.08352409853465509,0.2289842810760887,10.781882029515806,0.18064113118732184,9737.0,0.963043212890625,0.08465137611130592,0.028261325503355705,0.6137997808185149,0.11864876945881749,149.0,0.1034018812453952,0.24727191423833342,9.854715598198132,0.16201233996800396,9737.0,0.968503950163722,0.16527468544408738,0.026688338926174497,0.5288505534192958,0.11104377393746935,149.0
socofing:000598:right_little,000598,right_little,899,peripheral_only,0.20,12390541442578264948,peripheral_only:12390541442578264948:0.450000,0.20001220703125,0.79998779296875,0.24955547652916074,0.7504445234708392,11248.0,0.1854767389585211,0.14638903737068176,0.23992176419032926,0.0,8441.0,0.16704181968961024,0.13910755421889082,0.2670299727520436,0.22257208675022533,0.29866129605496977,0.2503935975940034,0.09425610012372415,0.23701634553460033,10.256905332776858,0.18593473195961974,8441.0,0.9720045905560255,0.13742151992436363,0.03125,0.6542780018007941,0.13291318168349167,131.0,0.08170230499890432,0.2248604101937729,10.877656909071936,0.1892888692133268,8441.0,0.8971517793834209,0.08517171540970976,0.02701574427480916,0.5524423944666503,0.11511324612865391,131.0,0.09425610012372415,0.23701634553460033,10.256905332776858,0.18593473195961974,8441.0,0.9720045905560255,0.13742151992436363,0.03125,0.6542780018007941,0.13291318168349167,131.0
socofing:000598:right_little,000598,right_little,899,peripheral_only,0.30,12390541442578264948,peripheral_only:12390541442578264948:0.450000,0.29998779296875,0.70001220703125,0.3536628733997155,0.6463371266002844,11248.0,0.2204915376799416,0.17383329570293427,0.272914657430982,0.0,7270.0,0.18308115543328748,0.1653686532599562,0.2863823933975241,0.26458984521592993,0.32352132049518567,0.29766357586792114,0.09853402137988995,0.2437656402505263,10.064137923807085,0.20796491087329697,7270.0,0.9633947010152042,0.12826253566803011,0.024820243362831857,0.5331746793494971,0.1093618145227906,113.0,0.08665291720771752,0.23509634318185055,10.622168119934777,0.19710404458298947,7270.0,0.9248253703117371,0.09683519048645245,0.026894358407079644,0.5650490840393465,0.1148641530217991,113.0,0.09853402137988995,0.2437656402505263,10.064137923807085,0.20796491087329697,7270.0,0.9633947010152042,0.12826253566803011,0.024820243362831857,0.5331746793494971,0.1093618145227906,113.0
socofing:000598:right_little,000598,right_little,899,peripheral_only,0.40,12390541442578264948,peripheral_only:12390541442578264948:0.450000,0.4000244140625,0.5999755859375,0.4547475106685633,0.5452524893314368,11248.0,0.18506649304514403,0.14582669734954834,0.2956526192942434,0.0,6133.0,0.17952062612098485,0.13879986978385803,0.27099298874938854,0.22207979165417283,0.3047448230882113,0.24983976561094445,0.09105457947938166,0.2350027479959347,10.406982070067723,0.2343229822176648,6133.0,0.9455001354217529,0.1911953516624758,0.025154532967032968,0.4873386068826671,0.111362482539603,91.0,0.07459242519981851,0.21525519625577616,11.27305272540033,0.2539740421686961,6133.0,0.8749622628092766,0.15024793684730006,0.020389766483516484,0.4129572991123288,0.0900337611650826,91.0,0.09105457947938166,0.2350027479959347,10.406982070067723,0.2343229822176648,6133.0,0.9455001354217529,0.1911953516624758,0.025154532967032968,0.4873386068826671,0.111362482539603,91.0
socofing:000598:right_little,000598,right_little,899,peripheral_only,0.50,12390541442578264948,peripheral_only:12390541442578264948:0.450000,0.5,0.5,0.5554765291607396,0.44452347083926036,11248.0,0.2164600733399391,0.1708705872297287,0.33162540432107457,1.0,5000.0,0.1918,0.16234505500495433,0.3046,0.259752088007927,0.3408,0.2922210990089178,0.12161378390772563,0.265575797799509,9.150171986175247,0.2582071332789825,5000.0,0.9974547028541565,0.13562453947324557,0.024966032608695652,0.6139576067783485,0.11063943446373428,69.0,0.08182428179635022,0.22571938153570517,10.871177979753613,0.2883120773585401,5000.0,0.8525987844914198,0.15430248802355,0.026437952898550724,0.6266444151761285,0.11851632973911679,69.0,0.09129081576195415,0.2325787670458667,10.395729121101173,0.27972278477293994,5000.0,0.9104397892951965,0.19247248879670112,0.022871376811594204,0.4347833185225146,0.10379881086227948,69.0
socofing:000598:right_little,000598,right_little,899,peripheral_only,0.60,12390541442578264948,peripheral_only:12390541442578264948:0.450000,0.5999755859375,0.4000244140625,0.6541607396870555,0.34583926031294454,11248.0,0.2066701157131865,0.1629416048526764,0.3555195040093251,0.0,3890.0,0.1827763496143959,0.1550025867848899,0.28431876606683804,0.24800413885582384,0.31825192802056557,0.2790046562128018,0.1058383701962617,0.24691472168363018,9.753568564643567,0.28003379215961766,3890.0,0.9597616773098707,0.07242345171956233,0.025465745192307692,0.5446673582350547,0.11670064204223249,52.0,0.08121765642005535,0.22371574042467904,10.903495464702415,0.2970655564516441,3890.0,0.7936268439516425,0.06375508127526647,0.031325120192307696,0.760737251494822,0.14102168990159153,52.0,0.1058383701962617,0.24691472168363018,9.753568564643567,0.28003379215961766,3890.0,0.9597616773098707,0.07242345171956233,0.025465745192307692,0.5446673582350547,0.11670064204223249,52.0
socofing:000598:right_little,000598,right_little,899,peripheral_only,0.70,12390541442578264948,peripheral_only:12390541442578264948:0.450000,0.70001220703125,0.29998779296875,0.7473328591749644,0.2526671408250356,11248.0,0.2100519649011552,0.16607947647571564,0.2955711599675957,1.0,2842.0,0.193173821252639,0.15753897367586644,0.288881069669247,0.2520623578813863,0.33286418015482055,0.28357015261655955,0.1155380707809822,0.2601232997747695,9.372748884491745,0.2842118219942872,2842.0,0.9582419954240322,0.053206109806196084,0.028103298611111112,0.562611678264618,0.13019950539949188,36.0,0.08352499035290416,0.22669731083464986,10.7818356585063,0.32896698116745976,2842.0,0.9384042583405972,0.06495695468683278,0.023111979166666668,0.46888074754414866,0.10638081330835802,36.0,0.10683586923014063,0.24815146731396903,9.712829121635542,0.3255050721099431,2842.0,0.9468629341572523,0.15862094074957997,0.026041666666666668,0.5234935809308721,0.12147479526965196,36.0
socofing:000598:right_little,000598,right_little,899,peripheral_only,0.80,12390541442578264948,peripheral_only:12390541442578264948:0.450000,0.79998779296875,0.20001220703125,0.8336593172119487,0.16634068278805125,11248.0,0.263363606201738,0.20895516872406006,0.29306481918957156,1.0,1871.0,0.225013361838589,0.1975227046513035,0.35649385355424906,0.3160363274420856,0.4072688401924105,0.3555408683723463,0.13455604729275272,0.27971611285053555,8.710967791573383,0.2359518719178502,1871.0,0.9866178035736084,0.21503966129344942,0.03170072115384615,0.6333693334903974,0.1496164333919177,26.0,0.08821584618741948,0.23526916518421143,10.544533956661333,0.30998434028145844,1871.0,0.8868528418242931,0.10923780239345288,0.033203125,0.6275227459898939,0.16005751199087237,26.0,0.127860604867621,0.2706449139890132,8.93263245389025,0.2964173013262245,1871.0,0.9897733926773071,0.13047802038668255,0.020432692307692308,0.4320088636245457,0.09595354999487381,26.0
socofing:000598:right_little,000598,right_little,899,central_only,0.10,9384910035624478748,central_only:9384910035624478748:0.450000,0.0999755859375,0.9000244140625,0.14562588904694168,0.8543741109530583,11248.0,0.28014281336276264,0.22177353501319885,0.2283279609611805,1.0,9610.0,0.2518210197710718,0.210107110022072,0.39167533818938605,0.33617137603531516,0.4388137356919875,0.37819279803972955,0.13621433325901494,0.28930033419812323,8.657771910445348,0.10913316567359448,9610.0,0.9671914577484131,0.17779703681998874,0.03317522321428571,0.8189582708387323,0.13944980403646984,140.0,0.08879691633632086,0.23542498892781777,10.51602115768395,0.1286174031658723,9610.0,0.9289044700562954,0.1533690282770499,0.03415178571428571,0.8754162251488734,0.14537644117779977,140.0,0.12886810064903761,0.2710130507704045,8.89854572379695,0.08560021872922476,9610.0,0.9993131756782532,0.1825007499297872,0.034905133928571426,1.1686419404181565,0.145306950675935,140.0
socofing:000598:right_little,000598,right_little,899,central_only,0.20,9384910035624478748,central_only:9384910035624478748:0.450000,0.20001220703125,0.79998779296875,0.2913406827880512,0.7086593172119489,11248.0,0.29276884578229767,0.23161596059799194,0.22385561976306634,1.0,7971.0,0.22519131852967006,0.21957663433672328,0.3544097352904278,0.3513226149387573,0.40471709948563545,0.39523794180610194,0.1660580030020287,0.31789967336584074,7.797401891660755,0.11268207176765765,7971.0,0.9980852603912354,0.2075140551141177,0.03203125,0.6137381398970599,0.1350398732925293,115.0,0.09853072460063429,0.2524610167388408,10.064283233718482,0.14500130212871035,7971.0,0.9675598125904799,0.17541328438643555,0.028872282608695652,0.7046387190099568,0.12077712355703044,115.0,0.13121130407833398,0.2737374575569125,8.820287481359292,0.15013586135390578,7971.0,0.9928898811340332,0.16779073311022646,0.0352241847826087,0.8768370576951073,0.1494864397950736,115.0
socofing:000598:right_little,000598,right_little,899,central_only,0.30,9384910035624478748,central_only:9384910035624478748:0.450000,0.29998779296875,0.70001220703125,0.4369665718349929,0.5630334281650071,11248.0,0.29735246352932565,0.23557816445827484,0.27220897738362004,0.0,6333.0,0.2483814937628296,0.22301434764699427,0.37470393178588346,0.3568229562351908,0.42570661613769145,0.40142582576458957,0.11392431981901623,0.2537947676296599,9.433835556770894,0.16479514965328587,6333.0,0.9803079348057508,0.17997760755859557,0.0341796875,0.8238599724541329,0.1412505008673822,84.0,0.08098502956846043,0.22991356599042725,10.915952549077018,0.2255984955762541,6333.0,0.8892859779298306,0.08087761761227824,0.029994419642857144,0.6075485602329677,0.126412697599331,84.0,0.11392431981901623,0.2537947676296599,9.433835556770894,0.16479514965328587,6333.0,0.9803079348057508,0.17997760755859557,0.0341796875,0.8238599724541329,0.1412505008673822,84.0
socofing:000598:right_little,000598,right_little,899,central_only,0.40,9384910035624478748,central_only:9384910035624478748:0.450000,0.4000244140625,0.5999755859375,0.5826813655761024,0.4173186344238976,11248.0,0.2498679282126517,0.1985144317150116,0.29999077614833747,0.0,4694.0,0.18512995313165745,0.18740094615948877,0.2912228376651044,0.29984151385518204,0.32552194290583725,0.3373217030870797,0.09742458799395512,0.23283722475427035,10.1133142215144,0.27037398969711046,4694.0,0.9848015308380127,0.07376572351535074,0.02229420731707317,0.39883108924297656,0.09441108676476287,41.0,0.08809407096496337,0.23976295150256535,10.550533201219919,0.2692574774515094,4694.0,0.8656740486621857,0.07938581144244745,0.02696265243902439,0.5235710775960858,0.11055652588110117,41.0,0.09742458799395512,0.23283722475427035,10.1133142215144,0.27037398969711046,4694.0,0.9848015308380127,0.07376572351535074,0.02229420731707317,0.39883108924297656,0.09441108676476287,41.0
socofing:000598:right_little,000598,right_little,899,central_only,0.50,9384910035624478748,central_only:9384910035624478748:0.450000,0.5,0.5,0.7276849217638691,0.2723150782361309,11248.0,0.21600660510804712,0.17161878943443298,0.4962113281202114,2.0,3063.0,0.19686581782566112,0.16200495383103533,0.29546196539340513,0.2592079261296565,0.3287626509957558,0.2916089168958636,0.10244862857122838,0.23264197736170958,9.894938509078262,0.30233480306384214,3063.0,0.9874909818172455,0.08375533811684709,0.03342013888888889,0.7588047853377902,0.13485801347985238,9.0,0.061082395051144975,0.18931251233173008,12.140839425209293,0.35389348678983557,3063.0,0.8736227005720139,0.06623832086859277,0.026041666666666668,0.5195189994830287,0.1115003682132946,9.0,0.0745155775351219,0.19117037551930594,11.277529281865135,0.32236616842250426,3063.0,0.9571257829666138,0.12377861999938505,0.025607638888888888,0.4662218347843576,0.1106868532133452,9.0
socofing:000598:right_little,000598,right_little,899,central_only,0.60,9384910035624478748,central_only:9384910035624478748:0.450000,0.5999755859375,0.4000244140625,0.8548186344238976,0.1451813655761024,11248.0,0.13037431639149422,0.10429676622152328,0.6161743532488477,0.0,1633.0,0.15799142682180037,0.09778073729362068,0.2314758113900796,0.15644917966979308,0.25780771586037965,0.1760053271285172,0.0457014934369647,0.13853636203791128,13.400696077893322,0.42357498926927123,1633.0,0.9040687680244446,0.14230558032608662,0.0263671875,0.46008493397522565,0.10329941478709084,4.0,0.038624565395299605,0.13495488540969208,14.131363942333891,0.4462989637962015,1633.0,0.8258056007325649,0.13162166805464698,0.029296875,0.660183710370248,0.12540648905085525,4.0,0.0457014934369647,0.13853636203791128,13.400696077893322,0.42357498926927123,1633.0,0.9040687680244446,0.14230558032608662,0.0263671875,0.46008493397522565,0.10329941478709084,4.0
socofing:000598:right_little,000598,right_little,899,central_only,0.70,9384910035624478748,central_only:9384910035624478748:0.450000,0.70001220703125,0.29998779296875,0.9377667140825036,0.06223328591749644,11248.0,0.10243005837712969,0.08190206438302994,0.6803351153700072,1.0,700.0,0.15,0.07682254378284727,0.20714285714285716,0.12291607005255563,0.23142857142857143,0.1382805788091251,0.05012166334433744,0.1412295841878014,12.999745248829836,0.417853118312929,700.0,0.904760330915451,0.11330315825650789,nan,nan,nan,0.0,0.03246752372686681,0.1184303628041276,14.885508334179642,0.4626865119876111,700.0,0.7621200680732727,0.07521146535305719,nan,nan,nan,0.0,0.03466650147177529,0.11612667735399944,14.60089984942056,0.46939463654658264,700.0,0.7658251523971558,0.07525635685133313,nan,nan,nan,0.0
socofing:000598:right_little,000598,right_little,899,central_only,0.80,9384910035624478748,central_only:9384910035624478748:0.450000,0.79998779296875,0.20001220703125,0.9736842105263158,0.02631578947368418,11248.0,0.17925288038210827,0.14442917704582214,0.6807909604519774,0.0,296.0,0.23986486486486486,0.1344396602865812,0.3344594594594595,0.21510345645852993,0.3614864864864865,0.24199138851584617,0.031048637764427713,0.10722942431331486,15.079574494123658,0.3884516016403426,296.0,0.6665692329406738,0.24181985245942808,nan,nan,nan,0.0,0.040942371712911506,0.1462852721027023,13.878270031000897,0.3063547463390416,296.0,0.6110470592975616,0.35544470024950253,nan,nan,nan,0.0,0.031048637764427713,0.10722942431331486,15.079574494123658,0.3884516016403426,296.0,0.6665692329406738,0.24181985245942808,nan,nan,nan,0.0
socofing:000598:right_little,000598,right_little,899,disconnected_fragments,0.10,3808363242724659199,disconnected_fragments:3808363242724659199:0.450000,0.0999755859375,0.9000244140625,0.10055120910384069,0.8994487908961593,11248.0,0.15421602650453206,0.12143615633249283,0.1642586555256206,1.0,10117.0,0.13492141939310073,0.11566201987839904,0.20747257092023327,0.18505923180543848,0.23534644657507167,0.20819163578111827,0.10113652089483743,0.25318010087720877,9.950919902146694,0.09005772867182214,10117.0,0.9723752737045288,0.5262410032129946,0.035341005067567564,0.9312580040125242,0.1516655412568187,148.0,0.08344708766715364,0.23394006620137026,10.78588815751128,0.11460860591437691,10117.0,0.873448483645916,0.446939133740123,0.04017103040540541,1.3064064839797436,0.1771924006393232,148.0,0.09110964111029211,0.24080775102518157,10.404356640867649,0.11320290240020232,10117.0,0.8882695138454437,0.4184744234390074,0.03689822635135135,0.8794255328251821,0.16122231659865138,148.0
socofing:000598:right_little,000598,right_little,899,disconnected_fragments,0.20,3808363242724659199,disconnected_fragments:3808363242724659199:0.450000,0.20001220703125,0.79998779296875,0.18589971550497866,0.8141002844950214,11248.0,0.16797817870581278,0.13222308456897736,0.21225492610005428,2.0,9157.0,0.1224200065523643,0.12598363402935958,0.19515125040952278,0.20157381444697534,0.22376324123621275,0.22677054125284724,0.10307020681694716,0.26119436072611785,9.86866852513531,0.1374767440121039,9157.0,0.9546558856964111,0.4085990072390361,0.03766741071428571,0.9910722157383239,0.16533166099225868,140.0,0.08311112219481488,0.23945403640766982,10.80340853657324,0.13700415478777636,9157.0,0.8026446690782905,0.28709530881627493,0.03953683035714286,1.430901170701559,0.17192659121213305,140.0,0.09838554137367114,0.2495071269310193,10.070687202984086,0.12694471159318635,9157.0,0.9946078062057495,0.4352481647884779,0.03992745535714286,1.0635064181294576,0.17279246945313134,140.0
socofing:000598:right_little,000598,right_little,899,disconnected_fragments,0.30,3808363242724659199,disconnected_fragments:3808363242724659199:0.450000,0.29998779296875,0.70001220703125,0.28218349928876246,0.7178165007112376,11248.0,0.16416869107850685,0.12928476929664612,0.2854444460718392,2.0,8074.0,0.12410205598216498,0.12312651830888013,0.20039633391132028,0.1970024292942082,0.22491949467426306,0.22162773295598426,0.11637118465215027,0.26454037094874233,9.341545445642453,0.11522316896816792,8074.0,0.9907617568969727,0.35370449505278684,0.033219818376068376,0.8148038752889534,0.1491842275822952,117.0,0.08471659076414315,0.2356609910346936,10.720315297904648,0.16221308358132935,8074.0,0.8913488369435072,0.2691106778878922,0.032885950854700856,0.794132321486335,0.14678060200945003,117.0,0.08901552802215659,0.23872674750444448,10.505342276684697,0.17492878928345482,8074.0,0.8852894268929958,0.3475634816228301,0.031650641025641024,0.8024003507121721,0.14237257202290765,117.0
socofing:000598:right_little,000598,right_little,899,disconnected_fragments,0.40,3808363242724659199,disconnected_fragments:3808363242724659199:0.450000,0.4000244140625,0.5999755859375,0.3927809388335704,0.6072190611664297,11248.0,0.18512625819651193,0.1457042545080185,0.27945420935587023,2.0,6830.0,0.15197657393850658,0.13884469364738394,0.23894582723279648,0.2221515098358143,0.271303074670571,0.24992044856529105,0.10371451053344508,0.253696721449418,9.841604779046568,0.1792436210297362,6830.0,0.9564744792878628,0.25266885924122146,0.02849014945652174,0.7384432944824119,0.129003511150023,92.0,0.07631451953439473,0.22274043394462648,11.17392825691702,0.20168547246656843,6830.0,0.8977784509770572,0.2663286360766505,0.031037703804347828,0.9851323799719378,0.14024929321086055,92.0,0.09471851727474039,0.23698840804730772,10.235651090210553,0.19942007653320307,6830.0,0.9791903486475348,0.3965336436875267,0.026961616847826088,0.5957150380681488,0.12191119676454475,92.0
socofing:000598:right_little,000598,right_little,899,disconnected_fragments,0.50,3808363242724659199,disconnected_fragments:3808363242724659199:0.450000,0.5,0.5,0.5035561877667141,0.49644381223328593,11248.0,0.19607387459280953,0.1544550359249115,0.2536566491621055,0.0,5584.0,0.1414756446991404,0.14705540594460714,0.2294054441260745,0.2352886495113714,0.26199856733524357,0.26469973070029285,0.10178976476937696,0.25196140407291734,9.92295889265042,0.14522900779093967,5584.0,0.9392598266713321,0.16579479040194772,0.03390842013888889,0.771978105237437,0.15993586600456192,72.0,0.08811771183415361,0.24188298620847334,10.549367887648346,0.17024409564668597,5584.0,0.8970981230959296,0.30642128648690486,0.022623697916666668,0.5614081718995579,0.10673130708925498,72.0,0.10178976476937696,0.25196140407291734,9.92295889265042,0.14522900779093967,5584.0,0.9392598266713321,0.16579479040194772,0.03390842013888889,0.771978105237437,0.15993586600456192,72.0
socofing:000598:right_little,000598,right_little,899,disconnected_fragments,0.60,3808363242724659199,disconnected_fragments:3808363242724659199:0.450000,0.5999755859375,0.4000244140625,0.609975106685633,0.39002489331436696,11248.0,0.24981907951859897,0.1966356635093689,0.2703494848549429,1.0,4387.0,0.19101891953498976,0.18736430963894923,0.2986095281513563,0.2997828954223188,0.34283109186232047,0.3372557573501086,0.1219864187675937,0.2756988861644142,9.136885183630989,0.11787522029101748,4387.0,0.9730463605374098,0.21424299957148152,0.027134486607142856,0.7071636514847996,0.12716964554918003,56.0,0.09213239645943487,0.24562833021565378,10.355876322392788,0.1496064372009137,4387.0,0.8661775514483452,0.19246423616330544,0.0263671875,0.7315926022639407,0.12331286803791208,56.0,0.11846914070845219,0.26444636826053797,9.263947615980769,0.18233762542019152,4387.0,0.9760445058345795,0.29640414633972195,0.03864397321428571,1.0136414818511084,0.18386396405260913,56.0
socofing:000598:right_little,000598,right_little,899,disconnected_fragments,0.70,3808363242724659199,disconnected_fragments:3808363242724659199:0.450000,0.70001220703125,0.29998779296875,0.710348506401138,0.289651493598862,11248.0,0.25579233783165173,0.20178227126598358,0.22775036300856247,0.0,3258.0,0.19797421731123388,0.1918442533737388,0.3198281154082259,0.3069508053979821,0.3621853898096992,0.34531965607272985,0.12577374689608853,0.27834911344537455,9.00410000925888,0.14643081701494806,3258.0,0.9587115030735731,0.2656420542483984,0.02298328488372093,0.5509008152900877,0.1079289436626622,43.0,0.0947045975003859,0.24909626551034206,10.236289373580515,0.16858855950579063,3258.0,0.8569131419062614,0.15682080660406345,0.02616279069767442,0.6857890432224825,0.12431989782845197,43.0,0.12577374689608853,0.27834911344537455,9.00410000925888,0.14643081701494806,3258.0,0.9587115030735731,0.2656420542483984,0.02298328488372093,0.5509008152900877,0.1079289436626622,43.0
socofing:000598:right_little,000598,right_little,899,disconnected_fragments,0.80,3808363242724659199,disconnected_fragments:3808363242724659199:0.450000,0.79998779296875,0.20001220703125,0.8007645803698435,0.19923541963015645,11248.0,0.24535656424836885,0.19415730237960815,0.27349760965616,0.0,2241.0,0.2034805890227577,0.18401742318627665,0.31459170013386883,0.29442787709804263,0.356537260151718,0.33123136173529794,0.11994386800464248,0.25922726809173086,9.210219499455834,0.20173892384812936,2241.0,0.977227509021759,0.08199129448486317,0.017447916666666667,0.3779349865500012,0.08321736299938284,30.0,0.08991040757084696,0.23827684183425482,10.461900336396797,0.23074549576286757,2241.0,0.8963151276111603,0.11147964631402697,0.017317708333333334,0.3879960591271116,0.08157051694510577,30.0,0.11994386800464248,0.25922726809173086,9.210219499455834,0.20173892384812936,2241.0,0.977227509021759,0.08199129448486317,0.017447916666666667,0.3779349865500012,0.08321736299938284,30.0
socofing:000598:right_little,000598,right_little,899,stripes,0.10,3557596909311297356,stripes:3557596909311297356:0.450000,0.0999755859375,0.9000244140625,0.06516714082503557,0.9348328591749644,11248.0,0.18396931282029247,0.14477676153182983,0.18822966706682573,2.0,10515.0,0.1605325725154541,0.13797698461521937,0.24907275320970043,0.22076317538435097,0.27931526390870187,0.24835857230739486,0.1134688149705697,0.2658224534879284,9.451234807363281,0.06744903963804348,10515.0,0.9711070647463202,0.5479331419338936,0.039635416666666666,0.8950742835817992,0.17019236148328837,150.0,0.09012559607880263,0.24245511177100004,10.451518498966069,0.06935495228080976,10515.0,0.9382160883396864,0.48327150829040955,0.04473958333333333,1.1006308522082464,0.1870285725709035,150.0,0.1061255795153045,0.2590243239531447,9.741799252086574,0.047663257617511647,10515.0,0.9960131645202637,0.5294048743785421,0.047265625,1.3977224167150069,0.197840187984341,150.0
socofing:000598:right_little,000598,right_little,899,stripes,0.20,3557596909311297356,stripes:3557596909311297356:0.450000,0.20001220703125,0.79998779296875,0.13931365576102417,0.8606863442389758,11248.0,0.13101692301993142,0.10349820554256439,0.22449880396721572,0.0,9681.0,0.1301518438177874,0.09826269226494856,0.18841028819336844,0.1572203076239177,0.20679681851048445,0.1768728460769074,0.10391572666427931,0.2510651415004224,9.833187210986368,0.059964617130813316,9681.0,0.9951241607777774,0.45892793807552285,0.045157358156028365,1.6044844053427696,0.1870617611453743,141.0,0.09717545095575486,0.24606820520197506,10.124434352900431,0.06334623944320956,9681.0,0.9799358230084181,0.5932851411680709,0.0456283244680851,1.6558231356432171,0.18572173460530567,141.0,0.10391572666427931,0.2510651415004224,9.833187210986368,0.059964617130813316,9681.0,0.9951241607777774,0.45892793807552285,0.045157358156028365,1.6044844053427696,0.1870617611453743,141.0
socofing:000598:right_little,000598,right_little,899,stripes,0.30,3557596909311297356,stripes:3557596909311297356:0.450000,0.29998779296875,0.70001220703125,0.237375533428165,0.762624466571835,11248.0,0.17986962192725808,0.14149002730846405,0.21280563857157647,2.0,8578.0,0.1355793891349965,0.13490221644544356,0.21391932851480533,0.21584354631270972,0.24259734203777103,0.2428239896017984,0.10385401079918309,0.2576093555496596,9.83576726530734,0.1006781240557387,8578.0,0.9732367377728224,0.511973248251942,0.03335813492063492,0.6836488406116781,0.14444792038961873,126.0,0.09025551712904306,0.24567837395277947,10.445262411069045,0.08428582165975734,8578.0,0.9534615259617567,0.5160223054573541,0.03968253968253968,0.9780242265219952,0.16804677770861107,126.0,0.10255350345324417,0.2549308490640108,9.890494985874547,0.08491123943430613,8578.0,0.9596433620899916,0.584565583526413,0.037543402777777776,0.8151516952719413,0.15808412984869702,126.0
socofing:000598:right_little,000598,right_little,899,stripes,0.40,3557596909311297356,stripes:3557596909311297356:0.450000,0.4000244140625,0.5999755859375,0.34575035561877665,0.6542496443812233,11248.0,0.15471893178545681,0.12204517424106598,0.20768330752963532,1.0,7359.0,0.13167549938850387,0.11603919883909262,0.20926756352765322,0.18566271814254823,0.23562984101100692,0.20887055791036674,0.10214555966158534,0.24853894655392908,9.907805077039312,0.16134798622831995,7359.0,0.9954611654393375,0.12464419750198232,0.033956962719298246,0.8518300978030109,0.14749050746816822,114.0,0.07998904579881103,0.22703194772116694,10.969694839438784,0.18190264278500123,7359.0,0.9952485556714237,0.10171730601080038,0.03378563596491228,0.8583559432104104,0.1434346830292286,114.0,0.08360803184136258,0.23212326330529282,10.77751999871618,0.18779225675108208,7359.0,0.9956724043004215,0.11189183559214991,0.0380688048245614,1.0351891745321153,0.15695323767167021,114.0
socofing:000598:right_little,000598,right_little,899,stripes,0.50,3557596909311297356,stripes:3557596909311297356:0.450000,0.5,0.5,0.4632823613086771,0.5367176386913228,11248.0,0.1822020884682042,0.14356693625450134,0.23353722796293575,1.0,6037.0,0.1658108331952957,0.13665156635115316,0.2678482690077853,0.21864250616184505,0.29932085472917014,0.24597281943207563,0.0943919984985459,0.23612678919645624,10.250648187867881,0.23348452383319754,6037.0,0.9507034416310489,0.07294365121007108,0.033804086538461536,0.7841945229885089,0.14268311351831714,104.0,0.07041918674592866,0.2103941119022986,11.523089947982829,0.2939163335411542,6037.0,0.8726412020623684,0.05296779506313987,0.024338942307692308,0.4851201156600228,0.10484101958287566,104.0,0.08630127502405809,0.22775720432269575,10.639827879253207,0.24501597641622483,6037.0,0.915437575429678,0.058652898818298445,0.026104266826923076,0.5536005604074569,0.1093269548826644,104.0
socofing:000598:right_little,000598,right_little,899,stripes,0.60,3557596909311297356,stripes:3557596909311297356:0.450000,0.5999755859375,0.4000244140625,0.5832147937411095,0.4167852062588905,11248.0,0.16992680930592907,0.1338852047920227,0.29876715289221883,2.0,4688.0,0.17534129692832764,0.1274451069794468,0.28455631399317405,0.20391217116711488,0.3174061433447099,0.22940119256300429,0.0942967851657705,0.23019991064896733,10.255031132920003,0.3083008517702936,4688.0,0.98401939868927,0.048170069108399695,0.026506696428571428,0.5070440706425509,0.10989205567129433,70.0,0.0693252708117782,0.201086871094927,11.591084252217028,0.34321658413799017,4688.0,0.8815589472651482,0.03806826549200746,0.023939732142857145,0.47300809471823707,0.09616110583526262,70.0,0.08066119271345008,0.21355034047592694,10.933353604955194,0.31840791790406875,4688.0,0.9422691464424133,0.04316758498167507,0.025669642857142856,0.48930177048706563,0.10555506848861114,70.0
socofing:000598:right_little,000598,right_little,899,stripes,0.70,3557596909311297356,stripes:3557596909311297356:0.450000,0.70001220703125,0.29998779296875,0.7054587482219061,0.29454125177809387,11248.0,0.14866543483033676,0.1173894926905632,0.31542779978624774,1.0,3313.0,0.157259281617869,0.11149907612275257,0.24992453969212194,0.1783985217964041,0.28312707515846663,0.20069833702095463,0.08170109509563495,0.20937744705071135,10.877721222827127,0.34234632075130733,3313.0,0.9892074461095035,0.0327521076535646,0.0259765625,0.4538949541585414,0.10431829628695541,40.0,0.06671004838998416,0.19119376128827864,11.758087443197525,0.3844064370289878,3313.0,0.9647558918222785,0.022870408040746498,0.026953125,0.6188176416840248,0.10906467391941281,40.0,0.07805308262205225,0.20532523212128495,11.076099402721571,0.370968909916484,3313.0,0.951996024698019,0.03293575859640537,0.02451171875,0.4373554064199293,0.09959761232559147,40.0
socofing:000598:right_little,000598,right_little,899,stripes,0.80,3557596909311297356,stripes:3557596909311297356:0.450000,0.79998779296875,0.20001220703125,0.8292140825035562,0.17078591749644378,11248.0,0.1415512198564515,0.1119428426027298,0.37722004749520743,0.0,1921.0,0.15825091098386257,0.10616341489233865,0.23997917751171266,0.1698614638277418,0.27225403435710566,0.19109414680620954,0.058594352736144745,0.17472082530625865,12.32144238823458,0.44823042091406035,1921.0,0.8248167559504509,0.018523617306761726,0.021998355263157895,0.37353515956420674,0.09307648186957214,19.0,0.056217126345579,0.17539445409708343,12.501313580198401,0.45323421861095087,1921.0,0.8185283504426479,0.02580588531589476,0.024876644736842105,0.455963456449459,0.10503349220144126,19.0,0.058594352736144745,0.17472082530625865,12.32144238823458,0.44823042091406035,1921.0,0.8248167559504509,0.018523617306761726,0.021998355263157895,0.37353515956420674,0.09307648186957214,19.0
socofing:000598:right_little,000598,right_little,899,severe_partial,0.10,14509418497494867028,severe_partial:14509418497494867028:0.200000,0.0999755859375,0.9000244140625,0.14562588904694168,0.8543741109530583,11248.0,0.27853014942800014,0.22155454754829407,0.21254575875112877,1.0,9610.0,0.22736732570239335,0.20889761207100008,0.35359001040582727,0.33423617931360017,0.3977107180020812,0.3760157017278001,0.14200121593279175,0.29180767683469294,8.477079368096131,0.14878574572936543,9610.0,0.9995517730712891,0.14084408892191158,0.03405172413793103,0.7439506806555031,0.14658165395522801,145.0,0.09821924302999709,0.24950780623568694,10.078034172738716,0.16465825148898064,9610.0,0.9549130797386169,0.11880370883910173,0.03566810344827586,0.8376568122285579,0.15317370016551435,145.0,0.14231601808759747,0.29013251365268067,8.467462160397602,0.1342544954760081,9610.0,0.9994134902954102,0.2585214901743961,0.03413254310344828,0.8133659205341807,0.14717095958251747,145.0
socofing:000598:right_little,000598,right_little,899,severe_partial,0.20,14509418497494867028,severe_partial:14509418497494867028:0.200000,0.20001220703125,0.79998779296875,0.28991820768136556,0.7100817923186344,11248.0,0.2548574548219183,0.20126870274543762,0.23518350067287017,0.0,7987.0,0.19206210091398523,0.1911430911164387,0.30549643170151497,0.30582894578630193,0.34768999624389635,0.34405756400958964,0.12931116631141668,0.27800557827700595,8.883639711904165,0.18156104773502826,7987.0,0.9866983285173774,0.15100841055966654,0.02843070652173913,0.7117977536853889,0.12432239353959376,115.0,0.09718668835224768,0.2517619996457099,10.123932162575649,0.1902992784121201,7987.0,0.9084021933376789,0.12336148660526361,0.028023097826086956,0.5752591400411445,0.1217350758329489,115.0,0.12931116631141668,0.27800557827700595,8.883639711904165,0.18156104773502826,7987.0,0.9866983285173774,0.15100841055966654,0.02843070652173913,0.7117977536853889,0.12432239353959376,115.0
socofing:000598:right_little,000598,right_little,899,severe_partial,0.30,14509418497494867028,severe_partial:14509418497494867028:0.200000,0.29998779296875,0.70001220703125,0.42167496443812236,0.5783250355618776,11248.0,0.23536695047063824,0.1859203428030014,0.2966041552345047,1.0,6505.0,0.1724827056110684,0.17652521285297867,0.27486548808608763,0.2824403405647659,0.31360491929285167,0.31774538313536166,0.13419909986824122,0.28464124511968886,8.722503971593284,0.18730546701766138,6505.0,0.9987735152244568,0.15031834027982158,0.03288810483870968,0.7333224922161288,0.14098252288190422,93.0,0.09251150257877994,0.24345011295318364,10.338042651429522,0.23036746984611736,6505.0,0.9144229292869568,0.10030695656436754,0.03364415322580645,0.6844942572968528,0.14670963546715948,93.0,0.11878521399506461,0.26278674190686435,9.252376155837727,0.1998688131402421,6505.0,0.9809481501579285,0.12820562233875069,0.030031922043010754,0.6215815698839479,0.13036797551582727,93.0
